step,accepted_step,attempt_step,attempt_index,attempt_number,time,dt,dt_base,dt_retry_attempts,dt_recovery_success_steps,dt_recovery_window_steps,dt_restore_attempt,dt_snap_applied,dt_snap_target_time,time_grid_error,dt_event,g,mass,lumen_mass_def,ratio,max_u,max_p,ch_converged,ch_snes_reason,ch_snes_its,ch_ksp_reason,ch_ksp_its,biot_converged,biot_iterations,biot_iterations_u,biot_iterations_tp,biot_snes_reason,biot_snes_its,biot_ksp_reason,biot_ksp_its,biot_u_snes_reason,biot_u_snes_its,biot_u_ksp_reason,biot_u_ksp_its,biot_tp_snes_reason,biot_tp_snes_its,biot_tp_ksp_reason,biot_tp_ksp_its,split_iterations,outer_omega,split_pf_increment,split_u_increment,split_theta_increment,split_p_increment,split_increment,step_failed,constraint_mismatch_max,constraint_mismatch_boundary_max,constraint_mismatch_interior_max,min_J,min_Je,J_fraction_ref_below_0_8,J_fraction_def_below_0_8,J_p01_ref,J_p05_ref,J_p01_def,J_p05_def,min_pf,max_pf,area_ref,area_def,area_ratio,domain_measure_ref,domain_measure_def,domain_measure_ratio,flow_potential_min,flow_potential_max,flow_potential_range,p_eff_min,p_eff_max,p_eff_range,theta_eq_min,theta_eq_max,theta_eq_range,storage_strain_min,storage_strain_max,storage_strain_range,source_pf_min,source_pf_max,source_pf_range,source_theta_min,source_theta_max,source_theta_range,energy_total_p,energy_total_theta,energy_total_cross,mu_elastic_l2,mu_storage_l2,lumen_n_components,lumen_component_event,lumen_total_volume,lumen_total_volume_ref,lumen_total_volume_def,lumen_interface_measure_ref,lumen_interface_measure_def,lumen_characteristic_length_ref,lumen_characteristic_length_def,lumen_active_cell_count,lumen_largest_volume,lumen_second_volume,lumen_largest_fraction,lumen_second_fraction,lumen_min_gap,lumen_edge_components,lumen_second_edge_touch,lumen_largest_edge_count,lumen_largest_edge_touch,lumen_largest_cx,lumen_largest_cy,lumen_largest_cz,lumen_cx,lumen_cy,lumen_cz,lumen_rmax,lumen_edge_count,lumen_edge_touch,lumen_any_component_edge_touch,lumen_edge_stop_trigger,lumen_steady_stop_trigger,lumen_amr_eligible,lumen_center_delta,mesh_num_cells,mesh_num_vertices,amr_event
0,True,0,0,0,0.0,0.0,0.0005,0,0,0,False,False,,0.0,initial_state,1.0,0.5835720178604035,0.5835720178604042,1.015043336656825,0.0,0.0,True,2,1,4,,,,,,,,,,,,,,,,,,0,,,,,,0.0,False,0.0,0.0,0.0,1.0,1.0,0.0,0.0,1.0,1.0,1.0,1.0,-0.994178505209978,0.5636662693841494,3.140290796624407,3.140290796624407,1.0,3.140290796624407,3.140290796624407,1.0,0.0,0.0,0.0,0.0,0.0,0.0,0.022181668653079252,0.02997089252604989,0.007789223872970638,0.0,0.0,0.0,-20.0,-20.0,0.0,0.0,0.0,0.0,8.692354450276143,8.692354450276143,8.692354450276143,0.0,2.347019459395552e-20,4,none,0.0043061512127377955,0.0043061512127377955,0.0043061512127377955,0.5983366016764622,0.5983366016764622,0.014393741585162979,0.014393741585162979,4,0.0010765378033186215,0.0010765378033186206,0.25000000003115835,0.2500000000311582,0.5508342038205016,0,False,0,False,-0.009659180067777119,0.4981020078334965,,0.007804570421642356,0.0227754300805396,,0.5148459305614005,0,False,False,False,False,False,,2972,1550,0
1,True,1,1,1,0.0005,0.0005,0.0005,0,0,0,False,False,,,none,1.00125,0.5678705638772834,0.5431030507093437,1.0154945812283895,0.014504395401502548,0.02290318900640901,True,2,1,4,1,True,1,,,2,1,2,148,,,,,,,,,8,0.8,7.536819074108768e-07,8.106634389915394e-07,1.0359949370126308e-08,1.0223995807401815e-06,1.5068576110982541e-06,False,0.002666449286573412,0.0,0.002666449286573412,0.8652418766682909,0.8651016780024225,0.0,0.0,0.8885776430842348,0.9290069280761734,0.889940715256136,0.9309505430979401,-0.9932572086049115,0.5012581600831155,3.140290796624407,3.067641737140353,0.9768654993473385,3.140290796624407,3.067641737140353,0.9768654993473385,0.006178515459759578,0.02290318900640901,0.01672467354664943,0.006178515459759578,0.02290318900640901,0.01672467354664943,0.022493709199584423,0.029966286043024554,0.007472576843440132,0.006176842293537363,0.03572944199256797,0.02955259969903061,-20.0,-20.0,0.0,0.0,0.0,0.0,8.18973316316629,8.189733479081166,8.18973316422066,0.19418729791759212,0.0006534357983123215,0,none,0.0,0.0,0.0,0.0,0.0,0.0,0.0,0,0.0,0.0,0.0,0.0,,0,False,0,False,nan,nan,,nan,nan,,0.0,0,False,False,False,False,False,,2972,1550,0
2,True,2,2,1,0.001,0.0005,0.0005,0,0,0,False,False,,,none,1.0025,0.5521691098941647,0.5289837394954886,1.016642789416294,0.013781689879761765,0.022357015930830466,True,2,1,4,1,True,2,,,2,2,2,199,,,,,,,,,6,0.8,3.514655303364304e-06,1.483187085629338e-06,2.3181091979787042e-07,1.535229833868473e-06,4.118654243534146e-06,False,0.0030609993263346486,0.0,0.0030609993263346486,0.8623330679837027,0.8619909262592333,0.0,0.0,0.8864699076684555,0.9307217893835872,0.8880586728047007,0.9330105931194124,-0.9909989841813869,0.5068974936143563,3.140290796624407,3.07409890534205,0.9789217319130098,3.140290796624407,3.07409890534205,0.9789217319130098,0.006242697995311363,0.022357015930830466,0.016114317935519103,0.006242697995311363,0.022357015930830466,0.016114317935519103,0.02246551253192822,0.029954994920906933,0.0074894823889787125,0.006245994169756489,0.03680005579533402,0.03055406162557753,-20.0,-20.0,0.0,0.0,0.0,0.0,7.96310900168471,7.963109420768277,7.9631090114430885,0.19586683172163027,0.0006071712873091128,0,none,0.0,0.0,0.0,0.0,0.0,0.0,0.0,0,0.0,0.0,0.0,0.0,,0,False,0,False,nan,nan,,nan,nan,,0.0,0,False,False,False,False,False,,2972,1550,0
3,True,3,3,1,0.0015,0.0005,0.0005,0,0,0,False,False,,,none,1.00375,0.5364676559110446,0.5148909624507783,1.0179563090817214,0.013090670510570172,0.02175014025453315,True,2,1,4,1,True,2,,,2,2,2,187,,,,,,,,,6,0.8,2.569202555079931e-06,1.410575831629252e-06,2.0965240042039706e-07,1.1787193952742047e-06,3.1660479288228447e-06,False,0.0032698357086914064,0.0,0.0032698357086914064,0.8595816770918805,0.8590811853021195,0.0,0.0,0.8859847925344397,0.9333635007047911,0.8879093740032298,0.9355283920296091,-0.9893941978673819,0.5090629260805433,3.140290796624407,3.0803115683738262,0.9809001038008791,3.140290796624407,3.0803115683738262,0.9809001038008791,0.006280332959268224,0.02175014025453315,0.015469807295264926,0.006280332959268224,0.02175014025453315,0.015469807295264926,0.022454685369597282,0.029946970989336907,0.0074922856197396255,0.0062876374224062545,0.03771507330910086,0.0314274358866946,-20.0,-20.0,0.0,0.0,0.0,0.0,7.753921760944089,7.753922227669855,7.753921772131872,0.19430547962148714,0.0005800999116764591,0,none,0.0,0.0,0.0,0.0,0.0,0.0,0.0,0,0.0,0.0,0.0,0.0,,0,False,0,False,nan,nan,,nan,nan,,0.0,0,False,False,False,False,False,,2972,1550,0
4,True,4,4,1,0.002,0.0005,0.0005,0,0,0,False,False,,,none,1.005,0.5207662019279247,0.5008486159087416,1.019314365702889,0.012387757268170775,0.02118092521713735,True,2,1,4,1,True,2,,,2,2,2,192,,,,,,,,,6,0.8,1.8011178819970738e-06,1.3758753763991965e-06,1.8871419995715444e-07,9.88672149604668e-07,2.4799484560975534e-06,False,0.0034517167433193285,0.0,0.0034517167433193285,0.8596203946655195,0.8589571462529133,0.0,0.0,0.8877623660498196,0.9359499999970246,0.8896929707629291,0.9386511500957784,-0.9883568033730504,0.5014404667207144,3.140290796624407,3.086408983070412,0.9828417757960777,3.140290796624407,3.086408983070412,0.9828417757960777,0.006289708988090965,0.02118092521713735,0.014891216229046385,0.006289708988090965,0.02118092521713735,0.014891216229046385,0.022492797666396426,0.029941784016865248,0.007448986350468822,0.006299998391424268,0.03856868686673992,0.03226868847531565,-20.0,-20.0,0.0,0.0,0.0,0.0,7.547346162136256,7.547346646064304,7.547346174495384,0.18941805329691347,0.000565835014754518,0,none,0.0,0.0,0.0,0.0,0.0,0.0,0.0,0,0.0,0.0,0.0,0.0,,0,False,0,False,nan,nan,,nan,nan,,0.0,0,False,False,False,False,False,,2972,1550,0
5,True,5,5,1,0.0025,0.0005,0.0005,0,0,0,False,False,,,none,1.00625,0.5050647479448047,0.4868595014936764,1.0206752731870963,0.011629758165876766,0.02066118408648984,True,2,1,4,1,True,2,,,2,2,2,190,,,,,,,,,6,0.8,1.3205109078024752e-06,1.364643533886032e-06,1.7073863254628868e-07,8.94066536704742e-07,2.105827078584864e-06,False,0.0034866516741087015,0.0,0.0034866516741087015,0.8625505431456081,0.8616930556383644,0.0,0.0,0.8912598024982483,0.9388607712640544,0.8930440628690175,0.9415444968469363,-0.9877291910613791,0.48400368429991614,3.140290796624407,3.0924670743741114,0.9847709255774328,3.140290796624407,3.0924670743741114,0.9847709255774328,0.006271958674755438,0.02066118408648984,0.0143892254117344,0.006271958674755438,0.02066118408648984,0.0143892254117344,0.02257998157850042,0.029938645955306892,0.007358664376806472,0.00628426873274551,0.03952039524459845,0.03323612651185294,-20.0,-20.0,0.0,0.0,0.0,0.0,7.336684626409775,7.336685103284276,7.336684639654586,0.1813832067345893,0.000560558295942389,0,none,0.0,0.0,0.0,0.0,0.0,0.0,0.0,0,0.0,0.0,0.0,0.0,,0,False,0,False,nan,nan,,nan,nan,,0.0,0,False,False,False,False,False,,2972,1550,0
6,True,6,6,1,0.003,0.0005,0.0005,0,0,0,False,False,,,none,1.0075,0.48936329396168576,0.47291858954651234,1.0220107465283188,0.010859648531840023,0.020192409345491016,True,2,1,4,1,True,2,,,2,2,2,198,,,,,,,,,6,0.8,1.2206084558084232e-06,1.3689548566152147e-06,1.5649390281422997e-07,8.608408546114639e-07,2.032107211843812e-06,False,0.0034014146923592985,0.0,0.0034014146923592985,0.8679560629693167,0.8668405203459376,0.0,0.0,0.8960122040262124,0.9422180076195018,0.8977897594353546,0.9444404932630116,-0.9873753816932435,0.45709533146047787,3.140290796624407,3.0985342183164173,0.986702958097742,3.140290796624407,3.0985342183164173,0.986702958097742,0.006228512887029497,0.020192409345491016,0.013963896458461519,0.006228512887029497,0.020192409345491016,0.013963896458461519,0.022714523342697614,0.029936876908466213,0.0072223535657685994,0.006242110662925923,0.040501450292445465,0.03425933962951954,-20.0,-20.0,0.0,0.0,0.0,0.0,7.117790874435741,7.117791324473957,7.1177908882295124,0.1705172868343715,0.0005613122659971243,0,none,0.0,0.0,0.0,0.0,0.0,0.0,0.0,0,0.0,0.0,0.0,0.0,,0,False,0,False,nan,nan,,nan,nan,,0.0,0,False,False,False,False,False,,2972,1550,0
7,True,7,7,1,0.0035,0.0005,0.0005,0,0,0,False,False,,,none,1.00875,0.47366183997856626,0.4590180079115736,1.0232878112086163,0.010062616853419672,0.019774633966448792,True,2,1,4,1,True,2,,,2,2,2,188,,,,,,,,,6,0.8,1.4080910106188096e-06,1.3847900210700676e-06,1.4567476592832633e-07,8.660358484162098e-07,2.1613891192497004e-06,False,0.0032158300112761495,0.0,0.0032158300112761495,0.875393878221459,0.8739530601269788,0.0,0.0,0.9015482355925264,0.9455665357495264,0.903312446886359,0.9479197278225854,-0.9871904358972448,0.42064582799933836,3.140290796624407,3.1046454021885808,0.9886490147746372,3.140290796624407,3.1046454021885808,0.9886490147746372,0.006160837451277139,0.019774633966448792,0.013613796515171653,0.006160837451277139,0.019774633966448792,0.013613796515171653,0.02289677086000331,0.029935952179486223,0.007039181319482914,0.006175241172204121,0.04140662877435364,0.035231387602149514,-20.0,-20.0,0.0,0.0,0.0,0.0,6.88742831187972,6.887428719290493,6.887428325857381,0.15717309954469375,0.000565282093482363,0,none,0.0,0.0,0.0,0.0,0.0,0.0,0.0,0,0.0,0.0,0.0,0.0,,0,False,0,False,nan,nan,,nan,nan,,0.0,0,False,False,False,False,False,,2972,1550,0
8,True,8,8,1,0.004,0.0005,0.0005,0,0,0,False,False,,,none,1.01,0.4579603859954463,0.4451485048544239,1.0244620676409113,0.009216115214336957,0.019407658044967434,True,2,1,4,1,True,2,,,2,2,2,198,,,,,,,,,6,0.8,1.7140617891593284e-06,1.410541452982468e-06,1.3744127077006703e-07,8.914511925602591e-07,2.3960822897525806e-06,False,0.002955247583783429,0.0,0.002955247583783429,0.8845848975989181,0.8827144659445849,0.0,0.0,0.9078231405894014,0.9490948184865672,0.9097015404116122,0.9510313732151878,-0.9870971702740792,0.3741467850667601,3.140290796624407,3.1108299470133174,0.990618432648735,3.140290796624407,3.1108299470133174,0.990618432648735,0.006070095347217377,0.019407658044967434,0.013337562697750056,0.006070095347217377,0.019407658044967434,0.013337562697750056,0.0231292660746662,0.029935485851370392,0.006806219776704193,0.0060850348106903035,0.04220803519420957,0.03612300038351927,-20.0,-20.0,0.0,0.0,0.0,0.0,6.642634949976088,6.642635302955046,6.642634963777075,0.14171793183950518,0.0005692089649728339,0,none,0.0,0.0,0.0,0.0,0.0,0.0,0.0,0,0.0,0.0,0.0,0.0,,0,False,0,False,nan,nan,,nan,nan,,0.0,0,False,False,False,False,False,,2972,1550,0
9,True,9,9,1,0.0045000000000000005,0.0005,0.0005,0,0,0,False,False,,,none,1.01125,0.4422589320123266,0.431299026292711,1.025474301453293,0.008321616958880524,0.019128299149527996,True,2,1,4,1,True,2,,,2,2,2,180,,,,,,,,,6,0.8,2.0556424728706006e-06,1.4459857935605626e-06,1.3114559521559364e-07,9.199365354695636e-07,2.6795565468720237e-06,False,0.002632651436054694,0.0,0.002632651436054694,0.8948069778655219,0.8923657391588672,0.0,0.0,0.9154302376925951,0.9528115323680408,0.9174556113622486,0.9549984549703177,-0.9870402813347439,0.31677013200678866,3.140290796624407,3.1171157188664083,0.9926200854446632,3.140290796624407,3.1171157188664083,0.9926200854446632,0.00595688880077836,0.019128299149527996,0.013171410348749635,0.00595688880077836,0.019128299149527996,0.013171410348749635,0.023416149339966056,0.029935201406673717,0.006519052066707661,0.005972253080716465,0.042864173600530464,0.036891920519814,-20.0,-20.0,0.0,0.0,0.0,0.0,6.380504908991312,6.38050520008771,6.380504922292656,0.12456507618756692,0.0005688774603895617,0,none,0.0,0.0,0.0,0.0,0.0,0.0,0.0,0,0.0,0.0,0.0,0.0,,0,False,0,False,nan,nan,,nan,nan,,0.0,0,False,False,False,False,False,,2972,1550,0
10,True,10,10,1,0.005000000000000001,0.0005,0.0005,0,0,0,False,False,,,none,1.0125,0.42655747802920685,0.41745502473762847,1.0262493306496967,0.007377887783928528,0.01892582990773066,True,2,1,4,1,True,2,,,2,2,2,187,,,,,,,,,6,0.8,2.403897685608301e-06,1.4913836375702296e-06,1.274319805654491e-07,9.330404642615349e-07,2.981568824445508e-06,False,0.002267214898467332,0.0,0.002267214898467332,0.9054520022579287,0.9023023129292027,0.0,0.0,0.9244929529664129,0.9571015445696777,0.9251315114543402,0.9587140901115991,-0.9869809908407218,0.24758310164705244,3.140290796624407,3.123530772278775,0.9946629068990528,3.140290796624407,3.123530772278775,0.9946629068990528,0.005818551184010392,0.01892582990773066,0.013107278723720268,0.005818551184010392,0.01892582990773066,0.013107278723720268,0.023762084491764736,0.029934904954203607,0.006172820462438871,0.005832455459506891,0.04296688592032047,0.03713443046081358,-20.0,-20.0,0.0,0.0,0.0,0.0,6.098262162738941,6.098262389468449,6.098262175281562,0.10623580419421282,0.0005588480721200553,0,none,0.0,0.0,0.0,0.0,0.0,0.0,0.0,0,0.0,0.0,0.0,0.0,,0,False,0,False,nan,nan,,nan,nan,,0.0,0,False,False,False,False,False,,2972,1550,0
11,True,11,11,1,0.005500000000000001,0.0005,0.0005,0,0,0,False,False,,,none,1.01375,0.4108560240460871,0.40359585410199594,1.0266986377677991,0.006382645116992414,0.02002777495661318,True,2,1,4,1,True,2,,,2,2,2,192,,,,,,,,,6,0.8,2.736229211549111e-06,1.5463236175181459e-06,1.286965669575181e-07,9.140958676068615e-07,3.275698565153953e-06,False,0.0019421642560145426,0.0,0.0019421642560145426,0.9166933714373107,0.9126020018058894,0.0,0.0,0.9334144304510938,0.9618106226638395,0.9341488583812358,0.9628393015323289,-0.9868994250463757,0.16592544082064334,3.140290796624407,3.1301020134975612,0.9967554650869282,3.140290796624407,3.1301020134975612,0.9967554650869282,0.005654131453450216,0.02002777495661318,0.014373643503162963,0.005654131453450216,0.02002777495661318,0.014373643503162963,0.024170372795896785,0.029934497125231874,0.005764124329335089,0.005668532267288947,0.0424526010864984,0.03678406881920945,-20.0,-20.0,0.0,0.0,0.0,0.0,5.793680774489643,5.7936809398487075,5.793680786087274,0.08743223666236778,0.000532902248791224,0,none,0.0,0.0,0.0,0.0,0.0,0.0,0.0,0,0.0,0.0,0.0,0.0,,0,False,0,False,nan,nan,,nan,nan,,0.0,0,False,False,False,False,False,,2972,1550,0
12,True,12,12,1,0.006000000000000002,0.0005,0.0005,0,0,0,False,False,,,none,1.015,0.39515457006296767,0.3896920731862541,1.0267294286810345,0.005335144117705844,0.021597225092795724,True,2,1,4,1,True,2,,,2,2,2,190,,,,,,,,,6,0.8,3.011932805433563e-06,1.6080563933302914e-06,1.3645123697440557e-07,8.678556741172884e-07,3.525532158376482e-06,False,0.0015680201752102472,0.0,0.0015680201752102472,0.9289857682265406,0.923674608296221,0.0,0.0,0.9431643956288184,0.9667425764380372,0.9437102788333475,0.9676511354428169,-0.9867938606665334,0.07201604712290477,3.140290796624407,3.136849670575234,0.9989042014666691,3.140290796624407,3.136849670575234,0.9989042014666691,0.005466148490890873,0.021597225092795724,0.01613107660190485,0.005466148490890873,0.021597225092795724,0.01613107660190485,0.024639919764385475,0.029933969303332666,0.005294049538947191,0.005481144887164515,0.0415190959731939,0.036037951086029384,-20.0,-20.0,0.0,0.0,0.0,0.0,5.465952842750041,5.465952955022071,5.465952853272112,0.06908059282502885,0.00048590060682384843,0,none,0.0,0.0,0.0,0.0,0.0,0.0,0.0,0,0.0,0.0,0.0,0.0,,0,False,0,False,nan,nan,,nan,nan,,0.0,0,False,False,False,False,False,,2972,1550,0
13,True,13,13,1,0.006500000000000002,0.0005,0.0005,0,0,0,False,False,,,none,1.01625,0.3794531160798488,0.37570464191580344,1.026261232945624,0.0043453142449976535,0.023024864653119315,True,2,1,4,1,True,2,,,2,2,2,190,,,,,,,,,6,0.8,3.1654785090609426e-06,1.6697285197939956e-06,1.4673515322779394e-07,8.64787029126175e-07,3.684784299260649e-06,False,0.0013117291114003796,0.0,0.0013117291114003796,0.9419339943169561,0.9350798595297496,0.0,0.0,0.9529269232470365,0.9721194329088279,0.9537236378323883,0.9728987617073244,-0.9866394743377885,-0.03227737895473086,3.140290796624407,3.1437770623230605,1.0011101728866643,3.140290796624407,3.1437770623230605,1.0011101728866643,0.005255162963812542,0.023024864653119315,0.017769701689306774,0.005255162963812542,0.023024864653119315,0.017769701689306774,0.025161386894773652,0.029933197371688938,0.004771810476915286,0.005270875375314222,0.03914158043684357,0.03387070506152935,-20.0,-20.0,0.0,0.0,0.0,0.0,5.116938507371316,5.116938578606625,5.116938516714274,0.05226939557439972,0.00041722800332953387,0,none,0.0,0.0,0.0,0.0,0.0,0.0,0.0,0,0.0,0.0,0.0,0.0,,0,False,0,False,nan,nan,,nan,nan,,0.0,0,False,False,False,False,False,,2972,1550,0
14,True,14,14,1,0.007000000000000003,0.0005,0.0005,0,0,0,False,False,,,none,1.0175,0.3637516620967289,0.36158889415748036,1.0252454669281634,0.0033507935685774684,0.023312220698014804,True,2,1,4,1,True,2,,,2,2,2,178,,,,,,,,,6,0.8,3.1260937419842918e-06,1.7202296275823356e-06,1.510824061835256e-07,1.0219082070997772e-06,3.714670151235705e-06,False,0.0010320647007668257,0.0,0.0010320647007668257,0.9549763938841649,0.946243838274383,0.0,0.0,0.9629927911513019,0.9778575276227913,0.963245208199596,0.9782157908796955,-0.9864407118411403,-0.14288131207943722,3.140290796624407,3.1508588701220805,1.003365316839139,3.140290796624407,3.1508588701220805,1.003365316839139,0.005023746514265364,0.023312220698014804,0.01828847418374944,0.005023746514265364,0.023312220698014804,0.01828847418374944,0.02571440656039719,0.0299322035592057,0.004217796998808511,0.005040291434570025,0.03525110601743875,0.030210814582868725,-20.0,-20.0,0.0,0.0,0.0,0.0,4.7522427130114036,4.752242756227234,4.752242721100988,0.038014632106618984,0.00033392810540959755,0,none,0.0,0.0,0.0,0.0,0.0,0.0,0.0,0,0.0,0.0,0.0,0.0,,0,False,0,False,nan,nan,,nan,nan,,0.0,0,False,False,False,False,False,,2972,1550,0
15,True,15,15,1,0.007500000000000003,0.0005,0.0005,0,0,0,False,False,,,none,1.01875,0.34805020811360954,0.3473044335371047,1.023676708500083,0.0031144436682582735,0.02222107568485535,True,2,1,4,1,True,2,,,2,2,2,181,,,,,,,,,6,0.8,2.8636485261297977e-06,1.747774356330481e-06,1.4358906181690702e-07,1.317905843733912e-06,3.6073108700905224e-06,False,0.000740841184628048,0.0,0.000740841184628048,0.9674417848504443,0.9565411051367378,0.0,0.0,0.9726579482403157,0.9833004161433254,0.9728138358125872,0.983556912588219,-0.9862161100124364,-0.23708714862274663,3.140290796624407,3.158036593385643,1.0056510042892561,3.140290796624407,3.158036593385643,1.0056510042892561,0.004776061358574887,0.02222107568485535,0.017445014326280463,0.004776061358574887,0.02222107568485535,0.017445014326280463,0.026185435743113734,0.02993108055006218,0.003745644806948445,0.004791995728023864,0.03063546342574111,0.025843467697717247,-20.0,-20.0,0.0,0.0,0.0,0.0,4.381043253490655,4.381043279766489,4.381043260331266,0.026912025616199996,0.00024957647229290904,0,none,0.0,0.0,0.0,0.0,0.0,0.0,0.0,0,0.0,0.0,0.0,0.0,,0,False,0,False,nan,nan,,nan,nan,,0.0,0,False,False,False,False,False,,2972,1550,0
16,True,16,16,1,0.008000000000000004,0.0005,0.0005,0,0,0,False,False,,,none,1.02,0.3323487541304897,0.3328268182931604,1.021586492385208,0.004220175649526594,0.01980569810356403,True,2,1,4,1,True,2,,,2,2,2,170,,,,,,,,,6,0.8,2.4246886378760544e-06,1.7462194521638642e-06,1.255575219694731e-07,1.5997177074195618e-06,3.3916454414510245e-06,False,0.000487231629481083,0.0,0.000487231629481083,0.9773193032103858,0.9642484368339178,0.0,0.0,0.9812215544339743,0.9884526507111053,0.9813142687821489,0.988586106286463,-0.9859844075086609,-0.3157691033816664,3.140290796624407,3.165229674779778,1.0079415824108322,3.140290796624407,3.165229674779778,1.0079415824108322,0.004510951143992584,0.01980569810356403,0.015294746959571445,0.004510951143992584,0.01980569810356403,0.015294746959571445,0.02657884551690833,0.029929922037543303,0.003351076520634974,0.0045274130581589205,0.02568649151104847,0.02115907845288955,-20.0,-20.0,0.0,0.0,0.0,0.0,4.013973272206661,4.013973289169136,4.013973277917111,0.018918122262578475,0.00017758957571181768,0,none,0.0,0.0,0.0,0.0,0.0,0.0,0.0,0,0.0,0.0,0.0,0.0,,0,False,0,False,nan,nan,,nan,nan,,0.0,0,False,False,False,False,False,,2972,1550,0
17,True,17,17,1,0.008500000000000004,0.0005,0.0005,0,0,0,False,False,,,none,1.02125,0.3166473001473697,0.3181532276505764,1.019024368882765,0.005337034667627193,0.017483576823954967,True,2,1,4,1,True,2,,,2,2,2,170,,,,,,,,,6,0.8,1.914565970877494e-06,1.7187187014444404e-06,1.0350861776409825e-07,1.758924043600576e-06,3.1183464619321214e-06,False,0.0003136702838274861,0.0,0.0003136702838274861,0.98493800763092,0.9698586597757922,0.0,0.0,0.9884505478770423,0.9935193308971016,0.9884884490732301,0.9935969652181467,-0.9857726796690369,-0.3904278793877196,3.140290796624407,3.17235923562008,1.0102119329299517,3.140290796624407,3.17235923562008,1.0102119329299517,0.0042393373147108495,0.017483576823954967,0.013244239509244117,0.0042393373147108495,0.017483576823954967,0.013244239509244117,0.026952139396938597,0.029928863398345183,0.0029767240014065867,0.004258429797369347,0.021653844504644044,0.017395414707274695,-20.0,-20.0,0.0,0.0,0.0,0.0,3.659977519170541,3.6599775312122835,3.6599775239479615,0.01346350847256012,0.00012437815842876663,0,none,0.0,0.0,0.0,0.0,0.0,0.0,0.0,0,0.0,0.0,0.0,0.0,,0,False,0,False,nan,nan,,nan,nan,,0.0,0,False,False,False,False,False,,2972,1550,0
18,True,18,18,1,0.009000000000000005,0.0005,0.0005,0,0,0,False,False,,,none,1.0225,0.3009458461642508,0.30329844341413625,1.0160417615892001,0.006441949041916029,0.01674688983515363,True,2,1,4,1,True,2,,,2,2,2,167,,,,,,,,,6,0.8,1.438397651100515e-06,1.6749944376206692e-06,8.422796905850959e-08,1.7848283770745086e-06,2.840299430541401e-06,False,0.00019842561238099694,0.0,0.00019842561238099694,0.9912999986327935,0.9741763441363096,0.0,0.0,0.9934839895986739,0.998333376959098,0.9934909930566209,0.9983936718410505,-0.9856104920495418,-0.4464168665794501,3.140290796624407,3.1793691757112232,1.0124441911968225,3.140290796624407,3.1793691757112232,1.0124441911968225,0.003778049765022641,0.01674688983515363,0.01296884007013099,0.003778049765022641,0.01674688983515363,0.01296884007013099,0.027232084332897248,0.029928052460247708,0.00269596812735046,0.003812165461877462,0.019696369153645775,0.015884203691768312,-20.0,-20.0,0.0,0.0,0.0,0.0,3.3242045379957657,3.32420454734113,3.324204542040853,0.00979653755621946,8.850244437936852e-05,0,none,0.0,0.0,0.0,0.0,0.0,0.0,0.0,0,0.0,0.0,0.0,0.0,,0,False,0,False,nan,nan,,nan,nan,,0.0,0,False,False,False,False,False,,2972,1550,0
19,True,19,19,1,0.009500000000000005,0.0005,0.0005,0,0,0,False,False,,,none,1.02375,0.2852443921811306,0.2882853683838685,1.0126883785720604,0.00752278776791136,0.016034109396361216,True,2,1,4,1,True,2,,,2,2,2,183,,,,,,,,,6,0.8,1.0558567233311468e-06,1.6253000129850864e-06,7.146037617568737e-08,1.7252475981798805e-06,2.595769522280729e-06,False,0.00018100956054551472,0.0,0.00018100956054551472,0.9961274821635072,0.977201302137825,0.0,0.0,0.9977084498514956,1.0027636080902305,0.9977313757820947,1.0028244069902645,-0.9855311585943842,-0.48753861551979094,3.140290796624407,3.1862325091047348,1.014629763756182,3.140290796624407,3.1862325091047348,1.014629763756182,0.0028791121489306604,0.016034109396361216,0.013154997247430555,0.0028791121489306604,0.016034109396361216,0.013154997247430555,0.027437693077598954,0.02992765579297192,0.0024899627153729675,0.002905966177416104,0.01852496671118587,0.015619000533769767,-20.0,-20.0,0.0,0.0,0.0,0.0,3.008022402393138,3.008022410090997,3.008022405861309,0.007275368497429712,6.488615069423227e-05,0,none,0.0,0.0,0.0,0.0,0.0,0.0,0.0,0,0.0,0.0,0.0,0.0,,0,False,0,False,nan,nan,,nan,nan,,0.0,0,False,False,False,False,False,,2972,1550,0
20,True,20,20,1,0.010000000000000005,0.0005,0.0005,0,0,0,False,False,,,none,1.025,0.2695429381980108,0.2731367024190491,1.0090176200499255,0.008578515899191574,0.01526735640429851,True,2,1,4,1,True,2,,,2,2,2,189,,,,,,,,,6,0.8,7.76342075266766e-07,1.5763716154900737e-06,6.518299734205283e-08,1.632961935250751e-06,2.399680810664757e-06,False,0.0001725488767044727,0.0,0.0001725488767044727,1.000145919959294,0.9795796822087335,0.0,0.0,1.0016597699372831,1.0064793425250431,1.0016900131256248,1.006510385957508,-0.9855781309422618,-0.5217318294213829,3.140290796624407,3.19294445215246,1.0167671272942786,3.140290796624407,3.19294445215246,1.0167671272942786,0.00201416333011847,0.01526735640429851,0.01325319307418004,0.00201416333011847,0.01526735640429851,0.01325319307418004,0.02760865914710691,0.029927890654711308,0.0023192315076043975,0.002028438066704362,0.017230220740145633,0.015201782673441272,-20.0,-20.0,0.0,0.0,0.0,0.0,2.7104384073652104,2.7104384139009388,2.710438410359362,0.005467324462731912,4.8886237071790644e-05,0,none,0.0,0.0,0.0,0.0,0.0,0.0,0.0,0,0.0,0.0,0.0,0.0,,0,False,0,False,nan,nan,,nan,nan,,0.0,0,False,False,False,False,False,,2972,1550,0
21,True,21,21,1,0.010500000000000006,0.0005,0.0005,0,0,0,False,False,,,none,1.02625,0.25384148421489133,0.2578707822987788,1.0050917274328701,0.009610480634662723,0.014526902492691021,True,2,1,4,1,True,2,,,2,2,2,199,,,,,,,,,6,0.8,5.805402426567849e-07,1.5309337252580048e-06,6.304479205765667e-08,1.5397730835805472e-06,2.2484796728458743e-06,False,0.00016219681602444233,0.0,0.00016219681602444233,1.0038738396668612,0.9818033193314043,0.0,0.0,1.0053545928005745,1.0095067934735147,1.005364170012233,1.0095329635424557,-0.9857457374030638,-0.5538084335968155,3.140290796624407,3.199511323598055,1.0188582939635098,3.140290796624407,3.199511323598055,1.0188582939635098,0.0012429926586098228,0.014526902492691021,0.013283909834081198,0.0012429926586098228,0.014526902492691021,0.013283909834081198,0.027769042167984075,0.029928728687015318,0.0021596865190312425,0.00124683223355046,0.0161220807625753,0.014875248529024838,-20.0,-20.0,0.0,0.0,0.0,0.0,2.4296312521198433,2.4296312577229937,2.4296312547033643,0.0041149640669861315,3.761441869333346e-05,0,none,0.0,0.0,0.0,0.0,0.0,0.0,0.0,0,0.0,0.0,0.0,0.0,,0,False,0,False,nan,nan,,nan,nan,,0.0,0,False,False,False,False,False,,2972,1550,0
22,True,22,22,1,0.011000000000000006,0.0005,0.0005,0,0,0,False,False,,,none,1.0275,0.2381400302317716,0.24250083562090888,1.0009808258092574,0.010617632317348448,0.013732619325316161,True,2,1,4,1,True,2,,,2,2,2,198,,,,,,,,,6,0.8,4.4452271434445284e-07,1.4890654680618075e-06,6.26236087422746e-08,1.4570741900705536e-06,2.131174165450575e-06,False,0.00015022499666593643,0.0,0.00015022499666593643,1.0075615908722528,0.9839065005808555,0.0,0.0,1.0088536080016617,1.012060721744198,1.0088613724875448,1.0120781744484126,-0.986061051286602,-0.5855044797554619,3.140290796624407,3.2059419157521107,1.0209060636034961,3.140290796624407,3.2059419157521107,1.0209060636034961,0.0004045724661227625,0.013732619325316161,0.013328046859193398,0.0004045724661227625,0.013732619325316161,0.013328046859193398,0.027927522398777306,0.029930305256433008,0.0020027828576557015,0.0003969435672382419,0.015033732536856663,0.014636788969618422,-20.0,-20.0,0.0,0.0,0.0,0.0,2.1639214289011934,2.163921433687136,2.1639214311132435,0.003071581838534664,2.9530764766229592e-05,0,none,0.0,0.0,0.0,0.0,0.0,0.0,0.0,0,0.0,0.0,0.0,0.0,,0,False,0,False,nan,nan,,nan,nan,,0.0,0,False,False,False,False,False,,2972,1550,0
23,True,23,23,1,0.011500000000000007,0.0005,0.0005,0,0,0,False,False,,,none,1.02875,0.22243857624865238,0.22703584549314765,0.996755572408346,0.011601346588785198,0.01279170183466718,True,2,1,4,1,True,2,,,2,2,2,196,,,,,,,,,6,0.8,3.5133425712732493e-07,1.4496478389205287e-06,6.247644400423111e-08,1.385164395548064e-06,2.0365407744181346e-06,False,0.00013702193253309694,0.0,0.00013702193253309694,1.011094831422715,0.9858811460389227,0.0,0.0,1.012138409884076,1.014786432760645,1.012146906834221,1.0148094329238564,-0.986526201574621,-0.6167810972264643,3.140290796624407,3.2122429223095335,1.0229125677668036,3.140290796624407,3.2122429223095335,1.0229125677668036,-0.00033343980169368213,0.01279170183466718,0.013125141636360861,-0.00033343980169368213,0.01279170183466718,0.013125141636360861,0.028083905486132318,0.029932631007873103,0.001848725521740785,-0.0003506702190646969,0.013910700575224802,0.014261370794289498,-20.0,-20.0,0.0,0.0,0.0,0.0,1.912177567914661,1.9121775719482506,1.9121775697809285,0.0022535899143756896,2.3800406131822416e-05,0,none,0.0,0.0,0.0,0.0,0.0,0.0,0.0,0,0.0,0.0,0.0,0.0,,0,False,0,False,nan,nan,,nan,nan,,0.0,0,False,False,False,False,False,,2972,1550,0
24,True,24,24,1,0.012000000000000007,0.0005,0.0005,0,0,0,False,False,,,none,1.03,0.20673712226553248,0.2114818068705952,0.9924762135409764,0.012562455011691485,0.011667696876634097,True,2,1,4,1,True,2,,,2,2,2,182,,,,,,,,,6,0.8,2.8964849428402803e-07,1.4112798405691806e-06,6.200062841688824e-08,1.320257888320635e-06,1.9551296653252764e-06,False,0.00012301441321082738,0.0,0.00012301441321082738,1.0144670941023286,0.987664621372241,0.0,0.0,1.015288930357763,1.0176387128763684,1.015307571465801,1.0176495010449005,-0.9871622045431484,-0.6458686203442551,3.140290796624407,3.21841734267783,1.0248787615902972,3.140290796624407,3.21841734267783,1.0248787615902972,-0.0009905328802701117,0.011667696876634097,0.01265822975690421,-0.0009905328802701117,0.011667696876634097,0.01265822975690421,0.028229343101721278,0.02993581102271574,0.001706467920994461,-0.0010132106177273524,0.012560866821886757,0.01357407743961411,-20.0,-20.0,0.0,0.0,0.0,0.0,1.673889014567913,1.673889017893184,1.6738890161075985,0.0016124377874488787,1.986092842645861e-05,0,none,0.0,0.0,0.0,0.0,0.0,0.0,0.0,0,0.0,0.0,0.0,0.0,,0,False,0,False,nan,nan,,nan,nan,,0.0,0,False,False,False,False,False,,2972,1550,0
25,True,25,25,1,0.012500000000000008,0.0005,0.0005,0,0,0,False,False,,,none,1.03125,0.19103566828241303,0.19584287770992798,0.9881811040976611,0.013501224890251845,0.01047640439292905,True,2,1,4,1,True,2,,,2,2,2,198,,,,,,,,,6,0.8,2.489689731760937e-07,1.3727234994259244e-06,6.105631858134197e-08,1.2576304513382085e-06,1.8792864554538689e-06,False,0.00010861040600495175,0.0,0.00010861040600495175,1.017717230044519,0.9893444531021219,0.0,0.0,1.01839438071797,1.0204724682014399,1.018395558746516,1.0204926281692528,-0.9879454003925313,-0.6746688569072312,3.140290796624407,3.224464496104369,1.0268044282938518,3.140290796624407,3.224464496104369,1.0268044282938518,-0.001582014062812773,0.01047640439292905,0.012058418455741824,-0.001582014062812773,0.01047640439292905,0.012058418455741824,0.028373344284536153,0.02993972700196266,0.0015663827174265052,-0.001607253638271231,0.01115956404094647,0.012766817679217701,-20.0,-20.0,0.0,0.0,0.0,0.0,1.4490870858790321,1.4490870885337734,1.4490870871090626,0.0011177447245124402,1.718740451719462e-05,0,none,0.0,0.0,0.0,0.0,0.0,0.0,0.0,0,0.0,0.0,0.0,0.0,,0,False,0,False,nan,nan,,nan,nan,,0.0,0,False,False,False,False,False,,2972,1550,0
26,True,26,26,1,0.013000000000000008,0.0005,0.0005,0,0,0,False,False,,,none,1.0325,0.1753342142992937,0.18012228836618863,0.9838764484004822,0.014417463061650638,0.009174117587410309,True,2,1,4,1,True,2,,,2,2,2,193,,,,,,,,,6,0.8,2.191698295201929e-07,1.3331129678173806e-06,5.971384981410994e-08,1.1929661234242173e-06,1.8033190274136746e-06,False,9.41684480106281e-05,0.0,9.41684480106281e-05,1.0208566310355418,0.990911865320883,0.0,0.0,1.021425030222325,1.0232655906370036,1.021426139295308,1.0232907954029857,-0.9888544389413274,-0.7030620047360651,3.140290796624407,3.230380784640329,1.0286884221400012,3.140290796624407,3.230380784640329,1.0286884221400012,-0.0021461817850357712,0.009174117587410309,0.01132029937244608,-0.0021461817850357712,0.009174117587410309,0.01132029937244608,0.028515310023680324,0.029944272194706637,0.0014289621710263135,-0.002178673774171838,0.00968257761143015,0.01186125138560199,-20.0,-20.0,0.0,0.0,0.0,0.0,1.238205403470711,1.2382054054935974,1.2382054044081403,0.0007467808953152482,1.5284240133701916e-05,0,none,0.0,0.0,0.0,0.0,0.0,0.0,0.0,0,0.0,0.0,0.0,0.0,,0,False,0,False,nan,nan,,nan,nan,,0.0,0,False,False,False,False,False,,2972,1550,0
27,True,27,27,1,0.013500000000000009,0.0005,0.0005,0,0,0,False,False,,,none,1.03375,0.1596327603161738,0.1643229794783157,0.9795272089737964,0.015310669844744218,0.00782249394222117,True,2,1,4,1,True,2,,,2,2,2,189,,,,,,,,,6,0.8,1.9316723416729327e-07,1.2920199943127474e-06,5.811747933893454e-08,1.123171387309762e-06,1.7238099816208864e-06,False,8.011475601610177e-05,0.0,8.011475601610177e-05,1.0238928341210878,0.9923906569941013,0.0,0.0,1.0243878115398657,1.025976360106498,1.0243898227602526,1.0259804435532702,-0.9899069084872448,-0.7311155400244899,3.140290796624407,3.2361607417858056,1.0305290023664215,3.140290796624407,3.2361607417858056,1.0305290023664215,-0.0027185085614388777,0.00782249394222117,0.010541002503660048,-0.0027185085614388777,0.00782249394222117,0.010541002503660048,0.02865557770012245,0.029949534542436224,0.0012939568423137732,-0.002750473741015115,0.008181074119617248,0.010931547860632364,-20.0,-20.0,0.0,0.0,0.0,0.0,1.0419220865314527,1.0419220879650717,1.0419220871946935,0.00047883110130394287,1.3843209166435092e-05,0,none,0.0,0.0,0.0,0.0,0.0,0.0,0.0,0,0.0,0.0,0.0,0.0,,0,False,0,False,nan,nan,,nan,nan,,0.0,0,False,False,False,False,False,,2972,1550,0
28,True,28,28,1,0.014000000000000009,0.0005,0.0005,0,0,0,False,False,,,none,1.035,0.14393130633305434,0.14844797355705686,0.9750471242664762,0.0161801946790378,0.00650718071924778,True,2,1,4,1,True,2,,,2,2,2,170,,,,,,,,,6,0.8,1.6792960984043414e-07,1.249413777065866e-06,5.641277403483516e-08,1.04679870867932e-06,1.6395746636704751e-06,False,6.661623204438786e-05,0.0,6.661623204438786e-05,1.0268290462603429,0.9937596271503437,0.0,0.0,1.0272310924499473,1.0285550586996826,1.0272323785060498,1.028559647945776,-0.9911064215651794,-0.7594707646451672,3.140290796624407,3.241798073604624,1.0323241647204553,3.140290796624407,3.241798073604624,1.0323241647204553,-0.003237194501547064,0.00650718071924778,0.009744375220794844,-0.003237194501547064,0.00650718071924778,0.009744375220794844,0.028797353823225832,0.029955532107825898,0.001158178284600065,-0.003268825733490135,0.006744471097717868,0.010013296831208003,-20.0,-20.0,0.0,0.0,0.0,0.0,0.8610132587079473,0.8610132595992814,0.8610132591170846,0.00029345197575553797,1.285349059889318e-05,0,none,0.0,0.0,0.0,0.0,0.0,0.0,0.0,0,0.0,0.0,0.0,0.0,,0,False,0,False,nan,nan,,nan,nan,,0.0,0,False,False,False,False,False,,2972,1550,0
29,True,29,29,1,0.01450000000000001,0.0005,0.0005,0,0,0,False,False,,,none,1.0362500000000001,0.12822985234993453,0.13250052110670552,0.9702832783868311,0.017025360072840653,0.0052629490590932705,True,2,1,4,1,True,2,,,2,2,2,175,,,,,,,,,6,0.8,1.4320604621125176e-07,1.205546350229382e-06,5.4710369433549e-08,9.639451240209899e-07,1.5511393879565563e-06,False,5.374050608030151e-05,0.0,5.374050608030151e-05,1.0296303171361503,0.994992549935856,0.0,0.0,1.0299425710663803,1.0310135657043524,1.0299431570283195,1.031015688850264,-0.9924114590601688,-0.7873202187917279,3.140290796624407,3.2472864866269524,1.0340719050979477,3.140290796624407,3.2472864866269524,1.0340719050979477,-0.0037468364506825827,0.0052629490590932705,0.009009785509775853,-0.0037468364506825827,0.0052629490590932705,0.009009785509775853,0.02893660109395864,0.02996205729530084,0.0010254562013422008,-0.0037791484758044626,0.005415194774048947,0.00919434324985341,-20.0,-20.0,0.0,0.0,0.0,0.0,0.696240531279935,0.6962405316794391,0.6962405314565375,0.00017105675325960906,1.2520039938272208e-05,0,none,0.0,0.0,0.0,0.0,0.0,0.0,0.0,0,0.0,0.0,0.0,0.0,,0,False,0,False,nan,nan,,nan,nan,,0.0,0,False,False,False,False,False,,2972,1550,0
30,True,30,30,1,0.01500000000000001,0.0005,0.0005,0,0,0,False,False,,,none,1.0375,0.11252839836681502,0.11648409236099042,0.9649864658514126,0.017845537328201457,0.004218733858597104,True,2,1,4,1,True,2,,,2,2,2,187,,,,,,,,,6,0.8,1.1983946496493248e-07,1.160809245500462e-06,5.3074080904696464e-08,8.757429255847191e-07,1.459993880664571e-06,False,4.20146665823227e-05,0.0,4.20146665823227e-05,1.0322487198076478,0.9960721538427599,0.0,0.0,1.0325040776075454,1.0333332895548843,1.0325040776075454,1.0333357162067285,-0.9938228023796462,-0.8136769107617489,3.140290796624407,3.25262019629886,1.0357703814548638,3.140290796624407,3.25262019629886,1.0357703814548638,-0.004218733858597104,0.004107811294500698,0.008326545153097803,-0.004218733858597104,0.004107811294500698,0.008326545153097803,0.02906838455380874,0.029969114011898227,0.0009007294580894859,-0.004246977535913463,0.004199910375576375,0.008446887911489839,-20.0,-20.0,0.0,0.0,0.0,0.0,0.548283475131213,0.54828347509146,0.5482834750979745,9.419970826966527e-05,1.3006559867882905e-05,0,none,0.0,0.0,0.0,0.0,0.0,0.0,0.0,0,0.0,0.0,0.0,0.0,,0,False,0,False,nan,nan,,nan,nan,,0.0,0,False,False,False,False,False,,2972,1550,0
31,True,31,31,1,0.01550000000000001,0.0005,0.0005,0,0,0,False,False,,,none,1.03875,0.09682694438369535,0.1004022926620096,0.9587491415885697,0.01864017451573644,0.004633186374911838,True,2,1,4,1,True,2,,,2,2,2,170,,,,,,,,,6,0.8,9.869768188999251e-08,1.1156075672353479e-06,5.152480935025177e-08,7.837428824691165e-07,1.3679287950338674e-06,False,3.129290356132031e-05,0.0,3.129290356132031e-05,1.03469375247253,0.9970016487049619,0.0,0.0,1.0348884504042153,1.035516203951481,1.0348885797681202,1.0355179838429172,-0.9953413903978146,-0.8387914416768839,3.140290796624407,3.257794116342988,1.0374179741076492,3.140290796624407,3.257794116342988,1.0374179741076492,-0.004633186374911838,0.0030651287387380185,0.007698315113649856,-0.004633186374911838,0.0030651287387380185,0.007698315113649856,0.02919395720838442,0.029976706951989073,0.0007827497436046528,-0.004656621505773043,0.0031171487477034865,0.007773770253476529,-20.0,-20.0,0.0,0.0,0.0,0.0,0.41771474314311313,0.41771474271749653,0.4177147429234859,4.852220386225742e-05,1.4219807920668777e-05,0,none,0.0,0.0,0.0,0.0,0.0,0.0,0.0,0,0.0,0.0,0.0,0.0,,0,False,0,False,nan,nan,,nan,nan,,0.0,0,False,False,False,False,False,,2972,1550,0
32,True,32,32,1,0.01600000000000001,0.0005,0.0005,0,0,0,False,False,,,none,1.04,0.08112549040057576,0.08425876324764503,0.9508671511035179,0.01940878861642011,0.004991875759710708,True,2,1,4,1,True,2,,,2,2,2,191,,,,,,,,,6,0.8,8.026854208260298e-08,1.0702758663058048e-06,5.0052493680064806e-08,6.894352818142248e-07,1.2766204325399778e-06,False,2.166084172925732e-05,0.0,2.166084172925732e-05,1.0369595988178264,0.9977831754409945,0.0,0.0,1.037099493744391,1.0375674494091092,1.037100873186977,1.0375680375557073,-0.9969680503270691,-0.8625276336402781,3.140290796624407,3.262803804837197,1.0390132685624154,3.140290796624407,3.262803804837197,1.0390132685624154,-0.004991875759710708,0.002146485124204013,0.007138360883914721,-0.004991875759710708,0.002146485124204013,0.007138360883914721,0.02931263816820139,0.029984840251635343,0.0006722020834339544,-0.005010238028141458,0.002173392685304521,0.007183630713445979,-20.0,-20.0,0.0,0.0,0.0,0.0,0.3050065003647042,0.30500649960638465,0.3050064999825877,2.303500089330954e-05,1.5863368665393973e-05,0,none,0.0,0.0,0.0,0.0,0.0,0.0,0.0,0,0.0,0.0,0.0,0.0,,0,False,0,False,nan,nan,,nan,nan,,0.0,0,False,False,False,False,False,,2972,1550,0
33,True,33,33,1,0.01650000000000001,0.0005,0.0005,0,0,0,False,False,,,none,1.04125,0.06542403641745614,0.06805710310307472,0.9400012745601902,0.020150937411370074,0.005311101422795577,True,2,1,4,1,True,2,,,2,2,2,175,,,,,,,,,6,0.8,6.464723622121337e-08,1.025038210692314e-06,4.86301618977467e-08,5.939976236347571e-07,1.1874681755989428e-06,False,1.3404639029626262e-05,0.0,1.3404639029626262e-05,1.0390536912291097,0.9984245727320848,0.0,0.0,1.0391558184845018,1.0394940685867733,1.0391558184845018,1.0394942627299617,-0.9987032582434568,-0.884820663583506,3.140290796624407,3.267645269231446,1.0405549934241556,3.140290796624407,3.267645269231446,1.0405549934241556,-0.005311101422795577,0.0013546134370657171,0.006665714859861294,-0.005311101422795577,0.0013546134370657171,0.006665714859861294,0.029424103317917526,0.029993516291217284,0.0005694129732997585,-0.00532751042871365,0.001366867649544312,0.006694378078257962,-20.0,-20.0,0.0,0.0,0.0,0.0,0.2105543042001306,0.21055430316137405,0.21055430367972375,9.858568341102536e-06,1.7622325140692814e-05,0,none,0.0,0.0,0.0,0.0,0.0,0.0,0.0,0,0.0,0.0,0.0,0.0,,0,False,0,False,nan,nan,,nan,nan,,0.0,0,False,False,False,False,False,,2972,1550,0
34,True,34,34,1,0.01700000000000001,0.0005,0.0005,0,0,0,False,False,,,none,1.0425,0.04972258243433658,0.051800824445243435,0.9232133410807639,0.020866222186515255,0.0055902776772921575,True,2,1,4,1,True,2,,,2,2,2,179,,,,,,,,,6,0.8,5.167314297154407e-08,9.800028621128463e-07,4.722672107567979e-08,4.982455699741519e-07,1.1016146034963205e-06,False,6.822958643532066e-06,0.0,6.822958643532066e-06,1.0409863462027826,0.998937142043007,0.0,0.0,1.0410556820585828,1.0412906242460889,1.0410556820585828,1.0412910840585201,-1.0008597257572716,-0.9056985768185204,3.140290796624407,3.272314720386179,1.0420419420722717,3.140290796624407,3.272314720386179,1.0420419420722717,-0.0055902776772921575,0.0010088518722128847,0.006599129549505043,-0.0055902776772921575,0.0010088518722128847,0.006599129549505043,0.0295284928840926,0.03000429862878635,0.0004758057446937504,-0.0056014452801374575,0.0010105602139718443,0.006612005494109302,-20.0,-20.0,0.0,0.0,0.0,0.0,0.13470680486622083,0.13470680359813306,0.1347068042318883,3.6795799549069925e-06,1.9261226558674447e-05,0,none,0.0,0.0,0.0,0.0,0.0,0.0,0.0,0,0.0,0.0,0.0,0.0,,0,False,0,False,nan,nan,,nan,nan,,0.0,0,False,False,False,False,False,,2972,1550,0
35,True,35,35,1,0.017500000000000012,0.0005,0.0005,0,0,0,False,False,,,none,1.04375,0.03402112845121697,0.035493340003721355,0.8924599614497237,0.0215615718753334,0.005807332782627292,True,2,1,4,1,True,2,,,2,2,2,179,,,,,,,,,6,0.8,4.1079107216779016e-08,9.35176570899774e-07,4.5817492090694396e-08,4.027294440864495e-07,1.0200651741556758e-06,False,2.2301537748654513e-06,0.0,2.2301537748654513e-06,1.042770707926375,0.9993312530277758,0.0,0.0,1.042815067278287,1.042971745877277,1.042815067278287,1.042971745877277,-1.0063127916367363,-0.9252456756034836,3.140290796624407,3.2768083373412105,1.0434728977531476,3.140290796624407,3.2768083373412105,1.0434728977531476,-0.005807332782627292,0.0008525937294455587,0.006659926512072851,-0.005807332782627292,0.0008525937294455587,0.006659926512072851,0.029626228378017417,0.030031563958183675,0.0004053355801662585,-0.0058140188645424955,0.000853161814692709,0.0066671806792352045,-20.0,-20.0,0.0,0.0,0.0,0.0,0.07779370220793258,0.07779370076060602,0.07779370148416123,1.1385785132149586e-06,2.063193276034247e-05,0,none,0.0,0.0,0.0,0.0,0.0,0.0,0.0,0,0.0,0.0,0.0,0.0,,0,False,0,False,nan,nan,,nan,nan,,0.0,0,False,False,False,False,False,,2972,1550,0
36,True,36,36,1,0.018000000000000013,0.0005,0.0005,0,0,0,False,False,,,none,1.045,0.01831967446809736,0.019137945282566772,0.8146472409698811,0.022231107654101658,0.005961837176814746,True,2,1,4,1,True,2,,,2,2,2,179,,,,,,,,,5,0.8,1.6296756477466996e-07,4.452033578626231e-06,2.219655535577103e-07,1.5383726151143105e-06,4.718370526175736e-06,False,7.056030127066103e-06,0.0,7.056030127066103e-06,1.0444165347729741,0.9996172611936591,0.0,0.0,1.0444449397851359,1.0445440202789198,1.0444449397851359,1.0445440202789198,-1.0130623366695815,-0.9435013869867208,3.140290796624407,3.2811178241036254,1.0448452186754797,3.140290796624407,3.2811178241036254,1.0448452186754797,-0.005961837176814746,0.0007208539407738288,0.006682691117588575,-0.005961837176814746,0.0007208539407738288,0.006682691117588575,0.029717506934933604,0.030065311683347907,0.0003478047484143029,-0.005963853282684284,0.0007222425359449121,0.006686095818629196,-20.0,-20.0,0.0,0.0,0.0,0.0,0.04014826284822717,0.04014825496591997,0.04014825890517712,2.733035603144221e-07,2.164395349264987e-05,0,none,0.0,0.0,0.0,0.0,0.0,0.0,0.0,0,0.0,0.0,0.0,0.0,,0,False,0,False,nan,nan,,nan,nan,,0.0,0,False,False,False,False,False,,2972,1550,0
37,True,37,37,1,0.018500000000000013,0.0005,0.0005,0,0,0,False,False,,,none,1.0462500000000001,0.002618220484977762,0.0027379731019246786,0.18462650943059525,0.02287248464114235,0.006054072101892873,True,2,1,4,1,True,2,,,2,2,2,181,,,,,,,,,5,0.8,1.3035937659528191e-07,4.234320287307318e-06,2.1481145963164343e-07,1.0768958812373206e-06,4.37633528934697e-06,False,1.3481788749193517e-05,0.0,1.3481788749193517e-05,1.0459411050164782,0.9998085182936107,0.0,0.0,1.0459570184585907,1.0460128879354107,1.0459570184585907,1.0460128879354107,-1.020449489753386,-0.9606320191491096,3.140290796624407,3.2852490123682756,1.0461607618949456,3.140290796624407,3.2852490123682756,1.0461607618949456,-0.006054072101892873,0.0006151900591539181,0.006669262161046791,-0.006054072101892873,0.0006151900591539181,0.006669262161046791,0.029803160095745546,0.03010224744876693,0.0002990873530213829,-0.006053783485141891,0.000617061602872226,0.006670845088014117,-20.0,-20.0,0.0,0.0,0.0,0.0,0.022122974534468855,0.022122966241800202,0.02212297038550484,4.589436737835393e-08,2.228196834133432e-05,0,none,0.0,0.0,0.0,0.0,0.0,0.0,0.0,0,0.0,0.0,0.0,0.0,,0,False,0,False,nan,nan,,nan,nan,,0.0,0,False,False,False,False,False,,2972,1550,0
38,True,38,38,1,0.019000000000000013,0.0005,0.0005,0,0,0,False,False,,,none,1.0475,-0.01308323349814185,-0.013703439272889573,-7405794715.849423,0.023484938849538797,0.006083928498154892,True,2,1,4,1,True,2,,,2,2,2,182,,,,,,,,,5,0.8,1.066017516607756e-07,4.0133155513139845e-06,2.0785526937979539e-07,6.479121670621585e-07,4.071984729479219e-06,False,2.280769994089619e-05,0.0,2.280769994089619e-05,1.0473149808275792,0.9998233707184526,0.0,0.0,1.047321526968234,1.047344934042401,1.0473215661635125,1.047344934042401,-1.0284937130856087,-0.9768315155806976,3.140290796624407,3.289195345261989,1.0474174394287445,3.140290796624407,3.289195345261989,1.0474174394287445,-0.006083928498154892,0.000538392949951738,0.00662232144810663,-0.006083928498154892,0.000538392949951738,0.00662232144810663,0.029884157577903483,0.03014246856542804,0.00025831098752455636,-0.0060825806607774195,0.0005418692045447289,0.006624449865322148,-20.0,-20.0,0.0,0.0,0.0,0.0,0.024099596735709477,0.02409958828896799,0.02409959250702917,5.939612167247711e-09,2.2547557840269846e-05,0,none,0.0,0.0,0.0,0.0,0.0,0.0,0.0,0,0.0,0.0,0.0,0.0,,0,False,0,False,nan,nan,,nan,nan,,0.0,0,False,False,False,False,False,,2972,1550,0
39,True,39,39,1,0.019500000000000014,0.0005,0.0005,0,0,0,False,False,,,none,1.04875,-0.02878468748126145,-0.03018316794889577,-15218272935.291237,0.02406849775071441,0.006052299971613565,True,2,1,4,1,True,2,,,2,2,2,179,,,,,,,,,5,0.8,9.140745739404585e-08,3.7953345317285935e-06,2.0157737146114983e-07,3.991413154877646e-07,3.8226779562779335e-06,False,3.5378970457851136e-05,0.0,3.5378970457851136e-05,1.0484468455675477,0.9997109373707248,0.0,0.0,1.0484561914974313,1.0484845544543262,1.0484561914974313,1.0484845544543262,-1.0368080094175043,-0.9922115847005161,3.140290796624407,3.2929566373287518,1.0486151922199212,3.140290796624407,3.2929566373287518,1.0486151922199212,-0.006052299971613565,0.0004912303841262457,0.006543530355739811,-0.006052299971613565,0.0004912303841262457,0.006543530355739811,0.02996105792350258,0.03018404004708752,0.00022298212358494093,-0.006050874366209247,0.0004976291465810321,0.00654850351279028,-20.0,-20.0,0.0,0.0,0.0,0.0,0.04649388737916751,0.046493879026601105,0.046493883190293475,9.690492732532773e-10,2.2496706133624574e-05,0,none,0.0,0.0,0.0,0.0,0.0,0.0,0.0,0,0.0,0.0,0.0,0.0,,0,False,0,False,nan,nan,,nan,nan,,0.0,0,False,False,False,False,False,,2972,1550,0
40,True,40,40,1,0.020000000000000014,0.0005,0.0005,0,0,0,False,False,,,none,1.05,-0.044486141464381034,-0.04669816821175729,-23030121413.004597,0.02462330279638968,0.005969642486690455,True,2,1,4,1,True,2,,,2,2,2,178,,,,,,,,,5,0.8,8.369887177285968e-08,3.582091905971589e-06,1.9671497231395546e-07,6.230188611590797e-07,3.642147334424523e-06,False,5.153495759870625e-05,0.0,5.153495759870625e-05,1.0495293666309933,0.9995517777438031,0.0,0.0,1.0495395337454192,1.0495727242190225,1.0495395337454192,1.0495727242190225,-1.0454235039119566,-1.0068767288994196,3.140290796624407,3.296533816491834,1.0497543157580747,3.140290796624407,3.296533816491834,1.0497543157580747,-0.005969642486690455,0.00047447120559160214,0.006444113692282058,-0.005969642486690455,0.00047447120559160214,0.006444113692282058,0.030034383644497096,0.030227117519559782,0.000192733875062686,-0.005968205385910316,0.00048527135758914564,0.006453476743499461,-20.0,-20.0,0.0,0.0,0.0,0.0,0.08975689459780574,0.08975688658587723,0.08975689056294991,4.427105123474073e-153,2.212647504494378e-05,0,none,0.0,0.0,0.0,0.0,0.0,0.0,0.0,0,0.0,0.0,0.0,0.0,,0,False,0,False,nan,nan,,nan,nan,,0.0,0,False,False,False,False,False,,2972,1550,0
41,True,41,41,1,0.020500000000000015,0.0005,0.0005,0,0,0,False,False,,,none,1.05125,-0.06018759544750072,-0.06324548170496408,-30841912795.845127,0.025149634113703676,0.005829809299983902,True,2,1,4,1,True,2,,,2,2,2,180,,,,,,,,,5,0.8,8.132081418405678e-08,3.3754718114660575e-06,1.941489475194506e-07,1.0595365389420988e-06,3.544112655658369e-06,False,7.160686927805316e-05,0.0,7.160686927805316e-05,1.0505582994910725,0.999342020918975,0.0,0.0,1.0505689885690102,1.050607188902469,1.0505689885690102,1.050607188902469,-1.054436149242925,-1.0121552990102765,3.140290796624407,3.299928675229858,1.050835380843408,3.140290796624407,3.299928675229858,1.050835380843408,-0.005829809299983902,0.0005225195789076644,0.006352328878891566,-0.005829809299983902,0.0005225195789076644,0.006352328878891566,0.030060776495051383,0.030272180746214624,0.00021140425116324135,-0.00582838751114263,0.0005675874796189675,0.006395974990761597,-20.0,-20.0,0.0,0.0,0.0,0.0,0.15437387553224496,0.15437386811037407,0.15437387176046755,4.2793778146436527e-153,2.138821564463394e-05,0,none,0.0,0.0,0.0,0.0,0.0,0.0,0.0,0,0.0,0.0,0.0,0.0,,0,False,0,False,nan,nan,,nan,nan,,0.0,0,False,False,False,False,False,,2972,1550,0
42,True,42,42,1,0.021000000000000015,0.0005,0.0005,0,0,0,False,False,,,none,1.0525,-0.07588904943062033,-0.07982217899394811,-38654084801.31042,0.02564737788070036,0.0056248443456746846,True,2,1,4,1,True,2,,,2,2,2,179,,,,,,,,,5,0.8,8.172565183624854e-08,3.1719741717628018e-06,1.950519638751988e-07,1.5455374398222818e-06,3.53480274909398e-06,False,9.591506351581315e-05,0.0,9.591506351581315e-05,1.051530680628851,0.9990790314763429,0.0,0.0,1.0515433646805417,1.0515854333812569,1.0515433646805417,1.0515854333812569,-1.0636489338429629,-1.0149658423352297,3.140290796624407,3.3031403641527977,1.0518581169945924,3.140290796624407,3.3031403641527977,1.0518581169945924,-0.0056248443456746846,0.0006803252790094737,0.006305169624684158,-0.0056248443456746846,0.0006803252790094737,0.006305169624684158,0.030074829211676146,0.03031824466921481,0.0002434154575386635,-0.0056234288224364685,0.0007114969087091044,0.006334925731145573,-20.0,-20.0,0.0,0.0,0.0,0.0,0.24086165378289856,0.24086164723726358,0.2408616503923272,4.062394079465308e-153,2.0303912421246568e-05,0,none,0.0,0.0,0.0,0.0,0.0,0.0,0.0,0,0.0,0.0,0.0,0.0,,0,False,0,False,nan,nan,,nan,nan,,0.0,0,False,False,False,False,False,,2972,1550,0
43,True,43,43,1,0.021500000000000016,0.0005,0.0005,0,0,0,False,False,,,none,1.05375,-0.0915905034137399,-0.09642525111140507,-46466968459.76107,0.026115853657605017,0.005354326859305181,True,2,1,4,1,True,2,,,2,2,2,177,,,,,,,,,5,0.8,8.290809789468719e-08,2.9657776466782803e-06,2.0056550043751415e-07,2.054638982480242e-06,3.6144817983393236e-06,False,0.00012476703432152513,0.0,0.00012476703432152513,1.0524447576179166,0.9987613358177144,0.0,0.0,1.0524590086455925,1.052504789852691,1.052459018890686,1.052504789852691,-1.0730185877252678,-1.0178523454948116,3.140290796624407,3.30616423045459,1.0528210425634739,3.140290796624407,3.30616423045459,1.0528210425634739,-0.005354326859305181,0.0008992151733241301,0.0062535420326293115,-0.005354326859305181,0.0008992151733241301,0.0062535420326293115,0.03008926172747406,0.03036509293862634,0.0002758312111522804,-0.005352913962440622,0.0008993121665189362,0.006252226128959558,-20.0,-20.0,0.0,0.0,0.0,0.0,0.34976490108747527,0.34976489574849673,0.3497648982058927,3.7869886544844884e-153,1.8927892853476537e-05,0,none,0.0,0.0,0.0,0.0,0.0,0.0,0.0,0,0.0,0.0,0.0,0.0,,0,False,0,False,nan,nan,,nan,nan,,0.0,0,False,False,False,False,False,,2972,1550,0
44,True,44,44,1,0.022000000000000016,0.0005,0.0005,0,0,0,False,False,,,none,1.055,-0.1072919573968594,-0.11305160287950901,-54280810937.823616,0.02655431689416644,0.005017665417071669,True,2,1,4,1,True,2,,,2,2,2,179,,,,,,,,,5,0.8,8.345533198609373e-08,2.756090426019992e-06,2.1159540684432432e-07,2.580086966519329e-06,3.782144973402857e-06,False,0.00015845588803650138,0.0,0.00015845588803650138,1.0532987211140847,0.9983874133782794,0.0,0.0,1.0533135823274926,1.0533627222842565,1.0533135823274926,1.0533627222842565,-1.0825179845842463,-1.020810605011662,3.140290796624407,3.308995221737899,1.0537225486553148,3.140290796624407,3.308995221737899,1.0537225486553148,-0.005017665417071669,0.0011796008543154273,0.006197266271387097,-0.005017665417071669,0.0011796008543154273,0.006197266271387097,0.03010405302505831,0.03041258992292123,0.00030853689786292104,-0.005016252919565428,0.0011793158754546708,0.006195568795020099,-20.0,-20.0,0.0,0.0,0.0,0.0,0.48165217646933084,0.481652172705522,0.48165217422749185,3.4736876319718386e-153,1.7363019715542563e-05,0,none,0.0,0.0,0.0,0.0,0.0,0.0,0.0,0,0.0,0.0,0.0,0.0,,0,False,0,False,nan,nan,,nan,nan,,0.0,0,False,False,False,False,False,,2972,1550,0
45,True,45,45,1,0.022500000000000017,0.0005,0.0005,0,0,0,False,False,,,none,1.0562500000000001,-0.12299341137997913,-0.12969804478466296,-62095793853.35065,0.026961992338286903,0.004614126263686463,True,2,1,4,1,True,2,,,2,2,2,165,,,,,,,,,5,0.8,8.248083676424228e-08,2.5424710093540843e-06,2.2863565307583943e-07,3.1199918898944552e-06,4.032069639366847e-06,False,0.00019725978561440359,0.0,0.00019725978561440359,1.0540899588995616,0.9979549906741411,0.0,0.0,1.054104768275257,1.0541562784086962,1.054104768275257,1.0541562784086962,-1.0922287447472905,-1.0238364058656826,3.140290796624407,3.3116281091772986,1.0545609701932914,3.140290796624407,3.3116281091772986,1.0545609701932914,-0.004614126263686463,0.0015137119465004237,0.006127838210186887,-0.004614126263686463,0.0015137119465004237,0.006127838210186887,0.03011918202932841,0.030461143723736452,0.0003419616944080432,-0.004612712879699641,0.0015286689777420151,0.006141381857441656,-20.0,-20.0,0.0,0.0,0.0,0.0,0.6371120555718928,0.6371120537976855,0.6371120541033541,3.160543268023733e-153,1.5799909284266214e-05,0,none,0.0,0.0,0.0,0.0,0.0,0.0,0.0,0,0.0,0.0,0.0,0.0,,0,False,0,False,nan,nan,,nan,nan,,0.0,0,False,False,False,False,False,,2972,1550,0
46,True,46,46,1,0.023000000000000017,0.0005,0.0005,0,0,0,False,False,,,none,1.0575,-0.13869486536309888,-0.14636128577854585,-69912047789.0779,0.02733807937740502,0.004142839592892552,True,2,1,4,1,True,2,,,2,2,2,173,,,,,,,,,5,0.8,7.950308752229847e-08,2.3245409747818746e-06,2.517329609559113e-07,3.673896188195366e-06,4.355536037003197e-06,False,0.0002414420076551542,0.0,0.0002414420076551542,1.0548137836159504,0.9974598426628372,0.0,0.0,1.0548288225983002,1.054883416299659,1.0548288225983002,1.054883468367616,-1.1020216485007075,-1.026925620623784,3.140290796624407,3.314057521167344,1.0553345966334469,3.140290796624407,3.314057521167344,1.0553345966334469,-0.004142839592892552,0.0019273004768288182,0.00607014006972137,-0.004142839592892552,0.0019273004768288182,0.00607014006972137,0.030134628103118913,0.03051010824250354,0.0003754801393846263,-0.004141424656228406,0.0019370338259037429,0.0060784584821321486,-20.0,-20.0,0.0,0.0,0.0,0.0,0.8167495585559644,0.8167495592409069,0.816749557997174,2.914853723982083e-153,1.4575443488992273e-05,0,none,0.0,0.0,0.0,0.0,0.0,0.0,0.0,0,0.0,0.0,0.0,0.0,,0,False,0,False,nan,nan,,nan,nan,,0.0,0,False,False,False,False,False,,2972,1550,0
47,True,47,47,1,0.023500000000000017,0.0005,0.0005,0,0,0,False,False,,,none,1.05875,-0.15439631934621822,-0.16303792819451263,-77729663679.23987,0.027681756953313996,0.0036028107172853133,True,2,1,4,1,True,2,,,2,2,2,165,,,,,,,,,5,0.8,7.438618793470677e-08,2.101981743121186e-06,2.805980339865209e-07,4.241815194833228e-06,4.7429518189799685e-06,False,0.00029125148308303274,0.0,0.00029125148308303274,1.0554689646816073,0.9969010292152135,0.0,0.0,1.0554855445254647,1.0555416837390392,1.0554855445254647,1.0555417128195874,-1.1118853405055111,-1.030074283615423,3.140290796624407,3.3162779748788727,1.056041682013538,3.140290796624407,3.3162779748788727,1.056041682013538,-0.0036028107172853133,0.002402500511989545,0.006005311229274859,-0.0036028107172853133,0.002402500511989545,0.006005311229274859,0.030150371418077113,0.03055942670252755,0.00040905528445043735,-0.003601393962944641,0.0024105896705027257,0.006011983633447367,-20.0,-20.0,0.0,0.0,0.0,0.0,1.0211829773520105,1.0211829810307487,1.0211829778423782,2.8388752019339736e-153,1.4200853752704976e-05,0,none,0.0,0.0,0.0,0.0,0.0,0.0,0.0,0,0.0,0.0,0.0,0.0,,0,False,0,False,nan,nan,,nan,nan,,0.0,0,False,False,False,False,False,,2972,1550,0
48,True,48,48,1,0.024000000000000018,0.0005,0.0005,0,0,0,False,False,,,none,1.06,-0.17009777332933773,-0.17972457325799523,-85548701622.63994,0.027992506364776223,0.0029923086024340024,True,2,1,4,1,True,2,,,2,2,2,179,,,,,,,,,6,0.8,1.3537568136204225e-08,3.7491236912648746e-07,6.302309999085816e-08,9.647330186044831e-07,1.0370266431453214e-06,False,0.0003458062987773049,0.0,0.0003458062987773049,1.0560549944106818,0.9962782966138507,0.0,0.0,1.05607232654797,1.056130879508868,1.05607232654797,1.056130879508868,-1.121818531694552,-1.0332786334795887,3.140290796624407,3.318285962662454,1.0566811093512039,3.140290796624407,3.318285962662454,1.0566811093512039,-0.0029923086024340024,0.0029482942491959514,0.005940602851629954,-0.0029923086024340024,0.0029482942491959514,0.005940602851629954,0.030166393167397946,0.030609092658472756,0.00044269949107481055,-0.0029920424517648285,0.0029483174797789074,0.0059403599315437355,-20.0,-20.0,0.0,0.0,0.0,0.0,1.2510411339466556,1.2510411385373386,1.2510411342832897,3.039716772852499e-153,1.5206133145912147e-05,0,none,0.0,0.0,0.0,0.0,0.0,0.0,0.0,0,0.0,0.0,0.0,0.0,,0,False,0,False,nan,nan,,nan,nan,,0.0,0,False,False,False,False,False,,2972,1550,0
49,True,49,49,1,0.02450000000000002,0.0005,0.0005,0,0,0,False,False,,,none,1.06125,-0.18579922731245754,-0.1964173800402202,-93369197864.0975,0.028268806951345107,0.0035615413699948235,True,2,1,4,1,True,2,,,2,2,2,182,,,,,,,,,6,0.8,1.1969346922413553e-08,3.2800327861700146e-07,7.082257539564076e-08,1.083069953952962e-06,1.1339249438964618e-06,False,0.0004075726469009726,0.0,0.0004075726469009726,1.056568458344598,0.9955886533282431,0.0,0.0,1.056586586543678,1.0566460611969153,1.056586586543678,1.0566464146730097,-1.1318108046114155,-1.0365351727410077,3.140290796624407,3.3200715232898066,1.0572497065745157,3.140290796624407,3.3200715232898066,1.0572497065745157,-0.0023112544285723694,0.0035615413699948235,0.005872795798567193,-0.0023112544285723694,0.0035615413699948235,0.005872795798567193,0.03018267586370504,0.03065905402305707,0.0004763781593520311,-0.0023109858860173907,0.0035571334925931855,0.005868119378610577,-20.0,-20.0,0.0,0.0,0.0,0.0,1.5069610350390659,1.5069610417919654,1.5069610356425291,3.5627052359131783e-153,1.7823000857523937e-05,0,none,0.0,0.0,0.0,0.0,0.0,0.0,0.0,0,0.0,0.0,0.0,0.0,,0,False,0,False,nan,nan,,nan,nan,,0.0,0,False,False,False,False,False,,2972,1550,0
50,True,50,50,1,0.02500000000000002,0.0005,0.0005,0,0,0,False,False,,,none,1.0625,-0.20150068129557722,-0.21311272586766186,-101191169908.89998,0.028510153387345336,0.004248360837789502,True,2,1,4,1,True,2,,,2,2,2,167,,,,,,,,,6,0.8,1.0766006077751547e-08,2.8046689254452055e-07,7.949186400802142e-08,1.2052053852546101e-06,1.2400066781233999e-06,False,0.0004756367603321581,0.0,0.0004756367603321581,1.0570079306047901,0.9948309935103907,0.0,0.0,1.0570259682195866,1.0570875863117966,1.0570259682195866,1.0570875953794705,-1.1418491117573182,-1.0398406455134142,3.140290796624407,3.3216312793328506,1.0577463981690396,3.140290796624407,3.3216312793328506,1.0577463981690396,-0.0015578699706105747,0.004248360837789502,0.005806230808400077,-0.0015578699706105747,0.004248360837789502,0.005806230808400077,0.03019920322756707,0.03070924555878659,0.0005100423312195193,-0.0015575989336947963,0.00424518883575822,0.005802787769453016,-20.0,-20.0,0.0,0.0,0.0,0.0,1.7895859232618847,1.789585932737588,1.789585924162209,4.379262811164001e-153,2.190713022148403e-05,0,none,0.0,0.0,0.0,0.0,0.0,0.0,0.0,0,0.0,0.0,0.0,0.0,,0,False,0,False,nan,nan,,nan,nan,,0.0,0,False,False,False,False,False,,2972,1550,0
51,True,51,51,1,0.02550000000000002,0.0005,0.0005,0,0,0,False,False,,,none,1.06375,-0.21720213527869697,-0.22980676545473744,-109014620599.49744,0.02871568278371269,0.005004944110752299,True,2,1,4,1,True,2,,,2,2,2,182,,,,,,,,,6,0.8,1.0852683529298098e-08,2.3185137051204425e-07,8.894831549505599e-08,1.3303077911551186e-06,1.3533305068554094e-06,False,0.0005501998183545234,0.0,0.0005501998183545234,1.0573709057763185,0.9940032016698647,0.0,0.0,1.0573891276496512,1.0574503671467308,1.0573891276496512,1.0574504156017899,-1.1519416786133645,-1.0431920633608753,3.140290796624407,3.322959565979252,1.0581693802214753,3.140290796624407,3.322959565979252,1.0581693802214753,-0.0007308070719820614,0.005004944110752299,0.00573575118273436,-0.0007308070719820614,0.005004944110752299,0.00573575118273436,0.03021596031680437,0.030759708393066822,0.0005437480762624514,-0.0007305337862882032,0.005001191228994104,0.0057317250152823076,-20.0,-20.0,0.0,0.0,0.0,0.0,2.0995636238457474,2.099563636711859,2.099563625073204,5.437312126745049e-153,2.719838936648553e-05,0,none,0.0,0.0,0.0,0.0,0.0,0.0,0.0,0,0.0,0.0,0.0,0.0,,0,False,0,False,nan,nan,,nan,nan,,0.0,0,False,False,False,False,False,,2972,1550,0
52,True,52,52,1,0.02600000000000002,0.0005,0.0005,0,0,0,False,False,,,none,1.065,-0.23290358926181634,-0.2464955413776255,-116839541203.22379,0.028884529506906474,0.005830722653497537,True,2,1,4,1,True,2,,,2,2,2,189,,,,,,,,,6,0.8,1.3084586245756031e-08,1.821496875537389e-07,9.912280324593048e-08,1.4584089658512282e-06,1.47313670678309e-06,False,0.0006314541183268705,0.0,0.0006314541183268705,1.0576555661842477,0.9931038180133782,0.0,0.0,1.0576734591151653,1.0577361625389265,1.0576734591151653,1.0577361625389265,-1.1620632016696024,-1.0465866899886855,3.140290796624407,3.324050724765998,1.0585168508404126,3.140290796624407,3.324050724765998,1.0585168508404126,0.00017133545266078394,0.005830722653497537,0.005659387200836754,0.00017133545266078394,0.005830722653497537,0.005659387200836754,0.030232933449943423,0.030810316008348014,0.0005773825584045912,0.0001716107168331137,0.005826322986276825,0.005654712269443711,-20.0,-20.0,0.0,0.0,0.0,0.0,2.4375451620871686,2.437545179132593,2.4375451636727323,6.696151068549576e-153,3.349348069190475e-05,0,none,0.0,0.0,0.0,0.0,0.0,0.0,0.0,0,0.0,0.0,0.0,0.0,,0,False,0,False,nan,nan,,nan,nan,,0.0,0,False,False,False,False,False,,2972,1550,0
53,True,53,53,1,0.02650000000000002,0.0005,0.0005,0,0,0,False,False,,,none,1.0662500000000001,-0.24860504324493582,-0.2631749853858507,-124665913784.50407,0.02901582770724873,0.006732401432647202,True,2,1,4,1,True,2,,,2,2,2,180,,,,,,,,,6,0.8,1.744639882420295e-08,1.3138538565215518e-07,1.0995793824197136e-07,1.5895351726385662e-06,1.5988368614816336e-06,False,0.0007195837733136182,0.0,0.0007195837733136182,1.0578597853893519,0.99213110001346,0.0,0.0,1.057877745166818,1.0579397449299621,1.0578777812402391,1.0579397566615514,-1.1722191498852914,-1.050022027297642,3.140290796624407,3.324899120894081,1.0587870156700503,3.140290796624407,3.324899120894081,1.0587870156700503,0.0011500004154423188,0.006732401432647202,0.005582401017204883,0.0011500004154423188,0.006732401432647202,0.005582401017204883,0.030250110136488206,0.030861095749426457,0.0006109856129382502,0.0011502773816098929,0.006735312306331252,0.005585034924721359,-20.0,-20.0,0.0,0.0,0.0,0.0,2.8041835903605095,2.804183612509852,2.8041835923356873,8.130853858136162e-153,4.0667887560988195e-05,0,none,0.0,0.0,0.0,0.0,0.0,0.0,0.0,0,0.0,0.0,0.0,0.0,,0,False,0,False,nan,nan,,nan,nan,,0.0,0,False,False,False,False,False,,2972,1550,0
54,True,54,54,1,0.02700000000000002,0.0005,0.0005,0,0,0,False,False,,,none,1.0675000000000001,-0.26430649722805555,-0.27984092015782547,-132493713039.78227,0.029108713499761876,0.00771919793503034,True,2,1,4,1,True,2,,,2,2,2,181,,,,,,,,,6,0.8,2.3495122556926074e-08,7.969441776240197e-08,1.2140604564721613e-07,1.7237075557692758e-06,1.7299741000206443e-06,False,0.0008147655500038813,0.0,0.0008147655500038813,1.0579811240347214,0.9910830201730411,0.0,0.0,1.057999159794813,1.058062088514728,1.0579992047868976,1.0580621671615518,-1.1823934321230383,-1.0534957967868732,3.140290796624407,3.3254991583683347,1.0589780927113546,3.140290796624407,3.3254991583683347,1.0589780927113546,0.0022066622994512453,0.00771919793503034,0.005512535635579095,0.0022066622994512453,0.00771919793503034,0.005512535635579095,0.030267478983934365,0.030911967160615186,0.0006444881766808214,0.002206940696757538,0.007722459641588833,0.005515518944831295,-20.0,-20.0,0.0,0.0,0.0,0.0,3.2001329795618405,3.2001330078905035,3.200132981958751,9.727470393008526e-153,4.865191095843487e-05,0,none,0.0,0.0,0.0,0.0,0.0,0.0,0.0,0,0.0,0.0,0.0,0.0,,0,False,0,False,nan,nan,,nan,nan,,0.0,0,False,False,False,False,False,,2972,1550,0
55,True,55,55,1,0.02750000000000002,0.0005,0.0005,0,0,0,False,False,,,none,1.06875,-0.2800079512111753,-0.29648906146328735,-140322907732.94427,0.029162326934780203,0.00878187652633268,True,2,1,4,1,True,2,,,2,2,2,176,,,,,,,,,6,0.8,3.092145396841371e-08,2.8357033577530864e-08,1.3342726130418037e-07,1.8609427361740628e-06,1.8661915654741824e-06,False,0.0009171695688324575,0.0,0.0009171695688324575,1.0580185137959448,0.989958843317843,0.0,0.0,1.0580364290686628,1.0580993442335953,1.0580364877846697,1.0580994225121692,-1.1925833332027473,-1.0570059184684437,3.140290796624407,3.325845293849698,1.0590883167331984,3.140290796624407,3.325845293849698,1.0590883167331984,0.0033428188118764185,0.00878187652633268,0.005439057714456261,0.0033428188118764185,0.00878187652633268,0.005439057714456261,0.03028502959234222,0.030962916666013734,0.0006778870736715153,0.0033430983823745358,0.008785513707078658,0.005442415324704122,-20.0,-20.0,0.0,0.0,0.0,0.0,3.6260475362197937,3.6260475719697545,3.626047539071259,1.1478611722297027e-152,5.7408628921081836e-05,0,none,0.0,0.0,0.0,0.0,0.0,0.0,0.0,0,0.0,0.0,0.0,0.0,,0,False,0,False,nan,nan,,nan,nan,,0.0,0,False,False,False,False,False,,2972,1550,0
56,True,56,56,1,0.02800000000000002,0.0005,0.0005,0,0,0,False,False,,,none,1.07,-0.295709405194295,-0.31311502068531144,-148153461835.57428,0.029175813798630927,0.009922089910152598,True,2,1,4,1,True,2,,,2,2,2,161,,,,,,,,,6,0.8,3.958283241816976e-08,3.147180976129765e-08,1.4598793380793898e-07,2.001253449431043e-06,2.0072082904145886e-06,False,0.0010269598704190901,0.0,0.0010269598704190901,1.0579700643119168,0.9887570694503894,0.0,0.0,1.05798777426546,1.058050413167538,1.05798777426546,1.0580504154689339,-1.2027865885836395,-1.0605504888437727,3.140290796624407,3.3259320494851528,1.0591159433579518,3.140290796624407,3.3259320494851528,1.0591159433579518,0.004559983811628497,0.009922089910152598,0.0053621060985241005,0.004559983811628497,0.009922089910152598,0.0053621060985241005,0.030302752444218862,0.031013932942918196,0.0007111804986993341,0.0045602643145114825,0.009926127856035472,0.005365863541523989,-20.0,-20.0,0.0,0.0,0.0,0.0,4.082580813625841,4.08258085822204,4.082580816965206,1.3380708918256796e-152,6.692020687790622e-05,0,none,0.0,0.0,0.0,0.0,0.0,0.0,0.0,0,0.0,0.0,0.0,0.0,,0,False,0,False,nan,nan,,nan,nan,,0.0,0,False,False,False,False,False,,2972,1550,0
57,True,57,57,1,0.028500000000000022,0.0005,0.0005,0,0,0,False,False,,,none,1.07125,-0.31141085917741423,-0.3297143076699713,-155985335450.01358,0.02914832727745111,0.01114148143502294,True,2,1,4,1,True,2,,,2,2,2,177,,,,,,,,,6,0.8,4.9427306758799035e-08,8.53784590031829e-08,1.5905935487768356e-07,2.144648482264666e-06,2.1528003926907453e-06,False,0.0011442948582531549,0.0,0.0011442948582531549,1.0578333506738524,0.9874757065800256,0.0,0.0,1.057850876861471,1.0579139501410377,1.0578509302886032,1.0579139738425936,-1.2130013109263287,-1.064127759042832,3.140290796624407,3.325754024936867,1.0590592528920633,3.140290796624407,3.325754024936867,1.0590592528920633,0.005354756366237296,0.01114148143502294,0.005786725068785643,0.005354756366237296,0.01114148143502294,0.005786725068785643,0.030320638795214162,0.03106500655463164,0.0007443677594174761,0.005464758882302523,0.011145946088358257,0.005681187206055734,-20.0,-20.0,0.0,0.0,0.0,0.0,4.570384991882406,4.570385046949924,4.570384995743618,1.5432449231777196e-152,7.71800855733391e-05,0,none,0.0,0.0,0.0,0.0,0.0,0.0,0.0,0,0.0,0.0,0.0,0.0,,0,False,0,False,nan,nan,,nan,nan,,0.0,0,False,False,False,False,False,,2972,1550,0
58,True,58,58,1,0.029000000000000022,0.0005,0.0005,0,0,0,False,False,,,none,1.0725,-0.3271123131605343,-0.3462823338829606,-163818485572.62347,0.02907902951343718,0.012441684316543267,True,2,1,4,1,True,2,,,2,2,2,177,,,,,,,,,6,0.8,6.044753751372e-08,1.4173434708555624e-07,1.7261675967943969e-07,2.2911338796055487e-06,2.302788207789384e-06,False,0.0012693276318833102,0.0,0.0012693276318833102,1.0576071011376231,0.986113847214567,0.0,0.0,1.0576247020763605,1.0576874496021063,1.0576247326756716,1.057687459315604,-1.223225926375692,-1.0677361138869153,3.140290796624407,3.3253059087949612,1.0589165539603633,3.140290796624407,3.3253059087949612,1.0589165539603633,0.006195166004809201,0.012441684316543267,0.006246518311734066,0.006195166004809201,0.012441684316543267,0.006246518311734066,0.030338680569434572,0.03111612963187846,0.0007774490624438864,0.006275291360436306,0.012446602270680089,0.006171310910243782,-20.0,-20.0,0.0,0.0,0.0,0.0,5.090110207429365,5.090110274811324,5.090110211847047,1.7633888310633473e-152,8.818854529497007e-05,0,none,0.0,0.0,0.0,0.0,0.0,0.0,0.0,0,0.0,0.0,0.0,0.0,,0,False,0,False,nan,nan,,nan,nan,,0.0,0,False,False,False,False,False,,2972,1550,0
59,True,59,59,1,0.029500000000000023,0.0005,0.0005,0,0,0,False,False,,,none,1.07375,-0.3428137671436535,-0.3628144158601081,-171652866738.83502,0.02896709307444712,0.013824320443698187,True,2,1,4,1,True,2,,,2,2,2,177,,,,,,,,,6,0.8,7.265916682611846e-08,1.9945543378514474e-07,1.8663855403521521e-07,2.440712792778556e-06,2.4570255821369747e-06,False,0.001402206227585875,0.0,0.001402206227585875,1.057289549240973,0.9846701273489854,0.0,0.0,1.0573069698068067,1.0573696821598917,1.0573069698068067,1.0573696821598917,-1.2334591199972262,-1.0713740523680833,3.140290796624407,3.3245824895185474,1.0586861869901478,3.140290796624407,3.3245824895185474,1.0586861869901478,0.007102112641706902,0.013824320443698187,0.006722207801991285,0.007102112641706902,0.013824320443698187,0.006722207801991285,0.030356870261840415,0.03116729559998613,0.0008104253381457163,0.0071478371243771715,0.013829718940704784,0.006681881816327613,-20.0,-20.0,0.0,0.0,0.0,0.0,5.642403917302182,5.642403999078029,5.642403922311487,1.9985935131983826e-152,9.995013192315356e-05,0,none,0.0,0.0,0.0,0.0,0.0,0.0,0.0,0,0.0,0.0,0.0,0.0,,0,False,0,False,nan,nan,,nan,nan,,0.0,0,False,False,False,False,False,,2972,1550,0
60,True,60,60,1,0.030000000000000023,0.0005,0.0005,0,0,0,False,False,,,none,1.075,-0.3585152211267731,-0.37930577894409934,-179488431579.6218,0.028811702356831607,0.015292171203365875,True,2,1,4,1,True,2,,,2,2,2,163,,,,,,,,,6,0.8,8.6090785841362e-08,2.5840196970574624e-07,2.0110570667133208e-07,2.5933857898371693e-06,2.6153922385637927e-06,False,0.0015430737836810895,0.0,0.0015430737836810895,1.0568789549258306,0.9831432138844937,0.0,0.0,1.056895882112389,1.0569578877510135,1.056895882112389,1.0569578894581626,-1.2436997896190833,-1.075040169831715,3.140290796624407,3.3235786660196047,1.0583665275815282,3.140290796624407,3.3235786660196047,1.0583665275815282,0.008077387061207416,0.015292171203365875,0.007214784142158459,0.008077387061207416,0.015292171203365875,0.007214784142158459,0.030375200849158575,0.03121849894809542,0.0008432980989368441,0.008084002265803938,0.015296905792662022,0.007212903526858085,-20.0,-20.0,0.0,0.0,0.0,0.0,6.227910287147375,6.227910385652255,6.227910292783971,2.2490043888878116e-152,0.00011247211698318834,0,none,0.0,0.0,0.0,0.0,0.0,0.0,0.0,0,0.0,0.0,0.0,0.0,,0,False,0,False,nan,nan,,nan,nan,,0.0,0,False,False,False,False,False,,2972,1550,0
61,True,61,61,1,0.030500000000000024,0.0005,0.0005,0,0,0,False,False,,,none,1.0762500000000002,-0.3742166751098923,-0.3957515613029923,-187325131310.10458,0.02861205493431816,0.016858909796750865,True,2,1,4,1,True,2,,,2,2,2,181,,,,,,,,,6,0.8,1.0077905289750884e-07,3.185304024179442e-07,2.160012743266102e-07,2.749151390429673e-06,2.7777883203692067e-06,False,0.0016920686475385936,0.0,0.0016920686475385936,1.0563736225708922,0.9815318212040809,0.0,0.0,1.056390536317788,1.056451930381493,1.0563905893300523,1.0564520982090555,-1.2539470072321992,-1.0787331419922044,3.140290796624407,3.3222894579763174,1.0579559897916289,3.140290796624407,3.3222894579763174,1.0579559897916289,0.009122749625328682,0.016858909796750865,0.007736160171422183,0.009122749625328682,0.016858909796750865,0.007736160171422183,0.03039366570996102,0.03126973503616099,0.00087606932619997,0.009085371672277817,0.016858804415525685,0.007773432743247868,-20.0,-20.0,0.0,0.0,0.0,0.0,6.847269594981707,6.847269712826131,6.847269601281984,2.5148023541462407e-152,0.0001257635456779897,0,none,0.0,0.0,0.0,0.0,0.0,0.0,0.0,0,0.0,0.0,0.0,0.0,,0,False,0,False,nan,nan,,nan,nan,,0.0,0,False,False,False,False,False,,2972,1550,0
62,True,62,62,1,0.031000000000000024,0.0005,0.0005,0,0,0,False,False,,,none,1.0775000000000001,-0.38991812909301227,-0.4121468182277601,-195162916164.539,0.028367362865459295,0.01851408101832042,True,2,1,4,1,True,2,,,2,2,2,174,,,,,,,,,6,0.8,1.1676620025143426e-07,3.798187305431278e-07,2.3131002111076967e-07,2.908005424467973e-06,2.944129156167231e-06,False,0.0018493244396439682,0.0,0.0018493244396439682,1.055771661124473,0.9798344882825734,0.0,0.0,1.0557883911203474,1.0558487941500119,1.0557883911203474,1.055848806518326,-1.264201777073097,-1.0824517107988627,3.140290796624407,3.3207100159368106,1.05745302935204,3.140290796624407,3.3207100159368106,1.05745302935204,0.010239930942099164,0.01851408101832042,0.008274150076221256,0.010239930942099164,0.01851408101832042,0.008274150076221256,0.03041225855399431,0.03132100888536549,0.0009087503313711769,0.010153508929831427,0.018513904900540123,0.008360395970708695,-20.0,-20.0,0.0,0.0,0.0,0.0,7.501117644962997,7.50111778505309,7.501117651963748,2.796191622321907e-152,0.00013983462903996205,0,none,0.0,0.0,0.0,0.0,0.0,0.0,0.0,0,0.0,0.0,0.0,0.0,,0,False,0,False,nan,nan,,nan,nan,,0.0,0,False,False,False,False,False,,2972,1550,0
63,True,63,63,1,0.03150000000000002,0.0005,0.0005,0,0,0,False,False,,,none,1.07875,-0.4056195830761315,-0.4284865267074013,-203001735787.22934,0.028076853966937036,0.020259207996387852,True,2,1,4,1,True,2,,,2,2,2,170,,,,,,,,,6,0.8,1.340987524773485e-07,4.4225161550494897e-07,2.470181179971216e-07,3.0699419785037835e-06,3.114342734644227e-06,False,0.0020149700884026372,0.0,0.0020149700884026372,1.055071484727578,0.9780500437799099,0.0,0.0,1.055087884519002,1.0551477800667346,1.055087884519002,1.055147829214632,-1.2744635321479727,-1.0861946720910405,3.140290796624407,3.3188356312592644,1.056856146834166,3.140290796624407,3.3188356312592644,1.056856146834166,0.011430632301153926,0.020259207996387852,0.008828575695233926,0.011430632301153926,0.020259207996387852,0.008828575695233926,0.0304309733604552,0.03137231766073986,0.0009413443002846619,0.011289956060034,0.020258954392809295,0.008968998332775294,-20.0,-20.0,0.0,0.0,0.0,0.0,8.190085187177079,8.190085352735936,8.190085194915666,3.0933917140515613e-152,0.00015469634347772208,0,none,0.0,0.0,0.0,0.0,0.0,0.0,0.0,0,0.0,0.0,0.0,0.0,,0,False,0,False,nan,nan,,nan,nan,,0.0,0,False,False,False,False,False,,2972,1550,0
64,True,64,64,1,0.03200000000000002,0.0005,0.0005,0,0,0,False,False,,,none,1.08,-0.4213210370592516,-0.44476559027958196,-210841539585.68857,0.02773977305921367,0.022095794310505543,True,2,1,4,1,True,2,,,2,2,2,171,,,,,,,,,6,0.8,1.5282680446067486e-07,5.058159565169571e-07,2.631128994241036e-07,3.2349535055875217e-06,3.2883671320558444e-06,False,0.002189129846952473,0.0,0.002189129846952473,1.0542717740254994,0.976177568542129,0.0,0.0,1.0542878349337566,1.054346614944076,1.054287902372307,1.0543467560367428,-1.2847291817712856,-1.0899608649304708,3.140290796624407,3.3166617459123957,1.056163890770108,3.140290796624407,3.3166617459123957,1.056163890770108,0.01269652586754931,0.022095794310505543,0.009399268442956233,0.01269652586754931,0.022095794310505543,0.009399268442956233,0.030449804324652354,0.03142364590885643,0.0009738415842040736,0.0124962330887813,0.02209545630478377,0.00959922321600247,-20.0,-20.0,0.0,0.0,0.0,0.0,8.914797340754163,8.914797535343201,8.914797349268639,3.406632019231101e-152,0.00017036015889081597,0,none,0.0,0.0,0.0,0.0,0.0,0.0,0.0,0,0.0,0.0,0.0,0.0,,0,False,0,False,nan,nan,,nan,nan,,0.0,0,False,False,False,False,False,,2972,1550,0
65,True,65,65,1,0.03250000000000002,0.0005,0.0005,0,0,0,False,False,,,none,1.08125,-0.43702249104237134,-0.4609788441546556,-218682277050.10468,0.027355383189331645,0.024030016002402267,True,2,1,4,1,True,2,,,2,2,2,179,,,,,,,,,6,0.8,1.7300365763459415e-07,5.704989636155244e-07,2.7958266619248697e-07,3.4030303594874585e-06,3.4661479235413447e-06,False,0.002371923301305135,0.0,0.002371923301305135,1.0533709758128322,0.9742159313875904,0.0,0.0,1.0533871398870034,1.053444882762867,1.0533871398870034,1.053444955519871,-1.294998317219958,-1.0937491624693567,3.140290796624407,3.3141839621513496,1.055374860733874,3.140290796624407,3.3141839621513496,1.055374860733874,0.014039254636078273,0.024030016002402267,0.009990761366323994,0.014039254636078273,0.024030016002402267,0.009990761366323994,0.030468745812346786,0.03147499158609979,0.001006245773753002,0.013773837449471572,0.024028357792439975,0.010254520342968403,-20.0,-20.0,0.0,0.0,0.0,0.0,9.675873018608463,9.675873246149617,9.675873027937287,3.7361479954912742e-152,0.00018683784859511757,0,none,0.0,0.0,0.0,0.0,0.0,0.0,0.0,0,0.0,0.0,0.0,0.0,,0,False,0,False,nan,nan,,nan,nan,,0.0,0,False,False,False,False,False,,2972,1550,0
66,True,66,66,1,0.03300000000000002,0.0005,0.0005,0,0,0,False,False,,,none,1.0825,-0.4527239450254906,-0.47712106060992954,-226523898041.7498,0.02692296683256626,0.026062260130477317,True,2,1,4,1,True,2,,,2,2,2,182,,,,,,,,,6,0.8,1.9468558862894194e-07,6.362874746365059e-07,2.964165278972916e-07,3.5741607982623387e-06,3.647636549691466e-06,False,0.0025634653768204924,0.0,0.0025634653768204924,1.052367720155635,0.9721641756634041,0.0,0.0,1.052383536167071,1.0524403052062785,1.0523837079581877,1.0524403751247027,-1.3052705819511694,-1.097558464199518,3.140290796624407,3.311398052072052,1.0544877103838832,3.140290796624407,3.311398052072052,1.0544877103838832,0.015460432155737341,0.026062260130477317,0.010601827974739976,0.015460432155737341,0.026062260130477317,0.010601827974739976,0.03048779232099759,0.03152635290975585,0.0010385605887582583,0.015124243226668395,0.02606041559880534,0.010936172372136944,-20.0,-20.0,0.0,0.0,0.0,0.0,10.473924352829359,10.473924617627969,10.473924363011376,4.082178433297615e-152,0.00020414135257349828,0,none,0.0,0.0,0.0,0.0,0.0,0.0,0.0,0,0.0,0.0,0.0,0.0,,0,False,0,False,nan,nan,,nan,nan,,0.0,0,False,False,False,False,False,,2972,1550,0
67,True,67,67,1,0.03350000000000002,0.0005,0.0005,0,0,0,False,False,,,none,1.08375,-0.4684253990086107,-0.4931869546498592,-234366353052.00122,0.026441827075444475,0.028190930310120647,True,2,1,4,1,True,2,,,2,2,2,176,,,,,,,,,6,0.8,2.1793184745229595e-07,7.031679295366573e-07,3.1360427414903767e-07,3.7483317830143737e-06,3.832789874697424e-06,False,0.002763866348235982,0.0,0.002763866348235982,1.0512606650444505,0.9700213748968401,0.0,0.0,1.0512763397561058,1.0513318719733653,1.0512763877837825,1.0513319828201453,-1.3155456627658897,-1.1013876894249517,3.140290796624407,3.308299967039257,1.0535011504652525,3.140290796624407,3.308299967039257,1.0535011504652525,0.016961642040938484,0.028190930310120647,0.011229288269182163,0.016961642040938484,0.028190930310120647,0.011229288269182163,0.030506938447124758,0.03157772831382944,0.0010707898667046828,0.016548900252713755,0.028188888930850736,0.011639988678136981,-20.0,-20.0,0.0,0.0,0.0,0.0,11.309556120300126,11.309556427067925,11.30955613137482,4.444963431741465e-152,0.00022228267625915368,0,none,0.0,0.0,0.0,0.0,0.0,0.0,0.0,0,0.0,0.0,0.0,0.0,,0,False,0,False,nan,nan,,nan,nan,,0.0,0,False,False,False,False,False,,2972,1550,0
68,True,68,68,1,0.03400000000000002,0.0005,0.0005,0,0,0,False,False,,,none,1.085,-0.4841268529917307,-0.5091711899264063,-242209593433.17636,0.02591128878053191,0.030417443462769873,True,2,1,4,1,True,2,,,2,2,2,165,,,,,,,,,6,0.8,2.4280464398698337e-07,7.711260043761643e-07,3.3113626715339327e-07,3.9255285993483305e-06,4.02156877617339e-06,False,0.00297323185679527,0.0,0.00297323185679527,1.05004852325659,0.9677866573793455,0.0,0.0,1.0500638739982224,1.0501186320283091,1.050063916000824,1.050118674827766,-1.3258232830176824,-1.1052357718056938,3.140290796624407,3.304885846973628,1.0524139517671895,3.140290796624407,3.304885846973628,1.0524139517671895,0.018544437288909026,0.030417443462769873,0.011873006173860848,0.018544437288909026,0.030417443462769873,0.011873006173860848,0.030526178859028467,0.031629116415088414,0.0011029375560599464,0.018049233070326173,0.03041519454543014,0.012365961475103968,-20.0,-20.0,0.0,0.0,0.0,0.0,12.183365168536545,12.183365522415857,12.183365180543822,4.8247428576121965e-152,0.00024127381348294937,0,none,0.0,0.0,0.0,0.0,0.0,0.0,0.0,0,0.0,0.0,0.0,0.0,,0,False,0,False,nan,nan,,nan,nan,,0.0,0,False,False,False,False,False,,2972,1550,0
69,True,69,69,1,0.034500000000000024,0.0005,0.0005,0,0,0,False,False,,,none,1.0862500000000002,-0.4998283069748499,-0.5250683849124615,-250053571602.0806,0.025330699732733514,0.03274318925096432,True,2,1,4,1,True,2,,,2,2,2,165,,,,,,,,,6,0.8,2.6936911218569047e-07,8.401464921235504e-07,3.4900335646592785e-07,4.105734784202258e-06,4.213937269094079e-06,False,0.003191662936442404,0.0,0.003191662936442404,1.0487300796970205,0.9654592218154388,0.0,0.0,1.0487452170040152,1.0487988074894585,1.0487452171287677,1.0487989128380097,-1.3361031974413808,-1.1091016548313373,3.140290796624407,3.3011520294825374,1.0512249480306235,3.140290796624407,3.3011520294825374,1.0512249480306235,0.020210339425015184,0.03274318925096432,0.012532849825949134,0.020210339425015184,0.03274318925096432,0.012532849825949134,0.03054550827415669,0.031680515987206906,0.0011350077130502165,0.019626639775435748,0.032740721949628696,0.013114082174192947,-20.0,-20.0,0.0,0.0,0.0,0.0,13.09593984204331,13.09594024863108,13.095939855023515,5.221755139278535e-152,0.00026112668616195514,0,none,0.0,0.0,0.0,0.0,0.0,0.0,0.0,0,0.0,0.0,0.0,0.0,,0,False,0,False,nan,nan,,nan,nan,,0.0,0,False,False,False,False,False,,2972,1550,0
70,True,70,70,1,0.035000000000000024,0.0005,0.0005,0,0,0,False,False,,,none,1.0875000000000001,-0.5155297609579697,-0.5408731193197767,-257898241217.1042,0.02469943176561659,0.035169528545902405,True,2,1,4,1,True,2,,,2,2,2,160,,,,,,,,,6,0.8,2.9769357031564026e-07,9.102133524748504e-07,3.6719680931290564e-07,4.288932675362217e-06,4.409862446765212e-06,False,0.0034192560503463858,0.0,0.0034192560503463858,1.047304194279381,0.9630383395672468,0.0,0.0,1.0473187132582653,1.0473710695671756,1.0473189369445481,1.04737138144477,-1.3463851882451752,-1.1129842880956642,3.140290796624407,3.2970950588113457,1.0499330387986654,3.140290796624407,3.2970950588113457,1.0499330387986654,0.02196083749674241,0.035169528545902405,0.013208691049159994,0.02196083749674241,0.035169528545902405,0.013208691049159994,0.03056492144047832,0.03173192594122587,0.0011670045007475503,0.021282490755085554,0.03516683186783311,0.013884341112747552,-20.0,-20.0,0.0,0.0,0.0,0.0,14.047859409726017,14.047859875098705,14.047859423720132,5.636236296709554e-152,0.0002818530957959433,0,none,0.0,0.0,0.0,0.0,0.0,0.0,0.0,0,0.0,0.0,0.0,0.0,,0,False,0,False,nan,nan,,nan,nan,,0.0,0,False,False,False,False,False,,2972,1550,0
71,True,71,71,1,0.035500000000000025,0.0005,0.0005,0,0,0,False,False,,,none,1.08875,-0.5312312149410895,-0.5565799407512722,-265743557329.73242,0.024016881867526225,0.037698787200754556,True,2,1,4,1,True,2,,,2,2,2,161,,,,,,,,,6,0.8,3.278494679857226e-07,9.813101856733944e-07,3.857082536878875e-07,4.4751042123442666e-06,4.609314864756934e-06,False,0.003656103137312839,0.0,0.003656103137312839,1.0457698046402633,0.9605233567304369,0.0,0.0,1.0457839937662539,1.04583570916425,1.0457840037911816,1.0458358795634963,-1.3566690621713071,-1.1168826242579781,3.140290796624407,3.292711694591361,1.0485371922023259,3.140290796624407,3.292711694591361,1.0485371922023259,0.02379738694029692,0.037698787200754556,0.013901400260457636,0.02379738694029692,0.037698787200754556,0.013901400260457636,0.030584413121289893,0.03178334531085653,0.00119893218956664,0.023018127335910025,0.0377003586140792,0.014682231278169176,-20.0,-20.0,0.0,0.0,0.0,0.0,15.03969349407517,15.039694024813478,15.039693509124278,6.068419140883321e-152,0.00030346468343430094,0,none,0.0,0.0,0.0,0.0,0.0,0.0,0.0,0,0.0,0.0,0.0,0.0,,0,False,0,False,nan,nan,,nan,nan,,0.0,0,False,False,False,False,False,,2972,1550,0
72,True,72,72,1,0.036000000000000025,0.0005,0.0005,0,0,0,False,False,,,none,1.09,-0.5469326689242089,-0.572183371575682,-273589476511.40765,0.023282473265509973,0.040343381626294327,True,2,1,4,1,True,2,,,2,2,2,161,,,,,,,,,6,0.8,3.5991150660386705e-07,1.0534187267666475e-06,4.0452962581160966e-07,4.664228097315647e-06,4.812265087091166e-06,False,0.003902291667994086,0.0,0.003902291667994086,1.044125928683735,0.9579136960401238,0.0,0.0,1.0441397638519079,1.0441905330623622,1.0441398066726317,1.0441908837910348,-1.3669546482867259,-1.1207956165902002,3.140290796624407,3.287998920354191,1.0470364476718397,3.140290796624407,3.287998920354191,1.0470364476718397,0.02572140834096046,0.040343381626294327,0.014621973285333868,0.02572140834096046,0.040343381626294327,0.014621973285333868,0.030603978082951004,0.031834773241433634,0.0012307951584826296,0.024834860361019524,0.040345034388001036,0.015510174026981512,-20.0,-20.0,0.0,0.0,0.0,0.0,16.07200150297299,16.072002106188513,16.07200151911882,6.518532596939663e-152,0.0003259728958310517,0,none,0.0,0.0,0.0,0.0,0.0,0.0,0.0,0,0.0,0.0,0.0,0.0,,0,False,0,False,nan,nan,,nan,nan,,0.0,0,False,False,False,False,False,,2972,1550,0
73,True,73,73,1,0.036500000000000025,0.0005,0.0005,0,0,0,False,False,,,none,1.09125,-0.5626341229073286,-0.587677719067947,-281435956842.34515,0.02249549194923,0.04309393275091761,True,2,1,4,1,True,2,,,2,2,2,162,,,,,,,,,7,0.8,8.222912569827374e-08,2.2702087054490703e-07,8.502865260981991e-08,9.746297569556968e-07,1.0076870246679929e-06,False,0.004157743095547849,0.0,0.004157743095547849,1.0423712808480994,0.9552085047863453,0.0,0.0,1.0423848240951634,1.0424342323816431,1.0423848240951634,1.0424343935984968,-1.3772418338933765,-1.1247220439292216,3.140290796624407,3.28295289772974,1.0454295829095461,3.140290796624407,3.28295289772974,1.0454295829095461,0.027734652628648375,0.04309393275091761,0.015359280122269232,0.027734652628648375,0.04309393275091761,0.015359280122269232,0.0306236102196461,0.031886209169466884,0.0012625989498207847,0.0267340802871427,0.04309544648573267,0.016361366198589973,-20.0,-20.0,0.0,0.0,0.0,0.0,17.14533208005739,17.145332735781928,17.14533208351396,6.986898500596409e-152,0.0003493918471756655,0,none,0.0,0.0,0.0,0.0,0.0,0.0,0.0,0,0.0,0.0,0.0,0.0,,0,False,0,False,nan,nan,,nan,nan,,0.0,0,False,False,False,False,False,,2972,1550,0
74,True,74,74,1,0.037000000000000026,0.0005,0.0005,0,0,0,False,False,,,none,1.0925,-0.5783355768904477,-0.6030578510515725,-289282958401.97534,0.02165573437060453,0.045950536164837075,True,2,1,4,1,True,2,,,2,2,2,163,,,,,,,,,7,0.8,9.001510896563778e-08,2.42005021731252e-07,8.89346075978e-08,1.0138734252278815e-06,1.0500084938690405e-06,False,0.004422861625435134,0.0,0.004422861625435134,1.040505791022368,0.9524080467023964,0.0,0.0,1.040519250689986,1.0405674673143424,1.0405193509333188,1.040567606224131,-1.3875304258012473,-1.1286611690552169,3.140290796624407,3.277573118208532,1.0437164359847482,3.140290796624407,3.277573118208532,1.0437164359847482,0.029837924338397995,0.045950536164837075,0.01611261182643908,0.029837924338397995,0.045950536164837075,0.01611261182643908,0.030643305845276084,0.03193765212900623,0.0012943462837301488,0.028716893375397335,0.045952138249502054,0.01723524487410472,-20.0,-20.0,0.0,0.0,0.0,0.0,18.26022248166324,18.260223223893615,18.260222485355367,7.4735451790522635e-152,0.0003737269128402806,0,none,0.0,0.0,0.0,0.0,0.0,0.0,0.0,0,0.0,0.0,0.0,0.0,,0,False,0,False,nan,nan,,nan,nan,,0.0,0,False,False,False,False,False,,2972,1550,0
75,True,75,75,1,0.037500000000000026,0.0005,0.0005,0,0,0,False,False,,,none,1.09375,-0.5940370308735669,-0.6183180792596714,-297130442798.14465,0.020762555632904953,0.048914962815293395,True,2,1,4,1,True,2,,,2,2,2,163,,,,,,,,,7,0.8,9.833057822362142e-08,2.5724515246279646e-07,9.290069357778967e-08,1.0539388504377666e-06,1.0932802067213669e-06,False,0.004697558508839586,0.0,0.004697558508839586,1.038528374039478,0.9495116562646656,0.0,0.0,1.038541367991244,1.0385890532497524,1.038541383881181,1.0385890951434773,-1.3978203290661277,-1.1326118063917776,3.140290796624407,3.2718563037855204,1.0418959630434663,3.140290796624407,3.2718563037855204,1.0418959630434663,0.032032676381076396,0.048914962815293395,0.016882286434217,0.032032676381076396,0.048914962815293395,0.016882286434217,0.030663059031958886,0.031989101645330635,0.0013260426133717487,0.03078453975522257,0.04891665671670545,0.018132116961482876,-20.0,-20.0,0.0,0.0,0.0,0.0,19.417198123515128,19.417198961044996,19.417198127451808,7.978780444766446e-152,0.0003989915036162841,0,none,0.0,0.0,0.0,0.0,0.0,0.0,0.0,0,0.0,0.0,0.0,0.0,,0,False,0,False,nan,nan,,nan,nan,,0.0,0,False,False,False,False,False,,2972,1550,0
76,True,76,76,1,0.03800000000000003,0.0005,0.0005,0,0,0,False,False,,,none,1.095,-0.6097384848566871,-0.6334528976799554,-304978373491.2691,0.01981549414470409,0.05198838264457278,True,2,1,4,1,True,2,,,2,2,2,163,,,,,,,,,7,0.8,1.0718316438686021e-07,2.7269329651724854e-07,9.692487644247764e-08,1.0946297652954442e-06,1.1373032222927944e-06,False,0.004981903653775932,0.0,0.004981903653775932,1.0364383900878067,0.9465190777057596,0.0,0.0,1.036451080426509,1.0364982260537383,1.0364511302892983,1.0364983970510309,-1.4081114542488093,-1.1365728874743428,3.140290796624407,3.2658004126082356,1.0399675138744293,3.140290796624407,3.2658004126082356,1.0399675138744293,0.03432018787426069,0.05198838264457278,0.01766819477031209,0.03432018787426069,0.05198838264457278,0.01766819477031209,0.03068286443737172,0.032040557271244045,0.001357692833872326,0.032938189369279086,0.051990171888426286,0.0190519825191472,-20.0,-20.0,0.0,0.0,0.0,0.0,20.616771959814074,20.616772902071883,20.6167719640041,8.502812479474723e-152,0.0004251960289515118,0,none,0.0,0.0,0.0,0.0,0.0,0.0,0.0,0,0.0,0.0,0.0,0.0,,0,False,0,False,nan,nan,,nan,nan,,0.0,0,False,False,False,False,False,,2972,1550,0
77,True,77,77,1,0.03850000000000003,0.0005,0.0005,0,0,0,False,False,,,none,1.0962500000000002,-0.6254399388398062,-0.648456812396903,-312826715774.647,0.01881411962423529,0.0551719253781369,True,2,1,4,1,True,2,,,2,2,2,166,,,,,,,,,7,0.8,1.1660108917916775e-07,2.883463635201823e-07,1.0100560283690096e-07,1.1359459774690767e-06,1.1820807226605563e-06,False,0.005275963169984597,0.0,0.005275963169984597,1.0342347298625794,0.9434296281528659,0.0,0.0,1.034247651562907,1.034293963291613,1.0342476562771123,1.0342941288354162,-1.4184037246397718,-1.1405433454022027,3.140290796624407,3.259403665226514,1.0379305218262413,3.140290796624407,3.259403665226514,1.0379305218262413,0.03670169087785971,0.0551719253781369,0.01847023450027719,0.03670169087785971,0.0551719253781369,0.01847023450027719,0.03070271672701102,0.03209201862319886,0.0013893018961878417,0.03517897703995785,0.05517381355841407,0.019994836518456217,-20.0,-20.0,0.0,0.0,0.0,0.0,21.859443965117276,21.859445022195082,21.859443969569334,9.045843181147472e-152,0.0004523505842046635,0,none,0.0,0.0,0.0,0.0,0.0,0.0,0.0,0,0.0,0.0,0.0,0.0,,0,False,0,False,nan,nan,,nan,nan,,0.0,0,False,False,False,False,False,,2972,1550,0
78,True,78,78,1,0.03900000000000003,0.0005,0.0005,0,0,0,False,False,,,none,1.0975000000000001,-0.641141392822925,-0.6633243493858632,-320675436775.85645,0.01775803394517106,0.05846667959776261,True,2,1,4,1,True,2,,,2,2,2,166,,,,,,,,,7,0.8,1.266143035857457e-07,3.04201142205687e-07,1.0514141741653051e-07,1.1778875820281914e-06,1.2276169558719547e-06,False,0.0055797992383301714,0.0,0.0055797992383301714,1.031916478980657,0.9402428054493457,0.0,0.0,1.0319308050329274,1.0319754980367217,1.0319308241739755,1.0319756494154424,-1.4286970784641828,-1.1445221085486466,3.140290796624407,3.2526645507605805,1.035784505771557,3.140290796624407,3.2526645507605805,1.035784505771557,0.03917837121668877,0.05846667959776261,0.019288308381073843,0.03917837121668877,0.05846667959776261,0.019288308381073843,0.030722610542743233,0.03214348539232091,0.001420874849577678,0.0375079985930221,0.05846867037419661,0.020960671781174514,-20.0,-20.0,0.0,0.0,0.0,0.0,23.145700603792186,23.145701786473904,23.145700608514872,9.608067829884857e-152,0.0004804649338356624,0,none,0.0,0.0,0.0,0.0,0.0,0.0,0.0,0,0.0,0.0,0.0,0.0,,0,False,0,False,nan,nan,,nan,nan,,0.0,0,False,False,False,False,False,,2972,1550,0
79,True,79,79,1,0.03950000000000003,0.0005,0.0005,0,0,0,False,False,,,none,1.0987500000000001,-0.6568428468060454,-0.6780500624903505,-328524505447.14526,0.016646871987625208,0.0618769892476124,True,2,1,4,1,True,2,,,2,2,2,167,,,,,,,,,7,0.8,1.3725460727664784e-07,3.202543365756199e-07,1.093309254366134e-07,1.2204551715115852e-06,1.2739174793684072e-06,False,0.005893470138661996,0.0,0.005893470138661996,1.02948430476373,0.9369595492730193,0.0,0.0,1.0294997891170137,1.0295424405163474,1.0294997891170137,1.0295426280249185,-1.438991469118181,-1.1485080995982022,3.140290796624407,3.2455818329109083,1.033529072020872,3.140290796624407,3.2455818329109083,1.033529072020872,0.04175136825479819,0.0618769892476124,0.02012562099281421,0.04175136825479819,0.0618769892476124,0.02012562099281421,0.030742540497991012,0.03219495734559091,0.0014524168475999015,0.03992630873257455,0.06187825110842406,0.021951942375849506,-20.0,-20.0,0.0,0.0,0.0,0.0,24.476014310233808,24.476015630023472,24.476014315236036,1.0189674757498515e-151,0.000509548494883759,0,none,0.0,0.0,0.0,0.0,0.0,0.0,0.0,0,0.0,0.0,0.0,0.0,,0,False,0,False,nan,nan,,nan,nan,,0.0,0,False,False,False,False,False,,2972,1550,0
80,True,80,80,1,0.04000000000000003,0.0005,0.0005,0,0,0,False,False,,,none,1.1,-0.6725443007891665,-0.6926285414946469,-336373892543.3474,0.015480302453846692,0.06540554561609307,True,2,1,4,1,True,2,,,2,2,2,167,,,,,,,,,7,0.8,1.4855563169763916e-07,3.3650256450172775e-07,1.1357277350249219e-07,1.2636497697417115e-06,1.320989124510362e-06,False,0.006217030317980758,0.0,0.006217030317980758,1.0269376611627619,0.9335796919661471,0.0,0.0,1.0269545880630915,1.026995555397519,1.0269546267297154,1.0269957888455195,-1.4492868647842623,-1.1525002353762666,3.140290796624407,3.238154555544132,1.0311639161013118,3.140290796624407,3.238154555544132,1.0311639161013118,0.04441905624356962,0.06540554561609307,0.020986489372523454,0.04441905624356962,0.06540554561609307,0.020986489372523454,0.030762501176881337,0.03224643432392131,0.0014839331470399737,0.042434919351657864,0.06540687153973396,0.022971952188076093,-20.0,-20.0,0.0,0.0,0.0,0.0,25.850842980812565,25.850844449962224,25.850842986103114,1.0790845035094533e-151,0.0005396103213466833,0,none,0.0,0.0,0.0,0.0,0.0,0.0,0.0,0,0.0,0.0,0.0,0.0,,0,False,0,False,nan,nan,,nan,nan,,0.0,0,False,False,False,False,False,,2972,1550,0
81,True,81,81,1,0.04050000000000003,0.0005,0.0005,0,0,0,False,False,,,none,1.10125,-0.6882457547722856,-0.707054420260286,-344223570588.46576,0.014261391469771994,0.06904874849208605,True,2,1,4,1,True,2,,,2,2,2,167,,,,,,,,,7,0.8,1.6055306685164596e-07,3.529423006036494e-07,1.1786563837283226e-07,1.3074729406777567e-06,1.368840149230158e-06,False,0.006550530465101595,0.0,0.006550530465101595,1.024276347946482,0.9301033806551482,0.0,0.0,1.0242946194959985,1.0243339076381839,1.0242947339127737,1.0243339481520468,-1.4595832478618038,-1.1564974269579273,3.140290796624407,3.230382047797149,1.0286888243819916,3.140290796624407,3.230382047797149,1.0286888243819916,0.047183356390306866,0.06904874849208605,0.02186539210177918,0.047183356390306866,0.06904874849208605,0.02186539210177918,0.030782487134789642,0.03229791623930901,0.001515429104519371,0.045034798002689023,0.06905014065945883,0.024015342656769807,-20.0,-20.0,0.0,0.0,0.0,0.0,27.270629478711882,27.270631110250307,27.27062948429962,1.1411752178593914e-151,0.0005706590894568489,0,none,0.0,0.0,0.0,0.0,0.0,0.0,0.0,0,0.0,0.0,0.0,0.0,,0,False,0,False,nan,nan,,nan,nan,,0.0,0,False,False,False,False,False,,2972,1550,0
82,True,82,82,1,0.04100000000000003,0.0005,0.0005,0,0,0,False,False,,,none,1.1025,-0.7039472087554053,-0.7213223849013339,-352073513832.3738,0.012988444861572458,0.07280751639640475,True,2,1,4,1,True,2,,,2,2,2,167,,,,,,,,,7,0.8,1.7328469067729495e-07,3.695699572534539e-07,1.222082233905538e-07,1.3519269356264792e-06,1.4174804501170813e-06,False,0.0068940175836704545,0.0,0.0068940175836704545,1.0215003497638995,0.9265309294910653,0.0,0.0,1.0215205553208628,1.021557684481288,1.0215207309997218,1.0215577260429072,-1.469880856335589,-1.160498579942632,3.140290796624407,3.2222639286665067,1.026103675535468,3.140290796624407,3.2222639286665067,1.026103675535468,0.0500469656089394,0.07280751639640475,0.022760550787465347,0.0500469656089394,0.07280751639640475,0.022760550787465347,0.03080249289971316,0.03234940428167794,0.0015469113819647842,0.04772686645701035,0.0728089770155178,0.025082110558507453,-20.0,-20.0,0.0,0.0,0.0,0.0,28.73580115284717,28.735802960608794,28.73580115874084,1.2052561871148469e-151,0.0006027030838023975,0,none,0.0,0.0,0.0,0.0,0.0,0.0,0.0,0,0.0,0.0,0.0,0.0,,0,False,0,False,nan,nan,,nan,nan,,0.0,0,False,False,False,False,False,,2972,1550,0
83,True,83,83,1,0.04150000000000003,0.0005,0.0005,0,0,0,False,False,,,none,1.10375,-0.7196486627385229,-0.7354271819743256,-359923698199.155,0.011659749829076286,0.07668272105491665,True,2,1,4,1,True,2,,,2,2,2,168,,,,,,,,,7,0.8,1.8679051422991598e-07,3.8638188576357157e-07,1.2659925422768513e-07,1.3970148014912416e-06,1.4669217377246507e-06,False,0.007247535061082874,0.0,0.007247535061082874,1.0186099380435538,0.9228629110247373,0.0,0.0,1.0186317740102042,1.0186672552467815,1.0186317971815326,1.0186674220682121,-1.4801795334604033,-1.1645025948541283,3.140290796624407,3.2138001110580907,1.0234084418273304,3.140290796624407,3.2138001110580907,1.0234084418273304,0.05301082493374017,0.07668272105491665,0.023671896121176483,0.05301082493374017,0.07668272105491665,0.023671896121176483,0.03082251297427064,0.03240089766730202,0.0015783846930313775,0.05051199933588816,0.07668425235957332,0.026172253023685164,-20.0,-20.0,0.0,0.0,0.0,0.0,30.24676937204221,30.2467713706961,30.246769378250878,1.2713431701517404e-151,0.0006357501842461219,0,none,0.0,0.0,0.0,0.0,0.0,0.0,0.0,0,0.0,0.0,0.0,0.0,,0,False,0,False,nan,nan,,nan,nan,,0.0,0,False,False,False,False,False,,2972,1550,0
84,True,84,84,1,0.04200000000000003,0.0005,0.0005,0,0,0,False,False,,,none,1.105,-0.7353501167216427,-0.7493636266586468,-367774101228.53455,0.010275116908653563,0.08067518635205101,True,2,1,4,1,True,2,,,2,2,2,173,,,,,,,,,7,0.8,2.0111288488574745e-07,4.0337426859653954e-07,1.310374808685815e-07,1.4427402711419268e-06,1.5171774795322812e-06,False,0.007611122732048198,0.0,0.007611122732048198,1.0156052325423943,0.919099757956918,0.0,0.0,1.01562912550857,1.015662288891931,1.01562912550857,1.0156624635939935,-1.4904791952668979,-1.1685083676436216,3.140290796624407,3.2049908052743135,1.0206031902266677,3.140290796624407,3.2049908052743135,1.0206031902266677,0.05607582331698949,0.08067518635205101,0.024599363035061522,0.05607582331698949,0.08067518635205101,0.024599363035061522,0.030842541838218107,0.03245239597633449,0.0016098541381163803,0.05339102281156869,0.08067679060057353,0.027285767789004843,-20.0,-20.0,0.0,0.0,0.0,0.0,31.803929075626037,31.803931280704848,31.80392908215854,1.339451091774015e-151,0.0006698078536092131,0,none,0.0,0.0,0.0,0.0,0.0,0.0,0.0,0,0.0,0.0,0.0,0.0,,0,False,0,False,nan,nan,,nan,nan,,0.0,0,False,False,False,False,False,,2972,1550,0
85,True,85,85,1,0.04250000000000003,0.0005,0.0005,0,0,0,False,False,,,none,1.1062500000000002,-0.7510515707047631,-0.7631235482778034,-375626010339.63403,0.008834042604501465,0.08486960985980897,True,2,1,4,1,True,2,,,2,2,2,175,,,,,,,,,7,0.8,3.147978236274997e-07,4.2203027994281504e-07,1.3212546661704116e-07,1.5021491107933821e-06,1.5972214364124157e-06,False,0.007978041937824018,0.0,0.007978041937824018,1.0123861134353946,0.9151512889811475,0.0,0.0,1.012414482219185,1.0124598670671885,1.012414664053281,1.0124600306294822,-1.5012364882115743,-1.1724713231955723,3.140290796624407,3.195829066535376,1.0176857092249765,3.140290796624407,3.195829066535376,1.0176857092249765,0.05924275099333465,0.08486960985980897,0.025626858866474325,0.05924275099333465,0.08486960985980897,0.025626858866474325,0.030862356615977856,0.032506182441057865,0.0016438258250800093,0.05635703675205188,0.08487160478792084,0.028514568035868965,-20.0,-20.0,0.0,0.0,0.0,0.0,33.40762922821027,33.40763165280135,33.40762923507475,1.409655729187268e-151,0.0007049138587397718,0,none,0.0,0.0,0.0,0.0,0.0,0.0,0.0,0,0.0,0.0,0.0,0.0,,0,False,0,False,nan,nan,,nan,nan,,0.0,0,False,False,False,False,False,,2972,1550,0
86,True,86,86,1,0.04300000000000003,0.0005,0.0005,0,0,0,False,False,,,none,1.1075000000000002,-0.766753024687883,-0.7766512516881725,-383477824677.17346,0.0073238329108255085,0.08963723247436435,True,2,1,4,1,True,2,,,2,2,2,180,,,,,,,,,7,0.8,8.326100389998883e-07,4.6426392128329397e-07,1.1280892009537461e-07,1.6778646429526594e-06,1.9330639094899256e-06,False,0.008186153744766764,0.0,0.008186153744766764,1.0084819887474186,0.9105932178306261,0.0,0.0,1.0085319459916449,1.0085998963193796,1.008531993058948,1.0086002447796583,-1.5145217142923042,-1.1746110286607876,3.140290796624407,3.1862558738186304,1.0146372040588192,3.140290796624407,3.1862558738186304,1.0146372040588192,0.06249911312582137,0.08963723247436435,0.02713811934854298,0.06249911312582137,0.08963723247436435,0.02713811934854298,0.030873055143303938,0.03257260857146152,0.0016995534281575818,0.059141059438759934,0.08963955941574453,0.030498499976984596,-20.0,-20.0,0.0,0.0,0.0,0.0,35.04008872176528,35.04009127680377,35.04008872896069,1.4827232130230179e-151,0.0007414477618358253,0,none,0.0,0.0,0.0,0.0,0.0,0.0,0.0,0,0.0,0.0,0.0,0.0,,0,False,0,False,nan,nan,,nan,nan,,0.0,0,False,False,False,False,False,,2972,1550,0
87,True,87,87,1,0.04350000000000003,0.0005,0.0005,0,0,0,False,False,,,none,1.1087500000000001,-0.7824544786710023,-0.7900257559321977,-391329379308.7242,0.005788173506439879,0.0945489953320679,True,2,1,4,1,True,2,,,2,2,2,183,,,,,,,,,7,0.8,9.554407984723665e-07,4.828142817015946e-07,1.0665188995014782e-07,1.7355267861148025e-06,2.0419119963780158e-06,False,0.008306511398277455,0.0,0.008306511398277455,1.0045030785276339,0.9059779738693428,0.0,0.0,1.0045621945579684,1.0046394416753426,1.0045622387457185,1.0046399683807354,-1.528028234716771,-1.1758881043962879,3.140290796624407,3.1765493409357037,1.011546237803923,3.140290796624407,3.1765493409357037,1.011546237803923,0.0656618811310613,0.0945489953320679,0.028887114201006592,0.0656618811310613,0.0945489953320679,0.028887114201006592,0.03087944052198144,0.03264014117358386,0.0017607006516024218,0.061847610764986724,0.09455208296153546,0.032704472196548734,-20.0,-20.0,0.0,0.0,0.0,0.0,36.682748741954065,36.682751375408145,36.682748749491175,1.556856631413721e-151,0.0007785128871124331,0,none,0.0,0.0,0.0,0.0,0.0,0.0,0.0,0,0.0,0.0,0.0,0.0,,0,False,0,False,nan,nan,,nan,nan,,0.0,0,False,False,False,False,False,,2972,1550,0
88,True,88,88,1,0.04400000000000003,0.0005,0.0005,0,0,0,False,False,,,none,1.11,-0.7981559326541218,-0.8032721403133527,-399180544772.7453,0.004240559848249639,0.09948887120918214,True,2,1,4,1,True,2,,,2,2,2,166,,,,,,,,,7,0.8,9.878142349668367e-07,4.939768741053574e-07,1.0673695498805156e-07,1.7540767415349524e-06,2.0755645274739148e-06,False,0.008391867612492096,0.0,0.008391867612492096,1.0005549180561075,0.9014008270775743,0.0,0.0,1.0006164665106296,1.0006992267284263,1.0006170496636626,1.0006998005824994,-1.5413447544228982,-1.1768595161901558,3.140290796624407,3.1667799495867373,1.0084352547830298,3.140290796624407,3.1667799495867373,1.0084352547830298,0.06869518232404519,0.09948887120918214,0.03079368888513695,0.06869518232404519,0.09948887120918214,0.03079368888513695,0.03088429758095078,0.032706723772114484,0.001822426191163705,0.0645614093062565,0.0994929412243582,0.034931531918101694,-20.0,-20.0,0.0,0.0,0.0,0.0,38.334801091328174,38.33480378242107,38.33480109921212,1.6315635814528546e-151,0.0008158642563086047,0,none,0.0,0.0,0.0,0.0,0.0,0.0,0.0,0,0.0,0.0,0.0,0.0,,0,False,0,False,nan,nan,,nan,nan,,0.0,0,False,False,False,False,False,,2972,1550,0
89,True,89,89,1,0.04450000000000003,0.0005,0.0005,0,0,0,False,False,,,none,1.11125,-0.8138573866372416,-0.81639898710296,-407031337810.24384,0.0026877473196371604,0.1044141521519951,True,2,1,4,1,True,2,,,2,2,2,167,,,,,,,,,7,0.8,9.957281899413934e-07,5.019246257358655e-07,1.0929283130224892e-07,1.7616977468016297e-06,2.0878043088910546e-06,False,0.008463612742871676,0.0,0.008463612742871676,0.9966459559484183,0.8968692516971143,0.0,0.0,0.9967042309203881,0.9967882181921187,0.9967044724578614,0.996788724093374,-1.5544642360989538,-1.1777217542744256,3.140290796624407,3.1569707859932863,1.0053116066151608,3.140290796624407,3.1569707859932863,1.0053116066151608,0.07163610055151748,0.1044141521519951,0.032778051600477615,0.07163610055151748,0.1044141521519951,0.032778051600477615,0.030888608771372124,0.03277232118049477,0.0018837124091226481,0.06731122855418245,0.10441924799635435,0.0371080194421719,-20.0,-20.0,0.0,0.0,0.0,0.0,39.995960263090524,39.99596300402877,39.99596027132255,1.706678058880519e-151,0.000853419326051031,0,none,0.0,0.0,0.0,0.0,0.0,0.0,0.0,0,0.0,0.0,0.0,0.0,,0,False,0,False,nan,nan,,nan,nan,,0.0,0,False,False,False,False,False,,2972,1550,0
90,True,90,90,1,0.04500000000000003,0.0005,0.0005,0,0,0,False,False,,,none,1.1125,-0.8295588406203613,-0.8294092346752837,-414882051203.3826,0.002257722280313059,0.10931658120729773,True,2,1,4,1,True,2,,,2,2,2,173,,,,,,,,,7,0.8,9.952326098334896e-07,5.081546307921165e-07,1.1271180909246269e-07,1.7663896755805933e-06,2.093214158746797e-06,False,0.008528755429918364,0.0,0.008528755429918364,0.9927614222101441,0.8923698177169834,0.0,0.0,0.9928234652082201,0.9929074207047858,0.9928236464270742,0.9929081636021022,-1.5673974033614313,-1.1785388840526831,3.140290796624407,3.1471302332635545,1.0021779628327732,3.140290796624407,3.1471302332635545,1.0021779628327732,0.07452670050626509,0.10931658120729773,0.034789880701032644,0.07452670050626509,0.10931658120729773,0.034789880701032644,0.030892694420263416,0.03283698701680715,0.0019442925965437348,0.07010401793989185,0.10932270028224705,0.039218682342355204,-20.0,-20.0,0.0,0.0,0.0,0.0,41.66600237026854,41.66600515856106,41.66600237885071,1.782141263351981e-151,0.000891148856953839,0,none,0.0,0.0,0.0,0.0,0.0,0.0,0.0,0,0.0,0.0,0.0,0.0,,0,False,0,False,nan,nan,,nan,nan,,0.0,0,False,False,False,False,False,,2972,1550,0
91,True,91,91,1,0.045500000000000033,0.0005,0.0005,0,0,0,False,False,,,none,1.11375,-0.8452602946034805,-0.8423041476747084,-422732181078.62213,0.00382141622733102,0.11419358129408082,True,2,1,4,1,True,2,,,2,2,2,183,,,,,,,,,7,0.8,9.914358973865272e-07,5.133041005591595e-07,1.1630924565655288e-07,1.7699991862367775e-06,2.095912974858815e-06,False,0.008590608819171328,0.0,0.008590608819171328,0.9888994836648243,0.8879007709672945,0.0,0.0,0.9889674487009044,0.9890507792785276,0.9889681912989706,0.9890519523318854,-1.5801976630809274,-1.179339146589697,3.140290796624407,3.137262287364396,0.99903559591893,3.140290796624407,3.137262287364396,0.99903559591893,0.07740921212617667,0.11419358129408082,0.036784369167904146,0.07740921212617667,0.11419358129408082,0.036784369167904146,0.030896695732948485,0.03290098831540463,0.002004292582456147,0.07295423698123567,0.11420070947846245,0.04124647249722678,-20.0,-20.0,0.0,0.0,0.0,0.0,43.344743402471096,43.344746237527595,43.34474341140383,1.8579257246430664e-151,0.000929039155474349,0,none,0.0,0.0,0.0,0.0,0.0,0.0,0.0,0,0.0,0.0,0.0,0.0,,0,False,0,False,nan,nan,,nan,nan,,0.0,0,False,False,False,False,False,,2972,1550,0
92,True,92,92,1,0.046000000000000034,0.0005,0.0005,0,0,0,False,False,,,none,1.115,-0.8609617485865996,-0.8550843168303592,-430581873052.0208,0.005409706147703199,0.11905775449850022,True,2,1,4,1,True,2,,,2,2,2,164,,,,,,,,,7,0.8,9.890829158487892e-07,5.178262204576441e-07,1.1985498100536822e-07,1.7740373417344853e-06,2.0995244021819674e-06,False,0.008650011913477473,0.0,0.008650011913477473,0.9850684286003406,0.8834694426908885,0.0,0.0,0.9851304636111092,0.9852155971673167,0.9851307438760529,0.9852165886939069,-1.5928616926890813,-1.1801346196044131,3.140290796624407,3.1273695106767803,0.9958853218429592,3.140290796624407,3.1273695106767803,0.9958853218429592,0.08029989296982061,0.11905775449850022,0.038757861528679605,0.08029989296982061,0.11905775449850022,0.038757861528679605,0.030900673098022063,0.032964308463445405,0.002063635365423342,0.07585869023558221,0.11906395463588892,0.04320526440030671,-20.0,-20.0,0.0,0.0,0.0,0.0,45.03201174839117,45.032014631184644,45.032011757675235,1.934017234354752e-151,0.0009670831429476725,0,none,0.0,0.0,0.0,0.0,0.0,0.0,0.0,0,0.0,0.0,0.0,0.0,,0,False,0,False,nan,nan,,nan,nan,,0.0,0,False,False,False,False,False,,2972,1550,0
93,True,93,93,1,0.046500000000000034,0.0005,0.0005,0,0,0,False,False,,,none,1.1162500000000002,-0.8766632025697203,-0.86774997759386,-438431616829.20013,0.00700486922383455,0.12394350226884585,True,2,1,4,1,True,2,,,2,2,2,171,,,,,,,,,7,0.8,9.904350773230331e-07,5.219918204202952e-07,1.2328083082495397e-07,1.7790749755727715e-06,2.105645515022822e-06,False,0.008709597128004093,0.0,0.008709597128004093,0.9812404924463914,0.8790508330986708,0.0,0.0,0.9813049974697938,0.9813902132191913,0.9813050435947622,0.9813918159057461,-1.6054511764614896,-1.1809247743973201,3.140290796624407,3.1174537225266694,0.9927277199543794,3.140290796624407,3.1174537225266694,0.9927277199543794,0.08317495365146298,0.12394350226884585,0.04076854861738287,0.08317495365146298,0.12394350226884585,0.04076854861738287,0.0309046238719866,0.03302725588230744,0.0021226320103208407,0.07880609286127288,0.12394772976885961,0.04514163690758673,-20.0,-20.0,0.0,0.0,0.0,0.0,46.72765316307001,46.72765609544197,46.72765317270576,2.010407940834791e-151,0.0010052768975578538,0,none,0.0,0.0,0.0,0.0,0.0,0.0,0.0,0,0.0,0.0,0.0,0.0,,0,False,0,False,nan,nan,,nan,nan,,0.0,0,False,False,False,False,False,,2972,1550,0
94,True,94,94,1,0.047000000000000035,0.0005,0.0005,0,0,0,False,False,,,none,1.1175000000000002,-0.89236465655284,-0.8803013173298729,-446281917037.06573,0.008605222468378046,0.12884157183751932,True,2,1,4,1,True,2,,,2,2,2,166,,,,,,,,,7,0.8,9.930338756492743e-07,5.25820427525727e-07,1.2655275814433738e-07,1.7845041205185213e-06,2.112598863232648e-06,False,0.008770731577691357,0.0,0.008770731577691357,0.9774274069306947,0.8746553977008453,0.0,0.0,0.9774881764653486,0.9775742185272126,0.9774892077868732,0.9775755881329717,-1.6179766138076919,-1.1817056351429038,3.140290796624407,3.107516563560623,0.9895633127037107,3.140290796624407,3.107516563560623,0.9895633127037107,0.08609033422202701,0.12884157183751932,0.04275123761549231,0.08609033422202701,0.12884157183751932,0.04275123761549231,0.030908528175714513,0.033089883069038456,0.0021813548933239425,0.08178157861857249,0.12884641258074606,0.04706483396217356,-20.0,-20.0,0.0,0.0,0.0,0.0,48.43152705722704,48.431530041911394,48.43152706721584,2.087091132610501e-151,0.0010436170673030728,0,none,0.0,0.0,0.0,0.0,0.0,0.0,0.0,0,0.0,0.0,0.0,0.0,,0,False,0,False,nan,nan,,nan,nan,,0.0,0,False,False,False,False,False,,2972,1550,0
95,True,95,95,1,0.047500000000000035,0.0005,0.0005,0,0,0,False,False,,,none,1.1187500000000001,-0.9080661105359595,-0.8927386189631857,-454132628218.1189,0.010221909275901218,0.1337369823129729,True,2,1,4,1,True,2,,,2,2,2,169,,,,,,,,,7,0.8,1.000857406815546e-06,5.295574729216226e-07,1.2971907908786142e-07,1.7910372207286734e-06,2.122919695000159e-06,False,0.008839060176219118,0.0,0.008839060176219118,0.9736139828787052,0.8702694819027531,0.0,0.0,0.9736758443621644,0.9737654835666476,0.9736767504539234,0.9737671833272744,-1.630462137919023,-1.182476415871428,3.140290796624407,3.0975596989511294,0.9863926303515551,3.140290796624407,3.0975596989511294,0.9863926303515551,0.0890443089983728,0.1337369823129729,0.0446926733146001,0.0890443089983728,0.1337369823129729,0.0446926733146001,0.030912382079357145,0.033152310689595114,0.00223992861023797,0.0847820736476316,0.13374238726756624,0.04896031361993464,-20.0,-20.0,0.0,0.0,0.0,0.0,50.143502140999885,50.14350518120609,50.14350215134119,2.1640592971843e-151,0.0010820998894609138,0,none,0.0,0.0,0.0,0.0,0.0,0.0,0.0,0,0.0,0.0,0.0,0.0,,0,False,0,False,nan,nan,,nan,nan,,0.0,0,False,False,False,False,False,,2972,1550,0
96,True,96,96,1,0.048000000000000036,0.0005,0.0005,0,0,0,False,False,,,none,1.12,-0.9237675645190782,-0.9050624839476016,-461983365055.5812,0.011843910792936195,0.13863052516205843,True,2,1,4,1,True,2,,,2,2,2,170,,,,,,,,,7,0.8,1.0119224946831093e-06,5.331673830458625e-07,1.327822875334832e-07,1.7980312618455868e-06,2.1351351591986676e-06,False,0.008959878274307692,0.0,0.008959878274307692,0.9698070572239408,0.8658991582356613,0.0,0.0,0.9698698860754854,0.9699640996296965,0.969870349433002,0.9699651607116495,-1.6428832756284,-1.1832360583379655,3.140290796624407,3.087585097488815,0.9832162998432352,3.140290796624407,3.087585097488815,0.9832162998432352,0.09203623000660138,0.13863052516205843,0.046594295155457044,0.09203623000660138,0.13863052516205843,0.046594295155457044,0.030916180291689827,0.033214416378142,0.002298236086452174,0.08780000136154711,0.13863646417715347,0.05083646281560636,-20.0,-20.0,0.0,0.0,0.0,0.0,51.86345079960119,51.86345389923984,51.86345081029661,2.241301302207831e-151,0.0011207197971624346,0,none,0.0,0.0,0.0,0.0,0.0,0.0,0.0,0,0.0,0.0,0.0,0.0,,0,False,0,False,nan,nan,,nan,nan,,0.0,0,False,False,False,False,False,,2972,1550,0
97,True,97,97,1,0.048500000000000036,0.0005,0.0005,0,0,0,False,False,,,none,1.12125,-0.9394690185021985,-0.9172735134013815,-469833857788.0227,0.01347003686477767,0.14352149022539884,True,2,1,4,1,True,2,,,2,2,2,170,,,,,,,,,7,0.8,1.0209596400175444e-06,5.364402194558175e-07,1.3570581852979525e-07,1.8044324270287994e-06,2.145814332250217e-06,False,0.009083529416924474,0.0,0.009083529416924474,0.9660090025973487,0.8615464906107902,0.0,0.0,0.9660716212543234,0.9661652438092683,0.9660722910364681,0.9661669866176062,-1.65524685844062,-1.1839922680357602,3.140290796624407,3.0775946335192677,0.980034918048821,3.140290796624407,3.0775946335192677,0.980034918048821,0.09505925349367043,0.14352149022539884,0.048462236731728406,0.09505925349367043,0.14352149022539884,0.048462236731728406,0.0309199613401788,0.0332762342922031,0.0023562729520242957,0.09083861664903624,0.14352795514375466,0.05268933849471842,-20.0,-20.0,0.0,0.0,0.0,0.0,53.59124243012937,53.59124559346206,53.591242441178366,2.3188069107233065e-151,0.0011594716637151378,0,none,0.0,0.0,0.0,0.0,0.0,0.0,0.0,0,0.0,0.0,0.0,0.0,,0,False,0,False,nan,nan,,nan,nan,,0.0,0,False,False,False,False,False,,2972,1550,0
98,True,98,98,1,0.04900000000000004,0.0005,0.0005,0,0,0,False,False,,,none,1.1225,-0.9551704724853172,-0.929372317258794,-477684208610.53375,0.015103522597576424,0.1484377209128622,True,2,1,4,1,True,2,,,2,2,2,170,,,,,,,,,7,0.8,1.0311204486302417e-06,5.395369256177518e-07,1.385401542971129e-07,1.810924842203709e-06,2.1570701500302865e-06,False,0.009204797429948092,0.0,0.009204797429948092,0.9622165212305183,0.8572084821652723,0.0,0.0,0.9622788539297598,0.9623727311467573,0.962279470526978,0.962374592852039,-1.6675842539567052,-1.1847495205401948,3.140290796624407,3.0675900845363357,0.9768490509967358,3.140290796624407,3.0675900845363357,0.9768490509967358,0.09810323733607132,0.1484377209128622,0.05033448357679088,0.09810323733607132,0.1484377209128622,0.05033448357679088,0.030923747602700977,0.03333792126978352,0.002414173667082544,0.0939029432454958,0.148443208981637,0.05454026573614118,-20.0,-20.0,0.0,0.0,0.0,0.0,55.326749222957716,55.326752454483255,55.32674923436203,2.3965665882075393e-151,0.001198350712093734,0,none,0.0,0.0,0.0,0.0,0.0,0.0,0.0,0,0.0,0.0,0.0,0.0,,0,False,0,False,nan,nan,,nan,nan,,0.0,0,False,False,False,False,False,,2972,1550,0
99,True,99,99,1,0.04950000000000004,0.0005,0.0005,0,0,0,False,False,,,none,1.12375,-0.9708719264684365,-0.9413594019999052,-485534318797.4576,0.016740432761538172,0.15336038012127273,True,2,1,4,1,True,2,,,2,2,2,169,,,,,,,,,7,0.8,1.0393287484067624e-06,5.423432164293447e-07,1.4125196949956375e-07,1.8169058149303982e-06,2.1668962298382206e-06,False,0.009323008311889161,0.0,0.009323008311889161,0.9584322812642441,0.852887458299661,0.0,0.0,0.958492346958279,0.9585833177781647,0.9584928462120266,0.9585843205496569,-1.6798472623038019,-1.1855087756996043,3.140290796624407,3.057573020807536,0.9736591987258673,3.140290796624407,3.057573020807536,0.9736591987258673,0.10114498386425906,0.15336038012127273,0.05221539625701367,0.10114498386425906,0.15336038012127273,0.05221539625701367,0.030927543878498023,0.03339923631151901,0.002471692433020988,0.09699067470071396,0.153366342671105,0.056375667970391036,-20.0,-20.0,0.0,0.0,0.0,0.0,57.06984211206781,57.0698454161354,57.06984212382653,2.4745726890201902e-151,0.001237353103079007,0,none,0.0,0.0,0.0,0.0,0.0,0.0,0.0,0,0.0,0.0,0.0,0.0,,0,False,0,False,nan,nan,,nan,nan,,0.0,0,False,False,False,False,False,,2972,1550,0
100,True,100,100,1,0.05000000000000004,0.0005,0.0005,0,0,0,False,False,,,none,1.125,-0.9865733804515562,-0.9532348465116193,-493384476162.1099,0.018381024005378634,0.15828015257316239,True,2,1,4,1,True,2,,,2,2,2,169,,,,,,,,,7,0.8,1.0464143256527893e-06,5.449092985421378e-07,1.438483894917588e-07,1.8227786494404562e-06,2.1760338803852324e-06,False,0.00944216592950567,0.0,0.00944216592950567,0.9546528552213321,0.8485803157522952,0.0,0.0,0.9547108532302816,0.9547976727184257,0.9547111579164858,0.9548006127808923,-1.6920746928532442,-1.1862646093775255,3.140290796624407,3.0475444846866364,0.9704656931652742,3.140290796624407,3.0475444846866364,0.9704656931652742,0.10422114600317472,0.15828015257316239,0.05405900656998766,0.10422114600317472,0.15828015257316239,0.05405900656998766,0.03093132304688763,0.03346037346426622,0.002529050417378588,0.1000995621676587,0.1582866087273311,0.05818704655967241,-20.0,-20.0,0.0,0.0,0.0,0.0,58.82039346166356,58.820396841809654,58.82039347377754,2.5528228748509557e-151,0.0012764776397947456,0,none,0.0,0.0,0.0,0.0,0.0,0.0,0.0,0,0.0,0.0,0.0,0.0,,0,False,0,False,nan,nan,,nan,nan,,0.0,0,False,False,False,False,False,,2972,1550,0
101,True,101,101,1,0.05050000000000004,0.0005,0.0005,0,0,0,False,False,,,none,1.1262500000000002,-1.0022748344346772,-0.9649985247162907,-501234843609.7833,0.020030612511354295,0.16320429837512754,True,2,1,4,1,True,2,,,2,2,2,169,,,,,,,,,7,0.8,1.0553349823726339e-06,5.474109117382858e-07,1.4636963632426127e-07,1.8292753895114292e-06,2.18656423468863e-06,False,0.009556766938396632,0.0,0.009556766938396632,0.9508680249350231,0.8442779355693877,0.0,0.0,0.9509320525818287,0.9510183688320047,0.9509321310738157,0.9510207301914844,-1.7042838716256805,-1.1870197110920253,3.140290796624407,3.037505281515139,0.9672687907693914,3.140290796624407,3.037505281515139,0.9672687907693914,0.10733301920028075,0.16320429837512754,0.055871279174846786,0.10733301920028075,0.16320429837512754,0.055871279174846786,0.030935098555460127,0.0335214193581284,0.0025863208026682717,0.10323543180225282,0.16321135739755327,0.05997592559530045,-20.0,-20.0,0.0,0.0,0.0,0.0,60.5782829442344,60.57828640313726,60.57828295670433,2.6313171340222333e-151,0.0013157242910579172,0,none,0.0,0.0,0.0,0.0,0.0,0.0,0.0,0,0.0,0.0,0.0,0.0,,0,False,0,False,nan,nan,,nan,nan,,0.0,0,False,False,False,False,False,,2972,1550,0
102,True,102,102,1,0.05100000000000004,0.0005,0.0005,0,0,0,False,False,,,none,1.1275000000000002,-1.0179762884177954,-0.9766503934833732,-509085655867.272,0.021686630480623446,0.1681529467868466,True,2,1,4,1,True,2,,,2,2,2,169,,,,,,,,,7,0.8,1.0670446225112197e-06,5.49914389282013e-07,1.4881263680245037e-07,1.8364746924320908e-06,2.199039462762131e-06,False,0.0096702371054945,0.0,0.0096702371054945,0.9470892006617315,0.8399904218729325,0.0,0.0,0.9471528012344155,0.9472377593668283,0.9471533497609436,0.9472393391919612,-1.7164875656207312,-1.1877703284214822,3.140290796624407,3.027456305282082,0.964068776221739,3.140290796624407,3.027456305282082,0.964068776221739,0.11047635052277147,0.1681529467868466,0.05767659626407515,0.11047635052277147,0.1681529467868466,0.05767659626407515,0.030938851642107416,0.03358243782810366,0.002643586185996246,0.10639322649026468,0.1681604153877532,0.061767188897488515,-20.0,-20.0,0.0,0.0,0.0,0.0,62.34339785136353,62.34340139110139,62.34339786418949,2.710054448417716e-151,0.001355092530134078,0,none,0.0,0.0,0.0,0.0,0.0,0.0,0.0,0,0.0,0.0,0.0,0.0,,0,False,0,False,nan,nan,,nan,nan,,0.0,0,False,False,False,False,False,,2972,1550,0
103,True,103,103,1,0.05150000000000004,0.0005,0.0005,0,0,0,False,False,,,none,1.1287500000000001,-1.033677742400915,-0.9881906498529469,-516936736739.67065,0.023346422037898825,0.1731229329317886,True,2,1,4,1,True,2,,,2,2,2,169,,,,,,,,,7,0.8,1.0821746031449996e-06,5.524868328019239e-07,1.5121053973702482e-07,1.8445097901766365e-06,2.2139161152800166e-06,False,0.009784872909781708,0.0,0.009784872909781708,0.9433121808611754,0.8357140029777854,0.0,0.0,0.9433717400196867,0.9434573562396419,0.9433720501990724,0.9434586706985846,-1.7286834536726605,-1.1885233908765227,3.140290796624407,3.0173987066865493,0.9608660159530582,3.140290796624407,3.0173987066865493,0.9608660159530582,0.11364420148861479,0.1731229329317886,0.05947873144317381,0.11364420148861479,0.1731229329317886,0.05947873144317381,0.03094261695438261,0.0336434172683633,0.0027008003139806884,0.10957751600521448,0.1731288378881271,0.06355132188291263,-20.0,-20.0,0.0,0.0,0.0,0.0,64.11563051989809,64.11563414275545,64.11563053307997,2.789031249208413e-151,0.0013945805714009403,0,none,0.0,0.0,0.0,0.0,0.0,0.0,0.0,0,0.0,0.0,0.0,0.0,,0,False,0,False,nan,nan,,nan,nan,,0.0,0,False,False,False,False,False,,2972,1550,0
104,True,104,104,1,0.05200000000000004,0.0005,0.0005,0,0,0,False,False,,,none,1.1300000000000001,-1.0493791963840364,-0.9996196829726525,-524787793115.54114,0.02500930159213406,0.1781220059362079,True,2,1,4,1,True,2,,,2,2,2,169,,,,,,,,,7,0.8,1.098452781181219e-06,5.550246236359247e-07,1.5351401950636458e-07,1.8527453572033755e-06,2.229547657743745e-06,False,0.009899319356409253,0.0,0.009899319356409253,0.9395274283474726,0.8314402020774093,0.0,0.0,0.9395876458712351,0.9396745993162594,0.9395879734035542,0.9396770784061551,-1.7408653393541706,-1.1892785534908925,3.140290796624407,3.007333792938402,0.9576609262336709,3.140290796624407,3.007333792938402,0.9576609262336709,0.11684053806916701,0.1781220059362079,0.061281467867040876,0.11684053806916701,0.1781220059362079,0.061281467867040876,0.030946392767454464,0.033704326696770856,0.002757933929316392,0.11278529553430475,0.17812827815643176,0.06534298262212701,-20.0,-20.0,0.0,0.0,0.0,0.0,65.89487523656925,65.89487894534417,65.8948752501068,2.8682421293940355e-151,0.0014341857156490718,0,none,0.0,0.0,0.0,0.0,0.0,0.0,0.0,0,0.0,0.0,0.0,0.0,,0,False,0,False,nan,nan,,nan,nan,,0.0,0,False,False,False,False,False,,2972,1550,0
105,True,105,105,1,0.05250000000000004,0.0005,0.0005,0,0,0,False,False,,,none,1.13125,-1.0650806503671553,-1.0109376912260113,-532639124284.1124,0.02667622846458314,0.1831287063837582,True,2,1,4,1,True,2,,,2,2,2,170,,,,,,,,,7,0.8,1.1135408445958736e-06,5.574245793808359e-07,1.5569985415564085e-07,1.8607398047825576e-06,2.24439088395215e-06,False,0.010009523663863804,0.0,0.010009523663863804,0.9357448605379859,0.8271777772711477,0.0,0.0,0.9358038391488123,0.9358941226472276,0.9358041610179727,0.935895932585895,-1.7530635736824172,-1.1900338286308112,3.140290796624407,2.9972626192487377,0.9544538430869477,3.140290796624407,2.9972626192487377,0.9544538430869477,0.12006002955873835,0.1831287063837582,0.06306867682501985,0.12006002955873835,0.1831287063837582,0.06306867682501985,0.030950169143154058,0.03376531786841208,0.0028151487252580237,0.11600888048157282,0.18313533801770465,0.06712645753613183,-20.0,-20.0,0.0,0.0,0.0,0.0,67.68102519405373,67.68102899096515,67.68102520794791,2.947683678644545e-151,0.001473906242915938,0,none,0.0,0.0,0.0,0.0,0.0,0.0,0.0,0,0.0,0.0,0.0,0.0,,0,False,0,False,nan,nan,,nan,nan,,0.0,0,False,False,False,False,False,,2972,1550,0
106,True,106,106,1,0.05300000000000004,0.0005,0.0005,0,0,0,False,False,,,none,1.1325,-1.0807821043502739,-1.0221450126744742,-540490473044.8266,0.028349299023759527,0.18814346228995188,True,2,1,4,1,True,2,,,2,2,2,170,,,,,,,,,7,0.8,1.1325874533289523e-06,5.599436818250996e-07,1.5789694788634453e-07,1.8696430563089703e-06,2.262031801370215e-06,False,0.010120267011157424,0.0,0.010120267011157424,0.9319621405508481,0.8229246274179675,0.0,0.0,0.9320200083495258,0.9321102031894024,0.932020203994636,0.9321128884549184,-1.7652548827751504,-1.1907925399002368,3.140290796624407,2.9871863537922065,0.9512451385085811,3.140290796624407,2.9871863537922065,0.9512451385085811,0.12330543993979158,0.18814346228995188,0.0648380223501603,0.12330543993979158,0.18814346228995188,0.0648380223501603,0.030953962699501177,0.033826274413875757,0.0028723117143745792,0.11925395055421156,0.18815044832618258,0.06889649777197102,-20.0,-20.0,0.0,0.0,0.0,0.0,69.47397773898936,69.47398162641004,69.47397775324087,3.0273513054588783e-151,0.0015137398563431932,0,none,0.0,0.0,0.0,0.0,0.0,0.0,0.0,0,0.0,0.0,0.0,0.0,,0,False,0,False,nan,nan,,nan,nan,,0.0,0,False,False,False,False,False,,2972,1550,0
107,True,107,107,1,0.05350000000000004,0.0005,0.0005,0,0,0,False,False,,,none,1.13375,-1.0964835583333943,-1.0332423459112383,-548341442359.0728,0.030025400082917857,0.19316612283979778,True,2,1,4,1,True,2,,,2,2,2,169,,,,,,,,,7,0.8,1.1511098714295086e-06,5.623781728335177e-07,1.5999227703006688e-07,1.8782750099561121e-06,2.2792186571535704e-06,False,0.010227503096971291,0.0,0.010227503096971291,0.9281765346798919,0.8186783106327602,0.0,0.0,0.9282353875896067,0.9283294438032287,0.9282359410418051,0.9283318396450652,-1.7774339524376106,-1.1915564057659631,3.140290796624407,2.977106463351346,0.948035279583511,3.140290796624407,2.977106463351346,0.948035279583511,0.12657852375938375,0.19316612283979778,0.06658759908041403,0.12657852375938375,0.19316612283979778,0.06658759908041403,0.03095778202882982,0.03388716976218806,0.0029293877333582373,0.12252331746766032,0.19317346355171944,0.07065014608405912,-20.0,-20.0,0.0,0.0,0.0,0.0,71.27363152824383,71.27363550940498,71.27363154285156,3.107237238819348e-151,0.0015536826808042901,0,none,0.0,0.0,0.0,0.0,0.0,0.0,0.0,0,0.0,0.0,0.0,0.0,,0,False,0,False,nan,nan,,nan,nan,,0.0,0,False,False,False,False,False,,2972,1550,0
108,True,108,108,1,0.05400000000000004,0.0005,0.0005,0,0,0,False,False,,,none,1.135,-1.112185012316513,-1.044230166796159,-556192012689.911,0.031704795846772195,0.1981960867462474,True,2,1,4,1,True,2,,,2,2,2,169,,,,,,,,,7,0.8,1.1697303995068146e-06,5.647536828698693e-07,1.620326300070418e-07,1.886893758380843e-06,2.2964839556263037e-06,False,0.010331080805341786,0.0,0.010331080805341786,0.9243948004790797,0.8144447581313478,0.0,0.0,0.9244493432518395,0.9245463595825288,0.9244499081862259,0.92454847467199,-1.7896165918512368,-1.192323638397242,3.140290796624407,2.9670241300589595,0.94482464275229,3.140290796624407,2.9670241300589595,0.94482464275229,0.12987086805769296,0.1981960867462474,0.06832521868855443,0.12987086805769296,0.1981960867462474,0.06832521868855443,0.030961618191986208,0.033948082959256186,0.002986464767269978,0.12580703089128775,0.19820378160551963,0.07239675071423188,-20.0,-20.0,0.0,0.0,0.0,0.0,73.0798825363326,73.0798866142071,73.0798825512979,3.187336012708908e-151,0.001593731975016837,0,none,0.0,0.0,0.0,0.0,0.0,0.0,0.0,0,0.0,0.0,0.0,0.0,,0,False,0,False,nan,nan,,nan,nan,,0.0,0,False,False,False,False,False,,2972,1550,0
109,True,109,109,1,0.05450000000000004,0.0005,0.0005,0,0,0,False,False,,,none,1.13625,-1.1278864662996329,-1.0551089483641274,-564042414508.5297,0.03338930982470954,0.20325823798319295,True,2,1,4,1,True,2,,,2,2,2,179,,,,,,,,,7,0.8,1.1865948571450805e-06,5.669647317156305e-07,1.6396466194632012e-07,1.8950166626794618e-06,2.312450847956018e-06,False,0.010431734508584534,0.0,0.010431734508584534,0.9206119274976494,0.8102195181497465,0.0,0.0,0.9206673858892239,0.9207630901593621,0.920668095989113,0.9207652721107237,-1.8018048748002216,-1.1930882569151793,3.140290796624407,2.9569404974032296,0.9416135921494065,3.140290796624407,2.9569404974032296,0.9416135921494065,0.1331792089625341,0.20325823798319295,0.07007902902065885,0.1331792089625341,0.20325823798319295,0.07007902902065885,0.030965441284575897,0.0340090243740011,0.0030435830894252024,0.12910207732597123,0.2032646217741107,0.07416254444813947,-20.0,-20.0,0.0,0.0,0.0,0.0,74.89262777489067,74.89263195229526,74.8926277902125,3.2676424579853834e-151,0.0016338851485102814,0,none,0.0,0.0,0.0,0.0,0.0,0.0,0.0,0,0.0,0.0,0.0,0.0,,0,False,0,False,nan,nan,,nan,nan,,0.0,0,False,False,False,False,False,,2972,1550,0
110,True,110,110,1,0.05500000000000004,0.0005,0.0005,0,0,0,False,False,,,none,1.1375000000000002,-1.1435879202827537,-1.0658787480028429,-571892882691.7072,0.03507690695181248,0.20833509406548661,True,2,1,4,1,True,2,,,2,2,2,177,,,,,,,,,7,0.8,1.202752784486303e-06,5.69064290549539e-07,1.6581833171634436e-07,1.9030401739351874e-06,2.32798325812551e-06,False,0.010529199092705527,0.0,0.010529199092705527,0.9168302718214455,0.8060046345683036,0.0,0.0,0.9168832054308813,0.9169772696650583,0.9168837120698363,0.9169804372883599,-1.8140066635131094,-1.1938488827222058,3.140290796624407,2.9468562911992042,0.9384023589047449,3.140290796624407,2.9468562911992042,0.9384023589047449,0.13651192138339438,0.20833509406548661,0.07182317268209223,0.13651192138339438,0.20833509406548661,0.07182317268209223,0.030969244413611027,0.03407003331756554,0.0031007889039545156,0.1324131348491961,0.20834179784961332,0.07592866300041723,-20.0,-20.0,0.0,0.0,0.0,0.0,76.71176427414295,76.71176855226717,76.71176428982304,3.348155199591503e-151,0.0016741414863528118,0,none,0.0,0.0,0.0,0.0,0.0,0.0,0.0,0,0.0,0.0,0.0,0.0,,0,False,0,False,nan,nan,,nan,nan,,0.0,0,False,False,False,False,False,,2972,1550,0
111,True,111,111,1,0.05550000000000004,0.0005,0.0005,0,0,0,False,False,,,none,1.1387500000000002,-1.159289374265874,-1.0765397443476945,-579743555896.3359,0.036767305006695054,0.2134192374608367,True,2,1,4,1,True,2,,,2,2,2,178,,,,,,,,,7,0.8,1.2198126116533303e-06,5.711428427117942e-07,1.6763535261231608e-07,1.9112885054262663e-06,2.3441997177607233e-06,False,0.010623959158055168,0.0,0.010623959158055168,0.9130424171257742,0.801793560593435,0.0,0.0,0.9131004317755124,0.9131924349999865,0.9131008664886457,0.9131954031925126,-1.8261960441309113,-1.1946020676190312,3.140290796624407,2.9367723596867124,0.9351912131333624,3.140290796624407,2.9367723596867124,0.9351912131333624,0.1398669237372024,0.2134192374608367,0.07355231372363433,0.1398669237372024,0.2134192374608367,0.07355231372363433,0.03097301033809515,0.034130980220654555,0.003157969882559404,0.13573961382990196,0.2134262697099979,0.07768665588009593,-20.0,-20.0,0.0,0.0,0.0,0.0,78.53719292631017,78.53719730555981,78.53719294234682,3.428871878412628e-151,0.0017144997964676763,0,none,0.0,0.0,0.0,0.0,0.0,0.0,0.0,0,0.0,0.0,0.0,0.0,,0,False,0,False,nan,nan,,nan,nan,,0.0,0,False,False,False,False,False,,2972,1550,0
112,True,112,112,1,0.05600000000000004,0.0005,0.0005,0,0,0,False,False,,,none,1.1400000000000001,-1.1749908282489936,-1.0870920159007365,-587594561101.039,0.03846073723697663,0.21853148006794654,True,2,1,4,1,True,2,,,2,2,2,169,,,,,,,,,7,0.8,1.2372284626595857e-06,5.731704132082062e-07,1.6939717111239445e-07,1.9196804166477826e-06,2.360747105268617e-06,False,0.01071772356255335,0.0,0.01071772356255335,0.9092562463083846,0.7975931985161268,0.0,0.0,0.9093166148062314,0.9094066627543609,0.9093167325745947,0.9094104954324852,-1.8383773192925532,-1.19534458260372,3.140290796624407,2.9266894608539276,0.9319803962104127,3.140290796624407,2.9266894608539276,0.9319803962104127,0.14324169540046758,0.21853148006794654,0.07528978466747896,0.14324169540046758,0.21853148006794654,0.07528978466747896,0.0309767229130186,0.034191886596462766,0.003215163683444166,0.13907844695630966,0.21853794179555355,0.07945949483924389,-20.0,-20.0,0.0,0.0,0.0,0.0,80.36881594160937,80.36882042144993,80.36881595800291,3.509790993855738e-151,0.0017549593149636955,0,none,0.0,0.0,0.0,0.0,0.0,0.0,0.0,0,0.0,0.0,0.0,0.0,,0,False,0,False,nan,nan,,nan,nan,,0.0,0,False,False,False,False,False,,2972,1550,0
113,True,113,113,1,0.05650000000000004,0.0005,0.0005,0,0,0,False,False,,,none,1.14125,-1.190692282232114,-1.0975357452987207,-595445853556.6998,0.04015708509089075,0.22365859472301278,True,2,1,4,1,True,2,,,2,2,2,170,,,,,,,,,7,0.8,1.2560829139500217e-06,5.752151583635571e-07,1.7113351647074372e-07,1.9284465911691814e-06,2.378404864731837e-06,False,0.010809124918051555,0.0,0.010809124918051555,0.905472369026992,0.7934040473401901,0.0,0.0,0.90553162037457,0.9056207945286487,0.905532471037849,0.9056264587697225,-1.850555825903566,-1.1960844522736052,3.140290796624407,2.9166084307789473,0.928770174378149,3.140290796624407,2.9166084307789473,0.928770174378149,0.146635564678375,0.22365859472301278,0.07702303004463779,0.146635564678375,0.22365859472301278,0.07702303004463779,0.030980422261368025,0.03425277912951783,0.003272356868149806,0.1424339437912428,0.22366533066513122,0.08123138687388842,-20.0,-20.0,0.0,0.0,0.0,0.0,82.2065388201563,82.20654339950855,82.20653883690768,3.590910216077235e-151,0.0017955188700168518,0,none,0.0,0.0,0.0,0.0,0.0,0.0,0.0,0,0.0,0.0,0.0,0.0,,0,False,0,False,nan,nan,,nan,nan,,0.0,0,False,False,False,False,False,,2972,1550,0
114,True,114,114,1,0.057000000000000044,0.0005,0.0005,0,0,0,False,False,,,none,1.1425,-1.2063937362152322,-1.1078712747277037,-603297280467.4045,0.04185613731969284,0.22879536612309787,True,2,1,4,1,True,2,,,2,2,2,171,,,,,,,,,7,0.8,1.2771134213637218e-06,5.773230149029e-07,1.728750047068987e-07,1.9377378228260056e-06,2.397714368273837e-06,False,0.010902537584071254,0.0,0.010902537584071254,0.9016883367800607,0.7892239271597905,0.0,0.0,0.9017467227750302,0.901832232900628,0.9017475485452959,0.9018350776414169,-1.862780754981137,-1.1968213410999178,3.140290796624407,2.9065302159876003,0.9255608490500042,3.140290796624407,2.9065302159876003,0.9255608490500042,0.1500500332572697,0.22879536612309787,0.07874533286582816,0.1500500332572697,0.22879536612309787,0.07874533286582816,0.03098410670549959,0.03431390377490568,0.003329797069406091,0.14580503398896608,0.22880238311951787,0.08299734913055179,-20.0,-20.0,0.0,0.0,0.0,0.0,84.05026887098863,84.0502735487371,84.05026888809795,3.672225956578415e-151,0.0018361766680976375,0,none,0.0,0.0,0.0,0.0,0.0,0.0,0.0,0,0.0,0.0,0.0,0.0,,0,False,0,False,nan,nan,,nan,nan,,0.0,0,False,False,False,False,False,,2972,1550,0
115,True,115,115,1,0.057500000000000044,0.0005,0.0005,0,0,0,False,False,,,none,1.14375,-1.2220951901983503,-1.1180991129329385,-611148831725.0233,0.043557600898685433,0.23395660326193485,True,2,1,4,1,True,2,,,2,2,2,179,,,,,,,,,7,0.8,1.297717463270536e-06,5.793699586701098e-07,1.7454754112425212e-07,1.9468696333206102e-06,2.416714376326911e-06,False,0.010999153353378033,0.0,0.010999153353378033,0.8979047122475327,0.7850533003257116,0.0,0.0,0.8979603304882402,0.8980449327837006,0.8979614937005291,0.8980482703247413,-1.8750189516973188,-1.1975501664653783,3.140290796624407,2.896455869341407,0.9223527555011447,3.140290796624407,2.896455869341407,0.9223527555011447,0.153485020579157,0.23395660326193485,0.08047158268277785,0.153485020579157,0.23395660326193485,0.08047158268277785,0.03098775083232689,0.0343750947584866,0.0033873439261597124,0.1491897472689081,0.23396261781468652,0.08477287054577842,-20.0,-20.0,0.0,0.0,0.0,0.0,85.8999142269303,85.89991900238722,85.8999142443953,3.753733381977037e-151,0.0018769302993486732,0,none,0.0,0.0,0.0,0.0,0.0,0.0,0.0,0,0.0,0.0,0.0,0.0,,0,False,0,False,nan,nan,,nan,nan,,0.0,0,False,False,False,False,False,,2972,1550,0
116,True,116,116,1,0.058000000000000045,0.0005,0.0005,0,0,0,False,False,,,none,1.145,-1.2377966441814723,-1.1282197479877367,-619000480224.1886,0.04526124475182107,0.23914732402984765,True,2,1,4,1,True,2,,,2,2,2,178,,,,,,,,,7,0.8,1.3189945052714828e-06,5.814153987180423e-07,1.7619865828277468e-07,1.95614626554427e-06,2.4362562570850933e-06,False,0.01109226108090744,0.0,0.01109226108090744,0.8941177076942447,0.780888827680563,0.0,0.0,0.8941723637882759,0.894259037381318,0.89417306701967,0.8942634349584692,-1.887265670742953,-1.1982686922780434,3.140290796624407,2.8863863793681004,0.9191462085201676,3.140290796624407,2.8863863793681004,0.9191462085201676,0.15693786984119173,0.23914732402984765,0.08220945418865591,0.15693786984119173,0.23914732402984765,0.08220945418865591,0.030991343461390215,0.03443632835371476,0.0034449848923245457,0.15258638884071668,0.23915359854859894,0.08656720970788226,-20.0,-20.0,0.0,0.0,0.0,0.0,87.75538330731183,87.7553881799415,87.75538332513503,3.835427949321879e-151,0.0019177774949388827,0,none,0.0,0.0,0.0,0.0,0.0,0.0,0.0,0,0.0,0.0,0.0,0.0,,0,False,0,False,nan,nan,,nan,nan,,0.0,0,False,False,False,False,False,,2972,1550,0
117,True,117,117,1,0.058500000000000045,0.0005,0.0005,0,0,0,False,False,,,none,1.1462500000000002,-1.2534980981645907,-1.138233798702717,-626852113307.7406,0.04696862215028947,0.24434902670728317,True,2,1,4,1,True,2,,,2,2,2,178,,,,,,,,,7,0.8,1.3420231777497022e-06,5.835199592877323e-07,1.7788162610937424e-07,1.9658325841972883e-06,2.4571653128154953e-06,False,0.011185084441048182,0.0,0.011185084441048182,0.8903276890674874,0.7767308083467719,0.0,0.0,0.890382438994836,0.8904706265624918,0.8903845385545769,0.8904742560735961,-1.899518561009503,-1.198982474991524,3.140290796624407,2.876322807133378,0.9159415459947925,3.140290796624407,2.876322807133378,0.9159415459947925,0.16040084016058656,0.24434902670728317,0.08394818654669661,0.16040084016058656,0.24434902670728317,0.08394818654669661,0.03099491237495762,0.03449759280504751,0.0035026804300898884,0.15599416147925735,0.24435556773916134,0.08836140625990399,-20.0,-20.0,0.0,0.0,0.0,0.0,89.61658534312753,89.61659031310994,89.6165853613077,3.917304264738493e-151,0.0019587155675949808,0,none,0.0,0.0,0.0,0.0,0.0,0.0,0.0,0,0.0,0.0,0.0,0.0,,0,False,0,False,nan,nan,,nan,nan,,0.0,0,False,False,False,False,False,,2972,1550,0
118,True,118,118,1,0.059000000000000045,0.0005,0.0005,0,0,0,False,False,,,none,1.1475000000000002,-1.2691995521477106,-1.1481420964414246,-634703725532.673,0.04867772123835861,0.24956135130116128,True,2,1,4,1,True,2,,,2,2,2,171,,,,,,,,,7,0.8,1.361768885375698e-06,5.854209057091819e-07,1.7940227939881799e-07,1.9745534510865082e-06,2.475515833734428e-06,False,0.01128109967374552,0.0,0.01128109967374552,0.8865391569070281,0.7725831432740985,0.0,0.0,0.8865969534068842,0.8866837524006226,0.8865977018013077,0.886687104669445,-1.9117877884001937,-1.1997023104134026,3.140290796624407,2.8662663261206394,0.9127391416112403,3.140290796624407,2.8662663261206394,0.9127391416112403,0.16387922577215358,0.24956135130116128,0.0856821255290077,0.16387922577215358,0.24956135130116128,0.0856821255290077,0.030998511552067013,0.03455893894200096,0.0035604273899339477,0.15942094172356877,0.24956816768430648,0.09014722596073771,-20.0,-20.0,0.0,0.0,0.0,0.0,91.48342968632538,91.48343475504089,91.48342970486325,3.999355494762117e-151,0.0019997411155229785,0,none,0.0,0.0,0.0,0.0,0.0,0.0,0.0,0,0.0,0.0,0.0,0.0,,0,False,0,False,nan,nan,,nan,nan,,0.0,0,False,False,False,False,False,,2972,1550,0
119,True,119,119,1,0.059500000000000046,0.0005,0.0005,0,0,0,False,False,,,none,1.1487500000000002,-1.2849010061308315,-1.157944928658309,-642555317130.4255,0.0503881149945589,0.25478393427442053,True,2,1,4,1,True,2,,,2,2,2,172,,,,,,,,,7,0.8,1.3829574858088843e-06,5.873502734260217e-07,1.8097327058098198e-07,1.983684577136218e-06,2.495056628111139e-06,False,0.011376926950328464,0.0,0.011376926950328464,0.8827516907589732,0.7684454326519896,0.0,0.0,0.8828091841449577,0.8828997854809996,0.8828102335744131,0.8829035761938405,-1.9240820880190739,-1.2004274883754154,3.140290796624407,2.8562176700405115,0.9095392290136779,3.140290796624407,2.8562176700405115,0.9095392290136779,0.16737202595439438,0.25478393427442053,0.08741190832002615,0.16737202595439438,0.25478393427442053,0.08741190832002615,0.031002137441877076,0.034620410440095374,0.0036182729982182985,0.16286235665659093,0.2547910265874286,0.09192866993083765,-20.0,-20.0,0.0,0.0,0.0,0.0,93.35582391466679,93.35582908274687,93.35582393356185,4.081578969199186e-151,0.0020408527934250784,0,none,0.0,0.0,0.0,0.0,0.0,0.0,0.0,0,0.0,0.0,0.0,0.0,,0,False,0,False,nan,nan,,nan,nan,,0.0,0,False,False,False,False,False,,2972,1550,0
120,True,120,120,1,0.060000000000000046,0.0005,0.0005,0,0,0,False,False,,,none,1.1500000000000001,-1.3006024601139474,-1.1676431609582585,-650406680726.3799,0.05209965386078292,0.260016249501305,True,2,1,4,1,True,2,,,2,2,2,169,,,,,,,,,7,0.8,1.4067206255824114e-06,5.893849461990787e-07,1.826148411328522e-07,1.9933959113363737e-06,2.5165875650927805e-06,False,0.011471562167502308,0.0,0.011471562167502308,0.8789676451643965,0.7643196914473013,0.0,0.0,0.879022557025411,0.8791170820947907,0.8790230955785653,0.8791219613552739,-1.9363851876958653,-1.2011508590135447,3.140290796624407,2.8461779713610063,0.90634216882731,3.140290796624407,2.8461779713610063,0.90634216882731,0.1708768697134302,0.260016249501305,0.08913937978787478,0.1708768697134302,0.260016249501305,0.08913937978787478,0.031005754295067727,0.03468192593847933,0.003676171643411604,0.1663126151754189,0.26002361866574747,0.09371100349032857,-20.0,-20.0,0.0,0.0,0.0,0.0,95.23367976983246,95.23368503937937,95.23367978908362,4.1639680428082686e-151,0.002082047295991647,0,none,0.0,0.0,0.0,0.0,0.0,0.0,0.0,0,0.0,0.0,0.0,0.0,,0,False,0,False,nan,nan,,nan,nan,,0.0,0,False,False,False,False,False,,2972,1550,0
121,True,121,121,1,0.06050000000000005,0.0005,0.0005,0,0,0,False,False,,,none,1.15125,-1.3163039140970691,-1.1772377003090924,-658257845261.4127,0.0538123593005396,0.265257668914808,True,2,1,4,1,True,2,,,2,2,2,173,,,,,,,,,7,0.8,1.4277503395272243e-06,5.912492750604212e-07,1.8411869670121968e-07,2.002239141754071e-06,2.5359235028932975e-06,False,0.011564799523868019,0.0,0.011564799523868019,0.8751824810493586,0.7602019379364677,0.0,0.0,0.8752385802719157,0.8753369597723083,0.8752406309189877,0.8753406499044458,-1.948694416070729,-1.2018741840862612,3.140290796624407,2.8361483364761035,0.9031483133742788,3.140290796624407,2.8361483364761035,0.9031483133742788,0.17438510365422658,0.265257668914808,0.09087256526058143,0.17438510365422658,0.265257668914808,0.09087256526058143,0.031009370920431302,0.03474347208035364,0.003734101159922336,0.1697685439248934,0.2652653114119441,0.09549676748705069,-20.0,-20.0,0.0,0.0,0.0,0.0,97.11690675166022,97.11691212599952,97.11690677126829,4.2465159050341184e-151,0.002123321230983443,0,none,0.0,0.0,0.0,0.0,0.0,0.0,0.0,0,0.0,0.0,0.0,0.0,,0,False,0,False,nan,nan,,nan,nan,,0.0,0,False,False,False,False,False,,2972,1550,0
122,True,122,122,1,0.06100000000000005,0.0005,0.0005,0,0,0,False,False,,,none,1.1525,-1.3320053680801887,-1.1867289430310477,-666108895370.2131,0.055526377265963114,0.2705340181725726,True,2,1,4,1,True,2,,,2,2,2,175,,,,,,,,,7,0.8,1.4454966603186476e-06,5.92890789877394e-07,1.854880614943557e-07,2.010236912188068e-06,2.5527315463624755e-06,False,0.011656239696161336,0.0,0.011656239696161336,0.8714001801943149,0.7560956010362818,0.0,0.0,0.8714582554964481,0.8715570194604692,0.8714593408906591,0.871563019750557,-1.961017352257051,-1.2025936654203917,3.140290796624407,2.826129485745586,0.8999578920472834,3.140290796624407,2.826129485745586,0.8999578920472834,0.17789927316289453,0.2705340181725726,0.09263474500967808,0.17789927316289453,0.2705340181725726,0.09263474500967808,0.031012968327101962,0.034805086761285256,0.003792118434183294,0.1732333495383387,0.27054082569332355,0.09730747615498486,-20.0,-20.0,0.0,0.0,0.0,0.0,99.005412876787,99.00541835862319,99.00541289675283,4.329219471869982e-151,0.002164673047068363,0,none,0.0,0.0,0.0,0.0,0.0,0.0,0.0,0,0.0,0.0,0.0,0.0,,0,False,0,False,nan,nan,,nan,nan,,0.0,0,False,False,False,False,False,,2972,1550,0
123,True,123,123,1,0.06150000000000005,0.0005,0.0005,0,0,0,False,False,,,none,1.15375,-1.3477068220633086,-1.1961172313944908,-673959957295.2289,0.05724237240275297,0.2758206197158803,True,2,1,4,1,True,2,,,2,2,2,182,,,,,,,,,7,0.8,1.464619523405499e-06,5.945517303583168e-07,1.8689617648191575e-07,2.0185694222007734e-06,2.5706331518597017e-06,False,0.011746047129850945,0.0,0.011746047129850945,0.8676235329504532,0.7520030621455716,0.0,0.0,0.8676811296004985,0.8677812980817766,0.8676820464140796,0.8677858857405084,-1.9733537590359467,-1.2033066322209809,3.140290796624407,2.8161221031004215,0.8967711226385645,3.140290796624407,2.8161221031004215,0.8967711226385645,0.18142422768709554,0.2758206197158803,0.09439639202878475,0.18142422768709554,0.2758206197158803,0.09439639202878475,0.031016533161104906,0.034866768795179734,0.003850235634074828,0.1767093002102475,0.2758276806121112,0.09911838040186371,-20.0,-20.0,0.0,0.0,0.0,0.0,100.8991087411996,100.8991143328557,100.89910876152256,4.4120762019533174e-151,0.0022061014676868036,0,none,0.0,0.0,0.0,0.0,0.0,0.0,0.0,0,0.0,0.0,0.0,0.0,,0,False,0,False,nan,nan,,nan,nan,,0.0,0,False,False,False,False,False,,2972,1550,0
124,True,124,124,1,0.06200000000000005,0.0005,0.0005,0,0,0,False,False,,,none,1.155,-1.3634082760464277,-1.2054029053506596,-681811232983.4615,0.05896031406231975,0.2811295891474203,True,2,1,4,1,True,2,,,2,2,2,185,,,,,,,,,7,0.8,1.4824164567380579e-06,5.960872870926956e-07,1.8821661915719348e-07,2.0265728481921947e-06,2.5875280886974224e-06,False,0.011834598643108263,0.0,0.011834598643108263,0.8638513323034569,0.7479232314315644,0.0,0.0,0.8639076610339931,0.8640090673790525,0.8639084593295622,0.8640135424538946,-1.9856940598947306,-1.2040103270998932,3.140290796624407,2.8061268701478483,0.8935882222003894,3.140290796624407,2.8061268701478483,0.8935882222003894,0.1849653096093339,0.2811295891474203,0.0961642795380864,0.1849653096093339,0.2811295891474203,0.0961642795380864,0.031020051635499465,0.03492847029947366,0.003908418663974192,0.18019627149026554,0.28113581817612565,0.10093954668586011,-20.0,-20.0,0.0,0.0,0.0,0.0,102.79790594887159,102.79791165236298,102.7979059695498,4.4950836331556826e-151,0.002247605257130098,0,none,0.0,0.0,0.0,0.0,0.0,0.0,0.0,0,0.0,0.0,0.0,0.0,,0,False,0,False,nan,nan,,nan,nan,,0.0,0,False,False,False,False,False,,2972,1550,0
125,True,125,125,1,0.06250000000000004,0.0005,0.0005,0,0,0,False,False,,,none,1.15625,-1.379109730029548,-1.2145861578799815,-689662673711.9697,0.06067992689329658,0.28645626337047947,True,2,1,4,1,True,2,,,2,2,2,185,,,,,,,,,7,0.8,1.5001753915294102e-06,5.97556812854118e-07,1.894938500984477e-07,2.034571564080612e-06,2.604417347225546e-06,False,0.011923118326502002,0.0,0.011923118326502002,0.8600797682796245,0.7438527725661618,0.0,0.0,0.8601363967020736,0.8602403844833136,0.8601375482882184,0.8602456630503093,-1.9980357436269296,-1.2047039786005336,3.140290796624407,2.7961443672558164,0.8904093755461997,3.140290796624407,2.7961443672558164,0.8904093755461997,0.18852213608112592,0.28645626337047947,0.09793412728935355,0.18852213608112592,0.28645626337047947,0.09793412728935355,0.031023519893002664,0.034990178718134646,0.0039666588251319815,0.18369403813293506,0.28646270001093554,0.10276866187800049,-20.0,-20.0,0.0,0.0,0.0,0.0,104.70171735527467,104.70172317179073,104.70171737630866,4.578240335330685e-151,0.002289183690261944,0,none,0.0,0.0,0.0,0.0,0.0,0.0,0.0,0,0.0,0.0,0.0,0.0,,0,False,0,False,nan,nan,,nan,nan,,0.0,0,False,False,False,False,False,,2972,1550,0
126,True,126,126,1,0.06300000000000004,0.0005,0.0005,0,0,0,False,False,,,none,1.1575000000000002,-1.3948111840126678,-1.2236673976294046,-697514180595.1396,0.06240061022481585,0.2917916977218973,True,2,1,4,1,True,2,,,2,2,2,185,,,,,,,,,7,0.8,1.5203812136963858e-06,5.991110948842196e-07,1.9083193499303236e-07,2.043237884644634e-06,2.6233053614923534e-06,False,0.012011546262387734,0.0,0.012011546262387734,0.8563108829505119,0.7397934193956905,0.0,0.0,0.8563679799075025,0.8564721564919731,0.8563694394424719,0.8564776783077276,-2.010389775696946,-1.205388299804286,3.140290796624407,2.7861753020351956,0.8872348080089076,3.140290796624407,2.7861753020351956,0.8872348080089076,0.19209252976324517,0.2917916977218973,0.09969916795865211,0.19209252976324517,0.2917916977218973,0.09969916795865211,0.031026941499021427,0.03505194887848473,0.004025007379463302,0.18720357814014849,0.2917983501221663,0.10459477198201783,-20.0,-20.0,0.0,0.0,0.0,0.0,106.61045865932671,106.61046459003481,106.61045868071687,4.661543517218307e-151,0.0023308353708883455,0,none,0.0,0.0,0.0,0.0,0.0,0.0,0.0,0,0.0,0.0,0.0,0.0,,0,False,0,False,nan,nan,,nan,nan,,0.0,0,False,False,False,False,False,,2972,1550,0
127,True,127,127,1,0.06350000000000004,0.0005,0.0005,0,0,0,False,False,,,none,1.1587500000000002,-1.410512637995788,-1.2326471681330673,-705365728725.5265,0.06412205013619546,0.2971359479357861,True,2,1,4,1,True,2,,,2,2,2,186,,,,,,,,,7,0.8,1.5393172418345697e-06,6.005559937859891e-07,1.9207382553544106e-07,2.0515391768247746e-06,2.641187312778887e-06,False,0.012102041803894487,0.0,0.012102041803894487,0.8525471288249445,0.7357472524918615,0.0,0.0,0.8526037034462647,0.8527040105229159,0.8526048364184957,0.852710451758431,-2.022767147704128,-1.206062046216238,3.140290796624407,2.776220447825199,0.8840647658520803,3.140290796624407,2.776220447825199,0.8840647658520803,0.19567570658325636,0.2971359479357861,0.10146024135252976,0.19567570658325636,0.2971359479357861,0.10146024135252976,0.03103031023108119,0.035113835738520636,0.004083525507439446,0.1907231862336637,0.2971428249283985,0.10641963869473481,-20.0,-20.0,0.0,0.0,0.0,0.0,108.5240460640369,108.52405211039799,108.52404608578337,4.7449895258016546e-151,0.0023725584751600037,0,none,0.0,0.0,0.0,0.0,0.0,0.0,0.0,0,0.0,0.0,0.0,0.0,,0,False,0,False,nan,nan,,nan,nan,,0.0,0,False,False,False,False,False,,2972,1550,0
128,True,128,128,1,0.06400000000000004,0.0005,0.0005,0,0,0,False,False,,,none,1.1600000000000001,-1.4262140919789075,-1.2415257209068689,-713217348888.6305,0.06584414527031807,0.3024891362443535,True,2,1,4,1,True,2,,,2,2,2,198,,,,,,,,,7,0.8,1.5592199755299195e-06,6.020109661665058e-07,1.933352494270312e-07,2.06014246369167e-06,2.6599153416702663e-06,False,0.012193375556854985,0.0,0.012193375556854985,0.848788353672674,0.7317140979936844,0.0,0.0,0.8488416287778496,0.8489446637416252,0.8488430339366567,0.848950447850258,-2.035161929725214,-1.2067406922745696,3.140290796624407,2.7662803811330177,0.8808994326597319,3.140290796624407,2.7662803811330177,0.8808994326597319,0.19927250846305017,0.3024891362443535,0.1032166277813033,0.19927250846305017,0.3024891362443535,0.1032166277813033,0.03103370346137285,0.03517580964862607,0.004142106187253223,0.1942601781669016,0.3024962438260492,0.10823606565914762,-20.0,-20.0,0.0,0.0,0.0,0.0,110.44239597590011,110.44240213861873,110.44239599800207,4.8285766258620695e-151,0.0024143521271588098,0,none,0.0,0.0,0.0,0.0,0.0,0.0,0.0,0,0.0,0.0,0.0,0.0,,0,False,0,False,nan,nan,,nan,nan,,0.0,0,False,False,False,False,False,,2972,1550,0
129,True,129,129,1,0.06450000000000004,0.0005,0.0005,0,0,0,False,False,,,none,1.1612500000000001,-1.4419155459620259,-1.2503036562015768,-721068863028.6603,0.06756653346375426,0.30786775233914315,True,2,1,4,1,True,2,,,2,2,2,198,,,,,,,,,7,0.8,1.5803377565873353e-06,6.035009628159606e-07,1.946138711284206e-07,2.0690437875071946e-06,2.679645049343847e-06,False,0.012287348325592806,0.0,0.012287348325592806,0.845030736533467,0.7276906234949123,0.0,0.0,0.845084393927612,0.8451855364957911,0.8450857556268588,0.8451929199101033,-2.047593464241515,-1.2074323998232428,3.140290796624407,2.7563558736599667,0.8777390541738543,3.140290796624407,2.7563558736599667,0.8777390541738543,0.20288196111193013,0.30786775233914315,0.10498579122721302,0.20288196111193013,0.30786775233914315,0.10498579122721302,0.031037161999116217,0.035237967321207576,0.004200805322091359,0.19781320758260684,0.30787414980760924,0.1100609422250024,-20.0,-20.0,0.0,0.0,0.0,0.0,112.36542751013599,112.36543379032429,112.3654275325941,4.9123009386049014e-151,0.0024562143915580906,0,none,0.0,0.0,0.0,0.0,0.0,0.0,0.0,0,0.0,0.0,0.0,0.0,,0,False,0,False,nan,nan,,nan,nan,,0.0,0,False,False,False,False,False,,2972,1550,0
130,True,130,130,1,0.06500000000000004,0.0005,0.0005,0,0,0,False,False,,,none,1.1625,-1.457616999945144,-1.258981544586852,-728920266821.0304,0.0692893798761143,0.31326828037002163,True,2,1,4,1,True,2,,,2,2,2,196,,,,,,,,,7,0.8,1.6007666332995826e-06,6.049251993422682e-07,1.958333720065138e-07,2.077743898281625e-06,2.6988439613142755e-06,False,0.012386016169229963,0.0,0.012386016169229963,0.8412749512421934,0.7236773774126395,0.0,0.0,0.8413276455868658,0.8414270521253981,0.8413281283212232,0.8414335137264504,-2.060035583019735,-1.2081243826270152,3.140290796624407,2.7464476510284084,0.8745838614629726,3.140290796624407,2.7464476510284084,0.8745838614629726,0.20650527097683832,0.31326828037002163,0.10676300939318331,0.20650527097683832,0.31326828037002163,0.10676300939318331,0.031040621913135072,0.03530017791509867,0.004259556001963601,0.2013800799268255,0.31327490615191433,0.11189482622508884,-20.0,-20.0,0.0,0.0,0.0,0.0,114.29305960397525,114.29306600294821,114.29305962678735,4.996158826728649e-151,0.002498143451461182,0,none,0.0,0.0,0.0,0.0,0.0,0.0,0.0,0,0.0,0.0,0.0,0.0,,0,False,0,False,nan,nan,,nan,nan,,0.0,0,False,False,False,False,False,,2972,1550,0
131,True,131,131,1,0.06550000000000004,0.0005,0.0005,0,0,0,False,False,,,none,1.16375,-1.4733184539282638,-1.2675597837449644,-736771594253.08,0.07101406781778657,0.3186783748799351,True,2,1,4,1,True,2,,,2,2,2,195,,,,,,,,,7,0.8,1.6204499703558101e-06,6.062731465105428e-07,1.970068308742385e-07,2.086256001482275e-06,2.717480640177196e-06,False,0.012484433890322999,0.0,0.012484433890322999,0.837518498976779,0.7196721795718831,0.0,0.0,0.837573558075154,0.8376732854052618,0.837574369609016,0.8376786532889317,-2.072488409457926,-1.2088136878193485,3.140290796624407,2.7365563240820245,0.8714340490452767,3.140290796624407,2.7365563240820245,0.8714340490452767,0.21014162020444754,0.3186783748799351,0.10853675467548757,0.21014162020444754,0.3186783748799351,0.10853675467548757,0.031044068439096736,0.035362442047289624,0.004318373608192889,0.2049590360967112,0.31868523439329177,0.11372619829658057,-20.0,-20.0,0.0,0.0,0.0,0.0,116.22521143294209,116.22521795160385,116.22521145610916,5.080147769950241e-151,0.002540138042361947,0,none,0.0,0.0,0.0,0.0,0.0,0.0,0.0,0,0.0,0.0,0.0,0.0,,0,False,0,False,nan,nan,,nan,nan,,0.0,0,False,False,False,False,False,,2972,1550,0
132,True,132,132,1,0.06600000000000004,0.0005,0.0005,0,0,0,False,False,,,none,1.165,-1.4890199079113855,-1.2760388484677354,-744622917061.5128,0.07274076708145505,0.3240979023523883,True,2,1,4,1,True,2,,,2,2,2,192,,,,,,,,,7,0.8,1.6409113667464778e-06,6.076315476366797e-07,1.981895914356607e-07,2.0949760600368047e-06,2.736788266834303e-06,False,0.01258148478572882,0.0,0.01258148478572882,0.8337663758393529,0.7156792925659681,0.0,0.0,0.8338247453696945,0.8339201513002656,0.8338254984251809,0.8339289217578346,-2.084952331112161,-1.2094939514489014,3.140290796624407,2.726682535973314,0.8682898217274359,3.140290796624407,2.726682535973314,0.8682898217274359,0.21378679035951229,0.3240979023523883,0.110311111992876,0.21378679035951229,0.3240979023523883,0.110311111992876,0.0310474697572445,0.0354247616555608,0.004377291898316298,0.20854451227006188,0.32410500231101375,0.11556049004095187,-20.0,-20.0,0.0,0.0,0.0,0.0,118.1618038095793,118.16181044877051,118.161803833101,5.164264847473706e-151,0.0025821967030596644,0,none,0.0,0.0,0.0,0.0,0.0,0.0,0.0,0,0.0,0.0,0.0,0.0,,0,False,0,False,nan,nan,,nan,nan,,0.0,0,False,False,False,False,False,,2972,1550,0
133,True,133,133,1,0.06650000000000005,0.0005,0.0005,0,0,0,False,False,,,none,1.1662500000000002,-1.5047213618945037,-1.2844191597055863,-752474181476.7418,0.07446805067932312,0.3295267619838113,True,2,1,4,1,True,2,,,2,2,2,187,,,,,,,,,7,0.8,1.6609006085580307e-06,6.089281205984888e-07,1.9933448303126699e-07,2.1035798615967404e-06,2.7557515776652927e-06,False,0.012677046042967932,0.0,0.012677046042967932,0.8300197141347909,0.7116996477040006,0.0,0.0,0.8300786768180596,0.8301744537552876,0.8300799108545609,0.8301828976592766,-2.0974279854583022,-1.2101721884401015,3.140290796624407,2.716826886967927,0.8651513706591523,3.140290796624407,2.716826886967927,0.8651513706591523,0.2174385674941775,0.3295267619838113,0.11208819448963381,0.2174385674941775,0.3295267619838113,0.11208819448963381,0.031050860942200508,0.03548713992729151,0.004436278985091,0.21213932709633776,0.329534109409596,0.11739478231325823,-20.0,-20.0,0.0,0.0,0.0,0.0,120.10275799913674,120.10276475938171,120.10275802301344,5.2485075050738076e-151,0.0026243181533352625,0,none,0.0,0.0,0.0,0.0,0.0,0.0,0.0,0,0.0,0.0,0.0,0.0,,0,False,0,False,nan,nan,,nan,nan,,0.0,0,False,False,False,False,False,,2972,1550,0
134,True,134,134,1,0.06700000000000005,0.0005,0.0005,0,0,0,False,False,,,none,1.1675000000000002,-1.5204228158776245,-1.2927011868883542,-760325395175.4877,0.07619560874601607,0.33496486456045826,True,2,1,4,1,True,2,,,2,2,2,198,,,,,,,,,7,0.8,1.6814789692991656e-06,6.102246445434082e-07,2.0048903851084816e-07,2.1123558394170226e-06,2.775245698651871e-06,False,0.012771730501851847,0.0,0.012771730501851847,0.8262786384827154,0.7077333091929039,0.0,0.0,0.826336564843104,0.8264349085842443,0.8263377928352358,0.8264414830298948,-2.1099260559530832,-1.2108453589445383,3.140290796624407,2.7069899904342023,0.8620188911625724,3.140290796624407,2.7069899904342023,0.8620188911625724,0.2210987599431441,0.33496486456045826,0.11386610461731417,0.2210987599431441,0.33496486456045826,0.11386610461731417,0.031054226794722688,0.03554963027976542,0.00449540348504273,0.21574054225196523,0.33497246804601666,0.11923192579405142,-20.0,-20.0,0.0,0.0,0.0,0.0,122.04799657001398,122.04800345168985,122.04799659424388,5.332872954400615e-151,0.002666500997707561,0,none,0.0,0.0,0.0,0.0,0.0,0.0,0.0,0,0.0,0.0,0.0,0.0,,0,False,0,False,nan,nan,,nan,nan,,0.0,0,False,False,False,False,False,,2972,1550,0
135,True,135,135,1,0.06750000000000005,0.0005,0.0005,0,0,0,False,False,,,none,1.1687500000000002,-1.536124269860741,-1.3008854497599955,-768176555203.5677,0.07792324001443052,0.3404121115870714,True,2,1,4,1,True,2,,,2,2,2,197,,,,,,,,,7,0.8,1.7018778079007577e-06,6.114813970966173e-07,2.0160525655480196e-07,2.121066030709511e-06,2.7946132752351705e-06,False,0.012865289474714242,0.0,0.012865289474714242,0.8225433204860997,0.7037803811645772,0.0,0.0,0.8225974364749625,0.8226960979490312,0.822598928645111,0.8227026468535402,-2.1224717214016438,-1.21150883540795,3.140290796624407,2.697172470956025,0.8588925821313417,3.140290796624407,2.697172470956025,0.8588925821313417,0.22476633694725015,0.3404121115870714,0.11564577463982126,0.22476633694725015,0.3404121115870714,0.11564577463982126,0.031057544177039754,0.03561235860700822,0.004554814429968464,0.21934617847109705,0.34041998113114436,0.1210738026600473,-20.0,-20.0,0.0,0.0,0.0,0.0,123.9974428707468,123.99744987423593,123.99744289532964,5.417358156999044e-151,0.0027087437170694997,0,none,0.0,0.0,0.0,0.0,0.0,0.0,0.0,0,0.0,0.0,0.0,0.0,,0,False,0,False,nan,nan,,nan,nan,,0.0,0,False,False,False,False,False,,2972,1550,0
136,True,136,136,1,0.06800000000000005,0.0005,0.0005,0,0,0,False,False,,,none,1.1700000000000002,-1.551825723843865,-1.3089724080212912,-776027644684.6553,0.07965078583121869,0.34587863145276415,True,2,1,4,1,True,2,,,2,2,2,197,,,,,,,,,7,0.8,1.7223902345074593e-06,6.127147035698839e-07,2.0271309034302222e-07,2.129815198453264e-06,2.8141167005752136e-06,False,0.01295746917486143,0.0,0.01295746917486143,0.8188103957406855,0.6998379450775088,0.0,0.0,0.8188608933408135,0.8189591399610335,0.8188620336994359,0.8189678471297824,-2.1350313234474685,-1.2121618595775296,3.140290796624407,2.687374904122237,0.855772626857034,3.140290796624407,2.687374904122237,0.855772626857034,0.22844018109843323,0.34587863145276415,0.11743845035433093,0.22844018109843323,0.34587863145276415,0.11743845035433093,0.031060809297887647,0.035675156617237344,0.004614347319349697,0.22295650271647305,0.3458860178723224,0.12292951515584938,-20.0,-20.0,0.0,0.0,0.0,0.0,125.95102082702194,125.95102795241927,125.95102085195869,5.501960467379945e-151,0.0027510449861842456,0,none,0.0,0.0,0.0,0.0,0.0,0.0,0.0,0,0.0,0.0,0.0,0.0,,0,False,0,False,nan,nan,,nan,nan,,0.0,0,False,False,False,False,False,,2972,1550,0
137,True,137,137,1,0.06850000000000005,0.0005,0.0005,0,0,0,False,False,,,none,1.1712500000000001,-1.5675271778269824,-1.3169625809005647,-783878675958.9564,0.08137812542385135,0.351367009936497,True,2,1,4,1,True,2,,,2,2,2,197,,,,,,,,,7,0.8,1.7429375939446486e-06,6.13920829298804e-07,2.0380567394347222e-07,2.138569569579875e-06,2.8336807861326047e-06,False,0.01304825076087232,0.0,0.01304825076087232,0.8150785133898835,0.695904813993497,0.0,0.0,0.8151286461828305,0.8152294474792897,0.8151294748391122,0.8152379897399986,-2.1476058438937082,-1.2128041131392275,3.140290796624407,2.6775978831567535,0.8526592142469684,3.140290796624407,2.6775978831567535,0.8526592142469684,0.2321207511993694,0.351367009936497,0.1192462587371276,0.2321207511993694,0.351367009936497,0.1192462587371276,0.031064020565696134,0.035738029219468545,0.0046740086537724115,0.2265717060359624,0.3513746650776893,0.12480295904172686,-20.0,-20.0,0.0,0.0,0.0,0.0,127.90865539043648,127.90866263774899,127.9086554157259,5.586676944686332e-151,0.0027934033340508086,0,none,0.0,0.0,0.0,0.0,0.0,0.0,0.0,0,0.0,0.0,0.0,0.0,,0,False,0,False,nan,nan,,nan,nan,,0.0,0,False,False,False,False,False,,2972,1550,0
138,True,138,138,1,0.06900000000000005,0.0005,0.0005,0,0,0,False,False,,,none,1.1725,-1.5832286318101016,-1.3248564577660011,-791729606418.4408,0.08310517549415873,0.35687457648966425,True,2,1,4,1,True,2,,,2,2,2,198,,,,,,,,,7,0.8,1.7633762772162515e-06,6.150907900624326e-07,2.0487603431198585e-07,2.1472925869339556e-06,2.853186327319967e-06,False,0.013137603489932426,0.0,0.013137603489932426,0.8113503517875984,0.6919832424627704,0.0,0.0,0.8113995872034493,0.8115034867322644,0.811400611114319,0.8115119575888077,-2.1601990990912605,-1.2134355617476145,3.140290796624407,2.667841971722528,0.8495525237950164,3.140290796624407,2.667841971722528,0.8495525237950164,0.23580981757094832,0.35687457648966425,0.12106475891871593,0.23580981757094832,0.35687457648966425,0.12106475891871593,0.03106717780873807,0.0358009954954563,0.004733817686718232,0.23019238278363735,0.3568809333171363,0.12668855053349892,-20.0,-20.0,0.0,0.0,0.0,0.0,129.8702720651865,129.87027943421023,129.87027209082655,5.6715048618962894e-151,0.0028358173955366933,0,none,0.0,0.0,0.0,0.0,0.0,0.0,0.0,0,0.0,0.0,0.0,0.0,,0,False,0,False,nan,nan,,nan,nan,,0.0,0,False,False,False,False,False,,2972,1550,0
139,True,139,139,1,0.06950000000000005,0.0005,0.0005,0,0,0,False,False,,,none,1.17375,-1.598930085793223,-1.33265456412509,-799580432898.9691,0.08483184496658863,0.3624040981008304,True,2,1,4,1,True,2,,,2,2,2,198,,,,,,,,,7,0.8,1.784189835315134e-06,6.162555760348107e-07,2.0595555532875315e-07,2.1561284415802834e-06,2.8730492252653864e-06,False,0.013225497879603088,0.0,0.013225497879603088,0.8076229571888415,0.6880706770511961,0.0,0.0,0.8076753005766786,0.8077817327644172,0.807676321950067,0.8077910733173873,-2.1728219730587575,-1.2140568416952802,3.140290796624407,2.6581077377372178,0.8464527363499258,3.140290796624407,2.6581077377372178,0.8464527363499258,0.23950457992549815,0.3624040981008304,0.12289951817533226,0.23950457992549815,0.3624040981008304,0.12289951817533226,0.0310702842084764,0.035864109865293786,0.004793825656817387,0.23381882632754114,0.36241066217655865,0.1285918358490175,-20.0,-20.0,0.0,0.0,0.0,0.0,131.83579728540224,131.83580477584064,131.83579731139636,5.756441337123742e-151,0.0028782857291881647,0,none,0.0,0.0,0.0,0.0,0.0,0.0,0.0,0,0.0,0.0,0.0,0.0,,0,False,0,False,nan,nan,,nan,nan,,0.0,0,False,False,False,False,False,,2972,1550,0
140,True,140,140,1,0.07000000000000005,0.0005,0.0005,0,0,0,False,False,,,none,1.175,-1.6146315397763416,-1.3403574793281035,-807431158366.7905,0.08655803798049092,0.36794347006424755,True,2,1,4,1,True,2,,,2,2,2,198,,,,,,,,,7,0.8,1.8049491500012153e-06,6.173924836651495e-07,2.0701667276740431e-07,2.1649369818114796e-06,2.892891797318907e-06,False,0.013311912048728891,0.0,0.013311912048728891,0.8039000605940665,0.6841702643353758,0.0,0.0,0.8039577782800417,0.8040665956652071,0.8039590858931337,0.804076188186196,-2.185488955484828,-1.2146676839470834,3.140290796624407,2.648395758818034,0.8433600358491876,3.140290796624407,2.648395758818034,0.8433600358491876,0.2432037628943879,0.36794347006424755,0.12473970716985966,0.2432037628943879,0.36794347006424755,0.12473970716985966,0.03107333841973542,0.03592744477742414,0.004854106357688723,0.23745038785450737,0.367950245906018,0.13049985805151063,-20.0,-20.0,0.0,0.0,0.0,0.0,133.80515821388178,133.8051658254774,133.80515824022592,5.841483235639847e-151,0.002920806768310483,0,none,0.0,0.0,0.0,0.0,0.0,0.0,0.0,0,0.0,0.0,0.0,0.0,,0,False,0,False,nan,nan,,nan,nan,,0.0,0,False,False,False,False,False,,2972,1550,0
141,True,141,141,1,0.07050000000000005,0.0005,0.0005,0,0,0,False,False,,,none,1.17625,-1.6303329937594626,-1.3479657872554043,-815281787096.2482,0.0882836246974736,0.3734926276968831,True,2,1,4,1,True,2,,,2,2,2,199,,,,,,,,,7,0.8,1.8256560487014493e-06,6.185034510380667e-07,2.0806490775832367e-07,2.173721450783204e-06,2.9127173701788686e-06,False,0.013400761318096949,0.0,0.013400761318096949,0.8001832626165853,0.6802833263477878,0.0,0.0,0.8002417059828082,0.8003551342583102,0.800243559691476,0.8003632824187096,-2.1981788266396753,-1.2152679803563933,3.140290796624407,2.6387065967841794,0.8402746011995463,3.140290796624407,2.6387065967841794,0.8402746011995463,0.2469067168226415,0.3734926276968831,0.12658591087424156,0.2469067168226415,0.3734926276968831,0.12658591087424156,0.031076339901781967,0.03599089413319838,0.004914554231416412,0.24108660311039323,0.37349962018005844,0.1324130170696652,-20.0,-20.0,0.0,0.0,0.0,0.0,135.77828258346713,135.77829031595516,135.77828261016245,5.92662744514086e-151,0.002963378956988999,0,none,0.0,0.0,0.0,0.0,0.0,0.0,0.0,0,0.0,0.0,0.0,0.0,,0,False,0,False,nan,nan,,nan,nan,,0.0,0,False,False,False,False,False,,2972,1550,0
142,True,142,142,1,0.07100000000000005,0.0005,0.0005,0,0,0,False,False,,,none,1.1775000000000002,-1.6460344477425815,-1.3554800420389033,-823132323236.9419,0.09000851616579836,0.3790514851001501,True,2,1,4,1,True,2,,,2,2,2,199,,,,,,,,,7,0.8,1.8460894196017615e-06,6.195740107972336e-07,2.0909259991552536e-07,2.1824175848719843e-06,2.932334280077706e-06,False,0.013489190205994123,0.0,0.013489190205994123,0.796472752118606,0.6764099805678182,0.29539076734867215,0.28145696156657496,0.7965289583746279,0.7966476627491516,0.7965311887622587,0.7966546737915874,-2.210894740949877,-1.2158577114596387,3.140290796624407,2.62904078480574,0.8371966021846687,3.140290796624407,2.62904078480574,0.8371966021846687,0.250613018508954,0.3790514851001501,0.12843846659119607,0.250613018508954,0.3790514851001501,0.12843846659119607,0.031079288557298187,0.03605447370474939,0.004975185147451201,0.24472713175282035,0.37905869873237774,0.1343315669795574,-20.0,-20.0,0.0,0.0,0.0,0.0,137.75509861379456,137.75510646677347,137.75509864084034,6.011871061672541e-151,0.0030060008424041395,0,none,0.0,0.0,0.0,0.0,0.0,0.0,0.0,0,0.0,0.0,0.0,0.0,,0,False,0,False,nan,nan,,nan,nan,,0.0,0,False,False,False,False,False,,2972,1550,0
143,True,143,143,1,0.07150000000000005,0.0005,0.0005,0,0,0,False,False,,,none,1.1787500000000002,-1.6617359017257014,-1.3629008091132615,-830982770435.6409,0.09173262557483518,0.3846199500143416,True,2,1,4,1,True,2,,,2,2,2,199,,,,,,,,,7,0.8,1.8665721512540774e-06,6.206238880891353e-07,2.101187577937623e-07,2.191123540158174e-06,2.952022673848599e-06,False,0.01357635809419322,0.0,0.01357635809419322,0.7927687230164439,0.6725503482642152,0.43045365256871276,0.4104114786880313,0.7928244896221179,0.7929422689692474,0.7928263451295979,0.7929528890109424,-2.2236519589221833,-1.2164368956755809,3.140290796624407,2.6193988482734016,0.8341262061109347,3.140290796624407,2.6193988482734016,0.8341262061109347,0.25432234932904063,0.3846199500143416,0.130297600685301,0.25432234932904063,0.3846199500143416,0.130297600685301,0.031082184478377902,0.03611825979461091,0.0050360753162330095,0.24837170075277887,0.38462738926952555,0.1362556885167467,-20.0,-20.0,0.0,0.0,0.0,0.0,139.7355352555022,139.73554322848526,139.73553528289844,6.097211169037373e-151,0.0030486709660245636,0,none,0.0,0.0,0.0,0.0,0.0,0.0,0.0,0,0.0,0.0,0.0,0.0,,0,False,0,False,nan,nan,,nan,nan,,0.0,0,False,False,False,False,False,,2972,1550,0
144,True,144,144,1,0.07200000000000005,0.0005,0.0005,0,0,0,False,False,,,none,1.1800000000000002,-1.6774373557088198,-1.3702286851610617,-838833131886.478,0.09345586224956463,0.39019792152903526,True,2,1,4,1,True,2,,,2,2,2,199,,,,,,,,,7,0.8,1.8868825339934527e-06,6.216401933867976e-07,2.1113090602297822e-07,2.1997717180784312e-06,2.9715878075970337e-06,False,0.013662177206033743,0.0,0.013662177206033743,0.7890670295444588,0.668700872495304,0.5369177548355921,0.5122748935729594,0.7891253966510462,0.7892442012178289,0.7891273416382104,0.7892538093027103,-2.2364293447825228,-1.2170055721869983,3.140290796624407,2.60978131222636,0.8310635801727955,3.140290796624407,2.60978131222636,0.8310635801727955,0.25803444106507195,0.39019792152903526,0.1321634804639633,0.25803444106507195,0.39019792152903526,0.1321634804639633,0.03108502786093499,0.036182146723912616,0.0050971188629776246,0.252020066686955,0.3902055910252841,0.13818552433832915,-20.0,-20.0,0.0,0.0,0.0,0.0,141.7195221254547,141.71953021795073,141.71952215319908,6.182644732898008e-151,0.003091387811023556,0,none,0.0,0.0,0.0,0.0,0.0,0.0,0.0,0,0.0,0.0,0.0,0.0,,0,False,0,False,nan,nan,,nan,nan,,0.0,0,False,False,False,False,False,,2972,1550,0
145,True,145,145,1,0.07250000000000005,0.0005,0.0005,0,0,0,False,False,,,none,1.1812500000000001,-1.6931388096919417,-1.3774642893806202,-846683403530.3341,0.09517801926318009,0.3957899400926806,True,2,1,4,1,True,2,,,2,2,2,199,,,,,,,,,7,0.8,1.9072714285478103e-06,6.226406735834592e-07,2.121418931627044e-07,2.208428278432509e-06,2.9912414403338125e-06,False,0.013746620582654856,0.0,0.013746620582654856,0.7853668582596138,0.664860832389091,0.5713447785013206,0.5449787908679692,0.7854304052938441,0.785552137709332,0.7854320147699414,0.7855656752605535,-2.249227047901526,-1.2175672686231005,3.140290796624407,2.600188695319993,0.8280088895318274,3.140290796624407,2.600188695319993,0.8280088895318274,0.2617499201271922,0.3957899400926806,0.13404001996548837,0.2617499201271922,0.3957899400926806,0.13404001996548837,0.031087836343115502,0.036246135239507635,0.005158298896392133,0.2556739546012523,0.39579738214359084,0.14012342754233853,-20.0,-20.0,0.0,0.0,0.0,0.0,143.7069894753567,143.70699768687857,143.70698950345107,6.268168646236024e-151,0.0031341498241929,0,none,0.0,0.0,0.0,0.0,0.0,0.0,0.0,0,0.0,0.0,0.0,0.0,,0,False,0,False,nan,nan,,nan,nan,,0.0,0,False,False,False,False,False,,2972,1550,0
146,True,146,146,1,0.07300000000000005,0.0005,0.0005,0,0,0,False,False,,,none,1.1825,-1.7088402636750573,-1.38460826138409,-854533571262.674,0.0968989381865196,0.4014108523017608,True,2,1,4,1,True,2,,,2,2,2,200,,,,,,,,,7,0.8,1.9274188678436007e-06,6.236059384433784e-07,2.131307366909889e-07,2.2169917317508704e-06,3.010698408701131e-06,False,0.013848455073010857,0.0,0.013848455073010857,0.781673441298301,0.6610346226624109,0.5929526113084056,0.5653977617867182,0.7817420486022503,0.7818657154494972,0.781743644074871,0.7818791412032288,-2.262045124617261,-1.2181284665153354,3.140290796624407,2.59062150612524,0.8249622961382993,3.140290796624407,2.59062150612524,0.8249622961382993,0.26547041503095625,0.4014108523017608,0.13594043727080457,0.26547041503095625,0.4014108523017608,0.13594043727080457,0.031090642332576676,0.036310225623086306,0.00521958329050963,0.25933579194421463,0.4014185390583355,0.1420827471141209,-20.0,-20.0,0.0,0.0,0.0,0.0,145.69786811669638,145.69787644673877,145.69786814513935,6.353779743229434e-151,0.0031769554228059218,0,none,0.0,0.0,0.0,0.0,0.0,0.0,0.0,0,0.0,0.0,0.0,0.0,,0,False,0,False,nan,nan,,nan,nan,,0.0,0,False,False,False,False,False,,2972,1550,0
147,True,147,147,1,0.07350000000000005,0.0005,0.0005,0,0,0,False,False,,,none,1.18375,-1.724541717658178,-1.3916611891296684,-862383643400.6172,0.09861862570420936,0.4070415281379891,True,2,1,4,1,True,2,,,2,2,2,199,,,,,,,,,7,0.8,1.94719659729201e-06,6.245291953668794e-07,2.1410877100988765e-07,2.2254315470978133e-06,3.0298513892619743e-06,False,0.013961519575116543,0.0,0.013961519575116543,0.7779860788730053,0.657221608340448,0.6114516275544583,0.5828630497163259,0.7780580987293781,0.7781856409895116,0.778060019908344,0.778198280455705,-2.2748835798713527,-1.2186806923997464,3.140290796624407,2.581080223625567,0.8219239525205907,3.140290796624407,2.581080223625567,0.8219239525205907,0.2691941364071519,0.4070415281379891,0.1378473917308372,0.2691941364071519,0.4070415281379891,0.1378473917308372,0.031093403461998733,0.03637441789935676,0.005281014437358029,0.26299902414300114,0.40704946558110866,0.14405044143810752,-20.0,-20.0,0.0,0.0,0.0,0.0,147.69208922771915,147.69209767575325,147.69208925651054,6.439475172125652e-151,0.0032198031810562362,0,none,0.0,0.0,0.0,0.0,0.0,0.0,0.0,0,0.0,0.0,0.0,0.0,,0,False,0,False,nan,nan,,nan,nan,,0.0,0,False,False,False,False,False,,2972,1550,0
148,True,148,148,1,0.07400000000000005,0.0005,0.0005,0,0,0,False,False,,,none,1.185,-1.7402431716412963,-1.3986236694914123,-870233625546.9662,0.10033703935892854,0.4126818391131065,True,2,1,4,1,True,2,,,2,2,2,200,,,,,,,,,7,0.8,1.966807322699076e-06,6.25420194052916e-07,2.1507746278942025e-07,2.233808502325142e-06,3.0488752358553345e-06,False,0.014072552698859653,0.0,0.014072552698859653,0.7743060103489139,0.6534227935433872,0.6268589106409939,0.59737370414081,0.7743788521933517,0.77450736089723,0.7743811240490491,0.7745226102839529,-2.2877666309183873,-1.2192228876098925,3.140290796624407,2.5715653173363204,0.8188940081920353,3.140290796624407,2.5715653173363204,0.8188940081920353,0.2729201171253011,0.4126818391131065,0.1397617219878054,0.2729201171253011,0.4126818391131065,0.1397617219878054,0.03109611443804946,0.03643883315459194,0.005342718716542481,0.2666639243320773,0.41269003330885107,0.14602610897677376,-20.0,-20.0,0.0,0.0,0.0,0.0,149.68958467075237,149.68959323619336,149.68958469989084,6.525252081787187e-151,0.003262691673263329,0,none,0.0,0.0,0.0,0.0,0.0,0.0,0.0,0,0.0,0.0,0.0,0.0,,0,False,0,False,nan,nan,,nan,nan,,0.0,0,False,False,False,False,False,,2972,1550,0
149,True,149,149,1,0.07450000000000005,0.0005,0.0005,0,0,0,False,False,,,none,1.1862500000000002,-1.7559446256244198,-1.405496330035381,-878083517516.1366,0.10205407452128652,0.4183316518153732,True,2,1,4,1,True,2,,,2,2,2,201,,,,,,,,,7,0.8,1.9869360935139185e-06,6.263206874029668e-07,2.1605253555474598e-07,2.2423493853939745e-06,3.0683875419303943e-06,False,0.014181569803957683,0.0,0.014181569803957683,0.7706334648427633,0.6496383265270922,0.6411705585545546,0.610860079910807,0.770706773966072,0.7708352203896414,0.7707077124866148,0.7708470396954712,-2.3006792399434657,-1.2197548674790795,3.140290796624407,2.562077254510283,0.8158726119454723,3.140290796624407,2.562077254510283,0.8158726119454723,0.27664961258930937,0.4183316518153732,0.14168203922606382,0.27664961258930937,0.4183316518153732,0.14168203922606382,0.0310987743373954,0.036503396199717326,0.0054046218623219275,0.27033144095010364,0.4183401089261892,0.14800866797608558,-20.0,-20.0,0.0,0.0,0.0,0.0,151.69028698312124,151.69029566538995,151.69028701260663,6.611107510740536e-151,0.003305619418967993,0,none,0.0,0.0,0.0,0.0,0.0,0.0,0.0,0,0.0,0.0,0.0,0.0,,0,False,0,False,nan,nan,,nan,nan,,0.0,0,False,False,False,False,False,,2972,1550,0
150,True,150,150,1,0.07500000000000005,0.0005,0.0005,0,0,0,False,False,,,none,1.1875000000000002,-1.7716460796075393,-1.4122798828042094,-885933363532.1787,0.1037695719940703,0.42399081861981147,True,2,1,4,1,True,2,,,2,2,2,203,,,,,,,,,7,0.8,2.0058272487056073e-06,6.271284951328178e-07,2.169834561670475e-07,2.2504573982275085e-06,3.0867901487701724e-06,False,0.014290480137287176,0.0,0.014290480137287176,0.7669687058311726,0.6458683838578294,0.6535763529072959,0.6225231106973508,0.7670411753298338,0.7671678335883884,0.7670428800267722,0.7671818235444748,-2.313612946075822,-1.2202766407293577,3.140290796624407,2.552616513966838,0.8128599162570301,3.140290796624407,2.552616513966838,0.8128599162570301,0.28039311697952457,0.42399081861981147,0.1435977016402869,0.28039311697952457,0.42399081861981147,0.1435977016402869,0.03110138320364679,0.03656806473037911,0.0054666815267323185,0.2740066715314332,0.42399954502881354,0.14999287349738033,-20.0,-20.0,0.0,0.0,0.0,0.0,153.69412940284985,153.69413820142412,153.69412943268148,6.69703811705905e-151,0.0033485847479327877,0,none,0.0,0.0,0.0,0.0,0.0,0.0,0.0,0,0.0,0.0,0.0,0.0,,0,False,0,False,nan,nan,,nan,nan,,0.0,0,False,False,False,False,False,,2972,1550,0
151,True,151,151,1,0.07550000000000005,0.0005,0.0005,0,0,0,False,False,,,none,1.1887500000000002,-1.7873475335906561,-1.4189749449823696,-893783094650.9288,0.10548341162544034,0.4296592113882637,True,2,1,4,1,True,2,,,2,2,2,204,,,,,,,,,7,0.8,2.0248445052719366e-06,6.279266295730213e-07,2.1791408003734942e-07,2.2585981051686363e-06,3.1053243098920868e-06,False,0.014400230566171623,0.0,0.014400230566171623,0.763308879924041,0.6421105193893087,0.665332678070224,0.6335864852829303,0.763382388502487,0.7635099445623591,0.7633844426533157,0.7635227970647896,-2.32656777584431,-1.2207922011399601,3.140290796624407,2.543183530263664,0.8098560595080584,3.140290796624407,2.543183530263664,0.8098560595080584,0.28415036196551263,0.4296592113882637,0.14550884942275105,0.28415036196551263,0.4296592113882637,0.14550884942275105,0.031103961005699798,0.036632838879221544,0.005528877873521746,0.27769296354598055,0.42966821375722547,0.15197525021124492,-20.0,-20.0,0.0,0.0,0.0,0.0,155.70104536536388,155.70105427967454,155.70104539554092,6.783041074163154e-151,0.003391586246730153,0,none,0.0,0.0,0.0,0.0,0.0,0.0,0.0,0,0.0,0.0,0.0,0.0,,0,False,0,False,nan,nan,,nan,nan,,0.0,0,False,False,False,False,False,,2972,1550,0
152,True,152,152,1,0.07600000000000005,0.0005,0.0005,0,0,0,False,False,,,none,1.1900000000000002,-1.8030489875737783,-1.4255820908976853,-901632699976.1907,0.10719554727898295,0.43533854433061353,True,2,1,4,1,True,2,,,2,2,2,205,,,,,,,,,7,0.8,2.0432233353174983e-06,6.286633485562057e-07,2.1882484064560494e-07,2.266520929310462e-06,3.1232964376904406e-06,False,0.014511399809356784,0.0,0.014511399809356784,0.7596528476152674,0.6383637374918213,0.6765101007573142,0.6441185325838482,0.7597301674558828,0.7598583425779434,0.7597318797283161,0.7598717065086903,-2.339543789913294,-1.2213007378561707,3.140290796624407,2.5337787154350537,0.8068611729075181,3.140290796624407,2.5337787154350537,0.8068611729075181,0.2879090524889573,0.43533854433061353,0.1474294918416562,0.2879090524889573,0.43533854433061353,0.1474294918416562,0.031106503689280855,0.036697718949566464,0.005591215260285609,0.2813828329585747,0.43534598113380335,0.15396314817522866,-20.0,-20.0,0.0,0.0,0.0,0.0,157.71096876713943,157.71097779652803,157.7109687976629,6.869113807564348e-151,0.003434622627689277,0,none,0.0,0.0,0.0,0.0,0.0,0.0,0.0,0,0.0,0.0,0.0,0.0,,0,False,0,False,nan,nan,,nan,nan,,0.0,0,False,False,False,False,False,,2972,1550,0
153,True,153,153,1,0.07650000000000005,0.0005,0.0005,0,0,0,False,False,,,none,1.1912500000000001,-1.8187504415568965,-1.4321019231456966,-909482204334.1451,0.10890594380436709,0.44103861436150305,True,2,1,4,1,True,2,,,2,2,2,206,,,,,,,,,7,0.8,2.0619608102266476e-06,6.293987031795408e-07,2.197430151984933e-07,2.274558651989635e-06,3.141612510247572e-06,False,0.014622296579174465,0.0,0.014622296579174465,0.7560049735386558,0.634631667188798,0.6851624306293486,0.6521810361254043,0.7560828296114681,0.7562102501638885,0.7560848749349994,0.7562258536239685,-2.3525572108086035,-1.2218004961959856,3.140290796624407,2.524402479544131,0.8038753870366677,3.140290796624407,2.524402479544131,0.8038753870366677,0.29166716783884883,0.44103861436150305,0.14937144652265422,0.29166716783884883,0.44103861436150305,0.14937144652265422,0.031109002480979926,0.03676278605404302,0.0056537835730630925,0.28507349386549696,0.441045566764322,0.15597207289882503,-20.0,-20.0,0.0,0.0,0.0,0.0,159.72383433588385,159.7238434796248,159.7238343667525,6.955253648813136e-151,0.0034776925564061496,0,none,0.0,0.0,0.0,0.0,0.0,0.0,0.0,0,0.0,0.0,0.0,0.0,,0,False,0,False,nan,nan,,nan,nan,,0.0,0,False,False,False,False,False,,2972,1550,0
154,True,154,154,1,0.07700000000000005,0.0005,0.0005,0,0,0,False,False,,,none,1.1925000000000001,-1.834451895540015,-1.4385351513405973,-917331646781.3796,0.11061446086732489,0.4467477688180774,True,2,1,4,1,True,2,,,2,2,2,206,,,,,,,,,7,0.8,2.0804724681449967e-06,6.301067087794652e-07,2.206531004473843e-07,2.2824940818402658e-06,3.1597258076502627e-06,False,0.014731716245729831,0.0,0.014731716245729831,0.7523642065039666,0.6309133807161145,0.6942182436840869,0.6606766656835773,0.7524432928005315,0.7525747259368151,0.7524455800776463,0.7525880805495742,-2.3656089243888645,-1.2222905237063009,3.140290796624407,2.5150552521741343,0.8008988386927869,3.140290796624407,2.5150552521741343,0.8008988386927869,0.2954231877589109,0.4467477688180774,0.15132458105916646,0.2954231877589109,0.4467477688180774,0.15132458105916646,0.031111452618531498,0.03682804462194432,0.005716592003412822,0.2887631957027314,0.4467549010967569,0.15799170539402552,-20.0,-20.0,0.0,0.0,0.0,0.0,161.73957761938203,161.7395868768697,161.739577650594,7.041457455898408e-151,0.0035207944629269657,0,none,0.0,0.0,0.0,0.0,0.0,0.0,0.0,0,0.0,0.0,0.0,0.0,,0,False,0,False,nan,nan,,nan,nan,,0.0,0,False,False,False,False,False,,2972,1550,0
155,True,155,155,1,0.07750000000000005,0.0005,0.0005,0,0,0,False,False,,,none,1.19375,-1.8501533495231346,-1.4448824596937881,-925181004580.8966,0.11232093230075493,0.4524658515867194,True,2,1,4,1,True,2,,,2,2,2,208,,,,,,,,,7,0.8,2.0987483901177675e-06,6.307824699919314e-07,2.2154930985490194e-07,2.2903437158158983e-06,3.1776390233545414e-06,False,0.014839565662497056,0.0,0.014839565662497056,0.74872627900557,0.6272052598999539,0.7027669253460698,0.6686973751392925,0.7488101810817673,0.748941440392293,0.7488117164435305,0.7489570650119407,-2.378682606834575,-1.2227707998422186,3.140290796624407,2.5057374415146043,0.7979316578605067,3.140290796624407,2.5057374415146043,0.7979316578605067,0.2991776572617564,0.4524658515867194,0.15328819432496305,0.2991776572617564,0.4524658515867194,0.15328819432496305,0.031113853999211093,0.03689341303417287,0.00577955903496178,0.2924520967347898,0.45247402616761495,0.16002192943282517,-20.0,-20.0,0.0,0.0,0.0,0.0,163.75813446412155,163.75814383481688,163.75813449567693,7.127722245889685e-151,0.003563926856492097,0,none,0.0,0.0,0.0,0.0,0.0,0.0,0.0,0,0.0,0.0,0.0,0.0,,0,False,0,False,nan,nan,,nan,nan,,0.0,0,False,False,False,False,False,,2972,1550,0
156,True,156,156,1,0.07800000000000006,0.0005,0.0005,0,0,0,False,False,,,none,1.195,-1.8658548035062545,-1.451144465043009,-933030262733.1136,0.11402533106562822,0.4582145595679604,True,2,1,4,1,True,2,,,2,2,2,211,,,,,,,,,7,0.8,2.116127989897145e-06,6.313833598858653e-07,2.224096810462977e-07,2.297881090045406e-06,3.194740394300963e-06,False,0.014945832041676987,0.0,0.014945832041676987,0.7450951530125801,0.6235105882950461,0.7107995902814012,0.6762311721435998,0.7451844188805616,0.7453140508960708,0.7451861679728733,0.745329538168491,-2.391778014082241,-1.22324109727981,3.140290796624407,2.496449423382067,0.7949739642155355,3.140290796624407,2.496449423382067,0.7949739642155355,0.302929894200363,0.4582145595679604,0.15528466536759744,0.302929894200363,0.4582145595679604,0.15528466536759744,0.031116205486399044,0.0369588900704112,0.005842684584012155,0.29613956538493913,0.45822223786084926,0.16208267247591013,-20.0,-20.0,0.0,0.0,0.0,0.0,165.77944103226486,165.77945051555636,165.77944106416373,7.214045389715917e-151,0.0036070884222272307,0,none,0.0,0.0,0.0,0.0,0.0,0.0,0.0,0,0.0,0.0,0.0,0.0,,0,False,0,False,nan,nan,,nan,nan,,0.0,0,False,False,False,False,False,,2972,1550,0
157,True,157,157,1,0.07850000000000006,0.0005,0.0005,0,0,0,False,False,,,none,1.19625,-1.8815562574893747,-1.4573218613620083,-940879415861.8558,0.11572757456317087,0.4639774441471118,True,2,1,4,1,True,2,,,2,2,2,212,,,,,,,,,7,0.8,2.1339004342050926e-06,6.319975386800801e-07,2.2328991104013642e-07,2.3055406346498666e-06,3.2122154277682535e-06,False,0.015050513969562196,0.0,0.015050513969562196,0.7414728448863893,0.6198310093094164,0.7171412813992271,0.6820907827705217,0.7415658113303613,0.7416941828882668,0.7415682671914128,0.7417120362844891,-2.4048950289242286,-1.223701774464526,3.140290796624407,2.4871915840657293,0.7920258807685219,3.140290796624407,2.4871915840657293,0.7920258807685219,0.30668117538556605,0.4639774441471118,0.15729626876154573,0.30668117538556605,0.4639774441471118,0.15729626876154573,0.03111850887232263,0.03702447514462114,0.005905966272298512,0.2998264745598755,0.4639853459218169,0.1641588713619414,-20.0,-20.0,0.0,0.0,0.0,0.0,167.80343443584428,167.80344403118752,167.80343446808382,7.300423943356362e-151,0.0036502776888065144,0,none,0.0,0.0,0.0,0.0,0.0,0.0,0.0,0,0.0,0.0,0.0,0.0,,0,False,0,False,nan,nan,,nan,nan,,0.0,0,False,False,False,False,False,,2972,1550,0
158,True,158,158,1,0.07900000000000006,0.0005,0.0005,0,0,0,False,False,,,none,1.1975000000000002,-1.8972577114724922,-1.4634152932725388,-948728494289.9062,0.11742759666567558,0.46974958644670844,True,2,1,4,1,True,2,,,2,2,2,213,,,,,,,,,7,0.8,2.150780155497966e-06,6.325382531267117e-07,2.2413418303880934e-07,2.3128724113328923e-06,3.2288658755147683e-06,False,0.015153606188550328,0.0,0.015153606188550328,0.7378595449959285,0.6161666346521323,0.7248844269475474,0.6893933269117357,0.737953601505912,0.7380868389299431,0.7379565059013777,0.7381031997195737,-2.418036322121767,-1.2241529758721093,3.140290796624407,2.477964285374467,0.7890875227345522,3.140290796624407,2.477964285374467,0.7890875227345522,0.3104067719133805,0.46974958644670844,0.15934281453332794,0.3104067719133805,0.46974958644670844,0.15934281453332794,0.031120764879360552,0.037090181610608834,0.005969416731248282,0.3035131920877654,0.46975771686043066,0.16624452477266527,-20.0,-20.0,0.0,0.0,0.0,0.0,169.83005198821695,169.83006169504117,169.83005202079985,7.386855224538843e-151,0.0036934933150425007,0,none,0.0,0.0,0.0,0.0,0.0,0.0,0.0,0,0.0,0.0,0.0,0.0,,0,False,0,False,nan,nan,,nan,nan,,0.0,0,False,False,False,False,False,,2972,1550,0
159,True,159,159,1,0.07950000000000006,0.0005,0.0005,0,0,0,False,False,,,none,1.1987500000000002,-1.9129591654556148,-1.4694253795924437,-956577597804.9685,0.11912534411528145,0.4755308275482441,True,2,1,4,1,True,2,,,2,2,2,215,,,,,,,,,7,0.8,2.1672669931261507e-06,6.330354921713584e-07,2.2496213514356598e-07,2.320056532604169e-06,3.2451579977822856e-06,False,0.015255089357564866,0.0,0.015255089357564866,0.7342554254105673,0.612517560300786,0.731402820632351,0.6954817111070497,0.7343501307099489,0.7344842714764588,0.734352448519438,0.7345025173991542,-2.4312162413462786,-1.224594469030292,3.140290796624407,2.4687678727037667,0.7861590001020031,3.140290796624407,2.4687678727037667,0.7861590001020031,0.3141420596510585,0.4755308275482441,0.1613887678971856,0.3141420596510585,0.4755308275482441,0.1613887678971856,0.031122972345151455,0.03715608120673139,0.006033108861579935,0.3071989504771978,0.4755391904093716,0.16834023993217379,-20.0,-20.0,0.0,0.0,0.0,0.0,171.85923157238426,171.85924139006784,171.8592316053095,7.473336703234292e-151,0.003736734035774318,0,none,0.0,0.0,0.0,0.0,0.0,0.0,0.0,0,0.0,0.0,0.0,0.0,,0,False,0,False,nan,nan,,nan,nan,,0.0,0,False,False,False,False,False,,2972,1550,0
160,True,160,160,1,0.08000000000000006,0.0005,0.0005,0,0,0,False,False,,,none,1.2,-1.9286606194387337,-1.4753526924185532,-964426683297.4863,0.12082068639093228,0.4813210023065502,True,2,1,4,1,True,2,,,2,2,2,215,,,,,,,,,7,0.8,2.183738082806699e-06,6.335126053453069e-07,2.2579761743780683e-07,2.327239343936704e-06,3.261453320751227e-06,False,0.015355056646216558,0.0,0.015355056646216558,0.7306606298610752,0.6088838582175626,0.7372330139979512,0.7008931046984147,0.7307537525812262,0.7308872998617663,0.7307559313804461,0.7309135548066071,-2.4444188085706093,-1.225026522199895,3.140290796624407,2.4596026704825715,0.7832404161826262,3.140290796624407,2.4596026704825715,0.7832404161826262,0.3178782784686656,0.4813210023065502,0.1634427238378846,0.3178782784686656,0.4813210023065502,0.1634427238378846,0.03112513261099947,0.037222094042853045,0.006096961431853575,0.3108841182552922,0.481329600887904,0.17044548263261178,-20.0,-20.0,0.0,0.0,0.0,0.0,173.8909115628505,173.89092149064868,173.89091159611564,7.559866098209567e-151,0.003779998709732694,0,none,0.0,0.0,0.0,0.0,0.0,0.0,0.0,0,0.0,0.0,0.0,0.0,,0,False,0,False,nan,nan,,nan,nan,,0.0,0,False,False,False,False,False,,2972,1550,0
161,True,161,161,1,0.08050000000000006,0.0005,0.0005,0,0,0,False,False,,,none,1.2,-1.9443620734218525,-1.4801911840939146,-972275772126.9493,0.12278510169897382,0.48672498463692554,True,2,1,4,1,True,2,,,2,2,2,219,,,,,,,,,7,0.8,2.1669907272466692e-06,7.044269818525648e-07,2.2724877328113894e-07,2.212561116337128e-06,3.184200823318112e-06,False,0.015453121635788103,0.0,0.015453121635788103,0.7266052863563905,0.6055044052969921,0.7442976173877355,0.7076217642623837,0.7266981456494982,0.7268335254669447,0.7267008221002931,0.7268539265416186,-2.4576721192413933,-1.2254447446040282,3.140290796624407,2.4487592888241396,0.7797874297044033,3.140290796624407,2.4487592888241396,0.7797874297044033,0.3214426466096728,0.48672498463692554,0.16528233802725273,0.3214426466096728,0.48672498463692554,0.16528233802725273,0.03112722372302014,0.037288360596206965,0.006161136873186826,0.31435473314198126,0.4867337605610754,0.17237902741909417,-20.0,-20.0,0.0,0.0,0.0,0.0,175.78185312404474,175.78186308587482,175.78185312181435,7.64017065787753e-151,0.00382015052214445,0,none,0.0,0.0,0.0,0.0,0.0,0.0,0.0,0,0.0,0.0,0.0,0.0,,0,False,0,False,nan,nan,,nan,nan,,0.0,0,False,False,False,False,False,,2972,1550,0
162,True,162,162,1,0.08100000000000006,0.0005,0.0005,0,0,0,False,False,,,none,1.2,-1.960063527404973,-1.4849512478716036,-980124817314.6631,0.12474295993689428,0.49213008856616575,True,2,1,4,1,True,2,,,2,2,2,218,,,,,,,,,7,0.8,2.1735504140864903e-06,7.031440837595834e-07,2.2777089913343287e-07,2.2142065773874125e-06,3.189564759483555e-06,False,0.0155499426602283,0.0,0.0155499426602283,0.7225683930808776,0.602140327567398,0.7511363316192314,0.7141534228205413,0.7226616141035879,0.7227981684377085,0.7226643743274372,0.7228207043496321,-2.470954242386294,-1.225853496337278,3.140290796624407,2.437976482120633,0.776353732826682,3.140290796624407,2.437976482120633,0.776353732826682,0.32499293311123023,0.49213008856616575,0.16713715545493552,0.32499293311123023,0.49213008856616575,0.16713715545493552,0.031129267481686384,0.03735477121193147,0.0062255037302450834,0.3178181470275681,0.49213909699160724,0.17432094996403913,-20.0,-20.0,0.0,0.0,0.0,0.0,177.67279491788668,177.6728049839164,177.67279491562957,7.720420687095939e-151,0.0038602755339301434,0,none,0.0,0.0,0.0,0.0,0.0,0.0,0.0,0,0.0,0.0,0.0,0.0,,0,False,0,False,nan,nan,,nan,nan,,0.0,0,False,False,False,False,False,,2972,1550,0
163,True,163,163,1,0.08150000000000006,0.0005,0.0005,0,0,0,False,False,,,none,1.2,-1.975764981388092,-1.4896339269919172,-987973807446.9565,0.12669416761322821,0.49753614300839466,True,2,1,4,1,True,2,,,2,2,2,208,,,,,,,,,7,0.8,2.1801396168321428e-06,7.018452979284142e-07,2.2824431699858302e-07,2.2158425016957282e-06,3.194941162473663e-06,False,0.0156454287575698,0.0,0.0156454287575698,0.7185522515301483,0.5987935429417903,0.7571350776251445,0.7198502223469743,0.7186443813259068,0.7187828621684134,0.7186460150419015,0.7188016759330998,-2.4842557005403862,-1.2262542420954958,3.140290796624407,2.4272542475233845,0.7729393246423271,3.140290796624407,2.4272542475233845,0.7729393246423271,0.32853180258284914,0.49753614300839466,0.16900434042554552,0.32853180258284914,0.49753614300839466,0.16900434042554552,0.031131271210477478,0.03742127850270193,0.006290007292224453,0.3212743820669386,0.49754538555398936,0.17627100348705077,-20.0,-20.0,0.0,0.0,0.0,0.0,179.563697659131,179.56370782898884,179.56369765684985,7.800614323583289e-151,0.0039003723475070787,0,none,0.0,0.0,0.0,0.0,0.0,0.0,0.0,0,0.0,0.0,0.0,0.0,,0,False,0,False,nan,nan,,nan,nan,,0.0,0,False,False,False,False,False,,2972,1550,0
164,True,164,164,1,0.08200000000000006,0.0005,0.0005,0,0,0,False,False,,,none,1.2,-1.9914664353712122,-1.4942401639322056,-995822812581.6556,0.12863849529636542,0.502943017470857,True,2,1,4,1,True,2,,,2,2,2,220,,,,,,,,,7,0.8,2.187110519070629e-06,7.00577799431155e-07,2.287330999122098e-07,2.217616261103362e-06,3.200687799237954e-06,False,0.015739562174641675,0.0,0.015739562174641675,0.7145568755816094,0.5954640629846746,0.7629310072059735,0.7253675071905772,0.7146441280452273,0.7147862646007436,0.714646175913719,0.7148067059289778,-2.4975764760783505,-1.2266470726972962,3.140290796624407,2.416592467796373,0.7695441678184838,3.140290796624407,2.416592467796373,0.7695441678184838,0.33206006023329293,0.502943017470857,0.17088295723756408,0.33206006023329293,0.502943017470857,0.17088295723756408,0.03113323536348648,0.037487882380391746,0.006354647016905267,0.32472301930038083,0.5029524956062734,0.1782294763058926,-20.0,-20.0,0.0,0.0,0.0,0.0,181.4545224254043,181.45453269895717,181.45452242309733,7.880749581177452e-151,0.003940439971374676,0,none,0.0,0.0,0.0,0.0,0.0,0.0,0.0,0,0.0,0.0,0.0,0.0,,0,False,0,False,nan,nan,,nan,nan,,0.0,0,False,False,False,False,False,,2972,1550,0
165,True,165,165,1,0.08250000000000006,0.0005,0.0005,0,0,0,False,False,,,none,1.2,-2.0071678893543323,-1.4987706981588875,-1003671861680.2383,0.13057598711716528,0.5083588865632447,True,2,1,4,1,True,2,,,2,2,2,222,,,,,,,,,7,0.8,2.1920895281782465e-06,6.991715594081922e-07,2.2912077373270153e-07,2.218685532598796e-06,3.204552884655375e-06,False,0.015832337762386905,0.0,0.015832337762386905,0.7105777567307765,0.5921481306089804,0.7685703992291399,0.7307526226787746,0.7106635429078023,0.7108101756451598,0.7106653902491954,0.710832092846221,-2.5109163914097845,-1.2270324628789508,3.140290796624407,2.4059909747794817,0.7661682088059341,3.140290796624407,2.4059909747794817,0.7661682088059341,0.3355851150881309,0.5083588865632447,0.1727737714751138,0.3355851150881309,0.5083588865632447,0.1727737714751138,0.03113516231439475,0.037554581957048916,0.006419419642654165,0.32816493457071455,0.5083689427724756,0.18020400820176102,-20.0,-20.0,0.0,0.0,0.0,0.0,183.34523004911745,183.34524042607273,183.3452300467871,7.960825344408045e-151,0.003980477846782422,0,none,0.0,0.0,0.0,0.0,0.0,0.0,0.0,0,0.0,0.0,0.0,0.0,,0,False,0,False,nan,nan,,nan,nan,,0.0,0,False,False,False,False,False,,2972,1550,0
166,True,166,166,1,0.08300000000000006,0.0005,0.0005,0,0,0,False,False,,,none,1.2,-2.0228693433374527,-1.5032263625526283,-1011520950862.4934,0.13250673419758352,0.5137905410517597,True,2,1,4,1,True,2,,,2,2,2,222,,,,,,,,,7,0.8,2.1979727567937595e-06,6.978320823044551e-07,2.295622902366976e-07,2.220077435283415e-06,3.2092828666937782e-06,False,0.015924803117406516,0.0,0.015924803117406516,0.7066150868789467,0.5888459057324557,0.7733437121211122,0.7352600287659765,0.7067028357900346,0.7068508289613943,0.7067047773476277,0.7068740017735996,-2.524275320576188,-1.227410105492778,3.140290796624407,2.3954496197554467,0.7628114002468775,3.140290796624407,2.3954496197554467,0.7628114002468775,0.3391189917138917,0.5137905410517597,0.174671549337868,0.3391189917138917,0.5137905410517597,0.174671549337868,0.03113705052746389,0.03762137660288094,0.006484326075417046,0.3315993992091914,0.513800879633444,0.1822014804242526,-20.0,-20.0,0.0,0.0,0.0,0.0,185.23578260298478,185.2357930830513,185.23578260062789,8.040840097838152e-151,0.0040204852161248115,0,none,0.0,0.0,0.0,0.0,0.0,0.0,0.0,0,0.0,0.0,0.0,0.0,,0,False,0,False,nan,nan,,nan,nan,,0.0,0,False,False,False,False,False,,2972,1550,0
167,True,167,167,1,0.08350000000000006,0.0005,0.0005,0,0,0,False,False,,,none,1.2,-2.0385707973205722,-1.5076079950997179,-1019370046726.8811,0.13443077296839567,0.5192234851040974,True,2,1,4,1,True,2,,,2,2,2,220,,,,,,,,,7,0.8,2.2035833971667623e-06,6.964779304708539e-07,2.300025848585835e-07,2.22138955414477e-06,3.213772555145604e-06,False,0.016016317116624157,0.0,0.016016317116624157,0.7026730686011574,0.5855608905009645,0.779240372772545,0.7409737805782173,0.7027581094598538,0.7029136609423047,0.7027610502429001,0.7029344494106821,-2.5376531749522924,-1.2277799179200457,3.140290796624407,2.384968251276367,0.7594736939139652,3.140290796624407,2.384968251276367,0.7594736939139652,0.34264804572384355,0.5192234851040974,0.17657543938025388,0.34264804572384355,0.5192234851040974,0.17657543938025388,0.031138899589600227,0.03768826587476146,0.006549366285161236,0.33502578487033075,0.519234109323848,0.1842083244535172,-20.0,-20.0,0.0,0.0,0.0,0.0,187.12614249155618,187.12615307452663,187.12614248917586,8.120792301726767e-151,0.0040604613100627285,0,none,0.0,0.0,0.0,0.0,0.0,0.0,0.0,0,0.0,0.0,0.0,0.0,,0,False,0,False,nan,nan,,nan,nan,,0.0,0,False,False,False,False,False,,2972,1550,0
168,True,168,168,1,0.08400000000000006,0.0005,0.0005,0,0,0,False,False,,,none,1.2,-2.054272251303689,-1.5119166635712826,-1027219125691.9332,0.13634788246325316,0.524657612319273,True,2,1,4,1,True,2,,,2,2,2,221,,,,,,,,,7,0.8,2.210112007647171e-06,6.952083039769966e-07,2.3049835122950536e-07,2.223051057586865e-06,3.219160630789085e-06,False,0.016106499880967795,0.0,0.016106499880967795,0.6987517245800648,0.5822931038167207,0.7839712457362418,0.7454885927098927,0.698832954152589,0.6989900061502294,0.6988360618223325,0.6990146269666128,-2.551063620140429,-1.2281425367228267,3.140290796624407,2.3745467593640153,0.7561550547855271,3.140290796624407,2.3745467593640153,0.7561550547855271,0.34614321106314905,0.524657612319273,0.17851440125612394,0.34614321106314905,0.524657612319273,0.17851440125612394,0.03114071268361413,0.037755318100702144,0.0066146054170880125,0.3384453299435337,0.5246685262778755,0.1862231963343418,-20.0,-20.0,0.0,0.0,0.0,0.0,189.01627330365613,189.0162839898005,189.01627330125044,8.200679437584197e-151,0.004100404872297945,0,none,0.0,0.0,0.0,0.0,0.0,0.0,0.0,0,0.0,0.0,0.0,0.0,,0,False,0,False,nan,nan,,nan,nan,,0.0,0,False,False,False,False,False,,2972,1550,0
169,True,169,169,1,0.08450000000000006,0.0005,0.0005,0,0,0,False,False,,,none,1.2,-2.0699737052868104,-1.5161533323837717,-1035068097192.6323,0.13825783068691272,0.5300928384465226,True,2,1,4,1,True,2,,,2,2,2,207,,,,,,,,,7,0.8,2.2148353255862794e-06,6.938417239378198e-07,2.309172323682539e-07,2.224010429305702e-06,3.2228026646394334e-06,False,0.016195156217701845,0.0,0.016195156217701845,0.6948510982404824,0.5790425818670687,0.7890860205698572,0.7504368206805251,0.694927521492434,0.6950865878821637,0.6949315147067745,0.6951083326377486,-2.564533569035839,-1.2284979744181335,3.140290796624407,2.3641849988919286,0.7528554366472245,3.140290796624407,2.3641849988919286,0.7528554366472245,0.34962354615708,0.5300928384465226,0.18046929228944253,0.34962354615708,0.5300928384465226,0.18046929228944253,0.031142489872090673,0.037822667845179195,0.006680177973088522,0.34185819288154845,0.5301040472948495,0.18824585441330105,-20.0,-20.0,0.0,0.0,0.0,0.0,190.90613840215258,190.90614919196133,190.9061383997225,8.280499422752027e-151,0.004140314862798078,0,none,0.0,0.0,0.0,0.0,0.0,0.0,0.0,0,0.0,0.0,0.0,0.0,,0,False,0,False,nan,nan,,nan,nan,,0.0,0,False,False,False,False,False,,2972,1550,0
170,True,170,170,1,0.08500000000000006,0.0005,0.0005,0,0,0,False,False,,,none,1.2,-2.0856751592699294,-1.5203187711248554,-1042916984816.9801,0.14016099763002982,0.5355291048664765,True,2,1,4,1,True,2,,,2,2,2,227,,,,,,,,,7,0.8,2.219016273935719e-06,6.92460645695853e-07,2.3135315847569432e-07,2.2248169223808858e-06,3.225968008501962e-06,False,0.016283586646242354,0.0,0.016283586646242354,0.69096596348619,0.575804969571825,0.7937807304674291,0.7549647352138678,0.691042204620411,0.6912039145169456,0.6910458363596027,0.6912240504909536,-2.578023554898552,-1.2288462255179724,3.140290796624407,2.353882782357816,0.7495747797904816,3.140290796624407,2.353882782357816,0.7495747797904816,0.3530951904407774,0.5355291048664765,0.18243391442569912,0.3530951904407774,0.5355291048664765,0.18243391442569912,0.031144231127589857,0.037890117774492756,0.006745886646902899,0.34526417864847864,0.5355406129751141,0.1902764343266355,-20.0,-20.0,0.0,0.0,0.0,0.0,192.79570127057752,192.79571216450643,192.79570126812314,8.360251003055076e-151,0.004180190654143363,0,none,0.0,0.0,0.0,0.0,0.0,0.0,0.0,0,0.0,0.0,0.0,0.0,,0,False,0,False,nan,nan,,nan,nan,,0.0,0,False,False,False,False,False,,2972,1550,0
171,True,171,171,1,0.08550000000000006,0.0005,0.0005,0,0,0,False,False,,,none,1.2,-2.1013766132530494,-1.5244139760868247,-1050765847215.8777,0.14205733432762752,0.5409781730066759,True,2,1,4,1,True,2,,,2,2,2,210,,,,,,,,,7,0.8,2.2238542843324483e-06,6.911565321315878e-07,2.3185493860276044e-07,2.2258518209953724e-06,3.229767525911866e-06,False,0.016371679282447205,0.0,0.016371679282447205,0.6870988506072074,0.5725823755060062,0.7976735804946858,0.7586612546678889,0.6871754856133313,0.6873375980682488,0.687179805267102,0.6873660959547908,-2.5915332793066526,-1.2291875448634637,3.140290796624407,2.3436399660136558,0.7463130384399128,3.140290796624407,2.3436399660136558,0.7463130384399128,0.3565590717531643,0.5409781730066759,0.18441910125351163,0.3565590717531643,0.5409781730066759,0.18441910125351163,0.031145937724317316,0.03795766639653326,0.006811728672215942,0.34866400447021595,0.5409856708304409,0.19232166636022496,-20.0,-20.0,0.0,0.0,0.0,0.0,194.68492656660004,194.68493756547198,194.68492656412252,8.439931980336302e-151,0.004220031149381575,0,none,0.0,0.0,0.0,0.0,0.0,0.0,0.0,0,0.0,0.0,0.0,0.0,,0,False,0,False,nan,nan,,nan,nan,,0.0,0,False,False,False,False,False,,2972,1550,0
172,True,172,172,1,0.08600000000000006,0.0005,0.0005,0,0,0,False,False,,,none,1.2,-2.1170780672361698,-1.5284397192917665,-1058614584783.6946,0.14394701481698888,0.5464307310289287,True,2,1,4,1,True,2,,,2,2,2,227,,,,,,,,,7,0.8,2.226288661437494e-06,6.896918933714135e-07,2.3225004620397658e-07,2.2260427140271403e-06,3.2312911290167676e-06,False,0.016462686917929015,0.0,0.016462686917929015,0.6832489034502783,0.5693740862085653,0.802262274279776,0.7631275518354027,0.6833279876968094,0.6834933196980563,0.683332197553604,0.6835258875011584,-2.6050625350315375,-1.229522289001682,3.140290796624407,2.333456355437106,0.7430701506833087,3.140290796624407,2.333456355437106,0.7430701506833087,0.36001570312326175,0.5464307310289287,0.18641502790566694,0.36001570312326175,0.5464307310289287,0.18641502790566694,0.031147611445008407,0.038025312675157685,0.006877701230149278,0.3520581570568169,0.5464383670578215,0.19438021000100453,-20.0,-20.0,0.0,0.0,0.0,0.0,196.57377849631868,196.57378960090793,196.57377849381575,8.519541089729585e-151,0.004259835715660277,0,none,0.0,0.0,0.0,0.0,0.0,0.0,0.0,0,0.0,0.0,0.0,0.0,,0,False,0,False,nan,nan,,nan,nan,,0.0,0,False,False,False,False,False,,2972,1550,0
173,True,173,173,1,0.08650000000000006,0.0005,0.0005,0,0,0,False,False,,,none,1.2,-2.1327795212192906,-1.5323970440243349,-1066463177330.1823,0.14582999327894752,0.5518843500168829,True,2,1,4,1,True,2,,,2,2,2,229,,,,,,,,,7,0.8,2.229797602398829e-06,6.883267778886194e-07,2.327073770322057e-07,2.226549960405192e-06,3.2338009447595356e-06,False,0.016557895248235976,0.0,0.016557895248235976,0.6794196305968249,0.5661830254973541,0.8067518737200599,0.7675132916140387,0.6794981607513139,0.6796685757647962,0.679502192583623,0.6796977209618978,-2.6186110103592646,-1.2298507161104344,3.140290796624407,2.3233318049883853,0.7398460701428684,3.140290796624407,2.3233318049883853,0.7398460701428684,0.36346951267197836,0.5518843500168829,0.1884148373449045,0.36346951267197836,0.5518843500168829,0.1884148373449045,0.03114925358055217,0.038093055051796325,0.006943801471244154,0.3554470067490579,0.5518921236695735,0.19644511692051564,-20.0,-20.0,0.0,0.0,0.0,0.0,198.46222285576425,198.46223406738267,198.46222285323523,8.599075959149286e-151,0.004299603169901966,0,none,0.0,0.0,0.0,0.0,0.0,0.0,0.0,0,0.0,0.0,0.0,0.0,,0,False,0,False,nan,nan,,nan,nan,,0.0,0,False,False,False,False,False,,2972,1550,0
174,True,174,174,1,0.08700000000000006,0.0005,0.0005,0,0,0,False,False,,,none,1.2,-2.1484809752024097,-1.5362865498551685,-1074311762366.1936,0.1477062924329281,0.5573389008912335,True,2,1,4,1,True,2,,,2,2,2,208,,,,,,,,,7,0.8,2.2305367477210678e-06,6.867671510148154e-07,2.330405493086844e-07,2.2260583705055526e-06,3.2336646500784547e-06,False,0.016653072969553206,0.0,0.016653072969553206,0.6756110893754571,0.5630092411462143,0.8112972715659234,0.7719854788764151,0.675689014126978,0.6758628219001886,0.6756945532298089,0.6758893382370647,-2.632178430922413,-1.2301717802701826,3.140290796624407,2.313266078501339,0.7366407216134053,3.140290796624407,2.313266078501339,0.7366407216134053,0.3669262350044475,0.5573389008912335,0.19041266588678601,0.3669262350044475,0.5573389008912335,0.19041266588678601,0.03115085890135091,0.03816089215461206,0.0070100332532611505,0.35883226919552125,0.5573468091136627,0.1985145399181415,-20.0,-20.0,0.0,0.0,0.0,0.0,200.35022423399673,200.35023555352464,200.35022423144378,8.678536027796563e-151,0.004339333229063429,0,none,0.0,0.0,0.0,0.0,0.0,0.0,0.0,0,0.0,0.0,0.0,0.0,,0,False,0,False,nan,nan,,nan,nan,,0.0,0,False,False,False,False,False,,2972,1550,0
175,True,175,175,1,0.08750000000000006,0.0005,0.0005,0,0,0,False,False,,,none,1.2,-2.1641824291855296,-1.54010905860699,-1082160485843.8392,0.14957582576443249,0.5627941669196238,True,2,1,4,1,True,2,,,2,2,2,206,,,,,,,,,7,0.8,2.2320283596048027e-06,6.852886168930345e-07,2.3344544936023371e-07,2.2258426093116635e-06,3.2342608407142473e-06,False,0.01674745753475243,0.0,0.01674745753475243,0.6718233286522238,0.5598527738768532,0.8148465160580715,0.7753991463638982,0.6719002662929747,0.6720771332151904,0.6719050359202856,0.6721028854320582,-2.6457646631037903,-1.2304893705326416,3.140290796624407,2.303258986400215,0.7334540447260671,3.140290796624407,2.303258986400215,0.7334540447260671,0.370380049816427,0.5627941669196238,0.19241411710319678,0.370380049816427,0.5627941669196238,0.19241411710319678,0.031152446852663204,0.03822882331551895,0.007076376462855749,0.36221633014026194,0.5628022079471999,0.20058587780693798,-20.0,-20.0,0.0,0.0,0.0,0.0,202.237748874778,202.2377603032256,202.23774887220046,8.757919837003943e-151,0.0043790251643745495,0,none,0.0,0.0,0.0,0.0,0.0,0.0,0.0,0,0.0,0.0,0.0,0.0,,0,False,0,False,nan,nan,,nan,nan,,0.0,0,False,False,False,False,False,,2972,1550,0
176,True,176,176,1,0.08800000000000006,0.0005,0.0005,0,0,0,False,False,,,none,1.2,-2.1798838831686482,-1.543865158611851,-1090009375609.7535,0.15143890601372273,0.5682499308083686,True,2,1,4,1,True,2,,,2,2,2,202,,,,,,,,,7,0.8,2.231412034372487e-06,6.836370534926354e-07,2.3374095175432052e-07,2.224811518262742e-06,3.2327976138898703e-06,False,0.016840914858650302,0.0,0.016840914858650302,0.6680563121940186,0.5567135934950156,0.8183674261101166,0.778803440969506,0.6681311647925771,0.6683043980380691,0.6681348603584083,0.6683306434539236,-2.6593736708208224,-1.2308019991886539,3.140290796624407,2.2933102963849508,0.7302859655067928,3.140290796624407,2.2933102963849508,0.7302859655067928,0.3738303418827645,0.5682499308083686,0.19441958892560413,0.3738303418827645,0.5682499308083686,0.19441958892560413,0.03115400999594327,0.03829686835410411,0.007142858358160843,0.3655976196902811,0.5682581037354218,0.20266048404514075,-20.0,-20.0,0.0,0.0,0.0,0.0,204.1247625126467,204.1247740507059,204.12476251004475,8.83722687313486e-151,0.004418678717091838,0,none,0.0,0.0,0.0,0.0,0.0,0.0,0.0,0,0.0,0.0,0.0,0.0,,0,False,0,False,nan,nan,,nan,nan,,0.0,0,False,False,False,False,False,,2972,1550,0
177,True,177,177,1,0.08850000000000006,0.0005,0.0005,0,0,0,False,False,,,none,1.2,-2.1955853371517673,-1.5475554471000996,-1097858396618.3226,0.15329592059644676,0.5737211676569278,True,2,1,4,1,True,2,,,2,2,2,234,,,,,,,,,7,0.8,2.2306894563437124e-06,6.819765068488906e-07,2.340542809414619e-07,2.2237286239506875e-06,3.2312254340948522e-06,False,0.01693346848777555,0.0,0.01693346848777555,0.6643081023701599,0.5535900853084667,0.8216527092310182,0.7819694435412309,0.6643773572083851,0.6645529151956697,0.6643820432018306,0.664579702390343,-2.6730607980098697,-1.2311110870678506,3.140290796624407,2.283419781957234,0.7271364118290415,3.140290796624407,2.283419781957234,0.7271364118290415,0.37727526094414227,0.5737211676569278,0.19644590671278556,0.37727526094414227,0.5737211676569278,0.19644590671278556,0.031155555435339252,0.038365303990049344,0.007209748554710092,0.36897457406440287,0.5737311519913331,0.2047565779269302,-20.0,-20.0,0.0,0.0,0.0,0.0,206.01123182750695,206.01124347563228,206.01123182487999,8.916456591247534e-151,0.004458293613288089,0,none,0.0,0.0,0.0,0.0,0.0,0.0,0.0,0,0.0,0.0,0.0,0.0,,0,False,0,False,nan,nan,,nan,nan,,0.0,0,False,False,False,False,False,,2972,1550,0
178,True,178,178,1,0.08900000000000007,0.0005,0.0005,0,0,0,False,False,,,none,1.2,-2.211286791134888,-1.5511805397520335,-1105707516111.0415,0.15514716632419218,0.5792075887697086,True,2,1,4,1,True,2,,,2,2,2,236,,,,,,,,,7,0.8,2.2292497982549194e-06,6.802435509277745e-07,2.3431762781339805e-07,2.222344347110743e-06,3.2289325015301263e-06,False,0.01702509746255082,0.0,0.01702509746255082,0.6605777209027985,0.5504814340856655,0.8254581387919657,0.7857293494585759,0.660643782424509,0.6608173751066504,0.6606474867435529,0.6608452078250628,-2.686782517939685,-1.2314401462407722,3.140290796624407,2.2735872230551593,0.7240053136158939,3.140290796624407,2.2735872230551593,0.7240053136158939,0.3807159289246762,0.5792075887697086,0.19849165984503236,0.3807159289246762,0.5792075887697086,0.19849165984503236,0.031157200731203864,0.038433912589698416,0.007276711858494551,0.37235217917110564,0.5792177898931185,0.20686561072201282,-20.0,-20.0,0.0,0.0,0.0,0.0,207.89712404205056,207.89713580053026,207.89712403940314,8.995608368371119e-151,0.004497869540491746,0,none,0.0,0.0,0.0,0.0,0.0,0.0,0.0,0,0.0,0.0,0.0,0.0,,0,False,0,False,nan,nan,,nan,nan,,0.0,0,False,False,False,False,False,,2972,1550,0
179,True,179,179,1,0.08950000000000007,0.0005,0.0005,0,0,0,False,False,,,none,1.2,-2.2269882451180045,-1.5547411683642627,-1113556714224.2192,0.15699216932588397,0.5846948864458927,True,2,1,4,1,True,2,,,2,2,2,206,,,,,,,,,7,0.8,2.229414463571475e-06,6.786254453041893e-07,2.3466997484530331e-07,2.2215719207778653e-06,3.2281996750013074e-06,False,0.017115833598447094,0.0,0.017115833598447094,0.6568619719425731,0.5473849766188109,0.8282457336392648,0.7883845579632647,0.6569289313567285,0.6570943295858163,0.6569337485399488,0.6571286988398216,-2.70052579172164,-1.2317638564093432,3.140290796624407,2.263812414541049,0.7208926055429291,3.140290796624407,2.263812414541049,0.7208926055429291,0.3841494890708031,0.5846948864458927,0.20054539737508964,0.3841494890708031,0.5846948864458927,0.20054539737508964,0.03115881928204672,0.0385026289586082,0.007343809676561477,0.3757216502217467,0.5847053054854049,0.2089836552636582,-20.0,-20.0,0.0,0.0,0.0,0.0,209.78240734139754,209.7824192104705,209.78240733872374,9.074681118914532e-151,0.004537405955632291,0,none,0.0,0.0,0.0,0.0,0.0,0.0,0.0,0,0.0,0.0,0.0,0.0,,0,False,0,False,nan,nan,,nan,nan,,0.0,0,False,False,False,False,False,,2972,1550,0
180,True,180,180,1,0.09000000000000007,0.0005,0.0005,0,0,0,False,False,,,none,1.2,-2.2426896991011285,-1.5582379542724942,-1121406008918.3618,0.15883067195373846,0.590182880932301,True,2,1,4,1,True,2,,,2,2,2,216,,,,,,,,,7,0.8,2.2276685293963517e-06,6.768463872232571e-07,2.3491405625702773e-07,2.2200516595119076e-06,3.225591743151756e-06,False,0.01720567920629018,0.0,0.01720567920629018,0.6531641125502871,0.5443034271252393,0.8309885140909625,0.7910060254428072,0.6532327033987929,0.6533976914373321,0.6532362491366681,0.6534297962376363,-2.714291040843396,-1.2320812131948977,3.140290796624407,2.2540951341282174,0.7177982168247641,3.140290796624407,2.2540951341282174,0.7177982168247641,0.3875765549080095,0.590182880932301,0.20260632602429146,0.3875765549080095,0.590182880932301,0.20260632602429146,0.031160406065974484,0.03857145520421698,0.007411049138242497,0.37908329311209543,0.5901935198079914,0.21111022669589596,-20.0,-20.0,0.0,0.0,0.0,0.0,211.66704982404096,211.6670618038135,211.6670498213426,9.153674184437419e-151,0.0045769025287104555,0,none,0.0,0.0,0.0,0.0,0.0,0.0,0.0,0,0.0,0.0,0.0,0.0,,0,False,0,False,nan,nan,,nan,nan,,0.0,0,False,False,False,False,False,,2972,1550,0
181,True,181,181,1,0.09050000000000007,0.0005,0.0005,0,0,0,False,False,,,none,1.2,-2.2583911530842444,-1.5616714741716113,-1129255354935.6174,0.16066257490454117,0.595671430143469,True,2,1,4,1,True,2,,,2,2,2,220,,,,,,,,,7,0.8,2.226650256249768e-06,6.751163422763739e-07,2.352072746472057e-07,2.218816143763829e-06,3.2236967880276433e-06,False,0.017294638728687806,0.0,0.017294638728687806,0.6494854858159747,0.5412379048466456,0.8344827974877717,0.7944842728074785,0.6495549717995894,0.649719737234835,0.6495586643988387,0.6497537292031945,-2.7280785738616053,-1.2323925170492982,3.140290796624407,2.2444351522224437,0.7147220743489916,3.140290796624407,2.2444351522224437,0.7147220743489916,0.3909990104727486,0.595671430143469,0.20467241967072042,0.3909990104727486,0.595671430143469,0.20467241967072042,0.031161962585246495,0.038640392869308024,0.007478430284061529,0.38243880115050066,0.5956822919734583,0.21324349082295768,-20.0,-20.0,0.0,0.0,0.0,0.0,213.55102029047404,213.55103238083709,213.55102028775173,9.232587078074298e-151,0.004616359015152099,0,none,0.0,0.0,0.0,0.0,0.0,0.0,0.0,0,0.0,0.0,0.0,0.0,,0,False,0,False,nan,nan,,nan,nan,,0.0,0,False,False,False,False,False,,2972,1550,0
182,True,182,182,1,0.09100000000000007,0.0005,0.0005,0,0,0,False,False,,,none,1.2,-2.274092607067371,-1.5650424382613093,-1137104714947.0771,0.16248781032942253,0.6011604164304183,True,2,1,4,1,True,2,,,2,2,2,222,,,,,,,,,7,0.8,2.2256050733062757e-06,6.733846954867027e-07,2.3550319933684472e-07,2.2175478736181467e-06,3.2217611983399087e-06,False,0.01738269060296327,0.0,0.01738269060296327,0.6458235119017968,0.538186259918164,0.8368575240986472,0.7967272144846699,0.6458948501333525,0.6460562211592836,0.6458989642296925,0.6460991453563356,-2.7418886507222666,-1.2327015725714674,3.140290796624407,2.2348322600401445,0.7116641116301817,3.140290796624407,2.2348322600401445,0.7116641116301817,0.39442433419655504,0.6011604164304183,0.20673608223386325,0.39442433419655504,0.6011604164304183,0.20673608223386325,0.03116350786285733,0.03870944325361133,0.007545935390753999,0.385794001899713,0.60117150483126,0.215377502931547,-20.0,-20.0,0.0,0.0,0.0,0.0,215.4342882984299,215.43430049927724,215.4342882956853,9.311418780583437e-151,0.004655774905345319,0,none,0.0,0.0,0.0,0.0,0.0,0.0,0.0,0,0.0,0.0,0.0,0.0,,0,False,0,False,nan,nan,,nan,nan,,0.0,0,False,False,False,False,False,,2972,1550,0
183,True,183,183,1,0.09150000000000007,0.0005,0.0005,0,0,0,False,False,,,none,1.2,-2.2897940610504826,-1.5683514703077708,-1144954102014.0166,0.16430636220550848,0.606649734755603,True,2,1,4,1,True,2,,,2,2,2,223,,,,,,,,,7,0.8,2.223896492956488e-06,6.715987426621794e-07,2.357658927611805e-07,2.2160240939220924e-06,3.2191782839044954e-06,False,0.01747053054104225,0.0,0.01747053054104225,0.6421802492124035,0.5351502076770029,0.8396404429766028,0.7994447264718136,0.6422518727699834,0.642419760792566,0.6422544798398037,0.6424566022671683,-2.7557382851416907,-1.2330072816798405,3.140290796624407,2.2252862343001807,0.7086242575662762,3.140290796624407,2.2252862343001807,0.7086242575662762,0.3978476125164712,0.606649734755603,0.2088021222391318,0.3978476125164712,0.606649734755603,0.2088021222391318,0.0311650364083992,0.038778691425708445,0.007613655017309245,0.3891453564648284,0.6066610524962907,0.21751569603146226,-20.0,-20.0,0.0,0.0,0.0,0.0,217.31682359888677,217.31683591002925,217.31682359611744,9.390168603648307e-151,0.004695149854726714,0,none,0.0,0.0,0.0,0.0,0.0,0.0,0.0,0,0.0,0.0,0.0,0.0,,0,False,0,False,nan,nan,,nan,nan,,0.0,0,False,False,False,False,False,,2972,1550,0
184,True,184,184,1,0.09200000000000007,0.0005,0.0005,0,0,0,False,False,,,none,1.2,-2.305495515033602,-1.5715992324158492,-1152803471636.9355,0.16611815674422892,0.6121392883653631,True,2,1,4,1,True,2,,,2,2,2,227,,,,,,,,,7,0.8,2.2225312986688097e-06,6.698380783634931e-07,2.3605043033396757e-07,2.214625800748153e-06,3.2169264318271894e-06,False,0.017558456514979892,0.0,0.017558456514979892,0.6385566042675958,0.5321305035563298,0.8418046014477887,0.8014790767680057,0.6386268439404289,0.6388004058968857,0.6386315776277384,0.6388362819678759,-2.7696139225309144,-1.233307730092748,3.140290796624407,2.215796856433787,0.7056024425558339,3.140290796624407,2.215796856433787,0.7056024425558339,0.4012676966540639,0.6121392883653631,0.2108715917112992,0.4012676966540639,0.6121392883653631,0.2108715917112992,0.03116653865046374,0.038848069612654565,0.007681530962190826,0.3924909311311158,0.6121508374413311,0.21965990631021537,-20.0,-20.0,0.0,0.0,0.0,0.0,219.1985966125566,219.19860903381831,219.1985966097637,9.468835701890805e-151,0.004734483440719976,0,none,0.0,0.0,0.0,0.0,0.0,0.0,0.0,0,0.0,0.0,0.0,0.0,,0,False,0,False,nan,nan,,nan,nan,,0.0,0,False,False,False,False,False,,2972,1550,0
185,True,185,185,1,0.09250000000000007,0.0005,0.0005,0,0,0,False,False,,,none,1.2,-2.3211969690167233,-1.5747863765003096,-1160652828892.9424,0.16792316273110647,0.6176290005082848,True,2,1,4,1,True,2,,,2,2,2,230,,,,,,,,,7,0.8,2.2205884150727893e-06,6.680361487237615e-07,2.3630722899245448e-07,2.212998102670763e-06,3.214107483276757e-06,False,0.01764584933317892,0.0,0.01764584933317892,0.6349525108179231,0.5291270923482693,0.8437147858627455,0.8032381987886866,0.6350202126195799,0.6351943541538537,0.6350233321236527,0.6352339806232091,-2.7835380785980237,-1.2336027220413825,3.140290796624407,2.206363903312591,0.7025985955454437,3.140290796624407,2.206363903312591,0.7025985955454437,0.4046845502530634,0.6176290005082848,0.21294445025522146,0.4046845502530634,0.6176290005082848,0.21294445025522146,0.03116801361020691,0.03891769039299012,0.007749676782783207,0.39583159843603233,0.6176407823640917,0.22180918392805937,-20.0,-20.0,0.0,0.0,0.0,0.0,221.07957811615466,221.07959064728692,221.0795781133367,9.547419260473328e-151,0.004773775255550595,0,none,0.0,0.0,0.0,0.0,0.0,0.0,0.0,0,0.0,0.0,0.0,0.0,,0,False,0,False,nan,nan,,nan,nan,,0.0,0,False,False,False,False,False,,2972,1550,0
186,True,186,186,1,0.09300000000000007,0.0005,0.0005,0,0,0,False,False,,,none,1.2,-2.3368984229998437,-1.5779135187078266,-1168502188976.177,0.16972140656748108,0.6231318709287997,True,2,1,4,1,True,2,,,2,2,2,233,,,,,,,,,7,0.8,2.2183809360601907e-06,6.662159511037447e-07,2.36560601874715e-07,2.211267314042591e-06,3.2110312554524937e-06,False,0.017732509422565768,0.0,0.017732509422565768,0.6313678966850992,0.5261399139042493,0.8464225331322778,0.8059200162626238,0.6314308343614362,0.6316040207117263,0.6314348833698455,0.6316511702036487,-2.797486877146955,-1.2338921611847071,3.140290796624407,2.1969871473770786,0.6996126440706338,3.140290796624407,2.1969871473770786,0.6996126440706338,0.4080968926534315,0.6231318709287997,0.21503497827536822,0.4080968926534315,0.6231318709287997,0.21503497827536822,0.031169460805923536,0.03898743438573477,0.007817973579811236,0.39916756720249746,0.6231457273830386,0.22397816018054117,-20.0,-20.0,0.0,0.0,0.0,0.0,222.95973926889334,222.95975190954707,222.9597392660543,9.625918593336158e-151,0.004813024955680897,0,none,0.0,0.0,0.0,0.0,0.0,0.0,0.0,0,0.0,0.0,0.0,0.0,,0,False,0,False,nan,nan,,nan,nan,,0.0,0,False,False,False,False,False,,2972,1550,0
187,True,187,187,1,0.09350000000000007,0.0005,0.0005,0,0,0,False,False,,,none,1.2,-2.3525998769829637,-1.5809813277657603,-1176351585575.7224,0.17151283742870013,0.6286463976625222,True,2,1,4,1,True,2,,,2,2,2,235,,,,,,,,,7,0.8,2.216450234796277e-06,6.644244226707152e-07,2.3683863781701802e-07,2.2096551344877003e-06,3.208236246054935e-06,False,0.017818398562121807,0.0,0.017818398562121807,0.6277979047018467,0.5231649205848723,0.84935007249456,0.8088715757044025,0.6278621653958475,0.628038873692103,0.6278662537099493,0.6280786706855029,-2.811460400027503,-1.2341756283703462,3.140290796624407,2.1876663675035304,0.6966445177163588,3.140290796624407,2.1876663675035304,0.6966445177163588,0.4115033986955603,0.6286463976625222,0.21714299896696188,0.4115033986955603,0.6286463976625222,0.21714299896696188,0.03117087814185173,0.03905730200013751,0.00788642385828578,0.4024979212334376,0.6286605788548317,0.22616265762139415,-20.0,-20.0,0.0,0.0,0.0,0.0,224.83905183998337,224.83906458980937,224.839051837118,9.70433280597422e-151,0.0048522320939465785,0,none,0.0,0.0,0.0,0.0,0.0,0.0,0.0,0,0.0,0.0,0.0,0.0,,0,False,0,False,nan,nan,,nan,nan,,0.0,0,False,False,False,False,False,,2972,1550,0
188,True,188,188,1,0.09400000000000007,0.0005,0.0005,0,0,0,False,False,,,none,1.2,-2.3683013309660805,-1.583990446424098,-1184201053447.6475,0.1732974593861845,0.6341616770035015,True,2,1,4,1,True,2,,,2,2,2,236,,,,,,,,,7,0.8,2.2136889637477475e-06,6.625730323742185e-07,2.3707551020216662e-07,2.207713446299574e-06,3.20462561151185e-06,False,0.017903507962385157,0.0,0.017903507962385157,0.6242422628861348,0.5202018857384457,0.8512056766529825,0.810607477531418,0.6243066504489354,0.6244885291492361,0.624312793924668,0.6245294306112656,-2.825466964629885,-1.234452903082602,3.140290796624407,2.178401337636583,0.6936941444971313,3.140290796624407,2.178401337636583,0.6936941444971313,0.41490313065939816,0.6341616770035015,0.2192585463441033,0.41490313065939816,0.6341616770035015,0.2192585463441033,0.031172264515413002,0.03912733482314942,0.007955070307736421,0.4058218924699354,0.6341761859344635,0.22835429346452807,-20.0,-20.0,0.0,0.0,0.0,0.0,226.71748787314925,226.7175007317958,226.71748787026257,9.782661095397634e-151,0.004891396268866828,0,none,0.0,0.0,0.0,0.0,0.0,0.0,0.0,0,0.0,0.0,0.0,0.0,,0,False,0,False,nan,nan,,nan,nan,,0.0,0,False,False,False,False,False,,2972,1550,0
189,True,189,189,1,0.09450000000000007,0.0005,0.0005,0,0,0,False,False,,,none,1.2,-2.384002784949198,-1.5869414999906515,-1192050544307.7012,0.17507519147445802,0.639677665544963,True,2,1,4,1,True,2,,,2,2,2,237,,,,,,,,,7,0.8,2.2109903069267687e-06,6.607349240643215e-07,2.3732570611863854e-07,2.205790275025388e-06,3.2010752889277216e-06,False,0.017987835367680727,0.0,0.017987835367680727,0.6207059053025786,0.5172549210854822,0.8536834932720315,0.8130742592247401,0.6207705149953956,0.6209561283145862,0.6207744143906992,0.6209944728415668,-2.839514350969688,-1.2347242720477143,3.140290796624407,2.169191828449463,0.69076145138571,3.140290796624407,2.169191828449463,0.69076145138571,0.4182961515213371,0.639677665544963,0.22138151402362588,0.4182961515213371,0.639677665544963,0.22138151402362588,0.031173621360238567,0.03919757175484844,0.008023950394609874,0.40913994600974457,0.6396925055268387,0.23055255951709408,-20.0,-20.0,0.0,0.0,0.0,0.0,228.59501986420733,228.59503283125164,228.59501986129456,9.860902715728971e-151,0.004930517107201501,0,none,0.0,0.0,0.0,0.0,0.0,0.0,0.0,0,0.0,0.0,0.0,0.0,,0,False,0,False,nan,nan,,nan,nan,,0.0,0,False,False,False,False,False,,2972,1550,0
190,True,190,190,1,0.09500000000000007,0.0005,0.0005,0,0,0,False,False,,,none,1.2,-2.3997042389323227,-1.589835133037746,-1199900033006.0881,0.17684601547541562,0.6451943222931852,True,2,1,4,1,True,2,,,2,2,2,238,,,,,,,,,7,0.8,2.2082474162078233e-06,6.589059311558879e-07,2.3759376144231654e-07,2.2038678056078433e-06,3.1974986751165312e-06,False,0.018072528834426727,0.0,0.018072528834426727,0.6171887702692829,0.5143239752244024,0.8555449372095769,0.8148414910295465,0.6172511771935779,0.617444204803642,0.6172567154209262,0.6174816270599466,-2.8535874923614792,-1.2349898506691555,3.140290796624407,2.16003761209476,0.687846365825945,3.140290796624407,2.16003761209476,0.687846365825945,0.42168267073975985,0.6451943222931852,0.22351165155342534,0.42168267073975985,0.6451943222931852,0.22351165155342534,0.031174949253345775,0.03926793746180739,0.008092988208461611,0.41245238929499806,0.645209496329117,0.2327571070341189,-20.0,-20.0,0.0,0.0,0.0,0.0,230.47162075555147,230.47163383052145,230.47162075261525,9.939056841765843e-151,0.004969594196161942,0,none,0.0,0.0,0.0,0.0,0.0,0.0,0.0,0,0.0,0.0,0.0,0.0,,0,False,0,False,nan,nan,,nan,nan,,0.0,0,False,False,False,False,False,,2972,1550,0
191,True,191,191,1,0.09550000000000007,0.0005,0.0005,0,0,0,False,False,,,none,1.2,-2.4154056929154404,-1.5926720490755832,-1207749497969.1978,0.1786100098870931,0.6507240213964949,True,2,1,4,1,True,2,,,2,2,2,238,,,,,,,,,7,0.8,2.2052756156214126e-06,6.570687025400342e-07,2.37855170135598e-07,2.201862740895138e-06,3.1937054392060843e-06,False,0.018158282816428784,0.0,0.018158282816428784,0.6136870904596861,0.5114059087164051,0.8576468392296452,0.8169010422133,0.6137491434699331,0.6139451032360329,0.6137538252149781,0.6139848437941365,-2.8676864988015325,-1.2352495613919572,3.140290796624407,2.150938465948311,0.6849488169249865,3.140290796624407,2.150938465948311,0.6849488169249865,0.42506246694033517,0.6507240213964949,0.2256615544561597,0.42506246694033517,0.6507240213964949,0.2256615544561597,0.031176247806959788,0.03933843249400766,0.008162184687047873,0.4157589707251611,0.6507323722165614,0.23497340149140034,-20.0,-20.0,0.0,0.0,0.0,0.0,232.34726401747164,232.3472772000033,232.34726401451005,1.0017122422511064e-150,0.005008627010824228,0,none,0.0,0.0,0.0,0.0,0.0,0.0,0.0,0,0.0,0.0,0.0,0.0,,0,False,0,False,nan,nan,,nan,nan,,0.0,0,False,False,False,False,False,,2972,1550,0
192,True,192,192,1,0.09600000000000007,0.0005,0.0005,0,0,0,False,False,,,none,1.2,-2.4311071468985634,-1.5954529068773888,-1215598953937.3186,0.18036726870422112,0.6562593653432486,True,2,1,4,1,True,2,,,2,2,2,239,,,,,,,,,7,0.8,2.2018330471482222e-06,6.552099361162732e-07,2.380984026584857e-07,2.1996696481396663e-06,3.189452341420847e-06,False,0.018244025011475762,0.0,0.018244025011475762,0.6102040449461661,0.5085033707884717,0.8597512195237866,0.8189781048153654,0.6102658937023041,0.6104618760300883,0.6102697906656834,0.6105030866791824,-2.8818436392084483,-1.2355028781886532,3.140290796624407,2.141894159149589,0.682068731167182,3.140290796624407,2.141894159149589,0.682068731167182,0.4284339720243161,0.6562593653432486,0.22782539331893248,0.4284339720243161,0.6562593653432486,0.22782539331893248,0.031177514390943264,0.03940921819604224,0.008231703805098977,0.419058060674918,0.6562678205308407,0.23720975985592263,-20.0,-20.0,0.0,0.0,0.0,0.0,234.22192336066016,234.22193665042607,234.22192335767565,1.0095098567062042e-150,0.005047615105962275,0,none,0.0,0.0,0.0,0.0,0.0,0.0,0.0,0,0.0,0.0,0.0,0.0,,0,False,0,False,nan,nan,,nan,nan,,0.0,0,False,False,False,False,False,,2972,1550,0
193,True,193,193,1,0.09650000000000007,0.0005,0.0005,0,0,0,False,False,,,none,1.2,-2.446808600881681,-1.5981783219473076,-1223448408104.5415,0.1821177724346865,0.6617957427120067,True,2,1,4,1,True,2,,,2,2,2,239,,,,,,,,,7,0.8,2.1980318807291755e-06,6.5333719400385e-07,2.3833878650960254e-07,2.197341881239026e-06,3.184856410887717e-06,False,0.018329178830352233,0.0,0.018329178830352233,0.60673649274256,0.5056137439521334,0.8621972110267095,0.8214699207397825,0.6067988682120635,0.6069941296066839,0.6068035297456855,0.6070462449270582,-2.896042464623385,-1.2357506450706368,3.140290796624407,2.1329044553163405,0.6792060332785307,3.140290796624407,2.1329044553163405,0.6792060332785307,0.4317981906816329,0.6617957427120067,0.2299975520303738,0.4317981906816329,0.6617957427120067,0.2299975520303738,0.031178753225353188,0.03948021232311692,0.008301459097763735,0.42235118100764296,0.6618042996565788,0.23945311864893587,-20.0,-20.0,0.0,0.0,0.0,0.0,236.09557279263305,236.0955861892598,236.095572789623,1.0172984537598006e-150,0.005086558112508661,0,none,0.0,0.0,0.0,0.0,0.0,0.0,0.0,0,0.0,0.0,0.0,0.0,,0,False,0,False,nan,nan,,nan,nan,,0.0,0,False,False,False,False,False,,2972,1550,0
194,True,194,194,1,0.09700000000000007,0.0005,0.0005,0,0,0,False,False,,,none,1.2,-2.4625100548648002,-1.6008488466104507,-1231297875289.207,0.1838615347552858,0.6673331184299375,True,2,1,4,1,True,2,,,2,2,2,239,,,,,,,,,7,0.8,2.193398648646906e-06,6.514034234367709e-07,2.3854750273032003e-07,2.1946862199488713e-06,3.179445952842029e-06,False,0.018413540034564302,0.0,0.018413540034564302,0.6032859937589301,0.5027383281324418,0.8641055525335226,0.8233431993413963,0.6033488437319565,0.6035479893124797,0.6033556781239713,0.6035977721069141,-2.9102683596269596,-1.2359930580590541,3.140290796624407,2.1239691124774724,0.6763606462053102,3.140290796624407,2.1239691124774724,0.6763606462053102,0.4351558646975999,0.6673331184299375,0.23217725373233755,0.4351558646975999,0.6673331184299375,0.23217725373233755,0.031179965290295267,0.0395513417981348,0.00837137650783953,0.4256390287880627,0.6673417746644983,0.2417027458764356,-20.0,-20.0,0.0,0.0,0.0,0.0,237.9681865206889,237.96820002367542,237.9681865176557,1.025077981841303e-150,0.005125455772005232,0,none,0.0,0.0,0.0,0.0,0.0,0.0,0.0,0,0.0,0.0,0.0,0.0,,0,False,0,False,nan,nan,,nan,nan,,0.0,0,False,False,False,False,False,,2972,1550,0
195,True,195,195,1,0.09750000000000007,0.0005,0.0005,0,0,0,False,False,,,none,1.2,-2.4782115088479193,-1.6034651354294822,-1239147345449.8953,0.18559838842833834,0.6728714584164969,True,2,1,4,1,True,2,,,2,2,2,240,,,,,,,,,7,0.8,2.189626267592781e-06,6.49572958429204e-07,2.388384335287074e-07,2.1924248112089544e-06,3.1749296953145005e-06,False,0.018497046106512538,0.0,0.018497046106512538,0.5998534348224914,0.4998778623520762,0.8657794092050074,0.8249514553955288,0.5999173051024399,0.6001215988689612,0.5999222519725913,0.6001653145822357,-2.9245212551370834,-1.236232816688373,3.140290796624407,2.115087898882306,0.6735324961484068,3.140290796624407,2.115087898882306,0.6735324961484068,0.4385074711058991,0.6728714584164969,0.23436398731059777,0.4385074711058991,0.6728714584164969,0.23436398731059777,0.031181164083441865,0.03962260627568541,0.008441442192243544,0.42892256839300946,0.6728802112975263,0.24395764290451682,-20.0,-20.0,0.0,0.0,0.0,0.0,239.83973950373965,239.8397531126188,239.83973950068187,1.0328483515339149e-150,0.005164307637587524,0,none,0.0,0.0,0.0,0.0,0.0,0.0,0.0,0,0.0,0.0,0.0,0.0,,0,False,0,False,nan,nan,,nan,nan,,0.0,0,False,False,False,False,False,,2972,1550,0
196,True,196,196,1,0.09800000000000007,0.0005,0.0005,0,0,0,False,False,,,none,1.2,-2.4939129628310406,-1.6060278832629882,-1246996846275.9277,0.18732826531878924,0.6784107293847477,True,2,1,4,1,True,2,,,2,2,2,243,,,,,,,,,7,0.8,2.1846690939364335e-06,6.476379815288755e-07,2.3904026120386907e-07,2.1896337788340726e-06,3.1692034231029457e-06,False,0.018579674505635024,0.0,0.018579674505635024,0.5964395863966997,0.49703298866391643,0.8678544810484178,0.8270493206351358,0.5964998767839146,0.5967057300097615,0.5965061830401577,0.5967573059812383,-2.938815324993483,-1.2364893533445243,3.140290796624407,2.106260585160246,0.6707215100666246,3.140290796624407,2.106260585160246,0.6707215100666246,0.4418543257948339,0.6784107293847477,0.23655640358991376,0.4418543257948339,0.6784107293847477,0.23655640358991376,0.031182446766722615,0.03969407662496742,0.008511629858244805,0.4322067766400728,0.67841957601566,0.24621279937558727,-20.0,-20.0,0.0,0.0,0.0,0.0,241.71020700957018,241.71022072401882,241.7102070064893,1.0406094583769276e-150,0.0052031131877011035,0,none,0.0,0.0,0.0,0.0,0.0,0.0,0.0,0,0.0,0.0,0.0,0.0,,0,False,0,False,nan,nan,,nan,nan,,0.0,0,False,False,False,False,False,,2972,1550,0
197,True,197,197,1,0.09850000000000007,0.0005,0.0005,0,0,0,False,False,,,none,1.2,-2.5096144168141583,-1.6085376417408477,-1254846363634.2903,0.1890512245915232,0.6839509035039818,True,2,1,4,1,True,2,,,2,2,2,243,,,,,,,,,7,0.8,2.1798945137528755e-06,6.457557174766964e-07,2.3929391626101287e-07,2.186968961724769e-06,3.1637059527792363e-06,False,0.018661418314068534,0.0,0.018661418314068534,0.5930402692492267,0.4942002243743556,0.8702176832615836,0.8295060336307872,0.5931005864479375,0.5933086626067275,0.5931069462279805,0.5933668891921907,-2.953144469438867,-1.23674177511297,3.140290796624407,2.097486926031662,0.6679276098526651,3.140290796624407,2.097486926031662,0.6679276098526651,0.4451960202236736,0.6839509035039818,0.2387548832803082,0.4451960202236736,0.6839509035039818,0.2387548832803082,0.031183708875564844,0.03976572234719433,0.008582013471629488,0.4354840977333634,0.6839598407341968,0.24847574300083342,-20.0,-20.0,0.0,0.0,0.0,0.0,243.57956438907715,243.57957820865838,243.57956438597287,1.0483612493459267e-150,0.005241872156709291,0,none,0.0,0.0,0.0,0.0,0.0,0.0,0.0,0,0.0,0.0,0.0,0.0,,0,False,0,False,nan,nan,,nan,nan,,0.0,0,False,False,False,False,False,,2972,1550,0
198,True,198,198,1,0.09900000000000007,0.0005,0.0005,0,0,0,False,False,,,none,1.2,-2.5253158707972823,-1.6109951144341164,-1262695883664.7874,0.19076729441726809,0.689509570868797,True,2,1,4,1,True,2,,,2,2,2,246,,,,,,,,,7,0.8,2.174586976719266e-06,6.43833832601893e-07,2.3952160018179545e-07,2.184070604467652e-06,3.1576709020373266e-06,False,0.018742272801406723,0.0,0.018742272801406723,0.5896586613144551,0.49138221776204594,0.8732762301349685,0.8328139524065578,0.5897208611779773,0.5899372050172085,0.5897266740276655,0.5899872363289389,-2.967516630205128,-1.2369888314429083,3.140290796624407,2.0887666915669914,0.6651507222873339,3.140290796624407,2.0887666915669914,0.6651507222873339,0.4485313040622953,0.689509570868797,0.24097826680650175,0.4485313040622953,0.689509570868797,0.24097826680650175,0.031184944157214543,0.03983758315102563,0.00865263899381109,0.43875437507469983,0.6895226054744242,0.2507682303997244,-20.0,-20.0,0.0,0.0,0.0,0.0,245.44778772947632,245.4478016539108,245.44778772634808,1.0561036156072964e-150,0.005280584001248569,0,none,0.0,0.0,0.0,0.0,0.0,0.0,0.0,0,0.0,0.0,0.0,0.0,,0,False,0,False,nan,nan,,nan,nan,,0.0,0,False,False,False,False,False,,2972,1550,0
199,True,199,199,1,0.09950000000000007,0.0005,0.0005,0,0,0,False,False,,,none,1.2,-2.541017324780397,-1.613400817271741,-1270545394238.3826,0.19247652233298074,0.6950851231983205,True,2,1,4,1,True,2,,,2,2,2,245,,,,,,,,,7,0.8,2.168427352128601e-06,6.418510759700668e-07,2.3971003826168543e-07,2.1808406637120254e-06,3.150805752204778e-06,False,0.01882224078081457,0.0,0.01882224078081457,0.5862945833725275,0.48857881947710624,0.8764486157082374,0.836280475846091,0.5863582011521079,0.5865773374857648,0.5863654080983082,0.5866243469153831,-2.9819227596055535,-1.237230274548186,3.140290796624407,2.0800996322736567,0.6623907679217537,3.140290796624407,2.0800996322736567,0.6623907679217537,0.4518592077708016,0.6950851231983205,0.24322591542751892,0.4518592077708016,0.6950851231983205,0.24322591542751892,0.031186151372740934,0.039909613798027765,0.008723462425286831,0.44201737487688536,0.695098385070369,0.25308101019348367,-20.0,-20.0,0.0,0.0,0.0,0.0,247.31485291940461,247.31486694824054,247.31485291625242,1.063836515323739e-150,0.0053192485113312815,0,none,0.0,0.0,0.0,0.0,0.0,0.0,0.0,0,0.0,0.0,0.0,0.0,,0,False,0,False,nan,nan,,nan,nan,,0.0,0,False,False,False,False,False,,2972,1550,0
200,True,200,200,1,0.10000000000000007,0.0005,0.0005,0,0,0,False,False,,,none,1.2,-2.556718778763522,-1.6157552830284327,-1278394889369.8013,0.1941789375062287,0.7006624973823832,True,2,1,4,1,True,2,,,2,2,2,249,,,,,,,,,7,0.8,2.1625943314831435e-06,6.399238080183407e-07,2.399608296520503e-07,2.177802648799428e-06,3.1443158714602487e-06,False,0.018901326596217016,0.0,0.018901326596217016,0.5829465952827508,0.4857888294022924,0.8784756234274167,0.8383819019346487,0.5830118770612368,0.5832230598913384,0.5830175927032073,0.5832812902869927,-2.9963570554174592,-1.2374661693900213,3.140290796624407,2.071485503437278,0.6596476688286257,3.140290796624407,2.071485503437278,0.6596476688286257,0.4551798076894615,0.7006624973823832,0.2454826896929217,0.4551798076894615,0.7006624973823832,0.2454826896929217,0.03118733084695011,0.03998178527708729,0.00879445443013718,0.445273368657299,0.700675985026089,0.25540261636878997,-20.0,-20.0,0.0,0.0,0.0,0.0,249.18073633855158,249.18075047125052,249.18073633537418,1.0715598995183375e-150,0.005357865441706171,0,none,0.0,0.0,0.0,0.0,0.0,0.0,0.0,0,0.0,0.0,0.0,0.0,,0,False,0,False,nan,nan,,nan,nan,,0.0,0,False,False,False,False,False,,2972,1550,0
201,True,201,201,1,0.10050000000000008,0.0005,0.0005,0,0,0,False,False,,,none,1.2,-2.5724202327466394,-1.6180593301174948,-1286244371519.799,0.19587447097944385,0.7062416565208451,True,2,1,4,1,True,2,,,2,2,2,246,,,,,,,,,7,0.8,2.156887823435533e-06,6.380377023649071e-07,2.4021438918654365e-07,2.174796061276316e-06,3.137944877374171e-06,False,0.018979644593863254,0.0,0.018979644593863254,0.5796141243002804,0.4830117702502337,0.8813259175253019,0.8414993406001131,0.5796832399268036,0.5798909942143992,0.5796866931823573,0.5799478256216051,-3.0108193629813864,-1.2376966146274686,3.140290796624407,2.0629240817630246,0.6569213539015315,3.140290796624407,2.0629240817630246,0.6569213539015315,0.45849352017259765,0.7062416565208451,0.2477481363482475,0.45849352017259765,0.7062416565208451,0.2477481363482475,0.03118848307313734,0.04005409681490694,0.008865613741769598,0.4485227305672653,0.706255368127614,0.2577326375603487,-20.0,-20.0,0.0,0.0,0.0,0.0,251.04541545416038,251.04542969053293,251.04541545096086,1.0792736175032892e-150,0.005396434040599058,0,none,0.0,0.0,0.0,0.0,0.0,0.0,0.0,0,0.0,0.0,0.0,0.0,,0,False,0,False,nan,nan,,nan,nan,,0.0,0,False,False,False,False,False,,2972,1550,0
202,True,202,202,1,0.10100000000000008,0.0005,0.0005,0,0,0,False,False,,,none,1.2,-2.588121686729755,-1.620313597041097,-1294093809461.44,0.19756314573291248,0.7118225891808889,True,2,1,4,1,True,2,,,2,2,2,248,,,,,,,,,7,0.8,2.1505547352948255e-06,6.361305320909325e-07,2.4045412891204194e-07,2.171573905742816e-06,3.1309901212829224e-06,False,0.01905725709110956,0.0,0.01905725709110956,0.5762999936765507,0.48024999473045893,0.8843876558389719,0.8448948013023498,0.5763701504826737,0.5765768315037082,0.5763751465849549,0.5766351832413229,-3.0253349476499367,-1.2379211994418258,3.140290796624407,2.054415122916995,0.6542117453343326,3.140290796624407,2.054415122916995,0.6542117453343326,0.4617988066694407,0.7118225891808889,0.25002378251144824,0.4617988066694407,0.7118225891808889,0.25002378251144824,0.031189605997209126,0.04012667473824967,0.008937068741040544,0.4517639977977753,0.7118365231707168,0.26007252537294145,-20.0,-20.0,0.0,0.0,0.0,0.0,252.908867464484,252.90888180439956,252.9088674612618,1.0869775829601342e-150,0.005434953876735238,0,none,0.0,0.0,0.0,0.0,0.0,0.0,0.0,0,0.0,0.0,0.0,0.0,,0,False,0,False,nan,nan,,nan,nan,,0.0,0,False,False,False,False,False,,2972,1550,0
203,True,203,203,1,0.10150000000000008,0.0005,0.0005,0,0,0,False,False,,,none,1.2,-2.603823140712877,-1.6225187273551662,-1301943160929.0557,0.19924504958973008,0.7174053006437004,True,2,1,4,1,True,2,,,2,2,2,256,,,,,,,,,7,0.8,2.1441401910939594e-06,6.342398805753004e-07,2.407076438130734e-07,2.1683513499577277e-06,3.1239854564050315e-06,False,0.01913403407950015,0.0,0.01913403407950015,0.5730023922665435,0.4775019935554529,0.8866480580818283,0.8473292899542765,0.5730700626003937,0.5732764429804224,0.5730782368856532,0.5733350075302777,-3.0399053169536856,-1.2381396688439488,3.140290796624407,2.0459583825669982,0.6515187653214347,3.140290796624407,2.0459583825669982,0.6515187653214347,0.46509372153848677,0.7174053006437004,0.2523115791052137,0.46509372153848677,0.7174053006437004,0.2523115791052137,0.03119069834421974,0.04019952658476843,0.009008828240548689,0.4549955077172606,0.7174194559569516,0.26242394823969095,-20.0,-20.0,0.0,0.0,0.0,0.0,254.77106998143182,254.77108442485385,254.7710699781846,1.0946717062986162e-150,0.005473424502572237,0,none,0.0,0.0,0.0,0.0,0.0,0.0,0.0,0,0.0,0.0,0.0,0.0,,0,False,0,False,nan,nan,,nan,nan,,0.0,0,False,False,False,False,False,,2972,1550,0
204,True,204,204,1,0.10200000000000008,0.0005,0.0005,0,0,0,False,False,,,none,1.2,-2.6195245946959957,-1.6246752970018603,-1309792480234.2383,0.2009202448338984,0.7229897854148359,True,2,1,4,1,True,2,,,2,2,2,260,,,,,,,,,7,0.8,2.136647375090473e-06,6.322809166116319e-07,2.40926113235213e-07,2.1647115924575205e-06,3.115936911035083e-06,False,0.01921009448841443,0.0,0.01921009448841443,0.5697183215101801,0.4747652679251501,0.889204129486425,0.850144161285158,0.5697896643013078,0.5699994953146748,0.5697951861302226,0.5700570009084489,-3.0545063115446722,-1.23835316207008,3.140290796624407,2.0375536121424562,0.6488423347075639,3.140290796624407,2.0375536121424562,0.6488423347075639,0.46838034400720574,0.7229897854148359,0.2546094414076302,0.46838034400720574,0.7229897854148359,0.2546094414076302,0.031191765810350398,0.04027253155772336,0.009080765747372963,0.45821975187510366,0.7230041602179862,0.2647844083428825,-20.0,-20.0,0.0,0.0,0.0,0.0,256.6320007101534,256.6320152570573,256.6320007068806,1.102355921014133e-150,0.005511845585657314,0,none,0.0,0.0,0.0,0.0,0.0,0.0,0.0,0,0.0,0.0,0.0,0.0,,0,False,0,False,nan,nan,,nan,nan,,0.0,0,False,False,False,False,False,,2972,1550,0
205,True,205,205,1,0.10250000000000008,0.0005,0.0005,0,0,0,False,False,,,none,1.2,-2.6352260486791153,-1.6267838258150469,-1317641775004.8506,0.20258858174103073,0.7285760386597946,True,2,1,4,1,True,2,,,2,2,2,262,,,,,,,,,7,0.8,2.128413611242e-06,6.302685645936774e-07,2.4110750002685227e-07,2.160761150352885e-06,3.1071537682384996e-06,False,0.019285459541772798,0.0,0.019285459541772798,0.5664507965409239,0.47204233045076993,0.8907731529066518,0.8517571411014553,0.5665240134667803,0.5667354657424378,0.5665316718214807,0.5667950383537079,-3.069136641267016,-1.2385613633574302,3.140290796624407,2.029200559973549,0.6461823733505183,3.140290796624407,2.029200559973549,0.6461823733505183,0.47165905654254064,0.7285760386597946,0.25691698211725394,0.47165905654254064,0.7285760386597946,0.25691698211725394,0.031192806816787152,0.040345683206335074,0.009152876389547922,0.46143638022463007,0.7285906305931343,0.26715425036850426,-20.0,-20.0,0.0,0.0,0.0,0.0,258.49163753426234,258.49165218453425,258.49163753096695,1.1100301794551268e-150,0.00555021688731114,0,none,0.0,0.0,0.0,0.0,0.0,0.0,0.0,0,0.0,0.0,0.0,0.0,,0,False,0,False,nan,nan,,nan,nan,,0.0,0,False,False,False,False,False,,2972,1550,0
206,True,206,206,1,0.10300000000000008,0.0005,0.0005,0,0,0,False,False,,,none,1.2,-2.6509275026622356,-1.6288448108659357,-1325491052568.1538,0.20425015638187072,0.7341783018736053,True,2,1,4,1,True,2,,,2,2,2,262,,,,,,,,,7,0.8,2.1196568010247174e-06,6.28234523011729e-07,2.4128040900754924e-07,2.1566043122415304e-06,3.097867325335888e-06,False,0.019360101098343296,0.0,0.019360101098343296,0.5632011322275593,0.4693342768562994,0.8922793790592651,0.8533034806855085,0.5632739847614961,0.5634815195555796,0.5632815740767444,0.5635513639496604,-3.083817838968769,-1.2387647812227671,3.140290796624407,2.0208989745432415,0.6435388011567484,3.140290796624407,2.0208989745432415,0.6435388011567484,0.47493282714315305,0.7341783018736053,0.2592454747304523,0.47493282714315305,0.7341783018736053,0.2592454747304523,0.031193823906113836,0.04041908919484384,0.009225265288730005,0.46464681196185276,0.7341967990976682,0.26954998713581546,-20.0,-20.0,0.0,0.0,0.0,0.0,260.34995865283366,260.3499734062248,260.34995864951605,1.1176944413306137e-150,0.005588538205479322,0,none,0.0,0.0,0.0,0.0,0.0,0.0,0.0,0,0.0,0.0,0.0,0.0,,0,False,0,False,nan,nan,,nan,nan,,0.0,0,False,False,False,False,False,,2972,1550,0
207,True,207,207,1,0.10350000000000008,0.0005,0.0005,0,0,0,False,False,,,none,1.2,-2.6666289566453516,-1.6308587469790174,-1333340333070.4678,0.2059050123403537,0.7397935351507972,True,2,1,4,1,True,2,,,2,2,2,263,,,,,,,,,7,0.8,2.1107477551266654e-06,6.262089069484042e-07,2.414720744556286e-07,2.1524260017220957e-06,3.088468898426054e-06,False,0.01943399294221071,0.0,0.01943399294221071,0.5599673372368101,0.4666394476973418,0.8937190925926366,0.8547775104340642,0.5600425557142714,0.5602538607502152,0.5600464515929885,0.5603296509286851,-3.0985374454230716,-1.238963694963592,3.140290796624407,2.0126486069562675,0.6409115388675863,3.140290796624407,2.0126486069562675,0.6409115388675863,0.47820307708500476,0.7397935351507972,0.2615904580657924,0.47820307708500476,0.7397935351507972,0.2615904580657924,0.031194818474817962,0.04049268722711535,0.009297868752297385,0.46785247073551006,0.7398123762638913,0.27195990552838123,-20.0,-20.0,0.0,0.0,0.0,0.0,262.2069425580229,262.2069574141892,262.2069425546792,1.125348666512313e-150,0.0056268093391309525,0,none,0.0,0.0,0.0,0.0,0.0,0.0,0.0,0,0.0,0.0,0.0,0.0,,0,False,0,False,nan,nan,,nan,nan,,0.0,0,False,False,False,False,False,,2972,1550,0
208,True,208,208,1,0.10400000000000008,0.0005,0.0005,0,0,0,False,False,,,none,1.2,-2.6823304106284747,-1.6328263207496523,-1341189533933.8503,0.20755307437146966,0.7454111949296404,True,2,1,4,1,True,2,,,2,2,2,263,,,,,,,,,7,0.8,2.1023779650159433e-06,6.242545428545353e-07,2.4170552876020777e-07,2.1484754188057043e-06,3.0796192995084154e-06,False,0.019507957522965802,0.0,0.019507957522965802,0.5567494998634314,0.4639579165528595,0.895001221504336,0.8560649862381048,0.556824043316233,0.5570345899575724,0.5568311928469437,0.5571147301305299,-3.113297491244029,-1.2391582483088712,3.140290796624407,2.004449219632699,0.638300510827641,3.140290796624407,2.004449219632699,0.638300510827641,0.4814686415262548,0.7454111949296404,0.26394255340338557,0.4814686415262548,0.7454111949296404,0.26394255340338557,0.031195791241544354,0.04056648745622016,0.009370696214675803,0.4710533293252879,0.7454303810694546,0.2743770517441667,-20.0,-20.0,0.0,0.0,0.0,0.0,264.06256858547823,264.06258354429576,264.0625685821131,1.1329927485223431e-150,0.005665029756842489,0,none,0.0,0.0,0.0,0.0,0.0,0.0,0.0,0,0.0,0.0,0.0,0.0,,0,False,0,False,nan,nan,,nan,nan,,0.0,0,False,False,False,False,False,,2972,1550,0
209,True,209,209,1,0.10450000000000008,0.0005,0.0005,0,0,0,False,False,,,none,1.2,-2.6980318646115946,-1.6347480578207354,-1349038636202.5063,0.20919447836775654,0.7510312660588974,True,2,1,4,1,True,2,,,2,2,2,265,,,,,,,,,7,0.8,2.093043380952939e-06,6.222331163512257e-07,2.4188354493255594e-07,2.144155882552799e-06,3.0698398563491842e-06,False,0.019582301571687666,0.0,0.019582301571687666,0.5535473328124524,0.461289444010377,0.8961465488035031,0.857190245513363,0.5536229736174383,0.5538348546322992,0.5536294435750628,0.5539127975630616,-3.1280926445900916,-1.2393550101676396,3.140290796624407,1.996300562865608,0.6357056375197773,3.140290796624407,1.996300562865608,0.6357056375197773,0.48472815570165345,0.7510312660588974,0.2663031103572439,0.48472815570165345,0.7510312660588974,0.2663031103572439,0.031196775050838198,0.040640463222950465,0.009443688172112268,0.4742504703768039,0.7510507977840869,0.276800327407283,-20.0,-20.0,0.0,0.0,0.0,0.0,265.91681586780015,265.9168309291187,265.91681586441257,1.140626636549949e-150,0.00570319920449101,0,none,0.0,0.0,0.0,0.0,0.0,0.0,0.0,0,0.0,0.0,0.0,0.0,,0,False,0,False,nan,nan,,nan,nan,,0.0,0,False,False,False,False,False,,2972,1550,0
210,True,210,210,1,0.10500000000000008,0.0005,0.0005,0,0,0,False,False,,,none,1.2,-2.713733318594711,-1.6366245679819378,-1356887690935.2664,0.21082925216673237,0.7566537254875269,True,2,1,4,1,True,2,,,2,2,2,266,,,,,,,,,7,0.8,2.083695813531211e-06,6.202200990412162e-07,2.420772864918638e-07,2.1398322831054795e-06,3.0600563437685035e-06,False,0.019658179868798586,0.0,0.019658179868798586,0.5503629019727475,0.45863575164395626,0.8976979248449486,0.8588362183905507,0.5504365830163532,0.5506516053385976,0.5504428521811252,0.5507291309755551,-3.1429175073976965,-1.239569093848811,3.140290796624407,1.9882023916450855,0.6331268409225872,3.140290796624407,1.9882023916450855,0.6331268409225872,0.4879824934883275,0.7566537254875269,0.26867123199919934,0.4879824934883275,0.7566537254875269,0.26867123199919934,0.031197845469244048,0.04071458753698847,0.009516742067744423,0.4774467075938614,0.7566736041295614,0.27922689653570004,-20.0,-20.0,0.0,0.0,0.0,0.0,267.7696641533783,267.76967931715797,267.7696641499665,1.148250249806549e-150,0.00574131727859161,0,none,0.0,0.0,0.0,0.0,0.0,0.0,0.0,0,0.0,0.0,0.0,0.0,,0,False,0,False,nan,nan,,nan,nan,,0.0,0,False,False,False,False,False,,2972,1550,0
211,True,211,211,1,0.10550000000000008,0.0005,0.0005,0,0,0,False,False,,,none,1.2,-2.7294347725778327,-1.6384563097931402,-1364736680935.9465,0.21245734607277547,0.7622985624468276,True,2,1,4,1,True,2,,,2,2,2,271,,,,,,,,,7,0.8,2.0740787580635465e-06,6.182269414767863e-07,2.4227978963930214e-07,2.1354997733453252e-06,3.0500927894481776e-06,False,0.01973484630699701,0.0,0.01973484630699701,0.5471922503020155,0.45599354191834623,0.8993510452554947,0.860622576714706,0.5472636528264198,0.5474863116548814,0.5472705870080028,0.5475593128583204,-3.1577719654629743,-1.2397879713466495,3.140290796624407,1.9801544522046954,0.6305640402262181,3.140290796624407,1.9801544522046954,0.6305640402262181,0.4912315729180549,0.7622985624468276,0.2710669895287727,0.4912315729180549,0.7622985624468276,0.2710669895287727,0.031198939856733245,0.040788859827314866,0.00958991997058162,0.4806380198928311,0.7623081513598136,0.28167013146698244,-20.0,-20.0,0.0,0.0,0.0,0.0,269.6210930153249,269.6211082813824,269.6210930118918,1.155863558573337e-150,0.005779383829941296,0,none,0.0,0.0,0.0,0.0,0.0,0.0,0.0,0,0.0,0.0,0.0,0.0,,0,False,0,False,nan,nan,,nan,nan,,0.0,0,False,False,False,False,False,,2972,1550,0
212,True,212,212,1,0.10600000000000008,0.0005,0.0005,0,0,0,False,False,,,none,1.2,-2.7451362265609545,-1.6402440598218895,-1372585625503.631,0.21407866365354114,0.767948266413413,True,2,1,4,1,True,2,,,2,2,2,276,,,,,,,,,7,0.8,2.0642507875873366e-06,6.162220874696069e-07,2.4246281729335717e-07,2.1310334757394386e-06,3.039893561891976e-06,False,0.019811228346086396,0.0,0.019811228346086396,0.5440384408205261,0.4533653673504384,0.9011743065584426,0.8626376883699896,0.544106797745284,0.54433335003722,0.544115540136792,0.5444073520601983,-3.1727074636118795,-1.2400023269253657,3.140290796624407,1.9721565083737915,0.6280171602240537,3.140290796624407,1.9721565083737915,0.6280171602240537,0.4944738263346475,0.767948266413413,0.2734744400787655,0.4944738263346475,0.767948266413413,0.2734744400787655,0.03120001163462682,0.04086353731805939,0.00966352568343257,0.4838214845485592,0.7679579139630546,0.28413642941449535,-20.0,-20.0,0.0,0.0,0.0,0.0,271.4710832333986,271.47109860193376,271.47108322994256,1.1634664244464936e-150,0.00581739816817359,0,none,0.0,0.0,0.0,0.0,0.0,0.0,0.0,0,0.0,0.0,0.0,0.0,,0,False,0,False,nan,nan,,nan,nan,,0.0,0,False,False,False,False,False,,2972,1550,0
213,True,213,213,1,0.10650000000000008,0.0005,0.0005,0,0,0,False,False,,,none,1.2,-2.7608376805440704,-1.6419881140001737,-1380434587320.9485,0.21569342296670996,0.7736009500767854,True,2,1,4,1,True,2,,,2,2,2,278,,,,,,,,,7,0.8,2.052890017779814e-06,6.140819140139283e-07,2.4257535573609e-07,2.125922835578971e-06,3.0281751482147857e-06,False,0.0198869630610069,0.0,0.0198869630610069,0.540901406953594,0.45075117246132834,0.902737937485242,0.8643350832801213,0.5409679626117996,0.5411969701418837,0.5409757119527838,0.541270019024882,-3.187685502272622,-1.2402131458158157,3.140290796624407,1.9642082957053553,0.6254861167050968,3.140290796624407,1.9642082957053553,0.6254861167050968,0.49771083036749036,0.7736009500767854,0.27589011970929506,0.49771083036749036,0.7736009500767854,0.27589011970929506,0.03120106572907908,0.04093842751136311,0.009737361782284033,0.4869990339166068,0.7736106515497577,0.2866116176331509,-20.0,-20.0,0.0,0.0,0.0,0.0,273.3196144613732,273.3196299322305,273.3196144578926,1.1710588720854694e-150,0.005855360415035565,0,none,0.0,0.0,0.0,0.0,0.0,0.0,0.0,0,0.0,0.0,0.0,0.0,,0,False,0,False,nan,nan,,nan,nan,,0.0,0,False,False,False,False,False,,2972,1550,0
214,True,214,214,1,0.10700000000000008,0.0005,0.0005,0,0,0,False,False,,,none,1.2,-2.77653913452719,-1.6436888955526903,-1388283597165.982,0.21730161969510164,0.7792565488303068,True,2,1,4,1,True,2,,,2,2,2,280,,,,,,,,,7,0.8,2.0417191310660825e-06,6.119928069018653e-07,2.4272649799997634e-07,2.120949909521937e-06,3.0167029813014916e-06,False,0.019961972804454553,0.0,0.019961972804454553,0.5377755385126974,0.44814628209391455,0.904379640288885,0.8661442603237434,0.53784270083442,0.5380763215091857,0.5378489270084051,0.538141559395156,-3.2026951549833234,-1.2404196502148621,3.140290796624407,1.9563095632935632,0.6229708297704337,3.140290796624407,1.9563095632935632,0.6229708297704337,0.5009423552760275,0.7792565488303068,0.27831419355427933,0.5009423552760275,0.7792565488303068,0.27831419355427933,0.031202098251074308,0.04101347577491661,0.009811377523842302,0.49017011588660353,0.779266299152546,0.28909618326594244,-20.0,-20.0,0.0,0.0,0.0,0.0,275.16666714510177,275.1666827179363,275.16666714159646,1.1786408802296736e-150,0.005893270463459876,0,none,0.0,0.0,0.0,0.0,0.0,0.0,0.0,0,0.0,0.0,0.0,0.0,,0,False,0,False,nan,nan,,nan,nan,,0.0,0,False,False,False,False,False,,2972,1550,0
215,True,215,215,1,0.10750000000000008,0.0005,0.0005,0,0,0,False,False,,,none,1.2,-2.79224058851031,-1.6453468338385608,-1396132670823.1475,0.21890324767198996,0.7849149871822985,True,2,1,4,1,True,2,,,2,2,2,283,,,,,,,,,7,0.8,2.030037645490208e-06,6.098450314495337e-07,2.428518819685532e-07,2.1157415010021278e-06,3.00471345391362e-06,False,0.02003622472881439,0.0,0.02003622472881439,0.5346670497604271,0.44555587480035597,0.9061747917846323,0.8681637362126792,0.5347348440120389,0.5349654795054082,0.5347410515267268,0.5350444932047775,-3.217738670819431,-1.2406215210185787,3.140290796624407,1.948460063582205,0.6204712205878077,3.140290796624407,1.948460063582205,0.6204712205878077,0.5041678892560899,0.7849149871822985,0.28074709792620856,0.5041678892560899,0.7849149871822985,0.28074709792620856,0.031203107605092886,0.04108869335409716,0.00988558574900427,0.49333425193742014,0.7849247815008862,0.29159052956346604,-20.0,-20.0,0.0,0.0,0.0,0.0,277.0122219074999,277.01223758185483,277.01222190397095,1.1862124255622766e-150,0.00593112819637297,0,none,0.0,0.0,0.0,0.0,0.0,0.0,0.0,0,0.0,0.0,0.0,0.0,,0,False,0,False,nan,nan,,nan,nan,,0.0,0,False,False,False,False,False,,2972,1550,0
216,True,216,216,1,0.10800000000000008,0.0005,0.0005,0,0,0,False,False,,,none,1.2,-2.8079420424934245,-1.6469625270686423,-1403981847287.068,0.22049888946608015,0.7905761806470294,True,2,1,4,1,True,2,,,2,2,2,260,,,,,,,,,7,0.8,2.0191706834793073e-06,6.078370232043819e-07,2.430581822437444e-07,2.110976221216168e-06,2.993628898560405e-06,False,0.020109617342867536,0.0,0.020109617342867536,0.5315743606874985,0.4429786339062488,0.9084557762664616,0.8708249904113115,0.5316427312961807,0.5318716078335463,0.5316495754612679,0.5319653249245514,-3.23282862182559,-1.2408182024129595,3.140290796624407,1.9406595568082643,0.6179872128066412,3.140290796624407,1.9406595568082643,0.6179872128066412,0.5073856170086324,0.7905761806470294,0.283190563638397,0.5073856170086324,0.7905761806470294,0.283190563638397,0.03120409101206479,0.04116414310912794,0.009960052097063153,0.4964898741742459,0.7905860134005518,0.2940961392263059,-20.0,-20.0,0.0,0.0,0.0,0.0,278.8562602291105,278.8562760047037,278.8562602255609,1.1937734283059565e-150,0.005968933215655735,0,none,0.0,0.0,0.0,0.0,0.0,0.0,0.0,0,0.0,0.0,0.0,0.0,,0,False,0,False,nan,nan,,nan,nan,,0.0,0,False,False,False,False,False,,2972,1550,0
217,True,217,217,1,0.10850000000000008,0.0005,0.0005,0,0,0,False,False,,,none,1.2,-2.8236434964765493,-1.6485364982798885,-1411831136853.7048,0.2220886384951793,0.7962549700832932,True,2,1,4,1,True,2,,,2,2,2,277,,,,,,,,,7,0.8,2.007381438484422e-06,6.057010553070465e-07,2.431692897898088e-07,2.1057584431250915e-06,2.9815774234893423e-06,False,0.020182209092504788,0.0,0.020182209092504788,0.5284959851459978,0.4404133209549982,0.9101624124753377,0.8727576476641474,0.5285655381168952,0.5288023654148516,0.5285716814808505,0.5288863450740091,-3.247984157034312,-1.2410096463499838,3.140290796624407,1.932907797693348,0.6155187283200296,3.140290796624407,1.932907797693348,0.6155187283200296,0.5105947964313192,0.7962549700832932,0.28566017365197394,0.5105947964313192,0.7962549700832932,0.28566017365197394,0.031205048231749917,0.04123992078517155,0.010034872553421635,0.4996364384358021,0.7962714238861406,0.2966349854503385,-20.0,-20.0,0.0,0.0,0.0,0.0,280.6987634896022,280.6987793662021,280.698763486028,1.201323833936196e-150,0.006006685248929271,0,none,0.0,0.0,0.0,0.0,0.0,0.0,0.0,0,0.0,0.0,0.0,0.0,,0,False,0,False,nan,nan,,nan,nan,,0.0,0,False,False,False,False,False,,2972,1550,0
218,True,218,218,1,0.10900000000000008,0.0005,0.0005,0,0,0,False,False,,,none,1.2,-2.839344950459669,-1.650069130424047,-1419680516177.0916,0.2236721497958621,0.8019591097283182,True,2,1,4,1,True,2,,,2,2,2,281,,,,,,,,,7,0.8,1.9954448528617985e-06,6.035728358741759e-07,2.43300522857911e-07,2.1005391490137267e-06,2.9694376891896694e-06,False,0.02025406154101883,0.0,0.02025406154101883,0.5254332968755704,0.437861080729642,0.9119042870443386,0.8747495523458051,0.5255036685181903,0.5257502471376397,0.5255125869168401,0.5258326938539363,-3.2631801002784355,-1.2411960444220345,3.140290796624407,1.9252045350902143,0.6130656871521817,3.140290796624407,1.9252045350902143,0.6130656871521817,0.5137951181834542,0.8019591097283182,0.28816399154486394,0.5137951181834542,0.8019591097283182,0.28816399154486394,0.031205980222110172,0.04131590050139217,0.010109920279282002,0.5027740443122913,0.8019757787106596,0.2992017343983683,-20.0,-20.0,0.0,0.0,0.0,0.0,282.5397130955088,282.53972907268826,282.539713091914,1.2088636334427477e-150,0.006044384250318295,0,none,0.0,0.0,0.0,0.0,0.0,0.0,0.0,0,0.0,0.0,0.0,0.0,,0,False,0,False,nan,nan,,nan,nan,,0.0,0,False,False,False,False,False,,2972,1550,0
219,True,219,219,1,0.10950000000000008,0.0005,0.0005,0,0,0,False,False,,,none,1.2,-2.855046404442793,-1.6515608909010724,-1427529963697.1992,0.22524926607589138,0.8076669841029938,True,2,1,4,1,True,2,,,2,2,2,277,,,,,,,,,7,0.8,1.9832056220522596e-06,6.014203703720412e-07,2.434171237041756e-07,2.0951762415484483e-06,2.9569961752595538e-06,False,0.020325213566764977,0.0,0.020325213566764977,0.5223861606662846,0.4353218005552372,0.912864013359241,0.8757308978823163,0.5224585825990463,0.5227025779978142,0.5224651227242144,0.5227838918415412,-3.278409074852123,-1.2413772413413664,3.140290796624407,1.9175495246485268,0.610628011491725,3.140290796624407,1.9175495246485268,0.610628011491725,0.5169855877860624,0.8076669841029938,0.29068139631693135,0.5169855877860624,0.8076669841029938,0.29068139631693135,0.03120688620670683,0.041392045374260604,0.010185159167553776,0.5059020726019439,0.8076838640316382,0.3017817914296943,-20.0,-20.0,0.0,0.0,0.0,0.0,284.3790909052426,284.3791069825232,284.3790909016236,1.2163927882516346e-150,0.006082030026784956,0,none,0.0,0.0,0.0,0.0,0.0,0.0,0.0,0,0.0,0.0,0.0,0.0,,0,False,0,False,nan,nan,,nan,nan,,0.0,0,False,False,False,False,False,,2972,1550,0
220,True,220,220,1,0.11000000000000008,0.0005,0.0005,0,0,0,False,False,,,none,1.2,-2.870747858425908,-1.6530121817854129,-1435379468691.6433,0.2268199318960482,0.8133785516091162,True,2,1,4,1,True,2,,,2,2,2,279,,,,,,,,,7,0.8,1.9708149899443938e-06,5.992731204610773e-07,2.435433096061079e-07,2.08979179118159e-06,2.9444495362699857e-06,False,0.020395681913831898,0.0,0.020395681913831898,0.5193526763150952,0.432793896929246,0.9137542941593516,0.8766282194400716,0.5194266738643378,0.5196724792508828,0.5194329909386848,0.5197542360253905,-3.293672215534431,-1.2415538994711353,3.140290796624407,1.9099425206115566,0.608205623079433,3.140290796624407,1.9099425206115566,0.608205623079433,0.5201694695842574,0.8133785516091162,0.29320908202485885,0.5201694695842574,0.8133785516091162,0.29320908202485885,0.031207769497355677,0.041468361077672156,0.010260591580316478,0.509022377411347,0.8133956384263946,0.3043732610150476,-20.0,-20.0,0.0,0.0,0.0,0.0,286.21687887225875,286.21689504903424,286.216878868616,1.2239112811423478e-150,0.006119622491752306,0,none,0.0,0.0,0.0,0.0,0.0,0.0,0.0,0,0.0,0.0,0.0,0.0,,0,False,0,False,nan,nan,,nan,nan,,0.0,0,False,False,False,False,False,,2972,1550,0
221,True,221,221,1,0.11050000000000008,0.0005,0.0005,0,0,0,False,False,,,none,1.2,-2.8864493124090305,-1.6544234551116088,-1443229020691.1362,0.22838411457912597,0.8190937694170569,True,2,1,4,1,True,2,,,2,2,2,280,,,,,,,,,7,0.8,1.9583943701102247e-06,5.971252866080701e-07,2.4367494787973706e-07,2.0844117278433706e-06,2.931896459321402e-06,False,0.02046611899987627,0.0,0.02046611899987627,0.5163360641398943,0.43028005344991194,0.9145520841620851,0.8774105402251401,0.5164100820566233,0.516662238734039,0.5164183685986835,0.5167441803597255,-3.308991802711667,-1.241726087389086,3.140290796624407,1.902383281008936,0.605798444861815,3.140290796624407,1.902383281008936,0.605798444861815,0.523347187616219,0.8190937694170569,0.2957465818008379,0.523347187616219,0.8190937694170569,0.2957465818008379,0.031208630436945432,0.04154495901355833,0.010336328576612895,0.5121354477663731,0.8191110593683126,0.30697561160193954,-20.0,-20.0,0.0,0.0,0.0,0.0,288.05305932245705,288.05307559808716,288.0530593187934,1.2314190774429256e-150,0.006157161471720911,0,none,0.0,0.0,0.0,0.0,0.0,0.0,0.0,0,0.0,0.0,0.0,0.0,,0,False,0,False,nan,nan,,nan,nan,,0.0,0,False,False,False,False,False,,2972,1550,0
222,True,222,222,1,0.11100000000000008,0.0005,0.0005,0,0,0,False,False,,,none,1.2,-2.9021507663921526,-1.655795172241459,-1451078622186.8503,0.2299417803451625,0.8248126055762898,True,2,1,4,1,True,2,,,2,2,2,280,,,,,,,,,7,0.8,1.945902377488295e-06,5.949891343070646e-07,2.4380867794903867e-07,2.079040996617926e-06,2.919315376885373e-06,False,0.020537408815701097,0.0,0.020537408815701097,0.5133313082182038,0.42777609018183654,0.9152019910964754,0.8780030743084982,0.5134097263637385,0.513660567605117,0.5134164289738733,0.5137389001845297,-3.324361507675156,-1.241893803037183,3.140290796624407,1.8948715645070282,0.603406399988142,3.140290796624407,1.8948715645070282,0.603406399988142,0.5265185990701422,0.8248126055762898,0.29829400650614757,0.5265185990701422,0.8248126055762898,0.29829400650614757,0.03120946901518591,0.04162180753837577,0.01041233852318986,0.5152414305437949,0.8248300951562958,0.3095886646125009,-20.0,-20.0,0.0,0.0,0.0,0.0,289.8876148686149,289.8876312424464,289.88761486492854,1.2389161391033004e-150,0.006194646776438985,0,none,0.0,0.0,0.0,0.0,0.0,0.0,0.0,0,0.0,0.0,0.0,0.0,,0,False,0,False,nan,nan,,nan,nan,,0.0,0,False,False,False,False,False,,2972,1550,0
223,True,223,223,1,0.11150000000000009,0.0005,0.0005,0,0,0,False,False,,,none,1.2,-2.9178522203752677,-1.6571278120214017,-1458928298308.246,0.2314928968541831,0.8305386278151935,True,2,1,4,1,True,2,,,2,2,2,280,,,,,,,,,7,0.8,1.933191270828646e-06,5.928327635476671e-07,2.439216718870074e-07,2.073566407098199e-06,2.906519327616096e-06,False,0.020608251664501642,0.0,0.020608251664501642,0.510343089674745,0.4252859080622875,0.9155845931957154,0.8782454136342054,0.5104202165061124,0.5106746969234067,0.5104301471648737,0.5107594732433138,-3.3397731661813697,-1.2420570476108796,3.140290796624407,1.8874071300814916,0.6010294117061777,3.140290796624407,1.8874071300814916,0.6010294117061777,0.5296835189512337,0.8305386278151935,0.30085510886395983,0.5296835189512337,0.8305386278151935,0.30085510886395983,0.0312102852380544,0.04169886583090686,0.010488580592852459,0.5183403912287422,0.8305613431012101,0.3122209518724679,-20.0,-20.0,0.0,0.0,0.0,0.0,291.72052841488176,291.7205448862681,291.7205284111716,1.2464024218434515e-150,0.006232078184581024,0,none,0.0,0.0,0.0,0.0,0.0,0.0,0.0,0,0.0,0.0,0.0,0.0,,0,False,0,False,nan,nan,,nan,nan,,0.0,0,False,False,False,False,False,,2972,1550,0
224,True,224,224,1,0.11200000000000009,0.0005,0.0005,0,0,0,False,False,,,none,1.2,-2.9335536743583894,-1.658421766175772,-1466778019010.31,0.2330374635031583,0.836290025039177,True,2,1,4,1,True,2,,,2,2,2,279,,,,,,,,,7,0.8,1.920177337022167e-06,5.906535112250528e-07,2.4402774495819603e-07,2.0679851844840844e-06,2.8934520627601696e-06,False,0.020678484360346916,0.0,0.020678484360346916,0.5073710944379747,0.42280924536497894,0.9159426978713509,0.8784580566176994,0.507446630585028,0.507696327069517,0.5074524222297723,0.5077946575222407,-3.355224010317063,-1.242215840639715,3.140290796624407,1.8799897344799767,0.5986674025541947,3.140290796624407,1.8799897344799767,0.5986674025541947,0.5328417614150363,0.836290025039177,0.3034482636241408,0.5328417614150363,0.836290025039177,0.3034482636241408,0.031211079203198575,0.041776120051585305,0.01056504084838673,0.5214323465499784,0.8363130743025541,0.3148807277525757,-20.0,-20.0,0.0,0.0,0.0,0.0,293.55178287277164,293.55179944096284,293.5517828690384,1.2538779091022868e-150,0.006269455612961552,0,none,0.0,0.0,0.0,0.0,0.0,0.0,0.0,0,0.0,0.0,0.0,0.0,,0,False,0,False,nan,nan,,nan,nan,,0.0,0,False,False,False,False,False,,2972,1550,0
225,True,225,225,1,0.11250000000000009,0.0005,0.0005,0,0,0,False,False,,,none,1.2,-2.949255128341502,-1.6596774637099578,-1474627771127.2585,0.2345754782356135,0.8420457738393021,True,2,1,4,1,True,2,,,2,2,2,281,,,,,,,,,7,0.8,1.9071430474635486e-06,5.884923738844047e-07,2.441452776801989e-07,2.0624432745329654e-06,2.880416125300033e-06,False,0.02074807648753274,0.0,0.02074807648753274,0.5044093726935266,0.4203411439112722,0.9163955249534728,0.878800326045992,0.5044868127055882,0.5047390545383373,0.5044950143219125,0.5048443139113371,-3.3707366524275777,-1.2423702116951794,3.140290796624407,1.872619137551343,0.5963202960580204,3.140290796624407,1.872619137551343,0.5963202960580204,0.5359931687618708,0.8420457738393021,0.30605260507743137,0.5359931687618708,0.8420457738393021,0.30605260507743137,0.031211851058475897,0.04185368326213789,0.010641832203661994,0.5245172960861864,0.8420691539426632,0.3175518578564769,-20.0,-20.0,0.0,0.0,0.0,0.0,295.3813615007216,295.38137816492286,295.3813614969657,1.2613425709096542e-150,0.00630677891160405,0,none,0.0,0.0,0.0,0.0,0.0,0.0,0.0,0,0.0,0.0,0.0,0.0,,0,False,0,False,nan,nan,,nan,nan,,0.0,0,False,False,False,False,False,,2972,1550,0
226,True,226,226,1,0.11300000000000009,0.0005,0.0005,0,0,0,False,False,,,none,1.2,-2.964956582324628,-1.6608953386039127,-1482477548216.098,0.23610693026979468,0.8478058713916375,True,2,1,4,1,True,2,,,2,2,2,283,,,,,,,,,7,0.8,1.893874676870098e-06,5.863152455263437e-07,2.4425287043186596e-07,2.056819056830664e-06,2.8671747341385427e-06,False,0.020817019384316682,0.0,0.020817019384316682,0.5014635523949792,0.4178862936624827,0.9165467760753129,0.8787406083070217,0.5015435146706642,0.5017991878322121,0.501551515979338,0.501898618952962,-3.3862847788739288,-1.2425201922781772,3.140290796624407,1.865295100269404,0.5939880161017145,3.140290796624407,1.865295100269404,0.5939880161017145,0.5391376146278275,0.8478058713916375,0.30866825676381004,0.5391376146278275,0.8478058713916375,0.30866825676381004,0.031212600961390887,0.04193142389436964,0.010718822932978756,0.5275952253525704,0.8478295788144813,0.32023435346191087,-20.0,-20.0,0.0,0.0,0.0,0.0,297.20924778014853,297.20926453954894,297.2092477763711,1.2687963751630174e-150,0.006344047919954786,0,none,0.0,0.0,0.0,0.0,0.0,0.0,0.0,0,0.0,0.0,0.0,0.0,,0,False,0,False,nan,nan,,nan,nan,,0.0,0,False,False,False,False,False,,2972,1550,0
227,True,227,227,1,0.11350000000000009,0.0005,0.0005,0,0,0,False,False,,,none,1.2,-2.9806580363077466,-1.6620758513909597,-1490327336936.8228,0.23763183723877368,0.8535751848017356,True,2,1,4,1,True,2,,,2,2,2,283,,,,,,,,,7,0.8,1.8806578006631263e-06,5.84170416671882e-07,2.4437899413661e-07,2.0512800233596165e-06,2.8540496957689993e-06,False,0.020885308820866366,0.0,0.020885308820866366,0.4985341459981333,0.4154451216651111,0.916748746041669,0.8787505433844734,0.49861359574934067,0.49887370317584356,0.498620935429307,0.49897051148571336,-3.4018957148848212,-1.242664965966277,3.140290796624407,1.8580173845722932,0.5916704868764167,3.140290796624407,1.8580173845722932,0.5916704868764167,0.5422802513337787,0.8535751848017356,0.3112949334679569,0.5422802513337787,0.8535751848017356,0.3112949334679569,0.031213324829831388,0.0420094785744241,0.010796153744592713,0.5306665710531019,0.8535943437452588,0.3229277726921569,-20.0,-20.0,0.0,0.0,0.0,0.0,299.0354255195566,299.03544237335893,299.0354255157511,1.2762392806900303e-150,0.006381262432277949,0,none,0.0,0.0,0.0,0.0,0.0,0.0,0.0,0,0.0,0.0,0.0,0.0,,0,False,0,False,nan,nan,,nan,nan,,0.0,0,False,False,False,False,False,,2972,1550,0
228,True,228,228,1,0.11400000000000009,0.0005,0.0005,0,0,0,False,False,,,none,1.2,-2.9963594902908657,-1.6632194479315812,-1498177159819.842,0.23915018340032754,0.8593740510240198,True,2,1,4,1,True,2,,,2,2,2,281,,,,,,,,,7,0.8,1.8671713252262164e-06,5.819928625732309e-07,2.44479871911246e-07,2.0456171821050408e-06,2.8406626891143404e-06,False,0.020952922689927878,0.0,0.020952922689927878,0.4956210346933524,0.41301752891112703,0.9171267735020108,0.879000845394058,0.4956974129306782,0.4959520738003642,0.49570807495947933,0.4960553038586701,-3.4175785989538,-1.2428056815749227,3.140290796624407,1.850785751929826,0.5893676324241345,3.140290796624407,1.850785751929826,0.5893676324241345,0.5454162028324808,0.8593740510240198,0.31395784819153894,0.5454162028324808,0.8593740510240198,0.31395784819153894,0.03121402840787461,0.042087892994769005,0.010873864586894395,0.5337315511127257,0.859385254990398,0.32565370387767223,-20.0,-20.0,0.0,0.0,0.0,0.0,300.8598786919302,300.85989563936056,300.85987868810327,1.2836712504639003e-150,0.006418422263549417,0,none,0.0,0.0,0.0,0.0,0.0,0.0,0.0,0,0.0,0.0,0.0,0.0,,0,False,0,False,nan,nan,,nan,nan,,0.0,0,False,False,False,False,False,,2972,1550,0
229,True,229,229,1,0.11450000000000009,0.0005,0.0005,0,0,0,False,False,,,none,1.2,-3.0120609442739896,-1.664326532205934,-1506027016134.1565,0.2406619955109384,0.8651781858528126,True,2,1,4,1,True,2,,,2,2,2,278,,,,,,,,,7,0.8,1.8535438380199831e-06,5.798260223592587e-07,2.44594003011745e-07,2.0399567962371996e-06,2.8272023154508166e-06,False,0.021020373364706746,0.0,0.021020373364706746,0.49271563894704684,0.4105963657892057,0.917244932784496,0.8789003270744077,0.492794988274525,0.4930458090620423,0.4928028711936222,0.4931672830356459,-3.4332989740688604,-1.2429423778637658,3.140290796624407,1.8435999635503693,0.5870793767036193,3.140290796624407,1.8435999635503693,0.5870793767036193,0.5485441983450805,0.8651781858528126,0.3166339875077321,0.5485441983450805,0.8651781858528126,0.3166339875077321,0.03121471188931883,0.042166494870344295,0.010951782981025466,0.5367897100855059,0.8651894269959837,0.32839971691047776,-20.0,-20.0,0.0,0.0,0.0,0.0,302.6825914007626,302.68260844097955,302.68259139691514,1.2910922600923228e-150,0.006455527291598528,0,none,0.0,0.0,0.0,0.0,0.0,0.0,0.0,0,0.0,0.0,0.0,0.0,,0,False,0,False,nan,nan,,nan,nan,,0.0,0,False,False,False,False,False,,2972,1550,0
230,True,230,230,1,0.11500000000000009,0.0005,0.0005,0,0,0,False,False,,,none,1.2,-3.027762398257102,-1.6653975257967781,-1513876899797.068,0.24216729487912345,0.8709876015754731,True,2,1,4,1,True,2,,,2,2,2,277,,,,,,,,,7,0.8,1.8397074574006212e-06,5.776427930841252e-07,2.446923370385082e-07,2.0342245729439447e-06,2.8135633417770836e-06,False,0.021088198328232055,0.0,0.021088198328232055,0.48982379275207844,0.4081864939600654,0.9174187170569099,0.8788768915803334,0.48990631271479057,0.4901610737562215,0.4899129302512355,0.49028614607206106,-3.449066473764856,-1.2430749689462057,3.140290796624407,1.8364597825738065,0.5848056442886984,3.140290796624407,1.8364597825738065,0.5848056442886984,0.5516642086237936,0.8709876015754731,0.31932339295167944,0.5516642086237936,0.8709876015754731,0.31932339295167944,0.03121537484473103,0.04224533236882427,0.011029957524093244,0.5398407320210103,0.8709988737779623,0.3311581417569519,-20.0,-20.0,0.0,0.0,0.0,0.0,304.5035479893465,304.50356512148403,304.5035479854762,1.2985022785002784e-150,0.006492577361002552,0,none,0.0,0.0,0.0,0.0,0.0,0.0,0.0,0,0.0,0.0,0.0,0.0,,0,False,0,False,nan,nan,,nan,nan,,0.0,0,False,False,False,False,False,,2972,1550,0
231,True,231,231,1,0.11550000000000009,0.0005,0.0005,0,0,0,False,False,,,none,1.2,-3.0434638522402233,-1.6664328331128409,-1521726795781.9058,0.24366609944111656,0.8768023149384054,True,2,1,4,1,True,2,,,2,2,2,275,,,,,,,,,7,0.8,1.8258029939236023e-06,5.754697610287326e-07,2.4480422398400033e-07,2.028514595591906e-06,2.799914747110822e-06,False,0.021155521120792886,0.0,0.021155521120792886,0.48694570138680837,0.405788084489007,0.9175873815130617,0.8788479170157975,0.48703180907340277,0.48728465793167675,0.4870385307260258,0.48741063830491177,-3.464902700535684,-1.243203401631769,3.140290796624407,1.8293649725382808,0.5825463598800213,3.140290796624407,1.8293649725382808,0.5825463598800213,0.5547767899815115,0.8768023149384054,0.32202552495689396,0.5547767899815115,0.8768023149384054,0.32202552495689396,0.031216017008158847,0.04232451350267842,0.011108496494519574,0.5428845139001812,0.8768136119265848,0.3339290980264036,-20.0,-20.0,0.0,0.0,0.0,0.0,306.32273297959586,306.32275020274204,306.3227329757026,1.3059012795057343e-150,0.0065295723407184,0,none,0.0,0.0,0.0,0.0,0.0,0.0,0.0,0,0.0,0.0,0.0,0.0,,0,False,0,False,nan,nan,,nan,nan,,0.0,0,False,False,False,False,False,,2972,1550,0
232,True,232,232,1,0.11600000000000009,0.0005,0.0005,0,0,0,False,False,,,none,1.2,-3.059165306223343,-1.667432878339628,-1529576688821.616,0.24515842383497288,0.8826223397670013,True,2,1,4,1,True,2,,,2,2,2,257,,,,,,,,,7,0.8,1.8116951073939877e-06,5.732862157726647e-07,2.448999139805273e-07,2.0227443297931895e-06,2.7861024458781887e-06,False,0.02122219308333939,0.0,0.02122219308333939,0.4840819340905652,0.4034016117421377,0.91792216764084,0.8790491188156011,0.4841715674978141,0.4844305895385475,0.4841791075223888,0.4845453274055274,-3.480777738299239,-1.2433275654979643,3.140290796624407,1.8223152983001945,0.5803014485980266,3.140290796624407,1.8223152983001945,0.5803014485980266,0.5578845300323793,0.8826223397670013,0.3247378097346221,0.5578845300323793,0.8826223397670013,0.3247378097346221,0.03121663782748982,0.04240388869149618,0.011187250864006359,0.545921367075761,0.8826406530759701,0.33671928600020906,-20.0,-20.0,0.0,0.0,0.0,0.0,308.14013114619985,308.1401484594409,308.14013114228266,1.3132892298534765e-150,0.006566512064506788,0,none,0.0,0.0,0.0,0.0,0.0,0.0,0.0,0,0.0,0.0,0.0,0.0,,0,False,0,False,nan,nan,,nan,nan,,0.0,0,False,False,False,False,False,,2972,1550,0
233,True,233,233,1,0.11650000000000009,0.0005,0.0005,0,0,0,False,False,,,none,1.2,-3.0748667602064605,-1.6683980621162027,-1537426575754.0889,0.24664428129844926,0.8884865149897052,True,2,1,4,1,True,2,,,2,2,2,254,,,,,,,,,7,0.8,1.797464276400148e-06,5.711033709119544e-07,2.449990033180669e-07,2.016963668766204e-06,2.772220019758781e-06,False,0.02128818389551379,0.0,0.02128818389551379,0.48123399948823214,0.40102833290686013,0.918188088734464,0.8791578376326571,0.4813214869701043,0.4815810747711929,0.48133058608314194,0.48169607345696785,-3.4966916482763044,-1.2434480059882047,3.140290796624407,1.8153105252705384,0.578070835739757,3.140290796624407,1.8153105252705384,0.578070835739757,0.5609852489684657,0.8884865149897052,0.3275012660212395,0.5609852489684657,0.8884865149897052,0.3275012660212395,0.031217240029941022,0.042483458241381514,0.011266218211440492,0.548951653079187,0.8885060971195121,0.3395544440403251,-20.0,-20.0,0.0,0.0,0.0,0.0,309.9557274089503,309.9557448113416,309.9557274050078,1.3206661031810678e-150,0.006603396400478728,0,none,0.0,0.0,0.0,0.0,0.0,0.0,0.0,0,0.0,0.0,0.0,0.0,,0,False,0,False,nan,nan,,nan,nan,,0.0,0,False,False,False,False,False,,2972,1550,0
234,True,234,234,1,0.11700000000000009,0.0005,0.0005,0,0,0,False,False,,,none,1.2,-3.090568214189585,-1.6693287900195202,-1545276455141.7017,0.2481236838217424,0.894358306482773,True,2,1,4,1,True,2,,,2,2,2,255,,,,,,,,,7,0.8,1.7831143328867993e-06,5.689207949381952e-07,2.450977547690781e-07,2.011173001880491e-06,2.758270716943004e-06,False,0.021353486365465635,0.0,0.021353486365465635,0.4784014866220583,0.39866790551838194,0.918312494373618,0.8790723491622014,0.4784862082450568,0.47874602368232444,0.4784937160826507,0.4788654591437097,-3.512657393271328,-1.243564606809549,3.140290796624407,1.8083504198850207,0.5758544469285681,3.140290796624407,1.8083504198850207,0.5758544469285681,0.5640781997179545,0.894358306482773,0.33028010676481856,0.5640781997179545,0.894358306482773,0.33028010676481856,0.03121782303404774,0.042563286966356625,0.011345463932308886,0.5519749776060336,0.8943780818276112,0.3424031042215776,-20.0,-20.0,0.0,0.0,0.0,0.0,311.76950689893846,311.7695243895152,311.7695068949762,1.328031870722204e-150,0.006640225204780036,0,none,0.0,0.0,0.0,0.0,0.0,0.0,0.0,0,0.0,0.0,0.0,0.0,,0,False,0,False,nan,nan,,nan,nan,,0.0,0,False,False,False,False,False,,2972,1550,0
235,True,235,235,1,0.11750000000000009,0.0005,0.0005,0,0,0,False,False,,,none,1.2,-3.1062696681727022,-1.6702254661686562,-1553126326161.0183,0.24959664258042552,0.9002366716001471,True,2,1,4,1,True,2,,,2,2,2,258,,,,,,,,,7,0.8,1.7686454759000678e-06,5.667384018641076e-07,2.451957268713729e-07,2.0053731993961215e-06,2.744256155846512e-06,False,0.02141809966513708,0.0,0.02141809966513708,0.4755772559354511,0.39631437994620927,0.9186260612863326,0.879251477487718,0.47566174202634653,0.47593169408776603,0.4756727061949577,0.47604614108127574,-3.528713558939672,-1.2436773254744538,3.140290796624407,1.8014347494057443,0.5736522080509744,3.140290796624407,1.8014347494057443,0.5736522080509744,0.5671631605044044,0.9002366716001471,0.3330735110957427,0.5671631605044044,0.9002366716001471,0.3330735110957427,0.031218386627372263,0.04264356779469836,0.0114251811673261,0.55499107359935,0.9002566329825271,0.34526555938317716,-20.0,-20.0,0.0,0.0,0.0,0.0,313.58145494028105,313.58147251806673,313.5814549362973,1.3353865035070276e-150,0.006676998332560247,0,none,0.0,0.0,0.0,0.0,0.0,0.0,0.0,0,0.0,0.0,0.0,0.0,,0,False,0,False,nan,nan,,nan,nan,,0.0,0,False,False,False,False,False,,2972,1550,0
236,True,236,236,1,0.11800000000000009,0.0005,0.0005,0,0,0,False,False,,,none,1.2,-3.1219711221558195,-1.6710884919536495,-1560976188181.748,0.25106316823850827,0.9061216353352105,True,2,1,4,1,True,2,,,2,2,2,261,,,,,,,,,7,0.8,1.7540577425517512e-06,5.6455611764211e-07,2.452928102097192e-07,1.999565273550845e-06,2.730178019855834e-06,False,0.02148202531696075,0.0,0.02148202531696075,0.4727685796871782,0.3939738164059819,0.9193113909009012,0.8799534869247803,0.47285129705324064,0.47311704363407875,0.4728636383600588,0.47324112322984485,-3.5448106347936137,-1.243786164066659,3.140290796624407,1.794563281874201,0.5714640452416798,3.140290796624407,1.794563281874201,0.5714640452416798,0.5702400582953353,0.9061216353352105,0.3358815770398752,0.5702400582953353,0.9061216353352105,0.3358815770398752,0.031218930820333293,0.04272405317396806,0.011505122353634767,0.5579997788704323,0.906141775345544,0.3481419964751117,-20.0,-20.0,0.0,0.0,0.0,0.0,315.3915570439597,315.39157470796596,315.3915570399513,1.3427299727370375e-150,0.006713715639833783,0,none,0.0,0.0,0.0,0.0,0.0,0.0,0.0,0,0.0,0.0,0.0,0.0,,0,False,0,False,nan,nan,,nan,nan,,0.0,0,False,False,False,False,False,,2972,1550,0
237,True,237,237,1,0.11850000000000009,0.0005,0.0005,0,0,0,False,False,,,none,1.2,-3.1376725761389466,-1.6719182655647553,-1568826040655.9597,0.2525232711361285,0.9120249152197678,True,2,1,4,1,True,2,,,2,2,2,255,,,,,,,,,7,0.8,1.7393520864523963e-06,5.623739717259415e-07,2.4538897622927847e-07,1.9937508025900164e-06,2.716039060323747e-06,False,0.021545265940816072,0.0,0.021545265940816072,0.4699754038432063,0.3916461698693386,0.9196876862885766,0.8802270555046318,0.47005383264685896,0.4703255736058797,0.47006528864287944,0.4704569810588234,-3.5609487198465652,-1.2438911438264117,3.140290796624407,1.7877357861264527,0.5692898848884134,3.140290796624407,1.7877357861264527,0.5692898848884134,0.5733088676321709,0.9120249152197678,0.3387160475875969,0.5733088676321709,0.9120249152197678,0.3387160475875969,0.031219455719132056,0.042804743599232815,0.01158528788010076,0.5610009901880418,0.9120501283005251,0.3510491381124833,-20.0,-20.0,0.0,0.0,0.0,0.0,317.19979890306536,317.1998166522979,317.19979889903516,1.3500622499152716e-150,0.006750376984127534,0,none,0.0,0.0,0.0,0.0,0.0,0.0,0.0,0,0.0,0.0,0.0,0.0,,0,False,0,False,nan,nan,,nan,nan,,0.0,0,False,False,False,False,False,,2972,1550,0
238,True,238,238,1,0.11900000000000009,0.0005,0.0005,0,0,0,False,False,,,none,1.2,-3.1533740301220634,-1.672715181764199,-1576675883095.9468,0.25397696140836523,0.917945665377704,True,2,1,4,1,True,2,,,2,2,2,255,,,,,,,,,7,0.8,1.7245304625674095e-06,5.601919825934075e-07,2.454842306917508e-07,1.987931574722254e-06,2.701842857566094e-06,False,0.0216078247711482,0.0,0.0216078247711482,0.4671932987823198,0.3893277489852665,0.9207257983286001,0.8814365364463144,0.4672666161260983,0.4675416760101419,0.46727971874787794,0.46769341393773517,-3.5771648721881224,-1.2439922949536215,3.140290796624407,1.7809520318210967,0.5671296536408333,3.140290796624407,1.7809520318210967,0.5671296536408333,0.576369578814424,0.917945665377704,0.34157608656328,0.576369578814424,0.917945665377704,0.34157608656328,0.031219961474768108,0.0428858243609406,0.011665862886172492,0.5639946371929332,0.9179711522345013,0.35397651504156813,-20.0,-20.0,0.0,0.0,0.0,0.0,319.00616638868604,319.00618422214114,319.00616638462867,1.3573833069086248e-150,0.006786982224790661,0,none,0.0,0.0,0.0,0.0,0.0,0.0,0.0,0,0.0,0.0,0.0,0.0,,0,False,0,False,nan,nan,,nan,nan,,0.0,0,False,False,False,False,False,,2972,1550,0
239,True,239,239,1,0.11950000000000009,0.0005,0.0005,0,0,0,False,False,,,none,1.2,-3.1690754841051856,-1.6734796327149195,-1584525715071.3909,0.25542424757997856,0.9238737497484549,True,2,1,4,1,True,2,,,2,2,2,255,,,,,,,,,7,0.8,1.7096233843852279e-06,5.580175650086111e-07,2.4558352337066826e-07,1.9821335980414523e-06,2.6876310361972763e-06,False,0.02166970543708202,0.0,0.02166970543708202,0.4644224423644638,0.3870187019703865,0.9215791829416581,0.8823932666553853,0.4644969645898844,0.46477266472089357,0.4645080971066667,0.4649162913101403,-3.593429360878069,-1.244089652296368,3.140290796624407,1.7742117894661886,0.5649832784191012,3.140290796624407,1.7742117894661886,0.5649832784191012,0.579422186938957,0.9238737497484549,0.34445156280949796,0.579422186938957,0.9238737497484549,0.34445156280949796,0.031220448261481838,0.042967146804390344,0.011746698542908506,0.5669806685858454,0.9238995019680262,0.3569188333821808,-20.0,-20.0,0.0,0.0,0.0,0.0,320.8106455492874,320.8106634659563,320.81064554521004,1.3646931156850295e-150,0.006823531221686476,0,none,0.0,0.0,0.0,0.0,0.0,0.0,0.0,0,0.0,0.0,0.0,0.0,,0,False,0,False,nan,nan,,nan,nan,,0.0,0,False,False,False,False,False,,2972,1550,0
240,True,240,240,1,0.12,0.0004999999999999033,0.0005,0,1,2,False,False,,,reduced_hold,1.2,-3.1847769380882944,-1.674212023229162,-1592375536202.3672,0.2568651187388561,0.9298234810297564,True,2,1,4,1,True,2,,,2,2,2,254,,,,,,,,,7,0.8,1.6945801053759952e-06,5.558418128515384e-07,2.456753741002451e-07,1.976322927895423e-06,2.673344452032816e-06,False,0.021730911858785285,0.0,0.021730911858785285,0.4616658600312679,0.3847215500260566,0.9228683406701097,0.8839760300936766,0.461739968426033,0.46202457621027376,0.46175193320749974,0.46215323966875327,-3.6097364786900927,-1.2441832531294674,3.140290796624407,1.7675148303845314,0.5628506864028281,3.140290796624407,1.7675148303845314,0.5628506864028281,0.5824666930453699,0.9298234810297564,0.3473567879843865,0.5824666930453699,0.9298234810297564,0.3473567879843865,0.031220916265647332,0.04304868239345046,0.011827766127803126,0.5699590483047203,0.9298362451415744,0.35987719683685404,-20.0,-20.0,0.0,0.0,0.0,0.0,322.61322265089655,322.61324064978965,322.61322264679563,1.371991643614828e-150,0.006860023811807426,0,none,0.0,0.0,0.0,0.0,0.0,0.0,0.0,0,0.0,0.0,0.0,0.0,,0,False,0,False,nan,nan,,nan,nan,,0.0,0,False,False,False,False,False,,2972,1550,0
