step,time,threshold,roi_max_r,analysis_mode,mesh_index,n_components,lumen_node_fraction,largest_component_fraction,second_component_fraction,centroid_x,centroid_y,centroid_z,largest_centroid_x,largest_centroid_y,largest_centroid_z,total_component_volume,largest_component_volume,second_component_volume,min_pairwise_centroid_distance,mean_pairwise_centroid_distance,min_gap,edge_components,ref_n_components,ref_largest_component_fraction,ref_second_component_fraction,ref_centroid_x,ref_centroid_y,ref_centroid_z,ref_largest_centroid_x,ref_largest_centroid_y,ref_largest_centroid_z,ref_total_component_volume,ref_largest_component_volume,ref_second_component_volume,ref_min_pairwise_centroid_distance,ref_mean_pairwise_centroid_distance,ref_min_gap,ref_edge_components,def_n_components,def_largest_component_fraction,def_second_component_fraction,def_centroid_x,def_centroid_y,def_centroid_z,def_largest_centroid_x,def_largest_centroid_y,def_largest_centroid_z,def_total_component_volume,def_largest_component_volume,def_second_component_volume,def_min_pairwise_centroid_distance,def_mean_pairwise_centroid_distance,def_min_gap,def_edge_components
0,0.0,0.5,,scientific,0,4,0.018590600127810376,0.25273595404025906,0.25250903238287953,0.011247649355269491,0.02680125915120288,-0.0006503255157424946,0.48996852666193325,0.03840111761759044,-0.0005242422163608612,0.0913737753055667,0.023093438276112665,0.023072703587579298,0.5585462485531513,0.731662189479115,0.2057203840856875,0,4,0.25273595404025906,0.25250903238287953,0.011247649355269491,0.02680125915120288,-0.0006503255157424946,0.48996852666193325,0.03840111761759044,-0.0005242422163608612,0.0913737753055667,0.023093438276112665,0.023072703587579298,0.5585462485531513,0.731662189479115,0.2057203840856875,0,4,0.25273595404025906,0.25250903238287953,0.011247649355269491,0.02680125915120288,-0.0006503255157424946,0.48996852666193325,0.03840111761759044,-0.0005242422163608612,0.0913737753055667,0.023093438276112665,0.023072703587579298,0.5585462485531513,0.731662189479115,0.2057203840856875,0
1,0.00025,0.5,,scientific,0,4,0.022192528902573637,0.2568850441090052,0.2511278609716566,0.013413808036166713,0.035282147285435904,-0.003138152190802392,-0.006926303569706746,0.4980404169122319,-0.0036086606555805834,0.1014502385138649,0.026061048995503284,0.025476981393051268,0.5571277771597255,0.727439860338452,0.19455860074779,0,4,0.25883174607326453,0.2526511510199626,0.014841273345172913,0.03756707504933029,-0.0013332866833609576,-0.00752623246942959,0.5084683320744992,-0.0016411384645874285,0.1137453363882598,0.029440904025064118,0.028737890161646677,0.5698546916044838,0.7431455009774242,0.19408041874973814,0,4,0.2568850441090052,0.2511278609716566,0.013413808036166713,0.035282147285435904,-0.003138152190802392,-0.006926303569706746,0.4980404169122319,-0.0036086606555805834,0.1014502385138649,0.026061048995503284,0.025476981393051268,0.5571277771597255,0.727439860338452,0.19455860074779,0
2,0.0005,0.5,,scientific,0,4,0.02620112705513275,0.25423385594572273,0.2514569810549239,0.012069120288894664,0.03391023657015155,-0.0024557569237656724,-0.006127133561239636,0.5047238556031102,-0.0018290479139323789,0.1186287395967137,0.030159441893653563,0.029830024725340343,0.5588176350314085,0.734151880599386,0.17623965536657463,0,4,0.2563992212480209,0.25311637309473706,0.013666593130636897,0.03636381410606796,-0.0006983614925966694,-0.006738011386074092,0.5155497854455554,0.00012880822873352567,0.13317363857942596,0.034145617222530206,0.03370842838905365,0.5723564578937661,0.7505116378653206,0.17576963825059078,0,4,0.25423385594572273,0.2514569810549239,0.012069120288894664,0.03391023657015155,-0.0024557569237656724,-0.006127133561239636,0.5047238556031102,-0.0018290479139323789,0.1186287395967137,0.030159441893653563,0.029830024725340343,0.5588176350314085,0.734151880599386,0.17623965536657463,0
3,0.00075,0.5,,scientific,0,3,0.029512577702898973,0.5027992515368429,0.2519330650105892,0.006567483124567299,0.030905694740946767,-0.003283805568929131,-0.22233450113571573,-0.20947256371133144,-0.0024422903481143383,0.13384912232238655,0.06729923852255928,0.033721019635656116,0.6867527055453653,0.7294282345635645,0.287699422319398,0,3,0.4985209273289403,0.25428046952270805,0.008347228446143348,0.033512255221979766,-0.0016208942616382687,-0.22750900523787526,-0.21423756220983545,-0.0009253138392266596,0.1503517970834266,0.0749535173076025,0.038231525555956644,0.7026050851492366,0.7457342114801061,0.286597436517364,0,3,0.5027992515368429,0.2519330650105892,0.006567483124567299,0.030905694740946767,-0.003283805568929131,-0.22233450113571573,-0.20947256371133144,-0.0024422903481143383,0.13384912232238655,0.06729923852255928,0.033721019635656116,0.6867527055453653,0.7294282345635645,0.287699422319398,0
4,0.001,0.5,,scientific,0,3,0.0328821239760646,0.5080887613084328,0.24687273788604863,0.004671703176481332,0.02841669336840291,-0.0024012773878921796,-0.22263064746850542,-0.20721428967607666,-0.0017721257928877384,0.14850949009865283,0.07545600286677148,0.036662944422715456,0.6837222999161752,0.7267219410730167,0.2720640970851944,0,3,0.5035428639255759,0.2493896483639637,0.006564743468923151,0.03110071749640104,-0.0007840744776151351,-0.22781460271980852,-0.21202723691195882,-0.00030042731419470826,0.16682610522120636,0.08400409480063573,0.04160470371904627,0.6998467787087032,0.7432559551285703,0.2706023559332045,0,3,0.5080887613084328,0.24687273788604863,0.004671703176481332,0.02841669336840291,-0.0024012773878921796,-0.22263064746850542,-0.20721428967607666,-0.0017721257928877384,0.14850949009865283,0.07545600286677148,0.036662944422715456,0.6837222999161752,0.7267219410730167,0.2720640970851944,0
5,0.00125,0.5,,scientific,0,3,0.0352059489920409,0.5103269421146966,0.2448673129656445,0.005037911282069302,0.025048432602007998,-0.002382475084426655,-0.2205930365779103,-0.2086780307126193,-0.0016696458664250723,0.15923178030327806,0.08126026752965107,0.03899065818159954,0.6813549658102361,0.7242999254097274,0.2606582580759008,0,3,0.5055978094745542,0.24748286573051384,0.007016298707275267,0.027799914969635547,-0.000823485918571209,-0.2257917820837574,-0.21353255236948898,-0.00025106804725889446,0.17891166592227212,0.09045734637974404,0.04427757179506422,0.6976775214272734,0.7410097058698826,0.2589144378891084,0,3,0.5103269421146966,0.2448673129656445,0.005037911282069302,0.025048432602007998,-0.002382475084426655,-0.2205930365779103,-0.2086780307126193,-0.0016696458664250723,0.15923178030327806,0.08126026752965107,0.03899065818159954,0.6813549658102361,0.7242999254097274,0.2606582580759008,0
6,0.0015,0.5,,scientific,0,3,0.03752977400801719,0.5114911588802806,0.2467667436263821,0.006883255428807196,0.023826922271405836,-0.0032021416180487167,-0.2173190317487999,-0.20660947435642563,-0.002328866143630676,0.16854874975024411,0.08621119533757476,0.04159222611816572,0.6766160792373804,0.7188189051860648,0.24695951549828546,0,3,0.5066535674547226,0.24885451894412067,0.00889786882553749,0.02663892654562705,-0.0017182222996194796,-0.222517465812849,-0.21147535706334866,-0.0009807103759862962,0.18936629092818152,0.09594310685443203,0.047124657233165015,0.6931063921323508,0.735667505108862,0.2447352742539897,0,3,0.5114911588802806,0.2467667436263821,0.006883255428807196,0.023826922271405836,-0.0032021416180487167,-0.2173190317487999,-0.20660947435642563,-0.002328866143630676,0.16854874975024411,0.08621119533757476,0.04159222611816572,0.6766160792373804,0.7188189051860648,0.24695951549828546,0
7,0.00175,0.5,,scientific,0,3,0.03967931214779527,0.5123455699839975,0.2462021118259917,0.006015855184682354,0.02405367903970887,-0.0029878771635570354,-0.21555670358364948,-0.20342832743319292,-0.0023544455121457504,0.17725167421834095,0.09081411005801372,0.04363973651724823,0.6721714994059395,0.7125460094374287,0.23181179923080714,0,3,0.5074521745599093,0.24831447882454905,0.008049814914369713,0.026884134892578807,-0.0015592513518541962,-0.22075018333903726,-0.20829962446687453,-0.0010644073127357393,0.19906804373799653,0.10101751168023348,0.04943147753142314,0.6887860062162322,0.7294988633416569,0.22941909901181112,0,3,0.5123455699839975,0.2462021118259917,0.006015855184682354,0.02405367903970887,-0.0029878771635570354,-0.21555670358364948,-0.20342832743319292,-0.0023544455121457504,0.17725167421834095,0.09081411005801372,0.04363973651724823,0.6721714994059395,0.7125460094374287,0.23181179923080714,0
8,0.002,0.5,,scientific,0,1,0.04124789403357927,1.0,0.0,0.006365280301796123,0.025623873692429373,-0.0028478212070116166,0.006365280301796123,0.025623873692429373,-0.0028478212070116166,0.18578402360681828,0.18578402360681828,0.0,0.0,0.0,nan,0,1,1.0,0.0,0.00837582940566301,0.028404841074040857,-0.0014754992526451887,0.00837582940566301,0.028404841074040857,-0.0014754992526451887,0.20850335492430375,0.20850335492430375,0.0,0.0,0.0,nan,0,1,1.0,0.0,0.006365280301796123,0.025623873692429373,-0.0028478212070116166,0.006365280301796123,0.025623873692429373,-0.0028478212070116166,0.18578402360681828,0.18578402360681828,0.0,0.0,0.0,nan,0
9,0.0022500000000000003,0.5,,scientific,0,1,0.04264218904316505,1.0,0.0,0.00550292029912869,0.02703830908056109,-0.0027715282117262395,0.00550292029912869,0.02703830908056109,-0.0027715282117262395,0.19385918321664405,0.19385918321664405,0.0,0.0,0.0,nan,0,1,1.0,0.0,0.007482766656619703,0.029772874955602446,-0.0014535479229612173,0.007482766656619703,0.029772874955602446,-0.0014535479229612173,0.21735260710852367,0.21735260710852367,0.0,0.0,0.0,nan,0,1,1.0,0.0,0.00550292029912869,0.02703830908056109,-0.0027715282117262395,0.00550292029912869,0.02703830908056109,-0.0027715282117262395,0.19385918321664405,0.19385918321664405,0.0,0.0,0.0,nan,0
10,0.0025000000000000005,0.5,,scientific,0,1,0.04409457967815023,1.0,0.0,0.0060061097547350895,0.02691583956407945,-0.002614955950211793,0.0060061097547350895,0.02691583956407945,-0.002614955950211793,0.20181079417400513,0.20181079417400513,0.0,0.0,0.0,nan,0,1,1.0,0.0,0.007921533346456627,0.029615835604402955,-0.0013541483113913581,0.007921533346456627,0.029615835604402955,-0.0013541483113913581,0.22597677022505017,0.22597677022505017,0.0,0.0,0.0,nan,0,1,1.0,0.0,0.0060061097547350895,0.02691583956407945,-0.002614955950211793,0.0060061097547350895,0.02691583956407945,-0.002614955950211793,0.20181079417400513,0.20181079417400513,0.0,0.0,0.0,nan,0
11,0.0027500000000000007,0.5,,scientific,0,1,0.04548887468773601,1.0,0.0,0.00670752057176712,0.026894285268552847,-0.002571648101955826,0.00670752057176712,0.026894285268552847,-0.002571648101955826,0.20844446282836257,0.20844446282836257,0.0,0.0,0.0,nan,0,1,1.0,0.0,0.00858792858472631,0.029547553308345346,-0.001370399216352112,0.00858792858472631,0.029547553308345346,-0.001370399216352112,0.23309978002223328,0.23309978002223328,0.0,0.0,0.0,nan,0,1,1.0,0.0,0.00670752057176712,0.026894285268552847,-0.002571648101955826,0.00670752057176712,0.026894285268552847,-0.002571648101955826,0.20844446282836257,0.20844446282836257,0.0,0.0,0.0,nan,0
12,0.003000000000000001,0.5,,scientific,0,1,0.04670888282112357,1.0,0.0,0.00739203650254504,0.027434473987048836,-0.002425548437582527,0.00739203650254504,0.027434473987048836,-0.002425548437582527,0.21417456627129486,0.21417456627129486,0.0,0.0,0.0,nan,0,1,1.0,0.0,0.009227410631255331,0.03004737730839571,-0.0012817502439809395,0.009227410631255331,0.03004737730839571,-0.0012817502439809395,0.23917629747389163,0.23917629747389163,0.0,0.0,0.0,nan,0,1,1.0,0.0,0.00739203650254504,0.027434473987048836,-0.002425548437582527,0.00739203650254504,0.027434473987048836,-0.002425548437582527,0.21417456627129486,0.21417456627129486,0.0,0.0,0.0,nan,0
13,0.003250000000000001,0.5,,scientific,0,1,0.047928890954511125,1.0,0.0,0.007794252307945342,0.02712992774220106,-0.0025968744187200602,0.007794252307945342,0.02712992774220106,-0.0025968744187200602,0.2183119583008921,0.2183119583008921,0.0,0.0,0.0,nan,0,1,1.0,0.0,0.009582665705461492,0.02968961553734456,-0.0015174128586846148,0.009582665705461492,0.02968961553734456,-0.0015174128586846148,0.24346814487592666,0.24346814487592666,0.0,0.0,0.0,nan,0,1,1.0,0.0,0.007794252307945342,0.02712992774220106,-0.0025968744187200602,0.007794252307945342,0.02712992774220106,-0.0025968744187200602,0.2183119583008921,0.2183119583008921,0.0,0.0,0.0,nan,0
14,0.0035000000000000014,0.5,,scientific,0,1,0.04885842096090164,1.0,0.0,0.007816223307016194,0.028315712473093144,-0.002850907135835273,0.007816223307016194,0.028315712473093144,-0.002850907135835273,0.2229906786210788,0.2229906786210788,0.0,0.0,0.0,nan,0,1,1.0,0.0,0.009572692183600049,0.03080518181098387,-0.0018250812282812287,0.009572692183600049,0.03080518181098387,-0.0018250812282812287,0.248278198468125,0.248278198468125,0.0,0.0,0.0,nan,0,1,1.0,0.0,0.007816223307016194,0.028315712473093144,-0.002850907135835273,0.007816223307016194,0.028315712473093144,-0.002850907135835273,0.2229906786210788,0.2229906786210788,0.0,0.0,0.0,nan,0
15,0.0037500000000000016,0.5,,scientific,0,1,0.04978795096729216,1.0,0.0,0.007555635909706811,0.029873157467819506,-0.002330898081963186,0.007555635909706811,0.029873157467819506,-0.002330898081963186,0.2284988054744883,0.2284988054744883,0.0,0.0,0.0,nan,0,1,1.0,0.0,0.00925483061657059,0.03226828994044122,-0.0013691604201362924,0.00925483061657059,0.03226828994044122,-0.0013691604201362924,0.25391223971231736,0.25391223971231736,0.0,0.0,0.0,nan,0,1,1.0,0.0,0.007555635909706811,0.029873157467819506,-0.002330898081963186,0.007555635909706811,0.029873157467819506,-0.002330898081963186,0.2284988054744883,0.2284988054744883,0.0,0.0,0.0,nan,0
16,0.004000000000000002,0.5,,scientific,0,1,0.05106605472607913,1.0,0.0,0.007478589037803426,0.029359427788694777,-0.0024126370231324335,0.007478589037803426,0.029359427788694777,-0.0024126370231324335,0.23225454583262053,0.23225454583262053,0.0,0.0,0.0,nan,0,1,1.0,0.0,0.009142447166294537,0.031716103181171976,-0.0015132837552417774,0.009142447166294537,0.031716103181171976,-0.0015132837552417774,0.2576153159796317,0.2576153159796317,0.0,0.0,0.0,nan,0,1,1.0,0.0,0.007478589037803426,0.029359427788694777,-0.0024126370231324335,0.007478589037803426,0.029359427788694777,-0.0024126370231324335,0.23225454583262053,0.23225454583262053,0.0,0.0,0.0,nan,0
17,0.004250000000000002,0.5,,scientific,0,1,0.0516470109800732,1.0,0.0,0.007432774784224109,0.02858363526161894,-0.002091984332257439,0.007432774784224109,0.02858363526161894,-0.002091984332257439,0.23682470262126176,0.23682470262126176,0.0,0.0,0.0,nan,0,1,1.0,0.0,0.00902571181876242,0.03089974077190666,-0.0012622396107263988,0.00902571181876242,0.03089974077190666,-0.0012622396107263988,0.2621244676512954,0.2621244676512954,0.0,0.0,0.0,nan,0,1,1.0,0.0,0.007432774784224109,0.02858363526161894,-0.002091984332257439,0.007432774784224109,0.02858363526161894,-0.002091984332257439,0.23682470262126176,0.23682470262126176,0.0,0.0,0.0,nan,0
18,0.004500000000000002,0.5,,scientific,0,1,0.052518445361064314,1.0,0.0,0.006871071233919358,0.02893834721525889,-0.0019599971226902844,0.006871071233919358,0.02893834721525889,-0.0019599971226902844,0.24155210381201753,0.24155210381201753,0.0,0.0,0.0,nan,0,1,1.0,0.0,0.008414577658908106,0.03117686535796248,-0.001198263238177106,0.008414577658908106,0.03117686535796248,-0.001198263238177106,0.26674097643150196,0.26674097643150196,0.0,0.0,0.0,nan,0,1,1.0,0.0,0.006871071233919358,0.02893834721525889,-0.0019599971226902844,0.006871071233919358,0.02893834721525889,-0.0019599971226902844,0.24155210381201753,0.24155210381201753,0.0,0.0,0.0,nan,0
19,0.0047500000000000025,0.5,,scientific,0,1,0.05304130598965898,1.0,0.0,0.007333927923382245,0.03002652696603391,-0.0016280049338601146,0.007333927923382245,0.03002652696603391,-0.0016280049338601146,0.24689311046084125,0.24689311046084125,0.0,0.0,0.0,nan,0,1,1.0,0.0,0.008803549420632668,0.032166404505198726,-0.0009444112838104152,0.008803549420632668,0.032166404505198726,-0.0009444112838104152,0.27194237230621526,0.27194237230621526,0.0,0.0,0.0,nan,0,1,1.0,0.0,0.007333927923382245,0.03002652696603391,-0.0016280049338601146,0.007333927923382245,0.03002652696603391,-0.0016280049338601146,0.24689311046084125,0.24689311046084125,0.0,0.0,0.0,nan,0
20,0.005000000000000003,0.5,,scientific,0,1,0.05344797536745483,1.0,0.0,0.007614539555222483,0.03135475057825779,-0.0016426028847949593,0.007614539555222483,0.03135475057825779,-0.0016426028847949593,0.2510843424240593,0.2510843424240593,0.0,0.0,0.0,nan,0,1,1.0,0.0,0.009021201430250439,0.03341463019574604,-0.0010312826990034325,0.009021201430250439,0.03341463019574604,-0.0010312826990034325,0.2758688279737596,0.2758688279737596,0.0,0.0,0.0,nan,0,1,1.0,0.0,0.007614539555222483,0.03135475057825779,-0.0016426028847949593,0.007614539555222483,0.03135475057825779,-0.0016426028847949593,0.2510843424240593,0.2510843424240593,0.0,0.0,0.0,nan,0
21,0.005250000000000003,0.5,,scientific,0,1,0.053970835996049495,1.0,0.0,0.007277592164550629,0.03180930228072666,-0.0016321532390113323,0.007277592164550629,0.03180930228072666,-0.0016321532390113323,0.25596361390783723,0.25596361390783723,0.0,0.0,0.0,nan,0,1,1.0,0.0,0.008632061199665433,0.03379292981663199,-0.001099910564703698,0.008632061199665433,0.03379292981663199,-0.001099910564703698,0.28047659804009145,0.28047659804009145,0.0,0.0,0.0,nan,0,1,1.0,0.0,0.007277592164550629,0.03180930228072666,-0.0016321532390113323,0.007277592164550629,0.03180930228072666,-0.0016321532390113323,0.25596361390783723,0.25596361390783723,0.0,0.0,0.0,nan,0
22,0.005500000000000003,0.5,,scientific,0,1,0.05501655725323883,1.0,0.0,0.007875138592355646,0.03152973594253557,-0.001395486420965828,0.007875138592355646,0.03152973594253557,-0.001395486420965828,0.26118237219293544,0.26118237219293544,0.0,0.0,0.0,nan,0,1,1.0,0.0,0.009154589852397116,0.03343722287061364,-0.000954086109406516,0.009154589852397116,0.03343722287061364,-0.000954086109406516,0.285403307701414,0.285403307701414,0.0,0.0,0.0,nan,0,1,1.0,0.0,0.007875138592355646,0.03152973594253557,-0.001395486420965828,0.007875138592355646,0.03152973594253557,-0.001395486420965828,0.26118237219293544,0.26118237219293544,0.0,0.0,0.0,nan,0
23,0.005750000000000003,0.5,,scientific,0,1,0.056062278510428165,1.0,0.0,0.009100434590687847,0.030989139004544353,-0.00121072651728221,0.009100434590687847,0.030989139004544353,-0.00121072651728221,0.2664983209911513,0.2664983209911513,0.0,0.0,0.0,nan,0,1,1.0,0.0,0.010293467216591723,0.03281765302095327,-0.0008445478340654614,0.010293467216591723,0.03281765302095327,-0.0008445478340654614,0.29039127651591334,0.29039127651591334,0.0,0.0,0.0,nan,0,1,1.0,0.0,0.009100434590687847,0.030989139004544353,-0.00121072651728221,0.009100434590687847,0.030989139004544353,-0.00121072651728221,0.2664983209911513,0.2664983209911513,0.0,0.0,0.0,nan,0
24,0.006000000000000004,0.5,,scientific,0,1,0.05670133038982165,1.0,0.0,0.009347969741207832,0.03187800382374288,-0.0008436634172820733,0.009347969741207832,0.03187800382374288,-0.0008436634172820733,0.2720538121487422,0.2720538121487422,0.0,0.0,0.0,nan,0,1,1.0,0.0,0.010463093397487733,0.03359802698808138,-0.0005643001875782906,0.010463093397487733,0.03359802698808138,-0.0005643001875782906,0.29561283951697187,0.29561283951697187,0.0,0.0,0.0,nan,0,1,1.0,0.0,0.009347969741207832,0.03187800382374288,-0.0008436634172820733,0.009347969741207832,0.03187800382374288,-0.0008436634172820733,0.2720538121487422,0.2720538121487422,0.0,0.0,0.0,nan,0
25,0.006250000000000004,0.5,,scientific,0,1,0.0571079997676175,1.0,0.0,0.009630283090509336,0.03240313217743278,-0.0010232080411687193,0.009630283090509336,0.03240313217743278,-0.0010232080411687193,0.27650877732805057,0.27650877732805057,0.0,0.0,0.0,nan,0,1,1.0,0.0,0.01066991189440245,0.03404878104478064,-0.0008150547098581901,0.01066991189440245,0.03404878104478064,-0.0008150547098581901,0.2996946417845947,0.2996946417845947,0.0,0.0,0.0,nan,0,1,1.0,0.0,0.009630283090509336,0.03240313217743278,-0.0010232080411687193,0.009630283090509336,0.03240313217743278,-0.0010232080411687193,0.27650877732805057,0.27650877732805057,0.0,0.0,0.0,nan,0
26,0.006500000000000004,0.5,,scientific,0,1,0.057630860396212166,1.0,0.0,0.009131921426785613,0.033332816957959054,-0.0008845619791756341,0.009131921426785613,0.033332816957959054,-0.0008845619791756341,0.28030621525750277,0.28030621525750277,0.0,0.0,0.0,nan,0,1,1.0,0.0,0.010119460267415618,0.034905600740484106,-0.0007583644952625348,0.010119460267415618,0.034905600740484106,-0.0007583644952625348,0.3031065494970858,0.3031065494970858,0.0,0.0,0.0,nan,0,1,1.0,0.0,0.009131921426785613,0.033332816957959054,-0.0008845619791756341,0.009131921426785613,0.033332816957959054,-0.0008845619791756341,0.28030621525750277,0.28030621525750277,0.0,0.0,0.0,nan,0
27,0.006750000000000004,0.5,,scientific,0,1,0.05797943414860861,1.0,0.0,0.008414542880347032,0.034005696104485075,-0.0008811163878040608,0.008414542880347032,0.034005696104485075,-0.0008811163878040608,0.2847001089340646,0.2847001089340646,0.0,0.0,0.0,nan,0,1,1.0,0.0,0.009346169274370167,0.03550974252259072,-0.0008200193645112617,0.009346169274370167,0.03550974252259072,-0.0008200193645112617,0.3071744704512309,0.3071744704512309,0.0,0.0,0.0,nan,0,1,1.0,0.0,0.008414542880347032,0.034005696104485075,-0.0008811163878040608,0.008414542880347032,0.034005696104485075,-0.0008811163878040608,0.2847001089340646,0.2847001089340646,0.0,0.0,0.0,nan,0
28,0.0070000000000000045,0.5,,scientific,0,1,0.05879277290420031,1.0,0.0,0.008791061319080098,0.034029948182492234,-0.0010646242568946437,0.008791061319080098,0.034029948182492234,-0.0010646242568946437,0.2870323311275359,0.2870323311275359,0.0,0.0,0.0,nan,0,1,1.0,0.0,0.009674588612223763,0.0354801327750685,-0.0010742696965889045,0.009674588612223763,0.0354801327750685,-0.0010742696965889045,0.30912442715178867,0.30912442715178867,0.0,0.0,0.0,nan,0,1,1.0,0.0,0.008791061319080098,0.034029948182492234,-0.0010646242568946437,0.008791061319080098,0.034029948182492234,-0.0010646242568946437,0.2870323311275359,0.2870323311275359,0.0,0.0,0.0,nan,0
29,0.007250000000000005,0.5,,scientific,0,1,0.059431824783593795,1.0,0.0,0.00876363533640529,0.034338611723358184,-0.001025879671154302,0.00876363533640529,0.034338611723358184,-0.001025879671154302,0.29006398705845005,0.29006398705845005,0.0,0.0,0.0,nan,0,1,1.0,0.0,0.009599773878290438,0.035749065193132666,-0.0011005328665718598,0.009599773878290438,0.035749065193132666,-0.0011005328665718598,0.3118527673986881,0.3118527673986881,0.0,0.0,0.0,nan,0,1,1.0,0.0,0.00876363533640529,0.034338611723358184,-0.001025879671154302,0.00876363533640529,0.034338611723358184,-0.001025879671154302,0.29006398705845005,0.29006398705845005,0.0,0.0,0.0,nan,0
30,0.007500000000000005,0.5,,scientific,0,1,0.059431824783593795,1.0,0.0,0.008847022308426801,0.034579869160868255,-0.0008750731579687315,0.008847022308426801,0.034579869160868255,-0.0008750731579687315,0.29206297225581557,0.29206297225581557,0.0,0.0,0.0,nan,0,1,1.0,0.0,0.00962872838343563,0.03594504491283228,-0.001004674195693132,0.00962872838343563,0.03594504491283228,-0.001004674195693132,0.3135469352323613,0.3135469352323613,0.0,0.0,0.0,nan,0,1,1.0,0.0,0.008847022308426801,0.034579869160868255,-0.0008750731579687315,0.008847022308426801,0.034579869160868255,-0.0008750731579687315,0.29206297225581557,0.29206297225581557,0.0,0.0,0.0,nan,0
31,0.007750000000000005,0.5,,scientific,0,1,0.05983849416138965,1.0,0.0,0.009626812772767923,0.03457326462828491,-0.00036005675969410454,0.009626812772767923,0.03457326462828491,-0.00036005675969410454,0.2963023215023115,0.2963023215023115,0.0,0.0,0.0,nan,0,1,1.0,0.0,0.010364652536221906,0.03589722354233251,-0.0005487317642055217,0.010364652536221906,0.03589722354233251,-0.0005487317642055217,0.3176225291117304,0.3176225291117304,0.0,0.0,0.0,nan,0,1,1.0,0.0,0.009626812772767923,0.03457326462828491,-0.00036005675969410454,0.009626812772767923,0.03457326462828491,-0.00036005675969410454,0.2963023215023115,0.2963023215023115,0.0,0.0,0.0,nan,0
32,0.008000000000000005,0.5,,scientific,0,1,0.06047754604078313,1.0,0.0,0.009844409074634207,0.03506253283940641,-0.0001766573697541901,0.009844409074634207,0.03506253283940641,-0.0001766573697541901,0.2987331225267033,0.2987331225267033,0.0,0.0,0.0,nan,0,1,1.0,0.0,0.010543661918553847,0.03634725899688644,-0.00041406873906219075,0.010543661918553847,0.03634725899688644,-0.00041406873906219075,0.3198340321943659,0.3198340321943659,0.0,0.0,0.0,nan,0,1,1.0,0.0,0.009844409074634207,0.03506253283940641,-0.0001766573697541901,0.009844409074634207,0.03506253283940641,-0.0001766573697541901,0.2987331225267033,0.2987331225267033,0.0,0.0,0.0,nan,0
33,0.008250000000000006,0.5,,scientific,0,1,0.06088421541857898,1.0,0.0,0.009311998609011702,0.034381136453162826,-0.0003354651569085778,0.009311998609011702,0.034381136453162826,-0.0003354651569085778,0.30174645071286,0.30174645071286,0.0,0.0,0.0,nan,0,1,1.0,0.0,0.00997348590546859,0.03562567835453635,-0.0006108728276700793,0.00997348590546859,0.03562567835453635,-0.0006108728276700793,0.3226838466010965,0.3226838466010965,0.0,0.0,0.0,nan,0,1,1.0,0.0,0.009311998609011702,0.034381136453162826,-0.0003354651569085778,0.009311998609011702,0.034381136453162826,-0.0003354651569085778,0.30174645071286,0.30174645071286,0.0,0.0,0.0,nan,0
34,0.008500000000000006,0.5,,scientific,0,1,0.06134898042177424,1.0,0.0,0.009045380218279133,0.03426198775895427,-0.0004308919893296517,0.009045380218279133,0.03426198775895427,-0.0004308919893296517,0.3043947542392332,0.3043947542392332,0.0,0.0,0.0,nan,0,1,1.0,0.0,0.009672740142998123,0.03546940775971215,-0.0007468609507266951,0.009672740142998123,0.03546940775971215,-0.0007468609507266951,0.32517884116948725,0.32517884116948725,0.0,0.0,0.0,nan,0,1,1.0,0.0,0.009045380218279133,0.03426198775895427,-0.0004308919893296517,0.009045380218279133,0.03426198775895427,-0.0004308919893296517,0.3043947542392332,0.3043947542392332,0.0,0.0,0.0,nan,0
35,0.008750000000000006,0.5,,scientific,0,1,0.06175564979957009,1.0,0.0,0.008821692386060516,0.03405577250983557,-0.0003604131203813743,0.008821692386060516,0.03405577250983557,-0.0003604131203813743,0.30644819307641386,0.30644819307641386,0.0,0.0,0.0,nan,0,1,1.0,0.0,0.009420404575771937,0.035234169760912044,-0.0007153932712838474,0.009420404575771937,0.035234169760912044,-0.0007153932712838474,0.32707167040894775,0.32707167040894775,0.0,0.0,0.0,nan,0,1,1.0,0.0,0.008821692386060516,0.03405577250983557,-0.0003604131203813743,0.008821692386060516,0.03405577250983557,-0.0003604131203813743,0.30644819307641386,0.30644819307641386,0.0,0.0,0.0,nan,0
36,0.009000000000000006,0.5,,scientific,0,1,0.062278510428164756,1.0,0.0,0.009919811991027727,0.033239774370223255,0.00028034242977330125,0.009919811991027727,0.033239774370223255,0.00028034242977330125,0.309461119589442,0.309461119589442,0.0,0.0,0.0,nan,0,1,1.0,0.0,0.010490089163832313,0.03438963547166735,-0.00012528493141845346,0.010490089163832313,0.03438963547166735,-0.00012528493141845346,0.3299862404926968,0.3299862404926968,0.0,0.0,0.0,nan,0,1,1.0,0.0,0.009919811991027727,0.033239774370223255,0.00028034242977330125,0.009919811991027727,0.033239774370223255,0.00028034242977330125,0.309461119589442,0.309461119589442,0.0,0.0,0.0,nan,0
37,0.009250000000000006,0.5,,scientific,0,1,0.06274327543136002,1.0,0.0,0.010686281543649694,0.03405659948768223,0.00017828194458641356,0.010686281543649694,0.03405659948768223,0.00017828194458641356,0.3118484334893447,0.3118484334893447,0.0,0.0,0.0,nan,0,1,1.0,0.0,0.011239021033869005,0.0351736194144758,-0.0002570390834218607,0.011239021033869005,0.0351736194144758,-0.0002570390834218607,0.332271749105696,0.332271749105696,0.0,0.0,0.0,nan,0,1,1.0,0.0,0.010686281543649694,0.03405659948768223,0.00017828194458641356,0.010686281543649694,0.03405659948768223,0.00017828194458641356,0.3118484334893447,0.3118484334893447,0.0,0.0,0.0,nan,0
38,0.009500000000000007,0.5,,scientific,0,1,0.06285946668215883,1.0,0.0,0.010748353536159997,0.03434964204742854,1.8859478015642128e-05,0.010748353536159997,0.03434964204742854,1.8859478015642128e-05,0.31402486449960426,0.31402486449960426,0.0,0.0,0.0,nan,0,1,1.0,0.0,0.011277397200632087,0.03543641228711426,-0.0004438007837280283,0.011277397200632087,0.03543641228711426,-0.0004438007837280283,0.33434654842348377,0.33434654842348377,0.0,0.0,0.0,nan,0,1,1.0,0.0,0.010748353536159997,0.03434964204742854,1.8859478015642128e-05,0.010748353536159997,0.03434964204742854,1.8859478015642128e-05,0.31402486449960426,0.31402486449960426,0.0,0.0,0.0,nan,0
39,0.009750000000000007,0.5,,scientific,0,1,0.0634404229361529,1.0,0.0,0.010696064958272425,0.034084829538221,-7.144246334059477e-05,0.010696064958272425,0.034084829538221,-7.144246334059477e-05,0.317071854600545,0.317071854600545,0.0,0.0,0.0,nan,0,1,1.0,0.0,0.011205897075843909,0.035142390093295096,-0.0005661816572353714,0.011205897075843909,0.035142390093295096,-0.0005661816572353714,0.33732239070849845,0.33732239070849845,0.0,0.0,0.0,nan,0,1,1.0,0.0,0.010696064958272425,0.034084829538221,-7.144246334059477e-05,0.010696064958272425,0.034084829538221,-7.144246334059477e-05,0.317071854600545,0.317071854600545,0.0,0.0,0.0,nan,0
40,0.010000000000000007,0.5,,scientific,0,1,0.06390518793934817,1.0,0.0,0.010550526083709218,0.034173757412558986,-6.394656563362875e-05,0.010550526083709218,0.034173757412558986,-6.394656563362875e-05,0.31940607610248284,0.31940607610248284,0.0,0.0,0.0,nan,0,1,1.0,0.0,0.011034079952244105,0.035204784306151315,-0.0005895510975487284,0.011034079952244105,0.035204784306151315,-0.0005895510975487284,0.339576559990516,0.339576559990516,0.0,0.0,0.0,nan,0,1,1.0,0.0,0.010550526083709218,0.034173757412558986,-6.394656563362875e-05,0.010550526083709218,0.034173757412558986,-6.394656563362875e-05,0.31940607610248284,0.31940607610248284,0.0,0.0,0.0,nan,0
41,0.010250000000000007,0.5,,scientific,0,1,0.0641375704409458,1.0,0.0,0.010282178703883855,0.03363432601853129,-1.338435221297206e-06,0.010282178703883855,0.03363432601853129,-1.338435221297206e-06,0.3218392082152225,0.3218392082152225,0.0,0.0,0.0,nan,0,1,1.0,0.0,0.010749434185470487,0.034649911767445085,-0.0005604720901446962,0.010749434185470487,0.034649911767445085,-0.0005604720901446962,0.341932094775242,0.341932094775242,0.0,0.0,0.0,nan,0,1,1.0,0.0,0.010282178703883855,0.03363432601853129,-1.338435221297206e-06,0.010282178703883855,0.03363432601853129,-1.338435221297206e-06,0.3218392082152225,0.3218392082152225,0.0,0.0,0.0,nan,0
42,0.010500000000000008,0.5,,scientific,0,1,0.06425376169174461,1.0,0.0,0.010576776181937666,0.03393869966591353,-3.633091838861505e-05,0.010576776181937666,0.03393869966591353,-3.633091838861505e-05,0.32386962623503746,0.32386962623503746,0.0,0.0,0.0,nan,0,1,1.0,0.0,0.011018792884910221,0.03492320485415648,-0.0006202045712263105,0.011018792884910221,0.03492320485415648,-0.0006202045712263105,0.34387509897761587,0.34387509897761587,0.0,0.0,0.0,nan,0,1,1.0,0.0,0.010576776181937666,0.03393869966591353,-3.633091838861505e-05,0.010576776181937666,0.03393869966591353,-3.633091838861505e-05,0.32386962623503746,0.32386962623503746,0.0,0.0,0.0,nan,0
43,0.010750000000000008,0.5,,scientific,0,1,0.06460233544414105,1.0,0.0,0.01135931783429161,0.034125601419535634,-0.00014266149361129963,0.01135931783429161,0.034125601419535634,-0.00014266149361129963,0.32529176278181093,0.32529176278181093,0.0,0.0,0.0,nan,0,1,1.0,0.0,0.011779591111235027,0.03509173873105502,-0.0007477983661661727,0.011779591111235027,0.03509173873105502,-0.0007477983661661727,0.3452035073518569,0.3452035073518569,0.0,0.0,0.0,nan,0,1,1.0,0.0,0.01135931783429161,0.034125601419535634,-0.00014266149361129963,0.01135931783429161,0.034125601419535634,-0.00014266149361129963,0.32529176278181093,0.32529176278181093,0.0,0.0,0.0,nan,0
44,0.011000000000000008,0.5,,scientific,0,1,0.06489281357113809,1.0,0.0,0.011243743354961179,0.03380730429441378,-0.00015769871303144195,0.011243743354961179,0.03380730429441378,-0.00015769871303144195,0.32700282438196027,0.32700282438196027,0.0,0.0,0.0,nan,0,1,1.0,0.0,0.011644759797002373,0.0347546269940447,-0.0007893369249642107,0.011644759797002373,0.0347546269940447,-0.0007893369249642107,0.34682447375759684,0.34682447375759684,0.0,0.0,0.0,nan,0,1,1.0,0.0,0.011243743354961179,0.03380730429441378,-0.00015769871303144195,0.011243743354961179,0.03380730429441378,-0.00015769871303144195,0.32700282438196027,0.32700282438196027,0.0,0.0,0.0,nan,0
45,0.011250000000000008,0.5,,scientific,0,1,0.06506710044733631,1.0,0.0,0.01093874747931894,0.033791461824196546,0.0001773313493263476,0.01093874747931894,0.033791461824196546,0.0001773313493263476,0.3289451267330866,0.3289451267330866,0.0,0.0,0.0,nan,0,1,1.0,0.0,0.011327843653334292,0.03471465907700782,-0.00048639039840148683,0.011327843653334292,0.03471465907700782,-0.00048639039840148683,0.3486906920621299,0.3486906920621299,0.0,0.0,0.0,nan,0,1,1.0,0.0,0.01093874747931894,0.033791461824196546,0.0001773313493263476,0.01093874747931894,0.033791461824196546,0.0001773313493263476,0.3289451267330866,0.3289451267330866,0.0,0.0,0.0,nan,0
46,0.011500000000000008,0.5,,scientific,0,1,0.06553186545053158,1.0,0.0,0.011267650111723966,0.03384948999963825,-7.4570657904200774e-06,0.011267650111723966,0.03384948999963825,-7.4570657904200774e-06,0.33028730828109754,0.33028730828109754,0.0,0.0,0.0,nan,0,1,1.0,0.0,0.011641470003676147,0.03475225255574967,-0.0006907887682992744,0.011641470003676147,0.03475225255574967,-0.0006907887682992744,0.34993774191291616,0.34993774191291616,0.0,0.0,0.0,nan,0,1,1.0,0.0,0.011267650111723966,0.03384948999963825,-7.4570657904200774e-06,0.011267650111723966,0.03384948999963825,-7.4570657904200774e-06,0.33028730828109754,0.33028730828109754,0.0,0.0,0.0,nan,0
47,0.011750000000000009,0.5,,scientific,0,1,0.0657642479521292,1.0,0.0,0.011371621787916555,0.033842913073583725,-0.00039819473054361463,0.011371621787916555,0.033842913073583725,-0.00039819473054361463,0.33229235860768913,0.33229235860768913,0.0,0.0,0.0,nan,0,1,1.0,0.0,0.011726610338908221,0.03472700678798375,-0.0010978110214263286,0.011726610338908221,0.03472700678798375,-0.0010978110214263286,0.35187431475383646,0.35187431475383646,0.0,0.0,0.0,nan,0,1,1.0,0.0,0.011371621787916555,0.033842913073583725,-0.00039819473054361463,0.011371621787916555,0.033842913073583725,-0.00039819473054361463,0.33229235860768913,0.33229235860768913,0.0,0.0,0.0,nan,0
48,0.012000000000000009,0.5,,scientific,0,1,0.06605472607912624,1.0,0.0,0.01121999406575717,0.03361490951493116,-0.00011227194548381477,0.01121999406575717,0.03361490951493116,-0.00011227194548381477,0.33393315249345185,0.33393315249345185,0.0,0.0,0.0,nan,0,1,1.0,0.0,0.011561268372954753,0.03448282157152275,-0.0008453845501752801,0.011561268372954753,0.03448282157152275,-0.0008453845501752801,0.35343579545783477,0.35343579545783477,0.0,0.0,0.0,nan,0,1,1.0,0.0,0.01121999406575717,0.03361490951493116,-0.00011227194548381477,0.01121999406575717,0.03361490951493116,-0.00011227194548381477,0.33393315249345185,0.33393315249345185,0.0,0.0,0.0,nan,0
49,0.01225000000000001,0.5,,scientific,0,1,0.06646139545692209,1.0,0.0,0.011232706820936857,0.03327936809988293,0.00018674883922173454,0.011232706820936857,0.03327936809988293,0.00018674883922173454,0.3359508086055021,0.3359508086055021,0.0,0.0,0.0,nan,0,1,1.0,0.0,0.011562589118494511,0.03413365483175823,-0.0005735842096882649,0.011562589118494511,0.03413365483175823,-0.0005735842096882649,0.3553854921676971,0.3553854921676971,0.0,0.0,0.0,nan,0,1,1.0,0.0,0.011232706820936857,0.03327936809988293,0.00018674883922173454,0.011232706820936857,0.03327936809988293,0.00018674883922173454,0.3359508086055021,0.3359508086055021,0.0,0.0,0.0,nan,0
50,0.01250000000000001,0.5,,scientific,0,1,0.06692616046011736,1.0,0.0,0.01134793391343651,0.032865315282032466,0.00010801868664627883,0.01134793391343651,0.032865315282032466,0.00010801868664627883,0.3374299233565279,0.3374299233565279,0.0,0.0,0.0,nan,0,1,1.0,0.0,0.011669215315520147,0.03370541109675193,-0.0006755070591426481,0.011669215315520147,0.03370541109675193,-0.0006755070591426481,0.3567776578129908,0.3567776578129908,0.0,0.0,0.0,nan,0,1,1.0,0.0,0.01134793391343651,0.032865315282032466,0.00010801868664627883,0.01134793391343651,0.032865315282032466,0.00010801868664627883,0.3374299233565279,0.3374299233565279,0.0,0.0,0.0,nan,0
51,0.01275000000000001,0.5,,scientific,0,1,0.0672747342125138,1.0,0.0,0.011766810812773303,0.03287317895430608,-0.00014095682159150487,0.011766810812773303,0.03287317895430608,-0.00014095682159150487,0.3397415591942693,0.3397415591942693,0.0,0.0,0.0,nan,0,1,1.0,0.0,0.01207752714994496,0.03370280946169835,-0.0009378449050423087,0.01207752714994496,0.03370280946169835,-0.0009378449050423087,0.3590240552964219,0.3590240552964219,0.0,0.0,0.0,nan,0,1,1.0,0.0,0.011766810812773303,0.03287317895430608,-0.00014095682159150487,0.011766810812773303,0.03287317895430608,-0.00014095682159150487,0.3397415591942693,0.3397415591942693,0.0,0.0,0.0,nan,0
52,0.01300000000000001,0.5,,scientific,0,1,0.06762330796491024,1.0,0.0,0.011722893546479535,0.03249121680443961,-0.0005278927760974805,0.011722893546479535,0.03249121680443961,-0.0005278927760974805,0.34109212982144194,0.34109212982144194,0.0,0.0,0.0,nan,0,1,1.0,0.0,0.012025175453012606,0.033312029052392104,-0.0013356318439357363,0.012025175453012606,0.033312029052392104,-0.0013356318439357363,0.3602865913317195,0.3602865913317195,0.0,0.0,0.0,nan,0,1,1.0,0.0,0.011722893546479535,0.03249121680443961,-0.0005278927760974805,0.011722893546479535,0.03249121680443961,-0.0005278927760974805,0.34109212982144194,0.34109212982144194,0.0,0.0,0.0,nan,0
53,0.01325000000000001,0.5,,scientific,0,1,0.06750711671411143,1.0,0.0,0.012052690654046468,0.03279796106214268,-0.0006042818217248976,0.012052690654046468,0.03279796106214268,-0.0006042818217248976,0.34311674459730857,0.34311674459730857,0.0,0.0,0.0,nan,0,1,1.0,0.0,0.012349901519837177,0.03360811024424972,-0.0014315545006093535,0.012349901519837177,0.03360811024424972,-0.0014315545006093535,0.3622441766773169,0.3622441766773169,0.0,0.0,0.0,nan,0,1,1.0,0.0,0.012052690654046468,0.03279796106214268,-0.0006042818217248976,0.012052690654046468,0.03279796106214268,-0.0006042818217248976,0.34311674459730857,0.34311674459730857,0.0,0.0,0.0,nan,0
54,0.01350000000000001,0.5,,scientific,0,1,0.0681461685935049,1.0,0.0,0.0119775764135164,0.03308156219729699,-0.00032861426322760683,0.0119775764135164,0.03308156219729699,-0.00032861426322760683,0.3453754313640537,0.3453754313640537,0.0,0.0,0.0,nan,0,1,1.0,0.0,0.01227609368260898,0.03387647196164926,-0.001180834501650248,0.01227609368260898,0.03387647196164926,-0.001180834501650248,0.36443624314193634,0.36443624314193634,0.0,0.0,0.0,nan,0,1,1.0,0.0,0.0119775764135164,0.03308156219729699,-0.00032861426322760683,0.0119775764135164,0.03308156219729699,-0.00032861426322760683,0.3453754313640537,0.3453754313640537,0.0,0.0,0.0,nan,0
55,0.01375000000000001,0.5,,scientific,0,1,0.06861093359670017,1.0,0.0,0.011798919358675244,0.03301707092378054,-6.604058636538505e-05,0.011798919358675244,0.03301707092378054,-6.604058636538505e-05,0.34662705957041573,0.34662705957041573,0.0,0.0,0.0,nan,0,1,1.0,0.0,0.012091946581090912,0.03380074493312006,-0.0009413438607889388,0.012091946581090912,0.03380074493312006,-0.0009413438607889388,0.3655937149323355,0.3655937149323355,0.0,0.0,0.0,nan,0,1,1.0,0.0,0.011798919358675244,0.03301707092378054,-6.604058636538505e-05,0.011798919358675244,0.03301707092378054,-6.604058636538505e-05,0.34662705957041573,0.34662705957041573,0.0,0.0,0.0,nan,0
56,0.01400000000000001,0.5,,scientific,0,1,0.06866902922209958,1.0,0.0,0.011689739179825222,0.033576429209195645,0.0001066127527044596,0.011689739179825222,0.033576429209195645,0.0001066127527044596,0.34912482892893826,0.34912482892893826,0.0,0.0,0.0,nan,0,1,1.0,0.0,0.011979347728052045,0.034351086343272996,-0.0007924796737616678,0.011979347728052045,0.034351086343272996,-0.0007924796737616678,0.36803391099224303,0.36803391099224303,0.0,0.0,0.0,nan,0,1,1.0,0.0,0.011689739179825222,0.033576429209195645,0.0001066127527044596,0.011689739179825222,0.033576429209195645,0.0001066127527044596,0.34912482892893826,0.34912482892893826,0.0,0.0,0.0,nan,0
57,0.014250000000000011,0.5,,scientific,0,1,0.06913379422529484,1.0,0.0,0.012038280377778213,0.03361382807561135,0.00015567423570974706,0.012038280377778213,0.03361382807561135,0.00015567423570974706,0.35019617104784884,0.35019617104784884,0.0,0.0,0.0,nan,0,1,1.0,0.0,0.012319385577694532,0.03438091291016235,-0.0007647353961032249,0.012319385577694532,0.03438091291016235,-0.0007647353961032249,0.3690128906499152,0.3690128906499152,0.0,0.0,0.0,nan,0,1,1.0,0.0,0.012038280377778213,0.03361382807561135,0.00015567423570974706,0.012038280377778213,0.03361382807561135,0.00015567423570974706,0.35019617104784884,0.35019617104784884,0.0,0.0,0.0,nan,0
58,0.014500000000000011,0.5,,scientific,0,1,0.06924998547609365,1.0,0.0,0.011592065137053959,0.033836701569753165,0.0002478606798487469,0.011592065137053959,0.033836701569753165,0.0002478606798487469,0.35088703703583735,0.35088703703583735,0.0,0.0,0.0,nan,0,1,1.0,0.0,0.011869179955223477,0.03459733878540203,-0.0006935782062609808,0.011869179955223477,0.03459733878540203,-0.0006935782062609808,0.3695963517176265,0.3695963517176265,0.0,0.0,0.0,nan,0,1,1.0,0.0,0.011592065137053959,0.033836701569753165,0.0002478606798487469,0.011592065137053959,0.033836701569753165,0.0002478606798487469,0.35088703703583735,0.35088703703583735,0.0,0.0,0.0,nan,0
59,0.014750000000000011,0.5,,scientific,0,1,0.06948236797769128,1.0,0.0,0.01188702835042187,0.03431082165563295,-3.7341962699434563e-06,0.01188702835042187,0.03431082165563295,-3.7341962699434563e-06,0.35218323574479315,0.35218323574479315,0.0,0.0,0.0,nan,0,1,1.0,0.0,0.01216032313732595,0.03506202597776117,-0.0009582814575093936,0.01216032313732595,0.03506202597776117,-0.0009582814575093936,0.370802816826706,0.370802816826706,0.0,0.0,0.0,nan,0,1,1.0,0.0,0.01188702835042187,0.03431082165563295,-3.7341962699434563e-06,0.01188702835042187,0.03431082165563295,-3.7341962699434563e-06,0.35218323574479315,0.35218323574479315,0.0,0.0,0.0,nan,0
60,0.015000000000000012,0.5,,scientific,0,1,0.07000522860628594,1.0,0.0,0.01205553679373441,0.03490042807568878,7.535463353315244e-06,0.01205553679373441,0.03490042807568878,7.535463353315244e-06,0.3536722111241661,0.3536722111241661,0.0,0.0,0.0,nan,0,1,1.0,0.0,0.012326764693179285,0.03564135690904596,-0.0009655651725762239,0.012326764693179285,0.03564135690904596,-0.0009655651725762239,0.37220574981869015,0.37220574981869015,0.0,0.0,0.0,nan,0,1,1.0,0.0,0.01205553679373441,0.03490042807568878,7.535463353315244e-06,0.01205553679373441,0.03490042807568878,7.535463353315244e-06,0.3536722111241661,0.3536722111241661,0.0,0.0,0.0,nan,0
61,0.015250000000000012,0.5,,scientific,0,1,0.06994713298088653,1.0,0.0,0.011481176686843522,0.03471910987508806,0.00021532582074156056,0.011481176686843522,0.03471910987508806,0.00021532582074156056,0.35598925249389385,0.35598925249389385,0.0,0.0,0.0,nan,0,1,1.0,0.0,0.01176040393143714,0.035453931189913745,-0.0007839431475015072,0.01176040393143714,0.035453931189913745,-0.0007839431475015072,0.3744424555640694,0.3744424555640694,0.0,0.0,0.0,nan,0,1,1.0,0.0,0.011481176686843522,0.03471910987508806,0.00021532582074156056,0.011481176686843522,0.03471910987508806,0.00021532582074156056,0.35598925249389385,0.35598925249389385,0.0,0.0,0.0,nan,0
62,0.015500000000000012,0.5,,scientific,0,1,0.07029570673328299,1.0,0.0,0.011089404821337285,0.034687781334582175,0.000722964728717305,0.011089404821337285,0.034687781334582175,0.000722964728717305,0.35772438929521466,0.35772438929521466,0.0,0.0,0.0,nan,0,1,1.0,0.0,0.011376323977146566,0.035419586075844826,-0.00030826417047591094,0.011376323977146566,0.035419586075844826,-0.00030826417047591094,0.3760858469073012,0.3760858469073012,0.0,0.0,0.0,nan,0,1,1.0,0.0,0.011089404821337285,0.034687781334582175,0.000722964728717305,0.011089404821337285,0.034687781334582175,0.000722964728717305,0.35772438929521466,0.35772438929521466,0.0,0.0,0.0,nan,0
63,0.01575000000000001,0.5,,scientific,0,1,0.07076047173647824,1.0,0.0,0.010550646350622923,0.03498063447705099,0.00044459847404790676,0.010550646350622923,0.03498063447705099,0.00044459847404790676,0.3590822837712105,0.3590822837712105,0.0,0.0,0.0,nan,0,1,1.0,0.0,0.010847252214343718,0.035703113448208916,-0.000597676962951508,0.010847252214343718,0.035703113448208916,-0.000597676962951508,0.377340112834284,0.377340112834284,0.0,0.0,0.0,nan,0,1,1.0,0.0,0.010550646350622923,0.03498063447705099,0.00044459847404790676,0.010550646350622923,0.03498063447705099,0.00044459847404790676,0.3590822837712105,0.3590822837712105,0.0,0.0,0.0,nan,0
64,0.01600000000000001,0.5,,scientific,0,1,0.0711671411142741,1.0,0.0,0.010189613856015047,0.03470611617786459,0.0003123856846228166,0.010189613856015047,0.03470611617786459,0.0003123856846228166,0.3606122983102966,0.3606122983102966,0.0,0.0,0.0,nan,0,1,1.0,0.0,0.010494974308147326,0.0354232020435034,-0.0007445553911109683,0.010494974308147326,0.0354232020435034,-0.0007445553911109683,0.3787698568271068,0.3787698568271068,0.0,0.0,0.0,nan,0,1,1.0,0.0,0.010189613856015047,0.03470611617786459,0.0003123856846228166,0.010189613856015047,0.03470611617786459,0.0003123856846228166,0.3606122983102966,0.3606122983102966,0.0,0.0,0.0,nan,0
65,0.01625000000000001,0.5,,scientific,0,1,0.07186428861906699,1.0,0.0,0.010265996099765548,0.034339170915545565,0.0002903017301534352,0.010265996099765548,0.034339170915545565,0.0002903017301534352,0.36191613281635104,0.36191613281635104,0.0,0.0,0.0,nan,0,1,1.0,0.0,0.010570379644505254,0.035056702073896405,-0.0007846332570983025,0.010570379644505254,0.035056702073896405,-0.0007846332570983025,0.37996847150674423,0.37996847150674423,0.0,0.0,0.0,nan,0,1,1.0,0.0,0.010265996099765548,0.034339170915545565,0.0002903017301534352,0.010265996099765548,0.034339170915545565,0.0002903017301534352,0.36191613281635104,0.36191613281635104,0.0,0.0,0.0,nan,0
66,0.01650000000000001,0.5,,scientific,0,1,0.07186428861906699,1.0,0.0,0.010439036584289591,0.03411359501039044,0.0006406489154400167,0.010439036584289591,0.03411359501039044,0.0006406489154400167,0.3627104117793837,0.3627104117793837,0.0,0.0,0.0,nan,0,1,1.0,0.0,0.01073629140338548,0.03483289550797017,-0.0004609227065202475,0.01073629140338548,0.03483289550797017,-0.0004609227065202475,0.3806534535503763,0.3806534535503763,0.0,0.0,0.0,nan,0,1,1.0,0.0,0.010439036584289591,0.03411359501039044,0.0006406489154400167,0.010439036584289591,0.03411359501039044,0.0006406489154400167,0.3627104117793837,0.3627104117793837,0.0,0.0,0.0,nan,0
67,0.01675000000000001,0.5,,scientific,0,1,0.07232905362226225,1.0,0.0,0.010507834063448419,0.03420171228732781,0.0005424260270116176,0.010507834063448419,0.03420171228732781,0.0005424260270116176,0.3643168116523605,0.3643168116523605,0.0,0.0,0.0,nan,0,1,1.0,0.0,0.010805164481723193,0.03492052656888064,-0.0005744008542626937,0.010805164481723193,0.03492052656888064,-0.0005744008542626937,0.38215485026366025,0.38215485026366025,0.0,0.0,0.0,nan,0,1,1.0,0.0,0.010507834063448419,0.03420171228732781,0.0005424260270116176,0.010507834063448419,0.03420171228732781,0.0005424260270116176,0.3643168116523605,0.3643168116523605,0.0,0.0,0.0,nan,0
68,0.01700000000000001,0.5,,scientific,0,1,0.07267762737465869,1.0,0.0,0.010552533973417301,0.034487838820833346,0.00043047402578788964,0.010552533973417301,0.034487838820833346,0.00043047402578788964,0.3655597424830302,0.3655597424830302,0.0,0.0,0.0,nan,0,1,1.0,0.0,0.010848939206142813,0.035205323380684696,-0.0006996937998593619,0.010848939206142813,0.035205323380684696,-0.0006996937998593619,0.3832811099704584,0.3832811099704584,0.0,0.0,0.0,nan,0,1,1.0,0.0,0.010552533973417301,0.034487838820833346,0.00043047402578788964,0.010552533973417301,0.034487838820833346,0.00043047402578788964,0.3655597424830302,0.3655597424830302,0.0,0.0,0.0,nan,0
69,0.017250000000000012,0.5,,scientific,0,1,0.07302620112705513,1.0,0.0,0.010212232655648093,0.03498550594906046,0.00045541227433274915,0.010212232655648093,0.03498550594906046,0.00045541227433274915,0.36672506093994856,0.36672506093994856,0.0,0.0,0.0,nan,0,1,1.0,0.0,0.010514360784748765,0.03569447279957604,-0.00069353310356684,0.010514360784748765,0.03569447279957604,-0.00069353310356684,0.38433708166349245,0.38433708166349245,0.0,0.0,0.0,nan,0,1,1.0,0.0,0.010212232655648093,0.03498550594906046,0.00045541227433274915,0.010212232655648093,0.03498550594906046,0.00045541227433274915,0.36672506093994856,0.36672506093994856,0.0,0.0,0.0,nan,0
70,0.017500000000000012,0.5,,scientific,0,1,0.07337477487945157,1.0,0.0,0.010082353010531208,0.034822630268075166,0.000338397610260839,0.010082353010531208,0.034822630268075166,0.000338397610260839,0.3679416413695814,0.3679416413695814,0.0,0.0,0.0,nan,0,1,1.0,0.0,0.010388867370676761,0.03553474499501204,-0.0008249482838072342,0.010388867370676761,0.03553474499501204,-0.0008249482838072342,0.3854358501675147,0.3854358501675147,0.0,0.0,0.0,nan,0,1,1.0,0.0,0.010082353010531208,0.034822630268075166,0.000338397610260839,0.010082353010531208,0.034822630268075166,0.000338397610260839,0.3679416413695814,0.3679416413695814,0.0,0.0,0.0,nan,0
71,0.017750000000000012,0.5,,scientific,0,1,0.07343287050485099,1.0,0.0,0.00975329329780121,0.034721262025416984,0.00047484513850754105,0.00975329329780121,0.034721262025416984,0.00047484513850754105,0.36924288719339204,0.36924288719339204,0.0,0.0,0.0,nan,0,1,1.0,0.0,0.010070366301201422,0.03543558295507599,-0.0007074713128919003,0.010070366301201422,0.03543558295507599,-0.0007074713128919003,0.3866189905583177,0.3866189905583177,0.0,0.0,0.0,nan,0,1,1.0,0.0,0.00975329329780121,0.034721262025416984,0.00047484513850754105,0.00975329329780121,0.034721262025416984,0.00047484513850754105,0.36924288719339204,0.36924288719339204,0.0,0.0,0.0,nan,0
72,0.018000000000000013,0.5,,scientific,0,1,0.07366525300644862,1.0,0.0,0.010443843266012954,0.03476831592876508,0.000741989260761035,0.010443843266012954,0.03476831592876508,0.000741989260761035,0.3700672265964068,0.3700672265964068,0.0,0.0,0.0,nan,0,1,1.0,0.0,0.010753266683771507,0.0354825994945938,-0.0004640135720959372,0.010753266683771507,0.0354825994945938,-0.0004640135720959372,0.38732263315738713,0.38732263315738713,0.0,0.0,0.0,nan,0,1,1.0,0.0,0.010443843266012954,0.03476831592876508,0.000741989260761035,0.010443843266012954,0.03476831592876508,0.000741989260761035,0.3700672265964068,0.3700672265964068,0.0,0.0,0.0,nan,0
73,0.018250000000000013,0.5,,scientific,0,1,0.07413001800964387,1.0,0.0,0.010773961061579398,0.03444565453449897,0.0005753025523572027,0.010773961061579398,0.03444565453449897,0.0005753025523572027,0.3712760568311201,0.3712760568311201,0.0,0.0,0.0,nan,0,1,1.0,0.0,0.01108264530320984,0.03516451581253524,-0.0006418392187260203,0.01108264530320984,0.03516451581253524,-0.0006418392187260203,0.38840876504931576,0.38840876504931576,0.0,0.0,0.0,nan,0,1,1.0,0.0,0.010773961061579398,0.03444565453449897,0.0005753025523572027,0.010773961061579398,0.03444565453449897,0.0005753025523572027,0.3712760568311201,0.3712760568311201,0.0,0.0,0.0,nan,0
74,0.018500000000000013,0.5,,scientific,0,1,0.07407192238424447,1.0,0.0,0.011015643654187932,0.03505136146570412,0.0003760506208214018,0.011015643654187932,0.03505136146570412,0.0003760506208214018,0.37246609835265,0.37246609835265,0.0,0.0,0.0,nan,0,1,1.0,0.0,0.011324192584766446,0.03576215088343788,-0.0008534260935267341,0.011324192584766446,0.03576215088343788,-0.0008534260935267341,0.3894736706210653,0.3894736706210653,0.0,0.0,0.0,nan,0,1,1.0,0.0,0.011015643654187932,0.03505136146570412,0.0003760506208214018,0.011015643654187932,0.03505136146570412,0.0003760506208214018,0.37246609835265,0.37246609835265,0.0,0.0,0.0,nan,0
75,0.018750000000000013,0.5,,scientific,0,1,0.07447859176204032,1.0,0.0,0.01072285436952128,0.035161373504949585,4.422822467524475e-05,0.01072285436952128,0.035161373504949585,4.422822467524475e-05,0.3732762673138942,0.3732762673138942,0.0,0.0,0.0,nan,0,1,1.0,0.0,0.011034562971449315,0.03587304629261855,-0.0011913784119967896,0.011034562971449315,0.03587304629261855,-0.0011913784119967896,0.3901500720734397,0.3901500720734397,0.0,0.0,0.0,nan,0,1,1.0,0.0,0.01072285436952128,0.035161373504949585,4.422822467524475e-05,0.01072285436952128,0.035161373504949585,4.422822467524475e-05,0.3732762673138942,0.3732762673138942,0.0,0.0,0.0,nan,0
76,0.019000000000000013,0.5,,scientific,0,1,0.07465287863823854,1.0,0.0,0.011245471895014285,0.03538213478683222,0.00018409749001660833,0.011245471895014285,0.03538213478683222,0.00018409749001660833,0.37492515450009006,0.37492515450009006,0.0,0.0,0.0,nan,0,1,1.0,0.0,0.011552143858232894,0.03609147109098286,-0.0010720629059203716,0.011552143858232894,0.03609147109098286,-0.0010720629059203716,0.39167044356780256,0.39167044356780256,0.0,0.0,0.0,nan,0,1,1.0,0.0,0.011245471895014285,0.03538213478683222,0.00018409749001660833,0.011245471895014285,0.03538213478683222,0.00018409749001660833,0.37492515450009006,0.37492515450009006,0.0,0.0,0.0,nan,0
77,0.019250000000000014,0.5,,scientific,0,1,0.07505954801603439,1.0,0.0,0.011481344273131066,0.03567685184522855,0.00028127161984407454,0.011481344273131066,0.03567685184522855,0.00028127161984407454,0.3763704333751847,0.3763704333751847,0.0,0.0,0.0,nan,0,1,1.0,0.0,0.011784439477757792,0.03638221988044862,-0.0009927387572611142,0.011784439477757792,0.03638221988044862,-0.0009927387572611142,0.39298429713876365,0.39298429713876365,0.0,0.0,0.0,nan,0,1,1.0,0.0,0.011481344273131066,0.03567685184522855,0.00028127161984407454,0.011481344273131066,0.03567685184522855,0.00028127161984407454,0.3763704333751847,0.3763704333751847,0.0,0.0,0.0,nan,0
78,0.019500000000000014,0.5,,scientific,0,1,0.07517573926683321,1.0,0.0,0.01106112774616408,0.03542913880934167,0.0001321081129118398,0.01106112774616408,0.03542913880934167,0.0001321081129118398,0.37735209684944293,0.37735209684944293,0.0,0.0,0.0,nan,0,1,1.0,0.0,0.011374750109879253,0.0361400085357914,-0.0011567058239310994,0.011374750109879253,0.0361400085357914,-0.0011567058239310994,0.3938262826972554,0.3938262826972554,0.0,0.0,0.0,nan,0,1,1.0,0.0,0.01106112774616408,0.03542913880934167,0.0001321081129118398,0.01106112774616408,0.03542913880934167,0.0001321081129118398,0.37735209684944293,0.37735209684944293,0.0,0.0,0.0,nan,0
79,0.019750000000000014,0.5,,scientific,0,1,0.07558240864462906,1.0,0.0,0.011507464082014316,0.035649062833714114,0.00019445853716675072,0.011507464082014316,0.035649062833714114,0.00019445853716675072,0.3782264275464421,0.3782264275464421,0.0,0.0,0.0,nan,0,1,1.0,0.0,0.011813437608557215,0.036356304968379126,-0.0011120512919137078,0.011813437608557215,0.036356304968379126,-0.0011120512919137078,0.39456113307158425,0.39456113307158425,0.0,0.0,0.0,nan,0,1,1.0,0.0,0.011507464082014316,0.035649062833714114,0.00019445853716675072,0.011507464082014316,0.035649062833714114,0.00019445853716675072,0.3782264275464421,0.3782264275464421,0.0,0.0,0.0,nan,0
80,0.020000000000000014,0.5,,scientific,0,1,0.07552431301922966,1.0,0.0,0.011576006637734042,0.03559360170437814,0.00030572390428777263,0.011576006637734042,0.03559360170437814,0.00030572390428777263,0.3794005017808934,0.3794005017808934,0.0,0.0,0.0,nan,0,1,1.0,0.0,0.011885917448790678,0.03630495491826737,-0.0010218289322732098,0.011885917448790678,0.03630495491826737,-0.0010218289322732098,0.395595388892806,0.395595388892806,0.0,0.0,0.0,nan,0,1,1.0,0.0,0.011576006637734042,0.03559360170437814,0.00030572390428777263,0.011576006637734042,0.03559360170437814,0.00030572390428777263,0.3794005017808934,0.3794005017808934,0.0,0.0,0.0,nan,0
81,0.020250000000000015,0.5,,scientific,0,1,0.07575669552082728,1.0,0.0,0.011597933509508126,0.03532489313058269,0.0002213371205556877,0.011597933509508126,0.03532489313058269,0.0002213371205556877,0.3805964795727168,0.3805964795727168,0.0,0.0,0.0,nan,0,1,1.0,0.0,0.011913883731199984,0.03604404705389614,-0.0011180736324444432,0.011913883731199984,0.03604404705389614,-0.0011180736324444432,0.3966475018865447,0.3966475018865447,0.0,0.0,0.0,nan,0,1,1.0,0.0,0.011597933509508126,0.03532489313058269,0.0002213371205556877,0.011597933509508126,0.03532489313058269,0.0002213371205556877,0.3805964795727168,0.3805964795727168,0.0,0.0,0.0,nan,0
82,0.020500000000000015,0.5,,scientific,0,1,0.07598907802242491,1.0,0.0,0.01214552733930541,0.03545464810246132,0.0004374573648427703,0.01214552733930541,0.03545464810246132,0.0004374573648427703,0.38110142635135985,0.38110142635135985,0.0,0.0,0.0,nan,0,1,1.0,0.0,0.012452957443333688,0.036173149102754105,-0.0009258101473781132,0.012452957443333688,0.036173149102754105,-0.0009258101473781132,0.3970060630990887,0.3970060630990887,0.0,0.0,0.0,nan,0,1,1.0,0.0,0.01214552733930541,0.03545464810246132,0.0004374573648427703,0.01214552733930541,0.03545464810246132,0.0004374573648427703,0.38110142635135985,0.38110142635135985,0.0,0.0,0.0,nan,0
83,0.020750000000000015,0.5,,scientific,0,1,0.0758728867716261,1.0,0.0,0.01193575801096664,0.03533500584162524,0.00046440897047207854,0.01193575801096664,0.03533500584162524,0.00046440897047207854,0.381940033979454,0.381940033979454,0.0,0.0,0.0,nan,0,1,1.0,0.0,0.0122534135438299,0.036061372914928516,-0.0009157605314313782,0.0122534135438299,0.036061372914928516,-0.0009157605314313782,0.3976962315746897,0.3976962315746897,0.0,0.0,0.0,nan,0,1,1.0,0.0,0.01193575801096664,0.03533500584162524,0.00046440897047207854,0.01193575801096664,0.03533500584162524,0.00046440897047207854,0.381940033979454,0.381940033979454,0.0,0.0,0.0,nan,0
84,0.021000000000000015,0.5,,scientific,0,1,0.07564050427002847,1.0,0.0,0.01190354400726718,0.03555171350274228,0.0005399067017158682,0.01190354400726718,0.03555171350274228,0.0005399067017158682,0.38302559801694025,0.38302559801694025,0.0,0.0,0.0,nan,0,1,1.0,0.0,0.012225820055884096,0.0362767148034688,-0.0008568571241303746,0.012225820055884096,0.0362767148034688,-0.0008568571241303746,0.39863518304547474,0.39863518304547474,0.0,0.0,0.0,nan,0,1,1.0,0.0,0.01190354400726718,0.03555171350274228,0.0005399067017158682,0.01190354400726718,0.03555171350274228,0.0005399067017158682,0.38302559801694025,0.38302559801694025,0.0,0.0,0.0,nan,0
85,0.021250000000000015,0.5,,scientific,0,1,0.07575669552082728,1.0,0.0,0.012074839435082387,0.03615712046090183,0.0005331336963863248,0.012074839435082387,0.03615712046090183,0.0005331336963863248,0.38409736276924666,0.38409736276924666,0.0,0.0,0.0,nan,0,1,1.0,0.0,0.01239834328270957,0.03687069170016245,-0.0008797267852870927,0.01239834328270957,0.03687069170016245,-0.0008797267852870927,0.39955564837316265,0.39955564837316265,0.0,0.0,0.0,nan,0,1,1.0,0.0,0.012074839435082387,0.03615712046090183,0.0005331336963863248,0.012074839435082387,0.03615712046090183,0.0005331336963863248,0.38409736276924666,0.38409736276924666,0.0,0.0,0.0,nan,0
86,0.021500000000000016,0.5,,scientific,0,1,0.07604717364782432,1.0,0.0,0.011931887576275696,0.035950785236384425,0.00036955761493566805,0.011931887576275696,0.035950785236384425,0.00036955761493566805,0.3856992110595231,0.3856992110595231,0.0,0.0,0.0,nan,0,1,1.0,0.0,0.012263541067048704,0.03667123031941533,-0.0010527859534217353,0.012263541067048704,0.03667123031941533,-0.0010527859534217353,0.40100481593885623,0.40100481593885623,0.0,0.0,0.0,nan,0,1,1.0,0.0,0.011931887576275696,0.035950785236384425,0.00036955761493566805,0.011931887576275696,0.035950785236384425,0.00036955761493566805,0.3856992110595231,0.3856992110595231,0.0,0.0,0.0,nan,0
87,0.021750000000000016,0.5,,scientific,0,1,0.07651193865101957,1.0,0.0,0.011849823548447852,0.03594215648563067,0.0002654327954212548,0.011849823548447852,0.03594215648563067,0.0002654327954212548,0.3869446905896333,0.3869446905896333,0.0,0.0,0.0,nan,0,1,1.0,0.0,0.01218744549493493,0.03666615658866241,-0.0011704659547970772,0.01218744549493493,0.03666615658866241,-0.0011704659547970772,0.4020943318699952,0.4020943318699952,0.0,0.0,0.0,nan,0,1,1.0,0.0,0.011849823548447852,0.03594215648563067,0.0002654327954212548,0.011849823548447852,0.03594215648563067,0.0002654327954212548,0.3869446905896333,0.3869446905896333,0.0,0.0,0.0,nan,0
88,0.022000000000000016,0.5,,scientific,0,1,0.07657003427641898,1.0,0.0,0.011384766662305822,0.03607388244483513,0.00032251828899357553,0.011384766662305822,0.03607388244483513,0.00032251828899357553,0.3878040646856371,0.3878040646856371,0.0,0.0,0.0,nan,0,1,1.0,0.0,0.011737028370224917,0.036797938057116716,-0.0011308564248151372,0.011737028370224917,0.036797938057116716,-0.0011308564248151372,0.40279617676058177,0.40279617676058177,0.0,0.0,0.0,nan,0,1,1.0,0.0,0.011384766662305822,0.03607388244483513,0.00032251828899357553,0.011384766662305822,0.03607388244483513,0.00032251828899357553,0.3878040646856371,0.3878040646856371,0.0,0.0,0.0,nan,0
89,0.022250000000000016,0.5,,scientific,0,1,0.07686051240341603,1.0,0.0,0.011214022879054089,0.03558928635303892,0.0002647406090709361,0.011214022879054089,0.03558928635303892,0.0002647406090709361,0.38877656314854114,0.38877656314854114,0.0,0.0,0.0,nan,0,1,1.0,0.0,0.0115764442414988,0.0363286797013624,-0.0012041716743891582,0.0115764442414988,0.0363286797013624,-0.0012041716743891582,0.4036056416362588,0.4036056416362588,0.0,0.0,0.0,nan,0,1,1.0,0.0,0.011214022879054089,0.03558928635303892,0.0002647406090709361,0.011214022879054089,0.03558928635303892,0.0002647406090709361,0.38877656314854114,0.38877656314854114,0.0,0.0,0.0,nan,0
90,0.022500000000000017,0.5,,scientific,0,1,0.07697670365421484,1.0,0.0,0.011267498026082632,0.035590017116770914,8.914229077147886e-05,0.011267498026082632,0.035590017116770914,8.914229077147886e-05,0.3896969977765453,0.3896969977765453,0.0,0.0,0.0,nan,0,1,1.0,0.0,0.011634443275310285,0.036331398328501775,-0.0013908742113483863,0.011634443275310285,0.036331398328501775,-0.0013908742113483863,0.40436146954662233,0.40436146954662233,0.0,0.0,0.0,nan,0,1,1.0,0.0,0.011267498026082632,0.035590017116770914,8.914229077147886e-05,0.011267498026082632,0.035590017116770914,8.914229077147886e-05,0.3896969977765453,0.3896969977765453,0.0,0.0,0.0,nan,0
91,0.022750000000000017,0.5,,scientific,0,1,0.07703479927961425,1.0,0.0,0.011564295629734215,0.03554977662403741,0.0003271568941751584,0.011564295629734215,0.03554977662403741,0.0003271568941751584,0.3915440419518592,0.3915440419518592,0.0,0.0,0.0,nan,0,1,1.0,0.0,0.01192793297815712,0.03629235663747028,-0.0011767266870097435,0.01192793297815712,0.03629235663747028,-0.0011767266870097435,0.40604400449333355,0.40604400449333355,0.0,0.0,0.0,nan,0,1,1.0,0.0,0.011564295629734215,0.03554977662403741,0.0003271568941751584,0.011564295629734215,0.03554977662403741,0.0003271568941751584,0.3915440419518592,0.3915440419518592,0.0,0.0,0.0,nan,0
92,0.023000000000000017,0.5,,scientific,0,1,0.07726718178121188,1.0,0.0,0.011751694981751685,0.035471876895671904,0.0005772606774608257,0.011751694981751685,0.035471876895671904,0.0005772606774608257,0.3919496868182826,0.3919496868182826,0.0,0.0,0.0,nan,0,1,1.0,0.0,0.012116887535220834,0.03621846698067132,-0.0009519079699662931,0.012116887535220834,0.03621846698067132,-0.0009519079699662931,0.40628118690301773,0.40628118690301773,0.0,0.0,0.0,nan,0,1,1.0,0.0,0.011751694981751685,0.035471876895671904,0.0005772606774608257,0.011751694981751685,0.035471876895671904,0.0005772606774608257,0.3919496868182826,0.3919496868182826,0.0,0.0,0.0,nan,0
93,0.023250000000000017,0.5,,scientific,0,1,0.07732527740661128,1.0,0.0,0.011754199269780198,0.03542575459783238,0.0007202119964233184,0.011754199269780198,0.03542575459783238,0.0007202119964233184,0.393045048877329,0.393045048877329,0.0,0.0,0.0,nan,0,1,1.0,0.0,0.012124376645619826,0.036176160148326454,-0.0008301359024811809,0.012124376645619826,0.036176160148326454,-0.0008301359024811809,0.4072042832917898,0.4072042832917898,0.0,0.0,0.0,nan,0,1,1.0,0.0,0.011754199269780198,0.03542575459783238,0.0007202119964233184,0.011754199269780198,0.03542575459783238,0.0007202119964233184,0.393045048877329,0.393045048877329,0.0,0.0,0.0,nan,0
94,0.023500000000000017,0.5,,scientific,0,1,0.07715099053041306,1.0,0.0,0.01180780881467264,0.03503307202450715,0.0005985087395201115,0.01180780881467264,0.03503307202450715,0.0005985087395201115,0.39399018543386455,0.39399018543386455,0.0,0.0,0.0,nan,0,1,1.0,0.0,0.012182025499336113,0.035798572367656614,-0.0009651437063330618,0.012182025499336113,0.035798572367656614,-0.0009651437063330618,0.40797904759201714,0.40797904759201714,0.0,0.0,0.0,nan,0,1,1.0,0.0,0.01180780881467264,0.03503307202450715,0.0005985087395201115,0.01180780881467264,0.03503307202450715,0.0005985087395201115,0.39399018543386455,0.39399018543386455,0.0,0.0,0.0,nan,0
95,0.023750000000000018,0.5,,scientific,0,1,0.07726718178121188,1.0,0.0,0.012044130920565773,0.035137266370984854,0.000727641183781069,0.012044130920565773,0.035137266370984854,0.000727641183781069,0.39489020196493385,0.39489020196493385,0.0,0.0,0.0,nan,0,1,1.0,0.0,0.012420414841073639,0.03590317433186613,-0.0008561595515989995,0.012420414841073639,0.03590317433186613,-0.0008561595515989995,0.4087073731446463,0.4087073731446463,0.0,0.0,0.0,nan,0,1,1.0,0.0,0.012044130920565773,0.035137266370984854,0.000727641183781069,0.012044130920565773,0.035137266370984854,0.000727641183781069,0.39489020196493385,0.39489020196493385,0.0,0.0,0.0,nan,0
96,0.024000000000000018,0.5,,scientific,0,1,0.07738337303201069,1.0,0.0,0.012135137169352557,0.03507089801992117,0.0008753761073836403,0.012135137169352557,0.03507089801992117,0.0008753761073836403,0.3959810188291657,0.3959810188291657,0.0,0.0,0.0,nan,0,1,1.0,0.0,0.012515168664247333,0.03584343858616422,-0.0007309583669641605,0.012515168664247333,0.03584343858616422,-0.0007309583669641605,0.409622854500189,0.409622854500189,0.0,0.0,0.0,nan,0,1,1.0,0.0,0.012135137169352557,0.03507089801992117,0.0008753761073836403,0.012135137169352557,0.03507089801992117,0.0008753761073836403,0.3959810188291657,0.3959810188291657,0.0,0.0,0.0,nan,0
97,0.024250000000000018,0.5,,scientific,0,1,0.0774414686574101,1.0,0.0,0.012053105548745793,0.0348917568857187,0.0007951226985616126,0.012053105548745793,0.0348917568857187,0.0007951226985616126,0.3967114639552884,0.3967114639552884,0.0,0.0,0.0,nan,0,1,1.0,0.0,0.012442280900823437,0.03567176305915047,-0.000825917481516431,0.012442280900823437,0.03567176305915047,-0.000825917481516431,0.41017719576011913,0.41017719576011913,0.0,0.0,0.0,nan,0,1,1.0,0.0,0.012053105548745793,0.0348917568857187,0.0007951226985616126,0.012053105548745793,0.0348917568857187,0.0007951226985616126,0.3967114639552884,0.3967114639552884,0.0,0.0,0.0,nan,0
98,0.02450000000000002,0.5,,scientific,0,1,0.07755765990820891,1.0,0.0,0.012065665816794741,0.03479431698001042,0.0010130755152486333,0.012065665816794741,0.03479431698001042,0.0010130755152486333,0.3971142759121347,0.3971142759121347,0.0,0.0,0.0,nan,0,1,1.0,0.0,0.01246288090059863,0.03558021052572594,-0.0006328924583044238,0.01246288090059863,0.03558021052572594,-0.0006328924583044238,0.41040630309874976,0.41040630309874976,0.0,0.0,0.0,nan,0,1,1.0,0.0,0.012065665816794741,0.03479431698001042,0.0010130755152486333,0.012065665816794741,0.03479431698001042,0.0010130755152486333,0.3971142759121347,0.3971142759121347,0.0,0.0,0.0,nan,0
99,0.02475000000000002,0.5,,scientific,0,1,0.07779004240980654,1.0,0.0,0.01230246228960091,0.03477202482514016,0.0009683085876164307,0.01230246228960091,0.03477202482514016,0.0009683085876164307,0.3974979716446052,0.3974979716446052,0.0,0.0,0.0,nan,0,1,1.0,0.0,0.012698053958197418,0.035559906352183944,-0.0006936277656702051,0.012698053958197418,0.035559906352183944,-0.0006936277656702051,0.4106155013090651,0.4106155013090651,0.0,0.0,0.0,nan,0,1,1.0,0.0,0.01230246228960091,0.03477202482514016,0.0009683085876164307,0.01230246228960091,0.03477202482514016,0.0009683085876164307,0.3974979716446052,0.3974979716446052,0.0,0.0,0.0,nan,0
100,0.02500000000000002,0.5,,scientific,0,1,0.07790623366060535,1.0,0.0,0.012618676850947749,0.03474934572787685,0.0010917854921216551,0.012618676850947749,0.03474934572787685,0.0010917854921216551,0.3985499930313935,0.3985499930313935,0.0,0.0,0.0,nan,0,1,1.0,0.0,0.013010776267172033,0.03554045796737888,-0.0005927731837108896,0.013010776267172033,0.03554045796737888,-0.0005927731837108896,0.41148621468776214,0.41148621468776214,0.0,0.0,0.0,nan,0,1,1.0,0.0,0.012618676850947749,0.03474934572787685,0.0010917854921216551,0.012618676850947749,0.03474934572787685,0.0010917854921216551,0.3985499930313935,0.3985499930313935,0.0,0.0,0.0,nan,0
101,0.02525000000000002,0.5,,scientific,0,1,0.07784813803520595,1.0,0.0,0.01291263452464902,0.034858224575353806,0.001405086355603115,0.01291263452464902,0.034858224575353806,0.001405086355603115,0.39915463520734157,0.39915463520734157,0.0,0.0,0.0,nan,0,1,1.0,0.0,0.01330121338191905,0.03565044631779037,-0.00030813442647256365,0.01330121338191905,0.03565044631779037,-0.00030813442647256365,0.4119103313268292,0.4119103313268292,0.0,0.0,0.0,nan,0,1,1.0,0.0,0.01291263452464902,0.034858224575353806,0.001405086355603115,0.01291263452464902,0.034858224575353806,0.001405086355603115,0.39915463520734157,0.39915463520734157,0.0,0.0,0.0,nan,0
102,0.02550000000000002,0.5,,scientific,0,1,0.07802242491140417,1.0,0.0,0.012849158040704007,0.03500447793681911,0.0012638773889762488,0.012849158040704007,0.03500447793681911,0.0012638773889762488,0.39938386884449395,0.39938386884449395,0.0,0.0,0.0,nan,0,1,1.0,0.0,0.013243871511587693,0.035797804939787736,-0.00046314889630856153,0.013243871511587693,0.035797804939787736,-0.00046314889630856153,0.41196066938408815,0.41196066938408815,0.0,0.0,0.0,nan,0,1,1.0,0.0,0.012849158040704007,0.03500447793681911,0.0012638773889762488,0.012849158040704007,0.03500447793681911,0.0012638773889762488,0.39938386884449395,0.39938386884449395,0.0,0.0,0.0,nan,0
103,0.02575000000000002,0.5,,scientific,0,1,0.0782548074130018,1.0,0.0,0.012750018588349605,0.03505700116866609,0.001157929296925922,0.012750018588349605,0.03505700116866609,0.001157929296925922,0.4000113008050975,0.4000113008050975,0.0,0.0,0.0,nan,0,1,1.0,0.0,0.0131509110551083,0.03585263013556233,-0.0005831213351588004,0.0131509110551083,0.03585263013556233,-0.0005831213351588004,0.4124049071491534,0.4124049071491534,0.0,0.0,0.0,nan,0,1,1.0,0.0,0.012750018588349605,0.03505700116866609,0.001157929296925922,0.012750018588349605,0.03505700116866609,0.001157929296925922,0.4000113008050975,0.4000113008050975,0.0,0.0,0.0,nan,0
104,0.02600000000000002,0.5,,scientific,0,1,0.0782548074130018,1.0,0.0,0.012360389661155024,0.035289009587519314,0.0008654020334902535,0.012360389661155024,0.035289009587519314,0.0008654020334902535,0.40044270510271984,0.40044270510271984,0.0,0.0,0.0,nan,0,1,1.0,0.0,0.012775372843167678,0.03608267948107001,-0.0008844600743060583,0.012775372843167678,0.03608267948107001,-0.0008844600743060583,0.4126540379638174,0.4126540379638174,0.0,0.0,0.0,nan,0,1,1.0,0.0,0.012360389661155024,0.035289009587519314,0.0008654020334902535,0.012360389661155024,0.035289009587519314,0.0008654020334902535,0.40044270510271984,0.40044270510271984,0.0,0.0,0.0,nan,0
105,0.02625000000000002,0.5,,scientific,0,1,0.07848718991459944,1.0,0.0,0.012396502337537496,0.03555086682582638,0.0005514524519396559,0.012396502337537496,0.03555086682582638,0.0005514524519396559,0.40112271539134836,0.40112271539134836,0.0,0.0,0.0,nan,0,1,1.0,0.0,0.012816157102340745,0.03634307167941273,-0.0012068167503960058,0.012816157102340745,0.03634307167941273,-0.0012068167503960058,0.4131471529343498,0.4131471529343498,0.0,0.0,0.0,nan,0,1,1.0,0.0,0.012396502337537496,0.03555086682582638,0.0005514524519396559,0.012396502337537496,0.03555086682582638,0.0005514524519396559,0.40112271539134836,0.40112271539134836,0.0,0.0,0.0,nan,0
106,0.02650000000000002,0.5,,scientific,0,1,0.07871957241619706,1.0,0.0,0.01198565686614954,0.03572229413807016,0.000735985921618659,0.01198565686614954,0.03572229413807016,0.000735985921618659,0.40189269423127777,0.40189269423127777,0.0,0.0,0.0,nan,0,1,1.0,0.0,0.01241987271191715,0.03651281224483586,-0.0010478603393369599,0.01241987271191715,0.03651281224483586,-0.0010478603393369599,0.4137307060741001,0.4137307060741001,0.0,0.0,0.0,nan,0,1,1.0,0.0,0.01198565686614954,0.03572229413807016,0.000735985921618659,0.01198565686614954,0.03572229413807016,0.000735985921618659,0.40189269423127777,0.40189269423127777,0.0,0.0,0.0,nan,0
107,0.02675000000000002,0.5,,scientific,0,1,0.07924243304479173,1.0,0.0,0.01173976582463064,0.035464481276545216,0.0008057058656995372,0.01173976582463064,0.035464481276545216,0.0008057058656995372,0.4028882779759124,0.4028882779759124,0.0,0.0,0.0,nan,0,1,1.0,0.0,0.01218485145600162,0.0362657013887942,-0.000999468288663455,0.01218485145600162,0.0362657013887942,-0.000999468288663455,0.4145346387248181,0.4145346387248181,0.0,0.0,0.0,nan,0,1,1.0,0.0,0.01173976582463064,0.035464481276545216,0.0008057058656995372,0.01173976582463064,0.035464481276545216,0.0008057058656995372,0.4028882779759124,0.4028882779759124,0.0,0.0,0.0,nan,0
108,0.02700000000000002,0.5,,scientific,0,1,0.07959100679718817,1.0,0.0,0.011925824854777054,0.03510364578105293,0.0010174432961208221,0.011925824854777054,0.03510364578105293,0.0010174432961208221,0.4037173511055752,0.4037173511055752,0.0,0.0,0.0,nan,0,1,1.0,0.0,0.012371253017307213,0.035917332182437395,-0.0008141878656904108,0.012371253017307213,0.035917332182437395,-0.0008141878656904108,0.41517029704623426,0.41517029704623426,0.0,0.0,0.0,nan,0,1,1.0,0.0,0.011925824854777054,0.03510364578105293,0.0010174432961208221,0.011925824854777054,0.03510364578105293,0.0010174432961208221,0.4037173511055752,0.4037173511055752,0.0,0.0,0.0,nan,0
109,0.02725000000000002,0.5,,scientific,0,1,0.07953291117178876,1.0,0.0,0.012004118137055644,0.03528688366049288,0.001392251089533848,0.012004118137055644,0.03528688366049288,0.001392251089533848,0.4043992385933092,0.4043992385933092,0.0,0.0,0.0,nan,0,1,1.0,0.0,0.012451714632410129,0.036098843926405055,-0.00047173506816501425,0.012451714632410129,0.036098843926405055,-0.00047173506816501425,0.41566270634826996,0.41566270634826996,0.0,0.0,0.0,nan,0,1,1.0,0.0,0.012004118137055644,0.03528688366049288,0.001392251089533848,0.012004118137055644,0.03528688366049288,0.001392251089533848,0.4043992385933092,0.4043992385933092,0.0,0.0,0.0,nan,0
110,0.02750000000000002,0.5,,scientific,0,1,0.07959100679718817,1.0,0.0,0.012356828131888228,0.035402764720725004,0.0014835786647780429,0.012356828131888228,0.035402764720725004,0.0014835786647780429,0.4054354116505493,0.4054354116505493,0.0,0.0,0.0,nan,0,1,1.0,0.0,0.012795621897267172,0.03621415517061023,-0.00040346874838650395,0.012795621897267172,0.03621415517061023,-0.00040346874838650395,0.4165022701060423,0.4165022701060423,0.0,0.0,0.0,nan,0,1,1.0,0.0,0.012356828131888228,0.035402764720725004,0.0014835786647780429,0.012356828131888228,0.035402764720725004,0.0014835786647780429,0.4054354116505493,0.4054354116505493,0.0,0.0,0.0,nan,0
111,0.02775000000000002,0.5,,scientific,0,1,0.07970719804798698,1.0,0.0,0.012275472101367835,0.035484175583575514,0.0014934487258175845,0.012275472101367835,0.035484175583575514,0.0014934487258175845,0.4061771342700238,0.4061771342700238,0.0,0.0,0.0,nan,0,1,1.0,0.0,0.012720585867330703,0.036297589286637726,-0.00041138230964595836,0.012720585867330703,0.036297589286637726,-0.00041138230964595836,0.4170480904441637,0.4170480904441637,0.0,0.0,0.0,nan,0,1,1.0,0.0,0.012275472101367835,0.035484175583575514,0.0014934487258175845,0.012275472101367835,0.035484175583575514,0.0014934487258175845,0.4061771342700238,0.4061771342700238,0.0,0.0,0.0,nan,0
112,0.02800000000000002,0.5,,scientific,0,1,0.07999767617498402,1.0,0.0,0.012049563894899064,0.035323546422472756,0.0013079933690012112,0.012049563894899064,0.035323546422472756,0.0013079933690012112,0.40654663518088974,0.40654663518088974,0.0,0.0,0.0,nan,0,1,1.0,0.0,0.012506256398470951,0.036145386938254594,-0.0006091837534991879,0.012506256398470951,0.036145386938254594,-0.0006091837534991879,0.4172269091840961,0.4172269091840961,0.0,0.0,0.0,nan,0,1,1.0,0.0,0.012049563894899064,0.035323546422472756,0.0013079933690012112,0.012049563894899064,0.035323546422472756,0.0013079933690012112,0.40654663518088974,0.40654663518088974,0.0,0.0,0.0,nan,0
113,0.02825000000000002,0.5,,scientific,0,1,0.08017196305118225,1.0,0.0,0.012050526429649659,0.03526677393733029,0.0011845305615608805,0.012050526429649659,0.03526677393733029,0.0011845305615608805,0.40750091668337984,0.40750091668337984,0.0,0.0,0.0,nan,0,1,1.0,0.0,0.012511565670456457,0.03609314922197658,-0.0007473553488355033,0.012511565670456457,0.03609314922197658,-0.0007473553488355033,0.4179803144476928,0.4179803144476928,0.0,0.0,0.0,nan,0,1,1.0,0.0,0.012050526429649659,0.03526677393733029,0.0011845305615608805,0.012050526429649659,0.03526677393733029,0.0011845305615608805,0.40750091668337984,0.40750091668337984,0.0,0.0,0.0,nan,0
114,0.028500000000000022,0.5,,scientific,0,1,0.08017196305118225,1.0,0.0,0.011836109339252367,0.03531137530671508,0.0009056544012090047,0.011836109339252367,0.03531137530671508,0.0009056544012090047,0.40809140211249517,0.40809140211249517,0.0,0.0,0.0,nan,0,1,1.0,0.0,0.01230668181988696,0.03613897396527081,-0.0010358563277801079,0.01230668181988696,0.03613897396527081,-0.0010358563277801079,0.41837338902361376,0.41837338902361376,0.0,0.0,0.0,nan,0,1,1.0,0.0,0.011836109339252367,0.03531137530671508,0.0009056544012090047,0.011836109339252367,0.03531137530671508,0.0009056544012090047,0.40809140211249517,0.40809140211249517,0.0,0.0,0.0,nan,0
115,0.028750000000000022,0.5,,scientific,0,1,0.08034624992738047,1.0,0.0,0.011745373713735085,0.0356581864378911,0.000789242737289202,0.011745373713735085,0.0356581864378911,0.000789242737289202,0.40847190795287835,0.40847190795287835,0.0,0.0,0.0,nan,0,1,1.0,0.0,0.012223820127806671,0.03647978314785714,-0.0011685462825790542,0.012223820127806671,0.03647978314785714,-0.0011685462825790542,0.4185583057821329,0.4185583057821329,0.0,0.0,0.0,nan,0,1,1.0,0.0,0.011745373713735085,0.0356581864378911,0.000789242737289202,0.011745373713735085,0.0356581864378911,0.000789242737289202,0.40847190795287835,0.40847190795287835,0.0,0.0,0.0,nan,0
116,0.029000000000000022,0.5,,scientific,0,1,0.08069482367977691,1.0,0.0,0.011527434946672863,0.03565283052965648,0.0007468198498933161,0.011527434946672863,0.03565283052965648,0.0007468198498933161,0.4089573425235419,0.4089573425235419,0.0,0.0,0.0,nan,0,1,1.0,0.0,0.012016487077073127,0.036477441031664865,-0.0012296992110401271,0.012016487077073127,0.036477441031664865,-0.0012296992110401271,0.41884611684803297,0.41884611684803297,0.0,0.0,0.0,nan,0,1,1.0,0.0,0.011527434946672863,0.03565283052965648,0.0007468198498933161,0.011527434946672863,0.03565283052965648,0.0007468198498933161,0.4089573425235419,0.4089573425235419,0.0,0.0,0.0,nan,0
117,0.029250000000000023,0.5,,scientific,0,1,0.08092720618137454,1.0,0.0,0.011466230929017916,0.03541314487030965,0.0004741256929412646,0.011466230929017916,0.03541314487030965,0.0004741256929412646,0.4094797732695497,0.4094797732695497,0.0,0.0,0.0,nan,0,1,1.0,0.0,0.011960144933581399,0.03624970708083068,-0.0015124013376731972,0.011960144933581399,0.03624970708083068,-0.0015124013376731972,0.41916715401017524,0.41916715401017524,0.0,0.0,0.0,nan,0,1,1.0,0.0,0.011466230929017916,0.03541314487030965,0.0004741256929412646,0.011466230929017916,0.03541314487030965,0.0004741256929412646,0.4094797732695497,0.4094797732695497,0.0,0.0,0.0,nan,0
118,0.029500000000000023,0.5,,scientific,0,1,0.08098530180677395,1.0,0.0,0.011364191903345646,0.03542567472605211,0.000247791353335655,0.011364191903345646,0.03542567472605211,0.000247791353335655,0.40980871875551217,0.40980871875551217,0.0,0.0,0.0,nan,0,1,1.0,0.0,0.011866284529413044,0.03626519961766764,-0.001751398475450667,0.011866284529413044,0.03626519961766764,-0.001751398475450667,0.4192989256203379,0.4192989256203379,0.0,0.0,0.0,nan,0,1,1.0,0.0,0.011364191903345646,0.03542567472605211,0.000247791353335655,0.011364191903345646,0.03542567472605211,0.000247791353335655,0.40980871875551217,0.40980871875551217,0.0,0.0,0.0,nan,0
119,0.029750000000000023,0.5,,scientific,0,1,0.08104339743217336,1.0,0.0,0.011565773603070848,0.035666550241620236,4.0059154801517515e-05,0.011565773603070848,0.035666550241620236,4.0059154801517515e-05,0.4103394842907675,0.4103394842907675,0.0,0.0,0.0,nan,0,1,1.0,0.0,0.01206493272006163,0.03650119121598657,-0.001972034660809357,0.01206493272006163,0.03650119121598657,-0.001972034660809357,0.4196293435117734,0.4196293435117734,0.0,0.0,0.0,nan,0,1,1.0,0.0,0.011565773603070848,0.035666550241620236,4.0059154801517515e-05,0.011565773603070848,0.035666550241620236,4.0059154801517515e-05,0.4103394842907675,0.4103394842907675,0.0,0.0,0.0,nan,0
120,0.030000000000000023,0.5,,scientific,0,1,0.08127577993377098,1.0,0.0,0.01147444998873378,0.035608956202648846,6.02237045672695e-06,0.01147444998873378,0.035608956202648846,6.02237045672695e-06,0.4112717805321866,0.4112717805321866,0.0,0.0,0.0,nan,0,1,1.0,0.0,0.011980145880610237,0.03644910838683327,-0.002024555191871509,0.011980145880610237,0.03644910838683327,-0.002024555191871509,0.4203525037059438,0.4203525037059438,0.0,0.0,0.0,nan,0,1,1.0,0.0,0.01147444998873378,0.035608956202648846,6.02237045672695e-06,0.01147444998873378,0.035608956202648846,6.02237045672695e-06,0.4112717805321866,0.4112717805321866,0.0,0.0,0.0,nan,0
121,0.030250000000000023,0.5,,scientific,0,1,0.08133387555917039,1.0,0.0,0.011570049058867536,0.03549687762407768,0.0001942233054704032,0.011570049058867536,0.03549687762407768,0.0001942233054704032,0.41199976713903774,0.41199976713903774,0.0,0.0,0.0,nan,0,1,1.0,0.0,0.01207688945228949,0.03634265725384759,-0.0018634858993804217,0.01207688945228949,0.03634265725384759,-0.0018634858993804217,0.42087445274822843,0.42087445274822843,0.0,0.0,0.0,nan,0,1,1.0,0.0,0.011570049058867536,0.03549687762407768,0.0001942233054704032,0.011570049058867536,0.03549687762407768,0.0001942233054704032,0.41199976713903774,0.41199976713903774,0.0,0.0,0.0,nan,0
122,0.030500000000000024,0.5,,scientific,0,1,0.08133387555917039,1.0,0.0,0.011724664837606508,0.03570835157111259,0.00018153177608444537,0.011724664837606508,0.03570835157111259,0.00018153177608444537,0.4123259267779116,0.4123259267779116,0.0,0.0,0.0,nan,0,1,1.0,0.0,0.012230136474248485,0.03655183590275965,-0.0018951214650576953,0.012230136474248485,0.03655183590275965,-0.0018951214650576953,0.4209999510479313,0.4209999510479313,0.0,0.0,0.0,nan,0,1,1.0,0.0,0.011724664837606508,0.03570835157111259,0.00018153177608444537,0.011724664837606508,0.03570835157111259,0.00018153177608444537,0.4123259267779116,0.4123259267779116,0.0,0.0,0.0,nan,0
123,0.030750000000000024,0.5,,scientific,0,1,0.0814500668099692,1.0,0.0,0.011540187800709926,0.03566645703848484,0.0006575281263063843,0.011540187800709926,0.03566645703848484,0.0006575281263063843,0.4132388489098894,0.4132388489098894,0.0,0.0,0.0,nan,0,1,1.0,0.0,0.012054320563124646,0.03651344529747904,-0.0014569584925837457,0.012054320563124646,0.03651344529747904,-0.0014569584925837457,0.4217026538927765,0.4217026538927765,0.0,0.0,0.0,nan,0,1,1.0,0.0,0.011540187800709926,0.03566645703848484,0.0006575281263063843,0.011540187800709926,0.03566645703848484,0.0006575281263063843,0.4132388489098894,0.4132388489098894,0.0,0.0,0.0,nan,0
124,0.031000000000000024,0.5,,scientific,0,1,0.0814500668099692,1.0,0.0,0.01167272034393753,0.035668324350641926,0.0005361001346056606,0.01167272034393753,0.035668324350641926,0.0005361001346056606,0.4134277953556196,0.4134277953556196,0.0,0.0,0.0,nan,0,1,1.0,0.0,0.012186839693410771,0.03651759801338494,-0.0015936750893339022,0.012186839693410771,0.03651759801338494,-0.0015936750893339022,0.42169389845548955,0.42169389845548955,0.0,0.0,0.0,nan,0,1,1.0,0.0,0.01167272034393753,0.035668324350641926,0.0005361001346056606,0.01167272034393753,0.035668324350641926,0.0005361001346056606,0.4134277953556196,0.4134277953556196,0.0,0.0,0.0,nan,0
125,0.03125000000000002,0.5,,scientific,0,1,0.08156625806076802,1.0,0.0,0.011677161189774337,0.035511295099472345,0.0007160213187233779,0.011677161189774337,0.035511295099472345,0.0007160213187233779,0.4141152961617207,0.4141152961617207,0.0,0.0,0.0,nan,0,1,1.0,0.0,0.012194754296779804,0.03636877255488837,-0.0014407243679980712,0.012194754296779804,0.03636877255488837,-0.0014407243679980712,0.4221729591701493,0.4221729591701493,0.0,0.0,0.0,nan,0,1,1.0,0.0,0.011677161189774337,0.035511295099472345,0.0007160213187233779,0.011677161189774337,0.035511295099472345,0.0007160213187233779,0.4141152961617207,0.4141152961617207,0.0,0.0,0.0,nan,0
126,0.03150000000000002,0.5,,scientific,0,1,0.08174054493696625,1.0,0.0,0.01186905001881939,0.0352726349721992,0.0007835743919014656,0.01186905001881939,0.0352726349721992,0.0007835743919014656,0.41461203550146253,0.41461203550146253,0.0,0.0,0.0,nan,0,1,1.0,0.0,0.012384585445175247,0.03614049279068532,-0.0013976281277699848,0.012384585445175247,0.03614049279068532,-0.0013976281277699848,0.4224627890558178,0.4224627890558178,0.0,0.0,0.0,nan,0,1,1.0,0.0,0.01186905001881939,0.0352726349721992,0.0007835743919014656,0.01186905001881939,0.0352726349721992,0.0007835743919014656,0.41461203550146253,0.41461203550146253,0.0,0.0,0.0,nan,0
127,0.03175000000000002,0.5,,scientific,0,1,0.08179864056236566,1.0,0.0,0.011920817537247818,0.03525200615551665,0.0007201769923316269,0.011920817537247818,0.03525200615551665,0.0007201769923316269,0.41565066948498336,0.41565066948498336,0.0,0.0,0.0,nan,0,1,1.0,0.0,0.012435272923634786,0.036123046524543116,-0.0014795951118074992,0.012435272923634786,0.036123046524543116,-0.0014795951118074992,0.4232813197366746,0.4232813197366746,0.0,0.0,0.0,nan,0,1,1.0,0.0,0.011920817537247818,0.03525200615551665,0.0007201769923316269,0.011920817537247818,0.03525200615551665,0.0007201769923316269,0.41565066948498336,0.41565066948498336,0.0,0.0,0.0,nan,0
128,0.03200000000000002,0.5,,scientific,0,1,0.08185673618776507,1.0,0.0,0.01194384385234111,0.035334655851783414,0.0003162451331874809,0.01194384385234111,0.035334655851783414,0.0003162451331874809,0.4165428812457158,0.4165428812457158,0.0,0.0,0.0,nan,0,1,1.0,0.0,0.012461962732518024,0.03620589256127153,-0.001888837485235301,0.012461962732518024,0.03620589256127153,-0.001888837485235301,0.42395658646526574,0.42395658646526574,0.0,0.0,0.0,nan,0,1,1.0,0.0,0.01194384385234111,0.035334655851783414,0.0003162451331874809,0.01194384385234111,0.035334655851783414,0.0003162451331874809,0.4165428812457158,0.4165428812457158,0.0,0.0,0.0,nan,0
129,0.03225000000000002,0.5,,scientific,0,1,0.08197292743856388,1.0,0.0,0.011861613010336742,0.035136616167686936,0.00024006853874554134,0.011861613010336742,0.035136616167686936,0.00024006853874554134,0.41718642275045864,0.41718642275045864,0.0,0.0,0.0,nan,0,1,1.0,0.0,0.0123859729082433,0.036017026906517945,-0.0019835453026604568,0.0123859729082433,0.036017026906517945,-0.0019835453026604568,0.42438761264363034,0.42438761264363034,0.0,0.0,0.0,nan,0,1,1.0,0.0,0.011861613010336742,0.035136616167686936,0.00024006853874554134,0.011861613010336742,0.035136616167686936,0.00024006853874554134,0.41718642275045864,0.41718642275045864,0.0,0.0,0.0,nan,0
130,0.03250000000000002,0.5,,scientific,0,1,0.08203102306396329,1.0,0.0,0.011744071353580875,0.03512344561889196,0.0002382191007641545,0.011744071353580875,0.03512344561889196,0.0002382191007641545,0.4178999060133005,0.4178999060133005,0.0,0.0,0.0,nan,0,1,1.0,0.0,0.012275428198747823,0.03600734661789619,-0.0020055947776967957,0.012275428198747823,0.03600734661789619,-0.0020055947776967957,0.42488586444568166,0.42488586444568166,0.0,0.0,0.0,nan,0,1,1.0,0.0,0.011744071353580875,0.03512344561889196,0.0002382191007641545,0.011744071353580875,0.03512344561889196,0.0002382191007641545,0.4178999060133005,0.4178999060133005,0.0,0.0,0.0,nan,0
131,0.03275000000000002,0.5,,scientific,0,1,0.08191483181316447,1.0,0.0,0.012155304460370215,0.03494638915733579,1.8253743642732765e-07,0.012155304460370215,0.03494638915733579,1.8253743642732765e-07,0.41873155516424876,0.41873155516424876,0.0,0.0,0.0,nan,0,1,1.0,0.0,0.01267718972960575,0.03583946919878771,-0.0022561024843852054,0.01267718972960575,0.03583946919878771,-0.0022561024843852054,0.4254994366135484,0.4254994366135484,0.0,0.0,0.0,nan,0,1,1.0,0.0,0.012155304460370215,0.03494638915733579,1.8253743642732765e-07,0.012155304460370215,0.03494638915733579,1.8253743642732765e-07,0.41873155516424876,0.41873155516424876,0.0,0.0,0.0,nan,0
132,0.03300000000000002,0.5,,scientific,0,1,0.08197292743856388,1.0,0.0,0.01207448079429966,0.03454455264689922,0.00042551255289320476,0.01207448079429966,0.03454455264689922,0.00042551255289320476,0.4196607995594269,0.4196607995594269,0.0,0.0,0.0,nan,0,1,1.0,0.0,0.012602418157708645,0.035453704904223796,-0.0018674738409123503,0.012602418157708645,0.035453704904223796,-0.0018674738409123503,0.4262088301347992,0.4262088301347992,0.0,0.0,0.0,nan,0,1,1.0,0.0,0.01207448079429966,0.03454455264689922,0.00042551255289320476,0.01207448079429966,0.03454455264689922,0.00042551255289320476,0.4196607995594269,0.4196607995594269,0.0,0.0,0.0,nan,0
133,0.03325000000000002,0.5,,scientific,0,1,0.0820891186893627,1.0,0.0,0.01212960728230366,0.034288705405830844,0.0004906859510154681,0.01212960728230366,0.034288705405830844,0.0004906859510154681,0.42030971658069405,0.42030971658069405,0.0,0.0,0.0,nan,0,1,1.0,0.0,0.012659047078384915,0.035209181053817803,-0.0018276182361729723,0.012659047078384915,0.035209181053817803,-0.0018276182361729723,0.42664146166694644,0.42664146166694644,0.0,0.0,0.0,nan,0,1,1.0,0.0,0.01212960728230366,0.034288705405830844,0.0004906859510154681,0.01212960728230366,0.034288705405830844,0.0004906859510154681,0.42030971658069405,0.42030971658069405,0.0,0.0,0.0,nan,0
134,0.03350000000000002,0.5,,scientific,0,1,0.08203102306396329,1.0,0.0,0.012310866467736459,0.03459710918139016,0.00018625834871683532,0.012310866467736459,0.03459710918139016,0.00018625834871683532,0.42018307590693144,0.42018307590693144,0.0,0.0,0.0,nan,0,1,1.0,0.0,0.012838418632283202,0.035511502713806174,-0.002142072420630032,0.012838418632283202,0.035511502713806174,-0.002142072420630032,0.4263178098630361,0.4263178098630361,0.0,0.0,0.0,nan,0,1,1.0,0.0,0.012310866467736459,0.03459710918139016,0.00018625834871683532,0.012310866467736459,0.03459710918139016,0.00018625834871683532,0.42018307590693144,0.42018307590693144,0.0,0.0,0.0,nan,0
135,0.03375000000000002,0.5,,scientific,0,1,0.08220530994016151,1.0,0.0,0.01225997729263321,0.034918871781602995,8.143391499567155e-05,0.01225997729263321,0.034918871781602995,8.143391499567155e-05,0.4207010472011169,0.4207010472011169,0.0,0.0,0.0,nan,0,1,1.0,0.0,0.012792674989333492,0.035826122923486116,-0.0022639743193505588,0.012792674989333492,0.035826122923486116,-0.0022639743193505588,0.4266201043042287,0.4266201043042287,0.0,0.0,0.0,nan,0,1,1.0,0.0,0.01225997729263321,0.034918871781602995,8.143391499567155e-05,0.01225997729263321,0.034918871781602995,8.143391499567155e-05,0.4207010472011169,0.4207010472011169,0.0,0.0,0.0,nan,0
136,0.03400000000000002,0.5,,scientific,0,1,0.08243769244175914,1.0,0.0,0.012304469040334448,0.03515766043186064,0.00030857730971271666,0.012304469040334448,0.03515766043186064,0.00030857730971271666,0.42148910105175064,0.42148910105175064,0.0,0.0,0.0,nan,0,1,1.0,0.0,0.012838242273045131,0.0360578219341081,-0.0020656688821945476,0.012838242273045131,0.0360578219341081,-0.0020656688821945476,0.42718659145500004,0.42718659145500004,0.0,0.0,0.0,nan,0,1,1.0,0.0,0.012304469040334448,0.03515766043186064,0.00030857730971271666,0.012304469040334448,0.03515766043186064,0.00030857730971271666,0.42148910105175064,0.42148910105175064,0.0,0.0,0.0,nan,0
137,0.034250000000000023,0.5,,scientific,0,1,0.08243769244175914,1.0,0.0,0.012461945038681978,0.035195303434388384,0.000538402730894865,0.012461945038681978,0.035195303434388384,0.000538402730894865,0.42214950280337254,0.42214950280337254,0.0,0.0,0.0,nan,0,1,1.0,0.0,0.012995258264502398,0.036096565925596694,-0.001865445528347078,0.012995258264502398,0.036096565925596694,-0.001865445528347078,0.42762798646966393,0.42762798646966393,0.0,0.0,0.0,nan,0,1,1.0,0.0,0.012461945038681978,0.035195303434388384,0.000538402730894865,0.012461945038681978,0.035195303434388384,0.000538402730894865,0.42214950280337254,0.42214950280337254,0.0,0.0,0.0,nan,0
138,0.034500000000000024,0.5,,scientific,0,1,0.08249578806715854,1.0,0.0,0.012454210788222477,0.03518705191814099,0.0007361995713056805,0.012454210788222477,0.03518705191814099,0.0007361995713056805,0.4226670200627932,0.4226670200627932,0.0,0.0,0.0,nan,0,1,1.0,0.0,0.012990471896374863,0.036092156992198365,-0.001696623169649108,0.012990471896374863,0.036092156992198365,-0.001696623169649108,0.42792827030299263,0.42792827030299263,0.0,0.0,0.0,nan,0,1,1.0,0.0,0.012454210788222477,0.03518705191814099,0.0007361995713056805,0.012454210788222477,0.03518705191814099,0.0007361995713056805,0.4226670200627932,0.4226670200627932,0.0,0.0,0.0,nan,0
139,0.034750000000000024,0.5,,scientific,0,1,0.08267007494335676,1.0,0.0,0.012729714983945959,0.0352425908104609,0.0006475164339159954,0.012729714983945959,0.0352425908104609,0.0006475164339159954,0.42308894742668146,0.42308894742668146,0.0,0.0,0.0,nan,0,1,1.0,0.0,0.013259028676696073,0.036149480366797944,-0.0018032692284455137,0.013259028676696073,0.036149480366797944,-0.0018032692284455137,0.42813734540147697,0.42813734540147697,0.0,0.0,0.0,nan,0,1,1.0,0.0,0.012729714983945959,0.0352425908104609,0.0006475164339159954,0.012729714983945959,0.0352425908104609,0.0006475164339159954,0.42308894742668146,0.42308894742668146,0.0,0.0,0.0,nan,0
140,0.035000000000000024,0.5,,scientific,0,1,0.08290245744495439,1.0,0.0,0.013008677185014021,0.03510566790744696,0.0006969262773059981,0.013008677185014021,0.03510566790744696,0.0006969262773059981,0.4236345347382961,0.4236345347382961,0.0,0.0,0.0,nan,0,1,1.0,0.0,0.013531243832068626,0.036020283627152025,-0.0017771211035650725,0.013531243832068626,0.036020283627152025,-0.0017771211035650725,0.42846441371007915,0.42846441371007915,0.0,0.0,0.0,nan,0,1,1.0,0.0,0.013008677185014021,0.03510566790744696,0.0006969262773059981,0.013008677185014021,0.03510566790744696,0.0006969262773059981,0.4236345347382961,0.4236345347382961,0.0,0.0,0.0,nan,0
141,0.035250000000000024,0.5,,scientific,0,1,0.0829605530703538,1.0,0.0,0.012911231214598853,0.03482613272572472,0.000846156257830685,0.012911231214598853,0.03482613272572472,0.000846156257830685,0.424498076765471,0.424498076765471,0.0,0.0,0.0,nan,0,1,1.0,0.0,0.013438588788241295,0.03575221102747004,-0.0016540966697795938,0.013438588788241295,0.03575221102747004,-0.0016540966697795938,0.4290997545707772,0.4290997545707772,0.0,0.0,0.0,nan,0,1,1.0,0.0,0.012911231214598853,0.03482613272572472,0.000846156257830685,0.012911231214598853,0.03482613272572472,0.000846156257830685,0.424498076765471,0.424498076765471,0.0,0.0,0.0,nan,0
142,0.035500000000000025,0.5,,scientific,0,1,0.08307674432115261,1.0,0.0,0.012774419551359452,0.0345059858812789,0.0006129220085319668,0.012774419551359452,0.0345059858812789,0.0006129220085319668,0.4249147272915507,0.4249147272915507,0.0,0.0,0.0,nan,0,1,1.0,0.0,0.013309590784215381,0.03544528538926625,-0.0018998486501597264,0.013309590784215381,0.03544528538926625,-0.0018998486501597264,0.4293003414188147,0.4293003414188147,0.0,0.0,0.0,nan,0,1,1.0,0.0,0.012774419551359452,0.0345059858812789,0.0006129220085319668,0.012774419551359452,0.0345059858812789,0.0006129220085319668,0.4249147272915507,0.4249147272915507,0.0,0.0,0.0,nan,0
143,0.035750000000000025,0.5,,scientific,0,1,0.08319293557195143,1.0,0.0,0.012521408826075062,0.03438183918202682,0.0007654575114212515,0.012521408826075062,0.03438183918202682,0.0007654575114212515,0.4251309072080054,0.4251309072080054,0.0,0.0,0.0,nan,0,1,1.0,0.0,0.013067352948164933,0.03532939051495526,-0.0017740848621114872,0.013067352948164933,0.03532939051495526,-0.0017740848621114872,0.4293049273777314,0.4293049273777314,0.0,0.0,0.0,nan,0,1,1.0,0.0,0.012521408826075062,0.03438183918202682,0.0007654575114212515,0.012521408826075062,0.03438183918202682,0.0007654575114212515,0.4251309072080054,0.4251309072080054,0.0,0.0,0.0,nan,0
144,0.036000000000000025,0.5,,scientific,0,1,0.08330912682275024,1.0,0.0,0.012668823613282046,0.034665163833847434,0.0006118395316966677,0.012668823613282046,0.034665163833847434,0.0006118395316966677,0.4256217605982633,0.4256217605982633,0.0,0.0,0.0,nan,0,1,1.0,0.0,0.013213055681545663,0.03560549148159192,-0.0019428755052935405,0.013213055681545663,0.03560549148159192,-0.0019428755052935405,0.42957617214700045,0.42957617214700045,0.0,0.0,0.0,nan,0,1,1.0,0.0,0.012668823613282046,0.034665163833847434,0.0006118395316966677,0.012668823613282046,0.034665163833847434,0.0006118395316966677,0.4256217605982633,0.4256217605982633,0.0,0.0,0.0,nan,0
145,0.036250000000000025,0.5,,scientific,0,1,0.08336722244814966,1.0,0.0,0.012159998603320727,0.03465437229239642,0.0009320716153604267,0.012159998603320727,0.03465437229239642,0.0009320716153604267,0.4263600131217478,0.4263600131217478,0.0,0.0,0.0,nan,0,1,1.0,0.0,0.012724490180932116,0.03559666350698353,-0.0016564834577466312,0.012724490180932116,0.03559666350698353,-0.0016564834577466312,0.430088470547053,0.430088470547053,0.0,0.0,0.0,nan,0,1,1.0,0.0,0.012159998603320727,0.03465437229239642,0.0009320716153604267,0.012159998603320727,0.03465437229239642,0.0009320716153604267,0.4263600131217478,0.4263600131217478,0.0,0.0,0.0,nan,0
146,0.036500000000000025,0.5,,scientific,0,1,0.08342531807354907,1.0,0.0,0.0120475973673172,0.03456081173307714,0.0009364589557394906,0.0120475973673172,0.03456081173307714,0.0009364589557394906,0.4268620962370949,0.4268620962370949,0.0,0.0,0.0,nan,0,1,1.0,0.0,0.012618915626345893,0.03550804326753835,-0.0016732212018215134,0.012618915626345893,0.03550804326753835,-0.0016732212018215134,0.4303719083439107,0.4303719083439107,0.0,0.0,0.0,nan,0,1,1.0,0.0,0.0120475973673172,0.03456081173307714,0.0009364589557394906,0.0120475973673172,0.03456081173307714,0.0009364589557394906,0.4268620962370949,0.4268620962370949,0.0,0.0,0.0,nan,0
147,0.036750000000000026,0.5,,scientific,0,1,0.08330912682275024,1.0,0.0,0.012005140367210416,0.03460101548638062,0.0008783139624182902,0.012005140367210416,0.03460101548638062,0.0008783139624182902,0.42731164344005845,0.42731164344005845,0.0,0.0,0.0,nan,0,1,1.0,0.0,0.012581920542173794,0.03555129388864347,-0.0017501232970023291,0.012581920542173794,0.03555129388864347,-0.0017501232970023291,0.4306019346009911,0.4306019346009911,0.0,0.0,0.0,nan,0,1,1.0,0.0,0.012005140367210416,0.03460101548638062,0.0008783139624182902,0.012005140367210416,0.03460101548638062,0.0008783139624182902,0.42731164344005845,0.42731164344005845,0.0,0.0,0.0,nan,0
148,0.037000000000000026,0.5,,scientific,0,1,0.08325103119735083,1.0,0.0,0.012206239747366947,0.03449889551341985,0.0009163543472065077,0.012206239747366947,0.03449889551341985,0.0009163543472065077,0.4277409818784571,0.4277409818784571,0.0,0.0,0.0,nan,0,1,1.0,0.0,0.012777686978805481,0.03545558316589803,-0.0017337433359931884,0.012777686978805481,0.03545558316589803,-0.0017337433359931884,0.4308132783132675,0.4308132783132675,0.0,0.0,0.0,nan,0,1,1.0,0.0,0.012206239747366947,0.03449889551341985,0.0009163543472065077,0.012206239747366947,0.03449889551341985,0.0009163543472065077,0.4277409818784571,0.4277409818784571,0.0,0.0,0.0,nan,0
149,0.037250000000000026,0.5,,scientific,0,1,0.08354150932434788,1.0,0.0,0.01217700189676053,0.03450369559197568,0.0009404856728967092,0.01217700189676053,0.03450369559197568,0.0009404856728967092,0.4282270505407655,0.4282270505407655,0.0,0.0,0.0,nan,0,1,1.0,0.0,0.012752107163349992,0.03546361916565744,-0.0017315275168678455,0.012752107163349992,0.03546361916565744,-0.0017315275168678455,0.43107979086254633,0.43107979086254633,0.0,0.0,0.0,nan,0,1,1.0,0.0,0.01217700189676053,0.03450369559197568,0.0009404856728967092,0.01217700189676053,0.03450369559197568,0.0009404856728967092,0.4282270505407655,0.4282270505407655,0.0,0.0,0.0,nan,0
150,0.037500000000000026,0.5,,scientific,0,1,0.08348341369894847,1.0,0.0,0.012223616162875107,0.03449880184918702,0.0009480656362409186,0.012223616162875107,0.03449880184918702,0.0009480656362409186,0.4286366031706679,0.4286366031706679,0.0,0.0,0.0,nan,0,1,1.0,0.0,0.012800707886795333,0.03546245331387153,-0.0017459454778452398,0.012800707886795333,0.03546245331387153,-0.0017459454778452398,0.43127154632660925,0.43127154632660925,0.0,0.0,0.0,nan,0,1,1.0,0.0,0.012223616162875107,0.03449880184918702,0.0009480656362409186,0.012223616162875107,0.03449880184918702,0.0009480656362409186,0.4286366031706679,0.4286366031706679,0.0,0.0,0.0,nan,0
151,0.03775000000000003,0.5,,scientific,0,1,0.08354150932434788,1.0,0.0,0.011933936772214737,0.03463111159883144,0.0012674229400029846,0.011933936772214737,0.03463111159883144,0.0012674229400029846,0.42936638690090617,0.42936638690090617,0.0,0.0,0.0,nan,0,1,1.0,0.0,0.012524132464288334,0.03559388275354353,-0.0014608714388310317,0.012524132464288334,0.03559388275354353,-0.0014608714388310317,0.43177156502545827,0.43177156502545827,0.0,0.0,0.0,nan,0,1,1.0,0.0,0.011933936772214737,0.03463111159883144,0.0012674229400029846,0.011933936772214737,0.03463111159883144,0.0012674229400029846,0.42936638690090617,0.42936638690090617,0.0,0.0,0.0,nan,0
152,0.03800000000000003,0.5,,scientific,0,1,0.08348341369894847,1.0,0.0,0.012514430902062931,0.03469392160130911,0.0012683886212075095,0.012514430902062931,0.03469392160130911,0.0012683886212075095,0.4301555931167772,0.4301555931167772,0.0,0.0,0.0,nan,0,1,1.0,0.0,0.01308788707898943,0.035657451095639864,-0.0014810808353650133,0.01308788707898943,0.035657451095639864,-0.0014810808353650133,0.43233006138976937,0.43233006138976937,0.0,0.0,0.0,nan,0,1,1.0,0.0,0.012514430902062931,0.03469392160130911,0.0012683886212075095,0.012514430902062931,0.03469392160130911,0.0012683886212075095,0.4301555931167772,0.4301555931167772,0.0,0.0,0.0,nan,0
153,0.03825000000000003,0.5,,scientific,0,1,0.08348341369894847,1.0,0.0,0.012532689452798193,0.03477090030178543,0.0013552796137609234,0.012532689452798193,0.03477090030178543,0.0013552796137609234,0.43051040021894904,0.43051040021894904,0.0,0.0,0.0,nan,0,1,1.0,0.0,0.01310819483286664,0.035734477819014565,-0.001418850359115172,0.01310819483286664,0.035734477819014565,-0.001418850359115172,0.4324676892404488,0.4324676892404488,0.0,0.0,0.0,nan,0,1,1.0,0.0,0.012532689452798193,0.03477090030178543,0.0013552796137609234,0.012532689452798193,0.03477090030178543,0.0013552796137609234,0.43051040021894904,0.43051040021894904,0.0,0.0,0.0,nan,0
154,0.03850000000000003,0.5,,scientific,0,1,0.08359960494974729,1.0,0.0,0.012411237272945018,0.03459824285840576,0.001414427194291383,0.012411237272945018,0.03459824285840576,0.001414427194291383,0.43112638686735605,0.43112638686735605,0.0,0.0,0.0,nan,0,1,1.0,0.0,0.01299432409660318,0.03557101145923007,-0.0013839292871865622,0.01299432409660318,0.03557101145923007,-0.0013839292871865622,0.43285545723995694,0.43285545723995694,0.0,0.0,0.0,nan,0,1,1.0,0.0,0.012411237272945018,0.03459824285840576,0.001414427194291383,0.012411237272945018,0.03459824285840576,0.001414427194291383,0.43112638686735605,0.43112638686735605,0.0,0.0,0.0,nan,0
155,0.03875000000000003,0.5,,scientific,0,1,0.0836577005751467,1.0,0.0,0.01246915212379419,0.03462327257850612,0.0015318110409298109,0.01246915212379419,0.03462327257850612,0.0015318110409298109,0.4320437843164435,0.4320437843164435,0.0,0.0,0.0,nan,0,1,1.0,0.0,0.013051428309784799,0.03559762515895099,-0.00129321192280518,0.013051428309784799,0.03559762515895099,-0.00129321192280518,0.4335334886150457,0.4335334886150457,0.0,0.0,0.0,nan,0,1,1.0,0.0,0.01246915212379419,0.03462327257850612,0.0015318110409298109,0.01246915212379419,0.03462327257850612,0.0015318110409298109,0.4320437843164435,0.4320437843164435,0.0,0.0,0.0,nan,0
156,0.03900000000000003,0.5,,scientific,0,1,0.0837157962005461,1.0,0.0,0.012564208473686727,0.034747910685654367,0.001710782740242415,0.012564208473686727,0.034747910685654367,0.001710782740242415,0.43307532729207854,0.43307532729207854,0.0,0.0,0.0,nan,0,1,1.0,0.0,0.013146658135434827,0.03572082991793569,-0.001140989076071545,0.013146658135434827,0.03572082991793569,-0.001140989076071545,0.43432331669469715,0.43432331669469715,0.0,0.0,0.0,nan,0,1,1.0,0.0,0.012564208473686727,0.034747910685654367,0.001710782740242415,0.012564208473686727,0.034747910685654367,0.001710782740242415,0.43307532729207854,0.43307532729207854,0.0,0.0,0.0,nan,0
157,0.03925000000000003,0.5,,scientific,0,1,0.08377389182594551,1.0,0.0,0.012505050698915346,0.03486510600130769,0.0017411640092992453,0.012505050698915346,0.03486510600130769,0.0017411640092992453,0.43383736562584496,0.43383736562584496,0.0,0.0,0.0,nan,0,1,1.0,0.0,0.013092672551146595,0.035837197119279914,-0.0011324615901315582,0.013092672551146595,0.035837197119279914,-0.0011324615901315582,0.434852051408377,0.434852051408377,0.0,0.0,0.0,nan,0,1,1.0,0.0,0.012505050698915346,0.03486510600130769,0.0017411640092992453,0.012505050698915346,0.03486510600130769,0.0017411640092992453,0.43383736562584496,0.43383736562584496,0.0,0.0,0.0,nan,0
158,0.03950000000000003,0.5,,scientific,0,1,0.08400627432754314,1.0,0.0,0.012126936205295213,0.03499235609844575,0.001614093425357393,0.012126936205295213,0.03499235609844575,0.001614093425357393,0.43451478377528613,0.43451478377528613,0.0,0.0,0.0,nan,0,1,1.0,0.0,0.012732110855073779,0.03596368751403089,-0.0012756567044213186,0.012732110855073779,0.03596368751403089,-0.0012756567044213186,0.4352981880571999,0.4352981880571999,0.0,0.0,0.0,nan,0,1,1.0,0.0,0.012126936205295213,0.03499235609844575,0.001614093425357393,0.012126936205295213,0.03499235609844575,0.001614093425357393,0.43451478377528613,0.43451478377528613,0.0,0.0,0.0,nan,0
159,0.03975000000000003,0.5,,scientific,0,1,0.08400627432754314,1.0,0.0,0.01238879444524006,0.03530339346107196,0.0017133264861114255,0.01238879444524006,0.03530339346107196,0.0017133264861114255,0.43439697921470355,0.43439697921470355,0.0,0.0,0.0,nan,0,1,1.0,0.0,0.012988501857265652,0.036267711711034295,-0.0012017853970276242,0.012988501857265652,0.036267711711034295,-0.0012017853970276242,0.43497724229786433,0.43497724229786433,0.0,0.0,0.0,nan,0,1,1.0,0.0,0.01238879444524006,0.03530339346107196,0.0017133264861114255,0.01238879444524006,0.03530339346107196,0.0017133264861114255,0.43439697921470355,0.43439697921470355,0.0,0.0,0.0,nan,0
160,0.04000000000000003,0.5,,scientific,0,1,0.08400627432754314,1.0,0.0,0.012013043793378721,0.03518576495770721,0.00152109071831763,0.012013043793378721,0.03518576495770721,0.00152109071831763,0.43513339901832515,0.43513339901832515,0.0,0.0,0.0,nan,0,1,1.0,0.0,0.012630969531861682,0.036157955283332495,-0.0014075212814762435,0.012630969531861682,0.036157955283332495,-0.0014075212814762435,0.4354792783715008,0.4354792783715008,0.0,0.0,0.0,nan,0,1,1.0,0.0,0.012013043793378721,0.03518576495770721,0.00152109071831763,0.012013043793378721,0.03518576495770721,0.00152109071831763,0.43513339901832515,0.43513339901832515,0.0,0.0,0.0,nan,0
161,0.04025000000000003,0.5,,scientific,0,1,0.08412246557834195,1.0,0.0,0.011850223356344626,0.0352581417556579,0.0016009983766808182,0.011850223356344626,0.0352581417556579,0.0016009983766808182,0.4354887075717972,0.4354887075717972,0.0,0.0,0.0,nan,0,1,1.0,0.0,0.012478083466232191,0.03623225899585563,-0.0013523904012165148,0.012478083466232191,0.03623225899585563,-0.0013523904012165148,0.43561491651995876,0.43561491651995876,0.0,0.0,0.0,nan,0,1,1.0,0.0,0.011850223356344626,0.0352581417556579,0.0016009983766808182,0.011850223356344626,0.0352581417556579,0.0016009983766808182,0.4354887075717972,0.4354887075717972,0.0,0.0,0.0,nan,0
162,0.04050000000000003,0.5,,scientific,0,1,0.08429675245454017,1.0,0.0,0.011889848409837952,0.03523704219311093,0.0018841838248937872,0.011889848409837952,0.03523704219311093,0.0018841838248937872,0.4365963833880819,0.4365963833880819,0.0,0.0,0.0,nan,0,1,1.0,0.0,0.012519445447306123,0.03621530869799532,-0.0011010428776916713,0.012519445447306123,0.03621530869799532,-0.0011010428776916713,0.43647425560077263,0.43647425560077263,0.0,0.0,0.0,nan,0,1,1.0,0.0,0.011889848409837952,0.03523704219311093,0.0018841838248937872,0.011889848409837952,0.03523704219311093,0.0018841838248937872,0.4365963833880819,0.4365963833880819,0.0,0.0,0.0,nan,0
163,0.04075000000000003,0.5,,scientific,0,1,0.08429675245454017,1.0,0.0,0.011901878121150487,0.03538508861838602,0.0018423249949936053,0.011901878121150487,0.03538508861838602,0.0018423249949936053,0.4372222841914894,0.4372222841914894,0.0,0.0,0.0,nan,0,1,1.0,0.0,0.012533956673930579,0.03636187704060124,-0.0011628100897847532,0.012533956673930579,0.03636187704060124,-0.0011628100897847532,0.4368683494158839,0.4368683494158839,0.0,0.0,0.0,nan,0,1,1.0,0.0,0.011901878121150487,0.03538508861838602,0.0018423249949936053,0.011901878121150487,0.03538508861838602,0.0018423249949936053,0.4372222841914894,0.4372222841914894,0.0,0.0,0.0,nan,0
164,0.04100000000000003,0.5,,scientific,0,1,0.08441294370533899,1.0,0.0,0.011908673355118063,0.03548745168816039,0.0018353456653253406,0.011908673355118063,0.03548745168816039,0.0018353456653253406,0.43762689736985094,0.43762689736985094,0.0,0.0,0.0,nan,0,1,1.0,0.0,0.012543949974307089,0.03646373504158776,-0.0011913477494464027,0.012543949974307089,0.03646373504158776,-0.0011913477494464027,0.4370494009814462,0.4370494009814462,0.0,0.0,0.0,nan,0,1,1.0,0.0,0.011908673355118063,0.03548745168816039,0.0018353456653253406,0.011908673355118063,0.03548745168816039,0.0018353456653253406,0.43762689736985094,0.43762689736985094,0.0,0.0,0.0,nan,0
165,0.04125000000000003,0.5,,scientific,0,1,0.08418056120374136,1.0,0.0,0.011985422236398577,0.035273207869566545,0.0017776138737832488,0.011985422236398577,0.035273207869566545,0.0017776138737832488,0.43812298398444466,0.43812298398444466,0.0,0.0,0.0,nan,0,1,1.0,0.0,0.012621568602737688,0.03626127868011026,-0.001268611755126577,0.012621568602737688,0.03626127868011026,-0.001268611755126577,0.4373180009313452,0.4373180009313452,0.0,0.0,0.0,nan,0,1,1.0,0.0,0.011985422236398577,0.035273207869566545,0.0017776138737832488,0.011985422236398577,0.035273207869566545,0.0017776138737832488,0.43812298398444466,0.43812298398444466,0.0,0.0,0.0,nan,0
166,0.04150000000000003,0.5,,scientific,0,1,0.08429675245454017,1.0,0.0,0.012066059426124508,0.035125890649355083,0.0018511183688558832,0.012066059426124508,0.035125890649355083,0.0018511183688558832,0.43882871129925294,0.43882871129925294,0.0,0.0,0.0,nan,0,1,1.0,0.0,0.012701684443686563,0.03612182579498654,-0.0012184924957098242,0.012701684443686563,0.03612182579498654,-0.0012184924957098242,0.43778750656975285,0.43778750656975285,0.0,0.0,0.0,nan,0,1,1.0,0.0,0.012066059426124508,0.035125890649355083,0.0018511183688558832,0.012066059426124508,0.035125890649355083,0.0018511183688558832,0.43882871129925294,0.43882871129925294,0.0,0.0,0.0,nan,0
167,0.04175000000000003,0.5,,scientific,0,1,0.08423865682914077,1.0,0.0,0.012125551078112412,0.03524338965456496,0.001889535062869249,0.012125551078112412,0.03524338965456496,0.001889535062869249,0.43919575131125516,0.43919575131125516,0.0,0.0,0.0,nan,0,1,1.0,0.0,0.012763247432195353,0.03623903335535198,-0.0012018942140208228,0.012763247432195353,0.03623903335535198,-0.0012018942140208228,0.43793223916099994,0.43793223916099994,0.0,0.0,0.0,nan,0,1,1.0,0.0,0.012125551078112412,0.03524338965456496,0.001889535062869249,0.012125551078112412,0.03524338965456496,0.001889535062869249,0.43919575131125516,0.43919575131125516,0.0,0.0,0.0,nan,0
168,0.04200000000000003,0.5,,scientific,0,1,0.08429675245454017,1.0,0.0,0.011960221060088205,0.03514104853093205,0.0018692926024297173,0.011960221060088205,0.03514104853093205,0.0018692926024297173,0.4395820199773341,0.4395820199773341,0.0,0.0,0.0,nan,0,1,1.0,0.0,0.012606765120534862,0.03614398039383774,-0.0012429111290691533,0.012606765120534862,0.03614398039383774,-0.0012429111290691533,0.43809273857507225,0.43809273857507225,0.0,0.0,0.0,nan,0,1,1.0,0.0,0.011960221060088205,0.03514104853093205,0.0018692926024297173,0.011960221060088205,0.03514104853093205,0.0018692926024297173,0.4395820199773341,0.4395820199773341,0.0,0.0,0.0,nan,0
169,0.04225000000000003,0.5,,scientific,0,1,0.08435484807993958,1.0,0.0,0.012001240946671926,0.035179169122980976,0.0019250333745967762,0.012001240946671926,0.035179169122980976,0.0019250333745967762,0.44006632564151305,0.44006632564151305,0.0,0.0,0.0,nan,0,1,1.0,0.0,0.012648729455088298,0.03618472445301674,-0.0012114699072373033,0.012648729455088298,0.03618472445301674,-0.0012114699072373033,0.43834730986298437,0.43834730986298437,0.0,0.0,0.0,nan,0,1,1.0,0.0,0.012001240946671926,0.035179169122980976,0.0019250333745967762,0.012001240946671926,0.035179169122980976,0.0019250333745967762,0.44006632564151305,0.44006632564151305,0.0,0.0,0.0,nan,0
170,0.04250000000000003,0.5,,scientific,0,1,0.08435484807993958,1.0,0.0,0.011923740605958634,0.03519538654981345,0.0018597094526907453,0.011923740605958634,0.03519538654981345,0.0018597094526907453,0.44051972873932693,0.44051972873932693,0.0,0.0,0.0,nan,0,1,1.0,0.0,0.012577526730863132,0.03620379951613879,-0.001295827600556821,0.012577526730863132,0.03620379951613879,-0.001295827600556821,0.43857296242354005,0.43857296242354005,0.0,0.0,0.0,nan,0,1,1.0,0.0,0.011923740605958634,0.03519538654981345,0.0018597094526907453,0.011923740605958634,0.03519538654981345,0.0018597094526907453,0.44051972873932693,0.44051972873932693,0.0,0.0,0.0,nan,0
171,0.04275000000000003,0.5,,scientific,0,1,0.08447103933073839,1.0,0.0,0.01197034690289797,0.03519432010215267,0.0019931088070470416,0.01197034690289797,0.03519432010215267,0.0019931088070470416,0.44136390790547464,0.44136390790547464,0.0,0.0,0.0,nan,0,1,1.0,0.0,0.012625163049904919,0.03620551884178318,-0.0011885117635186454,0.012625163049904919,0.03620551884178318,-0.0011885117635186454,0.43917397480819786,0.43917397480819786,0.0,0.0,0.0,nan,0,1,1.0,0.0,0.01197034690289797,0.03519432010215267,0.0019931088070470416,0.01197034690289797,0.03519432010215267,0.0019931088070470416,0.44136390790547464,0.44136390790547464,0.0,0.0,0.0,nan,0
172,0.04300000000000003,0.5,,scientific,0,1,0.08487770870853424,1.0,0.0,0.011965114161270956,0.035352998229677426,0.0017555881321961438,0.011965114161270956,0.035352998229677426,0.0017555881321961438,0.44196416489588625,0.44196416489588625,0.0,0.0,0.0,nan,0,1,1.0,0.0,0.012624123096250724,0.03636166473708472,-0.0014371810178922116,0.012624123096250724,0.03636166473708472,-0.0014371810178922116,0.43953972776166866,0.43953972776166866,0.0,0.0,0.0,nan,0,1,1.0,0.0,0.011965114161270956,0.035352998229677426,0.0017555881321961438,0.011965114161270956,0.035352998229677426,0.0017555881321961438,0.44196416489588625,0.44196416489588625,0.0,0.0,0.0,nan,0
173,0.04325000000000003,0.5,,scientific,0,1,0.08481961308313483,1.0,0.0,0.012044762206111942,0.035459692144434535,0.001742935564099573,0.012044762206111942,0.035459692144434535,0.001742935564099573,0.4427144411355931,0.4427144411355931,0.0,0.0,0.0,nan,0,1,1.0,0.0,0.012703310742311864,0.03646688427274792,-0.0014715207553943925,0.012703310742311864,0.03646688427274792,-0.0014715207553943925,0.44004855243943114,0.44004855243943114,0.0,0.0,0.0,nan,0,1,1.0,0.0,0.012044762206111942,0.035459692144434535,0.001742935564099573,0.012044762206111942,0.035459692144434535,0.001742935564099573,0.4427144411355931,0.4427144411355931,0.0,0.0,0.0,nan,0
174,0.04350000000000003,0.5,,scientific,0,1,0.08493580433393365,1.0,0.0,0.01204178622354523,0.035389158388114426,0.0018310759154195352,0.01204178622354523,0.035389158388114426,0.0018310759154195352,0.4433293997065459,0.4433293997065459,0.0,0.0,0.0,nan,0,1,1.0,0.0,0.012703690299045063,0.03640314979633379,-0.0014076825858446783,0.012703690299045063,0.03640314979633379,-0.0014076825858446783,0.4404282266653917,0.4404282266653917,0.0,0.0,0.0,nan,0,1,1.0,0.0,0.01204178622354523,0.035389158388114426,0.0018310759154195352,0.01204178622354523,0.035389158388114426,0.0018310759154195352,0.4433293997065459,0.4433293997065459,0.0,0.0,0.0,nan,0
175,0.04375000000000003,0.5,,scientific,0,1,0.08505199558473248,1.0,0.0,0.011982414245391964,0.03527095711868614,0.001446451874799829,0.011982414245391964,0.03527095711868614,0.001446451874799829,0.44415377206803464,0.44415377206803464,0.0,0.0,0.0,nan,0,1,1.0,0.0,0.012649338371107677,0.03629301792157553,-0.0017993024752086925,0.012649338371107677,0.03629301792157553,-0.0017993024752086925,0.4410063963810721,0.4410063963810721,0.0,0.0,0.0,nan,0,1,1.0,0.0,0.011982414245391964,0.03527095711868614,0.001446451874799829,0.011982414245391964,0.03527095711868614,0.001446451874799829,0.44415377206803464,0.44415377206803464,0.0,0.0,0.0,nan,0
176,0.04400000000000003,0.5,,scientific,0,1,0.08505199558473248,1.0,0.0,0.012163352316013853,0.03550412467030163,0.001512647626856676,0.012163352316013853,0.03550412467030163,0.001512647626856676,0.44474848653733057,0.44474848653733057,0.0,0.0,0.0,nan,0,1,1.0,0.0,0.012826991012015263,0.03652084066380297,-0.001757084246502741,0.012826991012015263,0.03652084066380297,-0.001757084246502741,0.44136477618414327,0.44136477618414327,0.0,0.0,0.0,nan,0,1,1.0,0.0,0.012163352316013853,0.03550412467030163,0.001512647626856676,0.012163352316013853,0.03550412467030163,0.001512647626856676,0.44474848653733057,0.44474848653733057,0.0,0.0,0.0,nan,0
177,0.04425000000000003,0.5,,scientific,0,1,0.08499389995933307,1.0,0.0,0.012044268760650755,0.035355102210131675,0.0016541783542058713,0.012044268760650755,0.035355102210131675,0.0016541783542058713,0.4453348343217731,0.4453348343217731,0.0,0.0,0.0,nan,0,1,1.0,0.0,0.012714818408914258,0.036381075150525244,-0.001642028847190069,0.012714818408914258,0.036381075150525244,-0.001642028847190069,0.4417158809415218,0.4417158809415218,0.0,0.0,0.0,nan,0,1,1.0,0.0,0.012044268760650755,0.035355102210131675,0.0016541783542058713,0.012044268760650755,0.035355102210131675,0.0016541783542058713,0.4453348343217731,0.4453348343217731,0.0,0.0,0.0,nan,0
178,0.04450000000000003,0.5,,scientific,0,1,0.08499389995933307,1.0,0.0,0.01205124932690573,0.0354603329837473,0.0015879578200239564,0.01205124932690573,0.0354603329837473,0.0015879578200239564,0.44591946196301085,0.44591946196301085,0.0,0.0,0.0,nan,0,1,1.0,0.0,0.012725061472828172,0.03648597640199664,-0.001727622268166903,0.012725061472828172,0.03648597640199664,-0.001727622268166903,0.442064076170029,0.442064076170029,0.0,0.0,0.0,nan,0,1,1.0,0.0,0.01205124932690573,0.0354603329837473,0.0015879578200239564,0.01205124932690573,0.0354603329837473,0.0015879578200239564,0.44591946196301085,0.44591946196301085,0.0,0.0,0.0,nan,0
179,0.04475000000000003,0.5,,scientific,0,1,0.08505199558473248,1.0,0.0,0.01201482432489597,0.035220012157634935,0.0014617941148036392,0.01201482432489597,0.035220012157634935,0.0014617941148036392,0.44644862956315917,0.44644862956315917,0.0,0.0,0.0,nan,0,1,1.0,0.0,0.01269332336148737,0.03625851034726525,-0.001870613392546557,0.01269332336148737,0.03625851034726525,-0.001870613392546557,0.44235828861556004,0.44235828861556004,0.0,0.0,0.0,nan,0,1,1.0,0.0,0.01201482432489597,0.035220012157634935,0.0014617941148036392,0.01201482432489597,0.035220012157634935,0.0014617941148036392,0.44644862956315917,0.44644862956315917,0.0,0.0,0.0,nan,0
180,0.04500000000000003,0.5,,scientific,0,1,0.08505199558473248,1.0,0.0,0.012096462209839667,0.03536497990786991,0.0014083540122212352,0.012096462209839667,0.03536497990786991,0.0014083540122212352,0.4470749907473212,0.4470749907473212,0.0,0.0,0.0,nan,0,1,1.0,0.0,0.01277502333378262,0.03640174423758015,-0.0019425596704263546,0.01277502333378262,0.03640174423758015,-0.0019425596704263546,0.44274546174266294,0.44274546174266294,0.0,0.0,0.0,nan,0,1,1.0,0.0,0.012096462209839667,0.03536497990786991,0.0014083540122212352,0.012096462209839667,0.03536497990786991,0.0014083540122212352,0.4470749907473212,0.4470749907473212,0.0,0.0,0.0,nan,0
181,0.04525000000000003,0.5,,scientific,0,1,0.08505199558473248,1.0,0.0,0.012252698115815749,0.03535922506604817,0.0013973064651422449,0.012252698115815749,0.03535922506604817,0.0013973064651422449,0.4475729776583061,0.4475729776583061,0.0,0.0,0.0,nan,0,1,1.0,0.0,0.01292869083404645,0.03640022173102864,-0.0019748183957706807,0.01292869083404645,0.03640022173102864,-0.0019748183957706807,0.4430097894899394,0.4430097894899394,0.0,0.0,0.0,nan,0,1,1.0,0.0,0.012252698115815749,0.03535922506604817,0.0013973064651422449,0.012252698115815749,0.03535922506604817,0.0013973064651422449,0.4475729776583061,0.4475729776583061,0.0,0.0,0.0,nan,0
182,0.045500000000000033,0.5,,scientific,0,1,0.08505199558473248,1.0,0.0,0.012241211613480161,0.035369484823236104,0.001346893079811455,0.012241211613480161,0.035369484823236104,0.001346893079811455,0.4480303520948572,0.4480303520948572,0.0,0.0,0.0,nan,0,1,1.0,0.0,0.01292132236951421,0.03641351935817302,-0.0020452844231995254,0.01292132236951421,0.03641351935817302,-0.0020452844231995254,0.4432337928468664,0.4432337928468664,0.0,0.0,0.0,nan,0,1,1.0,0.0,0.012241211613480161,0.035369484823236104,0.001346893079811455,0.012241211613480161,0.035369484823236104,0.001346893079811455,0.4480303520948572,0.4480303520948572,0.0,0.0,0.0,nan,0
183,0.045750000000000034,0.5,,scientific,0,1,0.08505199558473248,1.0,0.0,0.012090678798993882,0.03538491391867727,0.0014789000962729315,0.012090678798993882,0.03538491391867727,0.0014789000962729315,0.44862378473662873,0.44862378473662873,0.0,0.0,0.0,nan,0,1,1.0,0.0,0.012780404512664024,0.036432278693163934,-0.0019401812076246965,0.012780404512664024,0.036432278693163934,-0.0019401812076246965,0.44358852069379623,0.44358852069379623,0.0,0.0,0.0,nan,0,1,1.0,0.0,0.012090678798993882,0.03538491391867727,0.0014789000962729315,0.012090678798993882,0.03538491391867727,0.0014789000962729315,0.44862378473662873,0.44862378473662873,0.0,0.0,0.0,nan,0
184,0.046000000000000034,0.5,,scientific,0,1,0.08511009121013188,1.0,0.0,0.012173035570418432,0.03518775649030168,0.0018711711165649999,0.012173035570418432,0.03518775649030168,0.0018711711165649999,0.4490423957580796,0.4490423957580796,0.0,0.0,0.0,nan,0,1,1.0,0.0,0.01286285857463105,0.036247071611949455,-0.001585784655862449,0.01286285857463105,0.036247071611949455,-0.001585784655862449,0.44377647536420667,0.44377647536420667,0.0,0.0,0.0,nan,0,1,1.0,0.0,0.012173035570418432,0.03518775649030168,0.0018711711165649999,0.012173035570418432,0.03518775649030168,0.0018711711165649999,0.4490423957580796,0.4490423957580796,0.0,0.0,0.0,nan,0
185,0.046250000000000034,0.5,,scientific,0,1,0.08505199558473248,1.0,0.0,0.01236602965953555,0.03523632461234842,0.0017626225550011277,0.01236602965953555,0.03523632461234842,0.0017626225550011277,0.44976038070440916,0.44976038070440916,0.0,0.0,0.0,nan,0,1,1.0,0.0,0.013051450974029676,0.03629747039733841,-0.0017116294553846552,0.013051450974029676,0.03629747039733841,-0.0017116294553846552,0.44424949919423545,0.44424949919423545,0.0,0.0,0.0,nan,0,1,1.0,0.0,0.01236602965953555,0.03523632461234842,0.0017626225550011277,0.01236602965953555,0.03523632461234842,0.0017626225550011277,0.44976038070440916,0.44976038070440916,0.0,0.0,0.0,nan,0
186,0.046500000000000034,0.5,,scientific,0,1,0.08511009121013188,1.0,0.0,0.01242602491802001,0.0352745097492656,0.0017050116600308347,0.01242602491802001,0.0352745097492656,0.0017050116600308347,0.45006703699018336,0.45006703699018336,0.0,0.0,0.0,nan,0,1,1.0,0.0,0.013112554502895567,0.03633776481335982,-0.0017888262243677077,0.013112554502895567,0.03633776481335982,-0.0017888262243677077,0.4443290485736846,0.4443290485736846,0.0,0.0,0.0,nan,0,1,1.0,0.0,0.01242602491802001,0.0352745097492656,0.0017050116600308347,0.01242602491802001,0.0352745097492656,0.0017050116600308347,0.45006703699018336,0.45006703699018336,0.0,0.0,0.0,nan,0
187,0.046750000000000035,0.5,,scientific,0,1,0.0852262824609307,1.0,0.0,0.012347599839361843,0.035244581277424004,0.001662328751032407,0.012347599839361843,0.035244581277424004,0.001662328751032407,0.45065114649819565,0.45065114649819565,0.0,0.0,0.0,nan,0,1,1.0,0.0,0.01304001064432612,0.03631225536484321,-0.0018511313248786875,0.01304001064432612,0.03631225536484321,-0.0018511313248786875,0.4446731304422552,0.4446731304422552,0.0,0.0,0.0,nan,0,1,1.0,0.0,0.012347599839361843,0.035244581277424004,0.001662328751032407,0.012347599839361843,0.035244581277424004,0.001662328751032407,0.45065114649819565,0.45065114649819565,0.0,0.0,0.0,nan,0
188,0.047000000000000035,0.5,,scientific,0,1,0.0852262824609307,1.0,0.0,0.012406631125568541,0.035354191028076215,0.0017870514262807332,0.012406631125568541,0.035354191028076215,0.0017870514262807332,0.4509425730058892,0.4509425730058892,0.0,0.0,0.0,nan,0,1,1.0,0.0,0.013100247237932018,0.036421854507274844,-0.001753418432779811,0.013100247237932018,0.036421854507274844,-0.001753418432779811,0.44473849590665604,0.44473849590665604,0.0,0.0,0.0,nan,0,1,1.0,0.0,0.012406631125568541,0.035354191028076215,0.0017870514262807332,0.012406631125568541,0.035354191028076215,0.0017870514262807332,0.4509425730058892,0.4509425730058892,0.0,0.0,0.0,nan,0
189,0.047250000000000035,0.5,,scientific,0,1,0.0852843780863301,1.0,0.0,0.012487362118931793,0.03541723891883218,0.001646201737765755,0.012487362118931793,0.03541723891883218,0.001646201737765755,0.451533985171338,0.451533985171338,0.0,0.0,0.0,nan,0,1,1.0,0.0,0.013180910159347874,0.036485757975677914,-0.0019109794997269306,0.013180910159347874,0.036485757975677914,-0.0019109794997269306,0.44508832857998204,0.44508832857998204,0.0,0.0,0.0,nan,0,1,1.0,0.0,0.012487362118931793,0.03541723891883218,0.001646201737765755,0.012487362118931793,0.03541723891883218,0.001646201737765755,0.451533985171338,0.451533985171338,0.0,0.0,0.0,nan,0
190,0.047500000000000035,0.5,,scientific,0,1,0.08557485621332714,1.0,0.0,0.01234246245077302,0.03537457318814423,0.0016374720604285808,0.01234246245077302,0.03537457318814423,0.0016374720604285808,0.45215511812719933,0.45215511812719933,0.0,0.0,0.0,nan,0,1,1.0,0.0,0.013044938398896762,0.03644810204529105,-0.0019410645058935794,0.013044938398896762,0.03644810204529105,-0.0019410645058935794,0.44546660234649355,0.44546660234649355,0.0,0.0,0.0,nan,0,1,1.0,0.0,0.01234246245077302,0.03537457318814423,0.0016374720604285808,0.01234246245077302,0.03537457318814423,0.0016374720604285808,0.45215511812719933,0.45215511812719933,0.0,0.0,0.0,nan,0
191,0.047750000000000035,0.5,,scientific,0,1,0.08580723871492477,1.0,0.0,0.012236548223668745,0.03529151706289905,0.0016085280012845136,0.012236548223668745,0.03529151706289905,0.0016085280012845136,0.4526283824747872,0.4526283824747872,0.0,0.0,0.0,nan,0,1,1.0,0.0,0.012945428721601513,0.036371710853962576,-0.0019905217538378145,0.012945428721601513,0.036371710853962576,-0.0019905217538378145,0.44570310381337214,0.44570310381337214,0.0,0.0,0.0,nan,0,1,1.0,0.0,0.012236548223668745,0.03529151706289905,0.0016085280012845136,0.012236548223668745,0.03529151706289905,0.0016085280012845136,0.4526283824747872,0.4526283824747872,0.0,0.0,0.0,nan,0
192,0.048000000000000036,0.5,,scientific,0,1,0.08586533434032417,1.0,0.0,0.012232489991454673,0.03536456814223635,0.0016215357713861317,0.012232489991454673,0.03536456814223635,0.0016215357713861317,0.45285903722104226,0.45285903722104226,0.0,0.0,0.0,nan,0,1,1.0,0.0,0.012944726817034732,0.03644603163389667,-0.002000150227750401,0.012944726817034732,0.03644603163389667,-0.002000150227750401,0.4457095842352989,0.4457095842352989,0.0,0.0,0.0,nan,0,1,1.0,0.0,0.012232489991454673,0.03536456814223635,0.0016215357713861317,0.012232489991454673,0.03536456814223635,0.0016215357713861317,0.45285903722104226,0.45285903722104226,0.0,0.0,0.0,nan,0
193,0.048250000000000036,0.5,,scientific,0,1,0.08598152559112299,1.0,0.0,0.012042829037863035,0.03517301775888859,0.0018029480800461962,0.012042829037863035,0.03517301775888859,0.0018029480800461962,0.4534256689537258,0.4534256689537258,0.0,0.0,0.0,nan,0,1,1.0,0.0,0.012765415517790583,0.03626589297075542,-0.0018471517572267958,0.012765415517790583,0.03626589297075542,-0.0018471517572267958,0.4460369030354744,0.4460369030354744,0.0,0.0,0.0,nan,0,1,1.0,0.0,0.012042829037863035,0.03517301775888859,0.0018029480800461962,0.012042829037863035,0.03517301775888859,0.0018029480800461962,0.4534256689537258,0.4534256689537258,0.0,0.0,0.0,nan,0
194,0.048500000000000036,0.5,,scientific,0,1,0.0860396212165224,1.0,0.0,0.01210569846508902,0.035082537914949086,0.002033713843462971,0.01210569846508902,0.035082537914949086,0.002033713843462971,0.4542168516061892,0.4542168516061892,0.0,0.0,0.0,nan,0,1,1.0,0.0,0.012828939091365864,0.036182140132356766,-0.0016476060156311834,0.012828939091365864,0.036182140132356766,-0.0016476060156311834,0.44657495612938974,0.44657495612938974,0.0,0.0,0.0,nan,0,1,1.0,0.0,0.01210569846508902,0.035082537914949086,0.002033713843462971,0.01210569846508902,0.035082537914949086,0.002033713843462971,0.4542168516061892,0.4542168516061892,0.0,0.0,0.0,nan,0
195,0.048750000000000036,0.5,,scientific,0,1,0.08615581246732121,1.0,0.0,0.012024044251008016,0.035065396614348925,0.001885570972100262,0.012024044251008016,0.035065396614348925,0.001885570972100262,0.45462223506388133,0.45462223506388133,0.0,0.0,0.0,nan,0,1,1.0,0.0,0.012754256806356994,0.03616937708151425,-0.0018114422646179171,0.012754256806356994,0.03616937708151425,-0.0018114422646179171,0.4467463283121772,0.4467463283121772,0.0,0.0,0.0,nan,0,1,1.0,0.0,0.012024044251008016,0.035065396614348925,0.001885570972100262,0.012024044251008016,0.035065396614348925,0.001885570972100262,0.45462223506388133,0.45462223506388133,0.0,0.0,0.0,nan,0
196,0.04900000000000004,0.5,,scientific,0,1,0.08615581246732121,1.0,0.0,0.012223312289832599,0.035330288745853936,0.0019393973935610122,0.012223312289832599,0.035330288745853936,0.0019393973935610122,0.4551137671269584,0.4551137671269584,0.0,0.0,0.0,nan,0,1,1.0,0.0,0.01294864331708203,0.03642742028064899,-0.00178183374683972,0.01294864331708203,0.03642742028064899,-0.00178183374683972,0.44699959477056234,0.44699959477056234,0.0,0.0,0.0,nan,0,1,1.0,0.0,0.012223312289832599,0.035330288745853936,0.0019393973935610122,0.012223312289832599,0.035330288745853936,0.0019393973935610122,0.4551137671269584,0.4551137671269584,0.0,0.0,0.0,nan,0
197,0.04925000000000004,0.5,,scientific,0,1,0.08621390809272061,1.0,0.0,0.012316032124148835,0.035432104389849096,0.0019556088869543318,0.012316032124148835,0.035432104389849096,0.0019556088869543318,0.4558075076709017,0.4558075076709017,0.0,0.0,0.0,nan,0,1,1.0,0.0,0.013040142206729994,0.03652883674181898,-0.00178769001193263,0.013040142206729994,0.03652883674181898,-0.00178769001193263,0.44744433194879857,0.44744433194879857,0.0,0.0,0.0,nan,0,1,1.0,0.0,0.012316032124148835,0.035432104389849096,0.0019556088869543318,0.012316032124148835,0.035432104389849096,0.0019556088869543318,0.4558075076709017,0.4558075076709017,0.0,0.0,0.0,nan,0
198,0.04950000000000004,0.5,,scientific,0,1,0.08644629059431824,1.0,0.0,0.012421518484572448,0.035624613128175414,0.0019124821676939773,0.012421518484572448,0.035624613128175414,0.0019124821676939773,0.45613422424241196,0.45613422424241196,0.0,0.0,0.0,nan,0,1,1.0,0.0,0.013144799559543388,0.03671782746796856,-0.0018508894048302948,0.013144799559543388,0.03671782746796856,-0.0018508894048302948,0.44754085041846375,0.44754085041846375,0.0,0.0,0.0,nan,0,1,1.0,0.0,0.012421518484572448,0.035624613128175414,0.0019124821676939773,0.012421518484572448,0.035624613128175414,0.0019124821676939773,0.45613422424241196,0.45613422424241196,0.0,0.0,0.0,nan,0
199,0.04975000000000004,0.5,,scientific,0,1,0.08644629059431824,1.0,0.0,0.0124041994754508,0.03551868465830507,0.002208251931423122,0.0124041994754508,0.03551868465830507,0.002208251931423122,0.4569235220944462,0.4569235220944462,0.0,0.0,0.0,nan,0,1,1.0,0.0,0.013131360554618044,0.03661936018583641,-0.001589032002841426,0.013131360554618044,0.03661936018583641,-0.001589032002841426,0.4480758510061449,0.4480758510061449,0.0,0.0,0.0,nan,0,1,1.0,0.0,0.0124041994754508,0.03551868465830507,0.002208251931423122,0.0124041994754508,0.03551868465830507,0.002208251931423122,0.4569235220944462,0.4569235220944462,0.0,0.0,0.0,nan,0
200,0.05000000000000004,0.5,,scientific,0,1,0.08650438621971765,1.0,0.0,0.01231554457772447,0.03534519425643199,0.0022303459242724805,0.01231554457772447,0.03534519425643199,0.0022303459242724805,0.45745018371330726,0.45745018371330726,0.0,0.0,0.0,nan,0,1,1.0,0.0,0.013049370080601001,0.0364570538689551,-0.0015890911316439945,0.013049370080601001,0.0364570538689551,-0.0015890911316439945,0.44836206867494155,0.44836206867494155,0.0,0.0,0.0,nan,0,1,1.0,0.0,0.01231554457772447,0.03534519425643199,0.0022303459242724805,0.01231554457772447,0.03534519425643199,0.0022303459242724805,0.45745018371330726,0.45745018371330726,0.0,0.0,0.0,nan,0
201,0.05025000000000004,0.5,,scientific,0,1,0.08656248184511706,1.0,0.0,0.012233476244483303,0.03522642667939209,0.002310719291804028,0.012233476244483303,0.03522642667939209,0.002310719291804028,0.45834543732544625,0.45834543732544625,0.0,0.0,0.0,nan,0,1,1.0,0.0,0.012973313284116758,0.036346206070593634,-0.0015335896621592245,0.012973313284116758,0.036346206070593634,-0.0015335896621592245,0.44899615034527035,0.44899615034527035,0.0,0.0,0.0,nan,0,1,1.0,0.0,0.012233476244483303,0.03522642667939209,0.002310719291804028,0.012233476244483303,0.03522642667939209,0.002310719291804028,0.45834543732544625,0.45834543732544625,0.0,0.0,0.0,nan,0
202,0.05050000000000004,0.5,,scientific,0,1,0.08656248184511706,1.0,0.0,0.012231481526139253,0.03538176103088351,0.00216130419408629,0.012231481526139253,0.03538176103088351,0.00216130419408629,0.4589708663072324,0.4589708663072324,0.0,0.0,0.0,nan,0,1,1.0,0.0,0.012974110033773936,0.03649951893751002,-0.0016976650568773148,0.012974110033773936,0.03649951893751002,-0.0016976650568773148,0.44937449820939634,0.44937449820939634,0.0,0.0,0.0,nan,0,1,1.0,0.0,0.012231481526139253,0.03538176103088351,0.00216130419408629,0.012231481526139253,0.03538176103088351,0.00216130419408629,0.4589708663072324,0.4589708663072324,0.0,0.0,0.0,nan,0
203,0.05075000000000004,0.5,,scientific,0,1,0.08656248184511706,1.0,0.0,0.012058477433491411,0.035471617753928986,0.002454428023059184,0.012058477433491411,0.035471617753928986,0.002454428023059184,0.459547053306071,0.459547053306071,0.0,0.0,0.0,nan,0,1,1.0,0.0,0.012811773486232421,0.036589059706345024,-0.0014385040046257685,0.012811773486232421,0.036589059706345024,-0.0014385040046257685,0.4497069895916385,0.4497069895916385,0.0,0.0,0.0,nan,0,1,1.0,0.0,0.012058477433491411,0.035471617753928986,0.002454428023059184,0.012058477433491411,0.035471617753928986,0.002454428023059184,0.459547053306071,0.459547053306071,0.0,0.0,0.0,nan,0
204,0.05100000000000004,0.5,,scientific,0,1,0.08662057747051646,1.0,0.0,0.011963995354866107,0.03540185818020911,0.0024490005218835652,0.011963995354866107,0.03540185818020911,0.0024490005218835652,0.4601993295060821,0.4601993295060821,0.0,0.0,0.0,nan,0,1,1.0,0.0,0.012724669941068233,0.03652590919622966,-0.0014656807509773105,0.012724669941068233,0.03652590919622966,-0.0014656807509773105,0.45010972701980767,0.45010972701980767,0.0,0.0,0.0,nan,0,1,1.0,0.0,0.011963995354866107,0.03540185818020911,0.0024490005218835652,0.011963995354866107,0.03540185818020911,0.0024490005218835652,0.4601993295060821,0.4601993295060821,0.0,0.0,0.0,nan,0
205,0.05125000000000004,0.5,,scientific,0,1,0.08673676872131529,1.0,0.0,0.012133347416879109,0.03552738809788132,0.0024583723744068834,0.012133347416879109,0.03552738809788132,0.0024583723744068834,0.4606303548318682,0.4606303548318682,0.0,0.0,0.0,nan,0,1,1.0,0.0,0.012890950297268252,0.03664972473499538,-0.0014787734878312921,0.012890950297268252,0.03664972473499538,-0.0014787734878312921,0.45030241861535325,0.45030241861535325,0.0,0.0,0.0,nan,0,1,1.0,0.0,0.012133347416879109,0.03552738809788132,0.0024583723744068834,0.012133347416879109,0.03552738809788132,0.0024583723744068834,0.4606303548318682,0.4606303548318682,0.0,0.0,0.0,nan,0
206,0.05150000000000004,0.5,,scientific,0,1,0.08673676872131529,1.0,0.0,0.012068272686268451,0.03556708425295202,0.002512232550293714,0.012068272686268451,0.03556708425295202,0.002512232550293714,0.46102720822648857,0.46102720822648857,0.0,0.0,0.0,nan,0,1,1.0,0.0,0.012831767452651415,0.03669155986059847,-0.0014495408278567313,0.012831767452651415,0.03669155986059847,-0.0014495408278567313,0.4504628088426438,0.4504628088426438,0.0,0.0,0.0,nan,0,1,1.0,0.0,0.012068272686268451,0.03556708425295202,0.002512232550293714,0.012068272686268451,0.03556708425295202,0.002512232550293714,0.46102720822648857,0.46102720822648857,0.0,0.0,0.0,nan,0
207,0.05175000000000004,0.5,,scientific,0,1,0.0867948643467147,1.0,0.0,0.012069194905261333,0.03553171707847399,0.002337896270106876,0.012069194905261333,0.03553171707847399,0.002337896270106876,0.46148734306774497,0.46148734306774497,0.0,0.0,0.0,nan,0,1,1.0,0.0,0.012836014606631212,0.03666155090388236,-0.0016384819102224254,0.012836014606631212,0.03666155090388236,-0.0016384819102224254,0.4506829351868658,0.4506829351868658,0.0,0.0,0.0,nan,0,1,1.0,0.0,0.012069194905261333,0.03553171707847399,0.002337896270106876,0.012069194905261333,0.03553171707847399,0.002337896270106876,0.46148734306774497,0.46148734306774497,0.0,0.0,0.0,nan,0
208,0.05200000000000004,0.5,,scientific,0,1,0.08673676872131529,1.0,0.0,0.012217460488212916,0.03563351878304125,0.002308533467951082,0.012217460488212916,0.03563351878304125,0.002308533467951082,0.461953970321256,0.461953970321256,0.0,0.0,0.0,nan,0,1,1.0,0.0,0.012982509607280424,0.036762782537633515,-0.0016878370133491473,0.012982509607280424,0.036762782537633515,-0.0016878370133491473,0.45090809690051525,0.45090809690051525,0.0,0.0,0.0,nan,0,1,1.0,0.0,0.012217460488212916,0.03563351878304125,0.002308533467951082,0.012217460488212916,0.03563351878304125,0.002308533467951082,0.461953970321256,0.461953970321256,0.0,0.0,0.0,nan,0
209,0.05225000000000004,0.5,,scientific,0,1,0.08691105559751351,1.0,0.0,0.012280220695051773,0.035761733733424096,0.002441045580232321,0.012280220695051773,0.035761733733424096,0.002441045580232321,0.4625615212688743,0.4625615212688743,0.0,0.0,0.0,nan,0,1,1.0,0.0,0.013046217452434,0.03688953683124802,-0.0015821552548828644,0.013046217452434,0.03688953683124802,-0.0015821552548828644,0.4512678438342175,0.4512678438342175,0.0,0.0,0.0,nan,0,1,1.0,0.0,0.012280220695051773,0.035761733733424096,0.002441045580232321,0.012280220695051773,0.035761733733424096,0.002441045580232321,0.4625615212688743,0.4625615212688743,0.0,0.0,0.0,nan,0
210,0.05250000000000004,0.5,,scientific,0,1,0.08691105559751351,1.0,0.0,0.012307534581218983,0.035741483302593864,0.0023764375668665692,0.012307534581218983,0.035741483302593864,0.0023764375668665692,0.4630592934955995,0.4630592934955995,0.0,0.0,0.0,nan,0,1,1.0,0.0,0.01307583646670494,0.036874283498112184,-0.0016655527203126583,0.01307583646670494,0.036874283498112184,-0.0016655527203126583,0.4515234028802315,0.4515234028802315,0.0,0.0,0.0,nan,0,1,1.0,0.0,0.012307534581218983,0.035741483302593864,0.0023764375668665692,0.012307534581218983,0.035741483302593864,0.0023764375668665692,0.4630592934955995,0.4630592934955995,0.0,0.0,0.0,nan,0
211,0.05275000000000004,0.5,,scientific,0,1,0.08708534247371173,1.0,0.0,0.012460660051086802,0.03558981550279142,0.002324065734852416,0.012460660051086802,0.03558981550279142,0.002324065734852416,0.46334753180809746,0.46334753180809746,0.0,0.0,0.0,nan,0,1,1.0,0.0,0.01322661458650244,0.03673271435995023,-0.0017377649059128102,0.01322661458650244,0.03673271435995023,-0.0017377649059128102,0.45158013807515296,0.45158013807515296,0.0,0.0,0.0,nan,0,1,1.0,0.0,0.012460660051086802,0.03558981550279142,0.002324065734852416,0.012460660051086802,0.03558981550279142,0.002324065734852416,0.46334753180809746,0.46334753180809746,0.0,0.0,0.0,nan,0
212,0.05300000000000004,0.5,,scientific,0,1,0.08708534247371173,1.0,0.0,0.012389432872207826,0.03560955303058433,0.0023363976951267817,0.012389432872207826,0.03560955303058433,0.0023363976951267817,0.4636478173580544,0.4636478173580544,0.0,0.0,0.0,nan,0,1,1.0,0.0,0.013161588774774045,0.0367554148890358,-0.0017481741164057064,0.013161588774774045,0.0367554148890358,-0.0017481741164057064,0.4516485124710375,0.4516485124710375,0.0,0.0,0.0,nan,0,1,1.0,0.0,0.012389432872207826,0.03560955303058433,0.0023363976951267817,0.012389432872207826,0.03560955303058433,0.0023363976951267817,0.4636478173580544,0.4636478173580544,0.0,0.0,0.0,nan,0
213,0.05325000000000004,0.5,,scientific,0,1,0.08714343809911114,1.0,0.0,0.01251873020880957,0.03556973591019635,0.002254958902398474,0.01251873020880957,0.03556973591019635,0.002254958902398474,0.46409396963897936,0.46409396963897936,0.0,0.0,0.0,nan,0,1,1.0,0.0,0.01328883880504194,0.0367212536601441,-0.0018478177907722015,0.01328883880504194,0.0367212536601441,-0.0018478177907722015,0.4518535881064438,0.4518535881064438,0.0,0.0,0.0,nan,0,1,1.0,0.0,0.01251873020880957,0.03556973591019635,0.002254958902398474,0.01251873020880957,0.03556973591019635,0.002254958902398474,0.46409396963897936,0.46409396963897936,0.0,0.0,0.0,nan,0
214,0.05350000000000004,0.5,,scientific,0,1,0.08737582060070877,1.0,0.0,0.012344910272201534,0.035492995273793966,0.002324384130156443,0.012344910272201534,0.035492995273793966,0.002324384130156443,0.46448754320212626,0.46448754320212626,0.0,0.0,0.0,nan,0,1,1.0,0.0,0.013125526128043168,0.036651455637444125,-0.0018037445300906612,0.013125526128043168,0.036651455637444125,-0.0018037445300906612,0.4520093152741604,0.4520093152741604,0.0,0.0,0.0,nan,0,1,1.0,0.0,0.012344910272201534,0.035492995273793966,0.002324384130156443,0.012344910272201534,0.035492995273793966,0.002324384130156443,0.46448754320212626,0.46448754320212626,0.0,0.0,0.0,nan,0
215,0.05375000000000004,0.5,,scientific,0,1,0.08743391622610817,1.0,0.0,0.012498655635896722,0.03538603117568964,0.002391257829136286,0.012498655635896722,0.03538603117568964,0.002391257829136286,0.46520547470826706,0.46520547470826706,0.0,0.0,0.0,nan,0,1,1.0,0.0,0.013275789343111594,0.03655265584063333,-0.0017605157982761093,0.013275789343111594,0.03655265584063333,-0.0017605157982761093,0.45247035655526435,0.45247035655526435,0.0,0.0,0.0,nan,0,1,1.0,0.0,0.012498655635896722,0.03538603117568964,0.002391257829136286,0.012498655635896722,0.03538603117568964,0.002391257829136286,0.46520547470826706,0.46520547470826706,0.0,0.0,0.0,nan,0
216,0.05400000000000004,0.5,,scientific,0,1,0.08749201185150758,1.0,0.0,0.012440837026271807,0.03516352727097501,0.0025203451692052893,0.012440837026271807,0.03516352727097501,0.0025203451692052893,0.4652690190525218,0.4652690190525218,0.0,0.0,0.0,nan,0,1,1.0,0.0,0.013223489260802346,0.036342991587089014,-0.0016586582863573223,0.013223489260802346,0.036342991587089014,-0.0016586582863573223,0.45231482188774125,0.45231482188774125,0.0,0.0,0.0,nan,0,1,1.0,0.0,0.012440837026271807,0.03516352727097501,0.0025203451692052893,0.012440837026271807,0.03516352727097501,0.0025203451692052893,0.4652690190525218,0.4652690190525218,0.0,0.0,0.0,nan,0
217,0.05425000000000004,0.5,,scientific,0,1,0.08755010747690699,1.0,0.0,0.012299761041483151,0.03519067837277329,0.0026151209233566965,0.012299761041483151,0.03519067837277329,0.0026151209233566965,0.46571611830132176,0.46571611830132176,0.0,0.0,0.0,nan,0,1,1.0,0.0,0.013091995246658163,0.03637247989233618,-0.00158971688950895,0.013091995246658163,0.03637247989233618,-0.00158971688950895,0.45252097956278875,0.45252097956278875,0.0,0.0,0.0,nan,0,1,1.0,0.0,0.012299761041483151,0.03519067837277329,0.0026151209233566965,0.012299761041483151,0.03519067837277329,0.0026151209233566965,0.46571611830132176,0.46571611830132176,0.0,0.0,0.0,nan,0
218,0.05450000000000004,0.5,,scientific,0,1,0.0876662987277058,1.0,0.0,0.012344780124696326,0.035194107247904415,0.0025469160616427597,0.012344780124696326,0.035194107247904415,0.0025469160616427597,0.46605149695327336,0.46605149695327336,0.0,0.0,0.0,nan,0,1,1.0,0.0,0.013138671638983924,0.03637997642414681,-0.0016773940890159847,0.013138671638983924,0.03637997642414681,-0.0016773940890159847,0.4526218042062622,0.4526218042062622,0.0,0.0,0.0,nan,0,1,1.0,0.0,0.012344780124696326,0.035194107247904415,0.0025469160616427597,0.012344780124696326,0.035194107247904415,0.0025469160616427597,0.46605149695327336,0.46605149695327336,0.0,0.0,0.0,nan,0
219,0.05475000000000004,0.5,,scientific,0,1,0.08772439435310521,1.0,0.0,0.012348875174141648,0.03509039235181495,0.0025795711899136396,0.012348875174141648,0.03509039235181495,0.0025795711899136396,0.46641235356574345,0.46641235356574345,0.0,0.0,0.0,nan,0,1,1.0,0.0,0.013145734106110541,0.03628435984787656,-0.0016683470100719942,0.013145734106110541,0.03628435984787656,-0.0016683470100719942,0.45274565433618574,0.45274565433618574,0.0,0.0,0.0,nan,0,1,1.0,0.0,0.012348875174141648,0.03509039235181495,0.0025795711899136396,0.012348875174141648,0.03509039235181495,0.0025795711899136396,0.46641235356574345,0.46641235356574345,0.0,0.0,0.0,nan,0
220,0.05500000000000004,0.5,,scientific,0,1,0.08778248997850462,1.0,0.0,0.012448550121408112,0.03517315628902124,0.0026523178695048986,0.012448550121408112,0.03517315628902124,0.0026523178695048986,0.46684643083633076,0.46684643083633076,0.0,0.0,0.0,nan,0,1,1.0,0.0,0.013244435427147391,0.036367391817013005,-0.00162086880183275,0.013244435427147391,0.036367391817013005,-0.00162086880183275,0.4529400206168398,0.4529400206168398,0.0,0.0,0.0,nan,0,1,1.0,0.0,0.012448550121408112,0.03517315628902124,0.0026523178695048986,0.012448550121408112,0.03517315628902124,0.0026523178695048986,0.46684643083633076,0.46684643083633076,0.0,0.0,0.0,nan,0
221,0.05525000000000004,0.5,,scientific,0,1,0.08789868122930343,1.0,0.0,0.012549571708770897,0.03518874849070245,0.0027039283141528222,0.012549571708770897,0.03518874849070245,0.0027039283141528222,0.4673731072660896,0.4673731072660896,0.0,0.0,0.0,nan,0,1,1.0,0.0,0.013344522655536026,0.03638635815557837,-0.0015933335559386635,0.013344522655536026,0.03638635815557837,-0.0015933335559386635,0.4532194832119754,0.4532194832119754,0.0,0.0,0.0,nan,0,1,1.0,0.0,0.012549571708770897,0.03518874849070245,0.0027039283141528222,0.012549571708770897,0.03518874849070245,0.0027039283141528222,0.4673731072660896,0.4673731072660896,0.0,0.0,0.0,nan,0
222,0.05550000000000004,0.5,,scientific,0,1,0.08789868122930343,1.0,0.0,0.012351499684142111,0.03497463373666837,0.002648725595611899,0.012351499684142111,0.03497463373666837,0.002648725595611899,0.4677757232759993,0.4677757232759993,0.0,0.0,0.0,nan,0,1,1.0,0.0,0.013157532280179228,0.0361846599260708,-0.001668086673642892,0.013157532280179228,0.0361846599260708,-0.001668086673642892,0.45338150890554013,0.45338150890554013,0.0,0.0,0.0,nan,0,1,1.0,0.0,0.012351499684142111,0.03497463373666837,0.002648725595611899,0.012351499684142111,0.03497463373666837,0.002648725595611899,0.4677757232759993,0.4677757232759993,0.0,0.0,0.0,nan,0
223,0.05575000000000004,0.5,,scientific,0,1,0.08813106373090106,1.0,0.0,0.012515167595671398,0.03490147166979115,0.0028287885833549885,0.012515167595671398,0.03490147166979115,0.0028287885833549885,0.46812373619230596,0.46812373619230596,0.0,0.0,0.0,nan,0,1,1.0,0.0,0.013317447586946335,0.03611837228899256,-0.0015176776075827808,0.013317447586946335,0.03611837228899256,-0.0015176776075827808,0.4534934102117968,0.4534934102117968,0.0,0.0,0.0,nan,0,1,1.0,0.0,0.012515167595671398,0.03490147166979115,0.0028287885833549885,0.012515167595671398,0.03490147166979115,0.0028287885833549885,0.46812373619230596,0.46812373619230596,0.0,0.0,0.0,nan,0
224,0.05600000000000004,0.5,,scientific,0,1,0.08830535060709929,1.0,0.0,0.012521478522257889,0.03511684143436803,0.0028126439589033544,0.012521478522257889,0.03511684143436803,0.0028126439589033544,0.46870734536289216,0.46870734536289216,0.0,0.0,0.0,nan,0,1,1.0,0.0,0.013327021001242527,0.036328912655111845,-0.0015548545153581817,0.013327021001242527,0.036328912655111845,-0.0015548545153581817,0.45382631584546784,0.45382631584546784,0.0,0.0,0.0,nan,0,1,1.0,0.0,0.012521478522257889,0.03511684143436803,0.0028126439589033544,0.012521478522257889,0.03511684143436803,0.0028126439589033544,0.46870734536289216,0.46870734536289216,0.0,0.0,0.0,nan,0
225,0.05625000000000004,0.5,,scientific,0,1,0.0884215418578981,1.0,0.0,0.01261504566044072,0.035116359508821755,0.0029397572401788164,0.01261504566044072,0.035116359508821755,0.0029397572401788164,0.46953751864973853,0.46953751864973853,0.0,0.0,0.0,nan,0,1,1.0,0.0,0.013420573147417465,0.0363319619983414,-0.0014544739546636205,0.013420573147417465,0.0363319619983414,-0.0014544739546636205,0.4543901657887023,0.4543901657887023,0.0,0.0,0.0,nan,0,1,1.0,0.0,0.01261504566044072,0.035116359508821755,0.0029397572401788164,0.01261504566044072,0.035116359508821755,0.0029397572401788164,0.46953751864973853,0.46953751864973853,0.0,0.0,0.0,nan,0
226,0.05650000000000004,0.5,,scientific,0,1,0.08859582873409633,1.0,0.0,0.01256071037508469,0.03518772539600139,0.0032754212214776046,0.01256071037508469,0.03518772539600139,0.0032754212214776046,0.47039898261055446,0.47039898261055446,0.0,0.0,0.0,nan,0,1,1.0,0.0,0.013371322051561238,0.03640376382478955,-0.0011544046496481922,0.013371322051561238,0.03640376382478955,-0.0011544046496481922,0.4549833669686656,0.4549833669686656,0.0,0.0,0.0,nan,0,1,1.0,0.0,0.01256071037508469,0.03518772539600139,0.0032754212214776046,0.01256071037508469,0.03518772539600139,0.0032754212214776046,0.47039898261055446,0.47039898261055446,0.0,0.0,0.0,nan,0
227,0.05675000000000004,0.5,,scientific,0,1,0.08865392435949573,1.0,0.0,0.012602147066482062,0.03518363546707757,0.0032715466842111003,0.012602147066482062,0.03518363546707757,0.0032715466842111003,0.47086934395353663,0.47086934395353663,0.0,0.0,0.0,nan,0,1,1.0,0.0,0.013414497344198912,0.0364038764455048,-0.0011804382441682943,0.013414497344198912,0.0364038764455048,-0.0011804382441682943,0.4552082805025951,0.4552082805025951,0.0,0.0,0.0,nan,0,1,1.0,0.0,0.012602147066482062,0.03518363546707757,0.0032715466842111003,0.012602147066482062,0.03518363546707757,0.0032715466842111003,0.47086934395353663,0.47086934395353663,0.0,0.0,0.0,nan,0
228,0.057000000000000044,0.5,,scientific,0,1,0.08865392435949573,1.0,0.0,0.012544728654525538,0.03520862545435255,0.00335228624465672,0.012544728654525538,0.03520862545435255,0.00335228624465672,0.47124178423921154,0.47124178423921154,0.0,0.0,0.0,nan,0,1,1.0,0.0,0.013363313130586814,0.036431956521810915,-0.0011258896515871154,0.013363313130586814,0.036431956521810915,-0.0011258896515871154,0.4553417709410346,0.4553417709410346,0.0,0.0,0.0,nan,0,1,1.0,0.0,0.012544728654525538,0.03520862545435255,0.00335228624465672,0.012544728654525538,0.03520862545435255,0.00335228624465672,0.47124178423921154,0.47124178423921154,0.0,0.0,0.0,nan,0
229,0.057250000000000044,0.5,,scientific,0,1,0.08877011561029455,1.0,0.0,0.012484199419509713,0.035269988490307984,0.0033015526655904817,0.012484199419509713,0.035269988490307984,0.0033015526655904817,0.4720879894849365,0.4720879894849365,0.0,0.0,0.0,nan,0,1,1.0,0.0,0.013308466923996206,0.03649513511033589,-0.0011956869381019484,0.013308466923996206,0.03649513511033589,-0.0011956869381019484,0.45591965003514356,0.45591965003514356,0.0,0.0,0.0,nan,0,1,1.0,0.0,0.012484199419509713,0.035269988490307984,0.0033015526655904817,0.012484199419509713,0.035269988490307984,0.0033015526655904817,0.4720879894849365,0.4720879894849365,0.0,0.0,0.0,nan,0
230,0.057500000000000044,0.5,,scientific,0,1,0.08894440248649277,1.0,0.0,0.012418050903149118,0.03526414109707903,0.0031809378135590387,0.012418050903149118,0.03526414109707903,0.0031809378135590387,0.47250326296464135,0.47250326296464135,0.0,0.0,0.0,nan,0,1,1.0,0.0,0.0132484293965047,0.03649407913500747,-0.0013328738296572954,0.0132484293965047,0.03649407913500747,-0.0013328738296572954,0.45609370930861365,0.45609370930861365,0.0,0.0,0.0,nan,0,1,1.0,0.0,0.012418050903149118,0.03526414109707903,0.0031809378135590387,0.012418050903149118,0.03526414109707903,0.0031809378135590387,0.47250326296464135,0.47250326296464135,0.0,0.0,0.0,nan,0
231,0.057750000000000044,0.5,,scientific,0,1,0.08900249811189218,1.0,0.0,0.01243912135448924,0.03518152507525383,0.003050493141055712,0.01243912135448924,0.03518152507525383,0.003050493141055712,0.47299394265870454,0.47299394265870454,0.0,0.0,0.0,nan,0,1,1.0,0.0,0.013272313446550704,0.03641919709240041,-0.001479736446298373,0.013272313446550704,0.03641919709240041,-0.001479736446298373,0.45633660024025635,0.45633660024025635,0.0,0.0,0.0,nan,0,1,1.0,0.0,0.01243912135448924,0.03518152507525383,0.003050493141055712,0.01243912135448924,0.03518152507525383,0.003050493141055712,0.47299394265870454,0.47299394265870454,0.0,0.0,0.0,nan,0
232,0.058000000000000045,0.5,,scientific,0,1,0.0891767849880904,1.0,0.0,0.012452295276936885,0.03526364552172864,0.0033159206739472075,0.012452295276936885,0.03526364552172864,0.0033159206739472075,0.4736393301877031,0.4736393301877031,0.0,0.0,0.0,nan,0,1,1.0,0.0,0.013288250977738593,0.03650195306413979,-0.001247271735261061,0.013288250977738593,0.03650195306413979,-0.001247271735261061,0.45672592527940215,0.45672592527940215,0.0,0.0,0.0,nan,0,1,1.0,0.0,0.012452295276936885,0.03526364552172864,0.0033159206739472075,0.012452295276936885,0.03526364552172864,0.0033159206739472075,0.4736393301877031,0.4736393301877031,0.0,0.0,0.0,nan,0
233,0.058250000000000045,0.5,,scientific,0,1,0.08935107186428862,1.0,0.0,0.012388380510371012,0.035280735158706424,0.003127304679800638,0.012388380510371012,0.035280735158706424,0.003127304679800638,0.4742528360288399,0.4742528360288399,0.0,0.0,0.0,nan,0,1,1.0,0.0,0.013230431332413646,0.036522286736671274,-0.0014502985052588576,0.013230431332413646,0.036522286736671274,-0.0014502985052588576,0.45708401758640027,0.45708401758640027,0.0,0.0,0.0,nan,0,1,1.0,0.0,0.012388380510371012,0.035280735158706424,0.003127304679800638,0.012388380510371012,0.035280735158706424,0.003127304679800638,0.4742528360288399,0.4742528360288399,0.0,0.0,0.0,nan,0
234,0.058500000000000045,0.5,,scientific,0,1,0.08935107186428862,1.0,0.0,0.012536933229365197,0.035231768809028945,0.003035094984098567,0.012536933229365197,0.035231768809028945,0.003035094984098567,0.47457296101562385,0.47457296101562385,0.0,0.0,0.0,nan,0,1,1.0,0.0,0.013376302552591654,0.036479577727937924,-0.001560013241240214,0.013376302552591654,0.036479577727937924,-0.001560013241240214,0.4571668774282872,0.4571668774282872,0.0,0.0,0.0,nan,0,1,1.0,0.0,0.012536933229365197,0.035231768809028945,0.003035094984098567,0.012536933229365197,0.035231768809028945,0.003035094984098567,0.47457296101562385,0.47457296101562385,0.0,0.0,0.0,nan,0
235,0.058750000000000045,0.5,,scientific,0,1,0.08935107186428862,1.0,0.0,0.012556709490527165,0.035074987704741045,0.0029609235449055797,0.012556709490527165,0.035074987704741045,0.0029609235449055797,0.4753581415155096,0.4753581415155096,0.0,0.0,0.0,nan,0,1,1.0,0.0,0.013398611329587395,0.03633303212947632,-0.0016528227484800763,0.013398611329587395,0.03633303212947632,-0.0016528227484800763,0.45768452409348237,0.45768452409348237,0.0,0.0,0.0,nan,0,1,1.0,0.0,0.012556709490527165,0.035074987704741045,0.0029609235449055797,0.012556709490527165,0.035074987704741045,0.0029609235449055797,0.4753581415155096,0.4753581415155096,0.0,0.0,0.0,nan,0
236,0.059000000000000045,0.5,,scientific,0,1,0.08940916748968802,1.0,0.0,0.012459529713224523,0.03508783255174755,0.003096386120915238,0.012459529713224523,0.03508783255174755,0.003096386120915238,0.47615218934622683,0.47615218934622683,0.0,0.0,0.0,nan,0,1,1.0,0.0,0.013309198453989137,0.036348879668055986,-0.001545359384268792,0.013309198453989137,0.036348879668055986,-0.001545359384268792,0.45820934573357014,0.45820934573357014,0.0,0.0,0.0,nan,0,1,1.0,0.0,0.012459529713224523,0.03508783255174755,0.003096386120915238,0.012459529713224523,0.03508783255174755,0.003096386120915238,0.47615218934622683,0.47615218934622683,0.0,0.0,0.0,nan,0
237,0.059250000000000046,0.5,,scientific,0,1,0.08952535874048684,1.0,0.0,0.012472501242195372,0.03516094377709273,0.0030525621560270988,0.012472501242195372,0.03516094377709273,0.0030525621560270988,0.4765384573969853,0.4765384573969853,0.0,0.0,0.0,nan,0,1,1.0,0.0,0.013325299019756758,0.036422678742007,-0.0016088411572335935,0.013325299019756758,0.036422678742007,-0.0016088411572335935,0.45835416168063153,0.45835416168063153,0.0,0.0,0.0,nan,0,1,1.0,0.0,0.012472501242195372,0.03516094377709273,0.0030525621560270988,0.012472501242195372,0.03516094377709273,0.0030525621560270988,0.4765384573969853,0.4765384573969853,0.0,0.0,0.0,nan,0
238,0.059500000000000046,0.5,,scientific,0,1,0.08946726311508743,1.0,0.0,0.012487795296406748,0.03519535197574702,0.003167634881330111,0.012487795296406748,0.03519535197574702,0.003167634881330111,0.4774557773084734,0.4774557773084734,0.0,0.0,0.0,nan,0,1,1.0,0.0,0.013343571907430424,0.0364593791371087,-0.0015201907070457165,0.013343571907430424,0.0364593791371087,-0.0015201907070457165,0.4589943883595666,0.4589943883595666,0.0,0.0,0.0,nan,0,1,1.0,0.0,0.012487795296406748,0.03519535197574702,0.003167634881330111,0.012487795296406748,0.03519535197574702,0.003167634881330111,0.4774557773084734,0.4774557773084734,0.0,0.0,0.0,nan,0
239,0.059750000000000046,0.5,,scientific,0,1,0.08946726311508743,1.0,0.0,0.012538117145585188,0.03523171906678362,0.0032299311219736336,0.012538117145585188,0.03523171906678362,0.0032299311219736336,0.47804038756189215,0.47804038756189215,0.0,0.0,0.0,nan,0,1,1.0,0.0,0.013395023388321806,0.03649796938280799,-0.0014831458830490637,0.013395023388321806,0.03649796938280799,-0.0014831458830490637,0.4593228436935528,0.4593228436935528,0.0,0.0,0.0,nan,0,1,1.0,0.0,0.012538117145585188,0.03523171906678362,0.0032299311219736336,0.012538117145585188,0.03523171906678362,0.0032299311219736336,0.47804038756189215,0.47804038756189215,0.0,0.0,0.0,nan,0
240,0.060000000000000046,0.5,,scientific,0,1,0.08946726311508743,1.0,0.0,0.012466227324003893,0.03523924822462959,0.0032853897015696124,0.012466227324003893,0.03523924822462959,0.0032853897015696124,0.4784993040848534,0.4784993040848534,0.0,0.0,0.0,nan,0,1,1.0,0.0,0.013329947804351842,0.03650912163377681,-0.0014522705876682202,0.013329947804351842,0.03650912163377681,-0.0014522705876682202,0.459534042914165,0.459534042914165,0.0,0.0,0.0,nan,0,1,1.0,0.0,0.012466227324003893,0.03523924822462959,0.0032853897015696124,0.012466227324003893,0.03523924822462959,0.0032853897015696124,0.4784993040848534,0.4784993040848534,0.0,0.0,0.0,nan,0
241,0.06025000000000005,0.5,,scientific,0,1,0.08964154999128565,1.0,0.0,0.012463864141498303,0.0351718435230677,0.003248616408068191,0.012463864141498303,0.0351718435230677,0.003248616408068191,0.47885023977383573,0.47885023977383573,0.0,0.0,0.0,nan,0,1,1.0,0.0,0.013331299581007146,0.03644853018248056,-0.0015097187819599648,0.013331299581007146,0.03644853018248056,-0.0015097187819599648,0.45964447565057337,0.45964447565057337,0.0,0.0,0.0,nan,0,1,1.0,0.0,0.012463864141498303,0.0351718435230677,0.003248616408068191,0.012463864141498303,0.0351718435230677,0.003248616408068191,0.47885023977383573,0.47885023977383573,0.0,0.0,0.0,nan,0
242,0.06050000000000005,0.5,,scientific,0,1,0.08969964561668506,1.0,0.0,0.012409306674039697,0.035175996987893476,0.0031673875936137604,0.012409306674039697,0.035175996987893476,0.0031673875936137604,0.4793474939901627,0.4793474939901627,0.0,0.0,0.0,nan,0,1,1.0,0.0,0.013282135747700026,0.0364566317664235,-0.0016100588960889976,0.013282135747700026,0.0364566317664235,-0.0016100588960889976,0.45989173666798505,0.45989173666798505,0.0,0.0,0.0,nan,0,1,1.0,0.0,0.012409306674039697,0.035175996987893476,0.0031673875936137604,0.012409306674039697,0.035175996987893476,0.0031673875936137604,0.4793474939901627,0.4793474939901627,0.0,0.0,0.0,nan,0
243,0.06075000000000005,0.5,,scientific,0,1,0.08975774124208447,1.0,0.0,0.012476762793988317,0.03524996079216017,0.0032990305628460676,0.012476762793988317,0.03524996079216017,0.0032990305628460676,0.48002039176016004,0.48002039176016004,0.0,0.0,0.0,nan,0,1,1.0,0.0,0.013349680140188402,0.036531235787388136,-0.00150599099273071,0.013349680140188402,0.036531235787388136,-0.00150599099273071,0.4603025055131495,0.4603025055131495,0.0,0.0,0.0,nan,0,1,1.0,0.0,0.012476762793988317,0.03524996079216017,0.0032990305628460676,0.012476762793988317,0.03524996079216017,0.0032990305628460676,0.48002039176016004,0.48002039176016004,0.0,0.0,0.0,nan,0
244,0.06100000000000005,0.5,,scientific,0,1,0.08981583686748387,1.0,0.0,0.012500778570840735,0.035259525832765204,0.0033425953693520627,0.012500778570840735,0.035259525832765204,0.0033425953693520627,0.4805471912347191,0.4805471912347191,0.0,0.0,0.0,nan,0,1,1.0,0.0,0.013375803365113157,0.036543817105423586,-0.0014870702107130493,0.013375803365113157,0.036543817105423586,-0.0014870702107130493,0.46057663594816395,0.46057663594816395,0.0,0.0,0.0,nan,0,1,1.0,0.0,0.012500778570840735,0.035259525832765204,0.0033425953693520627,0.012500778570840735,0.035259525832765204,0.0033425953693520627,0.4805471912347191,0.4805471912347191,0.0,0.0,0.0,nan,0
245,0.06125000000000005,0.5,,scientific,0,1,0.08975774124208447,1.0,0.0,0.012731091575438887,0.035143615183204614,0.003397588349634983,0.012731091575438887,0.035143615183204614,0.003397588349634983,0.4811851970002969,0.4811851970002969,0.0,0.0,0.0,nan,0,1,1.0,0.0,0.013599567436784263,0.03643677463537711,-0.0014566960243594961,0.013599567436784263,0.03643677463537711,-0.0014566960243594961,0.46095362796440686,0.46095362796440686,0.0,0.0,0.0,nan,0,1,1.0,0.0,0.012731091575438887,0.035143615183204614,0.003397588349634983,0.012731091575438887,0.035143615183204614,0.003397588349634983,0.4811851970002969,0.4811851970002969,0.0,0.0,0.0,nan,0
246,0.06150000000000005,0.5,,scientific,0,1,0.08987393249288328,1.0,0.0,0.012762474975700334,0.03504714256469252,0.0032576041728144965,0.012762474975700334,0.03504714256469252,0.0032576041728144965,0.48164271236787404,0.48164271236787404,0.0,0.0,0.0,nan,0,1,1.0,0.0,0.01363321285042022,0.03634843878022453,-0.0016132837248912955,0.01363321285042022,0.03634843878022453,-0.0016132837248912955,0.4611630174488808,0.4611630174488808,0.0,0.0,0.0,nan,0,1,1.0,0.0,0.012762474975700334,0.03504714256469252,0.0032576041728144965,0.012762474975700334,0.03504714256469252,0.0032576041728144965,0.48164271236787404,0.48164271236787404,0.0,0.0,0.0,nan,0
247,0.06175000000000005,0.5,,scientific,0,1,0.08981583686748387,1.0,0.0,0.012713263946540078,0.035180576313225444,0.003185028800673204,0.012713263946540078,0.035180576313225444,0.003185028800673204,0.4819276794319115,0.4819276794319115,0.0,0.0,0.0,nan,0,1,1.0,0.0,0.013589968979380761,0.036480235688048104,-0.0017052844658568757,0.013589968979380761,0.036480235688048104,-0.0017052844658568757,0.4612107868755805,0.4612107868755805,0.0,0.0,0.0,nan,0,1,1.0,0.0,0.012713263946540078,0.035180576313225444,0.003185028800673204,0.012713263946540078,0.035180576313225444,0.003185028800673204,0.4819276794319115,0.4819276794319115,0.0,0.0,0.0,nan,0
248,0.06200000000000005,0.5,,scientific,0,1,0.08993202811828269,1.0,0.0,0.012482936912446417,0.03502853468919389,0.0032644425798914406,0.012482936912446417,0.03502853468919389,0.0032644425798914406,0.4824196450345706,0.4824196450345706,0.0,0.0,0.0,nan,0,1,1.0,0.0,0.013372239572370137,0.03633874901646363,-0.0016513735079779362,0.013372239572370137,0.03633874901646363,-0.0016513735079779362,0.46145161279331426,0.46145161279331426,0.0,0.0,0.0,nan,0,1,1.0,0.0,0.012482936912446417,0.03502853468919389,0.0032644425798914406,0.012482936912446417,0.03502853468919389,0.0032644425798914406,0.4824196450345706,0.4824196450345706,0.0,0.0,0.0,nan,0
249,0.06225000000000005,0.5,,scientific,0,1,0.09004821936908151,1.0,0.0,0.012467375059038475,0.03499655058912702,0.0035899927101802342,0.012467375059038475,0.03499655058912702,0.0035899927101802342,0.4833115882663757,0.4833115882663757,0.0,0.0,0.0,nan,0,1,1.0,0.0,0.013360509918231095,0.036311871808680174,-0.0013617140880327915,0.013360509918231095,0.036311871808680174,-0.0013617140880327915,0.4620642451562972,0.4620642451562972,0.0,0.0,0.0,nan,0,1,1.0,0.0,0.012467375059038475,0.03499655058912702,0.0035899927101802342,0.012467375059038475,0.03499655058912702,0.0035899927101802342,0.4833115882663757,0.4833115882663757,0.0,0.0,0.0,nan,0
250,0.06250000000000004,0.5,,scientific,0,1,0.09004821936908151,1.0,0.0,0.01238302239276039,0.03494500003274873,0.0035650449325465476,0.01238302239276039,0.03494500003274873,0.0035650449325465476,0.4838255856150546,0.4838255856150546,0.0,0.0,0.0,nan,0,1,1.0,0.0,0.013283228155478964,0.036266378578711594,-0.0014079981228945174,0.013283228155478964,0.036266378578711594,-0.0014079981228945174,0.4623254918061348,0.4623254918061348,0.0,0.0,0.0,nan,0,1,1.0,0.0,0.01238302239276039,0.03494500003274873,0.0035650449325465476,0.01238302239276039,0.03494500003274873,0.0035650449325465476,0.4838255856150546,0.4838255856150546,0.0,0.0,0.0,nan,0
251,0.06275000000000004,0.5,,scientific,0,1,0.09016441061988033,1.0,0.0,0.01237172942489081,0.03494163771407076,0.0036567722400871836,0.01237172942489081,0.03494163771407076,0.0036567722400871836,0.48420405581658993,0.48420405581658993,0.0,0.0,0.0,nan,0,1,1.0,0.0,0.013275741186793944,0.03626716461093697,-0.0013429229366810804,0.013275741186793944,0.03626716461093697,-0.0013429229366810804,0.4624600441069356,0.4624600441069356,0.0,0.0,0.0,nan,0,1,1.0,0.0,0.01237172942489081,0.03494163771407076,0.0036567722400871836,0.01237172942489081,0.03494163771407076,0.0036567722400871836,0.48420405581658993,0.48420405581658993,0.0,0.0,0.0,nan,0
252,0.06300000000000004,0.5,,scientific,0,1,0.09022250624527973,1.0,0.0,0.012229145183046427,0.03500772577998201,0.003617902416607635,0.012229145183046427,0.03500772577998201,0.003617902416607635,0.4850322100005163,0.4850322100005163,0.0,0.0,0.0,nan,0,1,1.0,0.0,0.013142559759542073,0.03633437971544177,-0.0014019731230388108,0.013142559759542073,0.03633437971544177,-0.0014019731230388108,0.46301135402058824,0.46301135402058824,0.0,0.0,0.0,nan,0,1,1.0,0.0,0.012229145183046427,0.03500772577998201,0.003617902416607635,0.012229145183046427,0.03500772577998201,0.003617902416607635,0.4850322100005163,0.4850322100005163,0.0,0.0,0.0,nan,0
253,0.06325000000000004,0.5,,scientific,0,1,0.09022250624527973,1.0,0.0,0.01225564449723006,0.03506347845055097,0.0037839790556573423,0.01225564449723006,0.03506347845055097,0.0037839790556573423,0.48528262380606213,0.48528262380606213,0.0,0.0,0.0,nan,0,1,1.0,0.0,0.013172214555486053,0.0363924647516097,-0.0012657384873741599,0.013172214555486053,0.0363924647516097,-0.0012657384873741599,0.4630259767474385,0.4630259767474385,0.0,0.0,0.0,nan,0,1,1.0,0.0,0.01225564449723006,0.03506347845055097,0.0037839790556573423,0.01225564449723006,0.03506347845055097,0.0037839790556573423,0.48528262380606213,0.48528262380606213,0.0,0.0,0.0,nan,0
254,0.06350000000000004,0.5,,scientific,0,1,0.09033869749607855,1.0,0.0,0.012329577790860176,0.03505068850857187,0.0037986610002383845,0.012329577790860176,0.03505068850857187,0.0037986610002383845,0.48581168163937083,0.48581168163937083,0.0,0.0,0.0,nan,0,1,1.0,0.0,0.013246372344728603,0.03638401862486073,-0.0012736376223054472,0.013246372344728603,0.03638401862486073,-0.0012736376223054472,0.46329986156575054,0.46329986156575054,0.0,0.0,0.0,nan,0,1,1.0,0.0,0.012329577790860176,0.03505068850857187,0.0037986610002383845,0.012329577790860176,0.03505068850857187,0.0037986610002383845,0.48581168163937083,0.48581168163937083,0.0,0.0,0.0,nan,0
255,0.06375000000000004,0.5,,scientific,0,1,0.09051298437227677,1.0,0.0,0.012289173719400609,0.03509553509662627,0.0036293691667071467,0.012289173719400609,0.03509553509662627,0.0036293691667071467,0.48636754428934414,0.48636754428934414,0.0,0.0,0.0,nan,0,1,1.0,0.0,0.01321119011538693,0.036430800441032044,-0.0014570486917740736,0.01321119011538693,0.036430800441032044,-0.0014570486917740736,0.46359744597212005,0.46359744597212005,0.0,0.0,0.0,nan,0,1,1.0,0.0,0.012289173719400609,0.03509553509662627,0.0036293691667071467,0.012289173719400609,0.03509553509662627,0.0036293691667071467,0.48636754428934414,0.48636754428934414,0.0,0.0,0.0,nan,0
256,0.06400000000000004,0.5,,scientific,0,1,0.0907453668738744,1.0,0.0,0.012362721714830147,0.03515287074634146,0.003749143942432112,0.012362721714830147,0.03515287074634146,0.003749143942432112,0.48699443465917236,0.48699443465917236,0.0,0.0,0.0,nan,0,1,1.0,0.0,0.013284883807514324,0.0364892777339253,-0.001364583024446892,0.013284883807514324,0.0364892777339253,-0.001364583024446892,0.4639616399274263,0.4639616399274263,0.0,0.0,0.0,nan,0,1,1.0,0.0,0.012362721714830147,0.03515287074634146,0.003749143942432112,0.012362721714830147,0.03515287074634146,0.003749143942432112,0.48699443465917236,0.48699443465917236,0.0,0.0,0.0,nan,0
257,0.06425000000000004,0.5,,scientific,0,1,0.0908034624992738,1.0,0.0,0.012327396232173611,0.03511849622831179,0.0037078753100031085,0.012327396232173611,0.03511849622831179,0.0037078753100031085,0.4873564895942164,0.4873564895942164,0.0,0.0,0.0,nan,0,1,1.0,0.0,0.013254399577107065,0.036460620705102705,-0.001426321268138142,0.013254399577107065,0.036460620705102705,-0.001426321268138142,0.46407997652574773,0.46407997652574773,0.0,0.0,0.0,nan,0,1,1.0,0.0,0.012327396232173611,0.03511849622831179,0.0037078753100031085,0.012327396232173611,0.03511849622831179,0.0037078753100031085,0.4873564895942164,0.4873564895942164,0.0,0.0,0.0,nan,0
258,0.06450000000000004,0.5,,scientific,0,1,0.0908034624992738,1.0,0.0,0.012234478258890551,0.03506943291252189,0.0038118211891983787,0.012234478258890551,0.03506943291252189,0.0038118211891983787,0.4878982832425935,0.4878982832425935,0.0,0.0,0.0,nan,0,1,1.0,0.0,0.01316876928501305,0.03641783443103512,-0.0013500647551193852,0.01316876928501305,0.03641783443103512,-0.0013500647551193852,0.4643636178907599,0.4643636178907599,0.0,0.0,0.0,nan,0,1,1.0,0.0,0.012234478258890551,0.03506943291252189,0.0038118211891983787,0.012234478258890551,0.03506943291252189,0.0038118211891983787,0.4878982832425935,0.4878982832425935,0.0,0.0,0.0,nan,0
259,0.06475000000000004,0.5,,scientific,0,1,0.09091965375007262,1.0,0.0,0.012205089275224042,0.0350569239439784,0.0037100937611559237,0.012205089275224042,0.0350569239439784,0.0037100937611559237,0.48828782650898,0.48828782650898,0.0,0.0,0.0,nan,0,1,1.0,0.0,0.01314435413663813,0.03640995260997976,-0.001469575913180296,0.01314435413663813,0.03640995260997976,-0.001469575913180296,0.4645068416102584,0.4645068416102584,0.0,0.0,0.0,nan,0,1,1.0,0.0,0.012205089275224042,0.0350569239439784,0.0037100937611559237,0.012205089275224042,0.0350569239439784,0.0037100937611559237,0.48828782650898,0.48828782650898,0.0,0.0,0.0,nan,0
260,0.06500000000000004,0.5,,scientific,0,1,0.09091965375007262,1.0,0.0,0.012086162011361477,0.0350820236486909,0.003726687106167826,0.012086162011361477,0.0350820236486909,0.003726687106167826,0.48871506915165175,0.48871506915165175,0.0,0.0,0.0,nan,0,1,1.0,0.0,0.013033766390808551,0.036437812853219134,-0.0014760546114030689,0.013033766390808551,0.036437812853219134,-0.0014760546114030689,0.4646847534617017,0.4646847534617017,0.0,0.0,0.0,nan,0,1,1.0,0.0,0.012086162011361477,0.0350820236486909,0.003726687106167826,0.012086162011361477,0.0350820236486909,0.003726687106167826,0.48871506915165175,0.48871506915165175,0.0,0.0,0.0,nan,0
261,0.06525000000000004,0.5,,scientific,0,1,0.09086155812467321,1.0,0.0,0.012052437967288084,0.03496689718630066,0.0037257275614845124,0.012052437967288084,0.03496689718630066,0.0037257275614845124,0.48915520573451776,0.48915520573451776,0.0,0.0,0.0,nan,0,1,1.0,0.0,0.013005172882174211,0.036331801041413064,-0.0014991204188016226,0.013005172882174211,0.036331801041413064,-0.0014991204188016226,0.4648747865970031,0.4648747865970031,0.0,0.0,0.0,nan,0,1,1.0,0.0,0.012052437967288084,0.03496689718630066,0.0037257275614845124,0.012052437967288084,0.03496689718630066,0.0037257275614845124,0.48915520573451776,0.48915520573451776,0.0,0.0,0.0,nan,0
262,0.06550000000000004,0.5,,scientific,0,1,0.09086155812467321,1.0,0.0,0.012120423196082211,0.035056498948175537,0.003748156571234752,0.012120423196082211,0.035056498948175537,0.003748156571234752,0.4895595625719457,0.4895595625719457,0.0,0.0,0.0,nan,0,1,1.0,0.0,0.013073986272353972,0.03642185344437486,-0.0014996609820449069,0.013073986272353972,0.03642185344437486,-0.0014996609820449069,0.46503150247325864,0.46503150247325864,0.0,0.0,0.0,nan,0,1,1.0,0.0,0.012120423196082211,0.035056498948175537,0.003748156571234752,0.012120423196082211,0.035056498948175537,0.003748156571234752,0.4895595625719457,0.4895595625719457,0.0,0.0,0.0,nan,0
263,0.06575000000000004,0.5,,scientific,0,1,0.09091965375007262,1.0,0.0,0.012145729697525545,0.034904490291419676,0.0035968827672522167,0.012145729697525545,0.034904490291419676,0.0035968827672522167,0.49009415891836344,0.49009415891836344,0.0,0.0,0.0,nan,0,1,1.0,0.0,0.013101590009928872,0.036280523094528616,-0.0016659760816782462,0.013101590009928872,0.036280523094528616,-0.0016659760816782462,0.4653074736445479,0.4653074736445479,0.0,0.0,0.0,nan,0,1,1.0,0.0,0.012145729697525545,0.034904490291419676,0.0035968827672522167,0.012145729697525545,0.034904490291419676,0.0035968827672522167,0.49009415891836344,0.49009415891836344,0.0,0.0,0.0,nan,0
264,0.06600000000000004,0.5,,scientific,0,1,0.09097774937547203,1.0,0.0,0.012071770708849938,0.034915952607086326,0.003576969059645151,0.012071770708849938,0.034915952607086326,0.003576969059645151,0.4906477654488188,0.4906477654488188,0.0,0.0,0.0,nan,0,1,1.0,0.0,0.013034377656727629,0.03629550976832274,-0.001707333575090656,0.013034377656727629,0.03629550976832274,-0.001707333575090656,0.4656014070112648,0.4656014070112648,0.0,0.0,0.0,nan,0,1,1.0,0.0,0.012071770708849938,0.034915952607086326,0.003576969059645151,0.012071770708849938,0.034915952607086326,0.003576969059645151,0.4906477654488188,0.4906477654488188,0.0,0.0,0.0,nan,0
265,0.06625000000000004,0.5,,scientific,0,1,0.09115203625167025,1.0,0.0,0.012169238472714776,0.03481097032759394,0.0034681509935733236,0.012169238472714776,0.03481097032759394,0.0034681509935733236,0.49129733880927556,0.49129733880927556,0.0,0.0,0.0,nan,0,1,1.0,0.0,0.013130700337988771,0.036199628753189564,-0.001833846959228374,0.013130700337988771,0.036199628753189564,-0.001833846959228374,0.46598258352011146,0.46598258352011146,0.0,0.0,0.0,nan,0,1,1.0,0.0,0.012169238472714776,0.03481097032759394,0.0034681509935733236,0.012169238472714776,0.03481097032759394,0.0034681509935733236,0.49129733880927556,0.49129733880927556,0.0,0.0,0.0,nan,0
266,0.06650000000000005,0.5,,scientific,0,1,0.09121013187706965,1.0,0.0,0.012119767435388463,0.03484310565477443,0.003428420096131163,0.012119767435388463,0.03484310565477443,0.003428420096131163,0.49165815163136745,0.49165815163136745,0.0,0.0,0.0,nan,0,1,1.0,0.0,0.013086839961044431,0.03623420187628673,-0.001894064311321387,0.013086839961044431,0.03623420187628673,-0.001894064311321387,0.4660983822808316,0.4660983822808316,0.0,0.0,0.0,nan,0,1,1.0,0.0,0.012119767435388463,0.03484310565477443,0.003428420096131163,0.012119767435388463,0.03484310565477443,0.003428420096131163,0.49165815163136745,0.49165815163136745,0.0,0.0,0.0,nan,0
267,0.06675000000000005,0.5,,scientific,0,1,0.09121013187706965,1.0,0.0,0.012133711565435086,0.034669130130008316,0.0035485700766156405,0.012133711565435086,0.034669130130008316,0.0035485700766156405,0.49243013310204875,0.49243013310204875,0.0,0.0,0.0,nan,0,1,1.0,0.0,0.013103886378932837,0.036071917659723715,-0.0018018030883404992,0.013103886378932837,0.036071917659723715,-0.0018018030883404992,0.4665925547135468,0.4665925547135468,0.0,0.0,0.0,nan,0,1,1.0,0.0,0.012133711565435086,0.034669130130008316,0.0035485700766156405,0.012133711565435086,0.034669130130008316,0.0035485700766156405,0.49243013310204875,0.49243013310204875,0.0,0.0,0.0,nan,0
268,0.06700000000000005,0.5,,scientific,0,1,0.09121013187706965,1.0,0.0,0.012164765332040268,0.034587790472680034,0.003378041885656448,0.012164765332040268,0.034587790472680034,0.003378041885656448,0.49294627735630575,0.49294627735630575,0.0,0.0,0.0,nan,0,1,1.0,0.0,0.013136935849105755,0.03599783106352409,-0.0019870861215757285,0.013136935849105755,0.03599783106352409,-0.0019870861215757285,0.46685112886921176,0.46685112886921176,0.0,0.0,0.0,nan,0,1,1.0,0.0,0.012164765332040268,0.034587790472680034,0.003378041885656448,0.012164765332040268,0.034587790472680034,0.003378041885656448,0.49294627735630575,0.49294627735630575,0.0,0.0,0.0,nan,0
269,0.06725000000000005,0.5,,scientific,0,1,0.09121013187706965,1.0,0.0,0.012167596575547564,0.03457815366255157,0.003371346047186754,0.012167596575547564,0.03457815366255157,0.003371346047186754,0.49339998048109146,0.49339998048109146,0.0,0.0,0.0,nan,0,1,1.0,0.0,0.013143252084738625,0.03599312455927304,-0.002015770077286622,0.013143252084738625,0.03599312455927304,-0.002015770077286622,0.467051828644018,0.467051828644018,0.0,0.0,0.0,nan,0,1,1.0,0.0,0.012167596575547564,0.03457815366255157,0.003371346047186754,0.012167596575547564,0.03457815366255157,0.003371346047186754,0.49339998048109146,0.49339998048109146,0.0,0.0,0.0,nan,0
270,0.06750000000000005,0.5,,scientific,0,1,0.09121013187706965,1.0,0.0,0.012164892414008003,0.034506933507095536,0.0033948519644436655,0.012164892414008003,0.034506933507095536,0.0033948519644436655,0.493824219879218,0.493824219879218,0.0,0.0,0.0,nan,0,1,1.0,0.0,0.013144293539290058,0.03592904301829394,-0.002015711299489937,0.013144293539290058,0.03592904301829394,-0.002015711299489937,0.4672248879227623,0.4672248879227623,0.0,0.0,0.0,nan,0,1,1.0,0.0,0.012164892414008003,0.034506933507095536,0.0033948519644436655,0.012164892414008003,0.034506933507095536,0.0033948519644436655,0.493824219879218,0.493824219879218,0.0,0.0,0.0,nan,0
271,0.06775000000000005,0.5,,scientific,0,1,0.09132632312786847,1.0,0.0,0.012262281414464967,0.03456572841907689,0.0034459609623699486,0.012262281414464967,0.03456572841907689,0.0034459609623699486,0.4945036908326268,0.4945036908326268,0.0,0.0,0.0,nan,0,1,1.0,0.0,0.01324062506503271,0.035989104005846685,-0.0019892973044157557,0.01324062506503271,0.035989104005846685,-0.0019892973044157557,0.46763284983063513,0.46763284983063513,0.0,0.0,0.0,nan,0,1,1.0,0.0,0.012262281414464967,0.03456572841907689,0.0034459609623699486,0.012262281414464967,0.03456572841907689,0.0034459609623699486,0.4945036908326268,0.4945036908326268,0.0,0.0,0.0,nan,0
272,0.06800000000000005,0.5,,scientific,0,1,0.09138441875326787,1.0,0.0,0.012225404639262215,0.034580048338076395,0.003268644206221528,0.012225404639262215,0.034580048338076395,0.003268644206221528,0.49501580738728956,0.49501580738728956,0.0,0.0,0.0,nan,0,1,1.0,0.0,0.013209177740171534,0.03600664746869885,-0.0021807846446471584,0.013209177740171534,0.03600664746869885,-0.0021807846446471584,0.46788634211338587,0.46788634211338587,0.0,0.0,0.0,nan,0,1,1.0,0.0,0.012225404639262215,0.034580048338076395,0.003268644206221528,0.012225404639262215,0.034580048338076395,0.003268644206221528,0.49501580738728956,0.49501580738728956,0.0,0.0,0.0,nan,0
273,0.06825000000000005,0.5,,scientific,0,1,0.09150061000406669,1.0,0.0,0.012267832816576374,0.03451357254558865,0.0033978151782375933,0.012267832816576374,0.03451357254558865,0.0033978151782375933,0.4955247517099026,0.4955247517099026,0.0,0.0,0.0,nan,0,1,1.0,0.0,0.013253068380859014,0.03594667465407947,-0.0020798948062327734,0.013253068380859014,0.03594667465407947,-0.0020798948062327734,0.4681367380342615,0.4681367380342615,0.0,0.0,0.0,nan,0,1,1.0,0.0,0.012267832816576374,0.03451357254558865,0.0033978151782375933,0.012267832816576374,0.03451357254558865,0.0033978151782375933,0.4955247517099026,0.4955247517099026,0.0,0.0,0.0,nan,0
274,0.06850000000000005,0.5,,scientific,0,1,0.0915587056294661,1.0,0.0,0.012271689410908733,0.03449636476085408,0.003493109463219652,0.012271689410908733,0.03449636476085408,0.003493109463219652,0.49584572470530247,0.49584572470530247,0.0,0.0,0.0,nan,0,1,1.0,0.0,0.013260364520803003,0.035934288254585146,-0.0020108261798206925,0.013260364520803003,0.035934288254585146,-0.0020108261798206925,0.4682150432631253,0.4682150432631253,0.0,0.0,0.0,nan,0,1,1.0,0.0,0.012271689410908733,0.03449636476085408,0.003493109463219652,0.012271689410908733,0.03449636476085408,0.003493109463219652,0.49584572470530247,0.49584572470530247,0.0,0.0,0.0,nan,0
275,0.06875000000000005,0.5,,scientific,0,1,0.09167489688026492,1.0,0.0,0.01229655524038222,0.0344997891951493,0.0033609989978485833,0.01229655524038222,0.0344997891951493,0.0033609989978485833,0.49630499463489547,0.49630499463489547,0.0,0.0,0.0,nan,0,1,1.0,0.0,0.013287523948752742,0.035941498591871845,-0.002159407718254485,0.013287523948752742,0.035941498591871845,-0.002159407718254485,0.4684197241188507,0.4684197241188507,0.0,0.0,0.0,nan,0,1,1.0,0.0,0.01229655524038222,0.0344997891951493,0.0033609989978485833,0.01229655524038222,0.0344997891951493,0.0033609989978485833,0.49630499463489547,0.49630499463489547,0.0,0.0,0.0,nan,0
276,0.06900000000000005,0.5,,scientific,0,1,0.09179108813106374,1.0,0.0,0.01219972899987803,0.03442617784919774,0.003424149729653086,0.01219972899987803,0.03442617784919774,0.003424149729653086,0.49686410486621674,0.49686410486621674,0.0,0.0,0.0,nan,0,1,1.0,0.0,0.01319886444328512,0.035875126305922905,-0.0021221890993310608,0.01319886444328512,0.035875126305922905,-0.0021221890993310608,0.4687158693427214,0.4687158693427214,0.0,0.0,0.0,nan,0,1,1.0,0.0,0.01219972899987803,0.03442617784919774,0.003424149729653086,0.01219972899987803,0.03442617784919774,0.003424149729653086,0.49686410486621674,0.49686410486621674,0.0,0.0,0.0,nan,0
277,0.06925000000000005,0.5,,scientific,0,1,0.09184918375646314,1.0,0.0,0.012160927260519745,0.034455181512752266,0.0034679095029977194,0.012160927260519745,0.034455181512752266,0.0034679095029977194,0.49734997325334224,0.49734997325334224,0.0,0.0,0.0,nan,0,1,1.0,0.0,0.01316542577441212,0.035906801611431005,-0.0021027439129824013,0.01316542577441212,0.035906801611431005,-0.0021027439129824013,0.4689443956944348,0.4689443956944348,0.0,0.0,0.0,nan,0,1,1.0,0.0,0.012160927260519745,0.034455181512752266,0.0034679095029977194,0.012160927260519745,0.034455181512752266,0.0034679095029977194,0.49734997325334224,0.49734997325334224,0.0,0.0,0.0,nan,0
278,0.06950000000000005,0.5,,scientific,0,1,0.09190727938186255,1.0,0.0,0.012198724848663767,0.03451140321596833,0.0036069691855638584,0.012198724848663767,0.03451140321596833,0.0036069691855638584,0.49783405996320174,0.49783405996320174,0.0,0.0,0.0,nan,0,1,1.0,0.0,0.013205041152478966,0.035964527957993625,-0.0019919538234660222,0.013205041152478966,0.035964527957993625,-0.0019919538234660222,0.469171688943175,0.469171688943175,0.0,0.0,0.0,nan,0,1,1.0,0.0,0.012198724848663767,0.03451140321596833,0.0036069691855638584,0.012198724848663767,0.03451140321596833,0.0036069691855638584,0.49783405996320174,0.49783405996320174,0.0,0.0,0.0,nan,0
279,0.06975000000000005,0.5,,scientific,0,1,0.09196537500726196,1.0,0.0,0.012333815864004845,0.03448446732135179,0.0035985469713488193,0.012333815864004845,0.03448446732135179,0.0035985469713488193,0.4982997394380273,0.4982997394380273,0.0,0.0,0.0,nan,0,1,1.0,0.0,0.013337466454696792,0.03594291811785994,-0.00202243535123997,0.013337466454696792,0.03594291811785994,-0.00202243535123997,0.46938146252633633,0.46938146252633633,0.0,0.0,0.0,nan,0,1,1.0,0.0,0.012333815864004845,0.03448446732135179,0.0035985469713488193,0.012333815864004845,0.03448446732135179,0.0035985469713488193,0.4982997394380273,0.4982997394380273,0.0,0.0,0.0,nan,0
280,0.07000000000000005,0.5,,scientific,0,1,0.09202347063266136,1.0,0.0,0.012374520064975188,0.03443402450679822,0.00347673425092046,0.012374520064975188,0.03443402450679822,0.00347673425092046,0.498756793527158,0.498756793527158,0.0,0.0,0.0,nan,0,1,1.0,0.0,0.013379736575645042,0.03589887508869473,-0.002160789165058328,0.013379736575645042,0.03589887508869473,-0.002160789165058328,0.46958280061721785,0.46958280061721785,0.0,0.0,0.0,nan,0,1,1.0,0.0,0.012374520064975188,0.03443402450679822,0.00347673425092046,0.012374520064975188,0.03443402450679822,0.00347673425092046,0.498756793527158,0.498756793527158,0.0,0.0,0.0,nan,0
281,0.07025000000000005,0.5,,scientific,0,1,0.09213966188346018,1.0,0.0,0.01237509648253884,0.03439470569489725,0.003484704239554832,0.01237509648253884,0.03439470569489725,0.003484704239554832,0.4993302959320968,0.4993302959320968,0.0,0.0,0.0,nan,0,1,1.0,0.0,0.013383909312261176,0.0358651790677986,-0.002175321349065743,0.013383909312261176,0.0358651790677986,-0.002175321349065743,0.46989092007737,0.46989092007737,0.0,0.0,0.0,nan,0,1,1.0,0.0,0.01237509648253884,0.03439470569489725,0.003484704239554832,0.01237509648253884,0.03439470569489725,0.003484704239554832,0.4993302959320968,0.4993302959320968,0.0,0.0,0.0,nan,0
282,0.07050000000000005,0.5,,scientific,0,1,0.09213966188346018,1.0,0.0,0.012371216492912847,0.03436125762639134,0.0034247613833193013,0.012371216492912847,0.03436125762639134,0.0034247613833193013,0.4998037690078857,0.4998037690078857,0.0,0.0,0.0,nan,0,1,1.0,0.0,0.01338379777029399,0.03583721158597514,-0.002254838047728876,0.01338379777029399,0.03583721158597514,-0.002254838047728876,0.4701076523637163,0.4701076523637163,0.0,0.0,0.0,nan,0,1,1.0,0.0,0.012371216492912847,0.03436125762639134,0.0034247613833193013,0.012371216492912847,0.03436125762639134,0.0034247613833193013,0.4998037690078857,0.4998037690078857,0.0,0.0,0.0,nan,0
283,0.07075000000000005,0.5,,scientific,0,1,0.09219775750885958,1.0,0.0,0.012414304142342344,0.03443847541492019,0.003284583948508773,0.012414304142342344,0.03443847541492019,0.003284583948508773,0.5004371982062668,0.5004371982062668,0.0,0.0,0.0,nan,0,1,1.0,0.0,0.013428512569951444,0.03591492238234569,-0.0024104177696365634,0.013428512569951444,0.03591492238234569,-0.0024104177696365634,0.47047046084830446,0.47047046084830446,0.0,0.0,0.0,nan,0,1,1.0,0.0,0.012414304142342344,0.03443847541492019,0.003284583948508773,0.012414304142342344,0.03443847541492019,0.003284583948508773,0.5004371982062668,0.5004371982062668,0.0,0.0,0.0,nan,0
284,0.07100000000000005,0.5,,scientific,0,1,0.09219775750885958,1.0,0.0,0.012377190085660907,0.034430716681358026,0.003296977545441672,0.012377190085660907,0.034430716681358026,0.003296977545441672,0.5008005085633155,0.5008005085633155,0.0,0.0,0.0,nan,0,1,1.0,0.0,0.013396792621362934,0.03591157721649346,-0.002420883250984083,0.013396792621362934,0.03591157721649346,-0.002420883250984083,0.47058527915131515,0.47058527915131515,0.0,0.0,0.0,nan,0,1,1.0,0.0,0.012377190085660907,0.034430716681358026,0.003296977545441672,0.012377190085660907,0.034430716681358026,0.003296977545441672,0.5008005085633155,0.5008005085633155,0.0,0.0,0.0,nan,0
285,0.07125000000000005,0.5,,scientific,0,1,0.09225585313425899,1.0,0.0,0.012375571320179192,0.034470301916268084,0.0033064957735044584,0.012375571320179192,0.034470301916268084,0.0033064957735044584,0.501084385232302,0.501084385232302,0.0,0.0,0.0,nan,0,1,1.0,0.0,0.013398848527709622,0.03595360202734881,-0.002434260988693875,0.013398848527709622,0.03595360202734881,-0.002434260988693875,0.4706276413377216,0.4706276413377216,0.0,0.0,0.0,nan,0,1,1.0,0.0,0.012375571320179192,0.034470301916268084,0.0033064957735044584,0.012375571320179192,0.034470301916268084,0.0033064957735044584,0.501084385232302,0.501084385232302,0.0,0.0,0.0,nan,0
286,0.07150000000000005,0.5,,scientific,0,1,0.0923720443850578,1.0,0.0,0.012184791595940063,0.03447730370162196,0.003415185613585211,0.012184791595940063,0.03447730370162196,0.003415185613585211,0.5018251812735097,0.5018251812735097,0.0,0.0,0.0,nan,0,1,1.0,0.0,0.013219624900027626,0.03596388452106181,-0.002353236242343673,0.013219624900027626,0.03596388452106181,-0.002353236242343673,0.4710889198585757,0.4710889198585757,0.0,0.0,0.0,nan,0,1,1.0,0.0,0.012184791595940063,0.03447730370162196,0.003415185613585211,0.012184791595940063,0.03447730370162196,0.003415185613585211,0.5018251812735097,0.5018251812735097,0.0,0.0,0.0,nan,0
287,0.07175000000000005,0.5,,scientific,0,1,0.09254633126125603,1.0,0.0,0.012123458468854282,0.034414600604606285,0.0036274038443275354,0.012123458468854282,0.034414600604606285,0.0036274038443275354,0.5022886589960143,0.5022886589960143,0.0,0.0,0.0,nan,0,1,1.0,0.0,0.01316471570233499,0.03590793375891484,-0.0021733188789284648,0.01316471570233499,0.03590793375891484,-0.0021733188789284648,0.4712953451207671,0.4712953451207671,0.0,0.0,0.0,nan,0,1,1.0,0.0,0.012123458468854282,0.034414600604606285,0.0036274038443275354,0.012123458468854282,0.034414600604606285,0.0036274038443275354,0.5022886589960143,0.5022886589960143,0.0,0.0,0.0,nan,0
288,0.07200000000000005,0.5,,scientific,0,1,0.09254633126125603,1.0,0.0,0.012206863590124377,0.034504704681423644,0.0037395746378307603,0.012206863590124377,0.034504704681423644,0.0037395746378307603,0.5028196041625639,0.5028196041625639,0.0,0.0,0.0,nan,0,1,1.0,0.0,0.0132481631028639,0.03599830594943255,-0.002087863143809468,0.0132481631028639,0.03599830594943255,-0.002087863143809468,0.4715636477363,0.4715636477363,0.0,0.0,0.0,nan,0,1,1.0,0.0,0.012206863590124377,0.034504704681423644,0.0037395746378307603,0.012206863590124377,0.034504704681423644,0.0037395746378307603,0.5028196041625639,0.5028196041625639,0.0,0.0,0.0,nan,0
289,0.07225000000000005,0.5,,scientific,0,1,0.09266252251205484,1.0,0.0,0.012254551703164767,0.03451637913183229,0.003716212282153228,0.012254551703164767,0.03451637913183229,0.003716212282153228,0.5032087687516623,0.5032087687516623,0.0,0.0,0.0,nan,0,1,1.0,0.0,0.013297125327861628,0.03601329534271551,-0.002132511375473563,0.013297125327861628,0.03601329534271551,-0.002132511375473563,0.47170192483225143,0.47170192483225143,0.0,0.0,0.0,nan,0,1,1.0,0.0,0.012254551703164767,0.03451637913183229,0.003716212282153228,0.012254551703164767,0.03451637913183229,0.003716212282153228,0.5032087687516623,0.5032087687516623,0.0,0.0,0.0,nan,0
290,0.07250000000000005,0.5,,scientific,0,1,0.09266252251205484,1.0,0.0,0.012276311526035802,0.03451875220486332,0.003831971213245169,0.012276311526035802,0.03451875220486332,0.003831971213245169,0.5036458139597871,0.5036458139597871,0.0,0.0,0.0,nan,0,1,1.0,0.0,0.013321272110597715,0.036019608598239515,-0.0020445573249529155,0.013321272110597715,0.036019608598239515,-0.0020445573249529155,0.4718835528600292,0.4718835528600292,0.0,0.0,0.0,nan,0,1,1.0,0.0,0.012276311526035802,0.03451875220486332,0.003831971213245169,0.012276311526035802,0.03451875220486332,0.003831971213245169,0.5036458139597871,0.5036458139597871,0.0,0.0,0.0,nan,0
291,0.07275000000000005,0.5,,scientific,0,1,0.09283680938825306,1.0,0.0,0.012234685042249272,0.03454525927876241,0.00390817420814542,0.012234685042249272,0.03454525927876241,0.00390817420814542,0.5042020163802181,0.5042020163802181,0.0,0.0,0.0,nan,0,1,1.0,0.0,0.013284784597840524,0.03604890627659052,-0.0019939544765153233,0.013284784597840524,0.03604890627659052,-0.0019939544765153233,0.4721744371118647,0.4721744371118647,0.0,0.0,0.0,nan,0,1,1.0,0.0,0.012234685042249272,0.03454525927876241,0.00390817420814542,0.012234685042249272,0.03454525927876241,0.00390817420814542,0.5042020163802181,0.5042020163802181,0.0,0.0,0.0,nan,0
292,0.07300000000000005,0.5,,scientific,0,1,0.09283680938825306,1.0,0.0,0.012076381818988081,0.03473158201152168,0.0038842771095879774,0.012076381818988081,0.03473158201152168,0.0038842771095879774,0.504817159105831,0.504817159105831,0.0,0.0,0.0,nan,0,1,1.0,0.0,0.013136939136292968,0.036231052985338234,-0.0020387675920396082,0.013136939136292968,0.036231052985338234,-0.0020387675920396082,0.47251871874034584,0.47251871874034584,0.0,0.0,0.0,nan,0,1,1.0,0.0,0.012076381818988081,0.03473158201152168,0.0038842771095879774,0.012076381818988081,0.03473158201152168,0.0038842771095879774,0.504817159105831,0.504817159105831,0.0,0.0,0.0,nan,0
293,0.07325000000000005,0.5,,scientific,0,1,0.09289490501365247,1.0,0.0,0.012053314387547233,0.03451848899579883,0.004041387476425983,0.012053314387547233,0.03451848899579883,0.004041387476425983,0.5054293206227809,0.5054293206227809,0.0,0.0,0.0,nan,0,1,1.0,0.0,0.013118331000301417,0.036031612078798056,-0.0019115357906382099,0.013118331000301417,0.036031612078798056,-0.0019115357906382099,0.47285921008994647,0.47285921008994647,0.0,0.0,0.0,nan,0,1,1.0,0.0,0.012053314387547233,0.03451848899579883,0.004041387476425983,0.012053314387547233,0.03451848899579883,0.004041387476425983,0.5054293206227809,0.5054293206227809,0.0,0.0,0.0,nan,0
294,0.07350000000000005,0.5,,scientific,0,1,0.09295300063905187,1.0,0.0,0.012014407935678857,0.03458778741049894,0.004039283968019991,0.012014407935678857,0.03458778741049894,0.004039283968019991,0.5057215111925472,0.5057215111925472,0.0,0.0,0.0,nan,0,1,1.0,0.0,0.013084067526193987,0.036102106426475794,-0.0019355045333289281,0.013084067526193987,0.036102106426475794,-0.0019355045333289281,0.4729084199978452,0.4729084199978452,0.0,0.0,0.0,nan,0,1,1.0,0.0,0.012014407935678857,0.03458778741049894,0.004039283968019991,0.012014407935678857,0.03458778741049894,0.004039283968019991,0.5057215111925472,0.5057215111925472,0.0,0.0,0.0,nan,0
295,0.07375000000000005,0.5,,scientific,0,1,0.09295300063905187,1.0,0.0,0.012010445435601565,0.03462871393637702,0.004093783063436846,0.012010445435601565,0.03462871393637702,0.004093783063436846,0.5062332332701425,0.5062332332701425,0.0,0.0,0.0,nan,0,1,1.0,0.0,0.013083911777448118,0.03614509470185086,-0.0019060018086066851,0.013083911777448118,0.03614509470185086,-0.0019060018086066851,0.47315722912797,0.47315722912797,0.0,0.0,0.0,nan,0,1,1.0,0.0,0.012010445435601565,0.03462871393637702,0.004093783063436846,0.012010445435601565,0.03462871393637702,0.004093783063436846,0.5062332332701425,0.5062332332701425,0.0,0.0,0.0,nan,0
296,0.07400000000000005,0.5,,scientific,0,1,0.09301109626445128,1.0,0.0,0.011919694504360681,0.03471070326244754,0.004016711015501048,0.011919694504360681,0.03471070326244754,0.004016711015501048,0.5068211817790268,0.5068211817790268,0.0,0.0,0.0,nan,0,1,1.0,0.0,0.013000656381390974,0.03622758713454992,-0.002002018850596863,0.013000656381390974,0.03622758713454992,-0.002002018850596863,0.47347598859534235,0.47347598859534235,0.0,0.0,0.0,nan,0,1,1.0,0.0,0.011919694504360681,0.03471070326244754,0.004016711015501048,0.011919694504360681,0.03471070326244754,0.004016711015501048,0.5068211817790268,0.5068211817790268,0.0,0.0,0.0,nan,0
297,0.07425000000000005,0.5,,scientific,0,1,0.0931272875152501,1.0,0.0,0.011954458917878708,0.0346202097128956,0.003904164840833644,0.011954458917878708,0.0346202097128956,0.003904164840833644,0.5072737851890259,0.5072737851890259,0.0,0.0,0.0,nan,0,1,1.0,0.0,0.013037378564165356,0.03614526497494553,-0.0021318306567302573,0.013037378564165356,0.03614526497494553,-0.0021318306567302573,0.4736704897590228,0.4736704897590228,0.0,0.0,0.0,nan,0,1,1.0,0.0,0.011954458917878708,0.0346202097128956,0.003904164840833644,0.011954458917878708,0.0346202097128956,0.003904164840833644,0.5072737851890259,0.5072737851890259,0.0,0.0,0.0,nan,0
298,0.07450000000000005,0.5,,scientific,0,1,0.0931853831406495,1.0,0.0,0.011890482015441108,0.034640094371578334,0.003885363552947691,0.011890482015441108,0.034640094371578334,0.003885363552947691,0.5076622061646894,0.5076622061646894,0.0,0.0,0.0,nan,0,1,1.0,0.0,0.012979835740102835,0.036168024281952205,-0.0021719672894016375,0.012979835740102835,0.036168024281952205,-0.0021719672894016375,0.47380664106541653,0.47380664106541653,0.0,0.0,0.0,nan,0,1,1.0,0.0,0.011890482015441108,0.034640094371578334,0.003885363552947691,0.011890482015441108,0.034640094371578334,0.003885363552947691,0.5076622061646894,0.5076622061646894,0.0,0.0,0.0,nan,0
299,0.07475000000000005,0.5,,scientific,0,1,0.09335967001684774,1.0,0.0,0.011973665873364427,0.03471467163555362,0.004145672734383869,0.011973665873364427,0.03471467163555362,0.004145672734383869,0.5082998940709238,0.5082998940709238,0.0,0.0,0.0,nan,0,1,1.0,0.0,0.013062891405832855,0.036242850414767526,-0.001946195552294468,0.013062891405832855,0.036242850414767526,-0.001946195552294468,0.47416915927942554,0.47416915927942554,0.0,0.0,0.0,nan,0,1,1.0,0.0,0.011973665873364427,0.03471467163555362,0.004145672734383869,0.011973665873364427,0.03471467163555362,0.004145672734383869,0.5082998940709238,0.5082998940709238,0.0,0.0,0.0,nan,0
300,0.07500000000000005,0.5,,scientific,0,1,0.09347586126764655,1.0,0.0,0.011975444989458506,0.03486291910837954,0.0041225981982738955,0.011975444989458506,0.03486291910837954,0.0041225981982738955,0.5086474748361423,0.5086474748361423,0.0,0.0,0.0,nan,0,1,1.0,0.0,0.013067914708358129,0.03638805407841379,-0.001990083609368229,0.013067914708358129,0.03638805407841379,-0.001990083609368229,0.47426819520951363,0.47426819520951363,0.0,0.0,0.0,nan,0,1,1.0,0.0,0.011975444989458506,0.03486291910837954,0.0041225981982738955,0.011975444989458506,0.03486291910837954,0.0041225981982738955,0.5086474748361423,0.5086474748361423,0.0,0.0,0.0,nan,0
301,0.07525000000000005,0.5,,scientific,0,1,0.09347586126764655,1.0,0.0,0.011902069373471515,0.03482407167863593,0.004162045609895974,0.011902069373471515,0.03482407167863593,0.004162045609895974,0.5090673770660508,0.5090673770660508,0.0,0.0,0.0,nan,0,1,1.0,0.0,0.013001685288709522,0.03635496107773886,-0.0019748274688580507,0.013001685288709522,0.03635496107773886,-0.0019748274688580507,0.4744320383446623,0.4744320383446623,0.0,0.0,0.0,nan,0,1,1.0,0.0,0.011902069373471515,0.03482407167863593,0.004162045609895974,0.011902069373471515,0.03482407167863593,0.004162045609895974,0.5090673770660508,0.5090673770660508,0.0,0.0,0.0,nan,0
302,0.07550000000000005,0.5,,scientific,0,1,0.09353395689304596,1.0,0.0,0.011956334422300853,0.03488618671580685,0.004246484901401573,0.011956334422300853,0.03488618671580685,0.004246484901401573,0.5096131993594442,0.5096131993594442,0.0,0.0,0.0,nan,0,1,1.0,0.0,0.013056676191562266,0.03641817660423847,-0.00191632000571766,0.013056676191562266,0.03641817660423847,-0.00191632000571766,0.4747105997974772,0.4747105997974772,0.0,0.0,0.0,nan,0,1,1.0,0.0,0.011956334422300853,0.03488618671580685,0.004246484901401573,0.011956334422300853,0.03488618671580685,0.004246484901401573,0.5096131993594442,0.5096131993594442,0.0,0.0,0.0,nan,0
303,0.07575000000000005,0.5,,scientific,0,1,0.09359205251844536,1.0,0.0,0.012059576357982622,0.034878876866139864,0.004436387195146812,0.012059576357982622,0.034878876866139864,0.004436387195146812,0.5102119514225708,0.5102119514225708,0.0,0.0,0.0,nan,0,1,1.0,0.0,0.013158497459328547,0.03641526388804371,-0.0017578150242863284,0.013158497459328547,0.03641526388804371,-0.0017578150242863284,0.47503703200182834,0.47503703200182834,0.0,0.0,0.0,nan,0,1,1.0,0.0,0.012059576357982622,0.034878876866139864,0.004436387195146812,0.012059576357982622,0.034878876866139864,0.004436387195146812,0.5102119514225708,0.5102119514225708,0.0,0.0,0.0,nan,0
304,0.07600000000000005,0.5,,scientific,0,1,0.09359205251844536,1.0,0.0,0.012037154060453225,0.03484577836341678,0.0043424927296172545,0.012037154060453225,0.03484577836341678,0.0043424927296172545,0.5106054107741652,0.5106054107741652,0.0,0.0,0.0,nan,0,1,1.0,0.0,0.013140763276318676,0.03638776361310028,-0.001869453795061703,0.013140763276318676,0.03638776361310028,-0.001869453795061703,0.47517647233142546,0.47517647233142546,0.0,0.0,0.0,nan,0,1,1.0,0.0,0.012037154060453225,0.03484577836341678,0.0043424927296172545,0.012037154060453225,0.03484577836341678,0.0043424927296172545,0.5106054107741652,0.5106054107741652,0.0,0.0,0.0,nan,0
305,0.07625000000000005,0.5,,scientific,0,1,0.09359205251844536,1.0,0.0,0.011995302162913973,0.03482441231679288,0.0044049501148068675,0.011995302162913973,0.03482441231679288,0.0044049501148068675,0.511221440625081,0.511221440625081,0.0,0.0,0.0,nan,0,1,1.0,0.0,0.013104430880787497,0.03637110201053604,-0.0018321100668785592,0.013104430880787497,0.03637110201053604,-0.0018321100668785592,0.47551767013176566,0.47551767013176566,0.0,0.0,0.0,nan,0,1,1.0,0.0,0.011995302162913973,0.03482441231679288,0.0044049501148068675,0.011995302162913973,0.03482441231679288,0.0044049501148068675,0.511221440625081,0.511221440625081,0.0,0.0,0.0,nan,0
306,0.07650000000000005,0.5,,scientific,0,1,0.09376633939464359,1.0,0.0,0.012007309877863545,0.03482064257945685,0.004463228835187717,0.012007309877863545,0.03482064257945685,0.004463228835187717,0.5116109325875997,0.5116109325875997,0.0,0.0,0.0,nan,0,1,1.0,0.0,0.013119591831984079,0.03637155274338734,-0.0017981975779366045,0.013119591831984079,0.03637155274338734,-0.0017981975779366045,0.47565384773380837,0.47565384773380837,0.0,0.0,0.0,nan,0,1,1.0,0.0,0.012007309877863545,0.03482064257945685,0.004463228835187717,0.012007309877863545,0.03482064257945685,0.004463228835187717,0.5116109325875997,0.5116109325875997,0.0,0.0,0.0,nan,0
307,0.07675000000000005,0.5,,scientific,0,1,0.0938825306454424,1.0,0.0,0.011946334096420508,0.03477795194178639,0.004377059860091118,0.011946334096420508,0.03477795194178639,0.004377059860091118,0.5119618444321546,0.5119618444321546,0.0,0.0,0.0,nan,0,1,1.0,0.0,0.013064986470549463,0.0363348560229057,-0.0019023216715992224,0.013064986470549463,0.0363348560229057,-0.0019023216715992224,0.47575399547730945,0.47575399547730945,0.0,0.0,0.0,nan,0,1,1.0,0.0,0.011946334096420508,0.03477795194178639,0.004377059860091118,0.011946334096420508,0.03477795194178639,0.004377059860091118,0.5119618444321546,0.5119618444321546,0.0,0.0,0.0,nan,0
308,0.07700000000000005,0.5,,scientific,0,1,0.09399872189624121,1.0,0.0,0.011860435030057709,0.034739652341909386,0.004412001951924748,0.011860435030057709,0.034739652341909386,0.004412001951924748,0.5125464446542826,0.5125464446542826,0.0,0.0,0.0,nan,0,1,1.0,0.0,0.012986465556798771,0.03630256302607919,-0.0018908929718002218,0.012986465556798771,0.03630256302607919,-0.0018908929718002218,0.4760666364591091,0.4760666364591091,0.0,0.0,0.0,nan,0,1,1.0,0.0,0.011860435030057709,0.034739652341909386,0.004412001951924748,0.011860435030057709,0.034739652341909386,0.004412001951924748,0.5125464446542826,0.5125464446542826,0.0,0.0,0.0,nan,0
309,0.07725000000000005,0.5,,scientific,0,1,0.09399872189624121,1.0,0.0,0.011853587733399295,0.03468710703090154,0.004477693346262549,0.011853587733399295,0.03468710703090154,0.004477693346262549,0.5131465007140891,0.5131465007140891,0.0,0.0,0.0,nan,0,1,1.0,0.0,0.012983397254181095,0.036256003241108524,-0.0018507000754860775,0.012983397254181095,0.036256003241108524,-0.0018507000754860775,0.4763935384727667,0.4763935384727667,0.0,0.0,0.0,nan,0,1,1.0,0.0,0.011853587733399295,0.03468710703090154,0.004477693346262549,0.011853587733399295,0.03468710703090154,0.004477693346262549,0.5131465007140891,0.5131465007140891,0.0,0.0,0.0,nan,0
310,0.07750000000000005,0.5,,scientific,0,1,0.09411491314704003,1.0,0.0,0.011893772249445265,0.034646912677779,0.004537526583471823,0.011893772249445265,0.034646912677779,0.004537526583471823,0.5137123193663515,0.5137123193663515,0.0,0.0,0.0,nan,0,1,1.0,0.0,0.01302536929207184,0.03622195669623451,-0.001815455609970061,0.01302536929207184,0.03622195669623451,-0.001815455609970061,0.4766884243866674,0.4766884243866674,0.0,0.0,0.0,nan,0,1,1.0,0.0,0.011893772249445265,0.034646912677779,0.004537526583471823,0.011893772249445265,0.034646912677779,0.004537526583471823,0.5137123193663515,0.5137123193663515,0.0,0.0,0.0,nan,0
311,0.07775000000000006,0.5,,scientific,0,1,0.09428920002323825,1.0,0.0,0.011877660842414916,0.03454749554968987,0.004541793369490654,0.011877660842414916,0.03454749554968987,0.004541793369490654,0.514071240405167,0.514071240405167,0.0,0.0,0.0,nan,0,1,1.0,0.0,0.013013516575979532,0.036131689153312885,-0.0018338266059944148,0.013013516575979532,0.036131689153312885,-0.0018338266059944148,0.4767950085482372,0.4767950085482372,0.0,0.0,0.0,nan,0,1,1.0,0.0,0.011877660842414916,0.03454749554968987,0.004541793369490654,0.011877660842414916,0.03454749554968987,0.004541793369490654,0.514071240405167,0.514071240405167,0.0,0.0,0.0,nan,0
312,0.07800000000000006,0.5,,scientific,0,1,0.09434729564863766,1.0,0.0,0.011856200930563889,0.034565968720118107,0.0045574795368633365,0.011856200930563889,0.034565968720118107,0.0045574795368633365,0.5145983802959031,0.5145983802959031,0.0,0.0,0.0,nan,0,1,1.0,0.0,0.012996652438680815,0.03615316270119889,-0.001840189683466216,0.012996652438680815,0.03615316270119889,-0.001840189683466216,0.4770557000619975,0.4770557000619975,0.0,0.0,0.0,nan,0,1,1.0,0.0,0.011856200930563889,0.034565968720118107,0.0045574795368633365,0.011856200930563889,0.034565968720118107,0.0045574795368633365,0.5145983802959031,0.5145983802959031,0.0,0.0,0.0,nan,0
313,0.07825000000000006,0.5,,scientific,0,1,0.09440539127403706,1.0,0.0,0.011806194779870011,0.0346471390818381,0.004543992278860864,0.011806194779870011,0.0346471390818381,0.004543992278860864,0.5151152475037546,0.5151152475037546,0.0,0.0,0.0,nan,0,1,1.0,0.0,0.012952341634815,0.036234651354944886,-0.0018751785107229853,0.012952341634815,0.036234651354944886,-0.0018751785107229853,0.4773056048668457,0.4773056048668457,0.0,0.0,0.0,nan,0,1,1.0,0.0,0.011806194779870011,0.0346471390818381,0.004543992278860864,0.011806194779870011,0.0346471390818381,0.004543992278860864,0.5151152475037546,0.5151152475037546,0.0,0.0,0.0,nan,0
314,0.07850000000000006,0.5,,scientific,0,1,0.09446348689943647,1.0,0.0,0.01181450864075201,0.03464807992274414,0.004527758111241275,0.01181450864075201,0.03464807992274414,0.004527758111241275,0.5155657350819588,0.5155657350819588,0.0,0.0,0.0,nan,0,1,1.0,0.0,0.012963760662248738,0.03623958522227861,-0.0019125780784279506,0.012963760662248738,0.03623958522227861,-0.0019125780784279506,0.47749532674986184,0.47749532674986184,0.0,0.0,0.0,nan,0,1,1.0,0.0,0.01181450864075201,0.03464807992274414,0.004527758111241275,0.01181450864075201,0.03464807992274414,0.004527758111241275,0.5155657350819588,0.5155657350819588,0.0,0.0,0.0,nan,0
315,0.07875000000000006,0.5,,scientific,0,1,0.09452158252483588,1.0,0.0,0.011840088828070004,0.03472340519997228,0.004624620574817515,0.011840088828070004,0.03472340519997228,0.004624620574817515,0.5160518527235619,0.5160518527235619,0.0,0.0,0.0,nan,0,1,1.0,0.0,0.012991599906030559,0.03631513852710961,-0.001842545356980002,0.012991599906030559,0.03631513852710961,-0.001842545356980002,0.47771692935901566,0.47771692935901566,0.0,0.0,0.0,nan,0,1,1.0,0.0,0.011840088828070004,0.03472340519997228,0.004624620574817515,0.011840088828070004,0.03472340519997228,0.004624620574817515,0.5160518527235619,0.5160518527235619,0.0,0.0,0.0,nan,0
316,0.07900000000000006,0.5,,scientific,0,1,0.09463777377563469,1.0,0.0,0.011867305108690407,0.03462014706627535,0.004555028378242385,0.011867305108690407,0.03462014706627535,0.004555028378242385,0.5165197230749584,0.5165197230749584,0.0,0.0,0.0,nan,0,1,1.0,0.0,0.013021022362150669,0.03622101079157605,-0.0019306706216820095,0.013021022362150669,0.03622101079157605,-0.0019306706216820095,0.47792142366613466,0.47792142366613466,0.0,0.0,0.0,nan,0,1,1.0,0.0,0.011867305108690407,0.03462014706627535,0.004555028378242385,0.011867305108690407,0.03462014706627535,0.004555028378242385,0.5165197230749584,0.5165197230749584,0.0,0.0,0.0,nan,0
317,0.07925000000000006,0.5,,scientific,0,1,0.09463777377563469,1.0,0.0,0.011879024712275454,0.0346057567908588,0.0045246959474869895,0.011879024712275454,0.0346057567908588,0.0045246959474869895,0.5168280449703584,0.5168280449703584,0.0,0.0,0.0,nan,0,1,1.0,0.0,0.013035797980254008,0.0362113787507006,-0.0019819086620795376,0.013035797980254008,0.0362113787507006,-0.0019819086620795376,0.4779822243835721,0.4779822243835721,0.0,0.0,0.0,nan,0,1,1.0,0.0,0.011879024712275454,0.0346057567908588,0.0045246959474869895,0.011879024712275454,0.0346057567908588,0.0045246959474869895,0.5168280449703584,0.5168280449703584,0.0,0.0,0.0,nan,0
318,0.07950000000000006,0.5,,scientific,0,1,0.0946958694010341,1.0,0.0,0.011892615895134346,0.0345970143964759,0.004608243508924678,0.011892615895134346,0.0345970143964759,0.004608243508924678,0.5171665714573737,0.5171665714573737,0.0,0.0,0.0,nan,0,1,1.0,0.0,0.013052269351127119,0.036207101988804086,-0.0019249279643833981,0.013052269351127119,0.036207101988804086,-0.0019249279643833981,0.478069820213274,0.478069820213274,0.0,0.0,0.0,nan,0,1,1.0,0.0,0.011892615895134346,0.0345970143964759,0.004608243508924678,0.011892615895134346,0.0345970143964759,0.004608243508924678,0.5171665714573737,0.5171665714573737,0.0,0.0,0.0,nan,0
319,0.07975000000000006,0.5,,scientific,0,1,0.0946958694010341,1.0,0.0,0.011799461958262652,0.0344901678520468,0.00459675052222283,0.011799461958262652,0.0344901678520468,0.00459675052222283,0.5178506377129788,0.5178506377129788,0.0,0.0,0.0,nan,0,1,1.0,0.0,0.012967003174679274,0.03610888391895898,-0.001958127766419492,0.012967003174679274,0.03610888391895898,-0.001958127766419492,0.47847021869549156,0.47847021869549156,0.0,0.0,0.0,nan,0,1,1.0,0.0,0.011799461958262652,0.0344901678520468,0.00459675052222283,0.011799461958262652,0.0344901678520468,0.00459675052222283,0.5178506377129788,0.5178506377129788,0.0,0.0,0.0,nan,0
320,0.08000000000000006,0.5,,scientific,0,1,0.09481206065183291,1.0,0.0,0.011783483599847499,0.0344842615930875,0.00477057448558039,0.011783483599847499,0.0344842615930875,0.00477057448558039,0.5183635124685173,0.5183635124685173,0.0,0.0,0.0,nan,0,1,1.0,0.0,0.012955163599484006,0.03610697666475169,-0.001814821013018859,0.012955163599484006,0.03610697666475169,-0.001814821013018859,0.47871581814609154,0.47871581814609154,0.0,0.0,0.0,nan,0,1,1.0,0.0,0.011783483599847499,0.0344842615930875,0.00477057448558039,0.011783483599847499,0.0344842615930875,0.00477057448558039,0.5183635124685173,0.5183635124685173,0.0,0.0,0.0,nan,0
321,0.08025000000000006,0.5,,scientific,0,1,0.09487015627723232,1.0,0.0,0.011812406000442175,0.034451327598303536,0.004700674141445898,0.011812406000442175,0.034451327598303536,0.004700674141445898,0.5184500912390955,0.5184500912390955,0.0,0.0,0.0,nan,0,1,1.0,0.0,0.012982528920257218,0.03607573122344736,-0.0018801484300364226,0.012982528920257218,0.03607573122344736,-0.0018801484300364226,0.47880229112019645,0.47880229112019645,0.0,0.0,0.0,nan,0,1,1.0,0.0,0.011812406000442175,0.034451327598303536,0.004700674141445898,0.011812406000442175,0.034451327598303536,0.004700674141445898,0.5184500912390955,0.5184500912390955,0.0,0.0,0.0,nan,0
322,0.08050000000000006,0.5,,scientific,0,1,0.09492825190263174,1.0,0.0,0.011843269196400018,0.034337987792339854,0.004826538461233457,0.011843269196400018,0.034337987792339854,0.004826538461233457,0.5187238313144347,0.5187238313144347,0.0,0.0,0.0,nan,0,1,1.0,0.0,0.01301172258670869,0.03596738912359615,-0.0017590678241990031,0.01301172258670869,0.03596738912359615,-0.0017590678241990031,0.479057905594234,0.479057905594234,0.0,0.0,0.0,nan,0,1,1.0,0.0,0.011843269196400018,0.034337987792339854,0.004826538461233457,0.011843269196400018,0.034337987792339854,0.004826538461233457,0.5187238313144347,0.5187238313144347,0.0,0.0,0.0,nan,0
323,0.08075000000000006,0.5,,scientific,0,1,0.09504444315343055,1.0,0.0,0.011833620322406629,0.0342927108818664,0.0048048780896614565,0.011833620322406629,0.0342927108818664,0.0048048780896614565,0.5188114231676035,0.5188114231676035,0.0,0.0,0.0,nan,0,1,1.0,0.0,0.013002430725276464,0.03592443693025433,-0.001778580574244175,0.013002430725276464,0.03592443693025433,-0.001778580574244175,0.4791441611443816,0.4791441611443816,0.0,0.0,0.0,nan,0,1,1.0,0.0,0.011833620322406629,0.0342927108818664,0.0048048780896614565,0.011833620322406629,0.0342927108818664,0.0048048780896614565,0.5188114231676035,0.5188114231676035,0.0,0.0,0.0,nan,0
324,0.08100000000000006,0.5,,scientific,0,1,0.09504444315343055,1.0,0.0,0.011911474027043852,0.03418188391540426,0.004978242769706488,0.011911474027043852,0.03418188391540426,0.004978242769706488,0.5190341631187263,0.5190341631187263,0.0,0.0,0.0,nan,0,1,1.0,0.0,0.013075999478123478,0.035818123265098145,-0.001612585347183969,0.013075999478123478,0.035818123265098145,-0.001612585347183969,0.4793521586444288,0.4793521586444288,0.0,0.0,0.0,nan,0,1,1.0,0.0,0.011911474027043852,0.03418188391540426,0.004978242769706488,0.011911474027043852,0.03418188391540426,0.004978242769706488,0.5190341631187263,0.5190341631187263,0.0,0.0,0.0,nan,0
325,0.08125000000000006,0.5,,scientific,0,1,0.09510253877882996,1.0,0.0,0.011916756052062388,0.03422160639188351,0.004989134535542011,0.011916756052062388,0.03422160639188351,0.004989134535542011,0.5191199308985548,0.5191199308985548,0.0,0.0,0.0,nan,0,1,1.0,0.0,0.013080942913212771,0.0358561862336488,-0.0016009275003689518,0.013080942913212771,0.0358561862336488,-0.0016009275003689518,0.4794370940769193,0.4794370940769193,0.0,0.0,0.0,nan,0,1,1.0,0.0,0.011916756052062388,0.03422160639188351,0.004989134535542011,0.011916756052062388,0.03422160639188351,0.004989134535542011,0.5191199308985548,0.5191199308985548,0.0,0.0,0.0,nan,0
326,0.08150000000000006,0.5,,scientific,0,1,0.09510253877882996,1.0,0.0,0.011883591247728326,0.03425383465343526,0.005022577836810785,0.011883591247728326,0.03425383465343526,0.005022577836810785,0.5192927970945888,0.5192927970945888,0.0,0.0,0.0,nan,0,1,1.0,0.0,0.013048907999732164,0.03588698007271706,-0.0015679092732171082,0.013048907999732164,0.03588698007271706,-0.0015679092732171082,0.4796006624855672,0.4796006624855672,0.0,0.0,0.0,nan,0,1,1.0,0.0,0.011883591247728326,0.03425383465343526,0.005022577836810785,0.011883591247728326,0.03425383465343526,0.005022577836810785,0.5192927970945888,0.5192927970945888,0.0,0.0,0.0,nan,0
327,0.08175000000000006,0.5,,scientific,0,1,0.09516063440422937,1.0,0.0,0.011908183871243629,0.03447426564035937,0.004931892898668169,0.011908183871243629,0.03447426564035937,0.004931892898668169,0.5198669272479649,0.5198669272479649,0.0,0.0,0.0,nan,0,1,1.0,0.0,0.01307198289589608,0.036096814541703576,-0.001652450242868418,0.01307198289589608,0.036096814541703576,-0.001652450242868418,0.480126451521274,0.480126451521274,0.0,0.0,0.0,nan,0,1,1.0,0.0,0.011908183871243629,0.03447426564035937,0.004931892898668169,0.011908183871243629,0.03447426564035937,0.004931892898668169,0.5198669272479649,0.5198669272479649,0.0,0.0,0.0,nan,0
328,0.08200000000000006,0.5,,scientific,0,1,0.09527682565502818,1.0,0.0,0.011901251037275457,0.03441585659198817,0.004808458937114939,0.011901251037275457,0.03441585659198817,0.004808458937114939,0.5200326686600902,0.5200326686600902,0.0,0.0,0.0,nan,0,1,1.0,0.0,0.01306522229823387,0.036040983404699765,-0.0017689848020090526,0.01306522229823387,0.036040983404699765,-0.0017689848020090526,0.48028282475634243,0.48028282475634243,0.0,0.0,0.0,nan,0,1,1.0,0.0,0.011901251037275457,0.03441585659198817,0.004808458937114939,0.011901251037275457,0.03441585659198817,0.004808458937114939,0.5200326686600902,0.5200326686600902,0.0,0.0,0.0,nan,0
329,0.08225000000000006,0.5,,scientific,0,1,0.09527682565502818,1.0,0.0,0.011921801474917736,0.03441152788239247,0.004764441522024581,0.011921801474917736,0.03441152788239247,0.004764441522024581,0.5201112528065021,0.5201112528065021,0.0,0.0,0.0,nan,0,1,1.0,0.0,0.013084376017101088,0.03603660773879131,-0.0018101012671436535,0.013084376017101088,0.03603660773879131,-0.0018101012671436535,0.48036002461582106,0.48036002461582106,0.0,0.0,0.0,nan,0,1,1.0,0.0,0.011921801474917736,0.03441152788239247,0.004764441522024581,0.011921801474917736,0.03441152788239247,0.004764441522024581,0.5201112528065021,0.5201112528065021,0.0,0.0,0.0,nan,0
330,0.08250000000000006,0.5,,scientific,0,1,0.09533492128042759,1.0,0.0,0.012025370142279888,0.0344489017857174,0.004961978274313225,0.012025370142279888,0.0344489017857174,0.004961978274313225,0.5205441494160994,0.5205441494160994,0.0,0.0,0.0,nan,0,1,1.0,0.0,0.01318269207207385,0.03607167952169979,-0.0016208805916685064,0.01318269207207385,0.03607167952169979,-0.0016208805916685064,0.4807575151224618,0.4807575151224618,0.0,0.0,0.0,nan,0,1,1.0,0.0,0.012025370142279888,0.0344489017857174,0.004961978274313225,0.012025370142279888,0.0344489017857174,0.004961978274313225,0.5205441494160994,0.5205441494160994,0.0,0.0,0.0,nan,0
331,0.08275000000000006,0.5,,scientific,0,1,0.0954511125312264,1.0,0.0,0.011995706712699835,0.034504617294416576,0.004922927235894058,0.011995706712699835,0.034504617294416576,0.004922927235894058,0.5207897411861092,0.5207897411861092,0.0,0.0,0.0,nan,0,1,1.0,0.0,0.01315418400411187,0.0361245725833334,-0.001656945571950233,0.01315418400411187,0.0361245725833334,-0.001656945571950233,0.4809855474029803,0.4809855474029803,0.0,0.0,0.0,nan,0,1,1.0,0.0,0.011995706712699835,0.034504617294416576,0.004922927235894058,0.011995706712699835,0.034504617294416576,0.004922927235894058,0.5207897411861092,0.5207897411861092,0.0,0.0,0.0,nan,0
332,0.08300000000000006,0.5,,scientific,0,1,0.0954511125312264,1.0,0.0,0.011968432466174704,0.03453600626491482,0.004765931709565838,0.011968432466174704,0.03453600626491482,0.004765931709565838,0.5210795837607708,0.5210795837607708,0.0,0.0,0.0,nan,0,1,1.0,0.0,0.013127816706971529,0.036154551081498836,-0.0018050350100582264,0.013127816706971529,0.036154551081498836,-0.0018050350100582264,0.4812534378542582,0.4812534378542582,0.0,0.0,0.0,nan,0,1,1.0,0.0,0.011968432466174704,0.03453600626491482,0.004765931709565838,0.011968432466174704,0.03453600626491482,0.004765931709565838,0.5210795837607708,0.5210795837607708,0.0,0.0,0.0,nan,0
333,0.08325000000000006,0.5,,scientific,0,1,0.0954511125312264,1.0,0.0,0.012035505406940615,0.0345221929527708,0.004652266370293402,0.012035505406940615,0.0345221929527708,0.004652266370293402,0.5212218281117984,0.5212218281117984,0.0,0.0,0.0,nan,0,1,1.0,0.0,0.01319162081522856,0.03614134476570353,-0.0019122504270616804,0.01319162081522856,0.03614134476570353,-0.0019122504270616804,0.4813881379941835,0.4813881379941835,0.0,0.0,0.0,nan,0,1,1.0,0.0,0.012035505406940615,0.0345221929527708,0.004652266370293402,0.012035505406940615,0.0345221929527708,0.004652266370293402,0.5212218281117984,0.5212218281117984,0.0,0.0,0.0,nan,0
334,0.08350000000000006,0.5,,scientific,0,1,0.09550920815662581,1.0,0.0,0.012104804360800499,0.03447631781098122,0.00469430675906796,0.012104804360800499,0.03447631781098122,0.00469430675906796,0.5213656868612999,0.5213656868612999,0.0,0.0,0.0,nan,0,1,1.0,0.0,0.013257430814084174,0.03609770582365076,-0.001871332375281485,0.013257430814084174,0.03609770582365076,-0.001871332375281485,0.4815239971206916,0.4815239971206916,0.0,0.0,0.0,nan,0,1,1.0,0.0,0.012104804360800499,0.03447631781098122,0.00469430675906796,0.012104804360800499,0.03447631781098122,0.00469430675906796,0.5213656868612999,0.5213656868612999,0.0,0.0,0.0,nan,0
335,0.08375000000000006,0.5,,scientific,0,1,0.09556730378202521,1.0,0.0,0.012163843693446136,0.03447909573344454,0.004716249424000683,0.012163843693446136,0.03447909573344454,0.004716249424000683,0.5217566772006588,0.5217566772006588,0.0,0.0,0.0,nan,0,1,1.0,0.0,0.013313348954897282,0.036100120162384106,-0.0018492339630043963,0.013313348954897282,0.036100120162384106,-0.0018492339630043963,0.48188278204025414,0.48188278204025414,0.0,0.0,0.0,nan,0,1,1.0,0.0,0.012163843693446136,0.03447909573344454,0.004716249424000683,0.012163843693446136,0.03447909573344454,0.004716249424000683,0.5217566772006588,0.5217566772006588,0.0,0.0,0.0,nan,0
336,0.08400000000000006,0.5,,scientific,0,1,0.09568349503282403,1.0,0.0,0.012092755188106525,0.03449529853640492,0.0046579429325351186,0.012092755188106525,0.03449529853640492,0.0046579429325351186,0.5218803706703363,0.5218803706703363,0.0,0.0,0.0,nan,0,1,1.0,0.0,0.013245903763172761,0.03611536655845078,-0.0019034982780183017,0.013245903763172761,0.03611536655845078,-0.0019034982780183017,0.48199993093682264,0.48199993093682264,0.0,0.0,0.0,nan,0,1,1.0,0.0,0.012092755188106525,0.03449529853640492,0.0046579429325351186,0.012092755188106525,0.03449529853640492,0.0046579429325351186,0.5218803706703363,0.5218803706703363,0.0,0.0,0.0,nan,0
337,0.08425000000000006,0.5,,scientific,0,1,0.09568349503282403,1.0,0.0,0.012037452842744201,0.034573028958043206,0.004902027727966007,0.012037452842744201,0.034573028958043206,0.004902027727966007,0.5223610174651812,0.5223610174651812,0.0,0.0,0.0,nan,0,1,1.0,0.0,0.013193725851451335,0.036188819611648756,-0.001670131860980795,0.013193725851451335,0.036188819611648756,-0.001670131860980795,0.4824398062555791,0.4824398062555791,0.0,0.0,0.0,nan,0,1,1.0,0.0,0.012037452842744201,0.034573028958043206,0.004902027727966007,0.012037452842744201,0.034573028958043206,0.004902027727966007,0.5223610174651812,0.5223610174651812,0.0,0.0,0.0,nan,0
338,0.08450000000000006,0.5,,scientific,0,1,0.09568349503282403,1.0,0.0,0.012044569913384744,0.03456509233065948,0.004737344323305268,0.012044569913384744,0.03456509233065948,0.004737344323305268,0.5225585727209439,0.5225585727209439,0.0,0.0,0.0,nan,0,1,1.0,0.0,0.013200417921605263,0.036181015221746105,-0.0018259890463235642,0.013200417921605263,0.036181015221746105,-0.0018259890463235642,0.48262431398533473,0.48262431398533473,0.0,0.0,0.0,nan,0,1,1.0,0.0,0.012044569913384744,0.03456509233065948,0.004737344323305268,0.012044569913384744,0.03456509233065948,0.004737344323305268,0.5225585727209439,0.5225585727209439,0.0,0.0,0.0,nan,0
339,0.08475000000000006,0.5,,scientific,0,1,0.09574159065822344,1.0,0.0,0.012092723698649237,0.03461079461767822,0.0047310961653084125,0.012092723698649237,0.03461079461767822,0.0047310961653084125,0.5225051728317738,0.5225051728317738,0.0,0.0,0.0,nan,0,1,1.0,0.0,0.013246111632268624,0.03622454846221088,-0.0018309112992543632,0.013246111632268624,0.03622454846221088,-0.0018309112992543632,0.4825820049053702,0.4825820049053702,0.0,0.0,0.0,nan,0,1,1.0,0.0,0.012092723698649237,0.03461079461767822,0.0047310961653084125,0.012092723698649237,0.03461079461767822,0.0047310961653084125,0.5225051728317738,0.5225051728317738,0.0,0.0,0.0,nan,0
340,0.08500000000000006,0.5,,scientific,0,1,0.09574159065822344,1.0,0.0,0.012088132424113152,0.034497832981894835,0.004839498448844866,0.012088132424113152,0.034497832981894835,0.004839498448844866,0.5228242362417641,0.5228242362417641,0.0,0.0,0.0,nan,0,1,1.0,0.0,0.013241536047178799,0.03611672395424588,-0.001726602422723963,0.013241536047178799,0.03611672395424588,-0.001726602422723963,0.4828764436618007,0.4828764436618007,0.0,0.0,0.0,nan,0,1,1.0,0.0,0.012088132424113152,0.034497832981894835,0.004839498448844866,0.012088132424113152,0.034497832981894835,0.004839498448844866,0.5228242362417641,0.5228242362417641,0.0,0.0,0.0,nan,0
341,0.08525000000000006,0.5,,scientific,0,1,0.09579968628362284,1.0,0.0,0.012102040785744715,0.03450846059508384,0.0047480136940440286,0.012102040785744715,0.03450846059508384,0.0047480136940440286,0.5229205466619778,0.5229205466619778,0.0,0.0,0.0,nan,0,1,1.0,0.0,0.01325470159058525,0.036126786677938984,-0.0018127699685785673,0.01325470159058525,0.036126786677938984,-0.0018127699685785673,0.4829693423133865,0.4829693423133865,0.0,0.0,0.0,nan,0,1,1.0,0.0,0.012102040785744715,0.03450846059508384,0.0047480136940440286,0.012102040785744715,0.03450846059508384,0.0047480136940440286,0.5229205466619778,0.5229205466619778,0.0,0.0,0.0,nan,0
342,0.08550000000000006,0.5,,scientific,0,1,0.09585778190902225,1.0,0.0,0.012091602551378837,0.03457159611284979,0.004689212742840774,0.012091602551378837,0.03457159611284979,0.004689212742840774,0.5231313168155622,0.5231313168155622,0.0,0.0,0.0,nan,0,1,1.0,0.0,0.01324459017425926,0.036187189820793546,-0.0018674474134808175,0.01324459017425926,0.036187189820793546,-0.0018674474134808175,0.48316619113305603,0.48316619113305603,0.0,0.0,0.0,nan,0,1,1.0,0.0,0.012091602551378837,0.03457159611284979,0.004689212742840774,0.012091602551378837,0.03457159611284979,0.004689212742840774,0.5231313168155622,0.5231313168155622,0.0,0.0,0.0,nan,0
343,0.08575000000000006,0.5,,scientific,0,1,0.09585778190902225,1.0,0.0,0.012165546792287674,0.03466863963290437,0.004706091051794778,0.012165546792287674,0.03466863963290437,0.004706091051794778,0.5233293396551597,0.5233293396551597,0.0,0.0,0.0,nan,0,1,1.0,0.0,0.013314940393996584,0.03627945550411713,-0.0018502520330618327,0.013314940393996584,0.03627945550411713,-0.0018502520330618327,0.48335091997257545,0.48335091997257545,0.0,0.0,0.0,nan,0,1,1.0,0.0,0.012165546792287674,0.03466863963290437,0.004706091051794778,0.012165546792287674,0.03466863963290437,0.004706091051794778,0.5233293396551597,0.5233293396551597,0.0,0.0,0.0,nan,0
344,0.08600000000000006,0.5,,scientific,0,1,0.09597397315982106,1.0,0.0,0.012174672116425695,0.03466877546797174,0.004684072150104535,0.012174672116425695,0.03466877546797174,0.004684072150104535,0.523347286600869,0.523347286600869,0.0,0.0,0.0,nan,0,1,1.0,0.0,0.013323526162653226,0.03627960740120715,-0.0018702504117383766,0.013323526162653226,0.03627960740120715,-0.0018702504117383766,0.48337288030490094,0.48337288030490094,0.0,0.0,0.0,nan,0,1,1.0,0.0,0.012174672116425695,0.03466877546797174,0.004684072150104535,0.012174672116425695,0.03466877546797174,0.004684072150104535,0.523347286600869,0.523347286600869,0.0,0.0,0.0,nan,0
345,0.08625000000000006,0.5,,scientific,0,1,0.09597397315982106,1.0,0.0,0.012169478621633742,0.0347396174381298,0.00475631894067104,0.012169478621633742,0.0347396174381298,0.00475631894067104,0.5237613017451632,0.5237613017451632,0.0,0.0,0.0,nan,0,1,1.0,0.0,0.013318282773154546,0.036346947604207064,-0.001799940635680531,0.013318282773154546,0.036346947604207064,-0.001799940635680531,0.4837530253386713,0.4837530253386713,0.0,0.0,0.0,nan,0,1,1.0,0.0,0.012169478621633742,0.0347396174381298,0.00475631894067104,0.012169478621633742,0.0347396174381298,0.00475631894067104,0.5237613017451632,0.5237613017451632,0.0,0.0,0.0,nan,0
