step,accepted_step,attempt_step,attempt_index,attempt_number,time,dt,dt_base,dt_retry_attempts,dt_recovery_success_steps,dt_recovery_window_steps,dt_restore_attempt,dt_snap_applied,dt_snap_target_time,time_grid_error,dt_event,g,mass,lumen_mass_def,ratio,max_u,max_p,ch_converged,ch_snes_reason,ch_snes_its,ch_ksp_reason,ch_ksp_its,biot_converged,biot_iterations,biot_iterations_u,biot_iterations_tp,biot_snes_reason,biot_snes_its,biot_ksp_reason,biot_ksp_its,biot_u_snes_reason,biot_u_snes_its,biot_u_ksp_reason,biot_u_ksp_its,biot_tp_snes_reason,biot_tp_snes_its,biot_tp_ksp_reason,biot_tp_ksp_its,split_iterations,outer_omega,split_pf_increment,split_u_increment,split_theta_increment,split_p_increment,split_increment,step_failed,constraint_mismatch_max,constraint_mismatch_boundary_max,constraint_mismatch_interior_max,min_J,min_Je,J_fraction_ref_below_0_8,J_fraction_def_below_0_8,J_p01_ref,J_p05_ref,J_p01_def,J_p05_def,min_pf,max_pf,area_ref,area_def,area_ratio,domain_measure_ref,domain_measure_def,domain_measure_ratio,flow_potential_min,flow_potential_max,flow_potential_range,p_eff_min,p_eff_max,p_eff_range,theta_eq_min,theta_eq_max,theta_eq_range,storage_strain_min,storage_strain_max,storage_strain_range,source_pf_min,source_pf_max,source_pf_range,source_theta_min,source_theta_max,source_theta_range,energy_total_p,energy_total_theta,energy_total_cross,mu_elastic_l2,mu_storage_l2,lumen_n_components,lumen_component_event,lumen_total_volume,lumen_total_volume_ref,lumen_total_volume_def,lumen_interface_measure_ref,lumen_interface_measure_def,lumen_characteristic_length_ref,lumen_characteristic_length_def,lumen_active_cell_count,lumen_largest_volume,lumen_second_volume,lumen_largest_fraction,lumen_second_fraction,lumen_min_gap,lumen_edge_components,lumen_second_edge_touch,lumen_largest_edge_count,lumen_largest_edge_touch,lumen_largest_cx,lumen_largest_cy,lumen_largest_cz,lumen_cx,lumen_cy,lumen_cz,lumen_rmax,lumen_edge_count,lumen_edge_touch,lumen_any_component_edge_touch,lumen_edge_stop_trigger,lumen_steady_stop_trigger,lumen_amr_eligible,lumen_center_delta,mesh_num_cells,mesh_num_vertices,amr_event
0,True,0,0,0,0.0,0.0,0.0005,0,0,0,False,False,,0.0,initial_state,1.0,0.5835720178604035,0.5835720178604042,1.015043336656825,0.0,0.0,True,2,1,4,,,,,,,,,,,,,,,,,,0,,,,,,0.0,False,0.0,0.0,0.0,1.0,1.0,0.0,0.0,1.0,1.0,1.0,1.0,-0.994178505209978,0.5636662693841494,3.140290796624407,3.140290796624407,1.0,3.140290796624407,3.140290796624407,1.0,0.0,0.0,0.0,0.0,0.0,0.0,0.022181668653079252,0.02997089252604989,0.007789223872970638,0.0,0.0,0.0,20.0,20.0,0.0,0.0,0.0,0.0,8.692354450276143,8.692354450276143,8.692354450276143,0.0,2.347019459395552e-20,4,none,0.0043061512127377955,0.0043061512127377955,0.0043061512127377955,0.5983366016764622,0.5983366016764622,0.014393741585162979,0.014393741585162979,4,0.0010765378033186215,0.0010765378033186206,0.25000000003115835,0.2500000000311582,0.5508342038205016,0,False,0,False,-0.009659180067777119,0.4981020078334965,,0.007804570421642356,0.0227754300805396,,0.5148459305614005,0,False,False,False,False,False,,2972,1550,0
1,True,1,1,1,0.0005,0.0005,0.0005,0,0,0,False,False,,,none,1.00125,0.5992734718435225,0.5726352720614654,1.0149167970715713,0.015138005015621748,0.023779009490520028,True,2,1,4,1,True,1,,,2,1,2,150,,,,,,,,,8,0.8,7.407032795030046e-07,8.491189340826194e-07,1.086258374832324e-08,1.0747056639888717e-06,1.5571623461988671e-06,False,0.002636763495959916,0.0,0.002636763495959916,0.8625514175934446,0.8624116548736198,0.0,0.0,0.8865069647993579,0.927023138725907,0.8877716074351093,0.929158288638192,-0.9868212961148987,0.5226813015085764,3.140290796624407,3.0633839293537526,0.9755096351734929,3.140290796624407,3.0633839293537526,0.9755096351734929,0.006529902683736131,0.023779009490520028,0.017249106806783897,0.006529902683736131,0.023779009490520028,0.017249106806783897,0.022386593492457117,0.029934106480574495,0.007547512988117379,0.006540454663955818,0.03501669793365306,0.02847624326969724,20.0,20.0,0.0,0.0,0.0,0.0,8.536685034703366,8.53668535208885,8.536685035196491,0.20116396364582811,0.0006736827652000811,4,none,0.003708154946586323,0.0043061512127377955,0.003708154946586323,0.5983366016764622,0.5552459078246025,0.014393741585162979,0.013356802434130495,4,0.0009301218320137555,0.0009277594391683911,0.2508314364991714,0.2501943560968168,0.5422123917312368,0,False,0,False,-0.003971851199968619,-0.4044556461740054,,0.00724933421813193,0.021696461365167976,,0.5038906486347469,0,False,False,False,False,False,,2972,1550,0
2,True,2,2,1,0.001,0.0005,0.0005,0,0,0,False,False,,,none,1.0025,0.6149749258266431,0.5879366386700774,1.0156153482933699,0.01505901284289535,0.023969804502756663,True,2,1,4,1,True,2,,,2,2,2,231,,,,,,,,,6,0.8,3.0615511145142887e-06,4.4100796374570867e-07,2.6539371478980846e-07,1.3467451464374153e-06,3.384041897520403e-06,False,0.0030130991280208144,0.0,0.0030130991280208144,0.856045406173748,0.8557315523275059,0.0,0.0,0.8809178645095781,0.9261806686357774,0.8825607657735751,0.9289489924086537,-0.9797626251845684,0.5535263226217556,3.140290796624407,3.0653355834027463,0.9761311234926929,3.140290796624407,3.0653355834027463,0.9761311234926929,0.007039980151317154,0.023969804502756663,0.01692982435143951,0.007039980151317154,0.023969804502756663,0.01692982435143951,0.022232368386891223,0.029898813125922838,0.007666444739031615,0.007076333910924781,0.03519931924249233,0.02812298533156755,20.0,20.0,0.0,0.0,0.0,0.0,8.680091966539331,8.68009239060429,8.680091972313091,0.21080754837582777,0.0006394062800424926,4,none,0.01295949202688133,0.01507152924471997,0.01295949202688133,1.09695043642874,1.0197757247365646,0.027478961207741032,0.025416357170551622,14,0.0036983589714452165,0.0036977994918740006,0.28537839012315186,0.28533521871102746,0.521717925709484,0,False,0,False,-0.0019356677533020296,0.4720815919779289,,0.04330159991671769,0.04971081186314652,,0.5233328091604219,0,False,False,False,False,False,0.045657088122492154,2972,1550,0
3,True,3,3,1,0.0015,0.0005,0.0005,0,0,0,False,False,,,none,1.00375,0.6306763798097623,0.6031466108825503,1.0166001977491381,0.015040704986410542,0.024013755424374228,True,2,1,4,1,True,2,,,2,2,2,222,,,,,,,,,6,0.8,2.29680655176852e-06,3.258887060760078e-07,2.597663538509733e-07,1.114322415375025e-06,2.586641990882185e-06,False,0.0032957695078840617,0.0,0.0032957695078840617,0.8478890298448138,0.8474768375063505,0.0,0.0,0.8765225829207346,0.9258004471724071,0.8786966299757563,0.9290450022151938,-0.9742132497053622,0.586131809084281,3.140290796624407,3.06687397924544,0.9766210131055745,3.140290796624407,3.06687397924544,0.9766210131055745,0.006857437035842065,0.024013755424374228,0.01715631838853216,0.006857437035842065,0.024013755424374228,0.01715631838853216,0.022069340954578593,0.02987106624852681,0.007801725293948215,0.0076629555647798366,0.03511329072710539,0.02745033516232555,20.0,20.0,0.0,0.0,0.0,0.0,8.852731531900742,8.852732023597474,8.852731538029454,0.21870296886364612,0.0006187080498021027,4,none,0.029670138558330443,0.034449209698789056,0.029670138558330443,1.795009804694114,1.6765785300852636,0.038383310897468347,0.035393675901147975,32,0.00833649869505565,0.00832561568271126,0.28097269174076783,0.28060589155468196,0.49376239767763536,0,False,0,False,0.4607568662033234,0.02815071830120502,,0.03196436677345236,0.04843622990569514,,0.5422342017345597,0,False,False,False,False,False,0.011408655245514893,2972,1550,0
4,True,4,4,1,0.002,0.0005,0.0005,0,0,0,False,False,,,none,1.005,0.646377833792882,0.6182890972570536,1.0177667959127865,0.015061256578845307,0.023991184601363152,True,2,1,4,1,True,2,,,2,2,2,220,,,,,,,,,6,0.8,1.7767428322428827e-06,2.5792339686118836e-07,2.555209553060865e-07,1.0223016892513797e-06,2.0817615792932756e-06,False,0.0035193647998721777,0.0,0.0035193647998721777,0.840429140013431,0.8399546142149527,0.0,0.0,0.8724138939658009,0.9252609097567173,0.8748638268993865,0.9288242424446757,-0.9697675353462362,0.6151496566321116,3.140290796624407,3.0681590471067097,0.977030232488267,3.140290796624407,3.0681590471067097,0.977030232488267,0.00641091118950348,0.023991184601363152,0.017580273411859672,0.00641091118950348,0.023991184601363152,0.017580273411859672,0.02192425171683944,0.02984883767673118,0.00792458595989174,0.008274655174796565,0.03491243219305566,0.026637777018259097,20.0,20.0,0.0,0.0,0.0,0.0,9.035952781311545,9.03595332429915,9.035952787485487,0.22519232017744964,0.0006056678928669888,4,none,0.044566254433292714,0.05167381454743463,0.044566254433292714,1.9944553387958779,1.862812543015718,0.05181746970441756,0.047848351247564765,48,0.012042311473632753,0.012041751973117317,0.27021143299484196,0.27019887864127223,0.4610194861277965,0,False,0,False,-0.0014491071684548812,0.4830176793709733,,0.027554806646293284,0.03873320673894391,,0.5473690587882685,0,False,False,False,False,False,0.010657996016585023,2972,1550,0
5,True,5,5,1,0.0025,0.0005,0.0005,0,0,0,False,False,,,none,1.00625,0.6620792877760012,0.633372830806738,1.019097254332552,0.015103125689679225,0.023883721233056317,True,2,1,4,1,True,2,,,2,2,2,238,,,,,,,,,6,0.8,1.4381921119684294e-06,2.1969372205252984e-07,2.53012759920768e-07,9.71348089805725e-07,1.7675390945293009e-06,False,0.0036717110043906383,0.0,0.0036717110043906383,0.8337039029814313,0.8331886079705324,0.0,0.0,0.8691174068249824,0.9245771199862021,0.8722370537533572,0.9286486392154201,-0.9661701110582126,0.6412668677049578,3.140290796624407,3.0692808870191652,0.9773874732615296,3.140290796624407,3.0692808870191652,0.9773874732615296,0.006016314689691422,0.023883721233056317,0.017867406543364897,0.006016314689691422,0.023883721233056317,0.017867406543364897,0.02179366566147521,0.029830850555291062,0.00803718489381585,0.008895153201566955,0.034639473563995285,0.02574432036242833,20.0,20.0,0.0,0.0,0.0,0.0,9.221743068479096,9.22174365383508,9.22174307451012,0.2306084293905166,0.0005971198436643802,4,none,0.051947479312454,0.06028611697357748,0.051947479312454,2.0941781057466935,1.9576807688021773,0.0575749663394385,0.05307042919386543,56,0.014823985566683674,0.013873582202232795,0.2853648678027336,0.2670694013618234,0.4530937469295962,0,False,0,False,-0.004128974211455397,0.4813774739733408,,0.021817419678185943,0.05275459372748212,,0.5472438809782434,0,False,False,False,False,False,0.01514981525643651,2972,1550,0
6,True,6,6,1,0.003,0.0005,0.0005,0,0,0,False,False,,,none,1.0075,0.6777807417591214,0.6484027998160062,1.0205965402724673,0.015174382884103096,0.0236994453805312,True,2,1,4,1,True,2,,,2,2,2,251,,,,,,,,,6,0.8,1.2362157598930273e-06,2.016582679283066e-07,2.5246775395796164e-07,9.345752301950898e-07,1.5830559970242754e-06,False,0.003785139997541244,0.0,0.003785139997541244,0.8274198465897941,0.826880429127738,0.0,0.0,0.8658045404032015,0.9241065103139623,0.8694911521070824,0.928416824852939,-0.9632352829443533,0.6654637605307783,3.140290796624407,3.070295519878207,0.9777105748227393,3.140290796624407,3.070295519878207,0.9777105748227393,0.005660265228908108,0.0236994453805312,0.01803918015162309,0.005660265228908108,0.0236994453805312,0.01803918015162309,0.02167268119734611,0.029816176414721767,0.008143495217375656,0.009510209598929316,0.0343237130487971,0.024813503449867783,20.0,20.0,0.0,0.0,0.0,0.0,9.405725952242188,9.405726575269005,9.405725957991786,0.23519854738267418,0.0005912160536184076,4,none,0.06318181903738967,0.07320457060720956,0.06318181903738967,2.4930691734196797,2.342791285102748,0.05872646566544859,0.05393721535430648,68,0.017615085636262986,0.016664916347932622,0.278799912769823,0.2637612623668001,0.43197389668825426,0,False,0,False,-0.0042855088445100395,0.47532508922500405,,0.01888777260907901,0.04522763911433725,,0.547127376637582,0,False,False,False,False,False,0.008076996824183459,2972,1550,0
7,True,7,7,1,0.0035,0.0005,0.0005,0,0,0,False,False,,,none,1.00875,0.6934821957422408,0.6633838990499199,1.0222775672663045,0.015254930752577188,0.023668773885771176,True,2,1,4,1,True,2,,,2,2,2,243,,,,,,,,,6,0.8,1.1261837626875748e-06,1.9745367306845256e-07,2.53758272531928e-07,9.043594493460265e-07,1.4797084492727624e-06,False,0.003879639198043093,0.0,0.003879639198043093,0.8213143957839186,0.8207653905900631,0.0,0.0,0.8630940429829571,0.9235019351162848,0.8667137598118788,0.9279675929035552,-0.9610586763051777,0.6883604660272358,3.140290796624407,3.071241267203104,0.978011740347255,3.140290796624407,3.071241267203104,0.978011740347255,0.005336871988481316,0.023668773885771176,0.018331901897289858,0.005336871988481316,0.023668773885771176,0.018331901897289858,0.021558197669863822,0.029805293381525887,0.008247095711662066,0.010116010343861705,0.034041055495974436,0.02392504515211273,20.0,20.0,0.0,0.0,0.0,0.0,9.585105619469992,9.5851062780246,9.585105624823939,0.23910097725764143,0.0005868324619199473,4,none,0.07351608270028727,0.08504648644370458,0.07351608270028727,2.6426533238433967,2.4886346602476905,0.06436446708796104,0.05908145849979467,79,0.020431389472158806,0.01945639018627257,0.2779172763523616,0.26465488192009645,0.4121584793686059,0,False,0,False,0.46781044295182034,0.025053693810037785,,0.0236461306810465,0.043545455184457085,,0.5856133320064204,0,False,False,False,False,False,0.005046950991936143,2972,1550,0
8,True,8,8,1,0.004,0.0005,0.0005,0,0,0,False,False,,,none,1.01,0.7091836497253601,0.6783222054125504,1.0241573585407466,0.015344992076136732,0.023681274913551785,True,2,1,4,1,True,2,,,2,2,2,218,,,,,,,,,6,0.8,1.0771424966496554e-06,2.029360136024652e-07,2.566280044853181e-07,8.791322324520408e-07,1.428338334753968e-06,False,0.003994590025988429,0.0,0.003994590025988429,0.8152157565664404,0.8146700781883819,0.0,0.0,0.8604184126269555,0.9228051381991849,0.8641289857256086,0.9272494017069093,-0.9593129499283113,0.7102620565782958,3.140290796624407,3.07214694118917,0.9783001448437556,3.140290796624407,3.07214694118917,0.9783001448437556,0.005044207100168656,0.023681274913551785,0.01863706781338313,0.005044207100168656,0.023681274913551785,0.01863706781338313,0.021448689717108522,0.029796564749641555,0.008347875032533033,0.010709496437450863,0.03375793116861641,0.023048434731165548,20.0,20.0,0.0,0.0,0.0,0.0,9.757890388803906,9.757891082278245,9.75789039366294,0.24236002762773667,0.0005832256888836934,4,none,0.08485663243464492,0.09796494007162672,0.08485663243464492,2.8420988575808317,2.6844409244535603,0.06893844653596151,0.06322108388503142,91,0.025168859901705382,0.02227077685947148,0.2966045102142133,0.2624518110192982,0.40991826607446014,0,False,0,False,-0.005020365148163323,0.4711104156999662,,0.026824673040545883,0.05481308018696942,,0.5854955296582176,0,False,False,False,False,False,0.01170736967590812,2972,1550,0
9,True,9,9,1,0.0045000000000000005,0.0005,0.0005,0,0,0,False,False,,,none,1.01125,0.7248851037084796,0.693225496325971,1.026255830500887,0.015443508657313528,0.02396578891819585,True,2,1,4,1,True,2,,,2,2,2,230,,,,,,,,,6,0.8,1.070916073552489e-06,2.1599370291351638e-07,2.607890614540182e-07,8.595144152684277e-07,1.4143162591583496e-06,False,0.004093759186166675,0.0,0.004093759186166675,0.809035116154102,0.8085038625992857,0.0,0.0,0.8576705346174082,0.9221056789655843,0.8614134320034381,0.9272052628775824,-0.9579283986447142,0.7312735187927849,3.140290796624407,3.0730364258825875,0.9785833939920108,3.140290796624407,3.0730364258825875,0.9785833939920108,0.004781807969396315,0.02396578891819585,0.019183980948799535,0.004781807969396315,0.02396578891819585,0.019183980948799535,0.021343632406036074,0.02978964199322357,0.008446009587187497,0.011287295114280078,0.033472422381397075,0.022185127267116998,20.0,20.0,0.0,0.0,0.0,0.0,9.922553748105342,9.922554476796337,9.922553752381763,0.24495159587042253,0.0005798268483813982,4,none,0.10015313977610074,0.11518954488964446,0.10015313977610074,3.1412671561105263,2.974259396290184,0.07333954048803068,0.06734660729391827,107,0.02798779306337479,0.027044041562060528,0.2794499815576769,0.270026897035074,0.3917696545814832,0,False,0,False,-0.0049687713528444345,0.47723529920845503,,0.02580580226390101,0.045769729991217416,,0.5853717668838871,0,False,False,False,False,False,0.009100564840849645,2972,1550,0
10,True,10,10,1,0.005000000000000001,0.0005,0.0005,0,0,0,False,False,,,none,1.0125,0.7405865576915989,0.7081036379016084,1.0285948459952923,0.015548531886465572,0.02423440511318509,True,2,1,4,1,True,2,,,2,2,2,231,,,,,,,,,6,0.8,1.0969666447305995e-06,2.3646180364766846e-07,2.6597084069161836e-07,8.471641314469526e-07,1.4309708445472585e-06,False,0.004220204776277069,0.0,0.004220204776277069,0.8027483316081043,0.802240502637847,0.0,0.0,0.8550193568117511,0.9212727842275191,0.8591521558325956,0.9267140544937712,-0.9568553656019447,0.7513896525768723,3.140290796624407,3.073931683667959,0.9788684815343281,3.140290796624407,3.073931683667959,0.9788684815343281,0.004549308486174948,0.02423440511318509,0.019685096627010144,0.004549308486174948,0.02423440511318509,0.019685096627010144,0.02124305173711564,0.029784276828009725,0.008541225090894087,0.011847159026066869,0.03319767321516377,0.021350514189096906,20.0,20.0,0.0,0.0,0.0,0.0,10.077862412418376,10.077863177161095,10.077862416035204,0.24680441734038994,0.0005761270436858916,4,none,0.1096362364289989,0.12595492292276103,0.1096362364289989,3.340712690015837,3.167707492972643,0.07540601937975333,0.0692211870396619,117,0.029845951051757247,0.02888957067407239,0.27222706674253333,0.2635038525130462,0.3724958403462417,0,False,0,False,-0.0052637681596958375,0.478898319277552,,0.01811675657455923,0.04137607608211675,,0.5852429806762881,0,False,False,False,False,False,0.008855823975539542,2972,1550,0
11,True,11,11,1,0.005500000000000001,0.0005,0.0005,0,0,0,False,False,,,none,1.01375,0.7562880116747184,0.7229690913760337,1.0311966031461564,0.01565742369771414,0.024566851048165507,True,2,1,4,1,True,2,,,2,2,2,219,,,,,,,,,6,0.8,1.148025661954271e-06,2.661134073068998e-07,2.7196704211358144e-07,8.442202023333957e-07,1.47494172362093e-06,False,0.004381763213289366,0.0,0.004381763213289366,0.7963799824578021,0.7959023250940026,0.0002285431239841418,0.0001864248140083584,0.8523839545416165,0.9199708747401755,0.8566089181003805,0.926403004344641,-0.956146755528811,0.7705545408522622,3.140290796624407,3.0748551107956397,0.9791625393740266,3.140290796624407,3.0748551107956397,0.9791625393740266,0.004340669012607729,0.024566851048165507,0.020226182035557778,0.004340669012607729,0.024566851048165507,0.020226182035557778,0.021147227295738688,0.029780733777644054,0.008633506481905365,0.012387572416217792,0.032947971623629654,0.020560399207411862,20.0,20.0,0.0,0.0,0.0,0.0,10.222779651921421,10.222780453904683,10.222779654813621,0.24781465283053383,0.0005716469521252982,4,none,0.12804601483170525,0.14640914114053125,0.12804601483170525,3.191128536875743,3.0201188745334067,0.09176010270264595,0.08479534756822293,136,0.0346860633041407,0.034652424285645946,0.27088748798414103,0.2706247775941381,0.35875824823118807,0,False,0,False,0.4749629098367425,0.021925314906458368,,0.02540768756586317,0.0442373603985805,,0.5928552506276161,0,False,False,False,False,False,0.007832280808270198,2972,1550,0
12,True,12,12,1,0.006000000000000002,0.0005,0.0005,0,0,0,False,False,,,none,1.015,0.7719894656578377,0.7378376175796313,1.0340807636635017,0.015766923969787273,0.02507927069567249,True,2,1,4,1,True,2,,,2,2,2,246,,,,,,,,,6,0.8,1.2173141410010524e-06,3.0878592676720787e-07,2.786860670624359e-07,8.523794180511976e-07,1.543184714395085e-06,False,0.004530331693226537,0.0,0.004530331693226537,0.7899911515678002,0.7895481838555969,0.0009129801513657052,0.0007413026987370836,0.8491101653064334,0.9186784279328306,0.8550134012961316,0.9256721126699867,-0.9564142325379638,0.7886980936944322,3.140290796624407,3.0758315685559454,0.9794734843863024,3.140290796624407,3.0758315685559454,0.9794734843863024,0.004135664394901156,0.02507927069567249,0.020943606300771335,0.004135664394901156,0.02507927069567249,0.020943606300771335,0.02105650953152784,0.029782071162689813,0.008725561631161973,0.012902010957358606,0.032737577326470244,0.019835566369111636,20.0,20.0,0.0,0.0,0.0,0.0,10.356419700406363,10.356420541107322,10.356419702518405,0.24785805195251573,0.000566007011067674,4,none,0.13563551758617826,0.1550214435299035,0.13563551758617826,3.3905740733767717,3.220344329820595,0.09144259359920906,0.0842366552732791,144,0.037481911388283926,0.03652092900118676,0.27634289347898255,0.2692578584955271,0.35561750796892144,0,False,0,False,-0.006873172623202948,0.4841426137326013,,0.0227646215940421,0.04798816512660477,,0.5927439110677769,0,False,False,False,False,False,0.004588500173168535,2972,1550,0
13,True,13,13,1,0.006500000000000002,0.0005,0.0005,0,0,0,False,False,,,none,1.01625,0.7876909196409574,0.7527291042855914,1.0372599433714838,0.015873174104934926,0.025737388469127445,True,2,1,4,1,True,2,,,2,2,2,271,,,,,,,,,6,0.8,1.2983883620724896e-06,3.705522664411107e-07,2.8618261638532693e-07,8.713115655599187e-07,1.6322394601067435e-06,False,0.004663012175996028,0.0,0.004663012175996028,0.7836697970967692,0.783263990248775,0.0014077594718077254,0.0011378008201734292,0.8479587836506296,0.9176327642924883,0.8546486146015798,0.9255064338868091,-0.9567755846403443,0.8057567984143333,3.140290796624407,3.0768899456035803,0.9798105159277039,3.140290796624407,3.0768899456035803,0.9798105159277039,0.0038925021408263154,0.025737388469127445,0.02184488632830113,0.0038925021408263154,0.025737388469127445,0.02184488632830113,0.020971216007928336,0.02978387792320172,0.008812661915273384,0.013392490616425615,0.032637988556647055,0.01924549794022144,20.0,20.0,0.0,0.0,0.0,0.0,10.478058295536108,10.478059176713943,10.478058296815446,0.2468090096573872,0.000559105514975879,4,none,0.14924112528047323,0.17009297269747675,0.14924112528047323,3.689742374448133,3.51807741653471,0.09219775010601775,0.08484243386973277,158,0.039329491811306835,0.03836212134419292,0.2635298530307498,0.25704792343328864,0.3338724672551069,0,False,0,False,-0.005487210551934517,0.4818142430058718,,0.013346855641388664,0.03168319008826905,,0.6001527989904085,0,False,False,False,False,False,0.018829405899807593,2972,1550,0
14,True,14,14,1,0.007000000000000003,0.0005,0.0005,0,0,0,False,False,,,none,1.0175,0.8033923736240783,0.7676681877004634,1.0407337113132435,0.015972034499213167,0.026622724102845524,True,2,1,4,1,True,2,,,2,2,2,221,,,,,,,,,6,0.8,1.3896284522551963e-06,4.5973368798772706e-07,2.9463345233304416e-07,8.972111096258902e-07,1.7419009574765661e-06,False,0.004777089805737635,0.0,0.004777089805737635,0.7775225415903485,0.7771546119591058,0.001980309626338942,0.001594186044169235,0.8464894916493356,0.917443057734869,0.8539575351697518,0.925029656681361,-0.9572156455900345,0.8216839163636936,3.140290796624407,3.0780636185815546,0.9801842625180629,3.140290796624407,3.0780636185815546,0.9801842625180629,0.0036560669887898607,0.026622724102845524,0.022966657114055662,0.0036560669887898607,0.026622724102845524,0.022966657114055662,0.02089158041818153,0.02978607822795017,0.008894497809768639,0.013856036357767111,0.0326547194355969,0.018798683077829788,20.0,20.0,0.0,0.0,0.0,0.0,10.587211734063837,10.58721265774899,10.587211734446303,0.24458006467090224,0.0005513371045100505,4,none,0.16396196770115382,0.1862410397472089,0.16396196770115382,3.939049291827466,3.7658824138806137,0.09456141619431475,0.0870775821872763,173,0.04416548517262473,0.04027255014736241,0.26936420556456847,0.24562129079083386,0.3148443715157246,0,False,0,False,-0.0028388074484821846,0.47953486447041177,,0.005959877236343435,0.0341010920152149,,0.6258394660473845,0,False,False,False,False,False,0.007772625018932342,2972,1550,0
15,True,15,15,1,0.007500000000000003,0.0005,0.0005,0,0,0,False,False,,,none,1.01875,0.8190938276071985,0.7826839778802076,1.0444822380786254,0.016075922877605495,0.02758321037385381,True,2,1,4,1,True,2,,,2,2,2,252,,,,,,,,,6,0.8,1.5040068564469765e-06,5.864637992745442e-07,3.0423794504720217e-07,9.233751299853475e-07,1.884451848676705e-06,False,0.004870093332759961,0.0,0.004870093332759961,0.7716672596960115,0.7713365161571063,0.0024385882188780877,0.0019544893807285518,0.8453315149958947,0.9179670149463249,0.8543828493498394,0.9245228312855294,-0.9577194998538107,0.8364528585787996,3.140290796624407,3.079388788664759,0.9806062521263593,3.140290796624407,3.079388788664759,0.9806062521263593,0.0034229225478961986,0.02758321037385381,0.02416028782595761,0.0034229225478961986,0.02758321037385381,0.02416028782595761,0.020817735707106003,0.029788597499269057,0.008970861792163054,0.014051464695451108,0.032757946773284835,0.01870648207783373,20.0,20.0,0.0,0.0,0.0,0.0,10.68377796062304,10.683778929036192,10.683777960010692,0.241191398818377,0.0005436641051298721,4,none,0.18374164473667182,0.20777179581226687,0.18374164473667182,4.437663126587953,4.270303933557414,0.09364018398215784,0.08605553496685386,193,0.04900769426140302,0.0480499182421134,0.2667206682058283,0.2615080446840227,0.29423931489169053,0,False,0,False,-0.00460329350006153,0.4785175507698257,,0.017379790095875536,0.03810848452500755,,0.6305711487301602,0,False,False,False,False,False,0.012102627997540406,2972,1550,0
16,True,16,16,1,0.008000000000000004,0.0005,0.0005,0,0,0,False,False,,,none,1.02,0.8347952815903175,0.7978079303766061,1.0484618471097729,0.016160198200878016,0.028617267552720937,True,2,1,4,1,True,2,,,2,2,2,230,,,,,,,,,6,0.8,1.6774486520580522e-06,7.612962863382187e-07,3.1507712954235837e-07,9.440349583420969e-07,2.0937721022156054e-06,False,0.00493981750843903,0.0,0.00493981750843903,0.7662263865297172,0.7659310856758014,0.002742517487809702,0.0021863437270548025,0.8473560836931696,0.9186469099556315,0.8550356326466879,0.9241336598548587,-0.9582726919599825,0.8500564332233812,3.140290796624407,3.0808997903946165,0.9810874183073645,3.140290796624407,3.0808997903946165,0.9810874183073645,0.0031903600599821075,0.028617267552720937,0.025426907492738827,0.0031903600599821075,0.028617267552720937,0.025426907492738827,0.020749717833883092,0.029791363459799915,0.009041645625916823,0.013972988287212657,0.03294332875910473,0.018970340471892076,20.0,20.0,0.0,0.0,0.0,0.0,10.768187401200928,10.76818841657733,10.768187399444045,0.2368538258745985,0.0005373550146227454,4,none,0.20475716834657925,0.23037908966651305,0.20475716834657925,4.4875245116006734,4.318672296119605,0.10267535656728399,0.09482412848530175,214,0.05492694145939846,0.05184940293470551,0.2682540587122555,0.25322387173739075,0.2625714419113811,0,False,0,False,0.4752840546837142,0.02245546387832352,,0.02296312597191876,0.023775258361981532,,0.6305289788779663,0,False,False,False,False,False,0.015382295399099735,2972,1550,0
17,True,17,17,1,0.008500000000000004,0.0005,0.0005,0,0,0,False,False,,,none,1.02125,0.8504967355734363,0.8130691628956868,1.0526049737542023,0.01622100658003116,0.029713000300166322,True,2,1,4,1,True,2,,,2,2,2,251,,,,,,,,,6,0.8,1.957134003079423e-06,9.918915695111662e-07,3.2700662995866666e-07,9.596890015605754e-07,2.417055793197639e-06,False,0.004984313606380304,0.0,0.004984313606380304,0.7613211341509358,0.7610588085391584,0.0031984113912071235,0.0025408855349026874,0.8487206032498986,0.9196734118708247,0.8570191493205357,0.9242204226500975,-0.958861475010152,0.8636210776150864,3.140290796624407,3.082621506088428,0.9816356846321463,3.140290796624407,3.082621506088428,0.9816356846321463,0.0029549044843065566,0.029713000300166322,0.026758095815859764,0.0029549044843065566,0.029713000300166322,0.026758095815859764,0.02068189461192457,0.029794307375050757,0.009112412763126188,0.013758209293560189,0.03320086738079632,0.01944265808723613,20.0,20.0,0.0,0.0,0.0,0.0,10.841468816705252,10.84146988104953,10.841468813601322,0.23200310733439228,0.0005334919574603754,4,none,0.21689421759080757,0.24329754331026587,0.21689421759080757,4.387801744375389,4.214137619929972,0.110897236240057,0.10293646631996407,226,0.0557814590846689,0.05475921295117715,0.25718278571126385,0.2524696765060184,0.23566140929693755,0,False,0,False,0.47743482776212526,0.02408148884570815,,0.014623515214861278,0.021571937454102227,,0.6305116141716396,0,False,False,False,False,False,0.008625759711603783,2972,1550,0
18,True,18,18,1,0.009000000000000005,0.0005,0.0005,0,0,0,False,False,,,none,1.0225,0.8661981895565567,0.8284876024138104,1.0568256105410632,0.016256912853130596,0.030952564538616657,True,2,1,4,1,True,2,,,2,2,2,283,,,,,,,,,6,0.8,2.359920538202805e-06,1.2766757312529875e-06,3.3964701812538516e-07,9.788748498017169e-07,2.8762270317027417e-06,False,0.005093052925370892,0.0,0.005093052925370892,0.756127806928181,0.7558932118805971,0.0035777268050862106,0.0028312517333523744,0.8506271017552519,0.9205458417998624,0.858297174365139,0.9248825859415076,-0.9594730430165996,0.8769736499769448,3.140290796624407,3.084560726560154,0.982253213580042,3.140290796624407,3.084560726560154,0.982253213580042,0.0027094453135311602,0.030952564538616657,0.028243119225085496,0.0027094453135311602,0.030952564538616657,0.028243119225085496,0.020615131750115274,0.029797365215082996,0.009182233464967722,0.013403300984325033,0.03351479919824818,0.02011149821392315,20.0,20.0,0.0,0.0,0.0,0.0,10.905152456133878,10.90515357097299,10.9051524514556,0.22721260660078618,0.0005326427662628592,4,none,0.24042494285754523,0.2680579127817462,0.24042494285754523,4.83655419575246,4.6583196838069085,0.11084664905322841,0.10322389152178722,249,0.06305628304365984,0.0621031292326124,0.26227013842328945,0.2583056836553322,0.1864877124102133,0,False,0,False,-0.39107111685758605,-0.053418892493152494,,-0.0020906745719230747,0.011517195033267475,,0.6305194583370206,0,False,False,False,False,False,0.01950543476516174,2972,1550,0
19,True,19,19,1,0.009500000000000005,0.0005,0.0005,0,0,0,False,False,,,none,1.02375,0.8818996435396751,0.8440669032779109,1.0610288287911507,0.01626969966654226,0.03229393926496133,True,2,1,4,1,True,2,,,2,2,2,272,,,,,,,,,6,0.8,2.8339035169188187e-06,1.5957530288601657e-06,3.524850864121862e-07,1.0108516359312906e-06,3.42396022732876e-06,False,0.005242134490083851,0.0,0.005242134490083851,0.751258043996366,0.7510550989339677,0.00449309164559364,0.003555296924935274,0.8462325230220398,0.9212337857397319,0.8578347141732879,0.9257488574871625,-0.9600957147269181,0.8891092364975395,3.140290796624407,3.086699597705758,0.9829343196571936,3.140290796624407,3.086699597705758,0.9829343196571936,0.002466611117400596,0.03229393926496133,0.029827328147560735,0.002466611117400596,0.03229393926496133,0.029827328147560735,0.020554453817512305,0.02980047857363459,0.009246024756122285,0.010902683664533262,0.033863757679202994,0.022961074014669732,20.0,20.0,0.0,0.0,0.0,0.0,10.961023095145173,10.961024261335606,10.961023088689299,0.22300129011937977,0.0005349019572243255,3,merge,0.27034202376198446,0.2992775087231731,0.27034202376198446,5.085861090916349,4.908580384937889,0.11769000504465235,0.11015079821919031,278,0.14524142250124278,0.0635850714002637,0.5372506297027531,0.23520232080620035,0.3860290351249632,0,False,0,False,-0.22099342183586226,-0.2196808255815219,,-0.006224606966452969,-0.00019911872526710373,,0.6426239369519774,0,False,False,False,False,False,0.012424226540552547,2972,1550,0
20,True,20,20,1,0.010000000000000005,0.0005,0.0005,0,0,0,False,False,,,none,1.025,0.8976010975227955,0.859790116440172,1.065121270282768,0.01643577134232555,0.03365478370327794,True,2,1,4,1,True,2,,,2,2,2,323,,,,,,,,,6,0.8,3.262844727069628e-06,1.9041278502435155e-06,3.650337605131901e-07,1.0513787367173898e-06,3.938337907972718e-06,False,0.005370357214178025,0.0,0.005370357214178025,0.747237646694584,0.7470624875882693,0.004874791748614451,0.003842813963900495,0.8420437900130427,0.9228994977278593,0.8541901878043505,0.927900619499559,-0.9607190558730669,0.9000619512028213,3.140290796624407,3.0889942275272735,0.9836650258147195,3.140290796624407,3.0889942275272735,0.9836650258147195,0.001743812528554893,0.03365478370327794,0.03191097117472305,0.001743812528554893,0.03365478370327794,0.03191097117472305,0.020499690243985895,0.029803595279365335,0.00930390503537944,0.008417817700599333,0.03422143464328348,0.025803616942684144,20.0,20.0,0.0,0.0,0.0,0.0,11.01082553009076,11.010826747702335,11.010825521724822,0.21967591910972176,0.0005400831868487269,3,none,0.2984438824215556,0.32834402941275076,0.2984438824215556,5.035999707440288,4.862304549667295,0.13039874840645788,0.12275820215415209,305,0.16249391992888707,0.06850935403720215,0.5444706006717954,0.22955522988550275,0.36517330495116374,0,False,0,False,-0.2256648275059721,-0.2128404346761481,,-0.013565782776018715,0.0012894300663236558,,0.6426786650887578,0,False,False,False,False,False,0.007490570056537727,2972,1550,0
21,True,21,21,1,0.010500000000000006,0.0005,0.0005,0,0,0,False,False,,,none,1.02625,0.913302551505915,0.8756207724543615,1.069019741358786,0.01671312650814296,0.035020535940921776,True,2,1,4,1,True,2,,,2,2,2,285,,,,,,,,,6,0.8,3.5125510338868725e-06,2.136995952585015e-06,3.7693539324574967e-07,1.0772176845219568e-06,4.266994808709362e-06,False,0.00547498196893479,0.0,0.00547498196893479,0.7441938450500414,0.7440427250572761,0.005943313568158547,0.004687875617749441,0.8377007400616767,0.9248020848966879,0.8509886873082032,0.9302127541995326,-0.9613339420931425,0.909875415632005,3.140290796624407,3.0913801079397136,0.9844247899789188,3.140290796624407,3.0913801079397136,0.9844247899789188,0.001211657515776519,0.035020535940921776,0.03380887842514526,0.001211657515776519,0.035020535940921776,0.03380887842514526,0.020450622921839974,0.029806669710465708,0.009356046788625734,0.0063945671300690825,0.03536611827850726,0.028971551148438177,20.0,20.0,0.0,0.0,0.0,0.0,11.05603347216253,11.056034740434447,11.056033461847948,0.21731512673696823,0.0005478200278443558,3,none,0.3154182252513935,0.34556863426583884,0.3154182252513935,5.335168008297526,5.167633550513664,0.12954367462407665,0.12207453263401034,321,0.17371566186490445,0.07137048215906208,0.5507470651908278,0.22627253736583747,0.3528942371602824,0,False,0,False,-0.23001754538107758,-0.21098246661012762,,-0.0178693673171994,-0.000779999124052603,,0.6492076420194972,0,False,False,False,False,False,0.004775288166914192,2972,1550,0
22,True,22,22,1,0.011000000000000006,0.0005,0.0005,0,0,0,False,False,,,none,1.0275,0.9290040054890352,0.8915101741979299,1.0726565431477904,0.016993144143796206,0.03632493263880263,True,2,1,4,1,True,2,,,2,2,2,307,,,,,,,,,6,0.8,3.498982248586472e-06,2.2344326734427433e-06,3.879595765964119e-07,1.0615370962278466e-06,4.3026665903614294e-06,False,0.005553282935595871,0.0,0.005553282935595871,0.7422291428140201,0.7420985405029245,0.006132971275098093,0.00481963766227996,0.8347514258206529,0.9273330283994979,0.8482323139526251,0.9315722902373607,-0.9619325751506435,0.9185991176152214,3.140290796624407,3.093783703423465,0.9851901953631383,3.140290796624407,3.093783703423465,0.9851901953631383,0.0008602228243568017,0.03632493263880263,0.035464709814445834,0.0008602228243568017,0.03632493263880263,0.035464709814445834,0.020407004411923894,0.02980966287575322,0.009402658463829327,0.004811348980592789,0.03655240118188019,0.0317410522012874,20.0,20.0,0.0,0.0,0.0,0.0,11.097730354331336,11.097731671683176,11.097730342119906,0.21583780927252577,0.000557585677983568,3,none,0.3335634663804492,0.36386977673801274,0.3335634663804492,5.385029403407128,5.223042362556299,0.1351412404574025,0.12772765113748538,338,0.18812293948075892,0.0742267415839962,0.5639794475159741,0.2225265925835419,0.3432210982905486,0,False,0,False,-0.23001841978693527,-0.214547093981789,,-0.02760955364250609,-0.005743630178033684,,0.6711444558064122,0,False,False,False,False,False,0.010932010926253996,2972,1550,0
23,True,23,23,1,0.011500000000000007,0.0005,0.0005,0,0,0,False,False,,,none,1.02875,0.9447054594721541,0.9074088156624618,1.075981551339419,0.017271002598226656,0.03752769036535857,True,2,1,4,1,True,2,,,2,2,2,340,,,,,,,,,6,0.8,3.2398407956469224e-06,2.1744564156785306e-06,3.9795694511553713e-07,9.970801628922823e-07,4.046896053300925e-06,False,0.005602494260639468,0.0,0.005602494260639468,0.7414153164759869,0.7413019971586219,0.006514671378118904,0.0051111986680181815,0.831903405420247,0.9288668759273409,0.845290760911952,0.9332371028693666,-0.9625084704999237,0.9262853668218415,3.140290796624407,3.0961368853805635,0.9859395469708392,3.140290796624407,3.0961368853805635,0.9859395469708392,0.0006170087324187896,0.03752769036535857,0.036910681632939785,0.0006170087324187896,0.03752769036535857,0.036910681632939785,0.02036857316589079,0.029812542352499617,0.009443969186608826,0.0036209514090419317,0.037695772024949836,0.03407482061590791,20.0,20.0,0.0,0.0,0.0,0.0,11.136587478456347,11.136588842541558,11.136587464469528,0.2150532466106661,0.0005687408414929588,3,none,0.3538187698494552,0.38432399502257364,0.3538187698494552,5.035999720731169,4.871360538919051,0.15263066574069398,0.14526486677496764,357,0.20459388498894407,0.07611061044399059,0.5782448598642628,0.21511185083927165,0.33107253649394747,0,False,0,False,-0.22925978717036205,-0.21695857773875118,,-0.03319521050815556,-0.01369371040488364,,0.6711675549628393,0,False,False,False,False,False,0.009716138030829316,2972,1550,0
24,True,24,24,1,0.012000000000000007,0.0005,0.0005,0,0,0,False,False,,,none,1.03,0.9604069134552735,0.9232774777138315,1.0789616978338328,0.017542047129993,0.038600723601581545,True,2,1,4,1,True,2,,,2,2,2,306,,,,,,,,,6,0.8,2.8483828796859548e-06,1.986916578147359e-06,4.06837263332797e-07,9.036579941219857e-07,3.6115421701790432e-06,False,0.005619753661894267,0.0,0.005619753661894267,0.7417913629704683,0.7416924029816443,0.006627750595540114,0.0051896792543271895,0.8289091120297782,0.9294729920696868,0.8427288989460899,0.9339395659421733,-0.96305643326833,0.9329867606484189,3.140290796624407,3.0983891294348083,0.9866567557263677,3.140290796624407,3.0983891294348083,0.9866567557263677,0.00045739382679715256,0.038600723601581545,0.03814332977478439,0.00045739382679715256,0.038600723601581545,0.03814332977478439,0.020335066196757907,0.029815282166341647,0.00948021596958374,0.0027766492108558475,0.03896338458629858,0.03618673537544274,20.0,20.0,0.0,0.0,0.0,0.0,11.172899968805002,11.17290137659683,11.172899953210566,0.21469977079319588,0.000580632731229806,3,none,0.3709456313457029,0.40154859979606006,0.3709456313457029,5.335168026376177,5.17364977649728,0.15052894222295193,0.14339804485059077,373,0.21378288128604978,0.07913535385333557,0.5763186386924039,0.21333410388538948,0.3300866893121158,0,False,0,False,-0.2281697306164955,-0.22150473283697075,,-0.0271158925915996,-0.018330654033257555,,0.6711683718106725,0,False,False,False,False,False,0.0076458716012810304,2972,1550,0
25,True,25,25,1,0.012500000000000008,0.0005,0.0005,0,0,0,False,False,,,none,1.03125,0.9761083674383932,0.9390936827340854,1.0815786718496545,0.017802276592336894,0.03969474829426385,True,2,1,4,1,True,2,,,2,2,2,310,,,,,,,,,6,0.8,2.4712738913074787e-06,1.7342074068706188e-06,4.145640952767717e-07,8.136752756515204e-07,3.1541402662535713e-06,False,0.005637401898255203,0.0,0.005637401898255203,0.7433668938934561,0.7432796767754088,0.0067420221575321855,0.005275649028246147,0.8273225077760858,0.930658788363782,0.8395182939605277,0.9343788766020164,-0.9643499139339806,0.9387541486791294,3.140290796624407,3.100513329873747,0.9873331900365985,3.140290796624407,3.100513329873747,0.9873331900365985,0.0003586901109135398,0.03969474829426385,0.039336058183350314,0.0003586901109135398,0.03969474829426385,0.039336058183350314,0.02030622925660435,0.029821749569669903,0.009515520313065552,0.002238925794433418,0.04015673523184191,0.037917809437408495,20.0,20.0,0.0,0.0,0.0,0.0,11.206644711159035,11.206646159062702,11.206644694150853,0.2145134711345832,0.0005926836658919567,3,none,0.39522558506472066,0.42630896914163274,0.39522558506472066,5.28530664566277,5.121901897698142,0.16131853749355132,0.15432766693260597,396,0.224968714068693,0.08823452907693101,0.5692159682219282,0.2232510556280967,0.32629217504958175,0,False,0,False,-0.22568993428632522,-0.2250909262237145,,-0.0187853672632096,-0.017829796822617115,,0.6781458188940478,0,False,False,False,False,False,0.008345568296551042,2972,1550,0
26,True,26,26,1,0.013000000000000008,0.0005,0.0005,0,0,0,False,False,,,none,1.0325,0.9918098214215134,0.9548520827319433,1.0838257176307116,0.018048367014832013,0.04084109932231438,True,2,1,4,1,True,2,,,2,2,2,401,,,,,,,,,6,0.8,2.2167763988768547e-06,1.4773431655435031e-06,4.2113862544857193e-07,7.509386392787562e-07,2.7996262274100226e-06,False,0.005884203202036923,0.0,0.005884203202036923,0.7454970572708001,0.7454254163556766,0.006780907574576785,0.005307108419746457,0.825494897973789,0.9313595938508145,0.8378065410714681,0.9349818968940018,-0.9656588762365835,0.9436351698019098,3.140290796624407,3.1025046258655995,0.9879673020092836,3.140290796624407,3.1025046258655995,0.9879673020092836,0.0003032577267577283,0.04084109932231438,0.04053784159555665,0.0003032577267577283,0.04084109932231438,0.04053784159555665,0.020281824150990453,0.029828294381182917,0.009546470230192464,0.0019704783781274216,0.04127597143202802,0.039305493053900596,20.0,20.0,0.0,0.0,0.0,0.0,11.237536818001326,11.23753830199153,11.237536799784312,0.21429496184091518,0.0006044149711357294,3,none,0.41323320816369075,0.44461011179772997,0.41323320816369075,5.634336329993756,5.4786399983714364,0.15782164420355882,0.15085247736172744,413,0.2349810558095029,0.08916379912381188,0.5686403008453806,0.21577113688426547,0.3129591347932632,0,False,0,False,-0.22750566209330852,-0.22184343924562794,,-0.023542280380801056,-0.01199007141235989,,0.6781592875435618,0,False,False,False,False,False,0.007531972867417777,2972,1550,0
27,True,27,27,1,0.013500000000000009,0.0005,0.0005,0,0,0,False,False,,,none,1.03375,1.0075112754046334,0.9705606402805329,1.0857043830724966,0.018277282738902063,0.04192677089917791,True,2,1,4,1,True,2,,,2,2,2,410,,,,,,,,,6,0.8,2.1177123861512347e-06,1.2546506746412605e-06,4.2658287669139605e-07,7.214914180376791e-07,2.6002647716770022e-06,False,0.0060716688981116915,0.0,0.0060716688981116915,0.7482804898373756,0.74821710912562,0.006665443668013852,0.00522055609487481,0.8252681322392541,0.9319693536812494,0.8378160647695919,0.9356466519530644,-0.9669566277993017,0.9476734893279677,3.140290796624407,3.1043750305401834,0.9885629171276652,3.140290796624407,3.1043750305401834,0.9885629171276652,0.00027926404060186485,0.04192677089917791,0.041647506858576044,0.00027926404060186485,0.04192677089917791,0.041647506858576044,0.02026163255336016,0.029834783138996505,0.009573150585636344,0.0019292862442397583,0.04232890528281925,0.04039961903857949,20.0,20.0,0.0,0.0,0.0,0.0,11.265073155672914,11.265074671455503,11.265073136453728,0.2139238314665459,0.0006154104997168124,3,none,0.43023755110914635,0.46183471665082787,0.43023755110914635,5.534613563041458,5.368868736105783,0.1668895981229208,0.16027121252407886,429,0.24389368352227514,0.09416007318476066,0.5668814423416102,0.21885600859808102,0.30430837408489386,0,False,0,False,-0.23166390800445252,-0.22115894418613444,,-0.026304394125892434,-0.0091885286257846,,0.6781459000245592,0,False,False,False,False,False,0.003934198053712441,2972,1550,0
28,True,28,28,1,0.014000000000000009,0.0005,0.0005,0,0,0,False,False,,,none,1.035,1.023212729387753,0.9862356836076203,1.08722186516287,0.018485676138375613,0.04296470263564962,True,2,1,4,1,True,2,,,2,2,2,421,,,,,,,,,6,0.8,2.1461970027834638e-06,1.0802456893724115e-06,4.309412605106067e-07,7.198378994725176e-07,2.54498905610454e-06,False,0.0061846874136955495,0.0,0.0061846874136955495,0.7522244009297459,0.7521673814157809,0.006399207471555972,0.005019179039826365,0.8247572836245821,0.9323689322342175,0.8383577664917847,0.9360964813078713,-0.9682273952403104,0.9509088799195413,3.140290796624407,3.1061474980564605,0.989127344956509,3.140290796624407,3.1061474980564605,0.989127344956509,0.00027777961139086477,0.04296470263564962,0.04268692302425875,0.00027777961139086477,0.04296470263564962,0.04268692302425875,0.020245455600402293,0.02984113697620155,0.009595681375799258,0.0020658510977934687,0.04332796623243367,0.041262115134640204,20.0,20.0,0.0,0.0,0.0,0.0,11.288561289065763,11.288562832266031,11.288561269048625,0.21332548579086377,0.000625263031121036,3,none,0.4420275091985077,0.47367663248732655,0.4420275091985077,5.783920480422103,5.626922522204029,0.16379085227422013,0.15711163871699033,440,0.25370590916380775,0.09419408977094436,0.5739595475038011,0.21309553774546475,0.2982649811354756,0,False,0,False,-0.23149454015797408,-0.22063481327628817,,-0.028525899912856072,-0.01416117840010664,,0.6781082214908094,0,False,False,False,False,False,0.005446313775350991,2972,1550,0
29,True,29,29,1,0.01450000000000001,0.0005,0.0005,0,0,0,False,False,,,none,1.0362500000000001,1.0389141833708713,1.0018980209031847,1.0883892504801245,0.018669246417576064,0.04396997509488351,True,2,1,4,1,True,2,,,2,2,2,410,,,,,,,,,6,0.8,2.2567500741914164e-06,9.531948400653664e-07,4.343040417812474e-07,7.388111998926471e-07,2.5953734394658013e-06,False,0.0062107659620728225,0.0,0.0062107659620728225,0.7572966499265498,0.7572443012647571,0.006131778930527234,0.0048240905909138175,0.8256125858030117,0.9325558889869552,0.8401988370163238,0.9361239912411604,-0.9694581940603715,0.9533782805861213,3.140290796624407,3.107851696263552,0.9896700329804727,3.140290796624407,3.107851696263552,0.9896700329804727,0.0002914147066664706,0.04396997509488351,0.04367856038821704,0.0002914147066664706,0.04396997509488351,0.04367856038821704,0.020233108597069394,0.029847290970301855,0.009614182373232461,0.0023258439921442185,0.04428803405467774,0.041962190062533516,20.0,20.0,0.0,0.0,0.0,0.0,11.307139092891262,11.307140659264515,11.307139072277096,0.21242769495483024,0.0006335454209828473,3,none,0.46322722305646213,0.4952073885538063,0.46322722305646213,5.5844749465094,5.420861914244958,0.17735145856938184,0.17090537644546605,460,0.26766548166722165,0.09831036203090326,0.5778276153571317,0.21222924115347241,0.2897765999929699,0,False,0,False,-0.23121882223708282,-0.22064353924662072,,-0.03156261033437508,-0.015021066559244555,,0.6780492063895781,0,False,False,False,False,False,0.0031561080194422602,2972,1550,0
30,True,30,30,1,0.01500000000000001,0.0005,0.0005,0,0,0,False,False,,,none,1.0375,1.0546156373539923,1.0175708125497378,1.089220608031098,0.018822132521526976,0.044958612240210576,True,2,1,4,1,True,2,,,2,2,2,341,,,,,,,,,6,0.8,2.413320399301703e-06,8.667016952518059e-07,4.3683938901516543e-07,7.736917384928172e-07,2.713800791555133e-06,False,0.006207788669743608,0.0,0.006207788669743608,0.7634727165819843,0.7634235055754155,0.005713578099603547,0.0045133671423718885,0.8270815591954708,0.9321664606950126,0.8420486694682544,0.9356453996608914,-0.9706387634431848,0.9551179215033117,3.140290796624407,3.1095219869526693,0.9902019234318006,3.140290796624407,3.1095219869526693,0.9902019234318006,0.0003139144792669925,0.044958612240210576,0.04464469776094358,0.0003139144792669925,0.044958612240210576,0.04464469776094358,0.020224410392483443,0.02985319381721592,0.009628783424732477,0.0026559642516543556,0.04522534508634289,0.04256938083468854,20.0,20.0,0.0,0.0,0.0,0.0,11.319794103485322,11.31979568914274,11.319794082469839,0.21113186641580609,0.0006398288899380603,3,none,0.4781946610585588,0.5102789172573344,0.4781946610585588,5.88364320957941,5.733324229422188,0.17345678487999666,0.1668123559468577,474,0.27745628517159593,0.10137714025193945,0.5802161917855858,0.21199973255143684,0.28406432015071814,0,False,0,False,-0.23093671173469338,-0.22172514931087833,,-0.02985270611390251,-0.018668029712472615,,0.693490755364587,0,False,False,False,False,False,0.004027916667980244,2972,1550,0
31,True,31,31,1,0.01550000000000001,0.0005,0.0005,0,0,0,False,False,,,none,1.03875,1.0703170913371127,1.0332789284687953,1.0897326447705618,0.018990504433205622,0.04594710911533985,True,2,1,4,1,True,2,,,2,2,2,394,,,,,,,,,6,0.8,2.5921330247623285e-06,8.137893595340389e-07,4.38825490629924e-07,8.215461657231743e-07,2.872092034283609e-06,False,0.006337399600424254,0.0,0.006337399600424254,0.7707353055594327,0.7706878054979337,0.005103334872598593,0.0040517401093203035,0.8305521154953059,0.931453691735755,0.8445001038876275,0.935129518207225,-0.9717613778438736,0.9561664835881202,3.140290796624407,3.11119706095974,0.9907353370917302,3.140290796624407,3.11119706095974,0.9907353370917302,0.0003401709871413607,0.04594710911533985,0.045606938128198486,0.0003401709871413607,0.04594710911533985,0.045606938128198486,0.0202191675820594,0.029858806889219366,0.009639639307159966,0.0030097535454557045,0.04615715732578082,0.04314740378032512,20.0,20.0,0.0,0.0,0.0,0.0,11.325393209615719,11.325394811252268,11.325393188384496,0.20930384002253719,0.00064375420566564,3,none,0.5004486676422166,0.5328862108051946,0.5004486676422166,6.13295010620007,5.981840098381678,0.17377810077615874,0.16732264969022076,495,0.28927288799076706,0.10864908871265314,0.5780270918766349,0.21710336291739138,0.2712462814662986,0,False,0,False,-0.22895090432020573,-0.22146500889726015,,-0.025846085458574867,-0.019202918653329105,,0.69341732042599,0,False,False,False,False,False,0.0040421671482941774,2972,1550,0
32,True,32,32,1,0.01600000000000001,0.0005,0.0005,0,0,0,False,False,,,none,1.04,1.0860185453202318,1.0490491846784948,1.0899444868985968,0.01910492239472635,0.0469522335615135,True,2,1,4,1,True,2,,,2,2,2,327,,,,,,,,,6,0.8,2.7764591573076995e-06,7.899461710643858e-07,4.4067079869399815e-07,8.794418854775619e-07,3.0496473875074473e-06,False,0.006462913245286313,0.0,0.006462913245286313,0.7790685153328115,0.779021358680817,0.003809846962782937,0.003037556630272596,0.835123685268335,0.9308325985016381,0.847107088169876,0.9345236476226485,-0.9728205890222478,0.958327698633655,3.140290796624407,3.1129203422437364,0.9912841019659415,3.140290796624407,3.1129203422437364,0.9912841019659415,0.00036628815675166323,0.0469522335615135,0.04658594540476183,0.00036628815675166323,0.0469522335615135,0.04658594540476183,0.020208361506831727,0.02986410294511124,0.009655741438279512,0.0033510667799531157,0.04742065436528894,0.04406958758533582,20.0,20.0,0.0,0.0,0.0,0.0,11.322733170695097,11.322734785798794,11.322733149412258,0.2067810107005431,0.0006451520271657133,3,none,0.517596315534953,0.5501108156582896,0.517596315534953,5.933504572295565,5.7792178354339585,0.18542526055405456,0.17912331054954497,511,0.2989924817714996,0.11390583064038895,0.5776557382609668,0.2200669271045013,0.26478107061086453,0,False,0,False,-0.23122875168520754,-0.22203260736963493,,-0.024688107171819296,-0.020931561805114393,,0.6983491659029631,0,False,False,False,False,False,0.002080653949798366,2972,1550,0
33,True,33,33,1,0.01650000000000001,0.0005,0.0005,0,0,0,False,False,,,none,1.04125,1.101719999303349,1.0649108460255468,1.089877106857664,0.0191425734411896,0.047990673828354785,True,2,1,4,1,True,2,,,2,2,2,380,,,,,,,,,6,0.8,2.952830590589218e-06,7.940355499342507e-07,4.429032448257448e-07,9.43246638745692e-07,3.2304145952278444e-06,False,0.006539678743466018,0.0,0.006539678743466018,0.7876571485684274,0.7876000018739152,0.0020933888437601493,0.0016759849655431926,0.8410577275216732,0.9301903228740362,0.850329865911209,0.9339827789166772,-0.9738129374761705,0.9627032855243175,3.140290796624407,3.114740276686689,0.9918636452505663,3.140290796624407,3.114740276686689,0.9918636452505663,0.00038953928217374287,0.047990673828354785,0.04760113454618104,0.00038953928217374287,0.047990673828354785,0.04760113454618104,0.02018648357237841,0.029869064687380854,0.009682581115002444,0.003652747677348589,0.04880793791779714,0.04515519024044855,20.0,20.0,0.0,0.0,0.0,0.0,11.310620514911898,11.310622141920721,11.310620493703547,0.20339317256730147,0.000644201474605239,3,none,0.5308474054954591,0.5630292692953694,0.5308474054954591,5.833781805528891,5.677582809776885,0.1930237667654165,0.1869976795693166,523,0.30775907969507765,0.11406945816157826,0.5797505582754708,0.21488182287547045,0.2577469847691052,0,False,0,False,-0.2328512223425927,-0.22152691823188883,,-0.027831844889309912,-0.019717043632546078,,0.6981665579550534,0,False,False,False,False,False,0.003370184153406426,2972,1550,0
34,True,34,34,1,0.01700000000000001,0.0005,0.0005,0,0,0,False,False,,,none,1.0425,1.11742145328647,1.0808958400839217,1.089552036557367,0.01908445357433742,0.04945862250698981,True,2,1,4,1,True,2,,,2,2,2,496,,,,,,,,,6,0.8,3.110304713087516e-06,8.284851306293329e-07,4.4610654656426956e-07,1.0072763899953127e-06,3.4020581706751883e-06,False,0.00672603929036723,0.0,0.00672603929036723,0.7968133313016743,0.7967540316234875,0.00038050775844994964,0.00030607132816184377,0.8461726865875762,0.9297961235624828,0.855690931030156,0.9338341070542431,-0.9747366605425282,0.966249910651277,3.140290796624407,3.1167096902723928,0.9924907889494303,3.140290796624407,3.1167096902723928,0.9924907889494303,0.00040820864673729557,0.04945862250698981,0.049050413860252516,0.00040820864673729557,0.04945862250698981,0.049050413860252516,0.020168750446743617,0.02987368330271264,0.009704932855969024,0.003342035225685943,0.05027434710855583,0.046932311882869886,20.0,20.0,0.0,0.0,0.0,0.0,11.287984566450277,11.287986204813429,11.287984545383441,0.19899669311359472,0.0006415992315767092,3,none,0.5482467980708944,0.5802538739029928,0.5482467980708944,6.23267286001311,6.087706542219018,0.1861974427137741,0.1801160401766193,539,0.314390957486269,0.11941662208647809,0.5734478679903111,0.21781544827378307,0.25085425583838866,0,False,0,False,-0.2279465719989244,-0.22272304693475442,,-0.02378448763034343,-0.014988927630652737,,0.7117414594473823,0,False,False,False,False,False,0.006223839788190931,2972,1550,0
35,True,35,35,1,0.017500000000000012,0.0005,0.0005,0,0,0,False,False,,,none,1.04375,1.1331229072695885,1.0970381603786024,1.0889893598247642,0.018943574227912117,0.05103609407216397,True,2,1,4,1,True,2,,,2,2,2,346,,,,,,,,,6,0.8,3.2423245778479757e-06,8.988777282828476e-07,4.5079451195225485e-07,1.06479277841195e-06,3.5577590125645805e-06,False,0.006828596535733932,0.0,0.006828596535733932,0.8064740099523542,0.8064127648692166,0.0,0.0,0.8529555721515436,0.9297317398227243,0.8620828162660943,0.933669702775123,-0.9755914157299215,0.9690524239276391,3.140290796624407,3.1188834862867756,0.9931830165662865,3.140290796624407,3.1188834862867756,0.9931830165662865,0.0004213790587154993,0.05103609407216397,0.050614715013448476,0.0004213790587154993,0.05103609407216397,0.050614715013448476,0.020154737880361803,0.029877957078649608,0.009723219198287805,0.003117370773635584,0.051831489405433875,0.048714118631798295,20.0,20.0,0.0,0.0,0.0,0.0,11.254017817003904,11.254019467102234,11.254017796066375,0.19352339327501336,0.0006386697691160402,3,none,0.5679525134854104,0.5996315539951431,0.5679525134854104,6.3323956514493664,6.190776756687255,0.18938537229836505,0.18348344183850926,557,0.326279764525985,0.12172721309722331,0.5744842337674881,0.21432639209607132,0.2382213186572393,0,False,0,False,-0.22950162021122442,-0.22280543239358047,,-0.027150324672821878,-0.015366481540662938,,0.7114757210477947,0,False,False,False,False,False,0.003386946405168534,2972,1550,0
36,True,36,36,1,0.018000000000000013,0.0005,0.0005,0,0,0,False,False,,,none,1.045,1.148824361252709,1.1133719819844394,1.088205488525743,0.01869504474806355,0.05269011756031584,True,2,1,4,1,True,2,,,2,2,2,379,,,,,,,,,6,0.8,3.350237563239133e-06,1.0130434868503117e-06,4.5725432395690234e-07,1.1094176440306628e-06,3.70003214338094e-06,False,0.006841287687816852,0.0,0.006841287687816852,0.8171135486644452,0.8170488065359948,0.0,0.0,0.859209463139997,0.9302595052629645,0.8691296300203315,0.9334382458372726,-0.9763780307524975,0.971190555012736,3.140290796624407,3.1213141581004873,0.9939570441870166,3.140290796624407,3.1213141581004873,0.9939570441870166,0.00042872849163911117,0.05269011756031584,0.05226138906867672,0.00042872849163911117,0.05269011756031584,0.05226138906867672,0.020144047224936318,0.029881890153762483,0.009737842928826165,0.0029812493326857696,0.05348769414312471,0.050506444810438936,20.0,20.0,0.0,0.0,0.0,0.0,11.208321705324096,11.208323368218448,11.208321684412505,0.18704538719388283,0.0006372993144092131,3,none,0.5919540216351673,0.6233153856705576,0.5919540216351673,6.531841185521106,6.386599915230756,0.19085442158399013,0.1853737605274055,579,0.3402846316104556,0.12724858726605998,0.5748497673357806,0.21496363334868218,0.22251651860355928,0,False,0,False,-0.22682979264532646,-0.22313056542976425,,-0.025228055618980103,-0.016569188433977037,,0.7111951968187002,0,False,False,False,False,False,0.0022675145394424725,2972,1550,0
37,True,37,37,1,0.018500000000000013,0.0005,0.0005,0,0,0,False,False,,,none,1.0462500000000001,1.1645258152358284,1.129928181547876,1.0872115764900796,0.01863178805213123,0.05440917111170856,True,2,1,4,1,True,2,,,2,2,2,454,,,,,,,,,6,0.8,3.4468902641943735e-06,1.1802449098423502e-06,4.6543148829200715e-07,1.137218875406851e-06,3.844986837621433e-06,False,0.006761229260333498,0.0,0.006761229260333498,0.8285567547737528,0.8284870177974185,0.0,0.0,0.8674313453677961,0.9310623000605659,0.8762283652265859,0.9336898180001681,-0.9770982851786256,0.9727446053153307,3.140290796624407,3.12404509800739,0.9948266897338042,3.140290796624407,3.12404509800739,0.9948266897338042,0.00043036669732402795,0.05440917111170856,0.05397880441438453,0.00043036669732402795,0.05440917111170856,0.05397880441438453,0.020136276973423347,0.029885491425893126,0.00974921445246978,0.002934643754358571,0.05524507663726526,0.05231043288290669,20.0,20.0,0.0,0.0,0.0,0.0,11.151015693126853,11.151017370148134,11.151015672054129,0.17984786246092527,0.0006396118391222346,3,none,0.6161069641199487,0.6469992169961345,0.6161069641199487,6.631563977523175,6.478421985811794,0.19512718845480623,0.19020278872517624,601,0.3522692867294815,0.13211831846360522,0.5717664419402648,0.2144405536014739,0.20596682575120526,0,False,0,False,-0.22399087305213886,-0.22124747788667046,,-0.02340588797688232,-0.012806341516293656,,0.7109081015664971,0,False,False,False,False,False,0.004180826693589142,2972,1550,0
38,True,38,38,1,0.019000000000000013,0.0005,0.0005,0,0,0,False,False,,,none,1.0475,1.1802272692189484,1.146729366792485,1.086013226772634,0.018873892389222425,0.056168324703281404,True,2,1,4,1,True,2,,,2,2,2,416,,,,,,,,,6,0.8,3.5585274177176217e-06,1.4110626134809927e-06,4.749275894696491e-07,1.1486326237026274e-06,4.024814057976503e-06,False,0.006879672104420725,0.0,0.006879672104420725,0.8405742989174828,0.8404981803347172,0.0,0.0,0.8771089213750666,0.9320782939037162,0.8838534224123687,0.9345036614253472,-0.9777547223804494,0.9737991080140255,3.140290796624407,3.127102546929895,0.9958003094144374,3.140290796624407,3.127102546929895,0.9958003094144374,0.00042670968811020255,0.056168324703281404,0.0557416150151712,0.00042670968811020255,0.056168324703281404,0.0557416150151712,0.020131004459929873,0.02988877361190224,0.009757769151972368,0.0029753837771283468,0.057095934046771574,0.05412055026964323,20.0,20.0,0.0,0.0,0.0,0.0,11.082756578602513,11.08275827084855,11.082756557127604,0.17247718746730367,0.0006474831973918761,3,none,0.6394869058434198,0.6696065106502733,0.6394869058434198,6.880870909616602,6.724787487220813,0.19462841824701035,0.19018798945205145,622,0.36435764142847965,0.14089310148699336,0.5697656012955075,0.22032210542476913,0.18281313439428315,0,False,0,False,-0.22513427249221887,-0.21756672222372178,,-0.02551568807087614,-0.008748409061970708,,0.7106259635953398,0,False,False,False,False,False,0.00457362790795926,2972,1550,0
39,True,39,39,1,0.019500000000000014,0.0005,0.0005,0,0,0,False,False,,,none,1.04875,1.1959287232020666,1.1637841679579624,1.084611401181519,0.01910131801987838,0.057924510260439724,True,2,1,4,1,True,2,,,2,2,2,436,,,,,,,,,6,0.8,3.723449685548471e-06,1.716829677718243e-06,4.851146833198659e-07,1.14913082187139e-06,4.285722763414881e-06,False,0.006954945668086968,0.0,0.006954945668086968,0.8528975053013691,0.8528138204735111,0.0,0.0,0.8880348774924973,0.9333090896481953,0.8914103731094025,0.935537123964414,-0.978350485205055,0.9744561194561395,3.140290796624407,3.130487977504079,0.9968783721778679,3.140290796624407,3.130487977504079,0.9968783721778679,0.0004183743765560677,0.057924510260439724,0.057506135883883654,0.0004183743765560677,0.057924510260439724,0.057506135883883654,0.0201277194027193,0.029891752426025278,0.009764033023305977,0.0030969110847589862,0.059019207005540836,0.05592229592078185,20.0,20.0,0.0,0.0,0.0,0.0,11.004631803812186,11.004633511665968,11.00463178169037,0.16571069386863424,0.0006621574068436821,2,merge,0.6743897789944054,0.7040557203034478,0.6743897789944054,6.980593675795074,6.835793552429576,0.2017180065199132,0.1973113359325236,654,0.37965577886360696,0.2947340001307985,0.5629619408374167,0.43703805916258337,0.011027605102235216,0,False,0,False,-0.22338886112192904,-0.2144835140865122,,-0.021555555617095316,-0.005395309437171204,,0.7158201885045342,0,False,False,False,False,False,0.005189019767289262,2972,1550,0
40,True,40,40,1,0.020000000000000014,0.0005,0.0005,0,0,0,False,False,,,none,1.05,1.2116301771851867,1.181082174104962,1.0830037063105764,0.019302057030869978,0.059611292008708815,True,2,1,4,1,True,2,,,2,2,2,457,,,,,,,,,6,0.8,3.9822701518605e-06,2.104860354204821e-06,4.95300047883715e-07,1.1479206672348792e-06,4.6746076486482655e-06,False,0.006987227199714653,0.0,0.006987227199714653,0.864876412514918,0.864767120154709,0.0,0.0,0.8983479917380998,0.9348804741821694,0.8999447098414761,0.9370196140760976,-0.9788891656890333,0.9753846656718053,3.140290796624407,3.1341731587952353,0.9980518881131175,3.140290796624407,3.1341731587952353,0.9980518881131175,0.00040607854965650394,0.059611292008708815,0.05920521345905231,0.00040607854965650394,0.059611292008708815,0.05920521345905231,0.020123076671640976,0.029894445828445165,0.00977136915680419,0.0032879073076451226,0.06097771868759773,0.057689811379952605,20.0,20.0,0.0,0.0,0.0,0.0,10.917936755257752,10.917938478037378,10.917936732297276,0.1604222031851223,0.0006841521126674046,1,merge,0.7167348742612107,0.7460406946328719,0.7167348742612107,7.1301778262235445,6.999771641250087,0.20926285790210308,0.20478807338155086,693,0.7167348742612107,0.0,1.0,0.0,,0,False,0,False,-0.02108702184183272,-0.00019839579647505567,,-0.02108702184183272,-0.00019839579647505567,,0.7155988608978535,0,False,False,False,False,False,0.005217991499362137,2972,1550,0
41,True,41,41,1,0.020500000000000015,0.0005,0.0005,0,0,0,False,False,,,none,1.05125,1.227331631168306,1.1985919185384861,1.0811851259136722,0.019464521748195514,0.061133115934313614,True,2,1,4,1,True,2,,,2,2,2,558,,,,,,,,,7,0.8,1.0773095504989284e-06,6.004242967274101e-07,1.007120454081593e-07,2.594901253125672e-07,1.264350918424879e-06,False,0.007025011907241327,0.0,0.007025011907241327,0.8762386338175001,0.8761207885054825,0.0,0.0,0.9072793955063732,0.9368597427779928,0.9091789556806364,0.9382100143868817,-0.9793746609413665,0.9760893102952907,3.140290796624407,3.1381008610784793,0.999302632880916,3.140290796624407,3.1381008610784793,0.999302632880916,0.00039053720045651444,0.061133115934313614,0.0607425787338571,0.00039053720045651444,0.061133115934313614,0.0607425787338571,0.020119553448523547,0.02989687330470683,0.009777319856183284,0.0035332793874646475,0.06291669300222569,0.059383413614761044,20.0,20.0,0.0,0.0,0.0,0.0,10.823892698372099,10.82389443027503,10.823892672523533,0.15740471449728605,0.0007133897444069792,1,none,0.7541800727211567,0.7826429799457052,0.7541800727211567,7.130177826223536,7.006302209180852,0.2195297225455675,0.21528619525800682,727,0.7541800727211567,0.0,1.0,0.0,,0,False,0,False,-0.017369422846198402,0.003785318658457064,,-0.017369422846198402,0.003785318658457064,,0.7154004867325827,0,False,False,False,False,False,0.005448901095705114,2972,1550,0
42,True,42,42,1,0.021000000000000015,0.0005,0.0005,0,0,0,False,False,,,none,1.0525,1.2430330851514269,1.2162586279764498,1.0791476609676474,0.019578985926510417,0.06235475335681756,True,2,1,4,1,True,2,,,2,2,2,559,,,,,,,,,7,0.8,1.2042955962016228e-06,7.358839439164761e-07,1.0222230519165668e-07,2.7044884514616123e-07,1.4406404962600067e-06,False,0.00714982673542628,0.0,0.00714982673542628,0.8866197085279955,0.8864215406742852,0.0,0.0,0.9152170953335489,0.9382101711921845,0.9165090165652416,0.9393391221887729,-0.9798110210101119,0.9766319552695661,3.140290796624407,3.1421851430545478,1.0006032391752309,3.140290796624407,3.1421851430545478,1.0006032391752309,0.0003723893029099365,0.06235475335681756,0.061982364053907626,0.0003723893029099365,0.06235475335681756,0.061982364053907626,0.02011684022365217,0.02989905510505056,0.00978221488139839,0.0011604684416111157,0.06475937127768802,0.0635989028360769,20.0,20.0,0.0,0.0,0.0,0.0,10.723382567672129,10.723384309857517,10.723382541105085,0.15726732624751658,0.0007492022306994344,1,none,0.7836902871373559,0.810632962831989,0.7836902871373559,7.329623360128096,7.211149739017733,0.22119362019109862,0.21735515569646355,753,0.7836902871373559,0.0,1.0,0.0,,0,False,0,False,-0.013586874752437238,0.0029021575179630425,,-0.013586874752437238,0.0029021575179630425,,0.7152365104078162,0,False,False,False,False,False,0.003884281617197048,2972,1550,0
43,True,43,43,1,0.021500000000000016,0.0005,0.0005,0,0,0,False,False,,,none,1.05375,1.2587345391345481,1.2340129982603747,1.0768791975226994,0.019639620944104354,0.0630917560757123,True,2,1,4,1,True,2,,,2,2,2,448,,,,,,,,,7,0.8,1.337639837459766e-06,8.68211505306377e-07,1.0324788303174012e-07,2.8342660439298883e-07,1.6229794570893466e-06,False,0.0072046293614441495,0.0,0.0072046293614441495,0.8959416391007965,0.8957329336395256,0.0,0.0,0.9211761837998309,0.9391267478571195,0.9220046275687657,0.9401029554195875,-0.9802023135194559,0.9770561595692299,3.140290796624407,3.146326825545884,1.0019221241956207,3.140290796624407,3.146326825545884,1.0019221241956207,1.2813811498863723e-05,0.0630917560757123,0.06307894226421343,1.2813811498863723e-05,0.0630917560757123,0.06307894226421343,0.020114719202153852,0.02990101156759728,0.009786292365443428,-0.0009946096739785837,0.06640539665699145,0.06740000633097004,20.0,20.0,0.0,0.0,0.0,0.0,10.616738171068679,10.616739919534718,10.616738144012102,0.16046583962740454,0.0007902662287278934,1,none,0.8197180080508304,0.8450821725384119,0.8197180080508304,6.831009525382476,6.725724349924866,0.2474252654452549,0.24375605225628602,785,0.8197180080508304,0.0,1.0,0.0,,0,False,0,False,-0.011823726715721782,0.0032435214392453533,,-0.011823726715721782,0.0032435214392453533,,0.7151162041567205,0,False,False,False,False,False,0.001795889842425421,2972,1550,0
44,True,44,44,1,0.022000000000000016,0.0005,0.0005,0,0,0,False,False,,,none,1.055,1.2744359931176668,1.2517763431441753,1.074361949017549,0.019644940569715864,0.06308601105615735,True,2,1,4,1,True,2,,,2,2,2,482,,,,,,,,,7,0.8,1.446042385447826e-06,9.696005422516663e-07,1.0344475929258552e-07,2.945053647572138e-07,1.7687843339825929e-06,False,0.007188143594257785,0.0,0.007188143594257785,0.9048142538637125,0.9017575299751867,0.0,0.0,0.9243858208856643,0.9394306287277558,0.92497779309709,0.9402582670451046,-0.9805524713027256,0.977386232177261,3.140290796624407,3.150421540353193,1.0032260527399806,3.140290796624407,3.150421540353193,1.0032260527399806,-0.00024476958390183675,0.06308601105615735,0.06333078064005919,-0.00024476958390183675,0.06308601105615735,0.06333078064005919,0.020113068839113697,0.029902762356513627,0.00978969351739993,-0.0028030370171670486,0.06771512998513202,0.07051816700229907,20.0,20.0,0.0,0.0,0.0,0.0,10.503591091599747,10.503592841516266,10.503591064394703,0.16739075730472053,0.0008340099319414084,1,none,0.8434344027217089,0.8666129286056097,0.8434344027217089,6.531841224415766,6.422425816893584,0.26535027378382825,0.2626529061661201,805,0.8434344027217089,0.0,1.0,0.0,,0,False,0,False,-0.013728143588351385,0.002870976449437174,,-0.013728143588351385,0.002870976449437174,,0.7150458567670652,0,False,False,False,False,False,0.0019405136933779916,2972,1550,0
45,True,45,45,1,0.022500000000000017,0.0005,0.0005,0,0,0,False,False,,,none,1.0562500000000001,1.290137447100785,1.2694700936451828,1.0715712266824966,0.019597971899555665,0.06197330356639912,True,2,1,4,1,True,2,,,2,2,2,534,,,,,,,,,7,0.8,1.5116094793741e-06,1.0179593460914022e-06,1.0221535636363682e-07,3.038660279433157e-07,1.85040184566571e-06,False,0.007100780632842172,0.0,0.007100780632842172,0.904127620759,0.8979230425331819,0.0,0.0,0.9236294229163301,0.9378495364487899,0.9241651149490553,0.9386622902891855,-0.9808651800634913,0.977627299409222,3.140290796624407,3.154373204040284,1.0044844278214662,3.140290796624407,3.154373204040284,1.0044844278214662,-0.0004387837516173508,0.06197330356639912,0.06241208731801647,-0.0004387837516173508,0.06197330356639912,0.06241208731801647,0.02011186350295389,0.029904325900317455,0.009792462397363564,-0.004315598695161083,0.06848143423338189,0.07279703292854298,20.0,20.0,0.0,0.0,0.0,0.0,10.382756624695203,10.382758370761614,10.382756597795058,0.17843110195962283,0.0008755421687500156,1,none,0.863865846693677,0.8849140712620259,0.863865846693677,6.681425374844199,6.562375826819884,0.2648878110930516,0.26327838255258995,822,0.863865846693677,0.0,1.0,0.0,,0,False,0,False,-0.010068772079831772,0.0024312379423516136,,-0.010068772079831772,0.0024312379423516136,,0.7188545604197639,0,False,False,False,False,False,0.0036856980060741475,2972,1550,0
46,True,46,46,1,0.023000000000000017,0.0005,0.0005,0,0,0,False,False,,,none,1.0575,1.3058389010839044,1.2870232285865246,1.068475664941264,0.019505593453727484,0.05924352417492708,True,2,1,4,1,True,2,,,2,2,2,514,,,,,,,,,7,0.8,1.5411470729217112e-06,1.0092305434378669e-06,9.869172733531975e-08,3.210437629071611e-07,1.872562347407709e-06,False,0.007140445631523419,0.0,0.007140445631523419,0.8997020976724267,0.8918164651664731,0.0,0.0,0.9201428870131845,0.9340630321941686,0.920925441915361,0.9349539461974214,-0.9811437886021017,0.9777671326491207,3.140290796624407,3.158104948894786,1.0056727715438099,3.140290796624407,3.158104948894786,1.0056727715438099,-0.0005760487320680912,0.05924352417492708,0.05981957290699517,-0.0005760487320680912,0.05924352417492708,0.05981957290699517,0.020111164336754396,0.029905718943010508,0.009794554606256112,-0.005553829816878379,0.0683727042380518,0.07392653405493019,20.0,20.0,0.0,0.0,0.0,0.0,10.252140479186226,10.252142216280644,10.252140453177745,0.19399770554354617,0.0009057168116213305,1,none,0.8933496709862709,0.9129040541483097,0.8933496709862709,6.781148141796478,6.661302609527217,0.2692476362583818,0.2682207139812482,848,0.8933496709862709,0.0,1.0,0.0,,0,False,0,False,-0.006945939531930015,0.0025867360245436823,,-0.006945939531930015,0.0025867360245436823,,0.7188315716557175,0,False,False,False,False,False,0.0031267015808676066,2972,1550,0
47,True,47,47,1,0.023500000000000017,0.0005,0.0005,0,0,0,False,False,,,none,1.05875,1.3215403550670244,1.3043764186367084,1.0650418132004305,0.020150876403560742,0.054234398668395155,True,2,1,4,1,True,2,,,2,2,2,675,,,,,,,,,7,0.8,1.5525532868337692e-06,9.583345273460403e-07,9.203063068675378e-08,3.6154439588851565e-07,1.8622595850055093e-06,False,0.007221878640321724,0.0,0.007221878640321724,0.8947300716339947,0.8838034985950298,0.0,0.0,0.9139915743884096,0.927198766662768,0.914785020076341,0.9282472070494325,-0.9813912597791253,0.9777814778054276,3.140290796624407,3.1615682232811606,1.0067756230345373,3.140290796624407,3.1615682232811606,1.0067756230345373,-0.0006741501095074133,0.054234398668395155,0.05490854877790257,-0.0006741501095074133,0.054234398668395155,0.05490854877790257,0.020111092610972863,0.029906956298895625,0.009795863687922762,-0.006521428919433356,0.06683886420507906,0.07336029312451242,20.0,20.0,0.0,0.0,0.0,0.0,10.10874696231653,10.108748686695852,10.108746937943554,0.21440836729096222,0.0009084387161304687,1,none,0.9248153500260252,0.9430471126412306,0.9248153500260252,6.9805936757010825,6.8754358572671475,0.27019109160411564,0.269020137552013,876,0.9248153500260252,0.0,1.0,0.0,,0,False,0,False,-0.005490189375002393,0.007229258980214069,,-0.005490189375002393,0.007229258980214069,,0.7188106799707488,0,False,False,False,False,False,0.004865411381714942,2972,1550,0
48,True,48,48,1,0.024000000000000018,0.0005,0.0005,0,0,0,False,False,,,none,1.06,1.3372418090501448,1.321484580983676,1.061249753680943,0.021354746099251355,0.046296844835923605,True,2,1,4,1,True,2,,,2,2,2,556,,,,,,,,,7,0.8,1.536569361272386e-06,8.857991046270949e-07,8.252168268056566e-08,4.2628218620214035e-07,1.8259824167129594e-06,False,0.007257512838758778,0.0,0.007257512838758778,0.8896392223580946,0.8746110066464897,0.0,0.0,0.906186226365078,0.9177892349624734,0.9066882437495509,0.9197532615322788,-0.9816101807714891,0.9776469170915413,3.140290796624407,3.164753872026025,1.0077900669033306,3.140290796624407,3.164753872026025,1.0077900669033306,-0.0007439205355611364,0.046296844835923605,0.047040765371484744,-0.0007439205355611364,0.046296844835923605,0.047040765371484744,0.020111765414542297,0.029908050903857446,0.00979628548931515,-0.007250889823792503,0.06301531519399822,0.07026620501779073,20.0,20.0,0.0,0.0,0.0,0.0,9.94911795866272,9.949119669796021,9.949117936754213,0.23924997511579407,0.0008598469375354504,1,none,0.9489378375187894,0.9656544065109216,0.9489378375187894,6.930732292224937,6.822102968521784,0.27865869457812303,0.2781951084283929,897,0.9489378375187894,0.0,1.0,0.0,,0,False,0,False,-0.006404927714389988,0.007742010095838448,,-0.006404927714389988,0.007742010095838448,,0.7187952939518178,0,False,False,False,False,False,0.0010486467165445276,2972,1550,0
49,True,49,49,1,0.02450000000000002,0.0005,0.0005,0,0,0,False,False,,,none,1.06125,1.352943263033267,1.3383259709411064,1.0571287948846821,0.022571518904532458,0.03968606662197638,True,2,1,4,1,True,2,,,2,2,2,751,,,,,,,,,7,0.8,1.4285433526523783e-06,7.994464128929667e-07,7.305432335359628e-08,4.785813614968993e-07,1.707110931142908e-06,False,0.0072475877654521615,0.0,0.0072475877654521615,0.8840518759596377,0.8646016723916761,0.0,0.0,0.8966350328148686,0.9096693501429791,0.8971106062980079,0.9149511648020805,-0.981802868763732,0.9773675056814132,3.140290796624407,3.167711962481838,1.0087320466903595,3.140290796624407,3.167711962481838,1.0087320466903595,-0.000790104981243462,0.03968606662197638,0.04047617160321984,-0.000790104981243462,0.03968606662197638,0.04047617160321984,0.020113162471592935,0.029909014343818662,0.009795851872225727,-0.00775518021760814,0.05582218965599501,0.06357736987360316,20.0,20.0,0.0,0.0,0.0,0.0,9.770969351363531,9.770971053537894,9.770969332488184,0.26564997022495596,0.0007387785824755575,1,none,0.970360137554696,0.9861086247739754,0.970360137554696,6.7811481417965025,6.6726307458428415,0.2908382486723641,0.29084784532974384,916,0.970360137554696,0.0,1.0,0.0,,0,False,0,False,-0.0035545093166722257,0.008916868520679048,,-0.0035545093166722257,0.008916868520679048,,0.7187909395696841,0,False,False,False,False,False,0.0030830467658578956,2972,1550,0
50,True,50,50,1,0.02500000000000002,0.0005,0.0005,0,0,0,False,False,,,none,1.0625,1.3686447170163858,1.354929253706553,1.0528065389220254,0.023628936713910517,0.03932764104846164,True,2,1,4,1,True,2,,,2,2,2,673,,,,,,,,,7,0.8,1.1604102542929085e-06,6.881979757974777e-07,6.70782959938199e-08,4.613867299503445e-07,1.4274262238475183e-06,False,0.007277118905664804,0.0,0.007277118905664804,0.8767081827095964,0.8548613832289812,0.0,0.0,0.8854225613063151,0.9050837791006412,0.8859513756231544,0.9121134700202524,-0.9819716085576211,0.9770161253327251,3.140290796624407,3.1705771932893776,1.0096444560795217,3.140290796624407,3.1705771932893776,1.0096444560795217,-0.0008106863561648228,0.03932764104846164,0.040138327404626466,-0.0008106863561648228,0.03932764104846164,0.040138327404626466,0.020114919373336374,0.029909858042788104,0.00979493866945173,-0.008008741437455662,0.04466956178257685,0.05267830322003251,20.0,20.0,0.0,0.0,0.0,0.0,9.57665915907492,9.576660860601947,9.576659142996931,0.2859410953728482,0.0005582904210904967,1,none,0.9992379345195743,1.0151751454635107,0.9992379345195743,6.6315639913727304,6.521630558705952,0.3061646232424789,0.30643806806432994,943,0.9992379345195743,0.0,1.0,0.0,,0,False,0,False,-0.0012147326398537978,0.009961273723105535,,-0.0012147326398537978,0.009961273723105535,,0.7155907335815487,0,False,False,False,False,False,0.0025622913816033873,2972,1550,0
51,True,51,51,1,0.02550000000000002,0.0005,0.0005,0,0,0,False,False,,,none,1.06375,1.3843461709995042,1.371408936542081,1.0485186351163154,0.024352015180368922,0.03899977244441017,True,2,1,4,1,True,2,,,2,2,2,995,,,,,,,,,6,0.8,3.1328293444102846e-06,2.24464475850326e-06,3.220173510067088e-07,1.7820840807047597e-06,4.25823539017338e-06,False,0.007379357986930249,0.0,0.007379357986930249,0.8687200434730666,0.8473154230291484,0.0,0.0,0.8741334983181519,0.9035530504890221,0.8746170091370293,0.9118292008987233,-0.9821365618681799,0.977367931098215,3.140290796624407,3.173564174694742,1.0105956359538746,3.140290796624407,3.173564174694742,1.0105956359538746,-0.0007979188895583863,0.03899977244441017,0.03979769133396856,-0.0007979188895583863,0.03899977244441017,0.03979769133396856,0.020113160344508926,0.029910682809340897,0.009797522464831971,-0.007945793485381058,0.03911779474001971,0.04706358822540077,20.0,20.0,0.0,0.0,0.0,0.0,9.376423565758177,9.376425278711949,9.376423553153865,0.2885343593224861,0.00038600799454565986,1,none,1.0308766082775402,1.0474712795630694,1.0308766082775402,6.232672923563559,6.1312724709261675,0.33612265312461576,0.3362684053484316,973,1.0308766082775402,0.0,1.0,0.0,,0,False,0,False,-0.0009099757820424621,0.010976165612006006,,-0.0009099757820424621,0.010976165612006006,,0.7158610444527929,0,False,False,False,False,False,0.001059661402778739,2972,1550,0
52,True,52,52,1,0.02600000000000002,0.0005,0.0005,0,0,0,False,False,,,none,1.065,1.400047624982625,1.3879610552387014,1.0445257914837331,0.024343726860772356,0.03865597761004508,True,2,1,4,1,True,2,,,2,2,2,725,,,,,,,,,6,0.8,1.983078415208126e-06,1.8593837415854257e-06,3.163827190332518e-07,1.2571794136920348e-06,3.0117280757814957e-06,False,0.007434054274028188,0.0,0.007434054274028188,0.8608547344071568,0.8440314365326396,0.0,0.0,0.8666387660452036,0.9053713566817162,0.867578709187174,0.9149219994151723,-0.9823716802295577,0.9779742619951683,3.140290796624407,3.1768963622831374,1.0116567439225943,3.140290796624407,3.1768963622831374,1.0116567439225943,-0.0007440606211585047,0.03865597761004508,0.03940003823120358,-0.0007440606211585047,0.03865597761004508,0.03940003823120358,0.020110128690024157,0.029911858401147785,0.009801729711123627,-0.007502284702257262,0.038744045865137564,0.04624633056739483,20.0,20.0,0.0,0.0,0.0,0.0,9.186174525716298,9.186176255185154,9.186174514873128,0.26563885241001683,0.00028612022345811557,1,none,1.0725451806995538,1.0916093294991327,1.0725451806995538,6.083088773135124,6.009174570344236,0.35889968738251216,0.35696922036269385,1014,1.0725451806995538,0.0,1.0,0.0,,0,False,0,False,-0.00010083827793881996,0.011316097426008408,,-0.00010083827793881996,0.011316097426008408,,0.7162378896166868,0,False,False,False,False,False,0.0008776429448916199,2972,1550,0
53,True,53,53,1,0.02650000000000002,0.0005,0.0005,0,0,0,False,False,,,none,1.0662500000000001,1.4157490789657436,1.404776383257518,1.0410000502635115,0.02329675366794891,0.03829084682616394,True,2,1,4,1,True,2,,,2,2,2,820,,,,,,,,,6,0.8,2.16762950597935e-06,1.984736017635732e-06,3.137379289812995e-07,8.820012275025078e-07,3.0845019676262537e-06,False,0.007440968766617604,0.0,0.007440968766617604,0.858101118113153,0.8464275096305199,0.0,0.0,0.8658485219790124,0.9123594260741309,0.8672480171514446,0.922160778828612,-0.9825838512788435,0.9789491812259921,3.140290796624407,3.1806875639115204,1.0128640211698028,3.140290796624407,3.1806875639115204,1.0128640211698028,-0.0006480060974173876,0.03829084682616394,0.038938852923581325,-0.0006480060974173876,0.03829084682616394,0.038938852923581325,0.02010525409387004,0.029912919256394215,0.009807665162524175,-0.006666895676506109,0.038379863604912356,0.045046759281418464,20.0,20.0,0.0,0.0,0.0,0.0,9.019964698689407,9.019966449037991,9.01996468877123,0.22080193433033252,0.0002484001648508579,1,none,1.1112608783219615,1.1325177660246408,1.1112608783219615,5.385029404444676,5.3622626896083725,0.42061711495572796,0.4144746136646735,1052,1.1112608783219615,0.0,1.0,0.0,,0,False,0,False,0.0003216507531691986,0.012871750639191683,,0.0003216507531691986,0.012871750639191683,,0.7167367947249376,0,False,False,False,False,False,0.0016120030710560205,2972,1550,0
54,True,54,54,1,0.02700000000000002,0.0005,0.0005,0,0,0,False,False,,,none,1.0675000000000001,1.4314505329488656,1.4219430077184771,1.037987254081681,0.02115590010240788,0.03789581103387465,True,2,1,4,1,True,2,,,2,2,2,860,,,,,,,,,6,0.8,2.838560369193619e-06,2.5319879197638107e-06,3.1193653512007243e-07,7.170261230153378e-07,3.883274218802428e-06,False,0.007399874563579511,0.0,0.007399874563579511,0.8626621793319782,0.8551255176337571,0.0,0.0,0.8724282933501863,0.9238480878284926,0.8739235853068537,0.9334682667759758,-0.9827892517138399,0.9805002123399349,3.140290796624407,3.184882844646669,1.0141999741139245,3.140290796624407,3.184882844646669,1.0141999741139245,-0.0008619378588091224,0.03789581103387465,0.03875774889268377,-0.0008619378588091224,0.03789581103387465,0.03875774889268377,0.020097498938300325,0.0299139462585692,0.009816447320268876,-0.00550681886339682,0.03798526776383153,0.04349208662722835,20.0,20.0,0.0,0.0,0.0,0.0,8.88490785734078,8.884909633014805,8.884907847908288,0.16726180793630654,0.00023407182914822358,1,none,1.12295981586557,1.1422066062545084,1.12295981586557,5.135722487063946,5.1122725591039035,0.44480853828513595,0.4393192275579322,1061,1.12295981586557,0.0,1.0,0.0,,0,False,0,False,-0.0004034686034948962,0.011899661973856598,,-0.0004034686034948962,0.011899661973856598,,0.7128736301220546,0,False,False,False,False,False,0.0012127466572544729,2972,1550,0
55,True,55,55,1,0.02750000000000002,0.0005,0.0005,0,0,0,False,False,,,none,1.06875,1.447151986931983,1.439408784390666,1.035446499671257,0.018204554200556656,0.03746384500439345,True,2,1,4,1,True,2,,,2,2,2,887,,,,,,,,,6,0.8,3.133974663577815e-06,3.0536577382271762e-06,3.1092632619189966e-07,6.585111178088928e-07,4.435869119662966e-06,False,0.007309911821234279,0.0,0.007309911821234279,0.8749180912383229,0.8702170556475248,0.0,0.0,0.8860232462687069,0.9384889686596463,0.8879374075523699,0.9438794241914416,-0.9830036473862668,0.9827831980323264,3.140290796624407,3.189281481862212,1.0156006842711722,3.140290796624407,3.189281481862212,1.0156006842711722,-0.0016459439119291697,0.03746384500439345,0.03910978891632262,-0.0016459439119291697,0.03746384500439345,0.03910978891632262,0.020086084009838367,0.029915018236931337,0.00982893422709297,-0.011657184957092753,0.0375531310734379,0.04921031603053065,20.0,20.0,0.0,0.0,0.0,0.0,8.781818257312588,8.781820063222565,8.781818248096565,0.12027018533802959,0.00022570641120089186,1,none,1.1337413413158783,1.150818908352909,1.1337413413158783,5.135722464449622,5.112345231191068,0.44816242167254194,0.44353082197922716,1069,1.1337413413158783,0.0,1.0,0.0,,0,False,0,False,0.0015187341909883272,0.011788139015184695,,0.0015187341909883272,0.011788139015184695,,0.7135889189390812,0,False,False,False,False,False,0.00192543526337035,2972,1550,0
56,True,56,56,1,0.02800000000000002,0.0005,0.0005,0,0,0,False,False,,,none,1.07,1.4628534409151033,1.4570156453788892,1.0333037482851903,0.01664913037576218,0.036996294345069514,True,2,1,4,1,True,2,,,2,2,2,939,,,,,,,,,6,0.8,2.948596808647463e-06,3.271610573779313e-06,3.108281107610546e-07,6.18965984409799e-07,4.458406878104138e-06,False,0.007423882294768836,0.0,0.007423882294768836,0.8941503030067942,0.8912997378758193,0.0,0.0,0.9058517015346682,0.9500625687175951,0.907609816612239,0.9530009859723428,-0.9832396635029689,0.9858704109342228,3.140290796624407,3.193613741200776,1.016980256934704,3.140290796624407,3.193613741200776,1.016980256934704,-0.0020441037253522707,0.036996294345069514,0.03904039807042178,-0.0020441037253522707,0.036996294345069514,0.03904039807042178,0.02007064794532889,0.02991619831751484,0.00984555037218595,-0.016597205676165325,0.037084749505797335,0.05368195518196266,20.0,20.0,0.0,0.0,0.0,0.0,8.708037777141557,8.708039618257366,8.708037767905585,0.09017640977082869,0.00021883500958852148,1,none,1.1520965434415233,1.1669669723644167,1.1520965434415233,5.285306442612533,5.269815712900329,0.44158914342441935,0.4372435797408362,1084,1.1520965434415233,0.0,1.0,0.0,,0,False,0,False,0.00034913984207167405,0.010153967497203374,,0.00034913984207167405,0.010153967497203374,,0.7142952613075608,0,False,False,False,False,False,0.002009593862251561,2972,1550,0
57,True,57,57,1,0.028500000000000022,0.0005,0.0005,0,0,0,False,False,,,none,1.07125,1.4785548948982221,1.474565140289203,1.0314852152516678,0.017619233237702026,0.036504838280497956,True,2,1,4,1,True,2,,,2,2,2,929,,,,,,,,,6,0.8,2.4042243480497712e-06,3.050816946930397e-06,3.1144899435866165e-07,5.71644591244538e-07,3.938471375320533e-06,False,0.007522378783817842,0.0,0.007522378783817842,0.9184908708631832,0.9167868258926056,0.0,0.0,0.9297624232089508,0.9595031574715671,0.930928822053731,0.9615225678261021,-0.9835049030277108,0.9904474032571106,3.140290796624407,3.197623681120334,1.018257189607267,3.140290796624407,3.197623681120334,1.018257189607267,-0.0023084914642006378,0.036504838280497956,0.038813329744698595,-0.0023084914642006378,0.036504838280497956,0.038813329744698595,0.020047762983714447,0.029917524515138554,0.009869761531424107,-0.020559977468328654,0.03659180684327945,0.057151784311608105,20.0,20.0,0.0,0.0,0.0,0.0,8.6595460201712,8.659547901013706,8.659546010668818,0.07709847459092449,0.00021237665306669603,1,none,1.1636857642687102,1.1766558098186006,1.1636857642687102,5.235444871805138,5.2223267147931205,0.44949601748471835,0.44565797117686035,1093,1.1636857642687102,0.0,1.0,0.0,,0,False,0,False,0.00022086704540859957,0.010323198000774586,,0.00022086704540859957,0.010323198000774586,,0.7149436416741014,0,False,False,False,False,False,0.00021235082694148476,2972,1550,0
58,True,58,58,1,0.029000000000000022,0.0005,0.0005,0,0,0,False,False,,,none,1.0725,1.4942563488813403,1.4918806908659334,1.0299293679558876,0.018431003481166292,0.03600830672429569,True,2,1,4,1,True,2,,,2,2,2,743,,,,,,,,,6,0.8,1.7802774985709341e-06,2.403582716413812e-06,3.1241749785305436e-07,5.240880556707762e-07,3.0526825628654416e-06,False,0.007587839692150262,0.0,0.007587839692150262,0.929030847011115,0.9246192390017658,0.0,0.0,0.9492246017407591,0.9682847566754637,0.949949064281765,0.9693127965309168,-0.9838013337320165,0.9957613482574293,3.140290796624407,3.2011306718039982,1.0193739621964277,3.140290796624407,3.2011306718039982,1.0193739621964277,-0.0025171562734727687,0.03600830672429569,0.03852546299776846,-0.0025171562734727687,0.03600830672429569,0.03852546299776846,0.020021193258712856,0.02991900666866008,0.009897813409947224,-0.0237442067063048,0.0360931699054542,0.059837376611759,20.0,20.0,0.0,0.0,0.0,0.0,8.632001136227442,8.63200306050833,8.632001126205033,0.0730572121097469,0.00020616772774564068,1,none,1.1770924217396186,1.1884977256604081,1.1770924217396186,5.285306254999929,5.276625594840296,0.44973655955549696,0.4461534746337237,1104,1.1770924217396186,0.0,1.0,0.0,,0,False,0,False,-0.0016767045732024564,0.010002392382699609,,-0.0016767045732024564,0.010002392382699609,,0.7198684141927185,0,False,False,False,False,False,0.0019244984521549118,2972,1550,0
59,True,59,59,1,0.029500000000000023,0.0005,0.0005,0,0,0,False,False,,,none,1.07375,1.5099578028644591,1.508852575284594,1.0285860471541197,0.019091213417844907,0.035526560958560265,True,2,1,4,1,True,2,,,2,2,2,855,,,,,,,,,6,0.8,1.6735488830477065e-06,1.617724639256644e-06,3.1353149470000406e-07,4.957431515896872e-07,2.4003879150931336e-06,False,0.007615566053197079,0.0,0.007615566053197079,0.9300903489902507,0.9257553181122913,0.0,0.0,0.9587625138835999,0.9754550664143805,0.9598265872204303,0.9759589356875542,-0.984125843626452,1.0015686083856716,3.140290796624407,3.204060419366499,1.0203069164201735,3.140290796624407,3.204060419366499,1.0203069164201735,-0.002669473632081387,0.035526560958560265,0.03819603459064165,-0.002669473632081387,0.035526560958560265,0.03819603459064165,0.01999215695807164,0.029920629218132256,0.009928472260060616,-0.02601785070352829,0.03560874661866596,0.06162659732219425,20.0,20.0,0.0,0.0,0.0,0.0,8.621210334748385,8.62121230520355,8.6212103239611,0.07196217551545374,0.00020035031004718377,1,none,1.186698256882867,1.1971100280869569,1.186698256882867,5.185583488047637,5.18055718602205,0.4617069731289455,0.458135375895382,1112,1.186698256882867,0.0,1.0,0.0,,0,False,0,False,-0.001476010700306031,0.011629526620567064,,-0.001476010700306031,0.011629526620567064,,0.7203047367411927,0,False,False,False,False,False,0.0016394645036287524,2972,1550,0
60,True,60,60,1,0.030000000000000023,0.0005,0.0005,0,0,0,False,False,,,none,1.075,1.5256592568475802,1.5254562432846033,1.027411786142261,0.019628095110325705,0.03507483512154057,True,2,1,4,1,True,2,,,2,2,2,931,,,,,,,,,6,0.8,2.0995560885870338e-06,1.1447074823042348e-06,3.1490979642723474e-07,4.913110924910127e-07,2.4615129003636646e-06,False,0.007634186275492567,0.0,0.007634186275492567,0.9322002258045593,0.9279739375788996,0.0,0.0,0.9615043746271701,0.9791828037331547,0.9625223277154424,0.9794823029263084,-0.9844715485740455,1.0077645249346838,3.140290796624407,3.2064390994425613,1.0210643876959609,3.140290796624407,3.2064390994425613,1.0210643876959609,-0.002749157297413342,0.03507483512154057,0.03782399241895391,-0.002749157297413342,0.03507483512154057,0.03782399241895391,0.019961177375326582,0.029922357742870224,0.009961180367543641,-0.027246290098114287,0.03515381563149633,0.06240010572961062,20.0,20.0,0.0,0.0,0.0,0.0,8.623411089192885,8.623413107582723,8.623411077420931,0.07198317481879865,0.00019514129299100233,1,none,1.2045337308536046,1.214334631956563,1.2045337308536046,5.285306186698356,5.2874361162943275,0.45951344692676666,0.4556211004201393,1128,1.2045337308536046,0.0,1.0,0.0,,0,False,0,False,0.0026082978670894388,0.010593473938573317,,0.0026082978670894388,0.010593473938573317,,0.7213378608336057,0,False,False,False,False,False,0.004213666056246801,2972,1550,0
61,True,61,61,1,0.030500000000000024,0.0005,0.0005,0,0,0,False,False,,,none,1.0762500000000002,1.5413607108306997,1.541734762814144,1.0263683052999457,0.020062794219069584,0.03466163999393574,True,2,1,4,1,True,2,,,2,2,2,839,,,,,,,,,6,0.8,2.567442779516007e-06,1.1158701810012997e-06,3.167543054794257e-07,4.985214653552957e-07,2.8610811991966426e-06,False,0.007787826566845374,0.0,0.007787826566845374,0.9350021769843799,0.9314299601311752,0.0,0.0,0.9643103180578161,0.9768885751453815,0.9650245238878746,0.9771478308325163,-0.9848293606062766,1.0138971194467865,3.140290796624407,3.208352632060805,1.0216737365563595,3.140290796624407,3.208352632060805,1.0216737365563595,-0.002760218701151974,0.03466163999393574,0.03742185869508771,-0.002760218701151974,0.03466163999393574,0.03742185869508771,0.01993051440276607,0.029924146803031383,0.009993632400265313,-0.027553655668800053,0.03473692737776746,0.06229058304656751,20.0,20.0,0.0,0.0,0.0,0.0,8.63546890865402,8.635470975858384,8.635468895715634,0.07284920596666948,0.0001907195089994209,1,none,1.2146334898804978,1.2240234721864307,1.2146334898804978,5.235444803222211,5.238261699890091,0.4675910140177936,0.46375441299772524,1137,1.2146334898804978,0.0,1.0,0.0,,0,False,0,False,-0.00020554797447377605,0.010397280197638371,,-0.00020554797447377605,0.010397280197638371,,0.7215211442927927,0,False,False,False,False,False,0.0028206772952722977,2972,1550,0
62,True,62,62,1,0.031000000000000024,0.0005,0.0005,0,0,0,False,False,,,none,1.0775000000000001,1.5570621648138188,1.5577601877197087,1.0254241164270246,0.02042304607821785,0.03429036933175789,True,2,1,4,1,True,2,,,2,2,2,1096,,,,,,,,,6,0.8,2.9517286136782074e-06,1.2483522956531215e-06,3.191688888697473e-07,5.070504254999546e-07,3.260376385709344e-06,False,0.0078927094227001,0.0,0.0078927094227001,0.9390577779602989,0.9338919684705381,0.0,0.0,0.9678356906228323,0.974462555446525,0.9686099641423234,0.9749064026584361,-0.9851894287669289,1.0205075272856383,3.140290796624407,3.209898935373547,1.0221661442386047,3.140290796624407,3.209898935373547,1.0221661442386047,-0.002724240436892787,0.03429036933175789,0.03701460976865068,-0.002724240436892787,0.03429036933175789,0.03701460976865068,0.019897462363571813,0.029925947143834643,0.01002848478026283,-0.027243759789277455,0.03436151309056339,0.06160527287984085,20.0,20.0,0.0,0.0,0.0,0.0,8.654941343469615,8.654943459608724,8.654941329225476,0.07452190355840585,0.0001871719985880698,1,none,1.228737545874767,1.2380184600039215,1.228737545874767,5.285305933891336,5.294665085562807,0.4684756097335026,0.46414174495199667,1150,1.228737545874767,0.0,1.0,0.0,,0,False,0,False,0.0017744744691941064,0.010341249933300682,,0.0017744744691941064,0.010341249933300682,,0.7216598296387181,0,False,False,False,False,False,0.001980815051424611,2972,1550,0
63,True,63,63,1,0.03150000000000002,0.0005,0.0005,0,0,0,False,False,,,none,1.07875,1.5727636187969378,1.5736005441431105,1.0245550709230902,0.020733488985355868,0.0339633125907296,True,2,1,4,1,True,2,,,2,2,2,1243,,,,,,,,,6,0.8,3.2679039561836245e-06,1.3715990913947482e-06,3.2215963941402715e-07,5.130559408544225e-07,3.595482382945142e-06,False,0.007939802125299161,0.0,0.007939802125299161,0.9419074640664892,0.9358356198015562,0.0,0.0,0.9669335908398612,0.9721194742986218,0.966998236604122,0.9724626470166938,-0.9855422597090777,1.0268865149912687,3.140290796624407,3.211158364002723,1.0225671990168852,3.140290796624407,3.211158364002723,1.0225671990168852,-0.002659302750725923,0.0339633125907296,0.03662261534145552,-0.002659302750725923,0.0339633125907296,0.03662261534145552,0.019865567425043657,0.02992771129854539,0.010062143873501732,-0.026593604140779124,0.03402990341622317,0.06062350755700229,20.0,20.0,0.0,0.0,0.0,0.0,8.680005043834235,8.680007208394095,8.68000502818249,0.0769444947941704,0.0001845303500893358,1,none,1.2405443889071748,1.2498603758404263,1.2405443889071748,5.135721783462895,5.141910583333307,0.4867321200556449,0.48252273889328373,1161,1.2405443889071748,0.0,1.0,0.0,,0,False,0,False,0.0027364008946792013,0.009907673838558066,,0.0027364008946792013,0.009907673838558066,,0.7217604969277055,0,False,False,False,False,False,0.0010551259062210492,2972,1550,0
64,True,64,64,1,0.03200000000000002,0.0005,0.0005,0,0,0,False,False,,,none,1.08,1.5884650727800582,1.589307764079638,1.0237441341707827,0.0210074585079098,0.03367971233797733,True,2,1,4,1,True,2,,,2,2,2,748,,,,,,,,,6,0.8,3.5388301792785648e-06,1.4620316408543434e-06,3.2565203394322775e-07,5.162866260342248e-07,3.8773001797726686e-06,False,0.007920476706889567,0.0,0.007920476706889567,0.9443218047425395,0.9379409440647682,0.0,0.0,0.9635427550875642,0.9693587144954491,0.9636439008678177,0.9696651822494685,-0.9858794647397093,1.0331575974208016,3.140290796624407,3.212189209701098,1.02289546342459,3.140290796624407,3.212189209701098,1.02289546342459,-0.002577466474796101,0.03367971233797733,0.036257178812773426,-0.002577466474796101,0.03367971233797733,0.036257178812773426,0.019834212012895994,0.029929397323698547,0.010095185310802553,-0.02577482352222031,0.03374135858555825,0.05951618210777856,20.0,20.0,0.0,0.0,0.0,0.0,8.709324578487836,8.709326790478194,8.709324561358969,0.08002403396958331,0.00018276245161942143,1,none,1.2555348557244888,1.2649319018289034,1.2555348557244888,5.03599916950083,5.040794918624955,0.5023558818236596,0.49814954823314966,1175,1.2555348557244888,0.0,1.0,0.0,,0,False,0,False,0.004408709321743063,0.011069175799228689,,0.004408709321743063,0.011069175799228689,,0.7220259031621236,0,False,False,False,False,False,0.0020360997715904074,2972,1550,0
65,True,65,65,1,0.03250000000000002,0.0005,0.0005,0,0,0,False,False,,,none,1.08125,1.6041665267631757,1.6049200192016593,1.02297952501049,0.02125261137044234,0.033727633098086574,True,2,1,4,1,True,2,,,2,2,2,961,,,,,,,,,6,0.8,3.7773661523806478e-06,1.5240438034805782e-06,3.2955655634346995e-07,5.171147992056739e-07,4.1191285247567865e-06,False,0.007843430456125514,0.0,0.007843430456125514,0.9462570460007343,0.9405028964289645,0.0,0.0,0.9600917113050215,0.9661129999441809,0.9601907983133587,0.9664185107314525,-0.9861941802526276,1.0391476688565042,3.140290796624407,3.2130338670863905,1.0231644376820699,3.140290796624407,3.2130338670863905,1.0231644376820699,-0.002488714808009385,0.033727633098086574,0.03621634790609596,-0.002488714808009385,0.033727633098086574,0.03621634790609596,0.01980426165571748,0.029930970901263138,0.010126709245545658,-0.024887071522883514,0.03373960331785171,0.05862667484073522,20.0,20.0,0.0,0.0,0.0,0.0,8.741919954627585,8.741922212734814,8.741919935977355,0.0836437748252665,0.00018181347216869088,1,none,1.2726030542016942,1.2821565042612264,1.2726030542016942,5.235444868693526,5.250513693286434,0.48979849331549963,0.4847537321267849,1191,1.2726030542016942,0.0,1.0,0.0,,0,False,0,False,0.004281096667218689,0.008785384989517244,,0.004281096667218689,0.008785384989517244,,0.7220130351113477,0,False,False,False,False,False,0.002287353372812608,2972,1550,0
66,True,66,66,1,0.03300000000000002,0.0005,0.0005,0,0,0,False,False,,,none,1.0825,1.6198679807462968,1.6204642647787701,1.0222531573449252,0.021474596055683057,0.0342548101417417,True,2,1,4,1,True,2,,,2,2,2,1392,,,,,,,,,6,0.8,3.991111129960442e-06,1.5658540923603418e-06,3.3379298442788817e-07,5.160217231016195e-07,4.331115706769075e-06,False,0.008005775387859472,0.0,0.008005775387859472,0.9489885060727253,0.9427990860312305,0.0,0.0,0.9562655236278299,0.9619244791374445,0.9563769253206824,0.9622401133626192,-0.9864811907927852,1.0449944548112877,3.140290796624407,3.213722932000775,1.0233838647858033,3.140290796624407,3.213722932000775,1.0233838647858033,-0.002398277725447086,0.0342548101417417,0.03665308786718879,-0.002398277725447086,0.0342548101417417,0.03665308786718879,0.019775027725943563,0.029932405953963924,0.010157378228020361,-0.02398255798900057,0.03426472585273111,0.05824728384173168,20.0,20.0,0.0,0.0,0.0,0.0,8.777065199338237,8.777067502054654,8.777065179142237,0.08768128050148014,0.0001816218786251946,1,none,1.2819635823076965,1.2918453414413842,1.2819635823076965,5.285306459683435,5.305185785844889,0.48884406279773596,0.4832869701672604,1200,1.2819635823076965,0.0,1.0,0.0,,0,False,0,False,0.003918972437475638,0.008546958360207914,,0.003918972437475638,0.008546958360207914,,0.7219780485364031,0,False,False,False,False,False,0.00043356800542799145,2972,1550,0
67,True,67,67,1,0.03350000000000002,0.0005,0.0005,0,0,0,False,False,,,none,1.08375,1.6355694347294163,1.6359589530617749,1.021559464493153,0.02167761350476686,0.03478792715287092,True,2,1,4,1,True,2,,,2,2,2,838,,,,,,,,,6,0.8,4.184972620916626e-06,1.5942579298976126e-06,3.382975693809692e-07,5.134901253097503e-07,4.520372942479734e-06,False,0.008115426349586442,0.0,0.008115426349586442,0.950534567529299,0.9454052910016154,0.0,0.0,0.9519839194116059,0.956860041903744,0.952085638211068,0.957276301972873,-0.9867368362713379,1.0506958636348525,3.140290796624407,3.2142785024665135,1.0235607816708052,3.140290796624407,3.2142785024665135,1.0235607816708052,-0.002308883627277549,0.03478792715287092,0.03709681078014847,-0.002308883627277549,0.03478792715287092,0.03709681078014847,0.019746520681825742,0.02993368418135669,0.010187163499530947,-0.023088524211663203,0.03479555962143292,0.05788408383309612,20.0,20.0,0.0,0.0,0.0,0.0,8.814215891636952,8.814218237362002,8.814215869884986,0.09202133406305106,0.00018212657842627862,1,none,1.3022479707503003,1.3122995597044211,1.3022479707503003,5.434890610111626,5.4635037446455526,0.48291664132591183,0.47670799970680144,1219,1.3022479707503003,0.0,1.0,0.0,,0,False,0,False,0.0018792616079583463,0.011098379120383145,,0.0018792616079583463,0.011098379120383145,,0.7219241628051518,0,False,False,False,False,False,0.003266522334762655,2972,1550,0
68,True,68,68,1,0.03400000000000002,0.0005,0.0005,0,0,0,False,False,,,none,1.085,1.651270888712536,1.65141629237432,1.0208945608213846,0.02186485355438569,0.03532671694279582,True,2,1,4,1,True,2,,,2,2,2,955,,,,,,,,,6,0.8,4.3622771560266835e-06,1.6141651917166947e-06,3.430220353590633e-07,5.09946467509022e-07,4.691769470957503e-06,False,0.008164988356705172,0.0,0.008164988356705172,0.9458572170799311,0.9458572170799311,0.0,0.0,0.9472217428100285,0.9520135023603183,0.9473169305054351,0.9525148339256405,-0.986958790812144,1.056087495266032,3.140290796624407,3.2147165263011113,1.02370026678953,3.140290796624407,3.2147165263011113,1.02370026678953,-0.002221908244609292,0.03532671694279582,0.037548625187405114,-0.002221908244609292,0.03532671694279582,0.037548625187405114,0.01971956252366984,0.02993479395406072,0.010215231430390881,-0.022218705959568538,0.035330209453594635,0.057548915413163176,20.0,20.0,0.0,0.0,0.0,0.0,8.852958277008812,8.852960664123554,8.852958253701107,0.09656351520828244,0.00018327068286812898,1,none,1.3170959665175326,1.3273710853903395,1.3170959665175326,5.235444896001503,5.255798862755535,0.5070709793561576,0.5011972493281447,1233,1.3170959665175326,0.0,1.0,0.0,,0,False,0,False,0.0022921357911706358,0.01061265862012236,,0.0022921357911706358,0.01061265862012236,,0.7218870562604204,0,False,False,False,False,False,0.0006374868591091128,2972,1550,0
69,True,69,69,1,0.034500000000000024,0.0005,0.0005,0,0,0,False,False,,,none,1.0862500000000002,1.6669723426956562,1.6668439509101223,1.0202556853575464,0.02203869663589455,0.035879560404752084,True,2,1,4,1,True,2,,,2,2,2,1144,,,,,,,,,6,0.8,4.5250819099874376e-06,1.628868991809072e-06,3.479295650741137e-07,5.057385326321373e-07,4.848340636776074e-06,False,0.008148005058298885,0.0,0.008148005058298885,0.9408433572649408,0.9408433572649408,0.0,0.0,0.9421304193439829,0.9474286502897112,0.9422212230633027,0.9480745669737536,-0.9871457860235552,1.0611904027237393,3.140290796624407,3.215048433307632,1.0238059598695712,3.140290796624407,3.215048433307632,1.0238059598695712,-0.0021379876068343376,0.035879560404752084,0.038017548011586424,-0.0021379876068343376,0.035879560404752084,0.038017548011586424,0.019694047986381306,0.029935728930117773,0.010241680943736467,-0.021379452528402173,0.03587652870854527,0.057255981236947445,20.0,20.0,0.0,0.0,0.0,0.0,8.892973726750508,8.892976153667563,8.892973701894583,0.10122524196325443,0.000185003536711455,1,none,1.330740651490406,1.3413660768334816,1.330740651490406,5.2853062794776475,5.309547918467414,0.5075831014909699,0.5012632607992435,1246,1.330740651490406,0.0,1.0,0.0,,0,False,0,False,0.0002492200154921025,0.011026656905613651,,0.0002492200154921025,0.011026656905613651,,0.7218580481384289,0,False,False,False,False,False,0.0020844422388029736,2972,1550,0
70,True,70,70,1,0.035000000000000024,0.0005,0.0005,0,0,0,False,False,,,none,1.0875000000000001,1.6826737966787748,1.6822463149316702,1.0196408183525394,0.022200948231870053,0.036433506954528315,True,2,1,4,1,True,2,,,2,2,2,825,,,,,,,,,6,0.8,4.6750696519912035e-06,1.6406382609261809e-06,3.5299383353942533e-07,5.011405627812554e-07,4.992365838394219e-06,False,0.008220688893957018,0.0,0.008220688893957018,0.9354734821113212,0.9354734821113212,0.0,0.0,0.9369464572049113,0.9431355151385471,0.9370645732188211,0.9438261296564799,-0.9872973308013973,1.06584434334967,3.140290796624407,3.215282299885935,1.0238804327746138,3.140290796624407,3.215282299885935,1.0238804327746138,-0.0020573459109387063,0.036433506954528315,0.03849085286546702,-0.0020573459109387063,0.036433506954528315,0.03849085286546702,0.019670778283251648,0.029936486654006986,0.010265708370755338,-0.020572999893868217,0.036427758984007234,0.05700075887787545,20.0,20.0,0.0,0.0,0.0,0.0,8.934013808513981,8.934016273710846,8.934013782121681,0.10594160617323171,0.00018728148533526915,1,none,1.3432946414149316,1.3542845270033594,1.3432946414149316,5.385029288442388,5.41614095529458,0.5029813040794378,0.4960338560250306,1258,1.3432946414149316,0.0,1.0,0.0,,0,False,0,False,0.0009422446356961464,0.009955391743621173,,0.0009422446356961464,0.009955391743621173,,0.7298286595126061,0,False,False,False,False,False,0.0012758887770913773,2972,1550,0
71,True,71,71,1,0.035500000000000025,0.0005,0.0005,0,0,0,False,False,,,none,1.08875,1.698375250661897,1.6976251718313546,1.0190484109757347,0.022353026314378837,0.03698767035438344,True,2,1,4,1,True,1,,,2,1,2,352,,,,,,,,,7,0.8,1.5802888827704746e-06,4.5512869298680746e-07,7.131061930643559e-08,1.0747462645551769e-07,1.6495729992775268e-06,False,0.008355510505210866,0.0,0.008355510505210866,0.930143847955172,0.930143847955172,0.0,0.0,0.9319056861602875,0.939016879605631,0.9320958854930026,0.9399029076444169,-0.9874134529376506,1.0700879873674412,3.140290796624407,3.215423836817522,1.0239255040564643,3.140290796624407,3.215423836817522,1.0239255040564643,-0.0019799438004488835,0.03698767035438344,0.038967614154832325,-0.0019799438004488835,0.03698767035438344,0.038967614154832325,0.019649560063162794,0.02993706726468825,0.010287507201525457,-0.019798955947679,0.03697860545458332,0.056777561402262325,20.0,20.0,0.0,0.0,0.0,0.0,8.975882825424282,8.975885322258447,8.975882794903788,0.11067685653465796,0.00019006764295827411,1,none,1.3635100297291411,1.3747387448664856,1.3635100297291411,5.235445154521986,5.259698892513731,0.5251659426435168,0.5184745581804545,1277,1.3635100297291411,0.0,1.0,0.0,,0,False,0,False,0.00018786142730069474,0.009203250107489245,,0.00018786142730069474,0.009203250107489245,,0.7297498630963942,0,False,False,False,False,False,0.0010652751127817777,2972,1550,0
72,True,72,72,1,0.036000000000000025,0.0005,0.0005,0,0,0,False,False,,,none,1.09,1.7140767046450143,1.7129812278752516,1.0184772604117096,0.022495756402567207,0.03754096151015786,True,2,1,4,1,True,1,,,2,1,2,370,,,,,,,,,7,0.8,1.6323783719037459e-06,4.623508010825058e-07,7.248338729073101e-08,1.0797692726113882e-07,1.7015699428982206e-06,False,0.008422322522107962,0.0,0.008422322522107962,0.9250147355743263,0.9250147355743263,0.0,0.0,0.9270789829742042,0.9351723232307373,0.9272744840639695,0.9361840548851825,-0.9874945050052877,1.0739389560144774,3.140290796624407,3.2154763846943633,1.0239422374993983,3.140290796624407,3.2154763846943633,1.0239422374993983,-0.0019057133849149997,0.03754096151015786,0.03944667489507286,-0.0019057133849149997,0.03754096151015786,0.03944667489507286,0.019630305219927615,0.02993747252502644,0.010307167305098824,-0.0190566285798775,0.037528391030257305,0.056585019610134804,20.0,20.0,0.0,0.0,0.0,0.0,9.018424652256346,9.0184271846371,9.018424620259557,0.11537275384947641,0.000193332249218947,1,none,1.372665689503126,1.3844275850963532,1.372665689503126,5.185583771045838,5.2091826457364805,0.5339524521140421,0.5270176850591334,1286,1.372665689503126,0.0,1.0,0.0,,0,False,0,False,0.00022174182146026197,0.009490258185066535,,0.00022174182146026197,0.009490258185066535,,0.7296557450787843,0,False,False,False,False,False,0.0002890008956785765,2972,1550,0
73,True,73,73,1,0.036500000000000025,0.0005,0.0005,0,0,0,False,False,,,none,1.09125,1.7297781586281338,1.7283133300697888,1.0179263545610533,0.022629905018439332,0.038092877872650505,True,2,1,4,1,True,1,,,2,1,2,379,,,,,,,,,7,0.8,1.6836173144209245e-06,4.6986427676825105e-07,7.368872174164715e-08,1.0859086639209289e-07,1.7528724152021393e-06,False,0.008415015847602314,0.0,0.008415015847602314,0.92014528329493,0.92014528329493,0.0,0.0,0.9224427779036789,0.9313800559746306,0.922716353108418,0.9326653822517358,-0.9875409874562288,1.0774548155588464,3.140290796624407,3.2154422116232007,1.0239313553635148,3.140290796624407,3.2154422116232007,1.0239313553635148,-0.0018344313056951583,0.038092877872650505,0.039927309178345666,-0.0018344313056951583,0.038092877872650505,0.039927309178345666,0.01961272592220577,0.029937704937281144,0.010324979015075373,-0.018343788449212556,0.038076312899364674,0.05642010134857723,20.0,20.0,0.0,0.0,0.0,0.0,9.061513996161375,9.06151656284149,9.061513962707023,0.12001512741101224,0.00019705130698229533,1,none,1.3906760982984938,1.4027287252987242,1.3906760982984938,5.235444985634504,5.261871498982023,0.5358584529672875,0.5285861118301874,1303,1.3906760982984938,0.0,1.0,0.0,,0,False,0,False,0.0008983288527840488,0.010781834463887812,,0.0008983288527840488,0.010781834463887812,,0.7348460797792382,0,False,False,False,False,False,0.0014580601136336437,2972,1550,0
74,True,74,74,1,0.037000000000000026,0.0005,0.0005,0,0,0,False,False,,,none,1.0925,1.7454796126112546,1.7436196199646385,1.0173948245814435,0.02275907269664651,0.03864282294661577,True,2,1,4,1,True,1,,,2,1,2,383,,,,,,,,,7,0.8,1.7320529694636174e-06,4.773457754447771e-07,7.49237148933232e-08,1.092160894270195e-07,1.8015016501812749e-06,False,0.008328709486022023,0.0,0.008328709486022023,0.9155008711867593,0.9155008711867593,0.0,0.0,0.9179614202855517,0.9278619200613218,0.9183069486085708,0.929356486798344,-0.9875534169997786,1.080683054289693,3.140290796624407,3.215322354272045,1.0238931877672894,3.140290796624407,3.215322354272045,1.0238931877672894,-0.0017658661296887522,0.03864282294661577,0.04040868907630452,-0.0017658661296887522,0.03864282294661577,0.04040868907630452,0.01959658472855154,0.02993776708499889,0.010341182356447352,-0.017658120105660514,0.03862170451374151,0.05627982461940202,20.0,20.0,0.0,0.0,0.0,0.0,9.105049505117563,9.105052104942267,9.105049470224332,0.12459016930788586,0.0002012065512769327,1,none,1.3964763493300636,1.409187946153509,1.3964763493300636,5.335167723892189,5.369068091238373,0.528263784414057,0.520193197627325,1309,1.3964763493300636,0.0,1.0,0.0,,0,False,0,False,0.0014124733801918448,0.010634574197660427,,0.0014124733801918448,0.010634574197660427,,0.7347657856659505,0,False,False,False,False,False,0.0005348178952435552,2972,1550,0
75,True,75,75,1,0.037500000000000026,0.0005,0.0005,0,0,0,False,False,,,none,1.09375,1.7611810665943746,1.7588975780339817,1.0168818861132525,0.022881168598056965,0.03919028998854471,True,2,1,4,1,True,2,,,2,2,2,1108,,,,,,,,,7,0.8,1.7780246267161764e-06,4.862132762386351e-07,7.619616630943701e-08,1.0981449431994954e-07,1.8481450165295222e-06,False,0.008403334351694889,0.0,0.008403334351694889,0.9110779868524905,0.9110779868524905,0.0,0.0,0.9137649999821519,0.9245624606244602,0.9140313187569432,0.9260777524129803,-0.9875322456442326,1.083663220832115,3.140290796624407,3.2151169506877295,1.0238277786706107,3.140290796624407,3.2151169506877295,1.0238277786706107,-0.0016997759561226612,0.03919028998854471,0.04089006594466737,-0.0016997759561226612,0.03919028998854471,0.04089006594466737,0.019581683895839423,0.02993766122822116,0.010355977332381739,-0.01699720376004331,0.03916398360173201,0.05616118736177532,20.0,20.0,0.0,0.0,0.0,0.0,9.148948716880131,9.14895134878957,9.148948680565846,0.1290908940841337,0.00020578463263353186,1,none,1.4066645113421214,1.4199533127503399,1.4066645113421214,5.434889698204666,5.474463698126661,0.5225325228658827,0.5139003887535053,1319,1.4066645113421214,0.0,1.0,0.0,,0,False,0,False,0.0011976359710258572,0.012296329878670631,,0.0011976359710258572,0.012296329878670631,,0.7346697289987557,0,False,False,False,False,False,0.0016755855859211849,2972,1550,0
76,True,76,76,1,0.03800000000000003,0.0005,0.0005,0,0,0,False,False,,,none,1.095,1.7768825205774916,1.7741442031970776,1.0163868042473663,0.022995302123643903,0.039734779433239796,True,2,1,4,1,True,1,,,2,1,2,390,,,,,,,,,7,0.8,1.8217755412612374e-06,4.923400988503072e-07,7.74697275349084e-08,1.1053376435879059e-07,1.8919524749372701e-06,False,0.008477931414674315,0.0,0.008477931414674315,0.9068061220548552,0.9068061220548552,0.0,0.0,0.9097001172076786,0.9212538658774305,0.9101038678786195,0.9228452816382863,-0.9874778047437016,1.086440854812836,3.140290796624407,3.214825444171599,1.023734950797331,3.140290796624407,3.214825444171599,1.023734950797331,-0.0016359180234423911,0.039734779433239796,0.04137069745668219,-0.0016359180234423911,0.039734779433239796,0.04137069745668219,0.019567795725935824,0.029937389023718508,0.010369593297782684,-0.016358610935934423,0.03970256958819753,0.056061180524131955,20.0,20.0,0.0,0.0,0.0,0.0,9.193144185052669,9.193146848080143,9.193144147333909,0.13351541732449607,0.00021077646985398553,1,none,1.423439539293935,1.437177914725991,1.423439539293935,5.434889740209456,5.475248467266234,0.5288710474080762,0.5199543172529855,1335,1.423439539293935,0.0,1.0,0.0,,0,False,0,False,0.0025161620461355266,0.009944939825460315,,0.0025161620461355266,0.009944939825460315,,0.7345574777274981,0,False,False,False,False,False,0.0026958386808339486,2972,1550,0
77,True,77,77,1,0.03850000000000003,0.0005,0.0005,0,0,0,False,False,,,none,1.0962500000000002,1.7925839745606122,1.7893561299758272,1.015908894345145,0.023101502468398205,0.04027582674091096,True,2,1,4,1,True,1,,,2,1,2,358,,,,,,,,,7,0.8,1.8637789711113127e-06,4.997287068250739e-07,7.877671964571372e-08,1.1125256323274176e-07,1.934420775830791e-06,False,0.008515894684989448,0.0,0.008515894684989448,0.9027019369631151,0.9027019369631151,0.0,0.0,0.9058268408874223,0.9180661707948142,0.9062875453083874,0.9199297601295582,-0.9873902680787555,1.0890475375568425,3.140290796624407,3.214446707346547,1.0236143451434028,3.140290796624407,3.214446707346547,1.0236143451434028,-0.001574057428218279,0.04027582674091096,0.041849884169129235,-0.001574057428218279,0.04027582674091096,0.041849884169129235,0.019554762312215788,0.029936951340393776,0.010382189028177988,-0.015739992038497554,0.04023691194623086,0.05597690398472841,20.0,20.0,0.0,0.0,0.0,0.0,9.237580562522831,9.237583255786449,9.237580523414797,0.13786688661954774,0.0002161767460458661,1,none,1.4469194911149148,1.4608617416059793,1.4469194911149148,5.5346121784788656,5.577011435001573,0.5279003097223275,0.5188870447831552,1357,1.4469194911149148,0.0,1.0,0.0,,0,False,0,False,0.0032487951975383646,0.009518432591211774,,0.0032487951975383646,0.009518432591211774,,0.7450531114462599,0,False,False,False,False,False,0.0008477380228589449,2972,1550,0
78,True,78,78,1,0.03900000000000003,0.0005,0.0005,0,0,0,False,False,,,none,1.0975000000000001,1.8082854285437322,1.8045297206497461,1.0154475086314747,0.023199676513005616,0.04081298409170947,True,2,1,4,1,True,2,,,2,2,2,935,,,,,,,,,7,0.8,1.9044405596319397e-06,5.090434004203559e-07,8.013144401932919e-08,1.1196729590237225e-07,1.976101402346308e-06,False,0.008484310212715581,0.0,0.008484310212715581,0.8987586463382606,0.8987586463382606,0.0,0.0,0.9020813354248658,0.9151069145136114,0.9025038197277389,0.9171286705695736,-0.987269631840468,1.0914888921004484,3.140290796624407,3.2139791536280216,1.0234654564739114,3.140290796624407,3.2139791536280216,1.0234654564739114,-0.0015139688380926403,0.04081298409170947,0.04232695292980211,-0.0015139688380926403,0.04081298409170947,0.04232695292980211,0.019542555539497762,0.029936348159202337,0.010393792619704575,-0.015139093412154353,0.04076647173864863,0.05590556515080298,20.0,20.0,0.0,0.0,0.0,0.0,9.282212281124727,9.282215003827725,9.282212240640556,0.14215185928927357,0.0002219833483416012,1,none,1.460384729646012,1.4748567328055464,1.460384729646012,5.684196311721885,5.734994247224194,0.5189323703560743,0.5092889954869111,1370,1.460384729646012,0.0,1.0,0.0,,0,False,0,False,0.004006334951281639,0.009716033766177766,,0.004006334951281639,0.009716033766177766,,0.7448611452396,0,False,False,False,False,False,0.0007828874139040434,2972,1550,0
79,True,79,79,1,0.03950000000000003,0.0005,0.0005,0,0,0,False,False,,,none,1.0987500000000001,1.823986882526851,1.8196611139635404,1.0150020258191879,0.023289678710154776,0.04134578685549895,True,2,1,4,1,True,2,,,2,2,2,1288,,,,,,,,,7,0.8,1.9443275716975955e-06,5.171036814650116e-07,8.15217984395712e-08,1.1277604084158064e-07,2.0167226290337648e-06,False,0.008500590239428441,0.0,0.008500590239428441,0.8949564822593858,0.8949564822593858,0.0,0.0,0.898475736847867,0.912167088171108,0.899018384047495,0.9143863760982798,-0.9871698961606802,1.0937858671719256,3.140290796624407,3.2134207986064487,1.0232876528698078,3.140290796624407,3.2134207986064487,1.0232876528698078,-0.0014554419854275868,0.04134578685549895,0.04280122884092654,-0.0014554419854275868,0.04134578685549895,0.04280122884092654,0.019531070664140376,0.029935849480803398,0.010404778816663022,-0.014553812333327922,0.04129068723175643,0.05584449956508435,20.0,20.0,0.0,0.0,0.0,0.0,9.32700180574914,9.327004557170778,9.327001763899306,0.14638034636295358,0.00022819681250424163,1,none,1.4759659770660662,1.491004772568281,1.4759659770660662,5.833778763002767,5.893577764602524,0.5111626042537237,0.5008726569897424,1385,1.4759659770660662,0.0,1.0,0.0,,0,False,0,False,0.003480560290696338,0.008632944280144255,,0.003480560290696338,0.008632944280144255,,0.7446507107014599,0,False,False,False,False,False,0.0012039608915865678,2972,1550,0
80,True,80,80,1,0.04000000000000003,0.0005,0.0005,0,0,0,False,False,,,none,1.1,1.8396883365099717,1.8347462965990942,1.0145718239667605,0.023371416744584192,0.04187375574908523,True,2,1,4,1,True,2,,,2,2,2,899,,,,,,,,,7,0.8,1.9833543308774428e-06,5.256052063387968e-07,8.295728136410714e-08,1.136264827185649e-07,2.05663514577746e-06,False,0.008731639687490682,0.0,0.008731639687490682,0.8912766305475035,0.8912766305475035,0.0,0.0,0.8949850558828801,0.9093260855148003,0.8955731614036795,0.9116207719009572,-0.987188904612706,1.095956512092419,3.140290796624407,3.2127693683394654,1.0230802102126872,3.140290796624407,3.2127693683394654,1.0230802102126872,-0.0013982750473295717,0.04187375574908523,0.0432720307964148,-0.0013982750473295717,0.04187375574908523,0.0432720307964148,0.01952021743953791,0.02993594452306353,0.01041572708352562,-0.013982130518780125,0.04180897528525422,0.05579110580403435,20.0,20.0,0.0,0.0,0.0,0.0,9.371918193708394,9.371920973195229,9.3719181504997,0.15056296422003748,0.00023481980986438496,1,none,1.486001118553609,1.501770141522242,1.486001118553609,5.634333775849197,5.684865773011563,0.5330781601755206,0.5227919806333083,1395,1.486001118553609,0.0,1.0,0.0,,0,False,0,False,0.003625826609792665,0.009881581070071428,,0.003625826609792665,0.009881581070071428,,0.7512710928730255,0,False,False,False,False,False,0.0012570585255362741,2972,1550,0
81,True,81,81,1,0.04050000000000003,0.0005,0.0005,0,0,0,False,False,,,none,1.10125,1.8553897904930916,1.8497811092323009,1.0141563242147407,0.023684863744858172,0.04239638690521688,True,2,1,4,1,True,2,,,2,2,2,1721,,,,,,,,,7,0.8,2.0213784340190105e-06,5.346760006655202e-07,8.442550323365025e-08,1.145040592607412e-07,2.0957309093460124e-06,False,0.008916170768489726,0.0,0.008916170768489726,0.887700353792241,0.887700353792241,0.0,0.0,0.891583784898004,0.9065248019805962,0.8922203279661998,0.9089549824655659,-0.9872113929718016,1.0980164641201198,3.140290796624407,3.2120223105933627,1.0228423157645343,3.140290796624407,3.2120223105933627,1.0228423157645343,-0.0013422787758445693,0.04239638690521688,0.04373866568106145,-0.0013422787758445693,0.04239638690521688,0.04373866568106145,0.0195099176793994,0.029936056964859004,0.010426139285459605,-0.01342215501439511,0.042320721943966196,0.055742876958361304,20.0,20.0,0.0,0.0,0.0,0.0,9.416936051210046,9.4169388581625,9.416936006645924,0.15471102388277216,0.00024185676276762628,1,none,1.4982228308112056,1.514688581069819,1.4982228308112056,5.634334743702433,5.683251122638073,0.5376636816840907,0.5272414674211174,1407,1.4982228308112056,0.0,1.0,0.0,,0,False,0,False,0.002180633521370861,0.009216836994769363,,0.002180633521370861,0.009216836994769363,,0.751061799075501,0,False,False,False,False,False,0.0015907444007355017,2972,1550,0
82,True,82,82,1,0.04100000000000003,0.0005,0.0005,0,0,0,False,False,,,none,1.1025,1.8710912444762107,1.8647612711486397,1.0137549529216612,0.024159971221541857,0.04291320020064459,True,2,1,4,1,True,2,,,2,2,2,1083,,,,,,,,,7,0.8,2.0579294388754637e-06,5.442350232957063e-07,8.591562202594212e-08,1.1538965538268634e-07,2.1335326579758275e-06,False,0.009048516512864075,0.0,0.009048516512864075,0.8842094019609246,0.8842094019609246,0.0,0.0,0.8882323220895143,0.9037806433972545,0.8889061519092784,0.9064044048120452,-0.9872788765345878,1.0999793594364933,3.140290796624407,3.211176819177051,1.0225730759166767,3.140290796624407,3.211176819177051,1.0225730759166767,-0.0012872787585966,0.04291320020064459,0.04420047895924119,-0.0012872787585966,0.04291320020064459,0.04420047895924119,0.01950010320281753,0.02993639438267294,0.010436291179855409,-0.01287214176882279,0.04282532977695094,0.05569747154577373,20.0,20.0,0.0,0.0,0.0,0.0,9.462034554933664,9.46203738880299,9.462034509012907,0.15883329195890258,0.0002493136190416358,1,none,1.511441390535714,1.5286835719523535,1.511441390535714,5.684196155083645,5.735469810566984,0.5378715055725795,0.5270505958382159,1420,1.511441390535714,0.0,1.0,0.0,,0,False,0,False,0.0027747085189966073,0.00787767912498441,,0.0027747085189966073,0.00787767912498441,,0.7508325165217716,0,False,False,False,False,False,0.001465014983886173,2972,1550,0
83,True,83,83,1,0.04150000000000003,0.0005,0.0005,0,0,0,False,False,,,none,1.10375,1.8867926984593284,1.879682395874941,1.0133671620251983,0.024642156208612084,0.043423709006167495,True,2,1,4,1,True,2,,,2,2,2,1312,,,,,,,,,7,0.8,2.0924214961556496e-06,5.54180333207176e-07,8.742575787403609e-08,1.1625856291169938e-07,2.1694475969421355e-06,False,0.009123439812391054,0.0,0.009123439812391054,0.8807926971499906,0.8807926971499906,0.0,0.0,0.8849863779757344,0.9009687618152615,0.8856487009106436,0.9038849624268608,-0.9873234536245076,1.1018571180055865,3.140290796624407,3.21022987441453,1.022271529077913,3.140290796624407,3.21022987441453,1.022271529077913,-0.0012331117188385508,0.043423709006167495,0.04465682072500605,-0.0012331117188385508,0.043423709006167495,0.04465682072500605,0.01949071440997207,0.029936617268122537,0.010445902858150467,-0.012330457809702083,0.04332218610517252,0.05565264391487461,20.0,20.0,0.0,0.0,0.0,0.0,9.507196838928738,9.507199699213137,9.507196791644718,0.16293562836870246,0.000257197580371439,1,none,1.5269073663040569,1.5448316192758644,1.5269073663040569,5.734057353122938,5.787038733616412,0.5388267065150659,0.5276990310897292,1435,1.5269073663040569,0.0,1.0,0.0,,0,False,0,False,0.002383999849342027,0.006998057414819159,,0.002383999849342027,0.006998057414819159,,0.7616994122938436,0,False,False,False,False,False,0.0009624903207499245,2972,1550,0
84,True,84,84,1,0.04200000000000003,0.0005,0.0005,0,0,0,False,False,,,none,1.105,1.9024941524424497,1.8945399857822767,1.0129924196150801,0.0251328924435748,0.04392741541317491,True,2,1,4,1,True,2,,,2,2,2,1305,,,,,,,,,7,0.8,2.1247763125162696e-06,5.643731644695381e-07,8.896274672757508e-08,1.1710147871419809e-07,2.203365283748013e-06,False,0.009136270225071722,0.0,0.009136270225071722,0.8774362615311109,0.8774362615311109,0.0,0.0,0.8817457386996618,0.8982768856572793,0.8824193273593448,0.9013472565897692,-0.9873450009504958,1.103660209518497,3.140290796624407,3.209178265313268,1.0219366527338518,3.140290796624407,3.209178265313268,1.0219366527338518,-0.0011796226372050183,0.04392741541317491,0.045107038050379925,-0.0011796226372050183,0.04392741541317491,0.045107038050379925,0.019481698952407516,0.029936725004752477,0.010455026052344961,-0.011795552517160048,0.04381065634998056,0.055606208867140614,20.0,20.0,0.0,0.0,0.0,0.0,9.552409399185846,9.55241228542079,9.552409350527004,0.1670216743690701,0.00026551692638195697,1,none,1.5378020226609423,1.5566735351465943,1.5378020226609423,5.4847505251557145,5.52203284652268,0.567636951947746,0.5569695311136452,1446,1.5378020226609423,0.0,1.0,0.0,,0,False,0,False,0.001791925207033978,0.008521142725046333,,0.001791925207033978,0.008521142725046333,,0.7614453304524451,0,False,False,False,False,False,0.0016341178795588798,2972,1550,0
85,True,85,85,1,0.04250000000000003,0.0005,0.0005,0,0,0,False,False,,,none,1.1062500000000002,1.91819560642557,1.9093294174527355,1.0126302200286168,0.025633387418970557,0.04442381012045414,True,2,1,4,1,True,2,,,2,2,2,1438,,,,,,,,,7,0.8,2.155053037673029e-06,5.74583603822909e-07,9.052909994084525e-08,1.1791539038036501e-07,2.235285098190055e-06,False,0.009083042317059095,0.0,0.009083042317059095,0.8741272812514436,0.8741272812514436,0.0,0.0,0.878612099038959,0.8955869219939234,0.8792411496316578,0.8987296300165143,-0.9873432756986608,1.1053978994441214,3.140290796624407,3.2080185627021423,1.0215673548929092,3.140290796624407,3.2080185627021423,1.0215673548929092,-0.0011266681583991394,0.04442381012045414,0.04555047827885328,-0.0011266681583991394,0.04442381012045414,0.04555047827885328,0.019473010502779393,0.029936716378493305,0.010463705875713911,-0.011265991943630729,0.044290082349091264,0.055556074292721996,20.0,20.0,0.0,0.0,0.0,0.0,9.597661568324755,9.597664480074982,9.597661518275672,0.17109368406638165,0.00027428110673252226,1,none,1.557606623482936,1.5771275344532167,1.557606623482936,5.534598351010417,5.57187886627871,0.5699158039771,0.5590956518849142,1465,1.557606623482936,0.0,1.0,0.0,,0,False,0,False,-0.0008923583821955992,0.0071272390588662205,,-0.0008923583821955992,0.0071272390588662205,,0.7616656533301834,0,False,False,False,False,False,0.003024623252241109,2972,1550,0
86,True,86,86,1,0.04300000000000003,0.0005,0.0005,0,0,0,False,False,,,none,1.1075000000000002,1.9338970604086896,1.9240459030302208,1.012280083836926,0.02614464143587789,0.04491231942804091,True,2,1,4,1,True,2,,,2,2,2,1269,,,,,,,,,7,0.8,2.1839073934123335e-06,5.847264506323388e-07,9.212224691089186e-08,1.1871448443900285e-07,2.265819093012872e-06,False,0.008960618791492023,0.0,0.008960618791492023,0.8708545416556357,0.8708545416556357,0.0,0.0,0.8755139359551766,0.89290046731625,0.876112986027314,0.8962271382018694,-0.9873179199721575,1.1070784197622534,3.140290796624407,3.2067470801978457,1.0211624616563773,3.140290796624407,3.2067470801978457,1.0211624616563773,-0.0010741215687103095,0.04491231942804091,0.04598644099675122,-0.0010741215687103095,0.04491231942804091,0.04598644099675122,0.019464607901188733,0.02993658959986079,0.010471981698672056,-0.010740508684381627,0.044759726376802395,0.055500235061184025,20.0,20.0,0.0,0.0,0.0,0.0,9.642945294220434,9.642948231069226,9.642945242762488,0.1751571623512014,0.00028350074938029616,1,none,1.5673036370055433,1.5878928360521087,1.5673036370055433,5.434874767201709,5.465573045869807,0.5843346550079489,0.5735185034952244,1475,1.5673036370055433,0.0,1.0,0.0,,0,False,0,False,-0.0016484453554680921,0.008990836093654973,,-0.0016484453554680921,0.008990836093654973,,0.766475356358887,0,False,False,False,False,False,0.002011134361306024,2972,1550,0
87,True,87,87,1,0.04350000000000003,0.0005,0.0005,0,0,0,False,False,,,none,1.1087500000000001,1.9495985143918093,1.9386845473132395,1.011941541267687,0.02666772380244452,0.04539235221219737,True,2,1,4,1,True,2,,,2,2,2,1282,,,,,,,,,7,0.8,2.211634025156229e-06,5.946542635767388e-07,9.374483158821108e-08,1.1950934189977711e-07,2.295214441107749e-06,False,0.008836775300276538,0.0,0.008836775300276538,0.867607048450197,0.867607048450197,0.0,0.0,0.87242175372532,0.890323578723518,0.8730211008711373,0.8938356634401957,-0.9872684658380511,1.1087090884898363,3.140290796624407,3.205360006264661,1.0207207592717842,3.140290796624407,3.205360006264661,1.0207207592717842,-0.0010218575417319977,0.04539235221219737,0.04641420975392937,-0.0010218575417319977,0.04539235221219737,0.04641420975392937,0.01945645455755082,0.029936342329190253,0.010479887771639433,-0.010919463252880856,0.04521881568265453,0.056138278935535385,20.0,20.0,0.0,0.0,0.0,0.0,9.688254727031,9.688257688586592,9.688254674143506,0.17921823738873355,0.0002931874031283046,1,none,1.5801981775794431,1.601887826268677,1.5801981775794431,5.783904362653091,5.836251749308169,0.5539122799512843,0.5415113142666473,1488,1.5801981775794431,0.0,1.0,0.0,,0,False,0,False,0.001623031656017564,0.008655061902369612,,0.001623031656017564,0.008655061902369612,,0.7661364417295802,0,False,False,False,False,False,0.0032886632761978626,2972,1550,0
88,True,88,88,1,0.04400000000000003,0.0005,0.0005,0,0,0,False,False,,,none,1.11,1.9652999683749295,1.9532403127937739,1.011614142513213,0.027203856700407127,0.04586328565344036,True,2,1,4,1,True,2,,,2,2,2,1749,,,,,,,,,7,0.8,2.2393642249130925e-06,6.044392291812123e-07,9.541849296509516e-08,1.203412913931854e-07,2.324582893511802e-06,False,0.008850501322701732,0.0,0.008850501322701732,0.8643743552866391,0.8643743552866391,0.0,0.0,0.8693506288621803,0.887604013961499,0.8699079544001996,0.8913459830147261,-0.9871943349082694,1.1102964384012906,3.140290796624407,3.2038533679299768,1.0202409825783954,3.140290796624407,3.2038533679299768,1.0202409825783954,-0.0009697547580246408,0.04586328565344036,0.046833040411465,-0.0009697547580246408,0.04586328565344036,0.046833040411465,0.019448517807993546,0.029935971674541345,0.0104874538665478,-0.011289773483180273,0.04566652652204688,0.05695630000522715,20.0,20.0,0.0,0.0,0.0,0.0,9.733586085571197,9.733589071467105,9.733586031231635,0.1832877671900447,0.0003033534510213047,1,none,1.5908321183748302,1.6137297429596211,1.5908321183748302,5.933488738798075,5.994744481343988,0.5439395991123119,0.5307422604334838,1499,1.5908321183748302,0.0,1.0,0.0,,0,False,0,False,0.0007094574047358902,0.008503769035345252,,0.0007094574047358902,0.008503769035345252,,0.7668744639026096,0,False,False,False,False,False,0.0009260169783634215,2972,1550,0
89,True,89,89,1,0.04450000000000003,0.0005,0.0005,0,0,0,False,False,,,none,1.11125,1.981001422358048,1.967707965682,1.0112974546270774,0.027754119803636998,0.046324462208585535,True,2,1,4,1,True,2,,,2,2,2,1888,,,,,,,,,7,0.8,2.268837951631046e-06,6.144574220974124e-07,9.717468378130487e-08,1.2127687313023584e-07,2.3557025647259036e-06,False,0.00895766758617029,0.0,0.00895766758617029,0.8611471848007962,0.8611471848007962,0.0,0.0,0.8662628490442442,0.8849888899699537,0.8668551936847565,0.8889433060334437,-0.9870948451291547,1.1118463526376656,3.140290796624407,3.202222944531716,1.019721787540785,3.140290796624407,3.202222944531716,1.019721787540785,-0.0009177041344344346,0.046324462208585535,0.04724216634301997,-0.0009177041344344346,0.046324462208585535,0.04724216634301997,0.019440768236811675,0.02993547422564577,0.010494705988834094,-0.01154943963317272,0.046101978054275766,0.057651417687448483,20.0,20.0,0.0,0.0,0.0,0.0,9.778937420754337,9.778940430641603,9.778937364938974,0.18738383934409641,0.000314012056237112,1,none,1.608094705005481,1.6320303645978411,1.608094705005481,5.88360586712535,5.9372667084975665,0.5547721589295473,0.5416952897547739,1516,1.608094705005481,0.0,1.0,0.0,,0,False,0,False,0.004138482864067386,0.009952599359795436,,0.004138482864067386,0.009952599359795436,,0.7693531126943822,0,False,False,False,False,False,0.0037225428016061813,2972,1550,0
90,True,90,90,1,0.04500000000000003,0.0005,0.0005,0,0,0,False,False,,,none,1.1125,1.9967028763411654,1.982082086176016,1.0109910540771818,0.028319674983012636,0.04677513539011788,True,2,1,4,1,True,2,,,2,2,2,1629,,,,,,,,,7,0.8,2.300964337293895e-06,6.251623474832224e-07,9.903345264073426e-08,1.2234972206764196e-07,2.389569400842135e-06,False,0.008987640984145224,0.0,0.008987640984145224,0.8579170148355221,0.8579170148355221,0.0,0.0,0.8631582485923788,0.8823187747577333,0.8638116557402297,0.886329904646608,-0.9869692109016651,1.113364151389807,3.140290796624407,3.2004642984158487,1.0191617610242096,3.140290796624407,3.2004642984158487,1.0191617610242096,-0.0008656036848746501,0.04677513539011788,0.04764073907499253,-0.0008656036848746501,0.04677513539011788,0.04764073907499253,0.019433179243050967,0.029934846054508326,0.01050166681145736,-0.0116782250324261,0.046524173739322175,0.05820239877174828,20.0,20.0,0.0,0.0,0.0,0.0,9.824308540661283,9.824311574205455,9.82430848334566,0.19153056252711176,0.00032517676876991973,1,none,1.623109590449181,1.648178331215228,1.623109590449181,5.63430589149931,5.671522176493206,0.5850510650129581,0.5723717689675952,1531,1.623109590449181,0.0,1.0,0.0,,0,False,0,False,0.004024078296200619,0.009408520390905969,,0.004024078296200619,0.009408520390905969,,0.7689250208885577,0,False,False,False,False,False,0.0005559769145716458,2972,1550,0
91,True,91,91,1,0.045500000000000033,0.0005,0.0005,0,0,0,False,False,,,none,1.11375,2.0124043303242853,1.9963570851592167,1.0106945444638633,0.028901782022766723,0.04721447389875648,True,2,1,4,1,True,2,,,2,2,2,1794,,,,,,,,,7,0.8,2.3359605247272164e-06,6.370968646075677e-07,1.0099392584322413e-07,1.235615937125295e-07,2.4265348191350257e-06,False,0.008934371099569715,0.0,0.008934371099569715,0.8546756020263102,0.8546756020263102,0.0,0.0,0.8600344488167474,0.8796478384721828,0.8607049421934883,0.8837056356665972,-0.9868170785198437,1.1148546447383187,3.140290796624407,3.198572833737804,1.0185594395194375,3.140290796624407,3.198572833737804,1.0185594395194375,-0.0008133526932454673,0.04721447389875648,0.04802782659200194,-0.0008133526932454673,0.04721447389875648,0.04802782659200194,0.01942572677630841,0.029934085392599216,0.010508358616290805,-0.011658583845564865,0.04693200369904166,0.058590587544606526,20.0,20.0,0.0,0.0,0.0,0.0,9.869701041781825,9.869704098653543,9.869700982939957,0.19575632163387077,0.00033686101398064996,1,none,1.6356744500660492,1.6621730353098898,1.6356744500660492,6.083038388513321,6.149435191908082,0.5464943435006402,0.5319755063744391,1544,1.6356744500660492,0.0,1.0,0.0,,0,False,0,False,0.0031817181002203824,0.010486619067758744,,0.0031817181002203824,0.010486619067758744,,0.7738322856561888,0,False,False,False,False,False,0.0013681620725643458,2972,1550,0
92,True,92,92,1,0.046000000000000034,0.0005,0.0005,0,0,0,False,False,,,none,1.115,2.0281057843074057,2.010527214201581,1.0104075500195469,0.02950143969687911,0.04764163522264088,True,2,1,4,1,True,2,,,2,2,2,1349,,,,,,,,,7,0.8,2.372652565695405e-06,6.503591873512349e-07,1.0303699263296932e-07,1.2486582292006597e-07,2.4654929254932976e-06,False,0.008905184276009347,0.0,0.008905184276009347,0.8514144801474868,0.8514144801474868,0.0,0.0,0.8569104382502775,0.8769276837716545,0.8575881602946817,0.8811414441761583,-0.9866470834918196,1.1163221941269645,3.140290796624407,3.1965438296916084,1.0179133197242973,3.140290796624407,3.1965438296916084,1.0179133197242973,-0.000760847147203056,0.04764163522264088,0.04840248236984394,-0.000760847147203056,0.04764163522264088,0.04840248236984394,0.019418389029365178,0.029933235417459098,0.01051484638809392,-0.01147601518515294,0.047325364788282885,0.058801379973435826,20.0,20.0,0.0,0.0,0.0,0.0,9.915118178553044,9.915121258437681,9.91511811815717,0.20008472010584566,0.00034907760815141203,1,none,1.6459805399041094,1.6740148917842328,1.6459805399041094,6.132895669757764,6.202626824809385,0.5459133766253528,0.5307366012478729,1555,1.6459805399041094,0.0,1.0,0.0,,0,False,0,False,0.0024214946676065258,0.010120645057122601,,0.0024214946676065258,0.010120645057122601,,0.7733548782280775,0,False,False,False,False,False,0.0008437278257568009,2972,1550,0
93,True,93,93,1,0.046500000000000034,0.0005,0.0005,0,0,0,False,False,,,none,1.1162500000000002,2.043807238290526,2.0245865023673497,1.0101297377743794,0.03011977698269507,0.048055746689487165,True,2,1,4,1,True,2,,,2,2,2,1784,,,,,,,,,7,0.8,2.4099207535344314e-06,6.649068668348871e-07,1.0514221870021519e-07,1.2622512336005105e-07,2.505355632999158e-06,False,0.008951452938490518,0.0,0.008951452938490518,0.8481258763548545,0.8481258763548545,0.0,0.0,0.8537226501593179,0.8741471724780974,0.8545730844312103,0.8786150369074961,-0.9864483930789906,1.117770792622376,3.140290796624407,3.19437232445179,1.0172218215859234,3.140290796624407,3.19437232445179,1.0172218215859234,-0.0007079905927441164,0.048055746689487165,0.04876373728223128,-0.0007079905927441164,0.048055746689487165,0.04876373728223128,0.019411146036888115,0.02993224196539495,0.010521095928506835,-0.011323415992070738,0.0477232820182881,0.059046698010358833,20.0,20.0,0.0,0.0,0.0,0.0,9.960564969542588,9.96056807215349,9.960564907560835,0.20453401490798853,0.00036183862402584414,1,none,1.6617211016350673,1.6912388707697228,1.6617211016350673,6.033168341041823,6.095123707491593,0.5606470017634798,0.5452624692728139,1571,1.6617211016350673,0.0,1.0,0.0,,0,False,0,False,0.0029824517239803615,0.009572405391008763,,0.0029824517239803615,0.009572405391008763,,0.7748380548631167,0,False,False,False,False,False,0.0007843720740797772,2972,1550,0
94,True,94,94,1,0.047000000000000035,0.0005,0.0005,0,0,0,False,False,,,none,1.1175000000000002,2.0595086922736465,2.038528764320275,1.009860751018872,0.03075805962834226,0.04845591379808478,True,2,1,4,1,True,2,,,2,2,2,1751,,,,,,,,,7,0.8,2.446175981571762e-06,6.805165306587351e-07,1.0729517205877592e-07,1.275850774242868e-07,2.5445372638746828e-06,False,0.009060103138724102,0.0,0.009060103138724102,0.8448022690920459,0.8448022690920459,0.0,0.0,0.8504948105399961,0.8712763893195825,0.8514242168690741,0.8759100556807016,-0.9862198614345947,1.1192041123825796,3.140290796624407,3.1920531465490853,1.0164832982920942,3.140290796624407,3.1920531465490853,1.0164832982920942,-0.0006546874886299738,0.04845591379808478,0.04911060128671475,-0.0006546874886299738,0.04845591379808478,0.04911060128671475,0.019403979438087103,0.029931099307172974,0.01052711986908587,-0.011310589804355228,0.04810625249735,0.05941684230170523,20.0,20.0,0.0,0.0,0.0,0.0,10.006048221950909,10.006051347043277,10.006048158345891,0.20911356189602642,0.00037515503293471014,1,none,1.6807772279314137,1.7116930404242565,1.6807772279314137,6.182749507906397,6.24935839060696,0.5536996244908101,0.5379039328125877,1590,1.6807772279314137,0.0,1.0,0.0,,0,False,0,False,0.004193817520359639,0.008512707428926703,,0.004193817520359639,0.008512707428926703,,0.7799135292575446,0,False,False,False,False,False,0.0016094616688441114,2972,1550,0
95,True,95,95,1,0.047500000000000035,0.0005,0.0005,0,0,0,False,False,,,none,1.1187500000000001,2.0752101462567643,2.0523475643924844,1.0096002797216344,0.03141732034287293,0.048841189044572235,True,2,1,4,1,True,2,,,2,2,2,1227,,,,,,,,,7,0.8,2.4802159315354073e-06,6.968447008226316e-07,1.094935288218989e-07,1.2891114417208748e-07,2.5817959873026876e-06,False,0.009088976468160627,0.0,0.009088976468160627,0.8414365601524297,0.8414365601524297,0.0,0.0,0.8472330914323161,0.8684186170858024,0.8482294148064701,0.8731563335369436,-0.9859602429045826,1.1206255690282703,3.140290796624407,3.189580869449648,1.0156960218073512,3.140290796624407,3.189580869449648,1.0156960218073512,-0.0006008460068111774,0.048841189044572235,0.049442035051383414,-0.0006008460068111774,0.048841189044572235,0.049442035051383414,0.01939687215485865,0.029929801214522912,0.010532929059664263,-0.011482118345820018,0.04847322228860983,0.059955340634429845,20.0,20.0,0.0,0.0,0.0,0.0,10.05157654360064,10.05157969098407,10.051576478328583,0.21382428678155835,0.00038903666180438017,1,none,1.6930218656695737,1.725687887796317,1.6930218656695737,6.132897932602575,6.196265292401602,0.5627642614505404,0.5464652611777949,1603,1.6930218656695737,0.0,1.0,0.0,,0,False,0,False,0.0006591739561002897,0.006108604074241291,,0.0006591739561002897,0.006108604074241291,,0.7793899665597593,0,False,False,False,False,False,0.004274741871314534,2972,1550,0
96,True,96,96,1,0.048000000000000036,0.0005,0.0005,0,0,0,False,False,,,none,1.12,2.0909116002398864,2.0660362269101835,1.0093479559196017,0.03210908889353118,0.04921057794628359,True,2,1,4,1,True,2,,,2,2,2,2153,,,,,,,,,7,0.8,2.5108423640446087e-06,7.134864664583614e-07,1.1173363592088711e-07,1.3016505810172315e-07,2.6158783730607746e-06,False,0.009044534078867697,0.0,0.009044534078867697,0.8380216913103715,0.8380216913103715,0.0,0.0,0.8439304709805433,0.8654770492478604,0.8449821034675958,0.8702961284546203,-0.9856682047716628,1.1220383389697324,3.140290796624407,3.1869498491729695,1.0148581948521194,3.140290796624407,3.1869498491729695,1.0148581948521194,-0.00058530354687677,0.04921057794628359,0.04979588149316036,-0.00058530354687677,0.04921057794628359,0.04979588149316036,0.019389808305151336,0.029928341023858312,0.010538532718706976,-0.011681383467474094,0.048823099971590685,0.06050448343906478,20.0,20.0,0.0,0.0,0.0,0.0,10.097160519269975,10.097163688806305,10.09716045228067,0.2186621720215312,0.0004034921139346025,1,none,1.708474880663164,1.742911915610446,1.708474880663164,5.833763709067744,5.870514459364922,0.5975257149689971,0.5820528652093597,1619,1.708474880663164,0.0,1.0,0.0,,0,False,0,False,0.0002953601929146083,0.005570742577230706,,0.0002953601929146083,0.005570742577230706,,0.7788364238901755,0,False,False,False,False,False,0.0006493500167473585,2972,1550,0
97,True,97,97,1,0.048500000000000036,0.0005,0.0005,0,0,0,False,False,,,none,1.12125,2.1066130542230024,2.079587718197849,1.0091034979471847,0.03282970398192608,0.04956307670282936,True,2,1,4,1,True,2,,,2,2,2,1692,,,,,,,,,7,0.8,2.538398769279138e-06,7.299200081020205e-07,1.1401685110162759e-07,1.3135469100048987e-07,2.646980435758538e-06,False,0.009193530946545424,0.0,0.009193530946545424,0.8345513973975514,0.8345513973975514,0.0,0.0,0.8405554800619297,0.8624765646667889,0.8416995352697199,0.8673976188655297,-0.9853423013281375,1.1234454548126442,3.140290796624407,3.184154070917456,1.0139679020618724,3.140290796624407,3.184154070917456,1.0139679020618724,-0.0005912695390934051,0.04956307670282936,0.05015434624192277,-0.0005912695390934051,0.04956307670282936,0.05015434624192277,0.01938277272593678,0.029926711506640686,0.010543938780703907,-0.011758258912616702,0.04915472616584268,0.06091298507845938,20.0,20.0,0.0,0.0,0.0,0.0,10.142812567809173,10.142815759411898,10.142812499046022,0.22362184543459007,0.0004185291072180375,1,none,1.7193381658165983,1.755830320203012,1.7193381658165983,5.734042171357773,5.760830994079374,0.6124232322439465,0.5969063031300963,1631,1.7193381658165983,0.0,1.0,0.0,,0,False,0,False,0.00047795454442096724,0.007233612272913849,,0.00047795454442096724,0.007233612272913849,,0.7833415613083677,0,False,False,False,False,False,0.0016728647052357153,2972,1550,0
98,True,98,98,1,0.04900000000000004,0.0005,0.0005,0,0,0,False,False,,,none,1.1225,2.1223145082061254,2.0929947093071153,1.008866608171668,0.033574540889273245,0.049897565948957535,True,2,1,4,1,True,2,,,2,2,2,2020,,,,,,,,,7,0.8,2.563409238084833e-06,7.459633627346963e-07,1.1633403643257082e-07,1.3250231794196384e-07,2.6755595176960293e-06,False,0.009386088098491778,0.0,0.009386088098491778,0.8310197013686782,0.8310197013686782,0.0,0.0,0.8371075709952397,0.8594120580874285,0.8383131606887607,0.8644719516143619,-0.984981006184594,1.124849792213289,3.140290796624407,3.181187243394225,1.0130231400269616,3.140290796624407,3.181187243394225,1.0130231400269616,-0.0005844203496972959,0.049897565948957535,0.05048198629865483,-0.0005844203496972959,0.049897565948957535,0.05048198629865483,0.019375751038933554,0.02992490503092297,0.010549153991989416,-0.011917094308518863,0.04946681466704028,0.06138390897555915,20.0,20.0,0.0,0.0,0.0,0.0,10.188547299602902,10.188550513248778,10.188547229003488,0.2287026481764887,0.00043415434214550324,1,none,1.7278318279885607,1.7665931690799774,1.7278318279885607,5.634146413068076,5.6537558844314715,0.627102329106133,0.6112155753828793,1641,1.7278318279885607,0.0,1.0,0.0,,0,False,0,False,-4.356661490275924e-06,0.007373100513175209,,-4.356661490275924e-06,0.007373100513175209,,0.7826821017004952,0,False,False,False,False,False,0.000502076755604926,2972,1550,0
99,True,99,99,1,0.04950000000000004,0.0005,0.0005,0,0,0,False,False,,,none,1.12375,2.1380159621892427,2.106249600826766,1.0086370225623396,0.034344630282546786,0.05021288473710577,True,2,1,4,1,True,2,,,2,2,2,1115,,,,,,,,,7,0.8,2.586248501374671e-06,7.613104692427534e-07,1.1868806948268338e-07,1.3362646377347287e-07,2.701891528374054e-06,False,0.009534389518904736,0.0,0.009534389518904736,0.8274198982247538,0.8274198982247538,0.0,0.0,0.8336224431601877,0.8562857533823099,0.8348570963336581,0.8616018192722052,-0.9845826841310132,1.1262540838570723,3.140290796624407,3.1780429213371324,1.012021856304934,3.140290796624407,3.1780429213371324,1.012021856304934,-0.0005648849005176723,0.05021288473710577,0.05077776963762344,-0.0005648849005176723,0.05021288473710577,0.05077776963762344,0.01936872958071464,0.029922913420655065,0.010554183839940424,-0.01207760616909449,0.04975801077526147,0.061835616944355964,20.0,20.0,0.0,0.0,0.0,0.0,10.234381469047301,10.234384704797291,10.234381396543979,0.23390590546327408,0.00045037320734476886,1,none,1.7362509059846047,1.777354576724014,1.7362509059846047,5.633999114532417,5.648563608562323,0.630938891040817,0.6147583797596701,1651,1.7362509059846047,0.0,1.0,0.0,,0,False,0,False,0.00025152175383908723,0.0075313015118217315,,0.00025152175383908723,0.0075313015118217315,,0.787561234073585,0,False,False,False,False,False,0.0003008343720458534,2972,1550,0
100,True,100,100,1,0.05000000000000004,0.0005,0.0005,0,0,0,False,False,,,none,1.125,2.1537174161723636,2.1193443826801635,1.0084144524457452,0.035141204978676746,0.05050788464632908,True,2,1,4,1,True,2,,,2,2,2,1532,,,,,,,,,7,0.8,2.609970258039758e-06,7.762016779253335e-07,1.2110987761958026e-07,1.3485290996449372e-07,2.7289717298735704e-06,False,0.009633543546432179,0.0,0.009633543546432179,0.8237458508310872,0.8237458508310872,0.0,0.0,0.8300758083167822,0.853164419380809,0.8313271227719532,0.8586691150698658,-0.9841456004622765,1.1276609786069665,3.140290796624407,3.1747142759568105,1.010961876323494,3.140290796624407,3.1747142759568105,1.010961876323494,-0.0005334075707902048,0.05050788464632908,0.05104129221711929,-0.0005334075707902048,0.05050788464632908,0.05104129221711929,0.01936169510696517,0.029920728002311384,0.010559032895346213,-0.012113742957193956,0.050026938810403855,0.06214068176759781,20.0,20.0,0.0,0.0,0.0,0.0,10.28033402760006,10.280337285588319,10.280333953120099,0.2392446660412323,0.00046719040340058787,1,none,1.747769104014977,1.791341094670479,1.747769104014977,5.882730433210095,5.912741984871218,0.6090168893538703,0.5911873403192459,1664,1.747769104014977,0.0,1.0,0.0,,0,False,0,False,0.0018960430591978739,0.006975560975070073,,0.0018960430591978739,0.006975560975070073,,0.7978016742437691,0,False,False,False,False,False,0.001735885326848519,2972,1550,0
101,True,101,101,1,0.05050000000000004,0.0005,0.0005,0,0,0,False,False,,,none,1.1262500000000002,2.1694188701554817,2.1322706208932156,1.0081985927875141,0.035965650721110895,0.05078131286362556,True,2,1,4,1,True,2,,,2,2,2,1863,,,,,,,,,7,0.8,2.6376087665062527e-06,7.913413909740305e-07,1.2363392706580925e-07,1.363115993099666e-07,2.7599035132133705e-06,False,0.009678921348682739,0.0,0.009678921348682739,0.8199919930981641,0.8199919930981641,0.0,0.0,0.8264193856533425,0.849935731168243,0.8277133089231549,0.8555916277689143,-0.983667925905791,1.1290730668129816,3.140290796624407,3.171194075741108,1.0098408972665587,3.140290796624407,3.171194075741108,1.0098408972665587,-0.0005120735933581208,0.05078131286362556,0.05129338645698368,-0.0005120735933581208,0.05078131286362556,0.05129338645698368,0.019354634665935094,0.029918339629528955,0.010563704963593861,-0.012008451254231133,0.05027209669109761,0.062280547945328744,20.0,20.0,0.0,0.0,0.0,0.0,10.326426438906694,10.326429719331548,10.326426362373047,0.24474889732255273,0.0004846096340276293,1,none,1.7580799331474746,1.8042580150168344,1.7580799331474746,6.082190036218951,6.123583391308319,0.5932922201616929,0.5741997196095524,1676,1.7580799331474746,0.0,1.0,0.0,,0,False,0,False,0.0010714060810971678,0.007370164473337046,,0.0010714060810971678,0.007370164473337046,,0.7975931668732543,0,False,False,False,False,False,0.0009141871069401479,2972,1550,0
102,True,102,102,1,0.05100000000000004,0.0005,0.0005,0,0,0,False,False,,,none,1.1275000000000002,2.185120324138606,2.1450195006749855,1.0079891731250201,0.036819214402037684,0.05103187936605891,True,2,1,4,1,True,2,,,2,2,2,1798,,,,,,,,,7,0.8,2.6710164225099558e-06,8.075434984980027e-07,1.2628678373250465e-07,1.3808772741731103e-07,2.796689436368124e-06,False,0.009666260104968759,0.0,0.009666260104968759,0.8161525274287506,0.8161525274287506,0.0,0.0,0.822666105591698,0.8465656625178596,0.8240149650438147,0.852410582058884,-0.9831477120890946,1.1304928981837394,3.140290796624407,3.1674748027499575,1.0086565251074109,3.140290796624407,3.1674748027499575,1.0086565251074109,-0.0005259700723483301,0.05103187936605891,0.05155784943840724,-0.0005259700723483301,0.05103187936605891,0.05155784943840724,0.0193475355090813,0.029915738560445472,0.010568203051364172,-0.011747207617724537,0.05049193000167841,0.062239137619402946,20.0,20.0,0.0,0.0,0.0,0.0,10.372682754235317,10.372686057351562,10.372682675566383,0.25046083469880215,0.0005026329805356233,1,none,1.7782470429725459,1.826855784474822,1.7782470429725459,6.032423284496546,6.065628825713549,0.6056789115478285,0.5863355948963317,1697,1.7782470429725459,0.0,1.0,0.0,,0,False,0,False,0.003798701110987685,0.007074677900689685,,0.003798701110987685,0.007074677900689685,,0.7995256007631746,0,False,False,False,False,False,0.002743255455600226,2972,1550,0
103,True,103,103,1,0.05150000000000004,0.0005,0.0005,0,0,0,False,False,,,none,1.1287500000000001,2.2008217781217203,2.1575818378543863,1.0077859007294905,0.03770310833475658,0.051258197392509836,True,2,1,4,1,True,2,,,2,2,2,1225,,,,,,,,,7,0.8,2.711475421144213e-06,8.257612718398041e-07,1.2908018880493775e-07,1.4022406414696595e-07,2.840828245573373e-06,False,0.009679191319513222,0.0,0.009679191319513222,0.8122212779382675,0.8122212779382675,0.0,0.0,0.8188221082470786,0.8431044153118876,0.8202247079840419,0.8491560358764183,-0.9825829023469655,1.1319229754797846,3.140290796624407,3.1635486854173407,1.0074062850542167,3.140290796624407,3.1635486854173407,1.0074062850542167,-0.0005305542213361948,0.051258197392509836,0.05178875161384603,-0.0005305542213361948,0.051258197392509836,0.05178875161384603,0.019340385122601077,0.029912914511734823,0.010572529389133747,-0.011674926566025076,0.05068476786769057,0.06235969443371565,20.0,20.0,0.0,0.0,0.0,0.0,10.419129962084954,10.419133288194098,10.41912988119347,0.25643192441851315,0.0005212602580084554,1,none,1.787132399771151,1.8386968985954235,1.787132399771151,5.783172266362972,5.794903470803293,0.6358783082738004,0.6167945363629733,1708,1.787132399771151,0.0,1.0,0.0,,0,False,0,False,0.004323125508267323,0.007893905071291717,,0.004323125508267323,0.007893905071291717,,0.8002999044596945,0,False,False,False,False,False,0.0009727045314558387,2972,1550,0
104,True,104,104,1,0.05200000000000004,0.0005,0.0005,0,0,0,False,False,,,none,1.1300000000000001,2.2165232321048425,2.1699480873190042,1.007588512124554,0.03861870557451461,0.05145883441250368,True,2,1,4,1,True,2,,,2,2,2,1586,,,,,,,,,7,0.8,2.7577420003262015e-06,8.463364858727024e-07,1.3200355005926507e-07,1.426662580470459e-07,2.891228975037416e-06,False,0.00975420297013315,0.0,0.00975420297013315,0.8081912158725368,0.8081912158725368,0.0,0.0,0.8148805250799227,0.8395380160009193,0.8163685757259427,0.845858046304571,-0.9819713394140148,1.1333657600681852,3.140290796624407,3.159407742833219,1.0060876356512465,3.140290796624407,3.159407742833219,1.0060876356512465,-0.0005397640527161966,0.05145883441250368,0.05199859846521988,-0.0005397640527161966,0.05145883441250368,0.05199859846521988,0.019333171199659077,0.02990985669707007,0.010576685497410993,-0.011572270330559225,0.050848943619975884,0.06242121395053511,20.0,20.0,0.0,0.0,0.0,0.0,10.465798126203127,10.465801475663184,10.465798042993862,0.2627115591556612,0.000540488168828573,1,none,1.7946809360336742,1.849460048915528,1.7946809360336742,6.182080202471218,6.221992106859508,0.5983293611028297,0.576883064205468,1718,1.7946809360336742,0.0,1.0,0.0,,0,False,0,False,0.003054121738417344,0.00738215117495063,,0.003054121738417344,0.00738215117495063,,0.7995151015767789,0,False,False,False,False,False,0.0013683064782108363,2972,1550,0
105,True,105,105,1,0.05250000000000004,0.0005,0.0005,0,0,0,False,False,,,none,1.13125,2.2322246860879638,2.1821082531874527,1.007396741604917,0.039567545677161524,0.05163232091611814,True,2,1,4,1,True,2,,,2,2,2,1320,,,,,,,,,7,0.8,2.8089307985290005e-06,8.69463305722857e-07,1.3503398606967563e-07,1.4536976715930955e-07,2.9471045481151674e-06,False,0.009751883049882282,0.0,0.009751883049882282,0.8040554110845892,0.8040554110845892,0.0,0.0,0.810844248270129,0.8358811562146479,0.8123444603075052,0.8423392261638071,-0.9813107324945963,1.1348237093795028,3.140290796624407,3.155043617581398,1.0046979155474547,3.140290796624407,3.155043617581398,1.0046979155474547,-0.000537066309994176,0.05163232091611814,0.05216938722611232,-0.000537066309994176,0.05163232091611814,0.05216938722611232,0.019325881453102482,0.02990655366247298,0.0105806722093705,-0.011318573870375756,0.05098276266829472,0.062301336538670475,20.0,20.0,0.0,0.0,0.0,0.0,10.512720746797019,10.512724120034928,10.512720661164769,0.2693445047556748,0.0005603100728496049,1,none,1.8098056671865368,1.8677583873733665,1.8098056671865368,6.730360781555116,6.809549744968041,0.5550247447334622,0.5315492903253711,1735,1.8098056671865368,0.0,1.0,0.0,,0,False,0,False,0.001856182350175613,0.007784692844677347,,0.001856182350175613,0.007784692844677347,,0.8038131465525944,0,False,False,False,False,False,0.0012637636542357697,2972,1550,0
106,True,106,106,1,0.05300000000000004,0.0005,0.0005,0,0,0,False,False,,,none,1.1325,2.2479261400710797,2.1940518556610336,1.007210326905641,0.040551181478907544,0.05177715070400351,True,2,1,4,1,True,2,,,2,2,2,1164,,,,,,,,,7,0.8,2.8630600001261464e-06,8.949696819489867e-07,1.381362643935807e-07,1.482583107357227e-07,3.0065171627936908e-06,False,0.00966709165252483,0.0,0.00966709165252483,0.7998071727207751,0.7998071727207751,0.0001519646344658062,0.00012116402000371923,0.8067009124576628,0.8320961861037514,0.8082358500698806,0.8387175217532484,-0.9806067671112494,1.1362993132209822,3.140290796624407,3.150447526271839,1.0032343277438986,3.140290796624407,3.150447526271839,1.0032343277438986,-0.0005222211459840726,0.05177715070400351,0.052299371849987585,-0.0005222211459840726,0.05177715070400351,0.052299371849987585,0.01931850343389509,0.029903033835556245,0.010584530401661154,-0.010998741064537933,0.051084445412644106,0.06208318647718204,20.0,20.0,0.0,0.0,0.0,0.0,10.559935005436303,10.559938402960027,10.559934917262696,0.2763657829925163,0.0005807152270865544,1,none,1.8192270942327915,1.880663586830132,1.8192270942327915,6.829578854063057,6.914893655151761,0.5507407197476859,0.5261764489689364,1747,1.8192270942327915,0.0,1.0,0.0,,0,False,0,False,0.00040644799472420784,0.00868286713557022,,0.00040644799472420784,0.00868286713557022,,0.8056883970989124,0,False,False,False,False,False,0.0017054168869214989,2972,1550,0
107,True,107,107,1,0.05350000000000004,0.0005,0.0005,0,0,0,False,False,,,none,1.13375,2.2636275940542037,2.205767934445915,1.0070289837774067,0.0415830200447147,0.05189190281548537,True,2,1,4,1,True,2,,,2,2,2,1142,,,,,,,,,7,0.8,2.9179517122013427e-06,9.227107298598402e-07,1.4127655330291626e-07,1.5127152763809682e-07,3.067357074962799e-06,False,0.009619858810146965,0.0,0.009619858810146965,0.7954396025319488,0.7954396025319488,0.006547595072309158,0.005214331234482079,0.8024402101605873,0.8281991391476838,0.8040316558065791,0.8351029401265516,-0.9798514285348399,1.1377951065901304,3.140290796624407,3.1456102891119375,1.0016939490104702,3.140290796624407,3.1456102891119375,1.0016939490104702,-0.0004955349875610641,0.05189190281548537,0.05238743780304644,-0.0004955349875610641,0.05189190281548537,0.05238743780304644,0.019311024467049347,0.0298992571426742,0.010588232675624854,-0.011040168879947639,0.05115226594968301,0.06219243482963065,20.0,20.0,0.0,0.0,0.0,0.0,10.607482085806915,10.607485508184658,10.607481994959807,0.28379943066988084,0.0006016880932061151,1,none,1.8373339285790253,1.9021878969390917,1.8373339285790253,6.530311419416339,6.588782372639787,0.5825718789714638,0.5577157734663195,1767,1.8373339285790253,0.0,1.0,0.0,,0,False,0,False,0.0018751032774034645,0.008425736069516323,,0.0018751032774034645,0.008425736069516323,,0.8048038928472392,0,False,False,False,False,False,0.0014909945420663688,2972,1550,0
108,True,108,108,1,0.05400000000000004,0.0005,0.0005,0,0,0,False,False,,,none,1.135,2.279329048037321,2.2172450066982807,1.0068524301706758,0.042665099310656755,0.05197507555524755,True,2,1,4,1,True,2,,,2,2,2,1298,,,,,,,,,7,0.8,2.971503799777735e-06,9.521428827799833e-07,1.4442633581164626e-07,1.5434981428968737e-07,3.1274740179527204e-06,False,0.009541017616530072,0.0,0.009541017616530072,0.7909458018754124,0.7909458018754124,0.01314242197365896,0.01045477642314526,0.798055573253414,0.8241841937752552,0.7996954550608519,0.8312843430101747,-0.9790400370870135,1.1393136987233563,3.140290796624407,3.1405222839912086,1.0000737152645387,3.140290796624407,3.1405222839912086,1.0000737152645387,-0.00045771984452381133,0.05197507555524755,0.052432795399771366,-0.00045771984452381133,0.05197507555524755,0.052432795399771366,0.019303431506383216,0.029895200185435063,0.010591768679051847,-0.010946393853556478,0.051184441476558436,0.06213083533011492,20.0,20.0,0.0,0.0,0.0,0.0,10.655407359617172,10.655410807456308,10.655407265949279,0.2916576284096742,0.000623207923594979,1,none,1.8463299156968864,1.915097175587393,1.8463299156968864,6.430061647360589,6.477927419214007,0.5956699268578558,0.5700372345082276,1779,1.8463299156968864,0.0,1.0,0.0,,0,False,0,False,0.0009780939602660823,0.007151443223554754,,0.0009780939602660823,0.007151443223554754,,0.8052986207876521,0,False,False,False,False,False,0.001558347834182121,2972,1550,0
109,True,109,109,1,0.05450000000000004,0.0005,0.0005,0,0,0,False,False,,,none,1.13625,2.295030502020441,2.2284710767862004,1.006680418450253,0.043794483324912634,0.05211865378442967,True,2,1,4,1,True,2,,,2,2,2,1021,,,,,,,,,7,0.8,3.021573658831797e-06,9.824856357706388e-07,1.4756815093884113e-07,1.5741547576967206e-07,3.1846100846767896e-06,False,0.00964358461281678,0.0,0.00964358461281678,0.7863184306821405,0.7863184306821405,0.019730094807583566,0.015677172965842076,0.793539962318663,0.8200450160174356,0.7952097076887814,0.8274062125837937,-0.9781698596957897,1.1408577861853206,3.140290796624407,3.135173496727365,0.9983704375714049,3.140290796624407,3.135173496727365,0.9983704375714049,-0.0004677944344277485,0.05211865378442967,0.05258644821885742,-0.0004677944344277485,0.05211865378442967,0.05258644821885742,0.0192957110690734,0.029890849298478947,0.010595138229405547,-0.010704411068288382,0.05135862910265948,0.06206304017094787,20.0,20.0,0.0,0.0,0.0,0.0,10.703760759100858,10.703764233029641,10.703760662450533,0.29994607622458325,0.0006452481019803169,1,none,1.8596036989064386,1.9323026119063709,1.8596036989064386,6.231097013379287,6.253688760116689,0.6202126552539206,0.5947221776581474,1795,1.8596036989064386,0.0,1.0,0.0,,0,False,0,False,0.001438164481808062,0.007406736745797776,,0.001438164481808062,0.007406736745797776,,0.8101552490246212,0,False,False,False,False,False,0.0005261555542718877,2972,1550,0
110,True,110,110,1,0.05500000000000004,0.0005,0.0005,0,0,0,False,False,,,none,1.1375000000000002,2.310731956003559,2.2394336014702585,1.0065126671415952,0.044966087907145,0.05248815508153521,True,2,1,4,1,True,2,,,2,2,2,1130,,,,,,,,,7,0.8,3.0682138341393065e-06,1.0132477848065988e-06,1.5069541965258338e-07,1.6046915861795868e-07,3.238682859711819e-06,False,0.009943797695074072,0.0,0.009943797695074072,0.7815498813981803,0.7815498813981803,0.02624476618570239,0.02082828273945637,0.7888802602616838,0.8157749833962008,0.7906073042618119,0.8234315326408781,-0.9772380250920933,1.1424301710862874,3.140290796624407,3.1295534960694815,0.9965807941842624,3.140290796624407,3.1295534960694815,0.9965807941842624,-0.00047143771270777675,0.05248815508153521,0.05295959279424299,-0.00047143771270777675,0.05248815508153521,0.05295959279424299,0.019287849144568565,0.02988619012546047,0.010598340980891904,-0.010348856815648476,0.051641600259079705,0.06199045707472818,20.0,20.0,0.0,0.0,0.0,0.0,10.752597094717604,10.75260059536625,10.752596994909323,0.30867012640146857,0.0006677759736966044,1,none,1.8670661314995267,1.9441327529771109,1.8670661314995267,6.081400330365353,6.0855564813052805,0.6393700948348233,0.6136057194556062,1806,1.8670661314995267,0.0,1.0,0.0,,0,False,0,False,0.0020942042193549167,0.007518193642559462,,0.0020942042193549167,0.007518193642559462,,0.8090393384953529,0,False,False,False,False,False,0.0006654402881373288,2972,1550,0
111,True,111,111,1,0.05550000000000004,0.0005,0.0005,0,0,0,False,False,,,none,1.1387500000000002,2.3264334099866772,2.2501194350098754,1.0063488582951188,0.04618166567674806,0.05282855799774064,True,2,1,4,1,True,2,,,2,2,2,1910,,,,,,,,,7,0.8,3.1111939609114825e-06,1.0436673285694775e-06,1.5380327951424474e-07,1.6349833027766315e-07,3.289248623611227e-06,False,0.010208118393371705,0.0,0.010208118393371705,0.7766324893872746,0.7766324893872746,0.033022096726566454,0.026176886712252493,0.784054341170175,0.8113673788512731,0.7858844588991697,0.8192430315922681,-0.9762415356139007,1.144033786478136,3.140290796624407,3.1236513590902555,0.9947013067859709,3.140290796624407,3.1236513590902555,0.9947013067859709,-0.0004628622670659133,0.05282855799774064,0.05329142026480655,-0.0004628622670659133,0.05282855799774064,0.05329142026480655,0.01927983106760932,0.0298812076780695,0.010601376610460178,-0.010315000156180015,0.051887140432084096,0.06220214058826411,20.0,20.0,0.0,0.0,0.0,0.0,10.801976150352832,10.801979678337764,10.80197604719956,0.31783669654637503,0.0006907534925657709,1,none,1.8864567299273716,1.9678068834452058,1.8864567299273716,6.281145757779249,6.292244646032722,0.6265757743348215,0.5996132814437811,1828,1.8864567299273716,0.0,1.0,0.0,,0,False,0,False,0.0004315308151651748,0.0063850487521679685,,0.0004315308151651748,0.0063850487521679685,,0.8121949580582184,0,False,False,False,False,False,0.0020120885148572003,2972,1550,0
112,True,112,112,1,0.05600000000000004,0.0005,0.0005,0,0,0,False,False,,,none,1.1400000000000001,2.342134863969799,2.260514727155476,1.0061887313986237,0.04744279900357548,0.053138606788738434,True,2,1,4,1,True,2,,,2,2,2,1277,,,,,,,,,7,0.8,3.1540370973695113e-06,1.073893309169399e-06,1.5691456956897283e-07,1.666402179872375e-07,3.339698788132808e-06,False,0.010431433021183552,0.0,0.010431433021183552,0.7715589083863832,0.7715589083863832,0.039883159824374,0.03157926862188519,0.7790711824258842,0.8067870507312075,0.7809538474804482,0.8149565770398756,-0.9751772493829226,1.145671723860759,3.140290796624407,3.1174555487894704,0.992728301512878,3.140290796624407,3.1174555487894704,0.992728301512878,-0.00044197841660730653,0.053138606788738434,0.05358058520534574,-0.00044197841660730653,0.053138606788738434,0.05358058520534574,0.019271641380696203,0.029875886246914615,0.010604244866218412,-0.010147430240960268,0.052093488226271356,0.06224091846723162,20.0,20.0,0.0,0.0,0.0,0.0,10.851963068230507,10.851966624094791,10.85196296153699,0.32746697358703475,0.0007141378083345747,1,none,1.8967225101036038,1.982874809383026,1.8967225101036038,6.181164453980441,6.182150684225272,0.6415861684787009,0.6136125135038811,1842,1.8967225101036038,0.0,1.0,0.0,,0,False,0,False,0.00043880784843884315,0.00510318018533516,,0.00043880784843884315,0.00510318018533516,,0.811099057529787,0,False,False,False,False,False,0.0012818892221433428,2972,1550,0
113,True,113,113,1,0.05650000000000004,0.0005,0.0005,0,0,0,False,False,,,none,1.14125,2.357836317952918,2.2706049960092933,1.0060319929362553,0.048751475914989365,0.05341701349931301,True,2,1,4,1,True,2,,,2,2,2,1315,,,,,,,,,7,0.8,3.200544377103992e-06,1.104611449252803e-06,1.6006039072573317e-07,1.7005313613040529e-07,3.393845630169324e-06,False,0.010608760539897052,0.0,0.010608760539897052,0.7663211767907683,0.7663211767907683,0.04657795015286524,0.03683245997551966,0.7739227268460164,0.8020020048431628,0.7759029808400898,0.8105009724617351,-0.9740418873387329,1.1473472445477806,3.140290796624407,3.110954083186109,0.9906579628008231,3.140290796624407,3.110954083186109,0.9906579628008231,-0.000409209021907105,0.05341701349931301,0.05382622252122011,-0.000409209021907105,0.05341701349931301,0.05382622252122011,0.0192632637772611,0.029870209436693662,0.010606945659432564,-0.009829848834720534,0.05226355176164836,0.06209340059636889,20.0,20.0,0.0,0.0,0.0,0.0,10.902628621656245,10.902632205815369,10.902628511223083,0.33759923697857863,0.0007378812033875261,1,none,1.9011441096237545,1.9925494747680068,1.9011441096237545,6.230336528686532,6.231219184033718,0.63962820165288,0.6101997228712689,1851,1.9011441096237545,0.0,1.0,0.0,,0,False,0,False,0.0011614463941309735,0.006770258435283303,,0.0011614463941309735,0.006770258435283303,,0.8147683300964581,0,False,False,False,False,False,0.001816963499680222,2972,1550,0
114,True,114,114,1,0.057000000000000044,0.0005,0.0005,0,0,0,False,False,,,none,1.1425,2.373537771936037,2.280375015593456,1.0058783432270806,0.05010957484792663,0.05366262923096249,True,2,1,4,1,True,2,,,2,2,2,1508,,,,,,,,,7,0.8,3.255203550251243e-06,1.1367021219004441e-06,1.6327814024234144e-07,1.7392151990201218e-07,3.456204611082407e-06,False,0.010735339638762172,0.0,0.010735339638762172,0.760911334270008,0.760911334270008,0.054168297417953024,0.04279382372871128,0.7686426508089717,0.7970468605970228,0.770639723319618,0.8058228059543295,-0.9728320549338507,1.1490638065825238,3.140290796624407,3.1041343879018446,0.9884862864415525,3.140290796624407,3.1041343879018446,0.9884862864415525,-0.0003653555276741907,0.05366262923096249,0.05402798475863668,-0.0003653555276741907,0.05366262923096249,0.05402798475863668,0.01925468096708738,0.02986416027466925,0.010609479307581871,-0.009347537690841245,0.05240120834808231,0.06174874603892355,20.0,20.0,0.0,0.0,0.0,0.0,10.954049416426164,10.954053029114101,10.954049302053036,0.34829138329784887,0.0007619324514423679,1,none,1.9086577570975534,2.0054491521239264,1.9086577570975534,5.931484618202623,5.899784333524742,0.676204788922347,0.6470262806902478,1863,1.9086577570975534,0.0,1.0,0.0,,0,False,0,False,0.0005540324850954014,0.006422973464110922,,0.0005540324850954014,0.006422973464110922,,0.8175329048951034,0,False,False,False,False,False,0.0006996845775719769,2972,1550,0
115,True,115,115,1,0.057500000000000044,0.0005,0.0005,0,0,0,False,False,,,none,1.14375,2.389239225919159,2.2898088887790964,1.0057275001700923,0.05151893140662295,0.05387427485059359,True,2,1,4,1,True,2,,,2,2,2,1474,,,,,,,,,7,0.8,3.3213467870513445e-06,1.1714768361863868e-06,1.665869756770513e-07,1.7838435247717974e-07,3.5303363374119874e-06,False,0.010806731191862408,0.0,0.010806731191862408,0.7553208412457769,0.7553208412457769,0.06170545113114525,0.04869760788447323,0.7631867883219049,0.7919862713536859,0.765228607703794,0.8010355987288125,-0.9715441857849931,1.150825075643619,3.140290796624407,3.096983420232697,0.9862091190923266,3.140290796624407,3.096983420232697,0.9862091190923266,-0.0003281236700711451,0.05387427485059359,0.05420239852066473,-0.0003281236700711451,0.05387427485059359,0.05420239852066473,0.019245874621781903,0.029857720928924966,0.010611846307143062,-0.009163609771278051,0.05258222543887637,0.06174583521015442,20.0,20.0,0.0,0.0,0.0,0.0,11.006308297749898,11.006311938972384,11.006308179238728,0.35962061163162906,0.0007862372265450259,1,none,1.9124788142667053,2.01513258186643,1.9124788142667053,6.180407957628793,6.166977012620949,0.6521034196064838,0.6202321851865982,1872,1.9124788142667053,0.0,1.0,0.0,,0,False,0,False,0.0013327695094581772,0.00642004380955366,,0.0013327695094581772,0.00642004380955366,,0.8161590752206073,0,False,False,False,False,False,0.0007787425351097853,2972,1550,0
116,True,116,116,1,0.058000000000000045,0.0005,0.0005,0,0,0,False,False,,,none,1.145,2.4049406799022766,2.298890059155835,1.0055791810867125,0.053023636667325826,0.05405099786828991,True,2,1,4,1,True,2,,,2,2,2,1037,,,,,,,,,7,0.8,3.4009640287188714e-06,1.2099424957462857e-06,1.6999674606988402e-07,1.8348708254777418e-07,3.6184366197003767e-06,False,0.010818899460616836,0.0,0.010818899460616836,0.7495405546053524,0.7495405546053524,0.06882440401341237,0.054245423151786244,0.7575186903650217,0.7867533665793164,0.7597128320188621,0.7961162413986453,-0.9701745371171622,1.1526349349351728,3.140290796624407,3.0894877170503463,0.9838221735297029,3.140290796624407,3.0894877170503463,0.9838221735297029,-0.0003343060770434275,0.05405099786828991,0.054385303945333335,-0.0003343060770434275,0.05405099786828991,0.054385303945333335,0.019236825325324138,0.02985087268558581,0.010614047360261673,-0.009113168899360913,0.0528357236750149,0.061948892574375816,20.0,20.0,0.0,0.0,0.0,0.0,11.059494682491879,11.059498352016437,11.0594945596477,0.37167806690624855,0.0008107387955631346,1,none,1.9182353409919934,2.0269632164542823,1.9182353409919934,6.330444038308412,6.320659152089426,0.6403857941680554,0.6069731953060246,1883,1.9182353409919934,0.0,1.0,0.0,,0,False,0,False,0.001727004081635928,0.0058620372187761375,,0.001727004081635928,0.0058620372187761375,,0.8208255330411378,0,False,False,False,False,False,0.0006832219648484139,2972,1550,0
117,True,117,117,1,0.058500000000000045,0.0005,0.0005,0,0,0,False,False,,,none,1.1462500000000002,2.420642133885399,2.3076013859542277,1.005433080766937,0.05458659319187376,0.054191897997295485,True,2,1,4,1,True,2,,,2,2,2,971,,,,,,,,,7,0.8,3.494500174292078e-06,1.253036652692953e-06,1.735003244794721e-07,1.8921849258870352e-07,3.7212280663312407e-06,False,0.01076831661263429,0.0,0.01076831661263429,0.7435601873646497,0.7435601873646497,0.07702260981636035,0.06065245866229419,0.7516293031209684,0.7813366360691024,0.7539162442702936,0.7910614832054279,-0.9687192807797108,1.1544974812362792,3.140290796624407,3.0816335216168107,0.9813210690326358,3.140290796624407,3.0816335216168107,0.9813210690326358,-0.00032801952884989197,0.054191897997295485,0.05451991752614538,-0.00032801952884989197,0.054191897997295485,0.05451991752614538,0.019227512593818608,0.02984359640389855,0.010616083810079942,-0.008975121238547913,0.05306447164820009,0.062039592886748006,20.0,20.0,0.0,0.0,0.0,0.0,11.113704928186147,11.113708625556006,11.113704800816349,0.38455977388074336,0.000835378596751616,1,none,1.9280573954349551,2.0430992422061136,1.9280573954349551,6.280738870824481,6.263729656258437,0.6505920033379491,0.6156259932158876,1898,1.9280573954349551,0.0,1.0,0.0,,0,False,0,False,0.0029187790534671945,0.007542862868980983,,0.0029187790534671945,0.007542862868980983,,0.8260867250455585,0,False,False,False,False,False,0.0020604617079358588,2972,1550,0
118,True,118,118,1,0.059000000000000045,0.0005,0.0005,0,0,0,False,False,,,none,1.1475000000000002,2.436343587868517,2.3159250441050494,1.0052889045015736,0.05620867529671607,0.05429601620062639,True,2,1,4,1,True,2,,,2,2,2,1263,,,,,,,,,7,0.8,3.6003953892218714e-06,1.3008325772824135e-06,1.7709108044984936e-07,1.9545883749585777e-07,3.837261752966488e-06,False,0.010652038137627183,0.0,0.010652038137627183,0.7373689240478576,0.7373689240478576,0.0847117281640153,0.06662680195663437,0.7455275711352052,0.7757263614596763,0.7478463551236288,0.7861142377616892,-0.9671744060928951,1.1564170550155117,3.140290796624407,3.073406629306233,0.9787012822538379,3.140290796624407,3.073406629306233,0.9787012822538379,-0.0003088273265877885,0.05429601620062639,0.05460484352721418,-0.0003088273265877885,0.05429601620062639,0.05460484352721418,0.01921791472492244,0.029835872030464474,0.010617957305542033,-0.008970897373870652,0.053266836937515466,0.062237734311386114,20.0,20.0,0.0,0.0,0.0,0.0,11.169042479149885,11.169046203741791,11.169042347058198,0.3983570156932941,0.0008600980134581483,1,none,1.9430297312589708,2.0645705403253976,1.9430297312589708,6.379682751105945,6.362725511057971,0.6472329803445149,0.6107539066024839,1918,1.9430297312589708,0.0,1.0,0.0,,0,False,0,False,0.002394115706150775,0.008002227203862705,,0.002394115706150775,0.008002227203862705,,0.8260068378964445,0,False,False,False,False,False,0.0006973429716994336,2972,1550,0
119,True,119,119,1,0.059500000000000046,0.0005,0.0005,0,0,0,False,False,,,none,1.1487500000000002,2.452045041851635,2.3238423020955246,1.0051463875317996,0.057892290236841205,0.05436281251202399,True,2,1,4,1,True,2,,,2,2,2,1135,,,,,,,,,7,0.8,3.719473117400881e-06,1.3538134616552563e-06,1.80769751949563e-07,2.0222698964822967e-07,3.967475849780174e-06,False,0.010467787933035592,0.0,0.010467787933035592,0.7309563964769429,0.7309563964769429,0.09263058198022295,0.07276741899241379,0.7392385631145791,0.7699136074536892,0.741715926118471,0.7807313744676904,-0.9655357608703888,1.1583982771568426,3.140290796624407,3.064792040672271,0.9759580367419183,3.140290796624407,3.064792040672271,0.9759580367419183,-0.000276976998123479,0.05436281251202399,0.05463978951014747,-0.000276976998123479,0.05436281251202399,0.05463978951014747,0.019208008614215785,0.029827678804351946,0.010619670190136161,-0.008816498159088991,0.053441311192003814,0.062257809351092805,20.0,20.0,0.0,0.0,0.0,0.0,11.225618448117478,11.225622199172847,11.225618311100028,0.41316316176887335,0.000884840662437768,1,none,1.953215745826017,2.081740221469514,1.953215745826017,6.67599266938081,6.681657862789262,0.6236496427017776,0.5846500332510728,1934,1.953215745826017,0.0,1.0,0.0,,0,False,0,False,0.0018816511775324837,0.007107921801223981,,0.0018816511775324837,0.007107921801223981,,0.8275732482204263,0,False,False,False,False,False,0.0010307288907762207,2972,1550,0
120,True,120,120,1,0.060000000000000046,0.0005,0.0005,0,0,0,False,False,,,none,1.1500000000000001,2.467746495834757,2.331333704506343,1.0050052439960997,0.05964002988294617,0.054392241344074194,True,2,1,4,1,True,2,,,2,2,2,1270,,,,,,,,,7,0.8,3.850735418645245e-06,1.4122768672504578e-06,1.8452379969804623e-07,2.0950306218539035e-07,4.111037555155608e-06,False,0.010433495725398631,0.0,0.010433495725398631,0.7243115901050609,0.7243115901050609,0.10109621632419227,0.07933385457569243,0.7327275587077181,0.7638415880881994,0.7352480593747406,0.7750437524993804,-0.9637991069622052,1.1604460760095168,3.140290796624407,3.055774258473543,0.9730863975267152,3.140290796624407,3.055774258473543,0.9730863975267152,-0.00023481208959935616,0.054392241344074194,0.05462705343367355,-0.00023481208959935616,0.054392241344074194,0.05462705343367355,0.01919776961995242,0.029818995534811026,0.010621225914858607,-0.008487708036464012,0.05358624673894646,0.06207395477541047,20.0,20.0,0.0,0.0,0.0,0.0,11.283551688084561,11.283555464728588,11.28355154592512,0.4290635907024233,0.0009095521538827184,1,none,1.957513966255895,2.0935509124370677,1.957513966255895,7.024791514360229,7.061806597866977,0.596046418789052,0.5543946691621838,1945,1.957513966255895,0.0,1.0,0.0,,0,False,0,False,0.0016585442669223187,0.006065096122736104,,0.0016585442669223187,0.006065096122736104,,0.8288513513544643,0,False,False,False,False,False,0.0010664249102846917,2972,1550,0
121,True,121,121,1,0.06050000000000005,0.0005,0.0005,0,0,0,False,False,,,none,1.15125,2.483447949817876,2.338379035755893,1.004865163697285,0.06146705499771749,0.05438413451329207,True,2,1,4,1,True,2,,,2,2,2,1288,,,,,,,,,7,0.8,3.991376163017765e-06,1.4759288165893162e-06,1.8832761197592162e-07,2.172044167096592e-07,4.26521917308078e-06,False,0.010477269129881107,0.0,0.010477269129881107,0.7174230579202279,0.7174230579202279,0.11007643789251849,0.08630154497773025,0.7259795426986807,0.7576001664506905,0.7287004952371621,0.7691349421613869,-0.9619600723753761,1.1625657230687656,3.140290796624407,3.046337239811369,0.9700812558779487,3.140290796624407,3.046337239811369,0.9700812558779487,-0.00020027554737486077,0.05438413451329207,0.05458441006066693,-0.00020027554737486077,0.05438413451329207,0.05458441006066693,0.01918717138465617,0.029809800361876877,0.010622628977220706,-0.008048073896308506,0.05369977820856427,0.06174785210487277,20.0,20.0,0.0,0.0,0.0,0.0,11.342968823745997,11.342972625047866,11.342968676208534,0.4461303824567551,0.0009341814065690883,1,none,1.9669139548639074,2.110738636886249,1.9669139548639074,7.222812178831659,7.272931709765125,0.5844644951650054,0.5408861332282269,1961,1.9669139548639074,0.0,1.0,0.0,,0,False,0,False,0.0010182846267189588,0.006642782769498528,,0.0010182846267189588,0.006642782769498528,,0.8271590637108883,0,False,False,False,False,False,0.0008623539115241199,2972,1550,0
122,True,122,122,1,0.06100000000000005,0.0005,0.0005,0,0,0,False,False,,,none,1.1525,2.499149403800992,2.344957387813489,1.0047258665203767,0.06337963298391767,0.0543384681213343,True,2,1,4,1,True,2,,,2,2,2,1499,,,,,,,,,7,0.8,4.138071816502141e-06,1.5445489260674147e-06,1.9214333231819382e-07,2.2521558463189973e-07,4.426839828055762e-06,False,0.010437777465254074,0.0,0.010437777465254074,0.710278492058432,0.710278492058432,0.11937489686461104,0.09350888920868934,0.718984633368862,0.7511225732382205,0.7217753804199325,0.7629313865816832,-0.9600142485406866,1.1647628470621245,3.140290796624407,3.0364645098340084,0.9669373655134089,3.140290796624407,3.0364645098340084,0.9669373655134089,-0.0001535515956000609,0.0543384681213343,0.05449201971693436,-0.0001535515956000609,0.0543384681213343,0.05449201971693436,0.01917618576468938,0.029800071242703435,0.010623885478014055,-0.007907118697511678,0.053779958832488664,0.06168707753000034,20.0,20.0,0.0,0.0,0.0,0.0,11.404004658609288,11.404008483676083,11.404004505429096,0.46442783252439807,0.0009586809359482586,1,none,1.9814690860386364,2.133315232941234,1.9814690860386364,7.073505666038617,7.097924869054212,0.603184710286931,0.5583234882289376,1982,1.9814690860386364,0.0,1.0,0.0,,0,False,0,False,0.0020446971556657696,0.007192681835226193,,0.0020446971556657696,0.007192681835226193,,0.8302605278573333,0,False,False,False,False,False,0.0011644361992256796,2972,1550,0
123,True,123,123,1,0.06150000000000005,0.0005,0.0005,0,0,0,False,False,,,none,1.15375,2.5148508577841127,2.3510471280390504,1.0045870741743577,0.06536518218698517,0.054255248661079024,True,2,1,4,1,True,2,,,2,2,2,1726,,,,,,,,,7,0.8,4.2866550378950295e-06,1.6168710021875714e-06,1.9593117425820357e-07,2.3332174282099618e-07,4.591569591364712e-06,False,0.010309451052574251,0.0,0.010309451052574251,0.7028648092870288,0.7028648092870288,0.12837181125690086,0.10043986382733411,0.7117256167011872,0.7443974291131723,0.7147020827102001,0.7566002459856561,-0.9579570568485215,1.167043468523618,3.140290796624407,3.0261391613670394,0.9636493424812528,3.140290796624407,3.0261391613670394,0.9636493424812528,-0.00013968269744427223,0.054255248661079024,0.054394931358523295,-0.00013968269744427223,0.054255248661079024,0.054394931358523295,0.01916478265738191,0.029789785284242604,0.010625002626860693,-0.007590339310827844,0.0538248093926456,0.06141514870347344,20.0,20.0,0.0,0.0,0.0,0.0,11.466801936773512,11.46680578483927,11.466801777647486,0.48401117212024686,0.000983007645533907,1,none,1.9889954937213565,2.149414997262396,1.9889954937213565,6.623014222700396,6.595811864000681,0.6490745527603643,0.603108619448989,1997,1.9889954937213565,0.0,1.0,0.0,,0,False,0,False,5.648591048600547e-05,0.0055112287170402535,,5.648591048600547e-05,0.0055112287170402535,,0.8283948175570249,0,False,False,False,False,False,0.0026038948796210048,2972,1550,0
124,True,124,124,1,0.06200000000000005,0.0005,0.0005,0,0,0,False,False,,,none,1.155,2.5305523117672304,2.3566255451641336,1.004448467654374,0.06744415507736504,0.054134903841659705,True,2,1,4,1,True,2,,,2,2,2,1507,,,,,,,,,7,0.8,4.437972352242514e-06,1.6924484552972709e-06,1.9967611884808348e-07,2.415163670513832e-07,4.760061037539225e-06,False,0.010087773268814031,0.0,0.010087773268814031,0.6951693581352867,0.6951693581352867,0.1383427838106587,0.1081519182977056,0.7041756698562173,0.7372452267417124,0.7072555217921043,0.749943132885414,-0.9557839265401981,1.169414048592854,3.140290796624407,3.015343331535149,0.960211498494481,3.140290796624407,3.015343331535149,0.960211498494481,-0.00013123401340021397,0.054134903841659705,0.05426613785505992,-0.00013123401340021397,0.054134903841659705,0.05426613785505992,0.019152929757035732,0.02977891963270099,0.010625989875665258,-0.0070783934197394816,0.053832321800796425,0.060910715220535906,20.0,20.0,0.0,0.0,0.0,0.0,11.531511451993135,11.531515322449277,11.531511286570641,0.5049437408993659,0.001007125880443606,1,none,1.994928281306078,2.1644281561569834,1.994928281306078,6.521301403487846,6.472361157167749,0.6638025210732823,0.6164452918690471,2011,1.994928281306078,0.0,1.0,0.0,,0,False,0,False,-0.0010070437730586052,0.005805198361505394,,-0.0010070437730586052,0.005805198361505394,,0.8308202063906859,0,False,False,False,False,False,0.001103409959918552,2972,1550,0
125,True,125,125,1,0.06250000000000004,0.0005,0.0005,0,0,0,False,False,,,none,1.15625,2.5462537657503588,2.361668818888794,1.0043097230106852,0.06961200260035341,0.05397795295161932,True,2,1,4,1,True,2,,,2,2,2,877,,,,,,,,,7,0.8,4.595832950881473e-06,1.7716147619621165e-06,2.0338431791319218e-07,2.499780757743127e-07,4.936005834310859e-06,False,0.00990642582181303,0.0,0.00990642582181303,0.6871797068019474,0.6871797068019474,0.14774597558812577,0.11536101380866536,0.6963182016125707,0.7299959079594309,0.6995271400287711,0.7433252397713702,-0.9534901592689414,1.171881541307907,3.140290796624407,3.0040581888115754,0.9566178368069377,3.140290796624407,3.0040581888115754,0.9566178368069377,-0.00010847194541314324,0.05397795295161932,0.05408642489703246,-0.00010847194541314324,0.05397795295161932,0.05408642489703246,0.019140592293460466,0.029767450796344706,0.01062685850288424,-0.006359711109015332,0.053800439345455725,0.060160150454471054,20.0,20.0,0.0,0.0,0.0,0.0,11.598291795129516,11.598295687503464,11.598291623008107,0.5273043487984086,0.0010310081366201886,1,none,1.9959571893933346,2.1751258096290953,1.9959571893933346,6.420209774776175,6.352932589038129,0.6775871461941213,0.6283577423243315,2021,1.9959571893933346,0.0,1.0,0.0,,0,False,0,False,0.0003548687238641934,0.005065142837960006,,0.0003548687238641934,0.005065142837960006,,0.8288285421679645,0,False,False,False,False,False,0.0015499960732868103,2972,1550,0
126,True,126,126,1,0.06300000000000004,0.0005,0.0005,0,0,0,False,False,,,none,1.1575000000000002,2.561955219733477,2.3661517542545925,1.00417052243787,0.07186411353476758,0.05378492366086702,True,2,1,4,1,True,1,,,2,1,2,264,,,,,,,,,8,0.8,1.8467562873768545e-06,5.819967396322461e-07,5.2025235842952726e-08,9.971792161849251e-08,1.939556464495152e-06,False,0.01021649977219876,0.0,0.01021649977219876,0.678877743266569,0.678877743266569,0.15811772575795333,0.12334401378899226,0.688138237648657,0.7223320913839859,0.6914907893658105,0.7362815584738961,-0.9510711377708456,1.174454237082695,3.140290796624407,2.9922641204636116,0.952862111903804,3.140290796624407,2.9922641204636116,0.952862111903804,-7.551408674551575e-05,0.05378492366086702,0.05386043774761253,-7.551408674551575e-05,0.05378492366086702,0.05386043774761253,0.019127728814586523,0.029755355688854224,0.010627626874267701,-0.006243933090534042,0.053727119795230385,0.05997105288576443,20.0,20.0,0.0,0.0,0.0,0.0,11.667309556575661,11.667313470970488,11.667309377561601,0.5512143335542249,0.001054636255007975,1,none,2.000720740183092,2.1900024406592236,2.000720740183092,6.511123432864251,6.447004280179736,0.6726957224018832,0.6206667944471456,2035,2.000720740183092,0.0,1.0,0.0,,0,False,0,False,0.002102175897607701,0.006896643681621877,,0.002102175897607701,0.006896643681621877,,0.8321583775250541,0,False,False,False,False,False,0.002531299606871867,2972,1550,0
127,True,127,127,1,0.06350000000000004,0.0005,0.0005,0,0,0,False,False,,,none,1.1587500000000002,2.5776566737165933,2.370049201825477,1.0040305647480303,0.07420334923807995,0.053556829378449786,True,2,1,4,1,True,1,,,2,1,2,231,,,,,,,,,8,0.8,1.9230943060716253e-06,6.105309743943003e-07,5.357658092547342e-08,1.0364610303742769e-07,2.0210523856244966e-06,False,0.010479905568397244,0.0,0.010479905568397244,0.6702574277697548,0.6702574277697548,0.16927387638225003,0.13195484784885342,0.6796296641330757,0.7145445428538126,0.6831701337083119,0.7288845557755643,-0.9485221309922883,1.1771392812583459,3.140290796624407,2.9799410703205425,0.9489379370610425,3.140290796624407,2.9799410703205425,0.9489379370610425,-3.476945344092291e-05,0.053556829378449786,0.053591598831890706,-3.476945344092291e-05,0.053556829378449786,0.053591598831890706,0.019114303593708273,0.02974261065496144,0.010628307061253166,-0.006315982567178673,0.05361068204272092,0.059926664609899594,20.0,20.0,0.0,0.0,0.0,0.0,11.73873765805958,11.738741593574476,11.738737471384683,0.5767681936010414,0.0010779952364248014,1,none,2.009357189524902,2.2091495262954,2.009357189524902,6.5986720333073325,6.530296413000899,0.6695739734129954,0.6153954008962151,2053,2.009357189524902,0.0,1.0,0.0,,0,False,0,False,0.0002978684458381494,0.004792832593316788,,0.0002978684458381494,0.004792832593316788,,0.8299724726683031,0,False,False,False,False,False,0.0027715602962567086,2972,1550,0
128,True,128,128,1,0.06400000000000004,0.0005,0.0005,0,0,0,False,False,,,none,1.1600000000000001,2.593358127699714,2.3733339855362354,1.003889628256878,0.07663395769406389,0.05346275318607582,True,2,1,4,1,True,1,,,2,1,2,222,,,,,,,,,8,0.8,2.013959488233099e-06,6.427462850515076e-07,5.5506168053770665e-08,1.0831490867948219e-07,2.1175383494345264e-06,False,0.010689606305200439,0.0,0.010689606305200439,0.6613009199070815,0.6613009199070815,0.1803145630999324,0.14043274069447867,0.6707398016119888,0.7062466438299891,0.6744656940196764,0.7211499157040175,-0.9458386359924126,1.1799454305292025,3.140290796624407,2.9670680888361516,0.9448386410664713,3.140290796624407,2.9670680888361516,0.9448386410664713,1.992547554666484e-05,0.05346275318607582,0.05344282771052916,1.992547554666484e-05,0.05346275318607582,0.05344282771052916,0.01910027284735399,0.029729193179962064,0.010628920332608073,-0.0062076771484137205,0.053449696350608686,0.059657373499022406,20.0,20.0,0.0,0.0,0.0,0.0,11.812755761018387,11.812759717213078,11.81275556612431,0.6041370384517494,0.0011010835832642224,1,none,2.0130310262788673,2.223963699317644,2.0130310262788673,6.690272843207374,6.619652085780388,0.6648349780160705,0.6081984370758821,2067,2.0130310262788673,0.0,1.0,0.0,,0,False,0,False,0.0006687308806662786,0.005197213528314852,,0.0006687308806662786,0.005197213528314852,,0.8341499342707303,0,False,False,False,False,False,0.0005486919774851429,2972,1550,0
129,True,129,129,1,0.06450000000000004,0.0005,0.0005,0,0,0,False,False,,,none,1.1612500000000001,2.609059581682832,2.3759783137472654,1.0037474783518292,0.07918485347612825,0.05357800384847155,True,2,1,4,1,True,1,,,2,1,2,252,,,,,,,,,8,0.8,2.118964424690072e-06,6.784556885438879e-07,5.782916234986243e-08,1.1363700919670231e-07,2.2285802512579497e-06,False,0.010838686678791787,0.0,0.010838686678791787,0.6519927010757169,0.6519927010757169,0.19175245039998606,0.14920818871446756,0.6616156179889698,0.6976813864308378,0.665529238688052,0.7132774911794176,-0.943015926770225,1.182882095702975,3.140290796624407,2.953623759711812,0.9405574040744096,3.140290796624407,2.953623759711812,0.9405574040744096,8.809516520600109e-05,0.05357800384847155,0.05348990868326555,8.809516520600109e-05,0.05357800384847155,0.05348990868326555,0.019085589521485126,0.029715079633851123,0.010629490112365997,-0.0059091457843558105,0.05324303840479676,0.059152184189152565,20.0,20.0,0.0,0.0,0.0,0.0,11.889549924043827,11.889553900367853,11.889549720324657,0.6335047961303395,0.001123908540744829,1,none,2.0160020137364443,2.2386039112384104,2.0160020137364443,6.487046271282842,6.386246382077116,0.6901766436130928,0.6313574181523335,2081,2.0160020137364443,0.0,1.0,0.0,,0,False,0,False,0.001337333028475833,0.004642407693315491,,0.001337333028475833,0.004642407693315491,,0.8317816825507779,0,False,False,False,False,False,0.0008688143337934102,2972,1550,0
130,True,130,130,1,0.06500000000000004,0.0005,0.0005,0,0,0,False,False,,,none,1.1625,2.6247610356659496,2.3779533161118405,1.0036038710835855,0.08187320391169764,0.05367311056472581,True,2,1,4,1,True,1,,,2,1,2,265,,,,,,,,,8,0.8,2.241448207424866e-06,7.185055775508672e-07,6.05534625096427e-08,1.1969256300920912e-07,2.357611792259589e-06,False,0.011099524678747467,0.0,0.011099524678747467,0.6423165681555876,0.6423165681555876,0.20359303805138781,0.15828422838098588,0.6520574875351326,0.6888805215102729,0.6561839544258486,0.7053723213941104,-0.9400495957090947,1.185959404215721,3.140290796624407,2.9395859362197014,0.9360871736399542,3.140290796624407,2.9395859362197014,0.9360871736399542,9.021077320799755e-05,0.05367311056472581,0.05358289979151781,9.021077320799755e-05,0.05367311056472581,0.05358289979151781,0.01907020297892139,0.02970024797854547,0.01063004499962408,-0.0057545739768213346,0.05326393044556203,0.059018504422383364,20.0,20.0,0.0,0.0,0.0,0.0,11.969312012173908,11.969316007901192,11.96931179898369,0.665086774540446,0.0011464878184003877,1,none,2.017579938457586,2.2524657462941775,2.017579938457586,6.344873527033903,6.211098467400738,0.710011235589485,0.6496692812219788,2094,2.017579938457586,0.0,1.0,0.0,,0,False,0,False,0.000643211345900562,0.00476273136596107,,0.000643211345900562,0.00476273136596107,,0.8338213200368421,0,False,False,False,False,False,0.0007044733468485842,2972,1550,0
131,True,131,131,1,0.06550000000000004,0.0005,0.0005,0,0,0,False,False,,,none,1.16375,2.6404624896490736,2.379229108307537,1.003458606073253,0.08466723983384825,0.05379607817170741,True,2,1,4,1,True,1,,,2,1,2,277,,,,,,,,,8,0.8,2.3848665961746575e-06,7.633794306528474e-07,6.36587356624613e-08,1.265868349303407e-07,2.508069675686341e-06,False,0.01134753362579645,0.0,0.01134753362579645,0.63225581915845,0.63225581915845,0.21574232434990687,0.16757929578575975,0.6421550593066844,0.6796682817584374,0.6465470081185335,0.6972363500731743,-0.9369354431619732,1.1891882720896354,3.140290796624407,2.9249318363101247,0.9314206950051319,3.140290796624407,2.9249318363101247,0.9314206950051319,9.741437812877434e-05,0.05379607817170741,0.053698663793578634,9.741437812877434e-05,0.05379607817170741,0.053698663793578634,0.019054058639551823,0.029684677215809866,0.010630618576258043,-0.005356402376984662,0.053866526736650856,0.05922292911363552,20.0,20.0,0.0,0.0,0.0,0.0,12.052238877132705,12.052242891329673,12.052238653789,0.6991110614136824,0.0011688507892893864,1,none,2.0183868122741946,2.2661812649131807,2.0183868122741946,6.491068878159275,6.358046365274095,0.6982459460685372,0.6349078620433061,2107,2.0183868122741946,0.0,1.0,0.0,,0,False,0,False,0.0011497269933805777,0.005268640580532762,,0.0011497269933805777,0.005268640580532762,,0.834017982840009,0,False,False,False,False,False,0.0007158926138260168,2972,1550,0
132,True,132,132,1,0.06600000000000004,0.0005,0.0005,0,0,0,False,False,,,none,1.165,2.6561639436321913,2.379775267905126,1.003311591057558,0.08757288223594474,0.053963678151523434,True,2,1,4,1,True,1,,,2,1,2,274,,,,,,,,,8,0.8,2.5522345064889742e-06,8.144768010244127e-07,6.712433382455334e-08,1.3455020921979148e-07,2.6832597471196222e-06,False,0.01153396548944386,0.0,0.01153396548944386,0.6217927295052686,0.6217927295052686,0.2281602315327101,0.1770558848894759,0.6318374377545268,0.6700362376751074,0.636716610195072,0.6883059754268472,-0.9336694508039112,1.1925804818270875,3.140290796624407,2.909638618605632,0.9265506945195299,3.140290796624407,2.909638618605632,0.9265506945195299,0.00012194931051640967,0.053963678151523434,0.053841728841007026,0.00012194931051640967,0.053963678151523434,0.053841728841007026,0.01903709759086456,0.029668347254019553,0.010631249663154992,-0.004867387123024383,0.055036603932401104,0.05990399105542549,20.0,20.0,0.0,0.0,0.0,0.0,12.138531497733736,12.138535529209069,12.138531263529933,0.7358196121184816,0.001191037583063868,1,none,2.019744127654496,2.2810801712744047,2.019744127654496,6.488089580692897,6.3499820159918805,0.7031592714324996,0.6361416843600329,2121,2.019744127654496,0.0,1.0,0.0,,0,False,0,False,0.0027353441168257073,0.006155048397983844,,0.0027353441168257073,0.006155048397983844,,0.8351130970872566,0,False,False,False,False,False,0.001816562820548961,2972,1550,0
133,True,133,133,1,0.06650000000000005,0.0005,0.0005,0,0,0,False,False,,,none,1.1662500000000002,2.671865397615313,2.3795604329449906,1.0031627193826533,0.0905955055992355,0.054127419117946295,True,2,1,4,1,True,1,,,2,1,2,277,,,,,,,,,8,0.8,2.7452580954550108e-06,8.727828802399302e-07,7.099594631570879e-08,1.4377234529072956e-07,2.8851174808601535e-06,False,0.01165126630343924,0.0,0.01165126630343924,0.6109091728635971,0.6109091728635971,0.24187043428125493,0.18759937977110203,0.6212107987465806,0.6601190024584049,0.6265013409432941,0.6795492861350181,-0.9302480807915623,1.1961487737506893,3.140290796624407,2.893682859165657,0.9214697130202603,3.140290796624407,2.893682859165657,0.9214697130202603,0.00016286365717839253,0.054127419117946295,0.0539645554607679,0.00016286365717839253,0.054127419117946295,0.0539645554607679,0.019019256131246554,0.02965124040395781,0.010631984272711257,-0.004589387952255903,0.05662983303004896,0.06121922098230487,20.0,20.0,0.0,0.0,0.0,0.0,12.228393971962348,12.228398019371339,12.228393726176906,0.7754481594250133,0.0012131023804522584,1,none,2.014908966394494,2.290501907969373,2.014908966394494,6.72404896643046,6.60575290275997,0.681286504427499,0.6100467262566357,2130,2.014908966394494,0.0,1.0,0.0,,0,False,0,False,0.0025750643482204587,0.005204685767829065,,0.0025750643482204587,0.005204685767829065,,0.8352285861811315,0,False,False,False,False,False,0.0009637835509173524,2972,1550,0
134,True,134,134,1,0.06700000000000005,0.0005,0.0005,0,0,0,False,False,,,none,1.1675000000000002,2.6875668515984303,2.378553265726011,1.0030119865164273,0.09375753414379827,0.05426000280848383,True,2,1,4,1,True,2,,,2,2,2,1739,,,,,,,,,8,0.8,2.9605236602727786e-06,9.394968127268255e-07,7.53576019977356e-08,1.5414669446905983e-07,3.1107546633820838e-06,False,0.011692131747603522,0.0,0.011692131747603522,0.5995856557677772,0.5995856557677772,0.2561639182820451,0.1986042206864694,0.6099921152181659,0.6499815984048016,0.6158392610569331,0.6700460585482101,-0.9266683201682517,1.199906932578974,3.140290796624407,2.877041701504471,0.9161704720458022,3.140290796624407,2.877041701504471,0.9161704720458022,0.00021735601986328263,0.05426000280848383,0.05404264678862055,0.00021735601986328263,0.05426000280848383,0.05404264678862055,0.01900046533710513,0.02963334160084126,0.01063287626373613,-0.0040339364141255,0.058317235769600094,0.062351172183725594,20.0,20.0,0.0,0.0,0.0,0.0,12.322032402848295,12.322036465000334,12.322032144744211,0.8182134247944483,0.0012351097040838358,1,none,2.0147548595055795,2.305245634863285,2.0147548595055795,7.016270073381121,6.929384159587749,0.657114281734709,0.5815105103439506,2144,2.0147548595055795,0.0,1.0,0.0,,0,False,0,False,0.0016296158575364334,0.005121571222536392,,0.0016296158575364334,0.005121571222536392,,0.836752111026532,0,False,False,False,False,False,0.0009490947666992528,2972,1550,0
135,True,135,135,1,0.06750000000000005,0.0005,0.0005,0,0,0,False,False,,,none,1.1687500000000002,2.70326830558155,2.376721815729074,1.0028593379171258,0.09706957476657552,0.054360815502170694,True,2,1,4,1,True,2,,,2,2,2,1756,,,,,,,,,8,0.8,3.1915502584619877e-06,1.0124522174039994e-06,8.02360190707112e-08,1.6555859430667306e-07,3.353341618702183e-06,False,0.01164969560237504,0.0,0.01164969560237504,0.5877830724154648,0.5877830724154648,0.2701002794628364,0.20924519662302077,0.5984669529930637,0.639141107770032,0.6045235749840152,0.6601369879531803,-0.9229278737923227,1.20386990504601,3.140290796624407,2.859691950273878,0.9106455852266442,3.140290796624407,2.859691950273878,0.9106455852266442,0.0002825263278722469,0.054360815502170694,0.054078289174298445,0.0002825263278722469,0.054360815502170694,0.054078289174298445,0.01898065047476995,0.02961463936896161,0.010633988894191659,-0.0033633550644345256,0.060105981565661534,0.06346933663009606,20.0,20.0,0.0,0.0,0.0,0.0,12.419653956331558,12.419658032542486,12.419653685144052,0.8643128943911375,0.0012571405914289571,1,none,2.0216577963756994,2.3276797590302767,2.0216577963756994,7.003062056509534,6.904146589630609,0.6647605690903841,0.5856358262763548,2165,2.0216577963756994,0.0,1.0,0.0,,0,False,0,False,0.00010975268472181966,0.0058192700540205,,0.00010975268472181966,0.0058192700540205,,0.8428434633364513,0,False,False,False,False,False,0.0016723539468462992,2972,1550,0
136,True,136,136,1,0.06800000000000005,0.0005,0.0005,0,0,0,False,False,,,none,1.1700000000000002,2.71896975956467,2.3740329522493697,1.0027047545780834,0.10051722794503641,0.05443062183035473,True,2,1,4,1,True,2,,,2,2,2,1013,,,,,,,,,8,0.8,3.4383421393481367e-06,1.0926077743914251e-06,8.575297308475909e-08,1.7786790855903777e-07,3.613167444385293e-06,False,0.01151776286086308,0.0,0.01151776286086308,0.5754755004396486,0.5754755004396486,0.2841060650573185,0.2198878761169582,0.5863841187296461,0.6277404858147055,0.5926714167083917,0.6501278111442121,-0.9190249017750632,1.2080539518019033,3.140290796624407,2.841609312212676,0.9048873165718306,3.140290796624407,2.841609312212676,0.9048873165718306,0.00033231313596163105,0.05443062183035473,0.054098308694393096,0.00033231313596163105,0.05443062183035473,0.054098308694393096,0.018959730240990486,0.029595124508875317,0.010635394267884832,-0.0031275807863240176,0.06200366212561457,0.06513124291193859,20.0,20.0,0.0,0.0,0.0,0.0,12.521466138247764,12.521470228484013,12.521465853193957,0.9139469937789109,0.0012792956939241314,1,none,2.0149704805041697,2.3373405565566823,2.0149704805041697,7.058872073499876,6.9607187318105055,0.6622419367341785,0.5789547195164627,2174,2.0149704805041697,0.0,1.0,0.0,,0,False,0,False,-0.0006499611864135874,0.005747689618896924,,-0.0006499611864135874,0.005747689618896924,,0.8397952524714684,0,False,False,False,False,False,0.0007630785835600593,2972,1550,0
137,True,137,137,1,0.06850000000000005,0.0005,0.0005,0,0,0,False,False,,,none,1.1712500000000001,2.734671213547787,2.370452327321212,1.0025481306649278,0.10410678070150431,0.05446928669169388,True,2,1,4,1,True,2,,,2,2,2,1241,,,,,,,,,8,0.8,3.7021201721220926e-06,1.1805678193274187e-06,9.183915054262351e-08,1.9101512150586018e-07,3.891574919114509e-06,False,0.01129092217324201,0.0,0.01129092217324201,0.5626705707892082,0.5626705707892082,0.2998533480004548,0.2320153898909687,0.5739879300231575,0.6161407234544737,0.5805727090195324,0.6397629345599495,-0.9149755314593847,1.2124768215640591,3.140290796624407,2.822768487359455,0.8988876095149321,3.140290796624407,2.822768487359455,0.8988876095149321,0.00032568098381818963,0.05446928669169388,0.05414360570787569,0.00032568098381818963,0.05446928669169388,0.05414360570787569,0.018937615892179707,0.02957487765729692,0.010637261765117215,-0.003233175921397588,0.06401846534579483,0.06725164126719242,20.0,20.0,0.0,0.0,0.0,0.0,12.627674938671825,12.627679043691394,12.627674638956378,0.9673006597782805,0.001301694734511389,1,none,2.022929842879332,2.362294587721011,2.022929842879332,7.436754492049784,7.3731900902642415,0.6353025611498692,0.5487258074494683,2197,2.022929842879332,0.0,1.0,0.0,,0,False,0,False,0.00035927293578820696,0.0038580486151977233,,0.00035927293578820696,0.0038580486151977233,,0.8366161222515548,0,False,False,False,False,False,0.0021422643712384684,2972,1550,0
138,True,138,138,1,0.06900000000000005,0.0005,0.0005,0,0,0,False,False,,,none,1.1725,2.7503726675309057,2.365945346964521,1.0023895078730178,0.10787027431390588,0.05447721266741458,True,2,1,4,1,True,2,,,2,2,2,1839,,,,,,,,,8,0.8,3.983571751396238e-06,1.2774031752832212e-06,9.832562430613671e-08,2.0507658139362168e-07,4.189549749481086e-06,False,0.011377843958898298,0.0,0.011377843958898298,0.5493514372736185,0.5493514372736185,0.31531412488656113,0.24383723488163445,0.561104078886951,0.6040540577301337,0.5678581235633644,0.6292247384618344,-0.9107637815069027,1.2171837716875966,3.140290796624407,2.80314429854647,0.8926384465921607,3.140290796624407,2.80314429854647,0.8926384465921607,0.0003413379930690033,0.05447721266741458,0.05413587467434557,0.0003413379930690033,0.05447721266741458,0.05413587467434557,0.01891408114156202,0.029553818907534515,0.010639737765972497,-0.003388064356073965,0.0661593278788867,0.06954739223496068,20.0,20.0,0.0,0.0,0.0,0.0,12.738483099913347,12.738487221618591,12.738482784727989,1.024546951943748,0.0013244745306986133,1,none,2.022024510019139,2.379212665845512,2.022024510019139,7.220941047434965,7.133714910657727,0.6589757900573526,0.5668924355242305,2213,2.022024510019139,0.0,1.0,0.0,,0,False,0,False,0.00016390940030588534,0.002407665228738695,,0.00016390940030588534,0.002407665228738695,,0.8370205399356351,0,False,False,False,False,False,0.0014634817657601723,2972,1550,0
139,True,139,139,1,0.06950000000000005,0.0005,0.0005,0,0,0,False,False,,,none,1.17375,2.7660741215140305,2.3604777697754127,1.0022289885031854,0.11179868417374314,0.05445520061254324,True,2,1,4,1,True,2,,,2,2,2,1164,,,,,,,,,8,0.8,4.279572509422887e-06,1.3832295963042654e-06,1.0504840810104425e-07,2.2011054415135284e-07,4.504170156553961e-06,False,0.01145360737510574,0.0,0.01145360737510574,0.5355008249241322,0.5355008249241322,0.3309597901027559,0.2557690254835854,0.5474843574203064,0.5916929193517646,0.5546699938113538,0.6178790207777017,-0.9063901006785464,1.222176942819003,3.140290796624407,2.7827126048513464,0.8861321403236183,3.140290796624407,2.7827126048513464,0.8861321403236183,0.00037871928751415416,0.05445520061254324,0.05407648132502909,0.00037871928751415416,0.05445520061254324,0.05407648132502909,0.018889115285904985,0.02953195050339273,0.010642835217487746,-0.0033496022790372067,0.06843623898596599,0.07178584126500319,20.0,20.0,0.0,0.0,0.0,0.0,12.854087499785384,12.85409164141553,12.854087168313143,1.085841967400152,0.0013477863122633754,1,none,2.014964923464407,2.390819669515201,2.014964923464407,7.184045562838278,7.077398706127653,0.6655914550103811,0.5694083397392431,2224,2.014964923464407,0.0,1.0,0.0,,0,False,0,False,-0.000465630649411975,0.002595643562181143,,-0.000465630649411975,0.002595643562181143,,0.8342460413796007,0,False,False,False,False,False,0.0006570057290789527,2972,1550,0
140,True,140,140,1,0.07000000000000005,0.0005,0.0005,0,0,0,False,False,,,none,1.175,2.7817755754971443,2.3540150888638163,1.0020668707227716,0.11588884435815888,0.05440382746503125,True,2,1,4,1,True,2,,,2,2,2,1161,,,,,,,,,8,0.8,4.582922341400005e-06,1.4969046508663412e-06,1.118684474686253e-07,2.3610515831424546e-07,4.828266864663782e-06,False,0.011486993294187642,0.0,0.011486993294187642,0.5211033316235241,0.5211033316235241,0.3465114535869872,0.2675608233598844,0.5334514258183002,0.5786688397116954,0.5410344696770276,0.6068778462081537,-0.9018571816247654,1.2274764477247744,3.140290796624407,2.7614493253941887,0.879361022349444,3.140290796624407,2.7614493253941887,0.879361022349444,0.00041248663757497984,0.05440382746503125,0.05399134082745627,0.00041248663757497984,0.05440382746503125,0.05399134082745627,0.018862617761376127,0.029509285908123826,0.010646668146747699,-0.0029645284826312693,0.07086006366639969,0.07382459214903095,20.0,20.0,0.0,0.0,0.0,0.0,12.974678866437266,12.974683032524805,12.974678517846966,1.1513832260304147,0.001371802489880042,1,none,2.010599664806772,2.405975338342162,2.010599664806772,7.395101086319967,7.309020793220758,0.6506943746294213,0.5501693651416719,2238,2.010599664806772,0.0,1.0,0.0,,0,False,0,False,0.0014776011928038769,0.0009921248149820257,,0.0014776011928038769,0.0009921248149820257,,0.833335174929104,0,False,False,False,False,False,0.00251940913017728,2972,1550,0
141,True,141,141,1,0.07050000000000005,0.0005,0.0005,0,0,0,False,False,,,none,1.17625,2.797477029480267,2.3465218489144006,1.001903246547803,0.1201491002191065,0.054325177583293534,True,2,1,4,1,True,1,,,2,1,2,473,,,,,,,,,9,0.8,2.170822283543928e-06,6.222143964624416e-07,5.4199608480706077e-08,1.0935787690746875e-07,2.261529766484882e-06,False,0.01174536237640247,0.0,0.01174536237640247,0.5061366737714631,0.5061366737714631,0.36155641427676294,0.2788242573545439,0.5188968937680805,0.5651927875067949,0.5269839898720357,0.5951433179204287,-0.8971681417172368,1.2331107051992845,3.140290796624407,2.7393300503792877,0.8723173195692182,3.140290796624407,2.7393300503792877,0.8723173195692182,0.000471528575990939,0.054325177583293534,0.05385364900730259,0.000471528575990939,0.054325177583293534,0.05385364900730259,0.01883444647400358,0.029485840708586182,0.010651394234582601,-0.0026541361212566207,0.0734435905722905,0.07609772669354711,20.0,20.0,0.0,0.0,0.0,0.0,13.100439573751343,13.100443769488402,13.100439207025932,1.2214779488239118,0.001396716578762303,1,none,2.0098579474297305,2.4255479051168174,2.0098579474297305,7.098029374175629,6.9475985791410855,0.6834426225232472,0.5785763021669005,2256,2.0098579474297305,0.0,1.0,0.0,,0,False,0,False,0.00028539592132201876,0.0014867317051045481,,0.00028539592132201876,0.0014867317051045481,,0.8349597358569965,0,False,False,False,False,False,0.0012907321120611372,2972,1550,0
142,True,142,142,1,0.07100000000000005,0.0005,0.0005,0,0,0,False,False,,,none,1.1775000000000002,2.8131784834633926,2.337962154579713,1.001738411040399,0.12459902034016973,0.05422141215831037,True,2,1,4,1,True,1,,,2,1,2,507,,,,,,,,,9,0.8,2.3382112176660443e-06,6.780001922679667e-07,5.8559758051875936e-08,1.1858125731672085e-07,2.438115403130999e-06,False,0.01197682754016424,0.0,0.01197682754016424,0.4906033027971398,0.4906033027971398,0.3784261429416523,0.2917124866509573,0.5037215965949418,0.551300812841502,0.5126197313030699,0.5835725588631488,-0.8923281015220214,1.2391058774826995,3.140290796624407,2.7163295139373944,0.8649929862728823,3.140290796624407,2.7163295139373944,0.8649929862728823,0.0005174632920748003,0.05422141215831037,0.05370394886623557,0.0005174632920748003,0.05422141215831037,0.05370394886623557,0.0188044706125865,0.029461640507610107,0.010657169895023608,-0.001972970868798031,0.07619824834038957,0.0781712192091876,20.0,20.0,0.0,0.0,0.0,0.0,13.231541359669281,13.231545591550756,13.231540974081433,1.296479400121246,0.0014227426139651084,1,none,2.0037528501488553,2.440677059251883,2.0037528501488553,6.974880054225107,6.796789945706016,0.6998477508651686,0.5896174123829615,2270,2.0037528501488553,0.0,1.0,0.0,,0,False,0,False,4.918321666990932e-05,0.0019196555152146124,,4.918321666990932e-05,0.0019196555152146124,,0.8307358855552878,0,False,False,False,False,False,0.0004931728573221358,2972,1550,0
143,True,143,143,1,0.07150000000000005,0.0005,0.0005,0,0,0,False,False,,,none,1.1787500000000002,2.828879937446506,2.3283032248111253,1.001572653057037,0.12926490954721856,0.054095757588031916,True,2,1,4,1,True,1,,,2,1,2,506,,,,,,,,,9,0.8,2.5352069048861874e-06,7.388463377132103e-07,6.416482864237739e-08,1.2947293194531307e-07,2.6446263113483625e-06,False,0.012214654276593911,0.0,0.012214654276593911,0.47449195368381103,0.47449195368381103,0.39385280346621565,0.30321831867914517,0.4881225542847704,0.53704666921472,0.4976129479018122,0.5716615940605996,-0.8873435678709801,1.2454936752666395,3.140290796624407,2.6924272609675115,0.8573815087003033,3.140290796624407,2.6924272609675115,0.8573815087003033,0.00055163239853396,0.054095757588031916,0.05354412518949796,0.00055163239853396,0.054095757588031916,0.05354412518949796,0.018772531623666804,0.0294367178393549,0.010664186215688095,-0.0016114654182364276,0.0791386139526345,0.08075007937087092,20.0,20.0,0.0,0.0,0.0,0.0,13.368138783843792,13.368143058444629,13.368138378495257,1.3768566528027104,0.0014501034324244685,1,none,1.9896038841418422,2.448656009802008,1.9896038841418422,6.960266251528064,6.7653172268278725,0.7036098681611288,0.5881775584009766,2278,1.9896038841418422,0.0,1.0,0.0,,0,False,0,False,0.0001357140534457462,0.0023776288777099335,,0.0001357140534457462,0.0023776288777099335,,0.8345086884337829,0,False,False,False,False,False,0.0004660763740723158,2972,1550,0
144,True,144,144,1,0.07200000000000005,0.0005,0.0005,0,0,0,False,False,,,none,1.1800000000000002,2.8445813914296263,2.317516287621485,1.0014063442374752,0.13412234297800785,0.05395266076314912,True,2,1,4,1,True,1,,,2,1,2,525,,,,,,,,,9,0.8,2.7771270661477376e-06,8.074697986642988e-07,7.117776734662304e-08,1.4240489628980743e-07,2.8965130150470696e-06,False,0.01248074058427225,0.0,0.01248074058427225,0.45779898599200497,0.45779898599200497,0.410545989611565,0.31585839653482845,0.4718604260910003,0.5218616034553606,0.48255893683898193,0.558826856075332,-0.8822224478969561,1.2523087201044392,3.140290796624407,2.6676074158646585,0.849477831394516,3.140290796624407,2.6676074158646585,0.849477831394516,0.0005773128539228685,0.05395266076314912,0.05337534790922625,0.0005773128539228685,0.05395266076314912,0.05337534790922625,0.018738456399477806,0.02941111223948478,0.010672655840006973,-0.0007186963928697138,0.082280247159744,0.08299894355261371,20.0,20.0,0.0,0.0,0.0,0.0,13.510369207271616,13.51037353137108,13.510368781216748,1.4630963234278407,0.0014790330810023834,1,none,1.9831698898655148,2.4652760429498235,1.9831698898655148,7.0405196372607435,6.843808660608146,0.7003108207816856,0.5795515299193911,2294,1.9831698898655148,0.0,1.0,0.0,,0,False,0,False,0.0008068692864186689,0.0022023206133784646,,0.0008068692864186689,0.0022023206133784646,,0.8319162132980984,0,False,False,False,False,False,0.0006936730745025717,2972,1550,0
145,True,145,145,1,0.07250000000000005,0.0005,0.0005,0,0,0,False,False,,,none,1.1812500000000001,2.8602828454127525,2.30557603250709,1.0012402200683153,0.1392060036794741,0.053797174312767745,True,2,1,4,1,True,2,,,2,2,2,1367,,,,,,,,,9,0.8,3.061321878507073e-06,8.85965783183542e-07,7.916473746131744e-08,1.5730776310571745e-07,3.1918082337115346e-06,False,0.012708486655780787,0.0,0.012708486655780787,0.44052768948668397,0.44052768948668397,0.42600437425092824,0.32729984637664,0.4548335721556918,0.5062838424277819,0.46627620730124153,0.546014926767595,-0.8769753626017303,1.2595886629737003,3.140290796624407,2.641858064445001,0.8412781603808199,3.140290796624407,2.641858064445001,0.8412781603808199,0.000610417042148523,0.053797174312767745,0.05318675727061922,0.000610417042148523,0.053797174312767745,0.05318675727061922,0.018702056685131502,0.02938487681300865,0.010682820127877149,-0.0003800417238667038,0.08563982771704316,0.08601986944090986,20.0,20.0,0.0,0.0,0.0,0.0,13.658348918519327,13.658353299424919,13.658348470711777,1.555643355069723,0.001509773660625311,1,none,1.9708390430708551,2.4769228199237765,1.9708390430708551,7.090075792240582,6.875821225114904,0.698701365825887,0.5732665171316812,2306,1.9708390430708551,0.0,1.0,0.0,,0,False,0,False,0.0007605698024506987,0.002601652315685388,,0.0007605698024506987,0.002601652315685388,,0.8270832701667675,0,False,False,False,False,False,0.00040200677939935983,2972,1550,0
146,True,146,146,1,0.07300000000000005,0.0005,0.0005,0,0,0,False,False,,,none,1.1825,2.875984299395868,2.2924627493509355,1.0010748741537234,0.14449168732306536,0.05363096778461145,True,2,1,4,1,True,2,,,2,2,2,1529,,,,,,,,,9,0.8,3.3953537515478992e-06,9.70852377417935e-07,8.779057598658132e-08,1.7458105242522157e-07,3.5368301013741675e-06,False,0.012899003986044903,0.0,0.012899003986044903,0.4226913829795097,0.4226913829795097,0.44130839278978734,0.33855160072163304,0.43750038995632107,0.49036373449243836,0.4501123734523046,0.5328560432507998,-0.8716155354011101,1.2673741653837987,3.140290796624407,2.615172947033603,0.8327805023167698,3.140290796624407,2.615172947033603,0.8327805023167698,0.0006411623298067891,0.05363096778461145,0.05298980545480466,0.0006411623298067891,0.05363096778461145,0.05298980545480466,0.018663129173081005,0.02935807767700555,0.010694948503924544,0.0002405618264982104,0.08923480487147954,0.08899424304498132,20.0,20.0,0.0,0.0,0.0,0.0,13.812171367010778,13.8121758132185,13.81217089624466,1.654900076332666,0.0015425751777413362,1,none,1.9661335394351176,2.497125629472184,1.9661335394351176,7.154218454852931,6.922603599698418,0.698084813940314,0.5680329694223057,2325,1.9661335394351176,0.0,1.0,0.0,,0,False,0,False,-0.0025747612716831994,0.0033133183763789085,,-0.0025747612716831994,0.0033133183763789085,,0.8299752130595013,0,False,False,False,False,False,0.00341041081924542,2972,1550,0
147,True,147,147,1,0.07350000000000005,0.0005,0.0005,0,0,0,False,False,,,none,1.18375,2.891685753378984,2.2781608964892746,1.0009104457807037,0.1499830090050398,0.05346052336407797,True,2,1,4,1,True,2,,,2,2,2,1119,,,,,,,,,9,0.8,3.7697786058341306e-06,1.0646579345884533e-06,9.678141707791568e-08,1.9428192936259733e-07,3.923243475168899e-06,False,0.013053880440657823,0.0,0.013053880440657823,0.4043160402032131,0.4043160402032131,0.45731949873688726,0.3504570530930203,0.4197262360390411,0.474049025529526,0.43383538942821426,0.5205353784061918,-0.86615688033846,1.2757086663392303,3.140290796624407,2.5875498995870743,0.8239841680803922,3.140290796624407,2.5875498995870743,0.8239841680803922,0.0006745550631367429,0.05346052336407797,0.052785968300941226,0.0006745550631367429,0.05346052336407797,0.052785968300941226,0.018621456668303848,0.029330784401692303,0.010709327733388455,-0.00043903116531791506,0.09312999754204634,0.09356902870736426,20.0,20.0,0.0,0.0,0.0,0.0,13.971904087457574,13.971908608717905,13.97190359229545,1.7612223232274944,0.0015776931997999505,1,none,1.9534409570747053,2.510222118817594,1.9534409570747053,7.0413397744197495,6.773535151971479,0.7129955943716556,0.5767862462502005,2338,1.9534409570747053,0.0,1.0,0.0,,0,False,0,False,-0.0008838000995538801,0.0021827833552566446,,-0.0008838000995538801,0.0021827833552566446,,0.8248753027947707,0,False,False,False,False,False,0.002034074511819289,2972,1550,0
148,True,148,148,1,0.07400000000000005,0.0005,0.0005,0,0,0,False,False,,,none,1.185,2.9073872073621008,2.2626589671490884,1.0007474132727208,0.15571842869128,0.05328807048063764,True,2,1,4,1,True,2,,,2,2,2,1692,,,,,,,,,9,0.8,4.171887773971459e-06,1.1651326802028113e-06,1.0626792352573582e-07,2.1621744902528504e-07,4.338228280983217e-06,False,0.013358082319211345,0.0,0.013358082319211345,0.3854430498232515,0.3854430498232515,0.4715267960973227,0.36057605059516185,0.4014571038007286,0.45728222030076865,0.41654936682090343,0.5070457689797351,-0.8606146320812256,1.2846378345170872,3.140290796624407,2.558990495478189,0.8148896586994187,3.140290796624407,2.558990495478189,0.8148896586994187,0.0007458743009383615,0.05328807048063764,0.05254219617969928,0.0007458743009383615,0.05328807048063764,0.05254219617969928,0.018576810827414567,0.02930307316040613,0.010726262332991562,-0.001402758569286084,0.09732063484877879,0.09872339341806487,20.0,20.0,0.0,0.0,0.0,0.0,14.137587200937794,14.137591808623256,14.137586679692014,1.874912677056022,0.0016153837676407188,1,none,1.947341543129677,2.530954997805805,1.947341543129677,7.041471484035229,6.742277025145393,0.7188710494799591,0.577651003026736,2359,1.947341543129677,0.0,1.0,0.0,,0,False,0,False,-0.0008545546768038767,0.0013118065620929375,,-0.0008545546768038767,0.0013118065620929375,,0.8214194364614923,0,False,False,False,False,False,0.0008714676522863953,2972,1550,0
149,True,149,149,1,0.07450000000000005,0.0005,0.0005,0,0,0,False,False,,,none,1.1862500000000002,2.923088661345224,2.2459486681419447,1.0005859305281797,0.16167790028319393,0.05311719784421801,True,2,1,4,1,True,2,,,2,2,2,1141,,,,,,,,,9,0.8,4.596038421049004e-06,1.2695209005279216e-06,1.167043407368207e-07,2.399537458688373e-07,4.775609928369271e-06,False,0.014185707437898498,0.0,0.014185707437898498,0.3661332037147971,0.3661332037147971,0.4862617827550265,0.37119278495621966,0.38255875111723936,0.44012885260892365,0.3992168076472192,0.49419139753404334,-0.8550054949407637,1.2942086880892734,3.140290796624407,2.5294987170871486,0.8054982423303545,3.140290796624407,2.5294987170871486,0.8054982423303545,0.0007609958044047072,0.05311719784421801,0.0523562020398133,0.0007609958044047072,0.05311719784421801,0.0523562020398133,0.018528956559553632,0.029275027474703817,0.010746070915150185,-0.0019024045775266896,0.10180877442987485,0.10371117900740154,20.0,20.0,0.0,0.0,0.0,0.0,14.309231736639058,14.309236444129152,14.309231187337108,1.9961921134861325,0.0016559044505170925,1,none,1.9352636092941387,2.5465462120947615,1.9352636092941387,6.902706720136553,6.541512661619653,0.7378398982723647,0.5916868802069932,2375,1.9352636092941387,0.0,1.0,0.0,,0,False,0,False,-0.0007812161525028227,0.00024714030434691006,,-0.0007812161525028227,0.00024714030434691006,,0.8198409455482009,0,False,False,False,False,False,0.0010671891957518998,2972,1550,0
150,True,150,150,1,0.07500000000000005,0.0005,0.0005,0,0,0,False,False,,,none,1.1875000000000002,2.938790115328346,2.228026952382878,1.0004262558379147,0.1678411506751345,0.05295270032897374,True,2,1,4,1,True,1,,,2,1,2,390,,,,,,,,,10,0.8,2.5669095833530887e-06,6.544623263767115e-07,6.872053497133808e-08,1.311193205932442e-07,2.6531604802416166e-06,False,0.014979126111415799,0.0,0.014979126111415799,0.3464562712053069,0.3464562712053069,0.4998844198708001,0.38069330034642673,0.3631517673631424,0.42259321087629986,0.38159507703841183,0.4810572441029218,-0.8493480709206539,1.304473220161671,3.140290796624407,2.499083383929377,0.7958127274759766,3.140290796624407,2.499083383929377,0.7958127274759766,0.0007623870690679052,0.05295270032897374,0.052190313259905835,0.0007623870690679052,0.05295270032897374,0.052190313259905835,0.01847763389919164,0.029246740354603267,0.010769106455411626,-0.0017688491360935837,0.10661360912169932,0.1083824582577929,20.0,20.0,0.0,0.0,0.0,0.0,14.486820705082632,14.48682552699009,14.486820125214537,2.1253711984498214,0.0016995082903573184,1,none,1.912970221668667,2.552752086141655,1.912970221668667,6.921299550535624,6.537127213594378,0.7376510921114817,0.5852632690673426,2381,1.912970221668667,0.0,1.0,0.0,,0,False,0,False,-0.0003653362490724618,-0.00026215957200528497,,-0.0003653362490724618,-0.00026215957200528497,,0.8205445973122498,0,False,False,False,False,False,0.0006575275341227981,2972,1550,0
151,True,151,151,1,0.07550000000000005,0.0005,0.0005,0,0,0,False,False,,,none,1.1887500000000002,2.9544915693114624,2.2088991509298497,1.0002687708755293,0.17420685463941088,0.05279623954956683,True,2,1,4,1,True,2,,,2,2,2,2090,,,,,,,,,10,0.8,2.8281700553751075e-06,7.189867264965113e-07,7.670870135263467e-08,1.455267551874882e-07,2.9227641089108124e-06,False,0.015735531885578562,0.0,0.015735531885578562,0.326533767964779,0.326533767964779,0.5146051375826427,0.3913027901612971,0.3434521417634673,0.40475610643056487,0.36335692673594167,0.46750533404538647,-0.8436623274341666,1.3154705664820021,3.140290796624407,2.467761750640898,0.7858386087344424,3.140290796624407,2.467761750640898,0.7858386087344424,0.0008081441754439659,0.05279623954956683,0.05198809537412286,0.0008081441754439659,0.05279623954956683,0.05198809537412286,0.01842264716758999,0.02921831163717083,0.01079566446958084,-0.0011530440659386285,0.11174898426478397,0.1129020283307226,20.0,20.0,0.0,0.0,0.0,0.0,14.6702969693319,14.670301922691998,14.670296356588066,2.2625573208404934,0.0017464166875878063,1,none,1.890227708674634,2.55940253072191,1.890227708674634,6.86778310210271,6.448908896664855,0.7453358653502896,0.5862162852547637,2388,1.890227708674634,0.0,1.0,0.0,,0,False,0,False,-0.00143657417775866,0.000278592145952109,,-0.00143657417775866,0.000278592145952109,,0.8146631529878197,0,False,False,False,False,False,0.0011999846333723481,2972,1550,0
152,True,152,152,1,0.07600000000000005,0.0005,0.0005,0,0,0,False,False,,,none,1.1900000000000002,2.970193023294584,2.188578587860527,1.000113636036073,0.18077582887954743,0.052652427381884366,True,2,1,4,1,True,1,,,2,1,2,483,,,,,,,,,10,0.8,3.1157611700635527e-06,7.699678821041707e-07,8.613980507668349e-08,1.603741843438297e-07,3.2146474384246833e-06,False,0.016453789262716526,0.0,0.016453789262716526,0.3064925059632141,0.3064925059632141,0.528660902581257,0.4012550135934501,0.3235685982977823,0.3866735335472154,0.34645910051070583,0.4543865359942994,-0.8379652610973315,1.3272404463772842,3.140290796624407,2.435558606735236,0.7755837801242137,3.140290796624407,2.435558606735236,0.7755837801242137,0.0008985659386500422,0.052652427381884366,0.05175386144323432,0.0008985659386500422,0.052652427381884366,0.05175386144323432,0.01836379776811358,0.029189826305486652,0.010826028537373071,-0.00011921150022583052,0.11725134784241063,0.11737055934263646,20.0,20.0,0.0,0.0,0.0,0.0,14.859570402576297,14.85957550528544,14.85956975422024,2.40780234516496,0.0017968375760246491,1,none,1.8718256002862121,2.5713138210695674,1.8718256002862121,6.866752064834233,6.4091009553000164,0.7489170416499202,0.5841148745638974,2400,1.8718256002862121,0.0,1.0,0.0,,0,False,0,False,-0.00025340578765925857,-0.0008661541020778164,,-0.00025340578765925857,-0.0008661541020778164,,0.8129945539024381,0,False,False,False,False,False,0.001646308419376212,2972,1550,0
153,True,153,153,1,0.07650000000000005,0.0005,0.0005,0,0,0,False,False,,,none,1.1912500000000001,2.9858944772777054,2.167088485020515,0.9999613447621784,0.18753703294738772,0.05253377423348155,True,2,1,4,1,True,2,,,2,2,2,1979,,,,,,,,,10,0.8,3.4082537931531758e-06,8.217907146754837e-07,9.573070828781171e-08,1.73879767157929e-07,3.511542743468465e-06,False,0.017132375676429213,0.0,0.017132375676429213,0.2864854101439216,0.2864854101439216,0.542363843195587,0.41087870484445854,0.30370984024249725,0.36801034738493155,0.3287446746307461,0.441736240921426,-0.8322769415351313,1.3398137155322751,3.140290796624407,2.4025084939111183,0.7650592411676164,3.140290796624407,2.4025084939111183,0.7650592411676164,0.0009013263595399348,0.05253377423348155,0.05163244787394162,0.0009013263595399348,0.05253377423348155,0.05163244787394162,0.018300931422338622,0.029161384707675656,0.010860453285337034,0.0006964719487966564,0.12346161847291555,0.12276514652411889,20.0,20.0,0.0,0.0,0.0,0.0,15.054508866410874,15.054514138251918,15.054508179563275,2.5609782049700796,0.0018509259111828273,1,none,1.8515787687437566,2.582194663809076,1.8515787687437566,6.7910612772726155,6.291290835588542,0.7604686685572424,0.5886164913151861,2411,1.8515787687437566,0.0,1.0,0.0,,0,False,0,False,0.0022052098544782035,-0.0033309490739777334,,0.0022052098544782035,-0.0033309490739777334,,0.8092129773514776,0,False,False,False,False,False,0.0034813797737773622,2972,1550,0
154,True,154,154,1,0.07700000000000005,0.0005,0.0005,0,0,0,False,False,,,none,1.1925000000000001,3.0015959312608214,2.144452405673287,0.9998119128640018,0.19449821088540087,0.05244359868676622,True,2,1,4,1,True,2,,,2,2,2,1705,,,,,,,,,10,0.8,3.700413374069405e-06,8.58790023610879e-07,1.0533655213752338e-07,1.8590633827635417e-07,3.8047649598198356e-06,False,0.017770479327858447,0.0,0.017770479327858447,0.26668734975889163,0.26668734975889163,0.55440274532816,0.41879065318900327,0.2841359216663901,0.34935450200496293,0.3111549715322289,0.42966318892775895,-0.8266127325490008,1.3532088189123084,3.140290796624407,2.3686441965806666,0.7542754317933846,3.140290796624407,2.3686441965806666,0.7542754317933846,0.0009273282177461346,0.05244359868676622,0.05151627046902009,0.0009273282177461346,0.05244359868676622,0.05151627046902009,0.018233955905438456,0.029133063662745002,0.010899107757306545,0.0015578440310758668,0.1300495116756372,0.12849166764456132,20.0,20.0,0.0,0.0,0.0,0.0,15.254953615352589,15.254959076819446,15.254952887134145,2.7220363002207666,0.0019088229371764139,1,none,1.8343545623646254,2.596959720131875,1.8343545623646254,6.561319911624549,5.96133987955743,0.7915967381901002,0.6154168691689519,2427,1.8343545623646254,0.0,1.0,0.0,,0,False,0,False,0.0010664518221467484,-0.004193217793753351,,0.0010664518221467484,-0.004193217793753351,,0.8027203298468627,0,False,False,False,False,False,0.001428382722278203,2972,1550,0
155,True,155,155,1,0.07750000000000005,0.0005,0.0005,0,0,0,False,False,,,none,1.19375,3.0172973852439426,2.120702601852415,0.9996660196428325,0.2017242229684211,0.052378029491870697,True,2,1,4,1,True,2,,,2,2,2,1589,,,,,,,,,10,0.8,3.9421556626941744e-06,8.776313814698131e-07,1.1334724574679399e-07,1.9481367516136335e-07,4.044950936266177e-06,False,0.018369691156268495,0.0,0.018369691156268495,0.24728621372858636,0.24728621372858636,0.567460726320242,0.42783246684386544,0.26470443632578633,0.33086220782446124,0.294061536491368,0.4168444873999209,-0.8209892667784584,1.3674281756367552,3.140290796624407,2.334005467672019,0.7432450109973611,3.140290796624407,2.334005467672019,0.7432450109973611,0.0010059791394999235,0.052378029491870697,0.051372050352370774,0.0010059791394999235,0.052378029491870697,0.051372050352370774,0.018162859121816227,0.029104946333892292,0.010942087212076065,0.0022654710125205,0.1370041718766741,0.1347387008641536,20.0,20.0,0.0,0.0,0.0,0.0,15.460713036042149,15.460718706718449,15.460712263557374,2.8911620397542817,0.0019706576028315445,1,none,1.8098143206323822,2.605097672591901,1.8098143206323822,6.601541204923348,5.9664950120982105,0.7892392372402528,0.6066591246494424,2436,1.8098143206323822,0.0,1.0,0.0,,0,False,0,False,0.0007405031727068141,-0.0039317390835993185,,0.0007405031727068141,-0.0039317390835993185,,0.8004372591113801,0,False,False,False,False,False,0.00041786796710867156,2972,1550,0
156,True,156,156,1,0.07800000000000006,0.0005,0.0005,0,0,0,False,False,,,none,1.195,3.0329988392270666,2.095879025174004,0.9995232477064934,0.20921432606105073,0.05233914368377455,True,2,1,4,1,True,2,,,2,2,2,1150,,,,,,,,,10,0.8,4.154648254333656e-06,8.766945668107035e-07,1.2044322836874864e-07,2.0071234365735962e-07,4.252585977598739e-06,False,0.01897694268634709,0.0,0.01897694268634709,0.22847228003719514,0.22847228003719514,0.5793731338129406,0.4357039310793067,0.24567544742314756,0.312422045584696,0.27803047565872463,0.40460038714566826,-0.8154254573895793,1.3824551666306069,3.140290796624407,2.2986388340093797,0.7319827948673593,3.140290796624407,2.2986388340093797,0.7319827948673593,0.0010345681159952033,0.05233914368377455,0.05130457556777934,0.0010345681159952033,0.05233914368377455,0.05130457556777934,0.018087724166846966,0.029077127286947897,0.010989403120100931,0.0038178599098435337,0.14430422163092627,0.14048636172108273,20.0,20.0,0.0,0.0,0.0,0.0,15.671561344689353,15.671567243373104,15.671560525350829,3.068474395969719,0.002036517341194637,1,none,1.7885391353283797,2.6174087195767,1.7885391353283797,6.704801075219876,6.070657637119436,0.7807565624132601,0.5892406530693608,2449,1.7885391353283797,0.0,1.0,0.0,,0,False,0,False,-0.0010769264618273103,-0.004873097017089123,,-0.0010769264618273103,-0.004873097017089123,,0.7966784851510242,0,False,False,False,False,False,0.002046754805888345,2972,1550,0
157,True,157,157,1,0.07850000000000006,0.0005,0.0005,0,0,0,False,False,,,none,1.19625,3.048700293210179,2.0700272537496778,0.9993828579021093,0.21685315454489498,0.05233408642461257,True,2,1,4,1,True,2,,,2,2,2,2218,,,,,,,,,10,0.8,4.399149064422384e-06,8.789838656546729e-07,1.289872473854811e-07,2.0730359141583377e-07,4.492742772081611e-06,False,0.0197921302599326,0.0,0.0197921302599326,0.21042595499362518,0.21042595499362518,0.591709762241292,0.4441179007384946,0.22726015434771052,0.29389781641117785,0.26208643364028944,0.3926347989023406,-0.8099418043022605,1.398252362037134,3.140290796624407,2.2625959570792507,0.720505234582537,3.140290796624407,2.2625959570792507,0.720505234582537,0.0011144258970562687,0.05233408642461257,0.0512196605275563,0.0011144258970562687,0.05233408642461257,0.0512196605275563,0.018008738189814327,0.029049709021511303,0.011040970831696976,0.003946571289617382,0.15191754887660214,0.14797097758698474,20.0,20.0,0.0,0.0,0.0,0.0,15.88723659300135,15.887242737821087,15.887235724470253,3.2541173349224657,0.002106427623074807,1,none,1.7607102165976232,2.6235312545527485,1.7607102165976232,6.454294074767478,5.720526143441408,0.8129568390164383,0.6155763202363056,2456,1.7607102165976232,0.0,1.0,0.0,,0,False,0,False,-0.0010256358151755059,-0.00605292794454091,,-0.0010256358151755059,-0.00605292794454091,,0.7899053107867707,0,False,False,False,False,False,0.0011809452772274015,2972,1550,0
158,True,158,158,1,0.07900000000000006,0.0005,0.0005,0,0,0,False,False,,,none,1.1975000000000002,3.0644017471933003,2.0432068227285067,0.9992458648778266,0.22462537335662497,0.05236122764064533,True,2,1,4,1,True,2,,,2,2,2,2100,,,,,,,,,10,0.8,4.641416240254818e-06,8.887665994641952e-07,1.3881123748501464e-07,2.14469237360864e-07,4.7326437006234255e-06,False,0.020574320279196954,0.0,0.020574320279196954,0.193305484133375,0.193305484133375,0.6035949972832335,0.45212568697379707,0.20972403235364667,0.27584720279181996,0.24660000111013308,0.3816364318036767,-0.8045546359089294,1.41476152070339,3.140290796624407,2.2259415210846276,0.7088329282999393,3.140290796624407,2.2259415210846276,0.7088329282999393,0.0011312432445026743,0.05236122764064533,0.05122998439614266,0.0011312432445026743,0.05236122764064533,0.05122998439614266,0.017926192396483052,0.029022773179544645,0.011096580783061593,0.0028398537212498756,0.15980202291507078,0.15696216919382092,20.0,20.0,0.0,0.0,0.0,0.0,16.10744303246007,16.10744944025121,16.10744211245052,3.448278518062236,0.002180373196596708,1,none,1.7361846367201608,2.6339768546397417,1.7361846367201608,6.680249578823683,6.003738576450665,0.7885863615004503,0.5783678335130212,2465,1.7361846367201608,0.0,1.0,0.0,,0,False,0,False,-0.002569542951977885,-0.006979120731758041,,-0.002569542951977885,-0.006979120731758041,,0.7830420704479958,0,False,False,False,False,False,0.0018004117101825233,2972,1550,0
159,True,159,159,1,0.07950000000000006,0.0005,0.0005,0,0,0,False,False,,,none,1.1987500000000002,3.080103201176426,2.01547385429174,0.9991145073535284,0.23258665477013385,0.052416795403491,True,2,1,4,1,True,2,,,2,2,2,1648,,,,,,,,,10,0.8,4.858946296733601e-06,9.276990304227531e-07,1.4928956256922928e-07,2.2432006006301543e-07,4.95404798810299e-06,False,0.02132359196975932,0.0,0.02132359196975932,0.17723740254112216,0.17723740254112216,0.6153239781757296,0.46005559429472026,0.19297509449979672,0.2583113860348127,0.23195134026340486,0.37022449589656425,-0.7992743717612919,1.431906352955791,3.140290796624407,2.188733664755748,0.6969843898241791,3.140290796624407,2.188733664755748,0.6969843898241791,0.0011717993238242884,0.052416795403491,0.05124499607966671,0.0011717993238242884,0.052416795403491,0.05124499607966671,0.017840468235221046,0.02899637185880646,0.011155903623585414,0.0016714586608368824,0.16790669802583794,0.16623523936500106,20.0,20.0,0.0,0.0,0.0,0.0,16.331874536436246,16.33188122241819,16.33187356272904,3.6509871370992877,0.0022583356739519635,1,none,1.7127651601741851,2.6462240034463793,1.7127651601741851,6.896952060474834,6.282852203864174,0.7673604166719973,0.5452189880006328,2477,1.7127651601741851,0.0,1.0,0.0,,0,False,0,False,-0.001054748912355575,-0.006862054028144441,,-0.001054748912355575,-0.006862054028144441,,0.7795233828240342,0,False,False,False,False,False,0.001519310894968581,2972,1550,0
160,True,160,160,1,0.08000000000000006,0.0005,0.0005,0,0,0,False,False,,,none,1.2,3.0958046551595393,1.986883366362982,0.9989886556175691,0.24065505107862675,0.052498061556029776,True,2,1,4,1,True,2,,,2,2,2,2394,,,,,,,,,11,0.8,3.0608551088579453e-06,5.709188313570643e-07,1.0240518274058672e-07,1.35082506440352e-07,3.118255347853707e-06,False,0.022032475866750306,0.0,0.022032475866750306,0.16230919192588245,0.16230919192588245,0.6267416799771677,0.46774635669370657,0.17734306342270612,0.24142450981779895,0.21912542956481526,0.359357935726597,-0.7941122869855123,1.449595740478348,3.140290796624407,2.151027959228905,0.6849773153305133,3.140290796624407,2.151027959228905,0.6849773153305133,0.0012618979132048673,0.052498061556029776,0.051236163642824906,0.0012618979132048673,0.052498061556029776,0.051236163642824906,0.01775202129760826,0.02897056143492756,0.0112185401373193,0.001068308992376206,0.17617544546671832,0.17510713647434212,20.0,20.0,0.0,0.0,0.0,0.0,16.56020874855967,16.5602157259858,16.56020771895592,3.8624110840383747,0.0023402605865854168,1,none,1.6867722116004367,2.656336651212982,1.6867722116004367,7.188442971649785,6.663783624126238,0.7390575849844543,0.5062505947802614,2487,1.6867722116004367,0.0,1.0,0.0,,0,False,0,False,-0.0017914460279916718,-0.005988472233241709,,-0.0017914460279916718,-0.005988472233241709,,0.784973196825255,0,False,False,False,False,False,0.0011427457252477576,2972,1550,0
161,True,161,161,1,0.08050000000000006,0.0005,0.0005,0,0,0,False,False,,,none,1.2,3.1115061091426597,1.956661012205969,0.9988691343327928,0.24889646530508697,0.05242994707099792,True,2,1,4,1,True,2,,,2,2,2,2360,,,,,,,,,11,0.8,3.2113344409270793e-06,6.388172007492624e-07,1.1356083415788077e-07,1.4989950261456974e-07,3.2796527607959186e-06,False,0.0226839920097098,0.0,0.0226839920097098,0.14855237792769926,0.14855237792769926,0.6372498656473821,0.474503345633743,0.16275690620760838,0.22487789576369285,0.20632274159749453,0.3486623764829293,-0.7890564821912309,1.4677187947581742,3.140290796624407,2.1119492669934234,0.6725330244140515,3.140290796624407,2.1119492669934234,0.6725330244140515,0.0014016714330396468,0.05242994707099792,0.051028275637958274,0.0014016714330396468,0.05242994707099792,0.051028275637958274,0.017661406026209133,0.028945282410956154,0.01128387638474702,0.0013798623926612429,0.18455841048097782,0.18317854808831657,20.0,20.0,0.0,0.0,0.0,0.0,16.789381787729997,16.789389058646726,16.78938070448664,4.0814815195108105,0.0024184831212941543,1,none,1.6550658383662529,2.6615593208455035,1.6550658383662529,7.336334557965968,6.843080611549986,0.7255828642535171,0.4837195211679301,2492,1.6550658383662529,0.0,1.0,0.0,,0,False,0,False,-0.0013652240101553069,-0.00697915587611045,,-0.0013652240101553069,-0.00697915587611045,,0.7776097647920261,0,False,False,False,False,False,0.0010784800826794075,2972,1550,0
162,True,162,162,1,0.08100000000000006,0.0005,0.0005,0,0,0,False,False,,,none,1.2,3.1272075631257783,1.9257589230052936,0.9987547505415753,0.2572312324206285,0.052391949537702105,True,2,1,4,1,True,2,,,2,2,2,4590,,,,,,,,,11,0.8,3.4283530737594214e-06,7.508093720412719e-07,1.3152439939316193e-07,1.749684005871256e-07,3.516423199835371e-06,False,0.02329752585314713,0.0,0.02329752585314713,0.13599685001329148,0.13599685001329148,0.6466415571063773,0.4800473131956618,0.1493507020668125,0.20910318201478312,0.19347303580154757,0.3385549861898039,-0.7841527903293164,1.4861759969083848,3.140290796624407,2.07256056418441,0.6599900131581024,3.140290796624407,2.07256056418441,0.6599900131581024,0.0014236570129597553,0.052391949537702105,0.05096829252474235,0.0014236570129597553,0.052391949537702105,0.05096829252474235,0.017569120015458073,0.02892076395164658,0.011351643936188507,0.0025985459157871205,0.19302664214430568,0.19042809622851856,20.0,20.0,0.0,0.0,0.0,0.0,17.021891940074376,17.021899515259875,17.021890802578664,4.309349637680602,0.0025007043075427416,1,none,1.6270120800597414,2.671176986633455,1.6270120800597414,7.688230109914318,7.317953597173799,0.6948743594937025,0.44466313114860284,2502,1.6270120800597414,0.0,1.0,0.0,,0,False,0,False,-0.0009033427203180484,-0.0056619147316692995,,-0.0009033427203180484,-0.0056619147316692995,,0.7703008049458373,0,False,False,False,False,False,0.0013958719706729415,2972,1550,0
163,True,163,163,1,0.08150000000000006,0.0005,0.0005,0,0,0,False,False,,,none,1.2,3.1429090171089027,1.8942157245415014,0.998645731102021,0.26567174343048133,0.053003808816735255,True,2,1,4,1,True,2,,,2,2,2,2285,,,,,,,,,11,0.8,3.638252569760765e-06,1.0121689175713396e-06,1.596891499518815e-07,2.155082095031907e-07,3.785936091912273e-06,False,0.02386326021866727,0.0,0.02386326021866727,0.1243827064666931,0.1243827064666931,0.6563047651964584,0.48605182291282617,0.13705386603759653,0.19415626085186444,0.18269599575520293,0.32825923618185465,-0.7794000556133971,1.5052598452890924,3.140290796624407,2.0328991940005445,0.6473601731998097,3.140290796624407,2.0328991940005445,0.6473601731998097,0.0014927560279085232,0.053003808816735255,0.051511052788826735,0.0014927560279085232,0.053003808816735255,0.051511052788826735,0.01747370077355454,0.028897000278066985,0.011423299504512444,0.0043579846232389315,0.20171197507644667,0.19735399045320773,20.0,20.0,0.0,0.0,0.0,0.0,17.25736331390929,17.257371204384597,17.25736212128244,4.545847674073767,0.002586772228460961,1,none,1.6013117969403572,2.683742733176165,1.6013117969403572,8.102097922994224,7.918823782580926,0.6624809422654712,0.40443172898045043,2514,1.6013117969403572,0.0,1.0,0.0,,0,False,0,False,-0.0007779603777728608,-0.0068917248927988966,,-0.0007779603777728608,-0.0068917248927988966,,0.7706318503753721,0,False,False,False,False,False,0.0012361851658387283,2972,1550,0
164,True,164,164,1,0.08200000000000006,0.0005,0.0005,0,0,0,False,False,,,none,1.2,3.158610471092018,1.8620560908232833,0.9985357678660718,0.2743634372515426,0.05421171036842807,True,2,1,4,1,True,2,,,2,2,2,3381,,,,,,,,,11,0.8,3.662546906256088e-06,1.5909153312892443e-06,1.9832494868829568e-07,2.674716299624686e-07,4.007010767388103e-06,False,0.024370814190079748,0.0,0.024370814190079748,0.11145673955831045,0.11145673955831045,0.6658619129566388,0.4920508285216635,0.12489644684121907,0.18071354869977524,0.1730983516266525,0.31804891762885956,-0.7748291885075491,1.5295997838372835,3.140290796624407,1.9929905445933331,0.6346515891890199,3.140290796624407,1.9929905445933331,0.6346515891890199,0.0016146139061693212,0.05421171036842807,0.05259709646225875,0.0016146139061693212,0.05421171036842807,0.05259709646225875,0.017352001080813584,0.028874145942537746,0.011522144861724162,0.006013157707708012,0.21176143514893941,0.2057482774412314,20.0,20.0,0.0,0.0,0.0,0.0,17.495313402540184,17.495321621276677,17.495312155017615,4.790397355093403,0.0026761424025395506,1,none,1.5712395033015687,2.691847971488844,1.5712395033015687,8.290577037898835,8.20443130468193,0.6493752990132196,0.38302216081812446,2522,1.5712395033015687,0.0,1.0,0.0,,0,False,0,False,-5.5242338840028915e-05,-0.0061030162067911295,,-5.5242338840028915e-05,-0.0061030162067911295,,0.7668678521645194,0,False,False,False,False,False,0.0010697582695090592,2972,1550,0
164,False,165,165,1,0.08200000000000006,0.0005,0.0005,0,0,0,False,False,,,failed;retry_reduce,1.2,3.174311925075139,1.8724260621310291,0.9984351487671544,0.2743634372515426,0.05421171036842807,True,2,0,4,1,False,0,,,-3,0,-3,10000,,,,,,,,,2,0.2,0.0,0.0,0.0,0.0,0.0,True,0.021158982943495816,0.0,0.021158982943495816,0.11145673955831045,0.11145673955831045,0.6658619129566388,0.4920508285216635,0.12489644684121907,0.18071354869977524,0.1730983516266525,0.31804891762885956,-0.7679405531956434,1.55467588640252,3.140290796624407,1.9929905445933331,0.6346515891890199,3.140290796624407,1.9929905445933331,0.6346515891890199,0.0016146139061693212,0.05421171036842807,0.05259709646225875,0.0016146139061693212,0.05421171036842807,0.05259709646225875,0.017226620567987398,0.028839702765978217,0.011613082197990818,0.00606446925449531,0.21187914214871356,0.20581467289421826,20.0,20.0,0.0,0.0,0.0,0.0,17.74278069552548,17.742747420592845,17.742758197143083,4.684080494634141,0.002480281254933637,1,none,1.5802591512279778,2.7016076989665576,1.5802591512279778,8.673730489306525,8.729419019539213,0.6229401990982439,0.362053682539664,2532,1.5802591512279778,0.0,1.0,0.0,,0,False,0,False,-0.001027183330014583,-0.0060572565617023994,,-0.001027183330014583,-0.0060572565617023994,,0.7724997764420294,0,False,False,False,False,False,,2972,1550,0
165,True,165,166,2,0.08225000000000006,0.00025,0.0005,1,1,4,False,False,,,retry_reduce,1.2,3.1664611980835797,1.8446072293726101,0.998478189732284,0.2786990533216375,0.05513554169695962,True,2,1,4,1,True,2,,,2,2,2,3720,,,,,,,,,10,0.8,3.112114131671056e-06,1.3817963771732773e-06,1.0689191035281299e-07,2.563826158811941e-07,3.416397740711822e-06,False,0.02468702295378795,0.0,0.02468702295378795,0.1054000966920992,0.1054000966920992,0.6712966419569145,0.49606290577630235,0.1189263422697756,0.17451935289824014,0.16850722335096344,0.312859683588795,-0.7727276439791365,1.5425037671798558,3.140290796624407,1.9716705544325714,0.6278624121536704,3.140290796624407,1.9716705544325714,0.6278624121536704,0.0016840668896962855,0.05513554169695962,0.05345147480726333,0.0016840668896962855,0.05513554169695962,0.05345147480726333,0.01728748116410072,0.02886363821989568,0.011576157055794959,0.007092098992026643,0.21702221804377245,0.2099301190517458,20.0,20.0,0.0,0.0,0.0,0.0,17.612223371531968,17.612231817556914,17.61222212185123,4.913839899650168,0.0027098610461299393,1,none,1.5582024367146348,2.69934563841664,1.5582024367146348,8.56576180038666,8.590184304271915,0.6302639978372481,0.3627867299517049,2530,1.5582024367146348,0.0,1.0,0.0,,0,False,0,False,-0.0012405940391950609,-0.0061703653822282835,,-0.0012405940391950609,-0.0061703653822282835,,0.7635504199570822,0,False,False,False,False,False,0.0011872634774836755,2972,1550,0
165,False,166,167,1,0.08225000000000006,0.00025,0.0005,0,0,0,False,False,,,failed;retry_reduce,1.2,3.17431192507514,1.8456236805058817,0.9984235426896734,0.27952231149162043,0.055206260596481184,True,2,0,4,1,False,0,,,-3,0,-3,10000,,,,,,,,,3,0.2,0.0,0.0,0.0,0.0,0.0,True,0.023304828256187234,0.0,0.023304828256187234,0.10426109236462716,0.10426109236462716,0.6721690986326797,0.4965844776755067,0.11778028897769487,0.1733785533688783,0.16779092944862953,0.31192426322638445,-0.7693490896910372,1.5555853664148886,3.140290796624407,1.967778421296656,0.6266229940908276,3.140290796624407,1.967778421296656,0.6266229940908276,0.0016907868054657745,0.055206260596481184,0.05351547379101541,0.0016907868054657745,0.055206260596481184,0.05351547379101541,0.017222073167925556,0.028846745448455186,0.01162467228052963,0.007191273150897945,0.21809876392590982,0.21090749077501186,20.0,20.0,0.0,0.0,0.0,0.0,17.733401185225198,17.733391941530883,17.733391063152336,4.8890597628511365,0.002634681012919899,1,none,1.55791076509084,2.7029888790688075,1.55791076509084,8.760512179518194,8.858502557894651,0.6170846689508204,0.3517323057501266,2534,1.55791076509084,0.0,1.0,0.0,,0,False,0,False,-0.0005372568629233436,-0.005956874746895724,,-0.0005372568629233436,-0.005956874746895724,,0.7684296711082358,0,False,False,False,False,False,,2972,1550,0
166,True,166,168,2,0.08237500000000006,0.000125,0.0005,1,2,8,False,False,,,retry_reduce,1.2,3.170386561579358,1.8357716499906995,0.9984488624181216,0.28082621853492606,0.05567441418759836,True,2,1,4,1,True,2,,,2,2,2,2051,,,,,,,,,8,0.8,4.157246691344408e-06,2.1694946708382446e-06,8.601174475691298e-08,3.9859566251583493e-07,4.706982441214555e-06,False,0.024848450917551893,0.0,0.024848450917551893,0.10250335551033629,0.10250335551033629,0.6736907909781029,0.4977012025927543,0.11599017122287146,0.17155511955149974,0.16639333364084644,0.3103899360516436,-0.7716750648114786,1.5490849954617356,3.140290796624407,1.9609226808782025,0.6244398394524664,3.140290796624407,1.9609226808782025,0.6244398394524664,0.00171382072471897,0.05567441418759836,0.05396059346287939,0.00171382072471897,0.05567441418759836,0.05396059346287939,0.017254575022691326,0.02885837532405739,0.011603800301366065,0.007430626508416839,0.2196757259344767,0.21224509942605987,20.0,20.0,0.0,0.0,0.0,0.0,17.67070640983371,17.670714978913566,17.67070515958704,4.976640967733628,0.00272558817663916,1,none,1.5490809400014374,2.7004008647679854,1.5490809400014374,8.614350400026343,8.666077508775578,0.6269540335298475,0.3575045199936841,2531,1.5490809400014374,0.0,1.0,0.0,,0,False,0,False,-0.0013562524451579893,-0.005786565985777301,,-0.0013562524451579893,-0.005786565985777301,,0.7618634350988963,0,False,False,False,False,False,0.0004008476563309603,2972,1550,0
166,False,167,169,1,0.08237500000000006,0.000125,0.0005,0,0,0,False,False,,,failed;retry_reduce,1.2,3.1743119250751373,1.8274747602948058,0.9984197515381914,0.2828720422742838,0.05611526968805546,True,2,0,4,1,False,0,,,-3,0,-3,10000,,,,,,,,,7,0.8,0.0,0.0,0.0,0.0,0.0,True,0.0249524685599169,0.0,0.0249524685599169,0.09969661867687868,0.09969661867687868,0.6762343557876116,0.4995165682727599,0.113101280943,0.16858886957472044,0.16472797776564624,0.3081298644381978,-0.7704849633825304,1.5557825973260215,3.140290796624407,1.9507755711829582,0.6212085751039061,3.140290796624407,1.9507755711829582,0.6212085751039061,0.0017424659707889055,0.05611526968805546,0.054372803717266556,0.0017424659707889055,0.05611526968805546,0.054372803717266556,0.01722108701336989,0.028852424816912654,0.011631337803542762,0.007756392204413223,0.2223320892161998,0.21457569701178658,20.0,20.0,0.0,0.0,0.0,0.0,17.730518320356374,17.730526991169203,17.730517060554817,5.040433281074177,0.0027454384390273026,1,none,1.542714737251042,2.7038810206537844,1.542714737251042,8.71993576023528,8.817116547518598,0.6201607660882191,0.3499363377895256,2535,1.542714737251042,0.0,1.0,0.0,,0,False,0,False,-0.000754575537304634,-0.005707359013387437,,-0.000754575537304634,-0.005707359013387437,,0.7656066736237667,0,False,False,False,False,False,,2972,1550,0
167,True,167,170,2,0.08243750000000005,6.25e-05,0.0005,1,3,16,False,False,,,retry_reduce,1.2,3.172349243327253,1.831324270939441,0.9984340640579067,0.28187682466474906,0.05597017681437139,True,2,1,4,1,True,2,,,2,2,2,3931,,,,,,,,,7,0.8,3.3634050402542834e-06,1.938288087901694e-06,6.943672987067914e-08,3.4309391086841e-07,3.89769022212382e-06,False,0.024928904756741345,0.0,0.024928904756741345,0.1010899330105889,0.1010899330105889,0.6752068594349435,0.49894022096512103,0.11454091166870498,0.17005167576022445,0.1656296732772149,0.30926522582910637,-0.7711451078018752,1.5524007254428271,3.140290796624407,1.9555246056641375,0.6227208664134511,3.140290796624407,1.9555246056641375,0.6227208664134511,0.001731080908240501,0.05597017681437139,0.054239095906130894,0.001731080908240501,0.05597017681437139,0.054239095906130894,0.017237996372785863,0.028855725539009378,0.011617729166223514,0.007624081558426123,0.22100358648874424,0.21337950493031813,20.0,20.0,0.0,0.0,0.0,0.0,17.699946786302615,17.699955418750704,17.699945535796424,5.008326831092266,0.0027331129775757515,1,none,1.5464109347775827,2.7029888790688075,1.5464109347775827,8.760512179518194,8.865428055840761,0.6170846689508204,0.34886323030026045,2534,1.5464109347775827,0.0,1.0,0.0,,0,False,0,False,-0.000521374805938914,-0.005997893790946251,,-0.000521374805938914,-0.005997893790946251,,0.7662721281874231,0,False,False,False,False,False,0.0008612085192945678,2972,1550,0
168,True,168,171,1,0.08250000000000005,6.25e-05,0.0005,0,4,16,False,False,,,reduced_hold,1.2,3.174311925075135,1.8271420912787872,0.998419339738509,0.2828915518916815,0.056224001044969836,True,2,1,4,1,True,2,,,2,2,2,5068,,,,,,,,,7,0.8,3.1265354921065322e-06,2.000343852610637e-06,6.957388802362293e-08,3.434398379232305e-07,3.7281887237969136e-06,False,0.024986205632256796,0.0,0.024986205632256796,0.09970075913661806,0.09970075913661806,0.676272049270162,0.4995897195042048,0.11310456136160245,0.1685756047052635,0.16471564785345238,0.3080508500618919,-0.7705427315421135,1.5557430273781194,3.140290796624407,1.9504200912964753,0.621095375432441,3.140290796624407,1.9504200912964753,0.621095375432441,0.0017469176897869853,0.056224001044969836,0.05447708335518285,0.0017469176897869853,0.056224001044969836,0.05447708335518285,0.017221284863109403,0.028852713657710565,0.011631428794601162,0.007804732378811026,0.2223293397355469,0.21452460735673587,20.0,20.0,0.0,0.0,0.0,0.0,17.729831707220725,17.729840391480803,17.729830450855932,5.040824417024984,0.002742682056997406,1,none,1.5424136821228864,2.7038810206537844,1.5424136821228864,8.71993576023528,8.817279102395485,0.6201607660882191,0.34986159884716417,2535,1.5424136821228864,0.0,1.0,0.0,,0,False,0,False,-0.0007542915573836876,-0.005706422584015198,,-0.0007542915573836876,-0.005706422584015198,,0.7654589614101464,0,False,False,False,False,False,0.00037310277079302293,2972,1550,0
169,True,169,172,1,0.08256250000000004,6.25e-05,0.0005,0,5,16,False,False,,,reduced_hold,1.2,3.1762746068230294,1.8229561188428982,0.9984047107865431,0.28389904669297905,0.05648093797453792,True,2,1,4,1,True,2,,,2,2,2,3928,,,,,,,,,7,0.8,3.01967119092281e-06,2.097462943721553e-06,7.001796916453884e-08,3.470932649255997e-07,3.693662295356318e-06,False,0.02509486925549586,0.0,0.02509486925549586,0.09833143132956347,0.09833143132956347,0.678058836609116,0.5011699819844566,0.11167768683308614,0.1671891337158527,0.16409774932841611,0.3066298619418785,-0.7699320571350332,1.5591119617426439,3.140290796624407,1.9453158831888981,0.6194699819774578,3.140290796624407,1.9453158831888981,0.6194699819774578,0.001762889531142933,0.05648093797453792,0.054718048443394986,0.001762889531142933,0.05648093797453792,0.054718048443394986,0.01720444019128678,0.028849660285675163,0.011645220094388384,0.007993967249260839,0.22365738266193835,0.21566341541267753,20.0,20.0,0.0,0.0,0.0,0.0,17.759739020591535,17.75974775668378,17.759737759404107,5.073285949729495,0.002752310496350572,1,none,1.5394727378766468,2.7059667056594425,1.5394727378766468,8.815102811253789,8.957745945635068,0.6139387738518203,0.34371877640195886,2537,1.5394727378766468,0.0,1.0,0.0,,0,False,0,False,-0.001475302456168057,-0.005950947207962882,,-0.001475302456168057,-0.005950947207962882,,0.7646597271563076,0,False,False,False,False,False,0.000761346838098511,2972,1550,0
169,False,170,173,1,0.08256250000000004,6.25e-05,0.0005,0,0,0,False,False,,,failed;retry_reduce,1.2,3.178237288570921,1.8187801367673369,0.9983901801507445,0.28489798964735435,0.05673179181930559,True,2,0,4,1,False,0,,,-3,0,-3,10000,,,,,,,,,7,0.8,0.0,0.0,0.0,0.0,0.0,True,0.025239058455523735,0.0,0.025239058455523735,0.09698397144332344,0.09698397144332344,0.6793150091387036,0.502067088509235,0.11026525795954577,0.1657529569151726,0.16303723596902445,0.3051785558539694,-0.7693220447364422,1.5625047997076855,3.140290796624407,1.9402250251983753,0.6178488397584012,3.140290796624407,1.9402250251983753,0.6178488397584012,0.0017791439193707112,0.05673179181930559,0.054952647899934884,0.0017791439193707112,0.05673179181930559,0.054952647899934884,0.017187476001461574,0.02884661022368221,0.011659134222220636,0.008188819545924118,0.22498466497775585,0.21679584543183172,20.0,20.0,0.0,0.0,0.0,0.0,17.78967718165221,17.789685969848623,17.78967591665872,5.105477840284382,0.0027620269114092995,1,none,1.536316355840634,2.70777679601892,1.536316355840634,8.812091727127887,8.966321555269095,0.6145593758819081,0.34268598251148186,2539,1.536316355840634,0.0,1.0,0.0,,0,False,0,False,-0.000813754508955233,-0.006093463509378068,,-0.000813754508955233,-0.006093463509378068,,0.7638757262561582,0,False,False,False,False,False,,2972,1550,0
170,True,170,174,2,0.08259375000000004,3.125e-05,0.0005,1,6,32,False,False,,,retry_reduce,1.2,3.177255947696972,1.8207237024889067,0.998397383770472,0.28441244900712204,0.056638968165644434,True,2,1,4,1,True,2,,,2,2,2,5225,,,,,,,,,6,0.8,2.5681528033353016e-06,2.334540325692967e-06,1.404754685362846e-07,3.130754769374691e-07,3.487583255649348e-06,False,0.025174349633728763,0.0,0.025174349633728763,0.09765345341142645,0.09765345341142645,0.6788996268355206,0.5019005142534494,0.11096743086351163,0.1664643826304573,0.1635590203854727,0.3058711342646972,-0.7696558493400393,1.5608022309074374,3.140290796624407,1.9426135584168418,0.61860944868705,3.140290796624407,1.9426135584168418,0.61860944868705,0.0017721511192435632,0.056638968165644434,0.05486681704640087,0.0017721511192435632,0.056638968165644434,0.05486681704640087,0.017195988845462813,0.028848279246700196,0.011652290401237383,0.00810560019072483,0.22432270177084407,0.21621710158011925,20.0,20.0,0.0,0.0,0.0,0.0,17.774383143524744,17.774391911530856,17.77438188326149,5.089146057674788,0.0027560317596479486,1,none,1.5378417029008864,2.7069199746254142,1.5378417029008864,8.771140058502839,8.901504695781687,0.6172333257867195,0.34552398846223165,2538,1.5378417029008864,0.0,1.0,0.0,,0,False,0,False,-0.00113039440556827,-0.006211950894160759,,-0.00113039440556827,-0.006211950894160759,,0.7642128865572838,0,False,False,False,False,False,0.00043253264336628425,2972,1550,0
170,False,171,175,1,0.08259375000000004,3.125e-05,0.0005,0,0,0,False,False,,,failed;retry_reduce,1.2,3.1782372885709202,1.8186283488443276,0.9983900810527407,0.28490978845392534,0.05677533643064167,True,2,1,4,1,False,0,,,-3,0,-3,10000,,,,,,,,,6,0.8,2.523431778356533e-06,0.0,0.0,0.0,2.523431778356533e-06,True,0.02524740890512842,0.0,0.02524740890512842,0.09698331912440177,0.09698331912440177,0.6793150091387036,0.5020761351407277,0.1102635850974715,0.16574840924192252,0.16303290356650912,0.30515035107152333,-0.7693541719991862,1.5624974081403686,3.140290796624407,1.94006180290455,0.6177968629497563,3.140290796624407,1.94006180290455,0.6177968629497563,0.0017808642552037597,0.05677533643064167,0.05499447217543791,0.0017808642552037597,0.05677533643064167,0.05499447217543791,0.017187512959298157,0.028846770859995933,0.011659257900697776,0.008208560369120536,0.22498575771750462,0.21677719734838408,20.0,20.0,0.0,0.0,0.0,0.0,17.789351057823772,17.789359852151428,17.789349795079282,5.1053956389673845,0.002760825804112884,1,none,1.5361829868662813,2.70777679601892,1.5361829868662813,8.812091727127887,8.966242948435301,0.6145593758819081,0.3426592376987422,2539,1.5361829868662813,0.0,1.0,0.0,,0,False,0,False,-0.0008136396658036239,-0.006092748448511605,,-0.0008136396658036239,-0.006092748448511605,,0.7638142481073871,0,False,False,False,False,False,,2972,1550,0
171,True,171,176,2,0.08260937500000004,1.5625e-05,0.0005,1,7,64,False,False,,,retry_reduce,1.2,3.177746618133943,1.8196067994330072,0.9983937170571107,0.2846680533100939,0.056722080987496724,True,2,1,4,1,True,2,,,2,2,2,2966,,,,,,,,,5,0.8,2.3357431617845906e-06,3.6574023113210254e-06,3.423057418504768e-07,3.3033855398006257e-07,4.365613881899005e-06,False,0.02521425693198158,0.0,0.02521425693198158,0.09731685881616335,0.09731685881616335,0.6791257287634336,0.5020153077429423,0.11061396689637136,0.16610365766879875,0.16337622882220798,0.30549546723073817,-0.7695200020779405,1.5616485711603223,3.140290796624407,1.9412623396875353,0.6181791640997886,3.140290796624407,1.9412623396875353,0.6181791640997886,0.0017770181968466377,0.056722080987496724,0.05494506279065009,0.0017770181968466377,0.056722080987496724,0.05494506279065009,0.01719175714419839,0.028847600010389704,0.011655842866191313,0.008163676764786226,0.22465517220643685,0.21649149544165064,20.0,20.0,0.0,0.0,0.0,0.0,17.78170932128126,17.78171810422698,17.781708060697834,5.097110456793825,0.002757894568218834,1,none,1.5365739409585293,2.7069199746254142,1.5365739409585293,8.771140058502839,8.902216338261153,0.6172333257867195,0.3452115479050837,2538,1.5365739409585293,0.0,1.0,0.0,,0,False,0,False,-0.0011287127144705416,-0.006216191629688431,,-0.0011287127144705416,-0.006216191629688431,,0.763988855545845,0,False,False,False,False,False,4.562008632591159e-06,2972,1550,0
172,True,172,177,1,0.08262500000000005,1.5625e-05,0.0005,0,8,64,False,False,,,reduced_hold,1.2,3.1782372885709127,1.818554321647719,0.9983900559238453,0.2849165754922992,0.05679524174549211,True,2,1,4,1,True,2,,,2,2,2,3168,,,,,,,,,5,0.8,2.3064764333273577e-06,3.510381175925859e-06,3.427178622470152e-07,3.223085199157324e-07,4.226576374904698e-06,False,0.02525140074247254,0.0,0.02525140074247254,0.0969823527968789,0.0969823527968789,0.6793150091387036,0.5020795178613627,0.1102621730056818,0.16574592865871882,0.1630304034530074,0.30513887273554724,-0.7693710106332207,1.5624960140992425,3.140290796624407,1.9399822859478655,0.6177715414232372,3.140290796624407,1.9399822859478655,0.6177715414232372,0.0017815804237230578,0.05679524174549211,0.055013661321769054,0.0017815804237230578,0.05679524174549211,0.055013661321769054,0.017187519929503785,0.0288468550531661,0.011659335123662316,0.008217382331466742,0.22498689650987214,0.2167695141784054,20.0,20.0,0.0,0.0,0.0,0.0,17.789192508302616,17.789201305007374,17.78919124646843,5.1053300310540495,0.002760287774564821,1,none,1.536119058014833,2.70777679601892,1.536119058014833,8.812091727127887,8.966174301661939,0.6145593758819081,0.3426476011580777,2539,1.536119058014833,0.0,1.0,0.0,,0,False,0,False,-0.0008135591789618457,-0.006092338062844977,,-0.0008135591789618457,-0.006092338062844977,,0.7637875336906964,0,False,False,False,False,False,0.0003386169767797782,2972,1550,0
173,True,173,178,1,0.08264062500000005,1.5625e-05,0.0005,0,9,64,False,False,,,reduced_hold,1.2,3.178727959007892,1.8175025667698317,0.9983863978185441,0.28516422167039357,0.056867638113703114,True,2,1,4,1,True,2,,,2,2,2,6415,,,,,,,,,5,0.8,2.259583519869864e-06,3.849541978505148e-06,3.4297338971278375e-07,3.3366295887199556e-07,4.489281996457241e-06,False,0.025288258851422586,0.0,0.025288258851422586,0.0966494022182188,0.0966494022182188,0.6794297203343909,0.5020470495952117,0.1099111293962574,0.16538894116054215,0.16299239129090565,0.3046860557217857,-0.7692190938364581,1.5633443019454534,3.140290796624407,1.9387029815199224,0.6173641573588957,3.140290796624407,1.9387029815199224,0.6173641573588957,0.0017860463907827617,0.056867638113703114,0.055081591722920355,0.0017860463907827617,0.056867638113703114,0.055081591722920355,0.017183278490272735,0.028846095469182292,0.011662816978909557,0.008271021331159978,0.22531847982331812,0.21704745849215815,20.0,20.0,0.0,0.0,0.0,0.0,17.796676144506332,17.79668495446053,17.79667488137498,5.113525958462911,0.0027626713438593784,1,none,1.534906300547943,2.70777679601892,1.534906300547943,8.812091727127887,8.967076103994197,0.6145593758819081,0.34234265054675983,2539,1.534906300547943,0.0,1.0,0.0,,0,False,0,False,-0.0008118716244637232,-0.006097058751263061,,-0.0008118716244637232,-0.006097058751263061,,0.7635872053867049,0,False,False,False,False,False,5.0132563593706215e-06,2972,1550,0
173,False,174,179,1,0.08264062500000005,1.5625e-05,0.0005,0,0,0,False,False,,,failed;retry_reduce,1.2,3.1792186294448674,1.81645070764285,0.9983827414727044,0.28541115272697437,0.056940135303931404,True,2,1,4,1,False,1,,,-3,1,-3,10000,,,,,,,,,5,0.8,2.2328465298986013e-06,4.013854922439482e-06,3.432144496380449e-07,3.37793257301369e-07,4.618282733613274e-06,True,0.025325025821132958,0.0,0.025325025821132958,0.09631802571796488,0.09631802571796488,0.679655650381755,0.5021586386911688,0.10956065159041517,0.16503263736113752,0.16277829011405964,0.30439564378175477,-0.769066008921057,1.5641933772981351,3.140290796624407,1.937423762368363,0.6169568004501232,3.140290796624407,1.937423762368363,0.6169568004501232,0.0017904849981690068,0.056940135303931404,0.055149650305762396,0.0017904849981690068,0.056940135303931404,0.055149650305762396,0.01717903311350933,0.028845330044605284,0.011666296931095953,0.008325038966990259,0.22564993713262446,0.21732489816563422,20.0,20.0,0.0,0.0,0.0,0.0,17.804161124358085,17.804169947604343,17.804159860063972,5.121711847770459,0.002765056557382764,1,none,1.533694014314007,2.70777679601892,1.533694014314007,8.812091727127887,8.967962230189867,0.6145593758819081,0.34203846424574785,2539,1.533694014314007,0.0,1.0,0.0,,0,False,0,False,-0.0008101751195708235,-0.006101759225327627,,-0.0008101751195708235,-0.006101759225327627,,0.7633879035956352,0,False,False,False,False,False,,2972,1550,0
174,True,174,180,2,0.08264843750000005,7.8125e-06,0.0005,1,10,128,False,False,,,retry_reduce,1.2,3.1789732942263735,1.8169416560376566,0.9983845666852399,0.28529108927900176,0.05691105532820282,True,2,1,4,1,True,1,,,2,1,2,1082,,,,,,,,,5,0.8,8.882330575931345e-07,1.7110887791779344e-06,1.7082728514378337e-07,1.39596237382587e-07,1.940477221116201e-06,False,0.025308304356133494,0.0,0.025308304356133494,0.09648292018983769,0.09648292018983769,0.6795820284445845,0.5021551607442597,0.1097350156232547,0.16520941815160547,0.16282092722509525,0.3044468459900582,-0.769148974560451,1.5637685191005462,3.140290796624407,1.9380253131034693,0.6171483593770076,3.140290796624407,1.9380253131034693,0.6171483593770076,0.0017884380010841177,0.05691105532820282,0.055122617327118706,0.0017884380010841177,0.05691105532820282,0.055122617327118706,0.01718115740449727,0.028845744872802254,0.011664587468304982,0.008301092960607916,0.2254848958356028,0.2171838028749949,20.0,20.0,0.0,0.0,0.0,0.0,17.80033982790598,17.80034864637868,17.800338565252822,5.117528475966343,0.0027636041130443953,1,none,1.534270832600471,2.70777679601892,1.534270832600471,8.812091727127887,8.967437426261787,0.6145593758819081,0.34218712875704005,2539,1.534270832600471,0.0,1.0,0.0,,0,False,0,False,-0.0008109953904707227,-0.006099197325769193,,-0.0008109953904707227,-0.006099197325769193,,0.7634757001112504,0,False,False,False,False,False,2.311122439154881e-06,2972,1550,0
175,True,175,181,1,0.08265625000000004,7.8125e-06,0.0005,0,11,128,False,False,,,reduced_hold,1.2,3.179218629444862,1.8164146397631056,0.9983827364455592,0.28541456143116906,0.05694870844623661,True,2,1,4,1,True,1,,,2,1,2,2052,,,,,,,,,5,0.8,8.469853491558293e-07,1.8409298400377557e-06,1.709315976738901e-07,1.4192329063352367e-07,2.038569765579205e-06,False,0.025326878102516336,0.0,0.025326878102516336,0.09631745289340869,0.09631745289340869,0.679655650381755,0.5021600463635206,0.10955989000963857,0.16503134627397656,0.16277687624644976,0.30439100388273316,-0.7690740567780068,1.564192950685746,3.140290796624407,1.937384808809951,0.6169443960070526,3.140290796624407,1.937384808809951,0.6169443960070526,0.0017907380485129823,0.05694870844623661,0.055157970397723625,0.0017907380485129823,0.05694870844623661,0.055157970397723625,0.017179035246571273,0.02884537028389003,0.011666335037318759,0.008328870109608089,0.22565059007932814,0.21732171996972005,20.0,20.0,0.0,0.0,0.0,0.0,17.804082583296335,17.8040914086914,17.80408132007867,5.121643214898794,0.002764799185512054,1,none,1.5336633928151606,2.70777679601892,1.5336633928151606,8.812091727127887,8.967902853581146,0.6145593758819081,0.3420338997545505,2539,1.5336633928151606,0.0,1.0,0.0,,0,False,0,False,-0.0008101401880017771,-0.0061015489556839626,,-0.0008101401880017771,-0.0061015489556839626,,0.7633753824329831,0,False,False,False,False,False,2.5023058404062838e-06,2972,1550,0
176,True,176,182,1,0.08266406250000004,7.8125e-06,0.0005,0,12,128,False,False,,,reduced_hold,1.2,3.1794639646633502,1.8158880420240582,0.9983809074823868,0.28553776266520925,0.05698605179400216,True,2,1,4,1,True,1,,,2,1,2,1679,,,,,,,,,5,0.8,8.275891048913814e-07,1.6872521062056916e-06,1.7099027673058155e-07,1.347325937171197e-07,1.8918546305085397e-06,False,0.02534535893212336,0.0,0.02534535893212336,0.09615238568491198,0.09615238568491198,0.6799197235004213,0.5024119129161078,0.10938496760081434,0.16485349768034605,0.16260679522523935,0.3043506776283829,-0.7689981158124182,1.5646175850279542,3.140290796624407,1.9367447167274543,0.6167405639023364,3.140290796624407,1.9367447167274543,0.6167405639023364,0.001793021440782248,0.05698605179400216,0.05519303035321991,0.001793021440782248,0.05698605179400216,0.05519303035321991,0.017176912074860228,0.02884499057906209,0.011668078504201863,0.008356513228438778,0.22581624646916107,0.2174597332407223,20.0,20.0,0.0,0.0,0.0,0.0,17.80782547588339,17.807834307932772,17.807824212021462,5.12574892541596,0.002765991119825797,1,none,1.5342839086075135,2.709106374226827,1.5342839086075135,8.868308116592218,9.04649768847622,0.6109635205746194,0.339199535873854,2540,1.5342839086075135,0.0,1.0,0.0,,0,False,0,False,-0.0006069567353330098,-0.0066441375430340045,,-0.0006069567353330098,-0.0066441375430340045,,0.764458669702297,0,False,False,False,False,False,0.0005793840613625088,2972,1550,0
177,True,177,183,1,0.08267187500000003,7.8125e-06,0.0005,0,13,128,False,False,,,reduced_hold,1.2,3.1797092998818375,1.8153615509354304,0.9983790795399663,0.28566077683671093,0.05702323925926891,True,2,1,4,1,True,1,,,2,1,2,948,,,,,,,,,5,0.8,8.19045030260214e-07,1.7982914969650457e-06,1.7105269250916057e-07,1.397755073540144e-07,1.9883368139531705e-06,False,0.025363789625101774,0.0,0.025363789625101774,0.09598770738793508,0.09598770738793508,0.6799197235004213,0.5023212652521647,0.10921028791186456,0.16467582983197498,0.16247090178501786,0.3041953862521291,-0.7689217477742472,1.565042423388126,3.140290796624407,1.936104755450156,0.6165367734514693,3.140290796624407,1.936104755450156,0.6165367734514693,0.001795291786721689,0.05702323925926891,0.055227947472547216,0.001795291786721689,0.05702323925926891,0.055227947472547216,0.017174787883059373,0.028844608738871236,0.011669820855811863,0.008384163650183796,0.22598188016948842,0.21759771651930462,20.0,20.0,0.0,0.0,0.0,0.0,17.81156866239273,17.81157750111373,17.81156739793531,5.129850053363168,0.002767182592189127,1,none,1.533677228655885,2.709106374226827,1.533677228655885,8.868308116592218,9.046967395507638,0.6109635205746194,0.3390478072060805,2540,1.533677228655885,0.0,1.0,0.0,,0,False,0,False,-0.0006060577784399266,-0.006646560231000342,,-0.0006060577784399266,-0.006646560231000342,,0.7643458829090755,0,False,False,False,False,False,2.5840937440154072e-06,2972,1550,0
177,False,178,184,1,0.08267187500000003,7.8125e-06,0.0005,0,0,0,False,False,,,failed;retry_reduce,1.2,3.179954635100323,1.8148404112005418,0.9983772533340596,0.285782884259637,0.05705880768898419,True,2,1,4,1,False,0,,,-3,0,-3,10000,,,,,,,,,5,0.8,8.125575714211019e-07,0.0,0.0,0.0,8.125575714211019e-07,True,0.025381448102585618,0.0,0.025381448102585618,0.09582423777743873,0.09582423777743873,0.6801871617409332,0.502578211289445,0.10903677932431222,0.1644993365353988,0.1622957076783677,0.30399755683558594,-0.7688451168314657,1.565467479826688,3.140290796624407,1.9354697788043913,0.616334570315872,3.140290796624407,1.9354697788043913,0.616334570315872,0.0017975415105403912,0.05705880768898419,0.0552612661784438,0.0017975415105403912,0.05705880768898419,0.0552612661784438,0.017172662600866563,0.028844225584157324,0.011671562983290761,0.008411194926507728,0.22614665868477266,0.2177354637582649,20.0,20.0,0.0,0.0,0.0,0.0,17.815312225726235,17.815321068043147,17.815310959260408,5.1338850472002395,0.0027683511605317243,1,none,1.533907813831428,2.7100112635691302,1.533907813831428,8.914135146050432,9.111947602866382,0.6080256175541269,0.33668056066277213,2541,1.533907813831428,0.0,1.0,0.0,,0,False,0,False,-0.0007119485375993588,-0.007004829102084718,,-0.0007119485375993588,-0.007004829102084718,,0.7642342876490796,0,False,False,False,False,False,,2972,1550,0
178,True,178,185,2,0.08267578125000004,3.90625e-06,0.0005,1,14,256,False,False,,,retry_reduce,1.2,3.1798319674910793,1.8150837940844509,0.9983781653002332,0.28572346701293966,0.0570443642631958,True,2,1,4,1,True,2,,,2,2,2,2377,,,,,,,,,4,0.8,8.939236727010789e-07,3.447122160108857e-06,4.269648627059957e-07,2.0990790561495328e-07,3.592785972216289e-06,False,0.02537344257406695,0.0,0.02537344257406695,0.0959056310513736,0.0959056310513736,0.6800728901789656,0.5024755993445129,0.10912310387558903,0.16458692829638627,0.16238264687176185,0.3040803929692325,-0.7688856084647256,1.5652548792332939,3.140290796624407,1.9357685299600629,0.6164297051855447,3.140290796624407,1.9357685299600629,0.6164297051855447,0.001796482684869646,0.0570443642631958,0.05524788157832615,0.001796482684869646,0.0570443642631958,0.05524788157832615,0.01717372560383353,0.02884442804232363,0.0116707024384901,0.008399070294597424,0.22606460389839367,0.21766553360379626,20.0,20.0,0.0,0.0,0.0,0.0,17.813401286691906,17.813410127443664,17.813400021438138,5.13181997489945,0.00276763450865799,1,none,1.5341943839633272,2.7100112635691302,1.5341943839633272,8.914135146050432,9.111666020997548,0.6080256175541269,0.33675386705961885,2541,1.5341943839633272,0.0,1.0,0.0,,0,False,0,False,-0.0007123853022760835,-0.0070035058167175115,,-0.0007123853022760835,-0.0070035058167175115,,0.7642847215239826,0,False,False,False,False,False,0.00037244555775052746,2972,1550,0
179,True,179,186,1,0.08267968750000004,3.90625e-06,0.0005,0,15,256,False,False,,,reduced_hold,1.2,3.179954635100325,1.8148201139215128,0.9983772516837394,0.2857849376144318,0.05706355091323858,True,2,1,4,1,True,2,,,2,2,2,3088,,,,,,,,,4,0.8,9.025407838122623e-07,3.792489939565586e-06,4.27067308646292e-07,2.1925807576585212e-07,3.927851880869945e-06,False,0.02538274418629401,0.0,0.02538274418629401,0.09582353028352411,0.09582353028352411,0.6801871617409332,0.5025785721090292,0.10903589157779466,0.1644982260806876,0.16229458936631794,0.303994525349133,-0.7688480244656961,1.5654673913662946,3.140290796624407,1.9354481834212538,0.6163276934421886,3.140290796624407,1.9354481834212538,0.6163276934421886,0.001797638859624136,0.05706355091323858,0.05526591205361445,0.001797638859624136,0.05706355091323858,0.05526591205361445,0.01717266304316853,0.02884424012232848,0.011671577079159952,0.008413161255702722,0.22614742684391242,0.2177342655882097,20.0,20.0,0.0,0.0,0.0,0.0,17.81527315372559,17.815281998487805,17.81527188849192,5.133875662605718,0.002768238135171922,1,none,1.533890623552711,2.7100112635691302,1.533890623552711,8.914135146050432,9.111911137555207,0.6080256175541269,0.33667813489328324,2541,1.533890623552711,0.0,1.0,0.0,,0,False,0,False,-0.0007119352947532163,-0.00700473642969153,,-0.0007119352947532163,-0.00700473642969153,,0.7642280560843545,0,False,False,False,False,False,1.3103110556121488e-06,2972,1550,0
179,False,180,187,1,0.08267968750000004,3.90625e-06,0.0005,0,0,0,False,False,,,failed;retry_reduce,1.2,3.1800773027095683,1.8145566080816642,0.9983763385269725,0.28584631240727837,0.05708279694374607,True,2,1,4,1,False,1,,,-3,1,-3,10000,,,,,,,,,4,0.8,8.97197488048585e-07,3.3779000816275316e-06,4.271453275826985e-07,2.0003674121505756e-07,3.5267038609346895e-06,True,0.025391995287180072,0.0,0.025391995287180072,0.09574153014064588,0.09574153014064588,0.6802624551283626,0.5026309514704032,0.10894873505042318,0.16440956214868632,0.16220657574725092,0.3038910512285346,-0.7688100220900431,1.565679953361955,3.140290796624407,1.9351280286790338,0.6162257427748924,3.140290796624407,1.9351280286790338,0.6162257427748924,0.0017987934774287737,0.05708279694374607,0.055284003466317296,0.0017987934774287737,0.05708279694374607,0.055284003466317296,0.017171600233190226,0.028844050110450214,0.011672449877259988,0.008427234695330722,0.22623024605802375,0.21780301136269303,20.0,20.0,0.0,0.0,0.0,0.0,17.817145071948218,17.817153920064897,17.817143806415707,5.135929344850329,0.002768838279419815,1,none,1.5335870529419098,2.7100112635691302,1.5335870529419098,8.914135146050432,9.11215479512502,0.6080256175541269,0.3366025023548491,2541,1.5335870529419098,0.0,1.0,0.0,,0,False,0,False,-0.0007114820453225988,-0.00700596534577579,,-0.0007114820453225988,-0.00700596534577579,,0.7641717008227139,0,False,False,False,False,False,,2972,1550,0
180,True,180,188,2,0.08268164062500004,1.953125e-06,0.0005,1,16,512,False,False,,,retry_reduce,1.2,3.180015968904944,1.8146787366437094,0.9983767948945861,0.2858165955185273,0.05707514554109568,True,2,1,4,1,True,1,,,2,1,2,571,,,,,,,,,4,0.8,3.676996515262645e-07,1.6828399778349188e-06,2.1350723091545505e-07,1.0016905917654826e-07,1.7386122635025517e-06,False,0.025387877360029853,0.0,0.025387877360029853,0.09578215163125775,0.09578215163125775,0.6802247620559403,0.5026048803370738,0.10899187881079424,0.1644533379687355,0.16225002763836233,0.3039468444541332,-0.7688303516407072,1.5655736513804064,3.140290796624407,1.935277766586478,0.6162734255906384,3.140290796624407,1.935277766586478,0.6162734255906384,0.0017982393237643921,0.05707514554109568,0.05527690621733129,0.0017982393237643921,0.05707514554109568,0.05527690621733129,0.01717213174309797,0.028844151758203533,0.011672020015105564,0.008420891144234277,0.2261892183556615,0.21776832721142722,20.0,20.0,0.0,0.0,0.0,0.0,17.81618963355087,17.816198481161766,17.816188368800482,5.134885502464556,0.002768479743481216,1,none,1.5337308260631635,2.7100112635691302,1.5337308260631635,8.914135146050432,9.112006275938352,0.6080256175541269,0.33663954558793807,2541,1.5337308260631635,0.0,1.0,0.0,,0,False,0,False,-0.0007117042560439993,-0.007005300018575315,,-0.0007117042560439993,-0.007005300018575315,,0.7641970304848908,0,False,False,False,False,False,6.091069816399918e-07,2972,1550,0
181,True,181,189,1,0.08268359375000003,1.953125e-06,0.0005,0,17,512,False,False,,,reduced_hold,1.2,3.1800773027095643,1.8145466368889969,0.9983763382545753,0.2858473086089866,0.057085008774593694,True,2,1,4,1,True,1,,,2,1,2,741,,,,,,,,,4,0.8,3.474866383860839e-07,1.6353220711763996e-06,2.1353178433048528e-07,9.351678927452569e-08,1.6880066507952828e-06,False,0.02539255526249899,0.0,0.02539255526249899,0.0957411610301857,0.0957411610301857,0.6802624551283626,0.5026311195858695,0.10894829753628775,0.1644090020755389,0.16220601548331234,0.30388961112679325,-0.7688117619064847,1.5656799200115918,3.140290796624407,1.935117370238179,0.6162223486813052,3.140290796624407,1.935117370238179,0.6162223486813052,0.001798822389318558,0.057085008774593694,0.05528618638527514,0.001798822389318558,0.057085008774593694,0.05528618638527514,0.01717160039994204,0.028844058809532423,0.011672458409590383,0.008428062830359087,0.22623063248093234,0.21780256965057326,20.0,20.0,0.0,0.0,0.0,0.0,17.81712563119139,17.817134480817394,17.817124366447747,5.135916399847168,0.002768781842601,1,none,1.533578702440893,2.7100112635691302,1.533578702440893,8.914135146050432,9.112130742352733,0.6080256175541269,0.3366015580335991,2541,1.533578702440893,0.0,1.0,0.0,,0,False,0,False,-0.0007114771182781557,-0.00700591716248169,,-0.0007114771182781557,-0.00700591716248169,,0.7641686922895286,0,False,False,False,False,False,6.57615515212682e-07,2972,1550,0
182,True,182,190,1,0.08268554687500003,1.953125e-06,0.0005,0,18,512,False,False,,,reduced_hold,1.2,3.1801386365141875,1.814414769048926,0.9983758817503566,0.2858780028602104,0.05709473780134046,True,2,1,4,1,True,1,,,2,1,2,777,,,,,,,,,4,0.8,3.4162351998800037e-07,1.705637779295e-06,2.1355311541155536e-07,9.714569256991018e-08,1.755263251553521e-06,False,0.02539719877354548,0.0,0.02539719877354548,0.09570019968780073,0.09570019968780073,0.6802624551283626,0.5026084358141295,0.10890473489125754,0.1643646853913221,0.16231711312478075,0.30383242002812205,-0.7687929242395773,1.5657861996019828,3.140290796624407,1.9349572013178018,0.6161713441945393,3.140290796624407,1.9349572013178018,0.6161713441945393,0.0017994066707700132,0.05709473780134046,0.055295331130570446,0.0017994066707700132,0.05709473780134046,0.055295331130570446,0.017171069001990086,0.028843964621197885,0.011672895619207799,0.008435195572496803,0.226272041147483,0.2178368455749862,20.0,20.0,0.0,0.0,0.0,0.0,17.81806163784578,17.81807048915004,17.818060372942227,5.1369456184433835,0.00276908237909464,1,none,1.5334267893356708,2.7100112635691302,1.5334267893356708,8.914135146050432,9.112254934675317,0.6080256175541269,0.3365636278459343,2541,1.5334267893356708,0.0,1.0,0.0,,0,False,0,False,-0.0007112506035521593,-0.007006533759146414,,-0.0007112506035521593,-0.007006533759146414,,0.7641404251553509,0,False,False,False,False,False,6.568868761376008e-07,2972,1550,0
183,True,183,191,1,0.08268750000000002,1.953125e-06,0.0005,0,19,512,False,False,,,reduced_hold,1.2,3.180199970318811,1.8142829650328058,0.9983754254001964,0.2859086799096117,0.05710442944825793,True,2,1,4,1,True,1,,,2,1,2,990,,,,,,,,,4,0.8,3.3914428715620134e-07,1.7997062956262347e-06,2.1357374059883743e-07,1.0114022843486561e-07,1.8465656464119082e-06,False,0.02540183425695659,0.0,0.02540183425695659,0.09565926316028697,0.09565926316028697,0.6802624551283626,0.5025857547050102,0.10886118808105695,0.16432037925831394,0.16227461145290842,0.30377525178973863,-0.7687739957568143,1.5658924926355229,3.140290796624407,1.9347970928984597,0.6161203589738349,3.140290796624407,1.9347970928984597,0.6161203589738349,0.0017999897867298448,0.05710442944825793,0.055304439661528086,0.0017999897867298448,0.05710442944825793,0.055304439661528086,0.017170537536822385,0.02884386997878407,0.011673332441961684,0.00844230471288858,0.2263134455142963,0.21787114080140774,20.0,20.0,0.0,0.0,0.0,0.0,17.818997655836935,17.819006508816354,17.818996390775695,5.137973932412453,0.0027693828152702813,1,none,1.5332749477592005,2.7100112635691302,1.5332749477592005,8.914135146050432,9.11237840889527,0.6080256175541269,0.33652574091138643,2541,1.5332749477592005,0.0,1.0,0.0,,0,False,0,False,-0.0007110245190640798,-0.007007149578517439,,-0.0007110245190640798,-0.007007149578517439,,0.7641121886371857,0,False,False,False,False,False,6.5600891265256e-07,2972,1550,0
184,True,184,192,1,0.08268945312500002,1.953125e-06,0.0005,0,20,512,False,False,,,reduced_hold,1.2,3.180261304123428,1.814151182110352,0.9983749692019847,0.28593933707203845,0.057114116126091144,True,2,1,4,1,True,1,,,2,1,2,1225,,,,,,,,,4,0.8,3.37938122050153e-07,1.8158127707516856e-06,2.1359397073339384e-07,1.0172606572973079e-07,1.8620818374986115e-06,False,0.025406464016139142,0.0,0.025406464016139142,0.09561835063364751,0.09561835063364751,0.6802624551283626,0.502563072418489,0.10881765726499028,0.16427608121653714,0.16223212190754738,0.3037181050185652,-0.768755012705958,1.5659988001012537,3.140290796624407,1.9346370054042914,0.6160693804165814,3.140290796624407,1.9346370054042914,0.6160693804165814,0.0018005713485023187,0.057114116126091144,0.055313544777588826,0.0018005713485023187,0.057114116126091144,0.055313544777588826,0.017170005999493733,0.02884377506352979,0.011673769064036058,0.008449399756109852,0.2263548462330341,0.21790544647692422,20.0,20.0,0.0,0.0,0.0,0.0,17.81993368807641,17.819942542732214,17.81993242286177,5.139001624462433,0.0027696831145225926,1,none,1.5331231395552969,2.7100112635691302,1.5331231395552969,8.914135146050432,9.112501184288107,0.6080256175541269,0.336487888133003,2541,1.5331231395552969,0.0,1.0,0.0,,0,False,0,False,-0.0007107983317447431,-0.007007764497087968,,-0.0007107983317447431,-0.007007764497087968,,0.7640839887118018,0,False,False,False,False,False,6.551988643230031e-07,2972,1550,0
185,True,185,193,1,0.08269140625000002,1.953125e-06,0.0005,0,21,512,False,False,,,reduced_hold,1.2,3.1803226379280503,1.8140193925454051,0.998374513150162,0.2859699660328479,0.05712383656892408,True,2,1,4,1,True,1,,,2,1,2,628,,,,,,,,,4,0.8,3.371599989854598e-07,1.6355696431157036e-06,2.1361338278933664e-07,9.329617385696582e-08,1.686149393073033e-06,False,0.025411092184023418,0.0,0.025411092184023418,0.0955774611852098,0.0955774611852098,0.6802624551283626,0.5025403854573016,0.10877414263247064,0.16423178883825254,0.16218965378007444,0.303728871891763,-0.7687359820443472,1.5661051244660018,3.140290796624407,1.934476913929841,0.6160184005918395,3.140290796624407,1.934476913929841,0.6160184005918395,0.0018011516168736275,0.05712383656892408,0.05532268495205045,0.0018011516168736275,0.05712383656892408,0.05532268495205045,0.01716947437766999,0.028843679910221732,0.011674205532551742,0.008456489128615588,0.2263962438039693,0.2179397546753537,20.0,20.0,0.0,0.0,0.0,0.0,17.82086973751768,17.820878593851514,17.82086847215372,5.140028812212119,0.00276998329553597,1,none,1.5329713383491153,2.7100112635691302,1.5329713383491153,8.914135146050432,9.11262331401012,0.6080256175541269,0.33645006174945524,2541,1.5329713383491153,0.0,1.0,0.0,,0,False,0,False,-0.0007105711902888182,-0.007008378265460549,,-0.0007105711902888182,-0.007008378265460549,,0.7640558508700286,0,False,False,False,False,False,6.544500410125077e-07,2972,1550,0
186,True,186,194,1,0.08269335937500001,1.953125e-06,0.0005,0,22,512,False,False,,,reduced_hold,1.2,3.1803839717326716,1.8138876340902235,0.9983740572307247,0.28600059347321183,0.05713350628959481,True,2,1,4,1,True,1,,,2,1,2,821,,,,,,,,,4,0.8,3.3668046867569345e-07,1.634082369638028e-06,2.1363329878140887e-07,9.315449555996608e-08,1.6846055547637185e-06,False,0.025415713727487917,0.0,0.025415713727487917,0.09553659352650276,0.09553659352650276,0.6803766064589403,0.5026659478417163,0.10873064365833915,0.16418750762224757,0.16215204565623334,0.30367024117849517,-0.7687169237817114,1.5662114663942697,3.140290796624407,1.934316852510196,0.6159674303378054,3.140290796624407,1.934316852510196,0.6159674303378054,0.0018017303679795972,0.05713350628959481,0.05533177592161521,0.0018017303679795972,0.05713350628959481,0.05533177592161521,0.017168942668028653,0.028843584618908555,0.011674641950879902,0.008463570879910592,0.2264376396824947,0.2179740688025841,20.0,20.0,0.0,0.0,0.0,0.0,17.82180580656081,17.821814664573978,17.821804541051193,5.141055686308402,0.002770283434689107,1,none,1.5328195779544673,2.7100112635691302,1.5328195779544673,8.914135146050432,9.11274495418806,0.6080256175541269,0.336412263409174,2541,1.5328195779544673,0.0,1.0,0.0,,0,False,0,False,-0.0007103451337926571,-0.007008992191827141,,-0.0007103451337926571,-0.007008992191827141,,0.7640276859254971,0,False,False,False,False,False,6.542225332816331e-07,2972,1550,0
187,True,187,195,1,0.0826953125,1.953125e-06,0.0005,0,23,512,False,False,,,reduced_hold,1.2,3.1804453055372934,1.8137558835293952,0.998373601444188,0.28603120621249795,0.057143169350728835,True,2,1,4,1,True,1,,,2,1,2,823,,,,,,,,,4,0.8,3.3631549731484427e-07,1.6345788059335371e-06,2.1365316145889883e-07,9.319065571080158e-08,1.685018741217566e-06,False,0.025420331801786104,0.0,0.025420331801786104,0.09549574855393116,0.09549574855393116,0.6804531849484093,0.5027427144303063,0.10868716145398327,0.16414323482196874,0.16210977662895945,0.3036116342928823,-0.7686978390919197,1.5663178240871154,3.140290796624407,1.9341568006200232,0.615916463118354,3.140290796624407,1.9341568006200232,0.615916463118354,0.0018023079655948568,0.057143169350728835,0.05534086138513398,0.0018023079655948568,0.057143169350728835,0.05534086138513398,0.017168410879564427,0.0288434891954596,0.011675078315895173,0.008470650659252552,0.2264790321322394,0.21800838147298685,20.0,20.0,0.0,0.0,0.0,0.0,17.822741897098382,17.82275075679199,17.822740631446294,5.142082269169408,0.002770583548128285,1,none,1.5326678359907762,2.7100112635691302,1.5326678359907762,8.914135146050432,9.112866156381862,0.6080256175541269,0.3363744862898987,2541,1.5326678359907762,0.0,1.0,0.0,,0,False,0,False,-0.0007101193007648159,-0.00700960592432577,,-0.0007101193007648159,-0.00700960592432577,,0.76399952699354,0,False,False,False,False,False,6.539634059615526e-07,2972,1550,0
188,True,188,196,1,0.082697265625,1.953125e-06,0.0005,0,24,512,False,False,,,reduced_hold,1.2,3.1805066393419175,1.8136241478722206,0.9983731457869603,0.28606181156839006,0.05715280686363878,True,2,1,4,1,True,1,,,2,1,2,748,,,,,,,,,4,0.8,3.36112447489031e-07,1.7028822916148856e-06,2.1367337089887314e-07,9.692188034110205e-08,1.7515221485247549e-06,False,0.025424945309977874,0.0,0.025424945309977874,0.09545492667124812,0.09545492667124812,0.6805285671292829,0.50281793875059,0.10864369511240791,0.16409897158386674,0.16206751597782118,0.30355305378804753,-0.7686787348418987,1.5664241957866676,3.140290796624407,1.93399676479555,0.6158655010148937,3.140290796624407,1.93399676479555,0.6158655010148937,0.0018028845189204342,0.05715280686363878,0.05534992234471835,0.0018028845189204342,0.05715280686363878,0.05534992234471835,0.017167879021066663,0.028843393674209496,0.011675514653142833,0.008477729574125403,0.22652042283496665,0.21804269326084125,20.0,20.0,0.0,0.0,0.0,0.0,17.823678010758748,17.823686872134402,17.82367674496734,5.1431086336094385,0.002770883672460977,1,none,1.5325161180929991,2.7100112635691302,1.5325161180929991,8.914135146050432,9.112987004211682,0.6080256175541269,0.3363367285358198,2541,1.5325161180929991,0.0,1.0,0.0,,0,False,0,False,-0.0007098941487857232,-0.0070102198047747016,,-0.0007098941487857232,-0.0070102198047747016,,0.7639713548232716,0,False,False,False,False,False,6.538674324890887e-07,2972,1550,0
189,True,189,197,1,0.08269921875,1.953125e-06,0.0005,0,25,512,False,False,,,reduced_hold,1.2,3.1805679731465406,1.813492415879542,0.9983726902441974,0.2860924056615777,0.057162441150517385,True,2,1,4,1,True,1,,,2,1,2,1232,,,,,,,,,4,0.8,3.3584440867022236e-07,1.810382100186067e-06,2.1369330658201257e-07,1.0149667094408398e-07,1.8564054565207063e-06,False,0.025429557062381702,0.0,0.025429557062381702,0.09541412812728457,0.09541412812728457,0.6806808172526919,0.5029930284340534,0.10860024444607651,0.16405471609736397,0.16202527061836436,0.30349437957469494,-0.7686596107772972,1.5665305815333093,3.140290796624407,1.9338367352254555,0.6158145409030892,3.140290796624407,1.9338367352254555,0.6158145409030892,0.0018034603874978003,0.057162441150517385,0.05535898076301959,0.0018034603874978003,0.057162441150517385,0.05535898076301959,0.017167347092333453,0.028843298053886482,0.011675950961553029,0.008484811236974976,0.22656181226160224,0.21807700102462726,20.0,20.0,0.0,0.0,0.0,0.0,17.82461414887996,17.824623011937806,17.824612882951396,5.144134802797393,0.002771183827004175,1,none,1.5323644130997163,2.7100112635691302,1.5323644130997163,8.914135146050432,9.113107533779036,0.6080256175541269,0.336298986359985,2541,1.5323644130997163,0.0,1.0,0.0,,0,False,0,False,-0.0007096690846477321,-0.007010833379045665,,-0.0007096690846477321,-0.007010833379045665,,0.7639431904642646,0,False,False,False,False,False,6.535497320003769e-07,2972,1550,0
190,True,190,198,1,0.08270117187499999,1.953125e-06,0.0005,0,26,512,False,False,,,reduced_hold,1.2,3.180629306951154,1.8133606688893469,0.9983722347993083,0.28612299930338164,0.05717210161599303,True,2,1,4,1,True,1,,,2,1,2,974,,,,,,,,,4,0.8,3.35631629650437e-07,1.761739103331936e-06,2.137129171242676e-07,9.955317379161887e-08,1.808855246941659e-06,False,0.02543416845967183,0.0,0.02543416845967183,0.09537335259820687,0.09537335259820687,0.6807563483773917,0.5030684467804323,0.10855680925206317,0.16401046598600824,0.16198304510331446,0.30343595653605476,-0.7686404647285098,1.5666369822630362,3.140290796624407,1.933676695363729,0.6157635775139985,3.140290796624407,1.933676695363729,0.6157635775139985,0.001804035885703374,0.05717210161599303,0.055368065730289656,0.001804035885703374,0.05717210161599303,0.055368065730289656,0.01716681508868482,0.02884320232364255,0.01167638723495773,0.008491899662294251,0.2266032007175241,0.21811130105522986,20.0,20.0,0.0,0.0,0.0,0.0,17.82555031265347,17.825559177394556,17.825549046589487,5.1451607760691624,0.0027714840119272563,1,none,1.5322127032328392,2.7100112635691302,1.5322127032328392,8.914135146050432,9.113227770978693,0.6080256175541269,0.33626125490075204,2541,1.5322127032328392,0.0,1.0,0.0,,0,False,0,False,-0.0007094433045454107,-0.007011446233685418,,-0.0007094433045454107,-0.007011446233685418,,0.7639150684636223,0,False,False,False,False,False,6.531213241594156e-07,2972,1550,0
