step,time,threshold,roi_max_r,analysis_mode,mesh_index,n_components,lumen_node_fraction,largest_component_fraction,second_component_fraction,centroid_x,centroid_y,centroid_z,largest_centroid_x,largest_centroid_y,largest_centroid_z,total_component_volume,largest_component_volume,second_component_volume,min_pairwise_centroid_distance,mean_pairwise_centroid_distance,min_gap,edge_components,ref_n_components,ref_largest_component_fraction,ref_second_component_fraction,ref_centroid_x,ref_centroid_y,ref_centroid_z,ref_largest_centroid_x,ref_largest_centroid_y,ref_largest_centroid_z,ref_total_component_volume,ref_largest_component_volume,ref_second_component_volume,ref_min_pairwise_centroid_distance,ref_mean_pairwise_centroid_distance,ref_min_gap,ref_edge_components,def_n_components,def_largest_component_fraction,def_second_component_fraction,def_centroid_x,def_centroid_y,def_centroid_z,def_largest_centroid_x,def_largest_centroid_y,def_largest_centroid_z,def_total_component_volume,def_largest_component_volume,def_second_component_volume,def_min_pairwise_centroid_distance,def_mean_pairwise_centroid_distance,def_min_gap,def_edge_components
0,0.0,0.45,,scientific,0,8,0.012903225806451613,0.19999999975690147,0.16666666671731215,-0.010570717518681955,-0.023665861241827336,nan,-0.0008450171323492692,-0.44043451600558076,nan,0.03229613408974467,0.006459226810097791,0.005382689016593098,0.30314463658315305,0.5527933133865146,0.23456885413140563,0,8,0.19999999975690147,0.16666666671731215,-0.010570717518681955,-0.023665861241827336,nan,-0.0008450171323492692,-0.44043451600558076,nan,0.03229613408974467,0.006459226810097791,0.005382689016593098,0.30314463658315305,0.5527933133865146,0.23456885413140563,0,8,0.19999999975690147,0.16666666671731215,-0.010570717518681955,-0.023665861241827336,nan,-0.0008450171323492692,-0.44043451600558076,nan,0.03229613408974467,0.006459226810097791,0.005382689016593098,0.30314463658315305,0.5527933133865146,0.23456885413140563,0
1,0.001,0.45,,scientific,0,0,0.001935483870967742,0.0,0.0,nan,nan,nan,nan,nan,nan,0.0,0.0,0.0,0.0,0.0,nan,0,0,0.0,0.0,nan,nan,nan,nan,nan,nan,0.0,0.0,0.0,0.0,0.0,nan,0,0,0.0,0.0,nan,nan,nan,nan,nan,nan,0.0,0.0,0.0,0.0,0.0,nan,0
2,0.002,0.45,,scientific,0,4,0.00967741935483871,0.2919636279385544,0.2501569172898306,-0.0015435546450191047,-0.0313591700268983,nan,0.002489213947612925,-0.3858177973624271,nan,0.02353884847267295,0.0068724875975774945,0.005888405770476302,0.5462350494038419,0.6307195902974235,0.4561698461294241,0,4,0.2916666665543764,0.25000000003963196,-0.0018742674490647316,-0.03228164968870818,nan,0.002587802353445705,-0.3988386351612476,nan,0.025836907275550994,0.007535764619134474,0.006459226819911716,0.5645679378304556,0.6520211867191552,0.47024779685611684,0,4,0.2919636279385544,0.2501569172898306,-0.0015435546450191047,-0.0313591700268983,nan,0.002489213947612925,-0.3858177973624271,nan,0.02353884847267295,0.0068724875975774945,0.005888405770476302,0.5462350494038419,0.6307195902974235,0.4561698461294241,0
3,0.0025,0.45,,scientific,0,4,0.025806451612903226,0.27413410015284634,0.24656763803081605,-0.001516828712093981,-0.013148073068829962,nan,-0.005223736814948394,-0.36315042014484095,nan,0.07191093035686406,0.01971323818453293,0.01773090824669048,0.5181206507357374,0.5928359077766442,0.3638905343211659,0,4,0.27397260267227064,0.24657534248866278,-0.0016385915995603012,-0.013503784509325436,nan,-0.005435073977290165,-0.3750921487051171,nan,0.07858725963495755,0.0215307560590708,0.019377680459735123,0.5351313595763744,0.6123168416760296,0.3739665744609425,0,4,0.27413410015284634,0.24656763803081605,-0.001516828712093981,-0.013148073068829962,nan,-0.005223736814948394,-0.36315042014484095,nan,0.07191093035686406,0.01971323818453293,0.01773090824669048,0.5181206507357374,0.5928359077766442,0.3638905343211659,0
4,0.003,0.45,,scientific,0,4,0.043225806451612905,0.26087571227447687,0.25216844125204735,0.0022471570827638523,0.006267185774089098,nan,0.0015193527167192775,0.36121934968962677,nan,0.1135025557270164,0.029610060070258903,0.028621762555805366,0.5021952618322794,0.5742908981581636,0.3116940567806922,0,4,0.26086956524353366,0.25217391296853703,0.0022991658673646885,0.006449820910480604,nan,0.001534150514011098,0.37289600695603786,nan,0.12380184736923468,0.03229613409955856,0.031219596283833494,0.5184357968197754,0.5928499807264391,0.31947135732602944,0,4,0.26087571227447687,0.25216844125204735,0.0022471570827638523,0.006267185774089098,nan,0.0015193527167192775,0.36121934968962677,nan,0.1135025557270164,0.029610060070258903,0.028621762555805366,0.5021952618322794,0.5742908981581636,0.3116940567806922,0
5,0.0035,0.45,,scientific,0,4,0.05161290322580645,0.2601035207579333,0.2533052917434564,-0.0024723026816185637,-0.0015484541991888515,nan,0.0006966521688807373,-0.34623357504811975,nan,0.14845508642166078,0.03861369065269723,0.03760445897683882,0.48772957719554194,0.559215758170132,0.2703544115599491,0,4,0.2599999999351357,0.25333333335553904,-0.0025349389626893627,-0.0015597718545724058,nan,0.0007074729359221652,-0.3572942693127373,nan,0.1614806704836383,0.041984974315271616,0.04090843652610749,0.5032750307546624,0.5770444511870462,0.2765624169429867,0,4,0.2601035207579333,0.2533052917434564,-0.0024723026816185637,-0.0015484541991888515,nan,0.0006966521688807373,-0.34623357504811975,nan,0.14845508642166078,0.03861369065269723,0.03760445897683882,0.48772957719554194,0.559215758170132,0.2703544115599491,0
6,0.00375,0.45,,scientific,0,4,0.05806451612903226,0.2573816532620222,0.2573527427524177,0.0024948370495727814,0.000164499134377719,nan,0.003051294252983454,-0.34025118716553976,nan,0.16953539981801713,0.04363530149159919,0.043630400136794444,0.4750304295730726,0.546186361534006,0.2431389445369092,0,4,0.25730994154027614,0.25730994146329317,0.0025075936312977136,0.0001603616926231756,nan,-0.0015429143864110109,0.35004647742158396,nan,0.18408796435331215,0.04736766334601919,0.047367663331847554,0.49013289836769247,0.5635298305820916,0.248465730771673,0,4,0.2573816532620222,0.2573527427524177,0.0024948370495727814,0.000164499134377719,nan,0.003051294252983454,-0.34025118716553976,nan,0.16953539981801713,0.04363530149159919,0.043630400136794444,0.4750304295730726,0.546186361534006,0.2431389445369092,0
7,0.004,0.45,,scientific,0,4,0.06516129032258064,0.2582241339849435,0.25814984991804746,0.005287042366035798,0.0036525769071326236,nan,0.3363427892694527,-0.0022096293573884754,nan,0.18472580931627286,0.047700662135362365,0.04768693995098569,0.4728468649084126,0.5409830924185106,0.2303920284435638,0,4,0.2580645161473003,0.2580645161472999,0.005340412285822113,0.0036754127245665993,nan,0.3469104170650969,-0.002304800424494906,nan,0.2002360314030887,0.05167381455929372,0.05167381455929364,0.4877944375707041,0.5580954413460628,0.23536519377926074,0,4,0.2582241339849435,0.25814984991804746,0.005287042366035798,0.0036525769071326236,nan,0.3363427892694527,-0.0022096293573884754,nan,0.18472580931627286,0.047700662135362365,0.04768693995098569,0.4728468649084126,0.5409830924185106,0.2303920284435638,0
8,0.00425,0.45,,scientific,0,4,0.0703225806451613,0.25636592547456794,0.25130596895579677,-0.00032358251096746793,0.004294512700350271,nan,-0.006061175007855907,0.3340208567042179,nan,0.19800596699985934,0.05076198297940569,0.04976008139592917,0.46484843299933337,0.5344577122203163,0.2143054242207359,0,4,0.2562814070521374,0.2512562814236648,-0.0003569356360198432,0.004326803658855117,nan,-0.00623786832028428,0.34454566692823135,nan,0.21423102284622636,0.05490342796924949,0.05382689016593101,0.4796531857522143,0.5513337455001165,0.21889422515826742,0,4,0.25636592547456794,0.25130596895579677,-0.00032358251096746793,0.004294512700350271,nan,-0.006061175007855907,0.3340208567042179,nan,0.19800596699985934,0.05076198297940569,0.04976008139592917,0.46484843299933337,0.5344577122203163,0.2143054242207359,0
9,0.0045000000000000005,0.45,,scientific,0,4,0.07354838709677419,0.2606353450811483,0.2464709917674949,-0.0031702833009848758,0.005724180016392665,nan,-0.0037712476142550944,0.3285373133167879,nan,0.21442299541834317,0.05588621140419335,0.05284904833851606,0.4562260617749968,0.5258931282407017,0.1940474047227914,0,4,0.2604651162950246,0.2465116279220775,-0.0032502181775395243,0.005790056744715102,nan,-0.003917076019766468,0.33887857107365843,nan,0.2314556276993249,0.06028611698584258,0.057056503575886874,0.4707678254186751,0.5424888019083071,0.19826572347062177,0,4,0.2606353450811483,0.2464709917674949,-0.0031702833009848758,0.005724180016392665,nan,-0.0037712476142550944,0.3285373133167879,nan,0.21442299541834317,0.05588621140419335,0.05284904833851606,0.4562260617749968,0.5258931282407017,0.1940474047227914,0
10,0.004750000000000001,0.45,,scientific,0,4,0.07870967741935483,0.2556021655980552,0.2511042999157818,-0.0021155295242597685,0.0024439809197352447,nan,-0.003725350993912547,0.3217830468210264,nan,0.2268640514614353,0.057986942849891504,0.056966538818281606,0.4505231936834617,0.5148397816849918,0.18240007731076047,0,4,0.255506607940964,0.2511013215523456,-0.002178140556088271,0.0024662442206742816,nan,-0.003866447956092595,0.3319333772403835,nan,0.24437408134237637,0.06243919259247981,0.06136265477821111,0.4648610004426885,0.5311213436935097,0.1865760797067362,0,4,0.2556021655980552,0.2511042999157818,-0.0021155295242597685,0.0024439809197352447,nan,-0.003725350993912547,0.3217830468210264,nan,0.2268640514614353,0.057986942849891504,0.056966538818281606,0.4505231936834617,0.5148397816849918,0.18240007731076047,0
11,0.005000000000000001,0.45,,scientific,0,3,0.08645161290322581,0.4939287520924783,0.25911213047131204,-0.003985755331737764,-0.0015749743375842176,nan,0.1497725658403876,0.15980700037526255,nan,0.2515754953214494,0.12426037046117061,0.06518626256711635,0.4360059346342843,0.4728953912920481,0.14862856920209416,0,3,0.494023904402497,0.258964143396254,-0.004076640292532372,-0.0016043285713634064,nan,0.15457451819199308,0.16479146358710547,nan,0.2702109886220193,0.13349068761150867,0.06997495720475617,0.44993960604157807,0.487921595409241,0.15175392770801654,0,3,0.4939287520924783,0.25911213047131204,-0.003985755331737764,-0.0015749743375842176,nan,0.1497725658403876,0.15980700037526255,nan,0.2515754953214494,0.12426037046117061,0.06518626256711635,0.4360059346342843,0.4728953912920481,0.14862856920209416,0
12,0.005125000000000001,0.45,,scientific,0,1,0.08709677419354839,1.0,0.0,-0.0065219460385395455,-0.0011333604054668501,nan,-0.0065219460385395455,-0.0011333604054668501,nan,0.26193341185134644,0.26193341185134644,0.0,0.0,0.0,nan,0,1,1.0,0.0,-0.006646273485523915,-0.0011621314021507069,nan,-0.006646273485523915,-0.0011621314021507069,nan,0.2809763666552051,0.2809763666552051,0.0,0.0,0.0,nan,0,1,1.0,0.0,-0.0065219460385395455,-0.0011333604054668501,nan,-0.0065219460385395455,-0.0011333604054668501,nan,0.26193341185134644,0.26193341185134644,0.0,0.0,0.0,nan,0
13,0.005187500000000001,0.45,,scientific,0,1,0.09032258064516129,1.0,0.0,-0.0052676028466336604,0.0005937320375473147,nan,-0.0052676028466336604,0.0005937320375473147,nan,0.27016589323081597,0.27016589323081597,0.0,0.0,0.0,nan,0,1,1.0,0.0,-0.005379161524394615,0.0005916157870924386,nan,-0.005379161524394615,0.0005916157870924386,nan,0.2895886690817522,0.2895886690817522,0.0,0.0,0.0,nan,0,1,1.0,0.0,-0.0052676028466336604,0.0005937320375473147,nan,-0.0052676028466336604,0.0005937320375473147,nan,0.27016589323081597,0.27016589323081597,0.0,0.0,0.0,nan,0
14,0.005250000000000001,0.45,,scientific,0,1,0.09225806451612903,1.0,0.0,-0.0030112055587175634,0.0004448923683920919,nan,-0.0030112055587175634,0.0004448923683920919,nan,0.2712820356500362,0.2712820356500362,0.0,0.0,0.0,nan,0,1,1.0,0.0,-0.0030850986366928483,0.0004463183501056294,nan,-0.0030850986366928483,0.0004463183501056294,nan,0.29066520688709596,0.29066520688709596,0.0,0.0,0.0,nan,0,1,1.0,0.0,-0.0030112055587175634,0.0004448923683920919,nan,-0.0030112055587175634,0.0004448923683920919,nan,0.2712820356500362,0.2712820356500362,0.0,0.0,0.0,nan,0
15,0.005312500000000001,0.45,,scientific,0,1,0.09290322580645162,1.0,0.0,0.0006826441792610943,-0.001075266821286757,nan,0.0006826441792610943,-0.001075266821286757,nan,0.2795409541735785,0.2795409541735785,0.0,0.0,0.0,nan,0,1,1.0,0.0,0.0006651807542298048,-0.001099022038567265,nan,0.0006651807542298048,-0.001099022038567265,nan,0.2992775093136447,0.2992775093136447,0.0,0.0,0.0,nan,0,1,1.0,0.0,0.0006826441792610943,-0.001075266821286757,nan,0.0006826441792610943,-0.001075266821286757,nan,0.2795409541735785,0.2795409541735785,0.0,0.0,0.0,nan,0
16,0.005375000000000001,0.45,,scientific,0,1,0.09419354838709677,1.0,0.0,0.000975579041730712,-0.0016959028458912425,nan,0.000975579041730712,-0.0016959028458912425,nan,0.2816884106241617,0.2816884106241617,0.0,0.0,0.0,nan,0,1,1.0,0.0,0.0009667841915406275,-0.0017318658568192156,nan,0.0009667841915406275,-0.0017318658568192156,nan,0.30143058492028196,0.30143058492028196,0.0,0.0,0.0,nan,0,1,1.0,0.0,0.000975579041730712,-0.0016959028458912425,nan,0.000975579041730712,-0.0016959028458912425,nan,0.2816884106241617,0.2816884106241617,0.0,0.0,0.0,nan,0
17,0.005437500000000001,0.45,,scientific,0,1,0.09419354838709677,1.0,0.0,0.0011280416924060255,-0.0027303462684382584,nan,0.0011280416924060255,-0.0027303462684382584,nan,0.2838392714424102,0.2838392714424102,0.0,0.0,0.0,nan,0,1,1.0,0.0,0.0011243581994902871,-0.002778188438083098,nan,0.0011243581994902871,-0.002778188438083098,nan,0.3035836605269192,0.3035836605269192,0.0,0.0,0.0,nan,0,1,1.0,0.0,0.0011280416924060255,-0.0027303462684382584,nan,0.0011280416924060255,-0.0027303462684382584,nan,0.2838392714424102,0.2838392714424102,0.0,0.0,0.0,nan,0
18,0.005500000000000001,0.45,,scientific,0,1,0.09548387096774194,1.0,0.0,8.892492575231025e-05,-0.0028078448928045775,nan,8.892492575231025e-05,-0.0028078448928045775,nan,0.2870277140178714,0.2870277140178714,0.0,0.0,0.0,nan,0,1,1.0,0.0,8.448965747014714e-05,-0.002861981778912171,nan,8.448965747014714e-05,-0.002861981778912171,nan,0.306813273936875,0.306813273936875,0.0,0.0,0.0,nan,0,1,1.0,0.0,8.892492575231025e-05,-0.0028078448928045775,nan,8.892492575231025e-05,-0.0028078448928045775,nan,0.2870277140178714,0.2870277140178714,0.0,0.0,0.0,nan,0
19,0.0055625000000000015,0.45,,scientific,0,1,0.09548387096774194,1.0,0.0,0.000518017039901931,-0.0007427549181752704,nan,0.000518017039901931,-0.0007427549181752704,nan,0.2902008914943769,0.2902008914943769,0.0,0.0,0.0,nan,0,1,1.0,0.0,0.0005220235095215725,-0.0007566061727820405,nan,0.0005220235095215725,-0.0007566061727820405,nan,0.3100428873468309,0.3100428873468309,0.0,0.0,0.0,nan,0,1,1.0,0.0,0.000518017039901931,-0.0007427549181752704,nan,0.000518017039901931,-0.0007427549181752704,nan,0.2902008914943769,0.2902008914943769,0.0,0.0,0.0,nan,0
20,0.0056250000000000015,0.45,,scientific,0,1,0.09548387096774194,1.0,0.0,0.0021486369661036305,-0.001411749906494934,nan,0.0021486369661036305,-0.001411749906494934,nan,0.2944158376625895,0.2944158376625895,0.0,0.0,0.0,nan,0,1,1.0,0.0,0.0021684173749858854,-0.0014342568036823373,nan,0.0021684173749858854,-0.0014342568036823373,nan,0.3143490385601056,0.3143490385601056,0.0,0.0,0.0,nan,0,1,1.0,0.0,0.0021486369661036305,-0.001411749906494934,nan,0.0021486369661036305,-0.001411749906494934,nan,0.2944158376625895,0.2944158376625895,0.0,0.0,0.0,nan,0
21,0.005687500000000002,0.45,,scientific,0,1,0.09548387096774194,1.0,0.0,0.0021466428759464085,-0.0014117354031411627,nan,0.0021466428759464085,-0.0014117354031411627,nan,0.2945444919658471,0.2945444919658471,0.0,0.0,0.0,nan,0,1,1.0,0.0,0.0021684173749858854,-0.0014342568036823373,nan,0.0021684173749858854,-0.0014342568036823373,nan,0.3143490385601056,0.3143490385601056,0.0,0.0,0.0,nan,0,1,1.0,0.0,0.0021466428759464085,-0.0014117354031411627,nan,0.0021466428759464085,-0.0014117354031411627,nan,0.2945444919658471,0.2945444919658471,0.0,0.0,0.0,nan,0
22,0.005750000000000002,0.45,,scientific,0,1,0.09741935483870967,1.0,0.0,0.000847717486620642,-0.0012722231688959437,nan,0.000847717486620642,-0.0012722231688959437,nan,0.29671343214952794,0.29671343214952794,0.0,0.0,0.0,nan,0,1,1.0,0.0,0.0008466568462265582,-0.001292850098877086,nan,0.0008466568462265582,-0.001292850098877086,nan,0.31650211416674284,0.31650211416674284,0.0,0.0,0.0,nan,0,1,1.0,0.0,0.000847717486620642,-0.0012722231688959437,nan,0.000847717486620642,-0.0012722231688959437,nan,0.29671343214952794,0.29671343214952794,0.0,0.0,0.0,nan,0
23,0.005812500000000002,0.45,,scientific,0,1,0.10064516129032258,1.0,0.0,0.0011085209364712174,-0.000935799850043294,nan,0.0011085209364712174,-0.000935799850043294,nan,0.30094634384102475,0.30094634384102475,0.0,0.0,0.0,nan,0,1,1.0,0.0,0.0011067070885883118,-0.0009548870551413627,nan,0.0011067070885883118,-0.0009548870551413627,nan,0.32080826538001733,0.32080826538001733,0.0,0.0,0.0,nan,0,1,1.0,0.0,0.0011085209364712174,-0.000935799850043294,nan,0.0011085209364712174,-0.000935799850043294,nan,0.30094634384102475,0.30094634384102475,0.0,0.0,0.0,nan,0
24,0.005875000000000002,0.45,,scientific,0,1,0.10129032258064516,1.0,0.0,-5.774065598511174e-05,0.0009118806579028848,nan,-5.774065598511174e-05,0.0009118806579028848,nan,0.3061745339557789,0.3061745339557789,0.0,0.0,0.0,nan,0,1,1.0,0.0,-7.392326566020185e-05,0.0009428546249268209,nan,-7.392326566020185e-05,0.0009428546249268209,nan,0.3261909543966105,0.3261909543966105,0.0,0.0,0.0,nan,0,1,1.0,0.0,-5.774065598511174e-05,0.0009118806579028848,nan,-5.774065598511174e-05,0.0009118806579028848,nan,0.3061745339557789,0.3061745339557789,0.0,0.0,0.0,nan,0
25,0.005937500000000002,0.45,,scientific,0,1,0.10129032258064516,1.0,0.0,0.00022656958846563275,-4.0039526151692955e-05,nan,0.00022656958846563275,-4.0039526151692955e-05,nan,0.31242596590229604,0.31242596590229604,0.0,0.0,0.0,nan,0,1,1.0,0.0,0.00020349205585582368,-2.511138546458511e-05,nan,0.00020349205585582368,-2.511138546458511e-05,nan,0.3326501812165218,0.3326501812165218,0.0,0.0,0.0,nan,0,1,1.0,0.0,0.00022656958846563275,-4.0039526151692955e-05,nan,0.00022656958846563275,-4.0039526151692955e-05,nan,0.31242596590229604,0.31242596590229604,0.0,0.0,0.0,nan,0
26,0.006000000000000002,0.45,,scientific,0,1,0.10064516129032258,1.0,0.0,-0.0003907603244113383,-0.001319690554802667,nan,-0.0003907603244113383,-0.001319690554802667,nan,0.31460258350108816,0.31460258350108816,0.0,0.0,0.0,nan,0,1,1.0,0.0,-0.00042243739965848915,-0.0013328129916802616,nan,-0.00042243739965848915,-0.0013328129916802616,nan,0.33480325682315887,0.33480325682315887,0.0,0.0,0.0,nan,0,1,1.0,0.0,-0.0003907603244113383,-0.001319690554802667,nan,-0.0003907603244113383,-0.001319690554802667,nan,0.31460258350108816,0.31460258350108816,0.0,0.0,0.0,nan,0
27,0.006062500000000002,0.45,,scientific,0,1,0.10129032258064516,1.0,0.0,0.000837628714938275,-0.0015308170416163597,nan,0.000837628714938275,-0.0015308170416163597,nan,0.31782471628970954,0.31782471628970954,0.0,0.0,0.0,nan,0,1,1.0,0.0,0.0008122899819546258,-0.0015513957462573134,nan,0.0008122899819546258,-0.0015513957462573134,nan,0.33803287023311474,0.33803287023311474,0.0,0.0,0.0,nan,0,1,1.0,0.0,0.000837628714938275,-0.0015308170416163597,nan,0.000837628714938275,-0.0015308170416163597,nan,0.31782471628970954,0.31782471628970954,0.0,0.0,0.0,nan,0
28,0.006125000000000002,0.45,,scientific,0,1,0.10580645161290322,1.0,0.0,-0.000841281128114779,-0.0020390512610496837,nan,-0.000841281128114779,-0.0020390512610496837,nan,0.31795589255140266,0.31795589255140266,0.0,0.0,0.0,nan,0,1,1.0,0.0,-0.0008948535358090487,-0.0020721952747772957,nan,-0.0008948535358090487,-0.0020721952747772957,nan,0.3380328702331148,0.3380328702331148,0.0,0.0,0.0,nan,0,1,1.0,0.0,-0.000841281128114779,-0.0020390512610496837,nan,-0.000841281128114779,-0.0020390512610496837,nan,0.31795589255140266,0.31795589255140266,0.0,0.0,0.0,nan,0
29,0.006187500000000002,0.45,,scientific,0,1,0.10580645161290322,1.0,0.0,-0.0007857432237952863,-0.0008684855277910478,nan,-0.0007857432237952863,-0.0008684855277910478,nan,0.32116489548645155,0.32116489548645155,0.0,0.0,0.0,nan,0,1,1.0,0.0,-0.0008190974781660243,-0.0008803004044997978,nan,-0.0008190974781660243,-0.0008803004044997978,nan,0.34126248364307066,0.34126248364307066,0.0,0.0,0.0,nan,0,1,1.0,0.0,-0.0007857432237952863,-0.0008684855277910478,nan,-0.0007857432237952863,-0.0008684855277910478,nan,0.32116489548645155,0.32116489548645155,0.0,0.0,0.0,nan,0
30,0.006250000000000002,0.45,,scientific,0,1,0.10580645161290322,1.0,0.0,0.00013754639674272242,0.0007354552334088087,nan,0.00013754639674272242,0.0007354552334088087,nan,0.32336207241070747,0.32336207241070747,0.0,0.0,0.0,nan,0,1,1.0,0.0,0.00012236600461193245,0.0007516873949115698,nan,0.00012236600461193245,0.0007516873949115698,nan,0.3434155592497078,0.3434155592497078,0.0,0.0,0.0,nan,0,1,1.0,0.0,0.00013754639674272242,0.0007354552334088087,nan,0.00013754639674272242,0.0007354552334088087,nan,0.32336207241070747,0.32336207241070747,0.0,0.0,0.0,nan,0
31,0.006312500000000002,0.45,,scientific,0,1,0.1064516129032258,1.0,0.0,-0.0012749165499008797,0.0007211746069048275,nan,-0.0012749165499008797,0.0007211746069048275,nan,0.3265548977379021,0.3265548977379021,0.0,0.0,0.0,nan,0,1,1.0,0.0,-0.0013404389887089704,0.0007299465017250838,nan,-0.0013404389887089704,0.0007299465017250838,nan,0.34664517265966366,0.34664517265966366,0.0,0.0,0.0,nan,0,1,1.0,0.0,-0.0012749165499008797,0.0007211746069048275,nan,-0.0012749165499008797,0.0007211746069048275,nan,0.3265548977379021,0.3265548977379021,0.0,0.0,0.0,nan,0
32,0.006375000000000002,0.45,,scientific,0,1,0.10709677419354839,1.0,0.0,-0.003679565352381162,0.0016598063750207057,nan,-0.003679565352381162,0.0016598063750207057,nan,0.3277058037609992,0.3277058037609992,0.0,0.0,0.0,nan,0,1,1.0,0.0,-0.003794551667594925,0.0016947814139010248,nan,-0.003794551667594925,0.0016947814139010248,nan,0.3477217104629823,0.3477217104629823,0.0,0.0,0.0,nan,0,1,1.0,0.0,-0.003679565352381162,0.0016598063750207057,nan,-0.003679565352381162,0.0016598063750207057,nan,0.3277058037609992,0.3277058037609992,0.0,0.0,0.0,nan,0
33,0.006437500000000002,0.45,,scientific,0,1,0.10709677419354839,1.0,0.0,-0.0009026652602044606,-0.0007103748080940013,nan,-0.0009026652602044606,-0.0007103748080940013,nan,0.329846865085729,0.329846865085729,0.0,0.0,0.0,nan,0,1,1.0,0.0,-0.0009533554472425465,-0.0007291708901823119,nan,-0.0009533554472425465,-0.0007291708901823119,nan,0.34987478606961875,0.34987478606961875,0.0,0.0,0.0,nan,0,1,1.0,0.0,-0.0009026652602044606,-0.0007103748080940013,nan,-0.0009026652602044606,-0.0007103748080940013,nan,0.329846865085729,0.329846865085729,0.0,0.0,0.0,nan,0
34,0.006500000000000002,0.45,,scientific,0,1,0.1064516129032258,1.0,0.0,-0.0009014242078067029,-0.0007116404278094284,nan,-0.0009014242078067029,-0.0007116404278094284,nan,0.3299987034865686,0.3299987034865686,0.0,0.0,0.0,nan,0,1,1.0,0.0,-0.0009533554472425465,-0.0007291708901823119,nan,-0.0009533554472425465,-0.0007291708901823119,nan,0.34987478606961875,0.34987478606961875,0.0,0.0,0.0,nan,0,1,1.0,0.0,-0.0009014242078067029,-0.0007116404278094284,nan,-0.0009014242078067029,-0.0007116404278094284,nan,0.3299987034865686,0.3299987034865686,0.0,0.0,0.0,nan,0
35,0.006562500000000002,0.45,,scientific,0,1,0.10774193548387097,1.0,0.0,0.0012788768687773478,-0.0014798072472657104,nan,0.0012788768687773478,-0.0014798072472657104,nan,0.33321646187815296,0.33321646187815296,0.0,0.0,0.0,nan,0,1,1.0,0.0,0.0012763210911523235,-0.0015115954433929499,nan,0.0012763210911523235,-0.0015115954433929499,nan,0.35310439947957456,0.35310439947957456,0.0,0.0,0.0,nan,0,1,1.0,0.0,0.0012788768687773478,-0.0014798072472657104,nan,0.0012788768687773478,-0.0014798072472657104,nan,0.33321646187815296,0.33321646187815296,0.0,0.0,0.0,nan,0
36,0.006625000000000002,0.45,,scientific,0,1,0.10774193548387097,1.0,0.0,-0.000494873508827974,-0.002625212898312004,nan,-0.000494873508827974,-0.002625212898312004,nan,0.33641570002181226,0.33641570002181226,0.0,0.0,0.0,nan,0,1,1.0,0.0,-0.0005066135642898686,-0.002678607553330458,nan,-0.0005066135642898686,-0.002678607553330458,nan,0.35633401288953,0.35633401288953,0.0,0.0,0.0,nan,0,1,1.0,0.0,-0.000494873508827974,-0.002625212898312004,nan,-0.000494873508827974,-0.002625212898312004,nan,0.33641570002181226,0.33641570002181226,0.0,0.0,0.0,nan,0
37,0.0066875000000000025,0.45,,scientific,0,1,0.10838709677419354,1.0,0.0,-0.0005769642783512876,-0.0026559545570755587,nan,-0.0005769642783512876,-0.0026559545570755587,nan,0.33860395175177516,0.33860395175177516,0.0,0.0,0.0,nan,0,1,1.0,0.0,-0.0005904400917883776,-0.002711274374191546,nan,-0.0005904400917883776,-0.002711274374191546,nan,0.3584870884961669,0.3584870884961669,0.0,0.0,0.0,nan,0,1,1.0,0.0,-0.0005769642783512876,-0.0026559545570755587,nan,-0.0005769642783512876,-0.0026559545570755587,nan,0.33860395175177516,0.33860395175177516,0.0,0.0,0.0,nan,0
38,0.0067500000000000025,0.45,,scientific,0,1,0.10903225806451614,1.0,0.0,-0.00014542570457422283,-0.0030898754876101135,nan,-0.00014542570457422283,-0.0030898754876101135,nan,0.3397796853070461,0.3397796853070461,0.0,0.0,0.0,nan,0,1,1.0,0.0,-0.00014368819571028484,-0.0031597443563717046,nan,-0.00014368819571028484,-0.0031597443563717046,nan,0.3595636262994854,0.3595636262994854,0.0,0.0,0.0,nan,0,1,1.0,0.0,-0.00014542570457422283,-0.0030898754876101135,nan,-0.00014542570457422283,-0.0030898754876101135,nan,0.3397796853070461,0.3397796853070461,0.0,0.0,0.0,nan,0
39,0.006812500000000003,0.45,,scientific,0,1,0.10967741935483871,1.0,0.0,-0.0001268337811159737,-0.0035794658869788476,nan,-0.0001268337811159737,-0.0035794658869788476,nan,0.33887481798727687,0.33887481798727687,0.0,0.0,0.0,nan,0,1,1.0,0.0,-0.00012906797881674943,-0.0036681552417623473,nan,-0.00012906797881674943,-0.0036681552417623473,nan,0.35848708849756683,0.35848708849756683,0.0,0.0,0.0,nan,0,1,1.0,0.0,-0.0001268337811159737,-0.0035794658869788476,nan,-0.0001268337811159737,-0.0035794658869788476,nan,0.33887481798727687,0.33887481798727687,0.0,0.0,0.0,nan,0
40,0.006875000000000003,0.45,,scientific,0,1,0.11032258064516129,1.0,0.0,-0.000569535280496498,-0.0038173914460343157,nan,-0.000569535280496498,-0.0038173914460343157,nan,0.3389887395817457,0.3389887395817457,0.0,0.0,0.0,nan,0,1,1.0,0.0,-0.0005610897129797738,-0.0038803650303478173,nan,-0.0005610897129797738,-0.0038803650303478173,nan,0.3584870884975668,0.3584870884975668,0.0,0.0,0.0,nan,0,1,1.0,0.0,-0.000569535280496498,-0.0038173914460343157,nan,-0.000569535280496498,-0.0038173914460343157,nan,0.3389887395817457,0.3389887395817457,0.0,0.0,0.0,nan,0
41,0.006937500000000003,0.45,,scientific,0,1,0.10967741935483871,1.0,0.0,-0.0010626999029456005,-0.003073796376950582,nan,-0.0010626999029456005,-0.003073796376950582,nan,0.3422154805522265,0.3422154805522265,0.0,0.0,0.0,nan,0,1,1.0,0.0,-0.0010533113210136706,-0.0031339269438970425,nan,-0.0010533113210136706,-0.0031339269438970425,nan,0.3617167019075226,0.3617167019075226,0.0,0.0,0.0,nan,0,1,1.0,0.0,-0.0010626999029456005,-0.003073796376950582,nan,-0.0010626999029456005,-0.003073796376950582,nan,0.3422154805522265,0.3422154805522265,0.0,0.0,0.0,nan,0
42,0.007000000000000003,0.45,,scientific,0,1,0.11032258064516129,1.0,0.0,-0.0005204971422930583,-0.003241339409351838,nan,-0.0005204971422930583,-0.003241339409351838,nan,0.3433897985066898,0.3433897985066898,0.0,0.0,0.0,nan,0,1,1.0,0.0,-0.00048461325573918596,-0.003308725356386559,nan,-0.00048461325573918596,-0.003308725356386559,nan,0.3627932397108412,0.3627932397108412,0.0,0.0,0.0,nan,0,1,1.0,0.0,-0.0005204971422930583,-0.003241339409351838,nan,-0.0005204971422930583,-0.003241339409351838,nan,0.3433897985066898,0.3433897985066898,0.0,0.0,0.0,nan,0
43,0.007062500000000003,0.45,,scientific,0,1,0.11032258064516129,1.0,0.0,-0.0009765882850804038,-0.0002289173815718143,nan,-0.0009765882850804038,-0.0002289173815718143,nan,0.3465333790067099,0.3465333790067099,0.0,0.0,0.0,nan,0,1,1.0,0.0,-0.0009599463788163979,-0.00023737490922118586,nan,-0.0009599463788163979,-0.00023737490922118586,nan,0.3660228531209591,0.3660228531209591,0.0,0.0,0.0,nan,0,1,1.0,0.0,-0.0009765882850804038,-0.0002289173815718143,nan,-0.0009765882850804038,-0.0002289173815718143,nan,0.3465333790067099,0.3465333790067099,0.0,0.0,0.0,nan,0
44,0.007125000000000003,0.45,,scientific,0,1,0.11096774193548387,1.0,0.0,-0.0008985710752830454,-0.0009542310666336568,nan,-0.0008985710752830454,-0.0009542310666336568,nan,0.35174278743688586,0.35174278743688586,0.0,0.0,0.0,nan,0,1,1.0,0.0,-0.0008802857353219164,-0.0009971619571650253,nan,-0.0008802857353219164,-0.0009971619571650253,nan,0.37140554213755134,0.37140554213755134,0.0,0.0,0.0,nan,0,1,1.0,0.0,-0.0008985710752830454,-0.0009542310666336568,nan,-0.0008985710752830454,-0.0009542310666336568,nan,0.35174278743688586,0.35174278743688586,0.0,0.0,0.0,nan,0
45,0.008,0.45,,scientific,0,1,0.11935483870967742,1.0,0.0,-0.00027132216511007606,0.0037530177929982734,nan,-0.00027132216511007606,0.0037530177929982734,nan,0.3728233451739268,0.3728233451739268,0.0,0.0,0.0,nan,0,1,1.0,0.0,-0.00033454094356986176,0.0038250624794750727,nan,-0.00033454094356986176,0.0038250624794750727,nan,0.3918597604031257,0.3918597604031257,0.0,0.0,0.0,nan,0,1,1.0,0.0,-0.00027132216511007606,0.0037530177929982734,nan,-0.00027132216511007606,0.0037530177929982734,nan,0.3728233451739268,0.3728233451739268,0.0,0.0,0.0,nan,0
46,0.009000000000000001,0.45,,scientific,0,1,0.12838709677419355,1.0,0.0,0.00039883234172092435,-0.00021250694551468377,nan,0.00039883234172092435,-0.00021250694551468377,nan,0.4086924531359112,0.4086924531359112,0.0,0.0,0.0,nan,0,1,1.0,0.0,0.00036399787623181884,-0.0002200408060368669,nan,0.00036399787623181884,-0.0002200408060368669,nan,0.428462045715967,0.428462045715967,0.0,0.0,0.0,nan,0,1,1.0,0.0,0.00039883234172092435,-0.00021250694551468377,nan,0.00039883234172092435,-0.00021250694551468377,nan,0.4086924531359112,0.4086924531359112,0.0,0.0,0.0,nan,0
47,0.010000000000000002,0.45,,scientific,0,1,0.14193548387096774,1.0,0.0,-0.0010646609972423736,-0.001404940471518858,nan,-0.0010646609972423736,-0.001404940471518858,nan,0.4513109510637315,0.4513109510637315,0.0,0.0,0.0,nan,0,1,1.0,0.0,-0.0010699439833556524,-0.0014025275341112118,nan,-0.0010699439833556524,-0.0014025275341112118,nan,0.4736766334568173,0.4736766334568173,0.0,0.0,0.0,nan,0,1,1.0,0.0,-0.0010646609972423736,-0.001404940471518858,nan,-0.0010646609972423736,-0.001404940471518858,nan,0.4513109510637315,0.4513109510637315,0.0,0.0,0.0,nan,0
48,0.011000000000000003,0.45,,scientific,0,1,0.1432258064516129,1.0,0.0,-0.001099792322753305,0.0005515886994344083,nan,-0.001099792322753305,0.0005515886994344083,nan,0.4528716509353082,0.4528716509353082,0.0,0.0,0.0,nan,0,1,1.0,0.0,-0.0010985589287938597,0.0005496645073343819,nan,-0.0010985589287938597,0.0005496645073343819,nan,0.4726000956540353,0.4726000956540353,0.0,0.0,0.0,nan,0,1,1.0,0.0,-0.001099792322753305,0.0005515886994344083,nan,-0.001099792322753305,0.0005515886994344083,nan,0.4528716509353082,0.4528716509353082,0.0,0.0,0.0,nan,0
49,0.012000000000000004,0.45,,scientific,0,1,0.14258064516129032,1.0,0.0,-6.252527059825477e-05,6.296179872795374e-05,nan,-6.252527059825477e-05,6.296179872795374e-05,nan,0.45602410302612395,0.45602410302612395,0.0,0.0,0.0,nan,0,1,1.0,0.0,-6.357430581171685e-05,6.68688174801115e-05,nan,-6.357430581171685e-05,6.68688174801115e-05,nan,0.47367663345735395,0.47367663345735395,0.0,0.0,0.0,nan,0,1,1.0,0.0,-6.252527059825477e-05,6.296179872795374e-05,nan,-6.252527059825477e-05,6.296179872795374e-05,nan,0.45602410302612395,0.45602410302612395,0.0,0.0,0.0,nan,0
50,0.013000000000000005,0.45,,scientific,0,1,0.14387096774193547,1.0,0.0,0.0010094649450635802,-0.0005173994359529505,nan,0.0010094649450635802,-0.0005173994359529505,nan,0.46268219754129514,0.46268219754129514,0.0,0.0,0.0,nan,0,1,1.0,0.0,0.0009983004831818378,-0.0005002369829282818,nan,0.0009983004831818378,-0.0005002369829282818,nan,0.4790593224739471,0.4790593224739471,0.0,0.0,0.0,nan,0,1,1.0,0.0,0.0010094649450635802,-0.0005173994359529505,nan,0.0010094649450635802,-0.0005173994359529505,nan,0.46268219754129514,0.46268219754129514,0.0,0.0,0.0,nan,0
51,0.014000000000000005,0.45,,scientific,0,1,0.14516129032258066,1.0,0.0,0.0013334300645137843,0.0010093614029958876,nan,0.0013334300645137843,0.0010093614029958876,nan,0.46671784318774695,0.46671784318774695,0.0,0.0,0.0,nan,0,1,1.0,0.0,0.0013145763325151623,0.0010023650223606774,nan,0.0013145763325151623,0.0010023650223606774,nan,0.4822889358839029,0.4822889358839029,0.0,0.0,0.0,nan,0,1,1.0,0.0,0.0013334300645137843,0.0010093614029958876,nan,0.0013334300645137843,0.0010093614029958876,nan,0.46671784318774695,0.46671784318774695,0.0,0.0,0.0,nan,0
52,0.015000000000000006,0.45,,scientific,0,1,0.1464516129032258,1.0,0.0,0.0013771488727727821,-0.0015318791036243134,nan,0.0013771488727727821,-0.0015318791036243134,nan,0.47275646681297234,0.47275646681297234,0.0,0.0,0.0,nan,0,1,1.0,0.0,0.0013526213588841475,-0.0014719006844845812,nan,0.0013526213588841475,-0.0014719006844845812,nan,0.4876716249005025,0.4876716249005025,0.0,0.0,0.0,nan,0,1,1.0,0.0,0.0013771488727727821,-0.0015318791036243134,nan,0.0013771488727727821,-0.0015318791036243134,nan,0.47275646681297234,0.47275646681297234,0.0,0.0,0.0,nan,0
53,0.016000000000000007,0.45,,scientific,0,1,0.14709677419354839,1.0,0.0,0.0019695550280493706,-0.00026485165294549366,nan,0.0019695550280493706,-0.00026485165294549366,nan,0.4777403707111567,0.4777403707111567,0.0,0.0,0.0,nan,0,1,1.0,0.0,0.0019198511040178687,-0.0002337341562098234,nan,0.0019198511040178687,-0.0002337341562098234,nan,0.4919777761137769,0.4919777761137769,0.0,0.0,0.0,nan,0,1,1.0,0.0,0.0019695550280493706,-0.00026485165294549366,nan,0.0019695550280493706,-0.00026485165294549366,nan,0.4777403707111567,0.4777403707111567,0.0,0.0,0.0,nan,0
54,0.017000000000000008,0.45,,scientific,0,1,0.14838709677419354,1.0,0.0,0.002482810049828884,0.0003511827869584079,nan,0.002482810049828884,0.0003511827869584079,nan,0.48170816393926796,0.48170816393926796,0.0,0.0,0.0,nan,0,1,1.0,0.0,0.0024078451488427424,0.0003649228805148519,nan,0.0024078451488427424,0.0003649228805148519,nan,0.49520738952356597,0.49520738952356597,0.0,0.0,0.0,nan,0,1,1.0,0.0,0.002482810049828884,0.0003511827869584079,nan,0.002482810049828884,0.0003511827869584079,nan,0.48170816393926796,0.48170816393926796,0.0,0.0,0.0,nan,0
55,0.01800000000000001,0.45,,scientific,0,1,0.15096774193548387,1.0,0.0,0.0017625690288126253,0.0008549821723595681,nan,0.0017625690288126253,0.0008549821723595681,nan,0.4857469748734262,0.4857469748734262,0.0,0.0,0.0,nan,0,1,1.0,0.0,0.001709609255422399,0.0008503391519131399,nan,0.001709609255422399,0.0008503391519131399,nan,0.49843700293352183,0.49843700293352183,0.0,0.0,0.0,nan,0,1,1.0,0.0,0.0017625690288126253,0.0008549821723595681,nan,0.0017625690288126253,0.0008549821723595681,nan,0.4857469748734262,0.4857469748734262,0.0,0.0,0.0,nan,0
56,0.01900000000000001,0.45,,scientific,0,1,0.15225806451612903,1.0,0.0,0.002104862706973352,0.0016817956012321455,nan,0.002104862706973352,0.0016817956012321455,nan,0.48765251591419295,0.48765251591419295,0.0,0.0,0.0,nan,0,1,1.0,0.0,0.002033828986436359,0.0016417305710461176,nan,0.002033828986436359,0.0016417305710461176,nan,0.4995135407368405,0.4995135407368405,0.0,0.0,0.0,nan,0,1,1.0,0.0,0.002104862706973352,0.0016817956012321455,nan,0.002104862706973352,0.0016817956012321455,nan,0.48765251591419295,0.48765251591419295,0.0,0.0,0.0,nan,0
57,0.02000000000000001,0.45,,scientific,0,1,0.15354838709677418,1.0,0.0,0.0023879902833084787,0.0025376300219395933,nan,0.0023879902833084787,0.0025376300219395933,nan,0.48961497383199304,0.48961497383199304,0.0,0.0,0.0,nan,0,1,1.0,0.0,0.002300496507776861,0.0024557754286138617,nan,0.002300496507776861,0.0024557754286138617,nan,0.5005900785401591,0.5005900785401591,0.0,0.0,0.0,nan,0,1,1.0,0.0,0.0023879902833084787,0.0025376300219395933,nan,0.0023879902833084787,0.0025376300219395933,nan,0.48961497383199304,0.48961497383199304,0.0,0.0,0.0,nan,0
58,0.02100000000000001,0.45,,scientific,0,1,0.15483870967741936,1.0,0.0,0.0004742777886398829,0.0007568957164395098,nan,0.0004742777886398829,0.0007568957164395098,nan,0.4938475179875885,0.4938475179875885,0.0,0.0,0.0,nan,0,1,1.0,0.0,0.0004674192667478716,0.0007515595954025584,nan,0.0004674192667478716,0.0007515595954025584,nan,0.503819691950115,0.503819691950115,0.0,0.0,0.0,nan,0,1,1.0,0.0,0.0004742777886398829,0.0007568957164395098,nan,0.0004742777886398829,0.0007568957164395098,nan,0.4938475179875885,0.4938475179875885,0.0,0.0,0.0,nan,0
59,0.022000000000000013,0.45,,scientific,0,1,0.15612903225806452,1.0,0.0,0.0013217092527633902,0.00010136600696593383,nan,0.0013217092527633902,0.00010136600696593383,nan,0.4981485366407432,0.4981485366407432,0.0,0.0,0.0,nan,0,1,1.0,0.0,0.0012729996382356283,0.00013126976362961778,nan,0.0012729996382356283,0.00013126976362961778,nan,0.5070493053600756,0.5070493053600756,0.0,0.0,0.0,nan,0,1,1.0,0.0,0.0013217092527633902,0.00010136600696593383,nan,0.0013217092527633902,0.00010136600696593383,nan,0.4981485366407432,0.4981485366407432,0.0,0.0,0.0,nan,0
60,0.023000000000000013,0.45,,scientific,0,1,0.15612903225806452,1.0,0.0,0.0004356993374762409,0.0002622861599789938,nan,0.0004356993374762409,0.0002622861599789938,nan,0.5002412328378553,0.5002412328378553,0.0,0.0,0.0,nan,0,1,1.0,0.0,0.00042879403007318274,0.0002862371741464603,nan,0.00042879403007318274,0.0002862371741464603,nan,0.5081258431633943,0.5081258431633943,0.0,0.0,0.0,nan,0,1,1.0,0.0,0.0004356993374762409,0.0002622861599789938,nan,0.0004356993374762409,0.0002622861599789938,nan,0.5002412328378553,0.5002412328378553,0.0,0.0,0.0,nan,0
61,0.024000000000000014,0.45,,scientific,0,1,0.15612903225806452,1.0,0.0,-3.5853992100492217e-05,-0.0005080790263327662,nan,-3.5853992100492217e-05,-0.0005080790263327662,nan,0.5023685638149853,0.5023685638149853,0.0,0.0,0.0,nan,0,1,1.0,0.0,-1.5562239367868643e-05,-0.00044058671501733774,nan,-1.5562239367868643e-05,-0.00044058671501733774,nan,0.509202380966713,0.509202380966713,0.0,0.0,0.0,nan,0,1,1.0,0.0,-3.5853992100492217e-05,-0.0005080790263327662,nan,-3.5853992100492217e-05,-0.0005080790263327662,nan,0.5023685638149853,0.5023685638149853,0.0,0.0,0.0,nan,0
62,0.025000000000000015,0.45,,scientific,0,1,0.15612903225806452,1.0,0.0,-0.0006831563676509308,-0.0011279063982590704,nan,-0.0006831563676509308,-0.0011279063982590704,nan,0.5045124120825488,0.5045124120825488,0.0,0.0,0.0,nan,0,1,1.0,0.0,-0.0006287258077919739,-0.0010271644588609652,nan,-0.0006287258077919739,-0.0010271644588609652,nan,0.5102789187700316,0.5102789187700316,0.0,0.0,0.0,nan,0,1,1.0,0.0,-0.0006831563676509308,-0.0011279063982590704,nan,-0.0006831563676509308,-0.0011279063982590704,nan,0.5045124120825488,0.5045124120825488,0.0,0.0,0.0,nan,0
63,0.026000000000000016,0.45,,scientific,0,1,0.15612903225806452,1.0,0.0,-0.0013806351519080643,-0.0005648707580632006,nan,-0.0013806351519080643,-0.0005648707580632006,nan,0.5066790309961005,0.5066790309961005,0.0,0.0,0.0,nan,0,1,1.0,0.0,-0.0012868665123188924,-0.0004898559011314508,nan,-0.0012868665123188924,-0.0004898559011314508,nan,0.5113554565733501,0.5113554565733501,0.0,0.0,0.0,nan,0,1,1.0,0.0,-0.0013806351519080643,-0.0005648707580632006,nan,-0.0013806351519080643,-0.0005648707580632006,nan,0.5066790309961005,0.5066790309961005,0.0,0.0,0.0,nan,0
64,0.027000000000000017,0.45,,scientific,0,1,0.1567741935483871,1.0,0.0,-0.0008670774892491039,0.00017441354490906494,nan,-0.0008670774892491039,0.00017441354490906494,nan,0.5088722501109453,0.5088722501109453,0.0,0.0,0.0,nan,0,1,1.0,0.0,-0.0007999454092379133,0.0002080346837411754,nan,-0.0007999454092379133,0.0002080346837411754,nan,0.5124319943766686,0.5124319943766686,0.0,0.0,0.0,nan,0,1,1.0,0.0,-0.0008670774892491039,0.00017441354490906494,nan,-0.0008670774892491039,0.00017441354490906494,nan,0.5088722501109453,0.5088722501109453,0.0,0.0,0.0,nan,0
65,0.028000000000000018,0.45,,scientific,0,1,0.15741935483870967,1.0,0.0,-0.0008706698665581445,0.00017269559356253213,nan,-0.0008706698665581445,0.00017269559356253213,nan,0.5099387591719997,0.5099387591719997,0.0,0.0,0.0,nan,0,1,1.0,0.0,-0.0007999454092379133,0.0002080346837411754,nan,-0.0007999454092379133,0.0002080346837411754,nan,0.5124319943766686,0.5124319943766686,0.0,0.0,0.0,nan,0,1,1.0,0.0,-0.0008706698665581445,0.00017269559356253213,nan,-0.0008706698665581445,0.00017269559356253213,nan,0.5099387591719997,0.5099387591719997,0.0,0.0,0.0,nan,0
66,0.02900000000000002,0.45,,scientific,0,1,0.15741935483870967,1.0,0.0,-0.001107858142671446,-0.0007059142403244118,nan,-0.001107858142671446,-0.0007059142403244118,nan,0.5121610420825686,0.5121610420825686,0.0,0.0,0.0,nan,0,1,1.0,0.0,-0.001019019673101215,-0.0006141372741817535,nan,-0.001019019673101215,-0.0006141372741817535,nan,0.513508532179997,0.513508532179997,0.0,0.0,0.0,nan,0,1,1.0,0.0,-0.001107858142671446,-0.0007059142403244118,nan,-0.001107858142671446,-0.0007059142403244118,nan,0.5121610420825686,0.5121610420825686,0.0,0.0,0.0,nan,0
67,0.03000000000000002,0.45,,scientific,0,1,0.15806451612903225,1.0,0.0,-0.0013864022546427018,0.00015027553192208565,nan,-0.0013864022546427018,0.00015027553192208565,nan,0.5143885535456989,0.5143885535456989,0.0,0.0,0.0,nan,0,1,1.0,0.0,-0.0012780713502647957,0.00019603118571394026,nan,-0.0012780713502647957,0.00019603118571394026,nan,0.5145850699833157,0.5145850699833157,0.0,0.0,0.0,nan,0,1,1.0,0.0,-0.0013864022546427018,0.00015027553192208565,nan,-0.0013864022546427018,0.00015027553192208565,nan,0.5143885535456989,0.5143885535456989,0.0,0.0,0.0,nan,0
68,0.03100000000000002,0.45,,scientific,0,1,0.15870967741935485,1.0,0.0,-0.0030284830117428,0.0009054715127940021,nan,-0.0030284830117428,0.0009054715127940021,nan,0.5177928763631314,0.5177928763631314,0.0,0.0,0.0,nan,0,1,1.0,0.0,-0.002807227190281498,0.0009026871384831456,nan,-0.002807227190281498,0.0009026871384831456,nan,0.5167381455899529,0.5167381455899529,0.0,0.0,0.0,nan,0,1,1.0,0.0,-0.0030284830117428,0.0009054715127940021,nan,-0.0030284830117428,0.0009054715127940021,nan,0.5177928763631314,0.5177928763631314,0.0,0.0,0.0,nan,0
69,0.03200000000000002,0.45,,scientific,0,1,0.15870967741935485,1.0,0.0,-0.003035061905140683,0.0009047211804008846,nan,-0.003035061905140683,0.0009047211804008846,nan,0.5189001916716545,0.5189001916716545,0.0,0.0,0.0,nan,0,1,1.0,0.0,-0.002807227190281498,0.0009026871384831456,nan,-0.002807227190281498,0.0009026871384831456,nan,0.5167381455899529,0.5167381455899529,0.0,0.0,0.0,nan,0,1,1.0,0.0,-0.003035061905140683,0.0009047211804008846,nan,-0.003035061905140683,0.0009047211804008846,nan,0.5189001916716545,0.5189001916716545,0.0,0.0,0.0,nan,0
70,0.03300000000000002,0.45,,scientific,0,1,0.15870967741935485,1.0,0.0,-0.0030415944567790906,0.0009039584318055062,nan,-0.0030415944567790906,0.0009039584318055062,nan,0.5200123628092046,0.5200123628092046,0.0,0.0,0.0,nan,0,1,1.0,0.0,-0.002807227190281498,0.0009026871384831456,nan,-0.002807227190281498,0.0009026871384831456,nan,0.5167381455899529,0.5167381455899529,0.0,0.0,0.0,nan,0,1,1.0,0.0,-0.0030415944567790906,0.0009039584318055062,nan,-0.0030415944567790906,0.0009039584318055062,nan,0.5200123628092046,0.5200123628092046,0.0,0.0,0.0,nan,0
71,0.03400000000000002,0.45,,scientific,0,1,0.15870967741935485,1.0,0.0,-0.003048086553568167,0.0009031853852958021,nan,-0.003048086553568167,0.0009031853852958021,nan,0.5211286941574037,0.5211286941574037,0.0,0.0,0.0,nan,0,1,1.0,0.0,-0.002807227190281498,0.0009026871384831456,nan,-0.002807227190281498,0.0009026871384831456,nan,0.5167381455899529,0.5167381455899529,0.0,0.0,0.0,nan,0,1,1.0,0.0,-0.003048086553568167,0.0009031853852958021,nan,-0.003048086553568167,0.0009031853852958021,nan,0.5211286941574037,0.5211286941574037,0.0,0.0,0.0,nan,0
72,0.035000000000000024,0.45,,scientific,0,1,0.15870967741935485,1.0,0.0,-0.0030545430107565244,0.0009024038080424844,nan,-0.0030545430107565244,0.0009024038080424844,nan,0.5222485886657378,0.5222485886657378,0.0,0.0,0.0,nan,0,1,1.0,0.0,-0.002807227190281498,0.0009026871384831456,nan,-0.002807227190281498,0.0009026871384831456,nan,0.5167381455899529,0.5167381455899529,0.0,0.0,0.0,nan,0,1,1.0,0.0,-0.0030545430107565244,0.0009024038080424844,nan,-0.0030545430107565244,0.0009024038080424844,nan,0.5222485886657378,0.5222485886657378,0.0,0.0,0.0,nan,0
73,0.036000000000000025,0.45,,scientific,0,1,0.15870967741935485,1.0,0.0,-0.003890979743873035,0.0005527534978328956,nan,-0.003890979743873035,0.0005527534978328956,nan,0.524528725058546,0.524528725058546,0.0,0.0,0.0,nan,0,1,1.0,0.0,-0.0035845202360942916,0.0005762591979680984,nan,-0.0035845202360942916,0.0005762591979680984,nan,0.5178146833932715,0.5178146833932715,0.0,0.0,0.0,nan,0,1,1.0,0.0,-0.003890979743873035,0.0005527534978328956,nan,-0.003890979743873035,0.0005527534978328956,nan,0.524528725058546,0.524528725058546,0.0,0.0,0.0,nan,0
74,0.037000000000000026,0.45,,scientific,0,1,0.15935483870967743,1.0,0.0,-0.00389842675747792,0.0005515176491328502,nan,-0.00389842675747792,0.0005515176491328502,nan,0.525656984660142,0.525656984660142,0.0,0.0,0.0,nan,0,1,1.0,0.0,-0.0035845202360942916,0.0005762591979680984,nan,-0.0035845202360942916,0.0005762591979680984,nan,0.5178146833932715,0.5178146833932715,0.0,0.0,0.0,nan,0,1,1.0,0.0,-0.00389842675747792,0.0005515176491328502,nan,-0.00389842675747792,0.0005515176491328502,nan,0.525656984660142,0.525656984660142,0.0,0.0,0.0,nan,0
75,0.03800000000000003,0.45,,scientific,0,1,0.16,1.0,0.0,-0.003905841644306867,0.0005502797757190311,nan,-0.003905841644306867,0.0005502797757190311,nan,0.5267874624551969,0.5267874624551969,0.0,0.0,0.0,nan,0,1,1.0,0.0,-0.0035845202360942916,0.0005762591979680984,nan,-0.0035845202360942916,0.0005762591979680984,nan,0.5178146833932715,0.5178146833932715,0.0,0.0,0.0,nan,0,1,1.0,0.0,-0.003905841644306867,0.0005502797757190311,nan,-0.003905841644306867,0.0005502797757190311,nan,0.5267874624551969,0.5267874624551969,0.0,0.0,0.0,nan,0
76,0.03900000000000003,0.45,,scientific,0,1,0.16,1.0,0.0,-0.0039132278684923215,0.0005490403693385026,nan,-0.0039132278684923215,0.0005490403693385026,nan,0.5279198290122213,0.5279198290122213,0.0,0.0,0.0,nan,0,1,1.0,0.0,-0.0035845202360942916,0.0005762591979680984,nan,-0.0035845202360942916,0.0005762591979680984,nan,0.5178146833932715,0.5178146833932715,0.0,0.0,0.0,nan,0,1,1.0,0.0,-0.0039132278684923215,0.0005490403693385026,nan,-0.0039132278684923215,0.0005490403693385026,nan,0.5279198290122213,0.5279198290122213,0.0,0.0,0.0,nan,0
77,0.04000000000000003,0.45,,scientific,0,1,0.16,1.0,0.0,-0.00315593099217678,0.001048799141900372,nan,-0.00315593099217678,0.001048799141900372,nan,0.5302198106340434,0.5302198106340434,0.0,0.0,0.0,nan,0,1,1.0,0.0,-0.002871548934783499,0.0010437218878317652,nan,-0.002871548934783499,0.0010437218878317652,nan,0.5188912211965901,0.5188912211965901,0.0,0.0,0.0,nan,0,1,1.0,0.0,-0.00315593099217678,0.001048799141900372,nan,-0.00315593099217678,0.001048799141900372,nan,0.5302198106340434,0.5302198106340434,0.0,0.0,0.0,nan,0
78,0.04100000000000003,0.45,,scientific,0,1,0.16,1.0,0.0,-0.0031623318894142896,0.0010481705232011163,nan,-0.0031623318894142896,0.0010481705232011163,nan,0.531357818622719,0.531357818622719,0.0,0.0,0.0,nan,0,1,1.0,0.0,-0.002871548934783499,0.0010437218878317652,nan,-0.002871548934783499,0.0010437218878317652,nan,0.5188912211965901,0.5188912211965901,0.0,0.0,0.0,nan,0,1,1.0,0.0,-0.0031623318894142896,0.0010481705232011163,nan,-0.0031623318894142896,0.0010481705232011163,nan,0.531357818622719,0.531357818622719,0.0,0.0,0.0,nan,0
79,0.04200000000000003,0.45,,scientific,0,1,0.16,1.0,0.0,-0.003168715696533152,0.0010475392868017769,nan,-0.003168715696533152,0.0010475392868017769,nan,0.5324969683034283,0.5324969683034283,0.0,0.0,0.0,nan,0,1,1.0,0.0,-0.002871548934783499,0.0010437218878317652,nan,-0.002871548934783499,0.0010437218878317652,nan,0.5188912211965901,0.5188912211965901,0.0,0.0,0.0,nan,0,1,1.0,0.0,-0.003168715696533152,0.0010475392868017769,nan,-0.003168715696533152,0.0010475392868017769,nan,0.5324969683034283,0.5324969683034283,0.0,0.0,0.0,nan,0
80,0.04300000000000003,0.45,,scientific,0,1,0.16,1.0,0.0,-0.0031750838584973357,0.0010469058889999558,nan,-0.0031750838584973357,0.0010469058889999558,nan,0.5336370762122845,0.5336370762122845,0.0,0.0,0.0,nan,0,1,1.0,0.0,-0.002871548934783499,0.0010437218878317652,nan,-0.002871548934783499,0.0010437218878317652,nan,0.5188912211965901,0.5188912211965901,0.0,0.0,0.0,nan,0,1,1.0,0.0,-0.0031750838584973357,0.0010469058889999558,nan,-0.0031750838584973357,0.0010469058889999558,nan,0.5336370762122845,0.5336370762122845,0.0,0.0,0.0,nan,0
81,0.04400000000000003,0.45,,scientific,0,1,0.16,1.0,0.0,-0.003181437661060894,0.0010462707735280064,nan,-0.003181437661060894,0.0010462707735280064,nan,0.5347779836752403,0.5347779836752403,0.0,0.0,0.0,nan,0,1,1.0,0.0,-0.002871548934783499,0.0010437218878317652,nan,-0.002871548934783499,0.0010437218878317652,nan,0.5188912211965901,0.5188912211965901,0.0,0.0,0.0,nan,0,1,1.0,0.0,-0.003181437661060894,0.0010462707735280064,nan,-0.003181437661060894,0.0010462707735280064,nan,0.5347779836752403,0.5347779836752403,0.0,0.0,0.0,nan,0
82,0.04500000000000003,0.45,,scientific,0,1,0.16,1.0,0.0,-0.0031877782211707905,0.001045634353645197,nan,-0.0031877782211707905,0.001045634353645197,nan,0.5359195536072325,0.5359195536072325,0.0,0.0,0.0,nan,0,1,1.0,0.0,-0.002871548934783499,0.0010437218878317652,nan,-0.002871548934783499,0.0010437218878317652,nan,0.5188912211965901,0.5188912211965901,0.0,0.0,0.0,nan,0,1,1.0,0.0,-0.0031877782211707905,0.001045634353645197,nan,-0.0031877782211707905,0.001045634353645197,nan,0.5359195536072325,0.5359195536072325,0.0,0.0,0.0,nan,0
83,0.046000000000000034,0.45,,scientific,0,1,0.16,1.0,0.0,-0.0031941064717195306,0.0010449969724687456,nan,-0.0031941064717195306,0.0010449969724687456,nan,0.5370616676395492,0.5370616676395492,0.0,0.0,0.0,nan,0,1,1.0,0.0,-0.002871548934783499,0.0010437218878317652,nan,-0.002871548934783499,0.0010437218878317652,nan,0.5188912211965901,0.5188912211965901,0.0,0.0,0.0,nan,0,1,1.0,0.0,-0.0031941064717195306,0.0010449969724687456,nan,-0.0031941064717195306,0.0010449969724687456,nan,0.5370616676395492,0.5370616676395492,0.0,0.0,0.0,nan,0
84,0.047000000000000035,0.45,,scientific,0,1,0.16,1.0,0.0,-0.0032004232546999295,0.0010443588997075901,nan,-0.0032004232546999295,0.0010443588997075901,nan,0.5382042235749126,0.5382042235749126,0.0,0.0,0.0,nan,0,1,1.0,0.0,-0.002871548934783499,0.0010437218878317652,nan,-0.002871548934783499,0.0010437218878317652,nan,0.5188912211965901,0.5188912211965901,0.0,0.0,0.0,nan,0,1,1.0,0.0,-0.0032004232546999295,0.0010443588997075901,nan,-0.0032004232546999295,0.0010443588997075901,nan,0.5382042235749126,0.5382042235749126,0.0,0.0,0.0,nan,0
85,0.048000000000000036,0.45,,scientific,0,1,0.16,1.0,0.0,-0.003206729275368006,0.0010437203700220153,nan,-0.003206729275368006,0.0010437203700220153,nan,0.5393471332054532,0.5393471332054532,0.0,0.0,0.0,nan,0,1,1.0,0.0,-0.002871548934783499,0.0010437218878317652,nan,-0.002871548934783499,0.0010437218878317652,nan,0.5188912211965901,0.5188912211965901,0.0,0.0,0.0,nan,0,1,1.0,0.0,-0.003206729275368006,0.0010437203700220153,nan,-0.003206729275368006,0.0010437203700220153,nan,0.5393471332054532,0.5393471332054532,0.0,0.0,0.0,nan,0
86,0.04900000000000004,0.45,,scientific,0,1,0.16,1.0,0.0,-0.002292030926975701,0.001172141623169193,nan,-0.002292030926975701,0.001172141623169193,nan,0.5416874699825155,0.5416874699825155,0.0,0.0,0.0,nan,0,1,1.0,0.0,-0.002026864332826427,0.0011622532347117496,nan,-0.002026864332826427,0.0011622532347117496,nan,0.5199677589999089,0.5199677589999089,0.0,0.0,0.0,nan,0,1,1.0,0.0,-0.002292030926975701,0.001172141623169193,nan,-0.002292030926975701,0.001172141623169193,nan,0.5416874699825155,0.5416874699825155,0.0,0.0,0.0,nan,0
87,0.05000000000000004,0.45,,scientific,0,1,0.16,1.0,0.0,-0.002297211400551854,0.0011716575389205698,nan,-0.002297211400551854,0.0011716575389205698,nan,0.542833571560412,0.542833571560412,0.0,0.0,0.0,nan,0,1,1.0,0.0,-0.002026864332826427,0.0011622532347117496,nan,-0.002026864332826427,0.0011622532347117496,nan,0.5199677589999089,0.5199677589999089,0.0,0.0,0.0,nan,0,1,1.0,0.0,-0.002297211400551854,0.0011716575389205698,nan,-0.002297211400551854,0.0011716575389205698,nan,0.542833571560412,0.542833571560412,0.0,0.0,0.0,nan,0
88,0.05100000000000004,0.45,,scientific,0,1,0.16,1.0,0.0,-0.002302384672987338,0.0011711732841541529,nan,-0.002302384672987338,0.0011711732841541529,nan,0.5439798279272787,0.5439798279272787,0.0,0.0,0.0,nan,0,1,1.0,0.0,-0.002026864332826427,0.0011622532347117496,nan,-0.002026864332826427,0.0011622532347117496,nan,0.5199677589999089,0.5199677589999089,0.0,0.0,0.0,nan,0,1,1.0,0.0,-0.002302384672987338,0.0011711732841541529,nan,-0.002302384672987338,0.0011711732841541529,nan,0.5439798279272787,0.5439798279272787,0.0,0.0,0.0,nan,0
89,0.05200000000000004,0.45,,scientific,0,1,0.16064516129032258,1.0,0.0,-0.0023075510312603508,0.0011706889857758262,nan,-0.0023075510312603508,0.0011706889857758262,nan,0.5451261903746889,0.5451261903746889,0.0,0.0,0.0,nan,0,1,1.0,0.0,-0.002026864332826427,0.0011622532347117496,nan,-0.002026864332826427,0.0011622532347117496,nan,0.5199677589999089,0.5199677589999089,0.0,0.0,0.0,nan,0,1,1.0,0.0,-0.0023075510312603508,0.0011706889857758262,nan,-0.0023075510312603508,0.0011706889857758262,nan,0.5451261903746889,0.5451261903746889,0.0,0.0,0.0,nan,0
90,0.05300000000000004,0.45,,scientific,0,1,0.16064516129032258,1.0,0.0,-0.0023127107115055246,0.0011702047539123852,nan,-0.0023127107115055246,0.0011702047539123852,nan,0.5462726169666323,0.5462726169666323,0.0,0.0,0.0,nan,0,1,1.0,0.0,-0.002026864332826427,0.0011622532347117496,nan,-0.002026864332826427,0.0011622532347117496,nan,0.5199677589999089,0.5199677589999089,0.0,0.0,0.0,nan,0,1,1.0,0.0,-0.0023127107115055246,0.0011702047539123852,nan,-0.0023127107115055246,0.0011702047539123852,nan,0.5462726169666323,0.5462726169666323,0.0,0.0,0.0,nan,0
91,0.05400000000000004,0.45,,scientific,0,1,0.16064516129032258,1.0,0.0,-0.002208914715925729,0.0002498547626179524,nan,-0.002208914715925729,0.0002498547626179524,nan,0.5486222845455766,0.5486222845455766,0.0,0.0,0.0,nan,0,1,1.0,0.0,-0.0019271085334212094,0.00031827849875647814,nan,-0.0019271085334212094,0.00031827849875647814,nan,0.5210442968017589,0.5210442968017589,0.0,0.0,0.0,nan,0,1,1.0,0.0,-0.002208914715925729,0.0002498547626179524,nan,-0.002208914715925729,0.0002498547626179524,nan,0.5486222845455766,0.5486222845455766,0.0,0.0,0.0,nan,0
92,0.05500000000000004,0.45,,scientific,0,1,0.16064516129032258,1.0,0.0,-0.0015087327521193434,0.0008475667712901364,nan,-0.0015087327521193434,0.0008475667712901364,nan,0.5509776537866293,0.5509776537866293,0.0,0.0,0.0,nan,0,1,1.0,0.0,-0.0012810919162143247,0.000867484187203446,nan,-0.0012810919162143247,0.000867484187203446,nan,0.5221208346050775,0.5221208346050775,0.0,0.0,0.0,nan,0,1,1.0,0.0,-0.0015087327521193434,0.0008475667712901364,nan,-0.0015087327521193434,0.0008475667712901364,nan,0.5509776537866293,0.5509776537866293,0.0,0.0,0.0,nan,0
93,0.05600000000000004,0.45,,scientific,0,1,0.16064516129032258,1.0,0.0,-0.001512926424006399,0.000846709934249049,nan,-0.001512926424006399,0.000846709934249049,nan,0.5521293979733924,0.5521293979733924,0.0,0.0,0.0,nan,0,1,1.0,0.0,-0.0012810919162143247,0.000867484187203446,nan,-0.0012810919162143247,0.000867484187203446,nan,0.5221208346050775,0.5221208346050775,0.0,0.0,0.0,nan,0,1,1.0,0.0,-0.001512926424006399,0.000846709934249049,nan,-0.001512926424006399,0.000846709934249049,nan,0.5521293979733924,0.5521293979733924,0.0,0.0,0.0,nan,0
94,0.057000000000000044,0.45,,scientific,0,1,0.16064516129032258,1.0,0.0,-0.0015171152107331916,0.0008458539623701616,nan,-0.0015171152107331916,0.0008458539623701616,nan,0.553281089179037,0.553281089179037,0.0,0.0,0.0,nan,0,1,1.0,0.0,-0.0012810919162143247,0.000867484187203446,nan,-0.0012810919162143247,0.000867484187203446,nan,0.5221208346050775,0.5221208346050775,0.0,0.0,0.0,nan,0,1,1.0,0.0,-0.0015171152107331916,0.0008458539623701616,nan,-0.0015171152107331916,0.0008458539623701616,nan,0.553281089179037,0.553281089179037,0.0,0.0,0.0,nan,0
95,0.058000000000000045,0.45,,scientific,0,1,0.16064516129032258,1.0,0.0,-0.0015212991639989729,0.0008449988782877907,nan,-0.0015212991639989729,0.0008449988782877907,nan,0.5544327076792746,0.5544327076792746,0.0,0.0,0.0,nan,0,1,1.0,0.0,-0.0012810919162143247,0.000867484187203446,nan,-0.0012810919162143247,0.000867484187203446,nan,0.5221208346050775,0.5221208346050775,0.0,0.0,0.0,nan,0,1,1.0,0.0,-0.0015212991639989729,0.0008449988782877907,nan,-0.0015212991639989729,0.0008449988782877907,nan,0.5544327076792746,0.5544327076792746,0.0,0.0,0.0,nan,0
96,0.059000000000000045,0.45,,scientific,0,1,0.16064516129032258,1.0,0.0,-0.0015254783831092703,0.0008441447199702406,nan,-0.0015254783831092703,0.0008441447199702406,nan,0.5555842365454804,0.5555842365454804,0.0,0.0,0.0,nan,0,1,1.0,0.0,-0.0012810919162143247,0.000867484187203446,nan,-0.0012810919162143247,0.000867484187203446,nan,0.5221208346050775,0.5221208346050775,0.0,0.0,0.0,nan,0,1,1.0,0.0,-0.0015254783831092703,0.0008441447199702406,nan,-0.0015254783831092703,0.0008441447199702406,nan,0.5555842365454804,0.5555842365454804,0.0,0.0,0.0,nan,0
97,0.060000000000000046,0.45,,scientific,0,1,0.16064516129032258,1.0,0.0,-0.0005954463583472871,0.0008433545082004627,nan,-0.0005954463583472871,0.0008433545082004627,nan,0.557961627699451,0.557961627699451,0.0,0.0,0.0,nan,0,1,1.0,0.0,-0.000434345163076721,0.000867650068478049,nan,-0.000434345163076721,0.000867650068478049,nan,0.5231973724083961,0.5231973724083961,0.0,0.0,0.0,nan,0,1,1.0,0.0,-0.0005954463583472871,0.0008433545082004627,nan,-0.0005954463583472871,0.0008433545082004627,nan,0.557961627699451,0.557961627699451,0.0,0.0,0.0,nan,0
98,0.06100000000000005,0.45,,scientific,0,1,0.16064516129032258,1.0,0.0,-0.00010697512637088594,4.917676630114679e-05,nan,-0.00010697512637088594,4.917676630114679e-05,nan,0.5603449384021917,0.5603449384021917,0.0,0.0,0.0,nan,0,1,1.0,0.0,1.0553940254768756e-05,0.0001497035761937426,nan,1.0553940254768756e-05,0.0001497035761937426,nan,0.5242739102117147,0.5242739102117147,0.0,0.0,0.0,nan,0,1,1.0,0.0,-0.00010697512637088594,4.917676630114679e-05,nan,-0.00010697512637088594,4.917676630114679e-05,nan,0.5603449384021917,0.5603449384021917,0.0,0.0,0.0,nan,0
99,0.06200000000000005,0.45,,scientific,0,1,0.16064516129032258,1.0,0.0,-0.00010948156304895008,4.7402246618661126e-05,nan,-0.00010948156304895008,4.7402246618661126e-05,nan,0.5615015143002611,0.5615015143002611,0.0,0.0,0.0,nan,0,1,1.0,0.0,1.0553940254768756e-05,0.0001497035761937426,nan,1.0553940254768756e-05,0.0001497035761937426,nan,0.5242739102117147,0.5242739102117147,0.0,0.0,0.0,nan,0,1,1.0,0.0,-0.00010948156304895008,4.7402246618661126e-05,nan,-0.00010948156304895008,4.7402246618661126e-05,nan,0.5615015143002611,0.5615015143002611,0.0,0.0,0.0,nan,0
100,0.06300000000000004,0.45,,scientific,0,1,0.16064516129032258,1.0,0.0,-0.00011198509668134672,4.562963022283549e-05,nan,-0.00011198509668134672,4.562963022283549e-05,nan,0.5626579539038818,0.5626579539038818,0.0,0.0,0.0,nan,0,1,1.0,0.0,1.0553940254768756e-05,0.0001497035761937426,nan,1.0553940254768756e-05,0.0001497035761937426,nan,0.5242739102117147,0.5242739102117147,0.0,0.0,0.0,nan,0,1,1.0,0.0,-0.00011198509668134672,4.562963022283549e-05,nan,-0.00011198509668134672,4.562963022283549e-05,nan,0.5626579539038818,0.5626579539038818,0.0,0.0,0.0,nan,0
101,0.06400000000000004,0.45,,scientific,0,1,0.16064516129032258,1.0,0.0,-0.00011448571051962267,4.385887603563823e-05,nan,-0.00011448571051962267,4.385887603563823e-05,nan,0.5638142493843942,0.5638142493843942,0.0,0.0,0.0,nan,0,1,1.0,0.0,1.0553940254768756e-05,0.0001497035761937426,nan,1.0553940254768756e-05,0.0001497035761937426,nan,0.5242739102117147,0.5242739102117147,0.0,0.0,0.0,nan,0,1,1.0,0.0,-0.00011448571051962267,4.385887603563823e-05,nan,-0.00011448571051962267,4.385887603563823e-05,nan,0.5638142493843942,0.5638142493843942,0.0,0.0,0.0,nan,0
102,0.06500000000000004,0.45,,scientific,0,1,0.16064516129032258,1.0,0.0,-0.0001169833958454504,4.209003167712649e-05,nan,-0.0001169833958454504,4.209003167712649e-05,nan,0.564970394068467,0.564970394068467,0.0,0.0,0.0,nan,0,1,1.0,0.0,1.0553940254768756e-05,0.0001497035761937426,nan,1.0553940254768756e-05,0.0001497035761937426,nan,0.5242739102117147,0.5242739102117147,0.0,0.0,0.0,nan,0,1,1.0,0.0,-0.0001169833958454504,4.209003167712649e-05,nan,-0.0001169833958454504,4.209003167712649e-05,nan,0.564970394068467,0.564970394068467,0.0,0.0,0.0,nan,0
103,0.06600000000000004,0.45,,scientific,0,1,0.16064516129032258,1.0,0.0,-0.0001194781841552146,4.032308063889973e-05,nan,-0.0001194781841552146,4.032308063889973e-05,nan,0.5661263821681242,0.5661263821681242,0.0,0.0,0.0,nan,0,1,1.0,0.0,1.0553940254768756e-05,0.0001497035761937426,nan,1.0553940254768756e-05,0.0001497035761937426,nan,0.5242739102117147,0.5242739102117147,0.0,0.0,0.0,nan,0,1,1.0,0.0,-0.0001194781841552146,4.032308063889973e-05,nan,-0.0001194781841552146,4.032308063889973e-05,nan,0.5661263821681242,0.5661263821681242,0.0,0.0,0.0,nan,0
104,0.06700000000000005,0.45,,scientific,0,1,0.16064516129032258,1.0,0.0,-0.00012197006595614762,3.8558027381169176e-05,nan,-0.00012197006595614762,3.8558027381169176e-05,nan,0.5672822087714935,0.5672822087714935,0.0,0.0,0.0,nan,0,1,1.0,0.0,1.0553940254768756e-05,0.0001497035761937426,nan,1.0553940254768756e-05,0.0001497035761937426,nan,0.5242739102117147,0.5242739102117147,0.0,0.0,0.0,nan,0,1,1.0,0.0,-0.00012197006595614762,3.8558027381169176e-05,nan,-0.00012197006595614762,3.8558027381169176e-05,nan,0.5672822087714935,0.5672822087714935,0.0,0.0,0.0,nan,0
105,0.06800000000000005,0.45,,scientific,0,1,0.16064516129032258,1.0,0.0,-7.54219022725016e-05,0.00188718638808071,nan,-7.54219022725016e-05,0.00188718638808071,nan,0.5709364777528807,0.5709364777528807,0.0,0.0,0.0,nan,0,1,1.0,0.0,5.585868240423787e-05,0.0018097223839227334,nan,5.585868240423787e-05,0.0018097223839227334,nan,0.5264269858183519,0.5264269858183519,0.0,0.0,0.0,nan,0,1,1.0,0.0,-7.54219022725016e-05,0.00188718638808071,nan,-7.54219022725016e-05,0.00188718638808071,nan,0.5709364777528807,0.5709364777528807,0.0,0.0,0.0,nan,0
106,0.06900000000000005,0.45,,scientific,0,1,0.16064516129032258,1.0,0.0,0.0005207070875036933,0.0011654585549462726,nan,0.0005207070875036933,0.0011654585549462726,nan,0.5733475748730104,0.5733475748730104,0.0,0.0,0.0,nan,0,1,1.0,0.0,0.0005931558645517297,0.0011618264297707202,nan,0.0005931558645517297,0.0011618264297707202,nan,0.5275035236216706,0.5275035236216706,0.0,0.0,0.0,nan,0,1,1.0,0.0,0.0005207070875036933,0.0011654585549462726,nan,0.0005207070875036933,0.0011654585549462726,nan,0.5733475748730104,0.5733475748730104,0.0,0.0,0.0,nan,0
107,0.07000000000000005,0.45,,scientific,0,1,0.16064516129032258,1.0,0.0,0.000518959540432493,0.001164995201633959,nan,0.000518959540432493,0.001164995201633959,nan,0.5745109981644856,0.5745109981644856,0.0,0.0,0.0,nan,0,1,1.0,0.0,0.0005931558645517297,0.0011618264297707202,nan,0.0005931558645517297,0.0011618264297707202,nan,0.5275035236216706,0.5275035236216706,0.0,0.0,0.0,nan,0,1,1.0,0.0,0.000518959540432493,0.001164995201633959,nan,0.000518959540432493,0.001164995201633959,nan,0.5745109981644856,0.5745109981644856,0.0,0.0,0.0,nan,0
108,0.07100000000000005,0.45,,scientific,0,1,0.16064516129032258,1.0,0.0,0.0005172142015678358,0.0011645326295485123,nan,0.0005172142015678358,0.0011645326295485123,nan,0.575674247213425,0.575674247213425,0.0,0.0,0.0,nan,0,1,1.0,0.0,0.0005931558645517297,0.0011618264297707202,nan,0.0005931558645517297,0.0011618264297707202,nan,0.5275035236216706,0.5275035236216706,0.0,0.0,0.0,nan,0,1,1.0,0.0,0.0005172142015678358,0.0011645326295485123,nan,0.0005172142015678358,0.0011645326295485123,nan,0.575674247213425,0.575674247213425,0.0,0.0,0.0,nan,0
109,0.07200000000000005,0.45,,scientific,0,1,0.16064516129032258,1.0,0.0,0.0005154710832991598,0.0011640708032544243,nan,0.0005154710832991598,0.0011640708032544243,nan,0.5768373198556375,0.5768373198556375,0.0,0.0,0.0,nan,0,1,1.0,0.0,0.0005931558645517297,0.0011618264297707202,nan,0.0005931558645517297,0.0011618264297707202,nan,0.5275035236216706,0.5275035236216706,0.0,0.0,0.0,nan,0,1,1.0,0.0,0.0005154710832991598,0.0011640708032544243,nan,0.0005154710832991598,0.0011640708032544243,nan,0.5768373198556375,0.5768373198556375,0.0,0.0,0.0,nan,0
110,0.07300000000000005,0.45,,scientific,0,1,0.16064516129032258,1.0,0.0,0.0005137301886698306,0.0011636097334299634,nan,0.0005137301886698306,0.0011636097334299634,nan,0.5780002142297886,0.5780002142297886,0.0,0.0,0.0,nan,0,1,1.0,0.0,0.0005931558645517297,0.0011618264297707202,nan,0.0005931558645517297,0.0011618264297707202,nan,0.5275035236216706,0.5275035236216706,0.0,0.0,0.0,nan,0,1,1.0,0.0,0.0005137301886698306,0.0011636097334299634,nan,0.0005137301886698306,0.0011636097334299634,nan,0.5780002142297886,0.5780002142297886,0.0,0.0,0.0,nan,0
111,0.07400000000000005,0.45,,scientific,0,1,0.16064516129032258,1.0,0.0,0.0005119915312525767,0.0011631494693203502,nan,0.0005119915312525767,0.0011631494693203502,nan,0.5791629287864368,0.5791629287864368,0.0,0.0,0.0,nan,0,1,1.0,0.0,0.0005931558645517297,0.0011618264297707202,nan,0.0005931558645517297,0.0011618264297707202,nan,0.5275035236216706,0.5275035236216706,0.0,0.0,0.0,nan,0,1,1.0,0.0,0.0005119915312525767,0.0011631494693203502,nan,0.0005119915312525767,0.0011631494693203502,nan,0.5791629287864368,0.5791629287864368,0.0,0.0,0.0,nan,0
112,0.07500000000000005,0.45,,scientific,0,1,0.16064516129032258,1.0,0.0,0.0005010429617534637,0.000224358347611599,nan,0.0005010429617534637,0.000224358347611599,nan,0.5815847841515317,0.5815847841515317,0.0,0.0,0.0,nan,0,1,1.0,0.0,0.0005850061066293991,0.00032084229063560445,nan,0.0005850061066293991,0.00032084229063560445,nan,0.5285800614244525,0.5285800614244525,0.0,0.0,0.0,nan,0,1,1.0,0.0,0.0005010429617534637,0.000224358347611599,nan,0.0005010429617534637,0.000224358347611599,nan,0.5815847841515317,0.5815847841515317,0.0,0.0,0.0,nan,0
113,0.07600000000000005,0.45,,scientific,0,1,0.16064516129032258,1.0,0.0,0.0004992982904860689,0.00022285615668968419,nan,0.0004992982904860689,0.00022285615668968419,nan,0.5827497966410525,0.5827497966410525,0.0,0.0,0.0,nan,0,1,1.0,0.0,0.0005850061066293991,0.00032084229063560445,nan,0.0005850061066293991,0.00032084229063560445,nan,0.5285800614244525,0.5285800614244525,0.0,0.0,0.0,nan,0,1,1.0,0.0,0.0004992982904860689,0.00022285615668968419,nan,0.0004992982904860689,0.00022285615668968419,nan,0.5827497966410525,0.5827497966410525,0.0,0.0,0.0,nan,0
114,0.07700000000000005,0.45,,scientific,0,1,0.16064516129032258,1.0,0.0,0.0004975558139021709,0.0002213556594464624,nan,0.0004975558139021709,0.0002213556594464624,nan,0.5839146260668768,0.5839146260668768,0.0,0.0,0.0,nan,0,1,1.0,0.0,0.0005850061066293991,0.00032084229063560445,nan,0.0005850061066293991,0.00032084229063560445,nan,0.5285800614244525,0.5285800614244525,0.0,0.0,0.0,nan,0,1,1.0,0.0,0.0004975558139021709,0.0002213556594464624,nan,0.0004975558139021709,0.0002213556594464624,nan,0.5839146260668768,0.5839146260668768,0.0,0.0,0.0,nan,0
115,0.07800000000000006,0.45,,scientific,0,1,0.16064516129032258,1.0,0.0,0.0004958155289962135,0.00021985684956379346,nan,0.0004958155289962135,0.00021985684956379346,nan,0.5850792716822146,0.5850792716822146,0.0,0.0,0.0,nan,0,1,1.0,0.0,0.0005850061066293991,0.00032084229063560445,nan,0.0005850061066293991,0.00032084229063560445,nan,0.5285800614244525,0.5285800614244525,0.0,0.0,0.0,nan,0,1,1.0,0.0,0.0004958155289962135,0.00021985684956379346,nan,0.0004958155289962135,0.00021985684956379346,nan,0.5850792716822146,0.5850792716822146,0.0,0.0,0.0,nan,0
116,0.07900000000000006,0.45,,scientific,0,1,0.16064516129032258,1.0,0.0,0.0004940774235940584,0.00021835972822260166,nan,0.0004940774235940584,0.00021835972822260166,nan,0.5862437328787986,0.5862437328787986,0.0,0.0,0.0,nan,0,1,1.0,0.0,0.0005850061066293991,0.00032084229063560445,nan,0.0005850061066293991,0.00032084229063560445,nan,0.5285800614244525,0.5285800614244525,0.0,0.0,0.0,nan,0,1,1.0,0.0,0.0004940774235940584,0.00021835972822260166,nan,0.0004940774235940584,0.00021835972822260166,nan,0.5862437328787986,0.5862437328787986,0.0,0.0,0.0,nan,0
117,0.08000000000000006,0.45,,scientific,0,1,0.16064516129032258,1.0,0.0,0.0014167869572588145,0.0004161803663476086,nan,0.0014167869572588145,0.0004161803663476086,nan,0.5886922171456919,0.5886922171456919,0.0,0.0,0.0,nan,0,1,1.0,0.0,0.0014020035650781967,0.0004969533681003326,nan,0.0014020035650781967,0.0004969533681003326,nan,0.5296565992277712,0.5296565992277712,0.0,0.0,0.0,nan,0,1,1.0,0.0,0.0014167869572588145,0.0004161803663476086,nan,0.0014167869572588145,0.0004161803663476086,nan,0.5886922171456919,0.5886922171456919,0.0,0.0,0.0,nan,0
118,0.08100000000000006,0.45,,scientific,0,1,0.16064516129032258,1.0,0.0,0.0014160932192791996,0.0004149111478932141,nan,0.0014160932192791996,0.0004149111478932141,nan,0.5898590265449708,0.5898590265449708,0.0,0.0,0.0,nan,0,1,1.0,0.0,0.0014020035650781967,0.0004969533681003326,nan,0.0014020035650781967,0.0004969533681003326,nan,0.5296565992277712,0.5296565992277712,0.0,0.0,0.0,nan,0,1,1.0,0.0,0.0014160932192791996,0.0004149111478932141,nan,0.0014160932192791996,0.0004149111478932141,nan,0.5898590265449708,0.5898590265449708,0.0,0.0,0.0,nan,0
119,0.08200000000000006,0.45,,scientific,0,1,0.16064516129032258,1.0,0.0,0.0014154008030549583,0.00041364342730537077,nan,0.0014154008030549583,0.00041364342730537077,nan,0.5910256505030542,0.5910256505030542,0.0,0.0,0.0,nan,0,1,1.0,0.0,0.0014020035650781967,0.0004969533681003326,nan,0.0014020035650781967,0.0004969533681003326,nan,0.5296565992277712,0.5296565992277712,0.0,0.0,0.0,nan,0,1,1.0,0.0,0.0014154008030549583,0.00041364342730537077,nan,0.0014154008030549583,0.00041364342730537077,nan,0.5910256505030542,0.5910256505030542,0.0,0.0,0.0,nan,0
120,0.08300000000000006,0.45,,scientific,0,1,0.16064516129032258,1.0,0.0,0.0006274517674651247,0.001906578531471392,nan,0.0006274517674651247,0.001906578531471392,nan,0.5947827741765124,0.5947827741765124,0.0,0.0,0.0,nan,0,1,1.0,0.0,0.0007105690446341694,0.0018101651360905632,nan,0.0007105690446341694,0.0018101651360905632,nan,0.5318096748344084,0.5318096748344084,0.0,0.0,0.0,nan,0,1,1.0,0.0,0.0006274517674651247,0.001906578531471392,nan,0.0006274517674651247,0.001906578531471392,nan,0.5947827741765124,0.5947827741765124,0.0,0.0,0.0,nan,0
121,0.08400000000000006,0.45,,scientific,0,1,0.16064516129032258,1.0,0.0,0.0006258765559229832,0.0019069917875513369,nan,0.0006258765559229832,0.0019069917875513369,nan,0.595954489357493,0.595954489357493,0.0,0.0,0.0,nan,0,1,1.0,0.0,0.0007105690446341694,0.0018101651360905632,nan,0.0007105690446341694,0.0018101651360905632,nan,0.5318096748344084,0.5318096748344084,0.0,0.0,0.0,nan,0,1,1.0,0.0,0.0006258765559229832,0.0019069917875513369,nan,0.0006258765559229832,0.0019069917875513369,nan,0.595954489357493,0.595954489357493,0.0,0.0,0.0,nan,0
122,0.08500000000000006,0.45,,scientific,0,1,0.16064516129032258,1.0,0.0,0.0006243033501240764,0.0019074052805799979,nan,0.0006243033501240764,0.0019074052805799979,nan,0.5971260190648879,0.5971260190648879,0.0,0.0,0.0,nan,0,1,1.0,0.0,0.0007105690446341694,0.0018101651360905632,nan,0.0007105690446341694,0.0018101651360905632,nan,0.5318096748344084,0.5318096748344084,0.0,0.0,0.0,nan,0,1,1.0,0.0,0.0006243033501240764,0.0019074052805799979,nan,0.0006243033501240764,0.0019074052805799979,nan,0.5971260190648879,0.5971260190648879,0.0,0.0,0.0,nan,0
123,0.08600000000000006,0.45,,scientific,0,1,0.16064516129032258,1.0,0.0,0.0006227321451720321,0.0019078189958462693,nan,0.0006227321451720321,0.0019078189958462693,nan,0.5982973631999223,0.5982973631999223,0.0,0.0,0.0,nan,0,1,1.0,0.0,0.0007105690446341694,0.0018101651360905632,nan,0.0007105690446341694,0.0018101651360905632,nan,0.5318096748344084,0.5318096748344084,0.0,0.0,0.0,nan,0,1,1.0,0.0,0.0006227321451720321,0.0019078189958462693,nan,0.0006227321451720321,0.0019078189958462693,nan,0.5982973631999223,0.5982973631999223,0.0,0.0,0.0,nan,0
124,0.08700000000000006,0.45,,scientific,0,1,0.16129032258064516,1.0,0.0,0.0014613905479078924,0.002326522735632889,nan,0.0014613905479078924,0.002326522735632889,nan,0.6007603207084595,0.6007603207084595,0.0,0.0,0.0,nan,0,1,1.0,0.0,0.001454071618648309,0.002180454729816371,nan,0.001454071618648309,0.002180454729816371,nan,0.532886212637727,0.532886212637727,0.0,0.0,0.0,nan,0,1,1.0,0.0,0.0014613905479078924,0.002326522735632889,nan,0.0014613905479078924,0.002326522735632889,nan,0.6007603207084595,0.6007603207084595,0.0,0.0,0.0,nan,0
125,0.08800000000000006,0.45,,scientific,0,1,0.16129032258064516,1.0,0.0,-0.00026147104502445697,0.002031977707616129,nan,-0.00026147104502445697,0.002031977707616129,nan,0.6045518640962385,0.6045518640962385,0.0,0.0,0.0,nan,0,1,1.0,0.0,-5.117722782247981e-05,0.001922941780391153,nan,-5.117722782247981e-05,0.001922941780391153,nan,0.5350392882443642,0.5350392882443642,0.0,0.0,0.0,nan,0,1,1.0,0.0,-0.00026147104502445697,0.002031977707616129,nan,-0.00026147104502445697,0.002031977707616129,nan,0.6045518640962385,0.6045518640962385,0.0,0.0,0.0,nan,0
126,0.08900000000000007,0.45,,scientific,0,1,0.16129032258064516,1.0,0.0,-0.0002640405467910976,0.002032515825066435,nan,-0.0002640405467910976,0.002032515825066435,nan,0.6057307814309645,0.6057307814309645,0.0,0.0,0.0,nan,0,1,1.0,0.0,-5.117722782247981e-05,0.001922941780391153,nan,-5.117722782247981e-05,0.001922941780391153,nan,0.5350392882443642,0.5350392882443642,0.0,0.0,0.0,nan,0,1,1.0,0.0,-0.0002640405467910976,0.002032515825066435,nan,-0.0002640405467910976,0.002032515825066435,nan,0.6057307814309645,0.6057307814309645,0.0,0.0,0.0,nan,0
127,0.09000000000000007,0.45,,scientific,0,1,0.16129032258064516,1.0,0.0,-0.0008639515841170512,0.0013003391568549279,nan,-0.0008639515841170512,0.0013003391568549279,nan,0.6082117316825741,0.6082117316825741,0.0,0.0,0.0,nan,0,1,1.0,0.0,-0.0005771355014386422,0.001277979650349069,nan,-0.0005771355014386422,0.001277979650349069,nan,0.5361158260476828,0.5361158260476828,0.0,0.0,0.0,nan,0,1,1.0,0.0,-0.0008639515841170512,0.0013003391568549279,nan,-0.0008639515841170512,0.0013003391568549279,nan,0.6082117316825741,0.6082117316825741,0.0,0.0,0.0,nan,0
128,0.09100000000000007,0.45,,scientific,0,1,0.16129032258064516,1.0,0.0,-0.0008671639236411271,0.0013000825125804153,nan,-0.0008671639236411271,0.0013000825125804153,nan,0.6093929569861678,0.6093929569861678,0.0,0.0,0.0,nan,0,1,1.0,0.0,-0.0005771355014386422,0.001277979650349069,nan,-0.0005771355014386422,0.001277979650349069,nan,0.5361158260476828,0.5361158260476828,0.0,0.0,0.0,nan,0,1,1.0,0.0,-0.0008671639236411271,0.0013000825125804153,nan,-0.0008671639236411271,0.0013000825125804153,nan,0.6093929569861678,0.6093929569861678,0.0,0.0,0.0,nan,0
129,0.09200000000000007,0.45,,scientific,0,1,0.16129032258064516,1.0,0.0,-0.0008703731274593485,0.0012998266335053892,nan,-0.0008703731274593485,0.0012998266335053892,nan,0.6105739976464544,0.6105739976464544,0.0,0.0,0.0,nan,0,1,1.0,0.0,-0.0005771355014386422,0.001277979650349069,nan,-0.0005771355014386422,0.001277979650349069,nan,0.5361158260476828,0.5361158260476828,0.0,0.0,0.0,nan,0,1,1.0,0.0,-0.0008703731274593485,0.0012998266335053892,nan,-0.0008703731274593485,0.0012998266335053892,nan,0.6105739976464544,0.6105739976464544,0.0,0.0,0.0,nan,0
130,0.09300000000000007,0.45,,scientific,0,1,0.16129032258064516,1.0,0.0,-0.0008735791737090955,0.001299571514631164,nan,-0.0008735791737090955,0.001299571514631164,nan,0.6117548537499453,0.6117548537499453,0.0,0.0,0.0,nan,0,1,1.0,0.0,-0.0005771355014386422,0.001277979650349069,nan,-0.0005771355014386422,0.001277979650349069,nan,0.5361158260476828,0.5361158260476828,0.0,0.0,0.0,nan,0,1,1.0,0.0,-0.0008735791737090955,0.001299571514631164,nan,-0.0008735791737090955,0.001299571514631164,nan,0.6117548537499453,0.6117548537499453,0.0,0.0,0.0,nan,0
131,0.09400000000000007,0.45,,scientific,0,1,0.16129032258064516,1.0,0.0,-0.0008767820716225899,0.0012993171466269076,nan,-0.0008767820716225899,0.0012993171466269076,nan,0.612935525382409,0.612935525382409,0.0,0.0,0.0,nan,0,1,1.0,0.0,-0.0005771355014386422,0.001277979650349069,nan,-0.0005771355014386422,0.001277979650349069,nan,0.5361158260476828,0.5361158260476828,0.0,0.0,0.0,nan,0,1,1.0,0.0,-0.0008767820716225899,0.0012993171466269076,nan,-0.0008767820716225899,0.0012993171466269076,nan,0.612935525382409,0.612935525382409,0.0,0.0,0.0,nan,0
132,0.09500000000000007,0.45,,scientific,0,1,0.16129032258064516,1.0,0.0,-0.0009969633305174862,0.001216083450537122,nan,-0.0009969633305174862,0.001216083450537122,nan,0.6167634324940885,0.6167634324940885,0.0,0.0,0.0,nan,0,1,1.0,0.0,-0.0006797818407784903,0.001207284202317483,nan,-0.0006797818407784903,0.001207284202317483,nan,0.5382689016543201,0.5382689016543201,0.0,0.0,0.0,nan,0,1,1.0,0.0,-0.0009969633305174862,0.001216083450537122,nan,-0.0009969633305174862,0.001216083450537122,nan,0.6167634324940885,0.6167634324940885,0.0,0.0,0.0,nan,0
133,0.09600000000000007,0.45,,scientific,0,1,0.16129032258064516,1.0,0.0,-0.0010002856927716936,0.0012157361179402206,nan,-0.0010002856927716936,0.0012157361179402206,nan,0.6179491684850759,0.6179491684850759,0.0,0.0,0.0,nan,0,1,1.0,0.0,-0.0006797818407784903,0.001207284202317483,nan,-0.0006797818407784903,0.001207284202317483,nan,0.5382689016543201,0.5382689016543201,0.0,0.0,0.0,nan,0,1,1.0,0.0,-0.0010002856927716936,0.0012157361179402206,nan,-0.0010002856927716936,0.0012157361179402206,nan,0.6179491684850759,0.6179491684850759,0.0,0.0,0.0,nan,0
134,0.09700000000000007,0.45,,scientific,0,1,0.16193548387096773,1.0,0.0,-0.001003604871732815,0.001215389582803426,nan,-0.001003604871732815,0.001215389582803426,nan,0.6191347207800817,0.6191347207800817,0.0,0.0,0.0,nan,0,1,1.0,0.0,-0.0006797818407784903,0.001207284202317483,nan,-0.0006797818407784903,0.001207284202317483,nan,0.5382689016543201,0.5382689016543201,0.0,0.0,0.0,nan,0,1,1.0,0.0,-0.001003604871732815,0.001215389582803426,nan,-0.001003604871732815,0.001215389582803426,nan,0.6191347207800817,0.6191347207800817,0.0,0.0,0.0,nan,0
135,0.09800000000000007,0.45,,scientific,0,1,0.16193548387096773,1.0,0.0,-0.0010069208892705174,0.0012150438495834978,nan,-0.0010069208892705174,0.0012150438495834978,nan,0.620320089491289,0.620320089491289,0.0,0.0,0.0,nan,0,1,1.0,0.0,-0.0006797818407784903,0.001207284202317483,nan,-0.0006797818407784903,0.001207284202317483,nan,0.5382689016543201,0.5382689016543201,0.0,0.0,0.0,nan,0,1,1.0,0.0,-0.0010069208892705174,0.0012150438495834978,nan,-0.0010069208892705174,0.0012150438495834978,nan,0.620320089491289,0.620320089491289,0.0,0.0,0.0,nan,0
136,0.09900000000000007,0.45,,scientific,0,1,0.16193548387096773,1.0,0.0,-0.0010102337426875342,0.001214698924338676,nan,-0.0010102337426875342,0.001214698924338676,nan,0.6215052747618641,0.6215052747618641,0.0,0.0,0.0,nan,0,1,1.0,0.0,-0.0006797818407784903,0.001207284202317483,nan,-0.0006797818407784903,0.001207284202317483,nan,0.5382689016543201,0.5382689016543201,0.0,0.0,0.0,nan,0,1,1.0,0.0,-0.0010102337426875342,0.001214698924338676,nan,-0.0010102337426875342,0.001214698924338676,nan,0.6215052747618641,0.6215052747618641,0.0,0.0,0.0,nan,0
137,0.10000000000000007,0.45,,scientific,0,1,0.16193548387096773,1.0,0.0,-0.0015223459489015663,0.002015531738937438,nan,-0.0015223459489015663,0.002015531738937438,nan,0.6240269467624872,0.6240269467624872,0.0,0.0,0.0,nan,0,1,1.0,0.0,-0.0011207583222479116,0.0019016679134557632,nan,-0.0011207583222479116,0.0019016679134557632,nan,0.5393454394576387,0.5393454394576387,0.0,0.0,0.0,nan,0,1,1.0,0.0,-0.0015223459489015663,0.002015531738937438,nan,-0.0015223459489015663,0.002015531738937438,nan,0.6240269467624872,0.6240269467624872,0.0,0.0,0.0,nan,0
138,0.10100000000000008,0.45,,scientific,0,1,0.1625806451612903,1.0,0.0,-0.00152620089475417,0.0020160521206187797,nan,-0.00152620089475417,0.0020160521206187797,nan,0.6252144805641433,0.6252144805641433,0.0,0.0,0.0,nan,0,1,1.0,0.0,-0.0011207583222479116,0.0019016679134557632,nan,-0.0011207583222479116,0.0019016679134557632,nan,0.5393454394576387,0.5393454394576387,0.0,0.0,0.0,nan,0,1,1.0,0.0,-0.00152620089475417,0.0020160521206187797,nan,-0.00152620089475417,0.0020160521206187797,nan,0.6252144805641433,0.6252144805641433,0.0,0.0,0.0,nan,0
139,0.10200000000000008,0.45,,scientific,0,1,0.1625806451612903,1.0,0.0,-0.00153005227605142,0.0020165726521944906,nan,-0.00153005227605142,0.0020165726521944906,nan,0.6264018315341755,0.6264018315341755,0.0,0.0,0.0,nan,0,1,1.0,0.0,-0.0011207583222479116,0.0019016679134557632,nan,-0.0011207583222479116,0.0019016679134557632,nan,0.5393454394576387,0.5393454394576387,0.0,0.0,0.0,nan,0,1,1.0,0.0,-0.00153005227605142,0.0020165726521944906,nan,-0.00153005227605142,0.0020165726521944906,nan,0.6264018315341755,0.6264018315341755,0.0,0.0,0.0,nan,0
140,0.10300000000000008,0.45,,scientific,0,1,0.1625806451612903,1.0,0.0,-0.0015339001251406558,0.002017093359784034,nan,-0.0015339001251406558,0.002017093359784034,nan,0.6275889998014796,0.6275889998014796,0.0,0.0,0.0,nan,0,1,1.0,0.0,-0.0011207583222479116,0.0019016679134557632,nan,-0.0011207583222479116,0.0019016679134557632,nan,0.5393454394576387,0.5393454394576387,0.0,0.0,0.0,nan,0,1,1.0,0.0,-0.0015339001251406558,0.002017093359784034,nan,-0.0015339001251406558,0.002017093359784034,nan,0.6275889998014796,0.6275889998014796,0.0,0.0,0.0,nan,0
141,0.10400000000000008,0.45,,scientific,0,1,0.1625806451612903,1.0,0.0,-0.0015377444625303705,0.0020176142229491453,nan,-0.0015377444625303705,0.0020176142229491453,nan,0.6287759854871542,0.6287759854871542,0.0,0.0,0.0,nan,0,1,1.0,0.0,-0.0011207583222479116,0.0019016679134557632,nan,-0.0011207583222479116,0.0019016679134557632,nan,0.5393454394576387,0.5393454394576387,0.0,0.0,0.0,nan,0,1,1.0,0.0,-0.0015377444625303705,0.0020176142229491453,nan,-0.0015377444625303705,0.0020176142229491453,nan,0.6287759854871542,0.6287759854871542,0.0,0.0,0.0,nan,0
142,0.10500000000000008,0.45,,scientific,0,1,0.1625806451612903,1.0,0.0,-0.0013159070352034173,0.0013280309691903738,nan,-0.0013159070352034173,0.0013280309691903738,nan,0.6326704366117724,0.6326704366117724,0.0,0.0,0.0,nan,0,1,1.0,0.0,-0.0009253820335950057,0.0013094409375117798,nan,-0.0009253820335950057,0.0013094409375117798,nan,0.5414985150642759,0.5414985150642759,0.0,0.0,0.0,nan,0,1,1.0,0.0,-0.0013159070352034173,0.0013280309691903738,nan,-0.0013159070352034173,0.0013280309691903738,nan,0.6326704366117724,0.6326704366117724,0.0,0.0,0.0,nan,0
143,0.10600000000000008,0.45,,scientific,0,1,0.1625806451612903,1.0,0.0,-0.001098058046177692,0.0004037092293428611,nan,-0.001098058046177692,0.0004037092293428611,nan,0.6352047113502748,0.6352047113502748,0.0,0.0,0.0,nan,0,1,1.0,0.0,-0.0007332319492996793,0.0005074744823094384,nan,-0.0007332319492996793,0.0005074744823094384,nan,0.5425750528662776,0.5425750528662776,0.0,0.0,0.0,nan,0,1,1.0,0.0,-0.001098058046177692,0.0004037092293428611,nan,-0.001098058046177692,0.0004037092293428611,nan,0.6352047113502748,0.6352047113502748,0.0,0.0,0.0,nan,0
144,0.10700000000000008,0.45,,scientific,0,1,0.1625806451612903,1.0,0.0,-0.0020496460841720235,0.0003338977144770366,nan,-0.0020496460841720235,0.0003338977144770366,nan,0.6377541469925212,0.6377541469925212,0.0,0.0,0.0,nan,0,1,1.0,0.0,-0.0015497046639720157,0.0004484497790759994,nan,-0.0015497046639720157,0.0004484497790759994,nan,0.5436515906695962,0.5436515906695962,0.0,0.0,0.0,nan,0,1,1.0,0.0,-0.0020496460841720235,0.0003338977144770366,nan,-0.0020496460841720235,0.0003338977144770366,nan,0.6377541469925212,0.6377541469925212,0.0,0.0,0.0,nan,0
145,0.10800000000000008,0.45,,scientific,0,1,0.1625806451612903,1.0,0.0,-0.002054013725547714,0.00033263856402510354,nan,-0.002054013725547714,0.00033263856402510354,nan,0.6389512450351491,0.6389512450351491,0.0,0.0,0.0,nan,0,1,1.0,0.0,-0.0015497046639720157,0.0004484497790759994,nan,-0.0015497046639720157,0.0004484497790759994,nan,0.5436515906695962,0.5436515906695962,0.0,0.0,0.0,nan,0,1,1.0,0.0,-0.002054013725547714,0.00033263856402510354,nan,-0.002054013725547714,0.00033263856402510354,nan,0.6389512450351491,0.6389512450351491,0.0,0.0,0.0,nan,0
146,0.10900000000000008,0.45,,scientific,0,1,0.16322580645161291,1.0,0.0,-0.0020583775657275717,0.000331380895188721,nan,-0.0020583775657275717,0.000331380895188721,nan,0.6401481622441269,0.6401481622441269,0.0,0.0,0.0,nan,0,1,1.0,0.0,-0.0015497046639720157,0.0004484497790759994,nan,-0.0015497046639720157,0.0004484497790759994,nan,0.5436515906695962,0.5436515906695962,0.0,0.0,0.0,nan,0,1,1.0,0.0,-0.0020583775657275717,0.000331380895188721,nan,-0.0020583775657275717,0.000331380895188721,nan,0.6401481622441269,0.6401481622441269,0.0,0.0,0.0,nan,0
147,0.11000000000000008,0.45,,scientific,0,1,0.16322580645161291,1.0,0.0,-0.0020627376130443126,0.0003301247297899159,nan,-0.0020627376130443126,0.0003301247297899159,nan,0.6413448987488888,0.6413448987488888,0.0,0.0,0.0,nan,0,1,1.0,0.0,-0.0015497046639720157,0.0004484497790759994,nan,-0.0015497046639720157,0.0004484497790759994,nan,0.5436515906695962,0.5436515906695962,0.0,0.0,0.0,nan,0,1,1.0,0.0,-0.0020627376130443126,0.0003301247297899159,nan,-0.0020627376130443126,0.0003301247297899159,nan,0.6413448987488888,0.6413448987488888,0.0,0.0,0.0,nan,0
148,0.11100000000000008,0.45,,scientific,0,1,0.16322580645161291,1.0,0.0,-0.0020670938576317125,0.00032887006310796714,nan,-0.0020670938576317125,0.00032887006310796714,nan,0.6425414546851469,0.6425414546851469,0.0,0.0,0.0,nan,0,1,1.0,0.0,-0.0015497046639720157,0.0004484497790759994,nan,-0.0015497046639720157,0.0004484497790759994,nan,0.5436515906695962,0.5436515906695962,0.0,0.0,0.0,nan,0,1,1.0,0.0,-0.0020670938576317125,0.00032887006310796714,nan,-0.0020670938576317125,0.00032887006310796714,nan,0.6425414546851469,0.6425414546851469,0.0,0.0,0.0,nan,0
149,0.11200000000000009,0.45,,scientific,0,1,0.16322580645161291,1.0,0.0,-0.0020714463194220194,0.0003276168742075431,nan,-0.0020714463194220194,0.0003276168742075431,nan,0.6437378302114487,0.6437378302114487,0.0,0.0,0.0,nan,0,1,1.0,0.0,-0.0015497046639720157,0.0004484497790759994,nan,-0.0015497046639720157,0.0004484497790759994,nan,0.5436515906695962,0.5436515906695962,0.0,0.0,0.0,nan,0,1,1.0,0.0,-0.0020714463194220194,0.0003276168742075431,nan,-0.0020714463194220194,0.0003276168742075431,nan,0.6437378302114487,0.6437378302114487,0.0,0.0,0.0,nan,0
150,0.11300000000000009,0.45,,scientific,0,1,0.16322580645161291,1.0,0.0,-0.003020619373313902,0.00019123736650715955,nan,-0.003020619373313902,0.00019123736650715955,nan,0.6463058524087592,0.6463058524087592,0.0,0.0,0.0,nan,0,1,1.0,0.0,-0.0023578842885694537,0.00033299211029750106,nan,-0.0023578842885694537,0.00033299211029750106,nan,0.5447281284729149,0.5447281284729149,0.0,0.0,0.0,nan,0,1,1.0,0.0,-0.003020619373313902,0.00019123736650715955,nan,-0.003020619373313902,0.00019123736650715955,nan,0.6463058524087592,0.6463058524087592,0.0,0.0,0.0,nan,0
151,0.11400000000000009,0.45,,scientific,0,1,0.16322580645161291,1.0,0.0,-0.0023567804686155593,-0.000502503105216961,nan,-0.0023567804686155593,-0.000502503105216961,nan,0.6488812252777248,0.6488812252777248,0.0,0.0,0.0,nan,0,1,1.0,0.0,-0.0017873924895323154,-0.0002576110238249505,nan,-0.0017873924895323154,-0.0002576110238249505,nan,0.5458046662762335,0.5458046662762335,0.0,0.0,0.0,nan,0,1,1.0,0.0,-0.0023567804686155593,-0.000502503105216961,nan,-0.0023567804686155593,-0.000502503105216961,nan,0.6488812252777248,0.6488812252777248,0.0,0.0,0.0,nan,0
152,0.11500000000000009,0.45,,scientific,0,1,0.16322580645161291,1.0,0.0,-0.002361408747807776,-0.0005046230514003392,nan,-0.002361408747807776,-0.0005046230514003392,nan,0.6500825038715747,0.6500825038715747,0.0,0.0,0.0,nan,0,1,1.0,0.0,-0.0017873924895323154,-0.0002576110238249505,nan,-0.0017873924895323154,-0.0002576110238249505,nan,0.5458046662762335,0.5458046662762335,0.0,0.0,0.0,nan,0,1,1.0,0.0,-0.002361408747807776,-0.0005046230514003392,nan,-0.002361408747807776,-0.0005046230514003392,nan,0.6500825038715747,0.6500825038715747,0.0,0.0,0.0,nan,0
153,0.11600000000000009,0.45,,scientific,0,1,0.1638709677419355,1.0,0.0,-0.002366033081877362,-0.0005067408673259388,nan,-0.002366033081877362,-0.0005067408673259388,nan,0.651283603134223,0.651283603134223,0.0,0.0,0.0,nan,0,1,1.0,0.0,-0.0017873924895323154,-0.0002576110238249505,nan,-0.0017873924895323154,-0.0002576110238249505,nan,0.5458046662762335,0.5458046662762335,0.0,0.0,0.0,nan,0,1,1.0,0.0,-0.002366033081877362,-0.0005067408673259388,nan,-0.002366033081877362,-0.0005067408673259388,nan,0.651283603134223,0.651283603134223,0.0,0.0,0.0,nan,0
154,0.11700000000000009,0.45,,scientific,0,1,0.1638709677419355,1.0,0.0,-0.002370653473722296,-0.0005088565597248101,nan,-0.002370653473722296,-0.0005088565597248101,nan,0.6524845232129737,0.6524845232129737,0.0,0.0,0.0,nan,0,1,1.0,0.0,-0.0017873924895323154,-0.0002576110238249505,nan,-0.0017873924895323154,-0.0002576110238249505,nan,0.5458046662762335,0.5458046662762335,0.0,0.0,0.0,nan,0,1,1.0,0.0,-0.002370653473722296,-0.0005088565597248101,nan,-0.002370653473722296,-0.0005088565597248101,nan,0.6524845232129737,0.6524845232129737,0.0,0.0,0.0,nan,0
155,0.11800000000000009,0.45,,scientific,0,1,0.1638709677419355,1.0,0.0,-0.0015089143074019267,-0.000912790353618058,nan,-0.0015089143074019267,-0.000912790353618058,nan,0.6550580403399542,0.6550580403399542,0.0,0.0,0.0,nan,0,1,1.0,0.0,-0.0010438057699129757,-0.0006026364822390399,nan,-0.0010438057699129757,-0.0006026364822390399,nan,0.5468812040795521,0.5468812040795521,0.0,0.0,0.0,nan,0,1,1.0,0.0,-0.0015089143074019267,-0.000912790353618058,nan,-0.0015089143074019267,-0.000912790353618058,nan,0.6550580403399542,0.6550580403399542,0.0,0.0,0.0,nan,0
156,0.11900000000000009,0.45,,scientific,0,1,0.1638709677419355,1.0,0.0,-0.0015126439957005194,-0.0009153109845314146,nan,-0.0015126439957005194,-0.0009153109845314146,nan,0.6562612629580644,0.6562612629580644,0.0,0.0,0.0,nan,0,1,1.0,0.0,-0.0010438057699129757,-0.0006026364822390399,nan,-0.0010438057699129757,-0.0006026364822390399,nan,0.5468812040795521,0.5468812040795521,0.0,0.0,0.0,nan,0,1,1.0,0.0,-0.0015126439957005194,-0.0009153109845314146,nan,-0.0015126439957005194,-0.0009153109845314146,nan,0.6562612629580644,0.6562612629580644,0.0,0.0,0.0,nan,0
157,0.12000000000000009,0.45,,scientific,0,1,0.1638709677419355,1.0,0.0,-0.0015163704670346002,-0.000917829211534296,nan,-0.0015163704670346002,-0.000917829211534296,nan,0.6574643069973221,0.6574643069973221,0.0,0.0,0.0,nan,0,1,1.0,0.0,-0.0010438057699129757,-0.0006026364822390399,nan,-0.0010438057699129757,-0.0006026364822390399,nan,0.5468812040795521,0.5468812040795521,0.0,0.0,0.0,nan,0,1,1.0,0.0,-0.0015163704670346002,-0.000917829211534296,nan,-0.0015163704670346002,-0.000917829211534296,nan,0.6574643069973221,0.6574643069973221,0.0,0.0,0.0,nan,0
158,0.1210000000000001,0.45,,scientific,0,1,0.1638709677419355,1.0,0.0,-0.0015200937339114623,-0.0009203450342932684,nan,-0.0015200937339114623,-0.0009203450342932684,nan,0.6586671725924529,0.6586671725924529,0.0,0.0,0.0,nan,0,1,1.0,0.0,-0.0010438057699129757,-0.0006026364822390399,nan,-0.0010438057699129757,-0.0006026364822390399,nan,0.5468812040795521,0.5468812040795521,0.0,0.0,0.0,nan,0,1,1.0,0.0,-0.0015200937339114623,-0.0009203450342932684,nan,-0.0015200937339114623,-0.0009203450342932684,nan,0.6586671725924529,0.6586671725924529,0.0,0.0,0.0,nan,0
159,0.1220000000000001,0.45,,scientific,0,1,0.1638709677419355,1.0,0.0,-0.0015238137911184333,-0.0009228584466178962,nan,-0.0015238137911184333,-0.0009228584466178962,nan,0.6598698599003305,0.6598698599003305,0.0,0.0,0.0,nan,0,1,1.0,0.0,-0.0010438057699129757,-0.0006026364822390399,nan,-0.0010438057699129757,-0.0006026364822390399,nan,0.5468812040795521,0.5468812040795521,0.0,0.0,0.0,nan,0,1,1.0,0.0,-0.0015238137911184333,-0.0009228584466178962,nan,-0.0015238137911184333,-0.0009228584466178962,nan,0.6598698599003305,0.6598698599003305,0.0,0.0,0.0,nan,0
160,0.1230000000000001,0.45,,scientific,0,1,0.1638709677419355,1.0,0.0,-0.0015275306616960886,-0.0009253694567552137,nan,-0.0015275306616960886,-0.0009253694567552137,nan,0.6610723690634936,0.6610723690634936,0.0,0.0,0.0,nan,0,1,1.0,0.0,-0.0010438057699129757,-0.0006026364822390399,nan,-0.0010438057699129757,-0.0006026364822390399,nan,0.5468812040795521,0.5468812040795521,0.0,0.0,0.0,nan,0,1,1.0,0.0,-0.0015275306616960886,-0.0009253694567552137,nan,-0.0015275306616960886,-0.0009253694567552137,nan,0.6610723690634936,0.6610723690634936,0.0,0.0,0.0,nan,0
161,0.1240000000000001,0.45,,scientific,0,1,0.1638709677419355,1.0,0.0,-0.001531244347392586,-0.0009278780639789457,nan,-0.001531244347392586,-0.0009278780639789457,nan,0.6622747002435518,0.6622747002435518,0.0,0.0,0.0,nan,0,1,1.0,0.0,-0.0010438057699129757,-0.0006026364822390399,nan,-0.0010438057699129757,-0.0006026364822390399,nan,0.5468812040795521,0.5468812040795521,0.0,0.0,0.0,nan,0,1,1.0,0.0,-0.001531244347392586,-0.0009278780639789457,nan,-0.001531244347392586,-0.0009278780639789457,nan,0.6622747002435518,0.6622747002435518,0.0,0.0,0.0,nan,0
162,0.12500000000000008,0.45,,scientific,0,1,0.1638709677419355,1.0,0.0,-0.001534954877378456,-0.0009303842830547818,nan,-0.001534954877378456,-0.0009303842830547818,nan,0.6634768535738464,0.6634768535738464,0.0,0.0,0.0,nan,0,1,1.0,0.0,-0.0010438057699129757,-0.0006026364822390399,nan,-0.0010438057699129757,-0.0006026364822390399,nan,0.5468812040795521,0.5468812040795521,0.0,0.0,0.0,nan,0,1,1.0,0.0,-0.001534954877378456,-0.0009303842830547818,nan,-0.001534954877378456,-0.0009303842830547818,nan,0.6634768535738464,0.6634768535738464,0.0,0.0,0.0,nan,0
163,0.12600000000000008,0.45,,scientific,0,1,0.1638709677419355,1.0,0.0,-0.0015386622665553421,-0.0009328881234372693,nan,-0.0015386622665553421,-0.0009328881234372693,nan,0.6646788292046746,0.6646788292046746,0.0,0.0,0.0,nan,0,1,1.0,0.0,-0.0010438057699129757,-0.0006026364822390399,nan,-0.0010438057699129757,-0.0006026364822390399,nan,0.5468812040795521,0.5468812040795521,0.0,0.0,0.0,nan,0,1,1.0,0.0,-0.0015386622665553421,-0.0009328881234372693,nan,-0.0015386622665553421,-0.0009328881234372693,nan,0.6646788292046746,0.6646788292046746,0.0,0.0,0.0,nan,0
164,0.12700000000000009,0.45,,scientific,0,1,0.16451612903225807,1.0,0.0,-0.0015423665390653935,-0.000935389586770296,nan,-0.0015423665390653935,-0.000935389586770296,nan,0.6658806273063423,0.6658806273063423,0.0,0.0,0.0,nan,0,1,1.0,0.0,-0.0010438057699129757,-0.0006026364822390399,nan,-0.0010438057699129757,-0.0006026364822390399,nan,0.5468812040795521,0.5468812040795521,0.0,0.0,0.0,nan,0,1,1.0,0.0,-0.0015423665390653935,-0.000935389586770296,nan,-0.0015423665390653935,-0.000935389586770296,nan,0.6658806273063423,0.6658806273063423,0.0,0.0,0.0,nan,0
165,0.12800000000000009,0.45,,scientific,0,1,0.16451612903225807,1.0,0.0,-0.0015460676937552591,-0.0009378886741488199,nan,-0.0015460676937552591,-0.0009378886741488199,nan,0.667082248020596,0.667082248020596,0.0,0.0,0.0,nan,0,1,1.0,0.0,-0.0010438057699129757,-0.0006026364822390399,nan,-0.0010438057699129757,-0.0006026364822390399,nan,0.5468812040795521,0.5468812040795521,0.0,0.0,0.0,nan,0,1,1.0,0.0,-0.0015460676937552591,-0.0009378886741488199,nan,-0.0015460676937552591,-0.0009378886741488199,nan,0.667082248020596,0.667082248020596,0.0,0.0,0.0,nan,0
166,0.1290000000000001,0.45,,scientific,0,1,0.16451612903225807,1.0,0.0,-0.0015497657409764564,-0.0009403854124538821,nan,-0.0015497657409764564,-0.0009403854124538821,nan,0.6682836914917852,0.6682836914917852,0.0,0.0,0.0,nan,0,1,1.0,0.0,-0.0010438057699129757,-0.0006026364822390399,nan,-0.0010438057699129757,-0.0006026364822390399,nan,0.5468812040795521,0.5468812040795521,0.0,0.0,0.0,nan,0,1,1.0,0.0,-0.0015497657409764564,-0.0009403854124538821,nan,-0.0015497657409764564,-0.0009403854124538821,nan,0.6682836914917852,0.6682836914917852,0.0,0.0,0.0,nan,0
167,0.1300000000000001,0.45,,scientific,0,1,0.16451612903225807,1.0,0.0,-0.0015534606806831802,-0.0009428797986502694,nan,-0.0015534606806831802,-0.0009428797986502694,nan,0.6694849578709985,0.6694849578709985,0.0,0.0,0.0,nan,0,1,1.0,0.0,-0.0010438057699129757,-0.0006026364822390399,nan,-0.0010438057699129757,-0.0006026364822390399,nan,0.5468812040795521,0.5468812040795521,0.0,0.0,0.0,nan,0,1,1.0,0.0,-0.0015534606806831802,-0.0009428797986502694,nan,-0.0015534606806831802,-0.0009428797986502694,nan,0.6694849578709985,0.6694849578709985,0.0,0.0,0.0,nan,0
168,0.1310000000000001,0.45,,scientific,0,1,0.16451612903225807,1.0,0.0,-0.0015571525323443346,-0.0009453718110893998,nan,-0.0015571525323443346,-0.0009453718110893998,nan,0.6706860473140868,0.6706860473140868,0.0,0.0,0.0,nan,0,1,1.0,0.0,-0.0010438057699129757,-0.0006026364822390399,nan,-0.0010438057699129757,-0.0006026364822390399,nan,0.5468812040795521,0.5468812040795521,0.0,0.0,0.0,nan,0,1,1.0,0.0,-0.0015571525323443346,-0.0009453718110893998,nan,-0.0015571525323443346,-0.0009453718110893998,nan,0.6706860473140868,0.6706860473140868,0.0,0.0,0.0,nan,0
169,0.1320000000000001,0.45,,scientific,0,1,0.16451612903225807,1.0,0.0,-0.0015608413337929305,-0.0009478614774545009,nan,-0.0015608413337929305,-0.0009478614774545009,nan,0.6718869599364383,0.6718869599364383,0.0,0.0,0.0,nan,0,1,1.0,0.0,-0.0010438057699129757,-0.0006026364822390399,nan,-0.0010438057699129757,-0.0006026364822390399,nan,0.5468812040795521,0.5468812040795521,0.0,0.0,0.0,nan,0,1,1.0,0.0,-0.0015608413337929305,-0.0009478614774545009,nan,-0.0015608413337929305,-0.0009478614774545009,nan,0.6718869599364383,0.6718869599364383,0.0,0.0,0.0,nan,0
170,0.1330000000000001,0.45,,scientific,0,1,0.16451612903225807,1.0,0.0,-0.001800168086056903,-1.5831985686277657e-07,nan,-0.001800168086056903,-1.5831985686277657e-07,nan,0.6745186218500785,0.6745186218500785,0.0,0.0,0.0,nan,0,1,1.0,0.0,-0.0012407643862201575,0.00019069460086935648,nan,-0.0012407643862201575,0.00019069460086935648,nan,0.5479577418828707,0.5479577418828707,0.0,0.0,0.0,nan,0,1,1.0,0.0,-0.001800168086056903,-1.5831985686277657e-07,nan,-0.001800168086056903,-1.5831985686277657e-07,nan,0.6745186218500785,0.6745186218500785,0.0,0.0,0.0,nan,0
171,0.1340000000000001,0.45,,scientific,0,1,0.16451612903225807,1.0,0.0,-0.0018040908262510066,-1.6725891393351292e-06,nan,-0.0018040908262510066,-1.6725891393351292e-06,nan,0.6757219207937248,0.6757219207937248,0.0,0.0,0.0,nan,0,1,1.0,0.0,-0.0012407643862201575,0.00019069460086935648,nan,-0.0012407643862201575,0.00019069460086935648,nan,0.5479577418828707,0.5479577418828707,0.0,0.0,0.0,nan,0,1,1.0,0.0,-0.0018040908262510066,-1.6725891393351292e-06,nan,-0.0018040908262510066,-1.6725891393351292e-06,nan,0.6757219207937248,0.6757219207937248,0.0,0.0,0.0,nan,0
172,0.1350000000000001,0.45,,scientific,0,1,0.16451612903225807,1.0,0.0,-0.00180801033438749,-3.1851950524712958e-06,nan,-0.00180801033438749,-3.1851950524712958e-06,nan,0.6769250436200271,0.6769250436200271,0.0,0.0,0.0,nan,0,1,1.0,0.0,-0.0012407643862201575,0.00019069460086935648,nan,-0.0012407643862201575,0.00019069460086935648,nan,0.5479577418828707,0.5479577418828707,0.0,0.0,0.0,nan,0,1,1.0,0.0,-0.00180801033438749,-3.1851950524712958e-06,nan,-0.00180801033438749,-3.1851950524712958e-06,nan,0.6769250436200271,0.6769250436200271,0.0,0.0,0.0,nan,0
173,0.1360000000000001,0.45,,scientific,0,1,0.16451612903225807,1.0,0.0,-0.0018119266425378454,-4.696146350895895e-06,nan,-0.0018119266425378454,-4.696146350895895e-06,nan,0.6781279904963888,0.6781279904963888,0.0,0.0,0.0,nan,0,1,1.0,0.0,-0.0012407643862201575,0.00019069460086935648,nan,-0.0012407643862201575,0.00019069460086935648,nan,0.5479577418828707,0.5479577418828707,0.0,0.0,0.0,nan,0,1,1.0,0.0,-0.0018119266425378454,-4.696146350895895e-06,nan,-0.0018119266425378454,-4.696146350895895e-06,nan,0.6781279904963888,0.6781279904963888,0.0,0.0,0.0,nan,0
174,0.1370000000000001,0.45,,scientific,0,1,0.16451612903225807,1.0,0.0,-0.0018158397416887402,-6.2054453066952545e-06,nan,-0.0018158397416887402,-6.2054453066952545e-06,nan,0.6793307615556095,0.6793307615556095,0.0,0.0,0.0,nan,0,1,1.0,0.0,-0.0012407643862201575,0.00019069460086935648,nan,-0.0012407643862201575,0.00019069460086935648,nan,0.5479577418828707,0.5479577418828707,0.0,0.0,0.0,nan,0,1,1.0,0.0,-0.0018158397416887402,-6.2054453066952545e-06,nan,-0.0018158397416887402,-6.2054453066952545e-06,nan,0.6793307615556095,0.6793307615556095,0.0,0.0,0.0,nan,0
175,0.1380000000000001,0.45,,scientific,0,1,0.16451612903225807,1.0,0.0,-0.0018197496227394833,-7.713107031850043e-06,nan,-0.0018197496227394833,-7.713107031850043e-06,nan,0.6805333569496441,0.6805333569496441,0.0,0.0,0.0,nan,0,1,1.0,0.0,-0.0012407643862201575,0.00019069460086935648,nan,-0.0012407643862201575,0.00019069460086935648,nan,0.5479577418828707,0.5479577418828707,0.0,0.0,0.0,nan,0,1,1.0,0.0,-0.0018197496227394833,-7.713107031850043e-06,nan,-0.0018197496227394833,-7.713107031850043e-06,nan,0.6805333569496441,0.6805333569496441,0.0,0.0,0.0,nan,0
176,0.1390000000000001,0.45,,scientific,0,1,0.16451612903225807,1.0,0.0,-0.0018236562968369859,-9.219141701558462e-06,nan,-0.0018236562968369859,-9.219141701558462e-06,nan,0.681735776813619,0.681735776813619,0.0,0.0,0.0,nan,0,1,1.0,0.0,-0.0012407643862201575,0.00019069460086935648,nan,-0.0012407643862201575,0.00019069460086935648,nan,0.5479577418828707,0.5479577418828707,0.0,0.0,0.0,nan,0,1,1.0,0.0,-0.0018236562968369859,-9.219141701558462e-06,nan,-0.0018236562968369859,-9.219141701558462e-06,nan,0.681735776813619,0.681735776813619,0.0,0.0,0.0,nan,0
177,0.1400000000000001,0.45,,scientific,0,1,0.16451612903225807,1.0,0.0,-0.001827559789944081,-1.0723546327103122e-05,nan,-0.001827559789944081,-1.0723546327103122e-05,nan,0.6829380212874427,0.6829380212874427,0.0,0.0,0.0,nan,0,1,1.0,0.0,-0.0012407643862201575,0.00019069460086935648,nan,-0.0012407643862201575,0.00019069460086935648,nan,0.5479577418828707,0.5479577418828707,0.0,0.0,0.0,nan,0,1,1.0,0.0,-0.001827559789944081,-1.0723546327103122e-05,nan,-0.001827559789944081,-1.0723546327103122e-05,nan,0.6829380212874427,0.6829380212874427,0.0,0.0,0.0,nan,0
178,0.1410000000000001,0.45,,scientific,0,1,0.16451612903225807,1.0,0.0,-0.001831460104816625,-1.2226308182385198e-05,nan,-0.001831460104816625,-1.2226308182385198e-05,nan,0.6841400905084816,0.6841400905084816,0.0,0.0,0.0,nan,0,1,1.0,0.0,-0.0012407643862201575,0.00019069460086935648,nan,-0.0012407643862201575,0.00019069460086935648,nan,0.5479577418828707,0.5479577418828707,0.0,0.0,0.0,nan,0,1,1.0,0.0,-0.001831460104816625,-1.2226308182385198e-05,nan,-0.001831460104816625,-1.2226308182385198e-05,nan,0.6841400905084816,0.6841400905084816,0.0,0.0,0.0,nan,0
179,0.1420000000000001,0.45,,scientific,0,1,0.16451612903225807,1.0,0.0,-0.0018353572585460348,-1.3727424692920665e-05,nan,-0.0018353572585460348,-1.3727424692920665e-05,nan,0.6853419846312199,0.6853419846312199,0.0,0.0,0.0,nan,0,1,1.0,0.0,-0.0012407643862201575,0.00019069460086935648,nan,-0.0012407643862201575,0.00019069460086935648,nan,0.5479577418828707,0.5479577418828707,0.0,0.0,0.0,nan,0,1,1.0,0.0,-0.0018353572585460348,-1.3727424692920665e-05,nan,-0.0018353572585460348,-1.3727424692920665e-05,nan,0.6853419846312199,0.6853419846312199,0.0,0.0,0.0,nan,0
180,0.1430000000000001,0.45,,scientific,0,1,0.16451612903225807,1.0,0.0,-0.001839251270328322,-1.5226925195118222e-05,nan,-0.001839251270328322,-1.5226925195118222e-05,nan,0.6865437037972406,0.6865437037972406,0.0,0.0,0.0,nan,0,1,1.0,0.0,-0.0012407643862201575,0.00019069460086935648,nan,-0.0012407643862201575,0.00019069460086935648,nan,0.5479577418828707,0.5479577418828707,0.0,0.0,0.0,nan,0,1,1.0,0.0,-0.001839251270328322,-1.5226925195118222e-05,nan,-0.001839251270328322,-1.5226925195118222e-05,nan,0.6865437037972406,0.6865437037972406,0.0,0.0,0.0,nan,0
181,0.1440000000000001,0.45,,scientific,0,1,0.16451612903225807,1.0,0.0,-0.0018431421331937012,-1.6724806139365515e-05,nan,-0.0018431421331937012,-1.6724806139365515e-05,nan,0.6877452481398891,0.6877452481398891,0.0,0.0,0.0,nan,0,1,1.0,0.0,-0.0012407643862201575,0.00019069460086935648,nan,-0.0012407643862201575,0.00019069460086935648,nan,0.5479577418828707,0.5479577418828707,0.0,0.0,0.0,nan,0,1,1.0,0.0,-0.0018431421331937012,-1.6724806139365515e-05,nan,-0.0018431421331937012,-1.6724806139365515e-05,nan,0.6877452481398891,0.6877452481398891,0.0,0.0,0.0,nan,0
182,0.1450000000000001,0.45,,scientific,0,1,0.16451612903225807,1.0,0.0,-0.0018470298619048305,-1.8221057578907815e-05,nan,-0.0018470298619048305,-1.8221057578907815e-05,nan,0.6889466178158401,0.6889466178158401,0.0,0.0,0.0,nan,0,1,1.0,0.0,-0.0012407643862201575,0.00019069460086935648,nan,-0.0012407643862201575,0.00019069460086935648,nan,0.5479577418828707,0.5479577418828707,0.0,0.0,0.0,nan,0,1,1.0,0.0,-0.0018470298619048305,-1.8221057578907815e-05,nan,-0.0018470298619048305,-1.8221057578907815e-05,nan,0.6889466178158401,0.6889466178158401,0.0,0.0,0.0,nan,0
183,0.1460000000000001,0.45,,scientific,0,1,0.16451612903225807,1.0,0.0,-0.0018509144785071505,-1.9715686281813096e-05,nan,-0.0018509144785071505,-1.9715686281813096e-05,nan,0.6901478129793374,0.6901478129793374,0.0,0.0,0.0,nan,0,1,1.0,0.0,-0.0012407643862201575,0.00019069460086935648,nan,-0.0012407643862201575,0.00019069460086935648,nan,0.5479577418828707,0.5479577418828707,0.0,0.0,0.0,nan,0,1,1.0,0.0,-0.0018509144785071505,-1.9715686281813096e-05,nan,-0.0018509144785071505,-1.9715686281813096e-05,nan,0.6901478129793374,0.6901478129793374,0.0,0.0,0.0,nan,0
184,0.1470000000000001,0.45,,scientific,0,1,0.16451612903225807,1.0,0.0,-0.0018547959636634873,-2.1208708763181755e-05,nan,-0.0018547959636634873,-2.1208708763181755e-05,nan,0.6913488337527578,0.6913488337527578,0.0,0.0,0.0,nan,0,1,1.0,0.0,-0.0012407643862201575,0.00019069460086935648,nan,-0.0012407643862201575,0.00019069460086935648,nan,0.5479577418828707,0.5479577418828707,0.0,0.0,0.0,nan,0,1,1.0,0.0,-0.0018547959636634873,-2.1208708763181755e-05,nan,-0.0018547959636634873,-2.1208708763181755e-05,nan,0.6913488337527578,0.6913488337527578,0.0,0.0,0.0,nan,0
185,0.1480000000000001,0.45,,scientific,0,1,0.16451612903225807,1.0,0.0,-0.0018586743077354236,-2.2700120060788046e-05,nan,-0.0018586743077354236,-2.2700120060788046e-05,nan,0.6925496802684967,0.6925496802684967,0.0,0.0,0.0,nan,0,1,1.0,0.0,-0.0012407643862201575,0.00019069460086935648,nan,-0.0012407643862201575,0.00019069460086935648,nan,0.5479577418828707,0.5479577418828707,0.0,0.0,0.0,nan,0,1,1.0,0.0,-0.0018586743077354236,-2.2700120060788046e-05,nan,-0.0018586743077354236,-2.2700120060788046e-05,nan,0.6925496802684967,0.6925496802684967,0.0,0.0,0.0,nan,0
186,0.1490000000000001,0.45,,scientific,0,1,0.16451612903225807,1.0,0.0,-0.00186254953248155,-2.4189934732534737e-05,nan,-0.00186254953248155,-2.4189934732534737e-05,nan,0.69375035265176,0.69375035265176,0.0,0.0,0.0,nan,0,1,1.0,0.0,-0.0012407643862201575,0.00019069460086935648,nan,-0.0012407643862201575,0.00019069460086935648,nan,0.5479577418828707,0.5479577418828707,0.0,0.0,0.0,nan,0,1,1.0,0.0,-0.00186254953248155,-2.4189934732534737e-05,nan,-0.00186254953248155,-2.4189934732534737e-05,nan,0.69375035265176,0.69375035265176,0.0,0.0,0.0,nan,0
187,0.1500000000000001,0.45,,scientific,0,1,0.16516129032258065,1.0,0.0,-0.001866421626563794,-2.567813787028535e-05,nan,-0.001866421626563794,-2.567813787028535e-05,nan,0.6949508510752682,0.6949508510752682,0.0,0.0,0.0,nan,0,1,1.0,0.0,-0.0012407643862201575,0.00019069460086935648,nan,-0.0012407643862201575,0.00019069460086935648,nan,0.5479577418828707,0.5479577418828707,0.0,0.0,0.0,nan,0,1,1.0,0.0,-0.001866421626563794,-2.567813787028535e-05,nan,-0.001866421626563794,-2.567813787028535e-05,nan,0.6949508510752682,0.6949508510752682,0.0,0.0,0.0,nan,0
188,0.1510000000000001,0.45,,scientific,0,1,0.16516129032258065,1.0,0.0,-0.001870290614736283,-2.7164762650999197e-05,nan,-0.001870290614736283,-2.7164762650999197e-05,nan,0.6961511756667799,0.6961511756667799,0.0,0.0,0.0,nan,0,1,1.0,0.0,-0.0012407643862201575,0.00019069460086935648,nan,-0.0012407643862201575,0.00019069460086935648,nan,0.5479577418828707,0.5479577418828707,0.0,0.0,0.0,nan,0,1,1.0,0.0,-0.001870290614736283,-2.7164762650999197e-05,nan,-0.001870290614736283,-2.7164762650999197e-05,nan,0.6961511756667799,0.6961511756667799,0.0,0.0,0.0,nan,0
189,0.1520000000000001,0.45,,scientific,0,1,0.16516129032258065,1.0,0.0,-0.0018741565178705278,-2.864981652169957e-05,nan,-0.0018741565178705278,-2.864981652169957e-05,nan,0.6973513265513108,0.6973513265513108,0.0,0.0,0.0,nan,0,1,1.0,0.0,-0.0012407643862201575,0.00019069460086935648,nan,-0.0012407643862201575,0.00019069460086935648,nan,0.5479577418828707,0.5479577418828707,0.0,0.0,0.0,nan,0,1,1.0,0.0,-0.0018741565178705278,-2.864981652169957e-05,nan,-0.0018741565178705278,-2.864981652169957e-05,nan,0.6973513265513108,0.6973513265513108,0.0,0.0,0.0,nan,0
190,0.1530000000000001,0.45,,scientific,0,1,0.16516129032258065,1.0,0.0,-0.0018780193454553647,-3.01333130848965e-05,nan,-0.0018780193454553647,-3.01333130848965e-05,nan,0.6985513038411714,0.6985513038411714,0.0,0.0,0.0,nan,0,1,1.0,0.0,-0.0012407643862201575,0.00019069460086935648,nan,-0.0012407643862201575,0.00019069460086935648,nan,0.5479577418828707,0.5479577418828707,0.0,0.0,0.0,nan,0,1,1.0,0.0,-0.0018780193454553647,-3.01333130848965e-05,nan,-0.0018780193454553647,-3.01333130848965e-05,nan,0.6985513038411714,0.6985513038411714,0.0,0.0,0.0,nan,0
191,0.1540000000000001,0.45,,scientific,0,1,0.16516129032258065,1.0,0.0,-0.0018818791179456187,-3.161524782370575e-05,nan,-0.0018818791179456187,-3.161524782370575e-05,nan,0.6997511076692697,0.6997511076692697,0.0,0.0,0.0,nan,0,1,1.0,0.0,-0.0012407643862201575,0.00019069460086935648,nan,-0.0012407643862201575,0.00019069460086935648,nan,0.5479577418828707,0.5479577418828707,0.0,0.0,0.0,nan,0,1,1.0,0.0,-0.0018818791179456187,-3.161524782370575e-05,nan,-0.0018818791179456187,-3.161524782370575e-05,nan,0.6997511076692697,0.6997511076692697,0.0,0.0,0.0,nan,0
192,0.1550000000000001,0.45,,scientific,0,1,0.16516129032258065,1.0,0.0,-0.0018857358478581237,-3.309562485369484e-05,nan,-0.0018857358478581237,-3.309562485369484e-05,nan,0.7009507381808437,0.7009507381808437,0.0,0.0,0.0,nan,0,1,1.0,0.0,-0.0012407643862201575,0.00019069460086935648,nan,-0.0012407643862201575,0.00019069460086935648,nan,0.5479577418828707,0.5479577418828707,0.0,0.0,0.0,nan,0,1,1.0,0.0,-0.0018857358478581237,-3.309562485369484e-05,nan,-0.0018857358478581237,-3.309562485369484e-05,nan,0.7009507381808437,0.7009507381808437,0.0,0.0,0.0,nan,0
193,0.1560000000000001,0.45,,scientific,0,1,0.16516129032258065,1.0,0.0,-0.0027851256450306203,-0.0004790573701885082,nan,-0.0027851256450306203,-0.0004790573701885082,nan,0.7036436668589576,0.7036436668589576,0.0,0.0,0.0,nan,0,1,1.0,0.0,-0.0019719037189527876,-0.0001719975105488415,nan,-0.0019719037189527876,-0.0001719975105488415,nan,0.5490342796861893,0.5490342796861893,0.0,0.0,0.0,nan,0,1,1.0,0.0,-0.0027851256450306203,-0.0004790573701885082,nan,-0.0027851256450306203,-0.0004790573701885082,nan,0.7036436668589576,0.7036436668589576,0.0,0.0,0.0,nan,0
194,0.1570000000000001,0.45,,scientific,0,1,0.16516129032258065,1.0,0.0,-0.002789855243449425,-0.00048097155475769433,nan,-0.002789855243449425,-0.00048097155475769433,nan,0.7048456947291645,0.7048456947291645,0.0,0.0,0.0,nan,0,1,1.0,0.0,-0.0019719037189527876,-0.0001719975105488415,nan,-0.0019719037189527876,-0.0001719975105488415,nan,0.5490342796861893,0.5490342796861893,0.0,0.0,0.0,nan,0,1,1.0,0.0,-0.002789855243449425,-0.00048097155475769433,nan,-0.002789855243449425,-0.00048097155475769433,nan,0.7048456947291645,0.7048456947291645,0.0,0.0,0.0,nan,0
195,0.1580000000000001,0.45,,scientific,0,1,0.16516129032258065,1.0,0.0,-0.0027945812314745656,-0.0004828839209682071,nan,-0.0027945812314745656,-0.0004828839209682071,nan,0.7060475500038923,0.7060475500038923,0.0,0.0,0.0,nan,0,1,1.0,0.0,-0.0019719037189527876,-0.0001719975105488415,nan,-0.0019719037189527876,-0.0001719975105488415,nan,0.5490342796861893,0.5490342796861893,0.0,0.0,0.0,nan,0,1,1.0,0.0,-0.0027945812314745656,-0.0004828839209682071,nan,-0.0027945812314745656,-0.0004828839209682071,nan,0.7060475500038923,0.7060475500038923,0.0,0.0,0.0,nan,0
196,0.1590000000000001,0.45,,scientific,0,1,0.1664516129032258,1.0,0.0,-0.0027993036422541678,-0.0004847944585599271,nan,-0.0027993036422541678,-0.0004847944585599271,nan,0.7072492328202837,0.7072492328202837,0.0,0.0,0.0,nan,0,1,1.0,0.0,-0.0019719037189527876,-0.0001719975105488415,nan,-0.0019719037189527876,-0.0001719975105488415,nan,0.5490342796861893,0.5490342796861893,0.0,0.0,0.0,nan,0,1,1.0,0.0,-0.0027993036422541678,-0.0004847944585599271,nan,-0.0027993036422541678,-0.0004847944585599271,nan,0.7072492328202837,0.7072492328202837,0.0,0.0,0.0,nan,0
197,0.16000000000000011,0.45,,scientific,0,1,0.1664516129032258,1.0,0.0,-0.002804022488139086,-0.000486703170492943,nan,-0.002804022488139086,-0.000486703170492943,nan,0.7084507433156189,0.7084507433156189,0.0,0.0,0.0,nan,0,1,1.0,0.0,-0.0019719037189527876,-0.0001719975105488415,nan,-0.0019719037189527876,-0.0001719975105488415,nan,0.5490342796861893,0.5490342796861893,0.0,0.0,0.0,nan,0,1,1.0,0.0,-0.002804022488139086,-0.000486703170492943,nan,-0.002804022488139086,-0.000486703170492943,nan,0.7084507433156189,0.7084507433156189,0.0,0.0,0.0,nan,0
198,0.16100000000000012,0.45,,scientific,0,1,0.1664516129032258,1.0,0.0,-0.0021302572143743425,0.00024411271192056663,nan,-0.0021302572143743425,0.00024411271192056663,nan,0.7111420234154583,0.7111420234154583,0.0,0.0,0.0,nan,0,1,1.0,0.0,-0.001414787949193474,0.00043004710117258384,nan,-0.001414787949193474,0.00043004710117258384,nan,0.550110817489508,0.550110817489508,0.0,0.0,0.0,nan,0,1,1.0,0.0,-0.0021302572143743425,0.00024411271192056663,nan,-0.0021302572143743425,0.00024411271192056663,nan,0.7111420234154583,0.7111420234154583,0.0,0.0,0.0,nan,0
199,0.16200000000000012,0.45,,scientific,0,1,0.1664516129032258,1.0,0.0,-0.0011877140333587971,-6.77952539122781e-05,nan,-0.0011877140333587971,-6.77952539122781e-05,nan,0.7138362484668583,0.7138362484668583,0.0,0.0,0.0,nan,0,1,1.0,0.0,-0.0006367487484797071,0.00017471318952154614,nan,-0.0006367487484797071,0.00017471318952154614,nan,0.5511873552928266,0.5511873552928266,0.0,0.0,0.0,nan,0,1,1.0,0.0,-0.0011877140333587971,-6.77952539122781e-05,nan,-0.0011877140333587971,-6.77952539122781e-05,nan,0.7138362484668583,0.7138362484668583,0.0,0.0,0.0,nan,0
200,0.16300000000000012,0.45,,scientific,0,1,0.1664516129032258,1.0,0.0,-0.0011908843780206826,-6.929743616581322e-05,nan,-0.0011908843780206826,-6.929743616581322e-05,nan,0.7150425856386838,0.7150425856386838,0.0,0.0,0.0,nan,0,1,1.0,0.0,-0.0006367487484797071,0.00017471318952154614,nan,-0.0006367487484797071,0.00017471318952154614,nan,0.5511873552928266,0.5511873552928266,0.0,0.0,0.0,nan,0,1,1.0,0.0,-0.0011908843780206826,-6.929743616581322e-05,nan,-0.0011908843780206826,-6.929743616581322e-05,nan,0.7150425856386838,0.7150425856386838,0.0,0.0,0.0,nan,0
201,0.16400000000000012,0.45,,scientific,0,1,0.1664516129032258,1.0,0.0,-0.001194052265273585,-7.079806417257494e-05,nan,-0.001194052265273585,-7.079806417257494e-05,nan,0.7162487513126146,0.7162487513126146,0.0,0.0,0.0,nan,0,1,1.0,0.0,-0.0006367487484797071,0.00017471318952154614,nan,-0.0006367487484797071,0.00017471318952154614,nan,0.5511873552928266,0.5511873552928266,0.0,0.0,0.0,nan,0,1,1.0,0.0,-0.001194052265273585,-7.079806417257494e-05,nan,-0.001194052265273585,-7.079806417257494e-05,nan,0.7162487513126146,0.7162487513126146,0.0,0.0,0.0,nan,0
202,0.16500000000000012,0.45,,scientific,0,1,0.1664516129032258,1.0,0.0,-0.0011972176958238395,-7.229715877263351e-05,nan,-0.0011972176958238395,-7.229715877263351e-05,nan,0.7174547456220189,0.7174547456220189,0.0,0.0,0.0,nan,0,1,1.0,0.0,-0.0006367487484797071,0.00017471318952154614,nan,-0.0006367487484797071,0.00017471318952154614,nan,0.5511873552928266,0.5511873552928266,0.0,0.0,0.0,nan,0,1,1.0,0.0,-0.0011972176958238395,-7.229715877263351e-05,nan,-0.0011972176958238395,-7.229715877263351e-05,nan,0.7174547456220189,0.7174547456220189,0.0,0.0,0.0,nan,0
203,0.16600000000000012,0.45,,scientific,0,1,0.1664516129032258,1.0,0.0,-0.00035395208286317985,-0.0005995717631110034,nan,-0.00035395208286317985,-0.0005995717631110034,nan,0.720161648160955,0.720161648160955,0.0,0.0,0.0,nan,0,1,1.0,0.0,5.6437972936097446e-05,-0.0002559591015539126,nan,5.6437972936097446e-05,-0.0002559591015539126,nan,0.5522638930961452,0.5522638930961452,0.0,0.0,0.0,nan,0,1,1.0,0.0,-0.00035395208286317985,-0.0005995717631110034,nan,-0.00035395208286317985,-0.0005995717631110034,nan,0.720161648160955,0.720161648160955,0.0,0.0,0.0,nan,0
204,0.16700000000000012,0.45,,scientific,0,1,0.1664516129032258,1.0,0.0,-0.0003563190077751803,-0.0006015604106029326,nan,-0.0003563190077751803,-0.0006015604106029326,nan,0.7213699672976543,0.7213699672976543,0.0,0.0,0.0,nan,0,1,1.0,0.0,5.6437972936097446e-05,-0.0002559591015539126,nan,5.6437972936097446e-05,-0.0002559591015539126,nan,0.5522638930961452,0.5522638930961452,0.0,0.0,0.0,nan,0,1,1.0,0.0,-0.0003563190077751803,-0.0006015604106029326,nan,-0.0003563190077751803,-0.0006015604106029326,nan,0.7213699672976543,0.7213699672976543,0.0,0.0,0.0,nan,0
205,0.16800000000000012,0.45,,scientific,0,1,0.1664516129032258,1.0,0.0,-0.00035868405938871574,-0.0006035471896226148,nan,-0.00035868405938871574,-0.0006035471896226148,nan,0.7225781156249447,0.7225781156249447,0.0,0.0,0.0,nan,0,1,1.0,0.0,5.6437972936097446e-05,-0.0002559591015539126,nan,5.6437972936097446e-05,-0.0002559591015539126,nan,0.5522638930961452,0.5522638930961452,0.0,0.0,0.0,nan,0,1,1.0,0.0,-0.00035868405938871574,-0.0006035471896226148,nan,-0.00035868405938871574,-0.0006035471896226148,nan,0.7225781156249447,0.7225781156249447,0.0,0.0,0.0,nan,0
206,0.16900000000000012,0.45,,scientific,0,1,0.1664516129032258,1.0,0.0,-0.0003610472736288801,-0.0006055321088223532,nan,-0.0003610472736288801,-0.0006055321088223532,nan,0.7237860932889321,0.7237860932889321,0.0,0.0,0.0,nan,0,1,1.0,0.0,5.6437972936097446e-05,-0.0002559591015539126,nan,5.6437972936097446e-05,-0.0002559591015539126,nan,0.5522638930961452,0.5522638930961452,0.0,0.0,0.0,nan,0,1,1.0,0.0,-0.0003610472736288801,-0.0006055321088223532,nan,-0.0003610472736288801,-0.0006055321088223532,nan,0.7237860932889321,0.7237860932889321,0.0,0.0,0.0,nan,0
207,0.17000000000000012,0.45,,scientific,0,1,0.1664516129032258,1.0,0.0,-0.00036340865075985964,-0.0006075151619905536,nan,-0.00036340865075985964,-0.0006075151619905536,nan,0.724993900405399,0.724993900405399,0.0,0.0,0.0,nan,0,1,1.0,0.0,5.6437972936097446e-05,-0.0002559591015539126,nan,5.6437972936097446e-05,-0.0002559591015539126,nan,0.5522638930961452,0.5522638930961452,0.0,0.0,0.0,nan,0,1,1.0,0.0,-0.00036340865075985964,-0.0006075151619905536,nan,-0.00036340865075985964,-0.0006075151619905536,nan,0.724993900405399,0.724993900405399,0.0,0.0,0.0,nan,0
208,0.17100000000000012,0.45,,scientific,0,1,0.1664516129032258,1.0,0.0,-0.0003657681602513162,-0.0006094963821240702,nan,-0.0003657681602513162,-0.0006094963821240702,nan,0.7262015370842513,0.7262015370842513,0.0,0.0,0.0,nan,0,1,1.0,0.0,5.6437972936097446e-05,-0.0002559591015539126,nan,5.6437972936097446e-05,-0.0002559591015539126,nan,0.5522638930961452,0.5522638930961452,0.0,0.0,0.0,nan,0,1,1.0,0.0,-0.0003657681602513162,-0.0006094963821240702,nan,-0.0003657681602513162,-0.0006094963821240702,nan,0.7262015370842513,0.7262015370842513,0.0,0.0,0.0,nan,0
209,0.17200000000000013,0.45,,scientific,0,1,0.1664516129032258,1.0,0.0,-0.0010694717881671392,0.0001075263339603624,nan,-0.0010694717881671392,0.0001075263339603624,nan,0.7289332235985668,0.7289332235985668,0.0,0.0,0.0,nan,0,1,1.0,0.0,-0.000512268985611694,0.00032707589416524263,nan,-0.000512268985611694,0.00032707589416524263,nan,0.5533404308994638,0.5533404308994638,0.0,0.0,0.0,nan,0,1,1.0,0.0,-0.0010694717881671392,0.0001075263339603624,nan,-0.0010694717881671392,0.0001075263339603624,nan,0.7289332235985668,0.7289332235985668,0.0,0.0,0.0,nan,0
210,0.17300000000000013,0.45,,scientific,0,1,0.1664516129032258,1.0,0.0,-0.0010724860287437427,0.0001062235480533921,nan,-0.0010724860287437427,0.0001062235480533921,nan,0.7301432174075053,0.7301432174075053,0.0,0.0,0.0,nan,0,1,1.0,0.0,-0.000512268985611694,0.00032707589416524263,nan,-0.000512268985611694,0.00032707589416524263,nan,0.5533404308994638,0.5533404308994638,0.0,0.0,0.0,nan,0,1,1.0,0.0,-0.0010724860287437427,0.0001062235480533921,nan,-0.0010724860287437427,0.0001062235480533921,nan,0.7301432174075053,0.7301432174075053,0.0,0.0,0.0,nan,0
211,0.17400000000000013,0.45,,scientific,0,1,0.1664516129032258,1.0,0.0,-0.0010754979911704891,0.00010492212561250661,nan,-0.0010754979911704891,0.00010492212561250661,nan,0.7313530413803062,0.7313530413803062,0.0,0.0,0.0,nan,0,1,1.0,0.0,-0.000512268985611694,0.00032707589416524263,nan,-0.000512268985611694,0.00032707589416524263,nan,0.5533404308994638,0.5533404308994638,0.0,0.0,0.0,nan,0,1,1.0,0.0,-0.0010754979911704891,0.00010492212561250661,nan,-0.0010754979911704891,0.00010492212561250661,nan,0.7313530413803062,0.7313530413803062,0.0,0.0,0.0,nan,0
212,0.17500000000000013,0.45,,scientific,0,1,0.1664516129032258,1.0,0.0,-0.0010785076521405339,0.00010362205186932568,nan,-0.0010785076521405339,0.00010362205186932568,nan,0.7325626956394897,0.7325626956394897,0.0,0.0,0.0,nan,0,1,1.0,0.0,-0.000512268985611694,0.00032707589416524263,nan,-0.000512268985611694,0.00032707589416524263,nan,0.5533404308994638,0.5533404308994638,0.0,0.0,0.0,nan,0,1,1.0,0.0,-0.0010785076521405339,0.00010362205186932568,nan,-0.0010785076521405339,0.00010362205186932568,nan,0.7325626956394897,0.7325626956394897,0.0,0.0,0.0,nan,0
213,0.17600000000000013,0.45,,scientific,0,1,0.1664516129032258,1.0,0.0,-0.0010815150094661454,0.00010232331869720161,nan,-0.0010815150094661454,0.00010232331869720161,nan,0.7337721803169943,0.7337721803169943,0.0,0.0,0.0,nan,0,1,1.0,0.0,-0.000512268985611694,0.00032707589416524263,nan,-0.000512268985611694,0.00032707589416524263,nan,0.5533404308994638,0.5533404308994638,0.0,0.0,0.0,nan,0,1,1.0,0.0,-0.0010815150094661454,0.00010232331869720161,nan,-0.0010815150094661454,0.00010232331869720161,nan,0.7337721803169943,0.7337721803169943,0.0,0.0,0.0,nan,0
214,0.17700000000000013,0.45,,scientific,0,1,0.1664516129032258,1.0,0.0,-0.0010845200929411412,0.00010102593533773073,nan,-0.0010845200929411412,0.00010102593533773073,nan,0.7349814955561552,0.7349814955561552,0.0,0.0,0.0,nan,0,1,1.0,0.0,-0.000512268985611694,0.00032707589416524263,nan,-0.000512268985611694,0.00032707589416524263,nan,0.5533404308994638,0.5533404308994638,0.0,0.0,0.0,nan,0,1,1.0,0.0,-0.0010845200929411412,0.00010102593533773073,nan,-0.0010845200929411412,0.00010102593533773073,nan,0.7349814955561552,0.7349814955561552,0.0,0.0,0.0,nan,0
215,0.17800000000000013,0.45,,scientific,0,1,0.1664516129032258,1.0,0.0,-0.0010875229098093252,9.972988936619224e-05,nan,-0.0010875229098093252,9.972988936619224e-05,nan,0.7361906414947443,0.7361906414947443,0.0,0.0,0.0,nan,0,1,1.0,0.0,-0.000512268985611694,0.00032707589416524263,nan,-0.000512268985611694,0.00032707589416524263,nan,0.5533404308994638,0.5533404308994638,0.0,0.0,0.0,nan,0,1,1.0,0.0,-0.0010875229098093252,9.972988936619224e-05,nan,-0.0010875229098093252,9.972988936619224e-05,nan,0.7361906414947443,0.7361906414947443,0.0,0.0,0.0,nan,0
216,0.17900000000000013,0.45,,scientific,0,1,0.1664516129032258,1.0,0.0,-0.0010905234601620635,9.843518532148344e-05,nan,-0.0010905234601620635,9.843518532148344e-05,nan,0.7373996182434406,0.7373996182434406,0.0,0.0,0.0,nan,0,1,1.0,0.0,-0.000512268985611694,0.00032707589416524263,nan,-0.000512268985611694,0.00032707589416524263,nan,0.5533404308994638,0.5533404308994638,0.0,0.0,0.0,nan,0,1,1.0,0.0,-0.0010905234601620635,9.843518532148344e-05,nan,-0.0010905234601620635,9.843518532148344e-05,nan,0.7373996182434406,0.7373996182434406,0.0,0.0,0.0,nan,0
217,0.18000000000000013,0.45,,scientific,0,1,0.1664516129032258,1.0,0.0,-0.0010935217460351333,9.71418241470579e-05,nan,-0.0010935217460351333,9.71418241470579e-05,nan,0.7386084259336166,0.7386084259336166,0.0,0.0,0.0,nan,0,1,1.0,0.0,-0.000512268985611694,0.00032707589416524263,nan,-0.000512268985611694,0.00032707589416524263,nan,0.5533404308994638,0.5533404308994638,0.0,0.0,0.0,nan,0,1,1.0,0.0,-0.0010935217460351333,9.71418241470579e-05,nan,-0.0010935217460351333,9.71418241470579e-05,nan,0.7386084259336166,0.7386084259336166,0.0,0.0,0.0,nan,0
218,0.18100000000000013,0.45,,scientific,0,1,0.1664516129032258,1.0,0.0,-0.0010965177549525625,9.584980683763293e-05,nan,-0.0010965177549525625,9.584980683763293e-05,nan,0.739817064697016,0.739817064697016,0.0,0.0,0.0,nan,0,1,1.0,0.0,-0.000512268985611694,0.00032707589416524263,nan,-0.000512268985611694,0.00032707589416524263,nan,0.5533404308994638,0.5533404308994638,0.0,0.0,0.0,nan,0,1,1.0,0.0,-0.0010965177549525625,9.584980683763293e-05,nan,-0.0010965177549525625,9.584980683763293e-05,nan,0.739817064697016,0.739817064697016,0.0,0.0,0.0,nan,0
219,0.18200000000000013,0.45,,scientific,0,1,0.1664516129032258,1.0,0.0,-0.0010995115022126285,9.455913421511011e-05,nan,-0.0010995115022126285,9.455913421511011e-05,nan,0.7410255346845671,0.7410255346845671,0.0,0.0,0.0,nan,0,1,1.0,0.0,-0.000512268985611694,0.00032707589416524263,nan,-0.000512268985611694,0.00032707589416524263,nan,0.5533404308994638,0.5533404308994638,0.0,0.0,0.0,nan,0,1,1.0,0.0,-0.0010995115022126285,9.455913421511011e-05,nan,-0.0010995115022126285,9.455913421511011e-05,nan,0.7410255346845671,0.7410255346845671,0.0,0.0,0.0,nan,0
220,0.18300000000000013,0.45,,scientific,0,1,0.1664516129032258,1.0,0.0,-0.0021127522446532767,0.0001603014647929018,nan,-0.0021127522446532767,0.0001603014647929018,nan,0.7437877047749979,0.7437877047749979,0.0,0.0,0.0,nan,0,1,1.0,0.0,-0.0013232717043887572,0.0003808995512522185,nan,-0.0013232717043887572,0.0003808995512522185,nan,0.5544169687027825,0.5544169687027825,0.0,0.0,0.0,nan,0,1,1.0,0.0,-0.0021127522446532767,0.0001603014647929018,nan,-0.0021127522446532767,0.0001603014647929018,nan,0.7437877047749979,0.7437877047749979,0.0,0.0,0.0,nan,0
221,0.18400000000000014,0.45,,scientific,0,1,0.1664516129032258,1.0,0.0,-0.002116672759321689,0.00015907540133127106,nan,-0.002116672759321689,0.00015907540133127106,nan,0.7449985367959642,0.7449985367959642,0.0,0.0,0.0,nan,0,1,1.0,0.0,-0.0013232717043887572,0.0003808995512522185,nan,-0.0013232717043887572,0.0003808995512522185,nan,0.5544169687027825,0.5544169687027825,0.0,0.0,0.0,nan,0,1,1.0,0.0,-0.002116672759321689,0.00015907540133127106,nan,-0.002116672759321689,0.00015907540133127106,nan,0.7449985367959642,0.7449985367959642,0.0,0.0,0.0,nan,0
222,0.18500000000000014,0.45,,scientific,0,1,0.1664516129032258,1.0,0.0,-0.0021205904011802083,0.00015785063405243712,nan,-0.0021205904011802083,0.00015785063405243712,nan,0.7462092005994445,0.7462092005994445,0.0,0.0,0.0,nan,0,1,1.0,0.0,-0.0013232717043887572,0.0003808995512522185,nan,-0.0013232717043887572,0.0003808995512522185,nan,0.5544169687027825,0.5544169687027825,0.0,0.0,0.0,nan,0,1,1.0,0.0,-0.0021205904011802083,0.00015785063405243712,nan,-0.0021205904011802083,0.00015785063405243712,nan,0.7462092005994445,0.7462092005994445,0.0,0.0,0.0,nan,0
223,0.18600000000000014,0.45,,scientific,0,1,0.1664516129032258,1.0,0.0,-0.0021245051653272233,0.0001566271662611325,nan,-0.0021245051653272233,0.0001566271662611325,nan,0.7474196963285487,0.7474196963285487,0.0,0.0,0.0,nan,0,1,1.0,0.0,-0.0013232717043887572,0.0003808995512522185,nan,-0.0013232717043887572,0.0003808995512522185,nan,0.5544169687027825,0.5544169687027825,0.0,0.0,0.0,nan,0,1,1.0,0.0,-0.0021245051653272233,0.0001566271662611325,nan,-0.0021245051653272233,0.0001566271662611325,nan,0.7474196963285487,0.7474196963285487,0.0,0.0,0.0,nan,0
224,0.18700000000000014,0.45,,scientific,0,1,0.1664516129032258,1.0,0.0,-0.0021284170783701364,0.00015540497777667394,nan,-0.0021284170783701364,0.00015540497777667394,nan,0.7486300240966706,0.7486300240966706,0.0,0.0,0.0,nan,0,1,1.0,0.0,-0.0013232717043887572,0.0003808995512522185,nan,-0.0013232717043887572,0.0003808995512522185,nan,0.5544169687027825,0.5544169687027825,0.0,0.0,0.0,nan,0,1,1.0,0.0,-0.0021284170783701364,0.00015540497777667394,nan,-0.0021284170783701364,0.00015540497777667394,nan,0.7486300240966706,0.7486300240966706,0.0,0.0,0.0,nan,0
225,0.18800000000000014,0.45,,scientific,0,1,0.1664516129032258,1.0,0.0,-0.0021323261479234286,0.00015418406912464627,nan,-0.0021323261479234286,0.00015418406912464627,nan,0.7498401840354366,0.7498401840354366,0.0,0.0,0.0,nan,0,1,1.0,0.0,-0.0013232717043887572,0.0003808995512522185,nan,-0.0013232717043887572,0.0003808995512522185,nan,0.5544169687027825,0.5544169687027825,0.0,0.0,0.0,nan,0,1,1.0,0.0,-0.0021323261479234286,0.00015418406912464627,nan,-0.0021323261479234286,0.00015418406912464627,nan,0.7498401840354366,0.7498401840354366,0.0,0.0,0.0,nan,0
226,0.18900000000000014,0.45,,scientific,0,1,0.1664516129032258,1.0,0.0,-0.002136232386429618,0.00015296441282877283,nan,-0.002136232386429618,0.00015296441282877283,nan,0.7510501762683622,0.7510501762683622,0.0,0.0,0.0,nan,0,1,1.0,0.0,-0.0013232717043887572,0.0003808995512522185,nan,-0.0013232717043887572,0.0003808995512522185,nan,0.5544169687027825,0.5544169687027825,0.0,0.0,0.0,nan,0,1,1.0,0.0,-0.002136232386429618,0.00015296441282877283,nan,-0.002136232386429618,0.00015296441282877283,nan,0.7510501762683622,0.7510501762683622,0.0,0.0,0.0,nan,0
227,0.19000000000000014,0.45,,scientific,0,1,0.1664516129032258,1.0,0.0,-0.0021401357825764035,0.00015174600183850384,nan,-0.0021401357825764035,0.00015174600183850384,nan,0.7522600009139784,0.7522600009139784,0.0,0.0,0.0,nan,0,1,1.0,0.0,-0.0013232717043887572,0.0003808995512522185,nan,-0.0013232717043887572,0.0003808995512522185,nan,0.5544169687027825,0.5544169687027825,0.0,0.0,0.0,nan,0,1,1.0,0.0,-0.0021401357825764035,0.00015174600183850384,nan,-0.0021401357825764035,0.00015174600183850384,nan,0.7522600009139784,0.7522600009139784,0.0,0.0,0.0,nan,0
228,0.19100000000000014,0.45,,scientific,0,1,0.1664516129032258,1.0,0.0,-0.002148700061242134,0.0001609825566958927,nan,-0.002148700061242134,0.0001609825566958927,nan,0.7566277541003301,0.7566277541003301,0.0,0.0,0.0,nan,0,1,1.0,0.0,-0.0013285539819289794,0.00038004739016656816,nan,-0.0013285539819289794,0.00038004739016656816,nan,0.5565700443094008,0.5565700443094008,0.0,0.0,0.0,nan,0,1,1.0,0.0,-0.002148700061242134,0.0001609825566958927,nan,-0.002148700061242134,0.0001609825566958927,nan,0.7566277541003301,0.7566277541003301,0.0,0.0,0.0,nan,0
229,0.19200000000000014,0.45,,scientific,0,1,0.1664516129032258,1.0,0.0,-0.0021525981031646903,0.00015980015180376762,nan,-0.0021525981031646903,0.00015980015180376762,nan,0.7578426698296041,0.7578426698296041,0.0,0.0,0.0,nan,0,1,1.0,0.0,-0.0013285539819289794,0.00038004739016656816,nan,-0.0013285539819289794,0.00038004739016656816,nan,0.5565700443094008,0.5565700443094008,0.0,0.0,0.0,nan,0,1,1.0,0.0,-0.0021525981031646903,0.00015980015180376762,nan,-0.0021525981031646903,0.00015980015180376762,nan,0.7578426698296041,0.7578426698296041,0.0,0.0,0.0,nan,0
230,0.19300000000000014,0.45,,scientific,0,1,0.1664516129032258,1.0,0.0,-0.0021564933085080366,0.00015861901315782073,nan,-0.0021564933085080366,0.00015861901315782073,nan,0.7590574187953115,0.7590574187953115,0.0,0.0,0.0,nan,0,1,1.0,0.0,-0.0013285539819289794,0.00038004739016656816,nan,-0.0013285539819289794,0.00038004739016656816,nan,0.5565700443094008,0.5565700443094008,0.0,0.0,0.0,nan,0,1,1.0,0.0,-0.0021564933085080366,0.00015861901315782073,nan,-0.0021564933085080366,0.00015861901315782073,nan,0.7590574187953115,0.7590574187953115,0.0,0.0,0.0,nan,0
231,0.19400000000000014,0.45,,scientific,0,1,0.1664516129032258,1.0,0.0,-0.0021603856967441354,0.0001574391091235288,nan,-0.0021603856967441354,0.0001574391091235288,nan,0.7602720011496865,0.7602720011496865,0.0,0.0,0.0,nan,0,1,1.0,0.0,-0.0013285539819289794,0.00038004739016656816,nan,-0.0013285539819289794,0.00038004739016656816,nan,0.5565700443094008,0.5565700443094008,0.0,0.0,0.0,nan,0,1,1.0,0.0,-0.0021603856967441354,0.0001574391091235288,nan,-0.0021603856967441354,0.0001574391091235288,nan,0.7602720011496865,0.7602720011496865,0.0,0.0,0.0,nan,0
232,0.19500000000000015,0.45,,scientific,0,1,0.1664516129032258,1.0,0.0,-0.0021642752512003433,0.00015626045567027183,nan,-0.0021642752512003433,0.00015626045567027183,nan,0.7614864170038451,0.7614864170038451,0.0,0.0,0.0,nan,0,1,1.0,0.0,-0.0013285539819289794,0.00038004739016656816,nan,-0.0013285539819289794,0.00038004739016656816,nan,0.5565700443094008,0.5565700443094008,0.0,0.0,0.0,nan,0,1,1.0,0.0,-0.0021642752512003433,0.00015626045567027183,nan,-0.0021642752512003433,0.00015626045567027183,nan,0.7614864170038451,0.7614864170038451,0.0,0.0,0.0,nan,0
233,0.19600000000000015,0.45,,scientific,0,1,0.1664516129032258,1.0,0.0,-0.002168161989896089,0.00015508305875646736,nan,-0.002168161989896089,0.00015508305875646736,nan,0.7627006664696135,0.7627006664696135,0.0,0.0,0.0,nan,0,1,1.0,0.0,-0.0013285539819289794,0.00038004739016656816,nan,-0.0013285539819289794,0.00038004739016656816,nan,0.5565700443094008,0.5565700443094008,0.0,0.0,0.0,nan,0,1,1.0,0.0,-0.002168161989896089,0.00015508305875646736,nan,-0.002168161989896089,0.00015508305875646736,nan,0.7627006664696135,0.7627006664696135,0.0,0.0,0.0,nan,0
234,0.19700000000000015,0.45,,scientific,0,1,0.1664516129032258,1.0,0.0,-0.002172045929744636,0.00015390690664795952,nan,-0.002172045929744636,0.00015390690664795952,nan,0.7639147496821728,0.7639147496821728,0.0,0.0,0.0,nan,0,1,1.0,0.0,-0.0013285539819289794,0.00038004739016656816,nan,-0.0013285539819289794,0.00038004739016656816,nan,0.5565700443094008,0.5565700443094008,0.0,0.0,0.0,nan,0,1,1.0,0.0,-0.002172045929744636,0.00015390690664795952,nan,-0.002172045929744636,0.00015390690664795952,nan,0.7639147496821728,0.7639147496821728,0.0,0.0,0.0,nan,0
235,0.19800000000000015,0.45,,scientific,0,1,0.1664516129032258,1.0,0.0,-0.0021759270609601786,0.00015273201424122245,nan,-0.0021759270609601786,0.00015273201424122245,nan,0.7651286667489465,0.7651286667489465,0.0,0.0,0.0,nan,0,1,1.0,0.0,-0.0013285539819289794,0.00038004739016656816,nan,-0.0013285539819289794,0.00038004739016656816,nan,0.5565700443094008,0.5565700443094008,0.0,0.0,0.0,nan,0,1,1.0,0.0,-0.0021759270609601786,0.00015273201424122245,nan,-0.0021759270609601786,0.00015273201424122245,nan,0.7651286667489465,0.7651286667489465,0.0,0.0,0.0,nan,0
236,0.19900000000000015,0.45,,scientific,0,1,0.1664516129032258,1.0,0.0,-0.0021798053854999388,0.00015155838179080976,nan,-0.0021798053854999388,0.00015155838179080976,nan,0.7663424178000788,0.7663424178000788,0.0,0.0,0.0,nan,0,1,1.0,0.0,-0.0013285539819289794,0.00038004739016656816,nan,-0.0013285539819289794,0.00038004739016656816,nan,0.5565700443094008,0.5565700443094008,0.0,0.0,0.0,nan,0,1,1.0,0.0,-0.0021798053854999388,0.00015155838179080976,nan,-0.0021798053854999388,0.00015155838179080976,nan,0.7663424178000788,0.7663424178000788,0.0,0.0,0.0,nan,0
237,0.20000000000000015,0.45,,scientific,0,1,0.1664516129032258,1.0,0.0,-0.0021836809143840406,0.0001503860162848763,nan,-0.0021836809143840406,0.0001503860162848763,nan,0.7675560029835886,0.7675560029835886,0.0,0.0,0.0,nan,0,1,1.0,0.0,-0.0013285539819289794,0.00038004739016656816,nan,-0.0013285539819289794,0.00038004739016656816,nan,0.5565700443094008,0.5565700443094008,0.0,0.0,0.0,nan,0,1,1.0,0.0,-0.0021836809143840406,0.0001503860162848763,nan,-0.0021836809143840406,0.0001503860162848763,nan,0.7675560029835886,0.7675560029835886,0.0,0.0,0.0,nan,0
238,0.20100000000000015,0.45,,scientific,0,1,0.1664516129032258,1.0,0.0,-0.002187553659883339,0.0001492149197909767,nan,-0.002187553659883339,0.0001492149197909767,nan,0.7687694224282506,0.7687694224282506,0.0,0.0,0.0,nan,0,1,1.0,0.0,-0.0013285539819289794,0.00038004739016656816,nan,-0.0013285539819289794,0.00038004739016656816,nan,0.5565700443094008,0.5565700443094008,0.0,0.0,0.0,nan,0,1,1.0,0.0,-0.002187553659883339,0.0001492149197909767,nan,-0.002187553659883339,0.0001492149197909767,nan,0.7687694224282506,0.7687694224282506,0.0,0.0,0.0,nan,0
239,0.20200000000000015,0.45,,scientific,0,1,0.1664516129032258,1.0,0.0,-0.00219142361175162,0.00014804506174025489,nan,-0.00219142361175162,0.00014804506174025489,nan,0.7699826762444218,0.7699826762444218,0.0,0.0,0.0,nan,0,1,1.0,0.0,-0.0013285539819289794,0.00038004739016656816,nan,-0.0013285539819289794,0.00038004739016656816,nan,0.5565700443094008,0.5565700443094008,0.0,0.0,0.0,nan,0,1,1.0,0.0,-0.00219142361175162,0.00014804506174025489,nan,-0.00219142361175162,0.00014804506174025489,nan,0.7699826762444218,0.7699826762444218,0.0,0.0,0.0,nan,0
240,0.20300000000000015,0.45,,scientific,0,1,0.1664516129032258,1.0,0.0,-0.002618601091829127,0.0010808800224760217,nan,-0.002618601091829127,0.0010808800224760217,nan,0.7728021699922389,0.7728021699922389,0.0,0.0,0.0,nan,0,1,1.0,0.0,-0.0016628792431259538,0.0011171641326698186,nan,-0.0016628792431259538,0.0011171641326698186,nan,0.5576465821127194,0.5576465821127194,0.0,0.0,0.0,nan,0,1,1.0,0.0,-0.002618601091829127,0.0010808800224760217,nan,-0.002618601091829127,0.0010808800224760217,nan,0.7728021699922389,0.7728021699922389,0.0,0.0,0.0,nan,0
241,0.20400000000000015,0.45,,scientific,0,1,0.1664516129032258,1.0,0.0,-0.002622842016937175,0.001080545029785562,nan,-0.002622842016937175,0.001080545029785562,nan,0.7740177897290239,0.7740177897290239,0.0,0.0,0.0,nan,0,1,1.0,0.0,-0.0016628792431259538,0.0011171641326698186,nan,-0.0016628792431259538,0.0011171641326698186,nan,0.5576465821127194,0.5576465821127194,0.0,0.0,0.0,nan,0,1,1.0,0.0,-0.002622842016937175,0.001080545029785562,nan,-0.002622842016937175,0.001080545029785562,nan,0.7740177897290239,0.7740177897290239,0.0,0.0,0.0,nan,0
242,0.20500000000000015,0.45,,scientific,0,1,0.1664516129032258,1.0,0.0,-0.0026270799248523055,0.0010802107394655084,nan,-0.0026270799248523055,0.0010802107394655084,nan,0.7752332443800789,0.7752332443800789,0.0,0.0,0.0,nan,0,1,1.0,0.0,-0.0016628792431259538,0.0011171641326698186,nan,-0.0016628792431259538,0.0011171641326698186,nan,0.5576465821127194,0.5576465821127194,0.0,0.0,0.0,nan,0,1,1.0,0.0,-0.0026270799248523055,0.0010802107394655084,nan,-0.0026270799248523055,0.0010802107394655084,nan,0.7752332443800789,0.7752332443800789,0.0,0.0,0.0,nan,0
243,0.20600000000000016,0.45,,scientific,0,1,0.1664516129032258,1.0,0.0,-0.0026313147901698146,0.0010798771512277074,nan,-0.0026313147901698146,0.0010798771512277074,nan,0.7764485340833043,0.7764485340833043,0.0,0.0,0.0,nan,0,1,1.0,0.0,-0.0016628792431259538,0.0011171641326698186,nan,-0.0016628792431259538,0.0011171641326698186,nan,0.5576465821127194,0.5576465821127194,0.0,0.0,0.0,nan,0,1,1.0,0.0,-0.0026313147901698146,0.0010798771512277074,nan,-0.0026313147901698146,0.0010798771512277074,nan,0.7764485340833043,0.7764485340833043,0.0,0.0,0.0,nan,0
244,0.20700000000000016,0.45,,scientific,0,1,0.16709677419354838,1.0,0.0,-0.0026355466339377485,0.0010795442624874291,nan,-0.0026355466339377485,0.0010795442624874291,nan,0.7776636589501443,0.7776636589501443,0.0,0.0,0.0,nan,0,1,1.0,0.0,-0.0016628792431259538,0.0011171641326698186,nan,-0.0016628792431259538,0.0011171641326698186,nan,0.5576465821127194,0.5576465821127194,0.0,0.0,0.0,nan,0,1,1.0,0.0,-0.0026355466339377485,0.0010795442624874291,nan,-0.0026355466339377485,0.0010795442624874291,nan,0.7776636589501443,0.7776636589501443,0.0,0.0,0.0,nan,0
245,0.20800000000000016,0.45,,scientific,0,1,0.16709677419354838,1.0,0.0,-0.002639775478469803,0.0010792120658437271,nan,-0.002639775478469803,0.0010792120658437271,nan,0.7788786190974623,0.7788786190974623,0.0,0.0,0.0,nan,0,1,1.0,0.0,-0.0016628792431259538,0.0011171641326698186,nan,-0.0016628792431259538,0.0011171641326698186,nan,0.5576465821127194,0.5576465821127194,0.0,0.0,0.0,nan,0,1,1.0,0.0,-0.002639775478469803,0.0010792120658437271,nan,-0.002639775478469803,0.0010792120658437271,nan,0.7788786190974623,0.7788786190974623,0.0,0.0,0.0,nan,0
246,0.20900000000000016,0.45,,scientific,0,1,0.16709677419354838,1.0,0.0,-0.002644001326718393,0.0010788805528141629,nan,-0.002644001326718393,0.0010788805528141629,nan,0.7800934146588381,0.7800934146588381,0.0,0.0,0.0,nan,0,1,1.0,0.0,-0.0016628792431259538,0.0011171641326698186,nan,-0.0016628792431259538,0.0011171641326698186,nan,0.5576465821127194,0.5576465821127194,0.0,0.0,0.0,nan,0,1,1.0,0.0,-0.002644001326718393,0.0010788805528141629,nan,-0.002644001326718393,0.0010788805528141629,nan,0.7800934146588381,0.7800934146588381,0.0,0.0,0.0,nan,0
247,0.21000000000000016,0.45,,scientific,0,1,0.16709677419354838,1.0,0.0,-0.0026482241622934363,0.001078549729997846,nan,-0.0026482241622934363,0.001078549729997846,nan,0.7813080457835352,0.7813080457835352,0.0,0.0,0.0,nan,0,1,1.0,0.0,-0.0016628792431259538,0.0011171641326698186,nan,-0.0016628792431259538,0.0011171641326698186,nan,0.5576465821127194,0.5576465821127194,0.0,0.0,0.0,nan,0,1,1.0,0.0,-0.0026482241622934363,0.001078549729997846,nan,-0.0026482241622934363,0.001078549729997846,nan,0.7813080457835352,0.7813080457835352,0.0,0.0,0.0,nan,0
248,0.21100000000000016,0.45,,scientific,0,1,0.16774193548387098,1.0,0.0,-0.002652444024226632,0.0010782195924378397,nan,-0.002652444024226632,0.0010782195924378397,nan,0.782522512565123,0.782522512565123,0.0,0.0,0.0,nan,0,1,1.0,0.0,-0.0016628792431259538,0.0011171641326698186,nan,-0.0016628792431259538,0.0011171641326698186,nan,0.5576465821127194,0.5576465821127194,0.0,0.0,0.0,nan,0,1,1.0,0.0,-0.002652444024226632,0.0010782195924378397,nan,-0.002652444024226632,0.0010782195924378397,nan,0.782522512565123,0.782522512565123,0.0,0.0,0.0,nan,0
249,0.21200000000000016,0.45,,scientific,0,1,0.16774193548387098,1.0,0.0,-0.002656660935315318,0.0010778901295815427,nan,-0.002656660935315318,0.0010778901295815427,nan,0.7837368151277483,0.7837368151277483,0.0,0.0,0.0,nan,0,1,1.0,0.0,-0.0016628792431259538,0.0011171641326698186,nan,-0.0016628792431259538,0.0011171641326698186,nan,0.5576465821127194,0.5576465821127194,0.0,0.0,0.0,nan,0,1,1.0,0.0,-0.002656660935315318,0.0010778901295815427,nan,-0.002656660935315318,0.0010778901295815427,nan,0.7837368151277483,0.7837368151277483,0.0,0.0,0.0,nan,0
250,0.21300000000000016,0.45,,scientific,0,1,0.16774193548387098,1.0,0.0,-0.002660874891996118,0.001077561333898016,nan,-0.002660874891996118,0.001077561333898016,nan,0.7849509535899963,0.7849509535899963,0.0,0.0,0.0,nan,0,1,1.0,0.0,-0.0016628792431259538,0.0011171641326698186,nan,-0.0016628792431259538,0.0011171641326698186,nan,0.5576465821127194,0.5576465821127194,0.0,0.0,0.0,nan,0,1,1.0,0.0,-0.002660874891996118,0.001077561333898016,nan,-0.002660874891996118,0.001077561333898016,nan,0.7849509535899963,0.7849509535899963,0.0,0.0,0.0,nan,0
251,0.21400000000000016,0.45,,scientific,0,1,0.16774193548387098,1.0,0.0,-0.0026650859062483847,0.0010772332317076033,nan,-0.0026650859062483847,0.0010772332317076033,nan,0.7861649280815541,0.7861649280815541,0.0,0.0,0.0,nan,0,1,1.0,0.0,-0.0016628792431259538,0.0011171641326698186,nan,-0.0016628792431259538,0.0011171641326698186,nan,0.5576465821127194,0.5576465821127194,0.0,0.0,0.0,nan,0,1,1.0,0.0,-0.0026650859062483847,0.0010772332317076033,nan,-0.0026650859062483847,0.0010772332317076033,nan,0.7861649280815541,0.7861649280815541,0.0,0.0,0.0,nan,0
252,0.21500000000000016,0.45,,scientific,0,1,0.16774193548387098,1.0,0.0,-0.002669293954611379,0.0010769058256691044,nan,-0.002669293954611379,0.0010769058256691044,nan,0.7873787387273865,0.7873787387273865,0.0,0.0,0.0,nan,0,1,1.0,0.0,-0.0016628792431259538,0.0011171641326698186,nan,-0.0016628792431259538,0.0011171641326698186,nan,0.5576465821127194,0.5576465821127194,0.0,0.0,0.0,nan,0,1,1.0,0.0,-0.002669293954611379,0.0010769058256691044,nan,-0.002669293954611379,0.0010769058256691044,nan,0.7873787387273865,0.7873787387273865,0.0,0.0,0.0,nan,0
253,0.21600000000000016,0.45,,scientific,0,1,0.16774193548387098,1.0,0.0,-0.0026734990346225815,0.0010765791258716228,nan,-0.0026734990346225815,0.0010765791258716228,nan,0.7885923856531856,0.7885923856531856,0.0,0.0,0.0,nan,0,1,1.0,0.0,-0.0016628792431259538,0.0011171641326698186,nan,-0.0016628792431259538,0.0011171641326698186,nan,0.5576465821127194,0.5576465821127194,0.0,0.0,0.0,nan,0,1,1.0,0.0,-0.0026734990346225815,0.0010765791258716228,nan,-0.0026734990346225815,0.0010765791258716228,nan,0.7885923856531856,0.7885923856531856,0.0,0.0,0.0,nan,0
254,0.21700000000000016,0.45,,scientific,0,1,0.16774193548387098,1.0,0.0,-0.0026777011505336903,0.0010762530934819452,nan,-0.0026777011505336903,0.0010762530934819452,nan,0.7898058689620557,0.7898058689620557,0.0,0.0,0.0,nan,0,1,1.0,0.0,-0.0016628792431259538,0.0011171641326698186,nan,-0.0016628792431259538,0.0011171641326698186,nan,0.5576465821127194,0.5576465821127194,0.0,0.0,0.0,nan,0,1,1.0,0.0,-0.0026777011505336903,0.0010762530934819452,nan,-0.0026777011505336903,0.0010762530934819452,nan,0.7898058689620557,0.7898058689620557,0.0,0.0,0.0,nan,0
255,0.21800000000000017,0.45,,scientific,0,1,0.16774193548387098,1.0,0.0,-0.00268190034202027,0.0010759277056561448,nan,-0.00268190034202027,0.0010759277056561448,nan,0.7910191887653137,0.7910191887653137,0.0,0.0,0.0,nan,0,1,1.0,0.0,-0.0016628792431259538,0.0011171641326698186,nan,-0.0016628792431259538,0.0011171641326698186,nan,0.5576465821127194,0.5576465821127194,0.0,0.0,0.0,nan,0,1,1.0,0.0,-0.00268190034202027,0.0010759277056561448,nan,-0.00268190034202027,0.0010759277056561448,nan,0.7910191887653137,0.7910191887653137,0.0,0.0,0.0,nan,0
256,0.21900000000000017,0.45,,scientific,0,1,0.16774193548387098,1.0,0.0,-0.002686096613281945,0.0010756029737786202,nan,-0.002686096613281945,0.0010756029737786202,nan,0.7922323451661417,0.7922323451661417,0.0,0.0,0.0,nan,0,1,1.0,0.0,-0.0016628792431259538,0.0011171641326698186,nan,-0.0016628792431259538,0.0011171641326698186,nan,0.5576465821127194,0.5576465821127194,0.0,0.0,0.0,nan,0,1,1.0,0.0,-0.002686096613281945,0.0010756029737786202,nan,-0.002686096613281945,0.0010756029737786202,nan,0.7922323451661417,0.7922323451661417,0.0,0.0,0.0,nan,0
257,0.22000000000000017,0.45,,scientific,0,1,0.16774193548387098,1.0,0.0,-0.002690289972843319,0.0010752788980081423,nan,-0.002690289972843319,0.0010752788980081423,nan,0.793445338294577,0.793445338294577,0.0,0.0,0.0,nan,0,1,1.0,0.0,-0.0016628792431259538,0.0011171641326698186,nan,-0.0016628792431259538,0.0011171641326698186,nan,0.5576465821127194,0.5576465821127194,0.0,0.0,0.0,nan,0,1,1.0,0.0,-0.002690289972843319,0.0010752788980081423,nan,-0.002690289972843319,0.0010752788980081423,nan,0.793445338294577,0.793445338294577,0.0,0.0,0.0,nan,0
258,0.22100000000000017,0.45,,scientific,0,1,0.16774193548387098,1.0,0.0,-0.002694480415421089,0.0010749554632816633,nan,-0.002694480415421089,0.0010749554632816633,nan,0.794658168284387,0.794658168284387,0.0,0.0,0.0,nan,0,1,1.0,0.0,-0.0016628792431259538,0.0011171641326698186,nan,-0.0016628792431259538,0.0011171641326698186,nan,0.5576465821127194,0.5576465821127194,0.0,0.0,0.0,nan,0,1,1.0,0.0,-0.002694480415421089,0.0010749554632816633,nan,-0.002694480415421089,0.0010749554632816633,nan,0.794658168284387,0.794658168284387,0.0,0.0,0.0,nan,0
259,0.22200000000000017,0.45,,scientific,0,1,0.16774193548387098,1.0,0.0,-0.002698667931064567,0.0010746326772079627,nan,-0.002698667931064567,0.0010746326772079627,nan,0.795870835271745,0.795870835271745,0.0,0.0,0.0,nan,0,1,1.0,0.0,-0.0016628792431259538,0.0011171641326698186,nan,-0.0016628792431259538,0.0011171641326698186,nan,0.5576465821127194,0.5576465821127194,0.0,0.0,0.0,nan,0,1,1.0,0.0,-0.002698667931064567,0.0010746326772079627,nan,-0.002698667931064567,0.0010746326772079627,nan,0.795870835271745,0.795870835271745,0.0,0.0,0.0,nan,0
260,0.22300000000000017,0.45,,scientific,0,1,0.16774193548387098,1.0,0.0,-0.002702852537145581,0.001074310534606359,nan,-0.002702852537145581,0.001074310534606359,nan,0.7970833393652601,0.7970833393652601,0.0,0.0,0.0,nan,0,1,1.0,0.0,-0.0016628792431259538,0.0011171641326698186,nan,-0.0016628792431259538,0.0011171641326698186,nan,0.5576465821127194,0.5576465821127194,0.0,0.0,0.0,nan,0,1,1.0,0.0,-0.002702852537145581,0.001074310534606359,nan,-0.002702852537145581,0.001074310534606359,nan,0.7970833393652601,0.7970833393652601,0.0,0.0,0.0,nan,0
261,0.22400000000000017,0.45,,scientific,0,1,0.16774193548387098,1.0,0.0,-0.002707034243362377,0.0010739890439125062,nan,-0.002707034243362377,0.0010739890439125062,nan,0.798295680666292,0.798295680666292,0.0,0.0,0.0,nan,0,1,1.0,0.0,-0.0016628792431259538,0.0011171641326698186,nan,-0.0016628792431259538,0.0011171641326698186,nan,0.5576465821127194,0.5576465821127194,0.0,0.0,0.0,nan,0,1,1.0,0.0,-0.002707034243362377,0.0010739890439125062,nan,-0.002707034243362377,0.0010739890439125062,nan,0.798295680666292,0.798295680666292,0.0,0.0,0.0,nan,0
262,0.22500000000000017,0.45,,scientific,0,1,0.16774193548387098,1.0,0.0,-0.003430381328637882,0.00029913779649149086,nan,-0.003430381328637882,0.00029913779649149086,nan,0.8011887355026943,0.8011887355026943,0.0,0.0,0.0,nan,0,1,1.0,0.0,-0.0022147652860590996,0.0005231974054957095,nan,-0.0022147652860590996,0.0005231974054957095,nan,0.5587231199160381,0.5587231199160381,0.0,0.0,0.0,nan,0,1,1.0,0.0,-0.003430381328637882,0.00029913779649149086,nan,-0.003430381328637882,0.00029913779649149086,nan,0.8011887355026943,0.8011887355026943,0.0,0.0,0.0,nan,0
263,0.22600000000000017,0.45,,scientific,0,1,0.16774193548387098,1.0,0.0,-0.004436712952543955,9.998265774686086e-06,nan,-0.004436712952543955,9.998265774686086e-06,nan,0.8040714219377084,0.8040714219377084,0.0,0.0,0.0,nan,0,1,1.0,0.0,-0.002990048195918782,0.0003004231978556187,nan,-0.002990048195918782,0.0003004231978556187,nan,0.5597996577193567,0.5597996577193567,0.0,0.0,0.0,nan,0,1,1.0,0.0,-0.004436712952543955,9.998265774686086e-06,nan,-0.004436712952543955,9.998265774686086e-06,nan,0.8040714219377084,0.8040714219377084,0.0,0.0,0.0,nan,0
264,0.22700000000000017,0.45,,scientific,0,1,0.16774193548387098,1.0,0.0,-0.0044423779859428915,8.749614958665728e-06,nan,-0.0044423779859428915,8.749614958665728e-06,nan,0.8052887273639224,0.8052887273639224,0.0,0.0,0.0,nan,0,1,1.0,0.0,-0.002990048195918782,0.0003004231978556187,nan,-0.002990048195918782,0.0003004231978556187,nan,0.5597996577193567,0.5597996577193567,0.0,0.0,0.0,nan,0,1,1.0,0.0,-0.0044423779859428915,8.749614958665728e-06,nan,-0.0044423779859428915,8.749614958665728e-06,nan,0.8052887273639224,0.8052887273639224,0.0,0.0,0.0,nan,0
265,0.22800000000000017,0.45,,scientific,0,1,0.16774193548387098,1.0,0.0,-0.0044480392690326425,7.502131450415704e-06,nan,-0.0044480392690326425,7.502131450415704e-06,nan,0.8065058709321736,0.8065058709321736,0.0,0.0,0.0,nan,0,1,1.0,0.0,-0.002990048195918782,0.0003004231978556187,nan,-0.002990048195918782,0.0003004231978556187,nan,0.5597996577193567,0.5597996577193567,0.0,0.0,0.0,nan,0,1,1.0,0.0,-0.0044480392690326425,7.502131450415704e-06,nan,-0.0044480392690326425,7.502131450415704e-06,nan,0.8065058709321736,0.8065058709321736,0.0,0.0,0.0,nan,0
266,0.22900000000000018,0.45,,scientific,0,1,0.16774193548387098,1.0,0.0,-0.004453696811352262,6.255832251635031e-06,nan,-0.004453696811352262,6.255832251635031e-06,nan,0.8077228527502005,0.8077228527502005,0.0,0.0,0.0,nan,0,1,1.0,0.0,-0.002990048195918782,0.0003004231978556187,nan,-0.002990048195918782,0.0003004231978556187,nan,0.5597996577193567,0.5597996577193567,0.0,0.0,0.0,nan,0,1,1.0,0.0,-0.004453696811352262,6.255832251635031e-06,nan,-0.004453696811352262,6.255832251635031e-06,nan,0.8077228527502005,0.8077228527502005,0.0,0.0,0.0,nan,0
267,0.23000000000000018,0.45,,scientific,0,1,0.16774193548387098,1.0,0.0,-0.004459350614003957,5.010722254716806e-06,nan,-0.004459350614003957,5.010722254716806e-06,nan,0.8089396729403591,0.8089396729403591,0.0,0.0,0.0,nan,0,1,1.0,0.0,-0.002990048195918782,0.0003004231978556187,nan,-0.002990048195918782,0.0003004231978556187,nan,0.5597996577193567,0.5597996577193567,0.0,0.0,0.0,nan,0,1,1.0,0.0,-0.004459350614003957,5.010722254716806e-06,nan,-0.004459350614003957,5.010722254716806e-06,nan,0.8089396729403591,0.8089396729403591,0.0,0.0,0.0,nan,0
268,0.23100000000000018,0.45,,scientific,0,1,0.16774193548387098,1.0,0.0,-0.0044650006796705085,3.7667889765585796e-06,nan,-0.0044650006796705085,3.7667889765585796e-06,nan,0.8101563316215448,0.8101563316215448,0.0,0.0,0.0,nan,0,1,1.0,0.0,-0.002990048195918782,0.0003004231978556187,nan,-0.002990048195918782,0.0003004231978556187,nan,0.5597996577193567,0.5597996577193567,0.0,0.0,0.0,nan,0,1,1.0,0.0,-0.0044650006796705085,3.7667889765585796e-06,nan,-0.0044650006796705085,3.7667889765585796e-06,nan,0.8101563316215448,0.8101563316215448,0.0,0.0,0.0,nan,0
269,0.23200000000000018,0.45,,scientific,0,1,0.16774193548387098,1.0,0.0,-0.00447064702139923,2.5240242560608155e-06,nan,-0.00447064702139923,2.5240242560608155e-06,nan,0.8113728289088866,0.8113728289088866,0.0,0.0,0.0,nan,0,1,1.0,0.0,-0.002990048195918782,0.0003004231978556187,nan,-0.002990048195918782,0.0003004231978556187,nan,0.5597996577193567,0.5597996577193567,0.0,0.0,0.0,nan,0,1,1.0,0.0,-0.00447064702139923,2.5240242560608155e-06,nan,-0.00447064702139923,2.5240242560608155e-06,nan,0.8113728289088866,0.8113728289088866,0.0,0.0,0.0,nan,0
270,0.23300000000000018,0.45,,scientific,0,1,0.16838709677419356,1.0,0.0,-0.004476289632435075,1.28241902570426e-06,nan,-0.004476289632435075,1.28241902570426e-06,nan,0.8125891649148034,0.8125891649148034,0.0,0.0,0.0,nan,0,1,1.0,0.0,-0.002990048195918782,0.0003004231978556187,nan,-0.002990048195918782,0.0003004231978556187,nan,0.5597996577193567,0.5597996577193567,0.0,0.0,0.0,nan,0,1,1.0,0.0,-0.004476289632435075,1.28241902570426e-06,nan,-0.004476289632435075,1.28241902570426e-06,nan,0.8125891649148034,0.8125891649148034,0.0,0.0,0.0,nan,0
271,0.23400000000000018,0.45,,scientific,0,1,0.16838709677419356,1.0,0.0,-0.0044819285180734535,4.1966611708488135e-08,nan,-0.0044819285180734535,4.1966611708488135e-08,nan,0.8138053397635836,0.8138053397635836,0.0,0.0,0.0,nan,0,1,1.0,0.0,-0.002990048195918782,0.0003004231978556187,nan,-0.002990048195918782,0.0003004231978556187,nan,0.5597996577193567,0.5597996577193567,0.0,0.0,0.0,nan,0,1,1.0,0.0,-0.0044819285180734535,4.1966611708488135e-08,nan,-0.0044819285180734535,4.1966611708488135e-08,nan,0.8138053397635836,0.8138053397635836,0.0,0.0,0.0,nan,0
272,0.23500000000000018,0.45,,scientific,0,1,0.16838709677419356,1.0,0.0,-0.004487563694562431,-1.197345092415341e-06,nan,-0.004487563694562431,-1.197345092415341e-06,nan,0.8150213535905315,0.8150213535905315,0.0,0.0,0.0,nan,0,1,1.0,0.0,-0.002990048195918782,0.0003004231978556187,nan,-0.002990048195918782,0.0003004231978556187,nan,0.5597996577193567,0.5597996577193567,0.0,0.0,0.0,nan,0,1,1.0,0.0,-0.004487563694562431,-1.197345092415341e-06,nan,-0.004487563694562431,-1.197345092415341e-06,nan,0.8150213535905315,0.8150213535905315,0.0,0.0,0.0,nan,0
273,0.23600000000000018,0.45,,scientific,0,1,0.16838709677419356,1.0,0.0,-0.004493195156690354,-2.4355108680291395e-06,nan,-0.004493195156690354,-2.4355108680291395e-06,nan,0.8162372065154014,0.8162372065154014,0.0,0.0,0.0,nan,0,1,1.0,0.0,-0.002990048195918782,0.0003004231978556187,nan,-0.002990048195918782,0.0003004231978556187,nan,0.5597996577193567,0.5597996577193567,0.0,0.0,0.0,nan,0,1,1.0,0.0,-0.004493195156690354,-2.4355108680291395e-06,nan,-0.004493195156690354,-2.4355108680291395e-06,nan,0.8162372065154014,0.8162372065154014,0.0,0.0,0.0,nan,0
274,0.23700000000000018,0.45,,scientific,0,1,0.16838709677419356,1.0,0.0,-0.004498822900368407,-3.6725066462414727e-06,nan,-0.004498822900368407,-3.6725066462414727e-06,nan,0.8174528986457932,0.8174528986457932,0.0,0.0,0.0,nan,0,1,1.0,0.0,-0.002990048195918782,0.0003004231978556187,nan,-0.002990048195918782,0.0003004231978556187,nan,0.5597996577193567,0.5597996577193567,0.0,0.0,0.0,nan,0,1,1.0,0.0,-0.004498822900368407,-3.6725066462414727e-06,nan,-0.004498822900368407,-3.6725066462414727e-06,nan,0.8174528986457932,0.8174528986457932,0.0,0.0,0.0,nan,0
275,0.23800000000000018,0.45,,scientific,0,1,0.16838709677419356,1.0,0.0,-0.004504446943788477,-4.9083551555703144e-06,nan,-0.004504446943788477,-4.9083551555703144e-06,nan,0.8186684300774114,0.8186684300774114,0.0,0.0,0.0,nan,0,1,1.0,0.0,-0.002990048195918782,0.0003004231978556187,nan,-0.002990048195918782,0.0003004231978556187,nan,0.5597996577193567,0.5597996577193567,0.0,0.0,0.0,nan,0,1,1.0,0.0,-0.004504446943788477,-4.9083551555703144e-06,nan,-0.004504446943788477,-4.9083551555703144e-06,nan,0.8186684300774114,0.8186684300774114,0.0,0.0,0.0,nan,0
276,0.23900000000000018,0.45,,scientific,0,1,0.16838709677419356,1.0,0.0,-0.00451006730330182,-6.1430624219795306e-06,nan,-0.00451006730330182,-6.1430624219795306e-06,nan,0.8198838009382095,0.8198838009382095,0.0,0.0,0.0,nan,0,1,1.0,0.0,-0.002990048195918782,0.0003004231978556187,nan,-0.002990048195918782,0.0003004231978556187,nan,0.5597996577193567,0.5597996577193567,0.0,0.0,0.0,nan,0,1,1.0,0.0,-0.00451006730330182,-6.1430624219795306e-06,nan,-0.00451006730330182,-6.1430624219795306e-06,nan,0.8198838009382095,0.8198838009382095,0.0,0.0,0.0,nan,0
277,0.24000000000000019,0.45,,scientific,0,1,0.16838709677419356,1.0,0.0,-0.004515683997598062,-7.37662860944291e-06,nan,-0.004515683997598062,-7.37662860944291e-06,nan,0.821099011356201,0.821099011356201,0.0,0.0,0.0,nan,0,1,1.0,0.0,-0.002990048195918782,0.0003004231978556187,nan,-0.002990048195918782,0.0003004231978556187,nan,0.5597996577193567,0.5597996577193567,0.0,0.0,0.0,nan,0,1,1.0,0.0,-0.004515683997598062,-7.37662860944291e-06,nan,-0.004515683997598062,-7.37662860944291e-06,nan,0.821099011356201,0.821099011356201,0.0,0.0,0.0,nan,0
278,0.2410000000000002,0.45,,scientific,0,1,0.16838709677419356,1.0,0.0,-0.004521297011406875,-8.609048274944472e-06,nan,-0.004521297011406875,-8.609048274944472e-06,nan,0.8223140614345578,0.8223140614345578,0.0,0.0,0.0,nan,0,1,1.0,0.0,-0.002990048195918782,0.0003004231978556187,nan,-0.002990048195918782,0.0003004231978556187,nan,0.5597996577193567,0.5597996577193567,0.0,0.0,0.0,nan,0,1,1.0,0.0,-0.004521297011406875,-8.609048274944472e-06,nan,-0.004521297011406875,-8.609048274944472e-06,nan,0.8223140614345578,0.8223140614345578,0.0,0.0,0.0,nan,0
279,0.2420000000000002,0.45,,scientific,0,1,0.16838709677419356,1.0,0.0,-0.004526906356311938,-9.840344266108907e-06,nan,-0.004526906356311938,-9.840344266108907e-06,nan,0.8235289512737232,0.8235289512737232,0.0,0.0,0.0,nan,0,1,1.0,0.0,-0.002990048195918782,0.0003004231978556187,nan,-0.002990048195918782,0.0003004231978556187,nan,0.5597996577193567,0.5597996577193567,0.0,0.0,0.0,nan,0,1,1.0,0.0,-0.004526906356311938,-9.840344266108907e-06,nan,-0.004526906356311938,-9.840344266108907e-06,nan,0.8235289512737232,0.8235289512737232,0.0,0.0,0.0,nan,0
280,0.2430000000000002,0.45,,scientific,0,1,0.16838709677419356,1.0,0.0,-0.00453251203411165,-1.1070510272208121e-05,nan,-0.00453251203411165,-1.1070510272208121e-05,nan,0.8247436810058105,0.8247436810058105,0.0,0.0,0.0,nan,0,1,1.0,0.0,-0.002990048195918782,0.0003004231978556187,nan,-0.002990048195918782,0.0003004231978556187,nan,0.5597996577193567,0.5597996577193567,0.0,0.0,0.0,nan,0,1,1.0,0.0,-0.00453251203411165,-1.1070510272208121e-05,nan,-0.00453251203411165,-1.1070510272208121e-05,nan,0.8247436810058105,0.8247436810058105,0.0,0.0,0.0,nan,0
281,0.2440000000000002,0.45,,scientific,0,1,0.16838709677419356,1.0,0.0,-0.004538114058045361,-1.229955633366607e-05,nan,-0.004538114058045361,-1.229955633366607e-05,nan,0.8259582507383549,0.8259582507383549,0.0,0.0,0.0,nan,0,1,1.0,0.0,-0.002990048195918782,0.0003004231978556187,nan,-0.002990048195918782,0.0003004231978556187,nan,0.5597996577193567,0.5597996577193567,0.0,0.0,0.0,nan,0,1,1.0,0.0,-0.004538114058045361,-1.229955633366607e-05,nan,-0.004538114058045361,-1.229955633366607e-05,nan,0.8259582507383549,0.8259582507383549,0.0,0.0,0.0,nan,0
282,0.2450000000000002,0.45,,scientific,0,1,0.16838709677419356,1.0,0.0,-0.004543712436774554,-1.3527487247571352e-05,nan,-0.004543712436774554,-1.3527487247571352e-05,nan,0.8271726605889869,0.8271726605889869,0.0,0.0,0.0,nan,0,1,1.0,0.0,-0.002990048195918782,0.0003004231978556187,nan,-0.002990048195918782,0.0003004231978556187,nan,0.5597996577193567,0.5597996577193567,0.0,0.0,0.0,nan,0,1,1.0,0.0,-0.004543712436774554,-1.3527487247571352e-05,nan,-0.004543712436774554,-1.3527487247571352e-05,nan,0.8271726605889869,0.8271726605889869,0.0,0.0,0.0,nan,0
283,0.2460000000000002,0.45,,scientific,0,1,0.16838709677419356,1.0,0.0,-0.004549307183722153,-1.4754313671488807e-05,nan,-0.004549307183722153,-1.4754313671488807e-05,nan,0.8283869106794597,0.8283869106794597,0.0,0.0,0.0,nan,0,1,1.0,0.0,-0.002990048195918782,0.0003004231978556187,nan,-0.002990048195918782,0.0003004231978556187,nan,0.5597996577193567,0.5597996577193567,0.0,0.0,0.0,nan,0,1,1.0,0.0,-0.004549307183722153,-1.4754313671488807e-05,nan,-0.004549307183722153,-1.4754313671488807e-05,nan,0.8283869106794597,0.8283869106794597,0.0,0.0,0.0,nan,0
284,0.2470000000000002,0.45,,scientific,0,1,0.16838709677419356,1.0,0.0,-0.004554898289352818,-1.5980022352390564e-05,nan,-0.004554898289352818,-1.5980022352390564e-05,nan,0.8296010011443453,0.8296010011443453,0.0,0.0,0.0,nan,0,1,1.0,0.0,-0.002990048195918782,0.0003004231978556187,nan,-0.002990048195918782,0.0003004231978556187,nan,0.5597996577193567,0.5597996577193567,0.0,0.0,0.0,nan,0,1,1.0,0.0,-0.004554898289352818,-1.5980022352390564e-05,nan,-0.004554898289352818,-1.5980022352390564e-05,nan,0.8296010011443453,0.8296010011443453,0.0,0.0,0.0,nan,0
285,0.2480000000000002,0.45,,scientific,0,1,0.16838709677419356,1.0,0.0,-0.004560485783348715,-1.7204646942516248e-05,nan,-0.004560485783348715,-1.7204646942516248e-05,nan,0.8308149320749807,0.8308149320749807,0.0,0.0,0.0,nan,0,1,1.0,0.0,-0.002990048195918782,0.0003004231978556187,nan,-0.002990048195918782,0.0003004231978556187,nan,0.5597996577193567,0.5597996577193567,0.0,0.0,0.0,nan,0,1,1.0,0.0,-0.004560485783348715,-1.7204646942516248e-05,nan,-0.004560485783348715,-1.7204646942516248e-05,nan,0.8308149320749807,0.8308149320749807,0.0,0.0,0.0,nan,0
286,0.2490000000000002,0.45,,scientific,0,1,0.16838709677419356,1.0,0.0,-0.004566069666721594,-1.842820217672975e-05,nan,-0.004566069666721594,-1.842820217672975e-05,nan,0.8320287035811571,0.8320287035811571,0.0,0.0,0.0,nan,0,1,1.0,0.0,-0.002990048195918782,0.0003004231978556187,nan,-0.002990048195918782,0.0003004231978556187,nan,0.5597996577193567,0.5597996577193567,0.0,0.0,0.0,nan,0,1,1.0,0.0,-0.004566069666721594,-1.842820217672975e-05,nan,-0.004566069666721594,-1.842820217672975e-05,nan,0.8320287035811571,0.8320287035811571,0.0,0.0,0.0,nan,0
287,0.25000000000000017,0.45,,scientific,0,1,0.16838709677419356,1.0,0.0,-0.004571649940492573,-1.9650669976302033e-05,nan,-0.004571649940492573,-1.9650669976302033e-05,nan,0.8332423157650674,0.8332423157650674,0.0,0.0,0.0,nan,0,1,1.0,0.0,-0.002990048195918782,0.0003004231978556187,nan,-0.002990048195918782,0.0003004231978556187,nan,0.5597996577193567,0.5597996577193567,0.0,0.0,0.0,nan,0,1,1.0,0.0,-0.004571649940492573,-1.9650669976302033e-05,nan,-0.004571649940492573,-1.9650669976302033e-05,nan,0.8332423157650674,0.8332423157650674,0.0,0.0,0.0,nan,0
288,0.25100000000000017,0.45,,scientific,0,1,0.16838709677419356,1.0,0.0,-0.004577226618960953,-2.08720541730786e-05,nan,-0.004577226618960953,-2.08720541730786e-05,nan,0.8344557687524654,0.8344557687524654,0.0,0.0,0.0,nan,0,1,1.0,0.0,-0.002990048195918782,0.0003004231978556187,nan,-0.002990048195918782,0.0003004231978556187,nan,0.5597996577193567,0.5597996577193567,0.0,0.0,0.0,nan,0,1,1.0,0.0,-0.004577226618960953,-2.08720541730786e-05,nan,-0.004577226618960953,-2.08720541730786e-05,nan,0.8344557687524654,0.8344557687524654,0.0,0.0,0.0,nan,0
289,0.25200000000000017,0.45,,scientific,0,1,0.16838709677419356,1.0,0.0,-0.004582799702691753,-2.2092357814116384e-05,nan,-0.004582799702691753,-2.2092357814116384e-05,nan,0.8356690626617216,0.8356690626617216,0.0,0.0,0.0,nan,0,1,1.0,0.0,-0.002990048195918782,0.0003004231978556187,nan,-0.002990048195918782,0.0003004231978556187,nan,0.5597996577193567,0.5597996577193567,0.0,0.0,0.0,nan,0,1,1.0,0.0,-0.004582799702691753,-2.2092357814116384e-05,nan,-0.004582799702691753,-2.2092357814116384e-05,nan,0.8356690626617216,0.8356690626617216,0.0,0.0,0.0,nan,0
290,0.25300000000000017,0.45,,scientific,0,1,0.16838709677419356,1.0,0.0,-0.004588369194583943,-2.3311580596391806e-05,nan,-0.004588369194583943,-2.3311580596391806e-05,nan,0.8368821976103283,0.8368821976103283,0.0,0.0,0.0,nan,0,1,1.0,0.0,-0.002990048195918782,0.0003004231978556187,nan,-0.002990048195918782,0.0003004231978556187,nan,0.5597996577193567,0.5597996577193567,0.0,0.0,0.0,nan,0,1,1.0,0.0,-0.004588369194583943,-2.3311580596391806e-05,nan,-0.004588369194583943,-2.3311580596391806e-05,nan,0.8368821976103283,0.8368821976103283,0.0,0.0,0.0,nan,0
291,0.25400000000000017,0.45,,scientific,0,1,0.16903225806451613,1.0,0.0,-0.004593935101105846,-2.4529735781524404e-05,nan,-0.004593935101105846,-2.4529735781524404e-05,nan,0.8380951737356231,0.8380951737356231,0.0,0.0,0.0,nan,0,1,1.0,0.0,-0.002990048195918782,0.0003004231978556187,nan,-0.002990048195918782,0.0003004231978556187,nan,0.5597996577193567,0.5597996577193567,0.0,0.0,0.0,nan,0,1,1.0,0.0,-0.004593935101105846,-2.4529735781524404e-05,nan,-0.004593935101105846,-2.4529735781524404e-05,nan,0.8380951737356231,0.8380951737356231,0.0,0.0,0.0,nan,0
292,0.25500000000000017,0.45,,scientific,0,1,0.16903225806451613,1.0,0.0,-0.004599497436075103,-2.574680546876976e-05,nan,-0.004599497436075103,-2.574680546876976e-05,nan,0.8393079911326582,0.8393079911326582,0.0,0.0,0.0,nan,0,1,1.0,0.0,-0.002990048195918782,0.0003004231978556187,nan,-0.002990048195918782,0.0003004231978556187,nan,0.5597996577193567,0.5597996577193567,0.0,0.0,0.0,nan,0,1,1.0,0.0,-0.004599497436075103,-2.574680546876976e-05,nan,-0.004599497436075103,-2.574680546876976e-05,nan,0.8393079911326582,0.8393079911326582,0.0,0.0,0.0,nan,0
293,0.25600000000000017,0.45,,scientific,0,1,0.16903225806451613,1.0,0.0,-0.0035877143297823803,0.00033869659062043405,nan,-0.0035877143297823803,0.00033869659062043405,nan,0.8422657209306488,0.8422657209306488,0.0,0.0,0.0,nan,0,1,1.0,0.0,-0.00222150484167104,0.0005768403363395089,nan,-0.00222150484167104,0.0005768403363395089,nan,0.5608761955226753,0.5608761955226753,0.0,0.0,0.0,nan,0,1,1.0,0.0,-0.0035877143297823803,0.00033869659062043405,nan,-0.0035877143297823803,0.00033869659062043405,nan,0.8422657209306488,0.8422657209306488,0.0,0.0,0.0,nan,0
294,0.2570000000000002,0.45,,scientific,0,1,0.16903225806451613,1.0,0.0,-0.003592435174244926,0.0003377814637179405,nan,-0.003592435174244926,0.0003377814637179405,nan,0.8434809103033745,0.8434809103033745,0.0,0.0,0.0,nan,0,1,1.0,0.0,-0.00222150484167104,0.0005768403363395089,nan,-0.00222150484167104,0.0005768403363395089,nan,0.5608761955226753,0.5608761955226753,0.0,0.0,0.0,nan,0,1,1.0,0.0,-0.003592435174244926,0.0003377814637179405,nan,-0.003592435174244926,0.0003377814637179405,nan,0.8434809103033745,0.8434809103033745,0.0,0.0,0.0,nan,0
295,0.2580000000000002,0.45,,scientific,0,1,0.16903225806451613,1.0,0.0,-0.0035971529316604686,0.00033686722623524833,nan,-0.0035971529316604686,0.00033686722623524833,nan,0.8446959414190293,0.8446959414190293,0.0,0.0,0.0,nan,0,1,1.0,0.0,-0.00222150484167104,0.0005768403363395089,nan,-0.00222150484167104,0.0005768403363395089,nan,0.5608761955226753,0.5608761955226753,0.0,0.0,0.0,nan,0,1,1.0,0.0,-0.0035971529316604686,0.00033686722623524833,nan,-0.0035971529316604686,0.00033686722623524833,nan,0.8446959414190293,0.8446959414190293,0.0,0.0,0.0,nan,0
296,0.2590000000000002,0.45,,scientific,0,1,0.16903225806451613,1.0,0.0,-0.003601867614346842,0.00033595386737373366,nan,-0.003601867614346842,0.00033595386737373366,nan,0.8459108143807934,0.8459108143807934,0.0,0.0,0.0,nan,0,1,1.0,0.0,-0.00222150484167104,0.0005768403363395089,nan,-0.00222150484167104,0.0005768403363395089,nan,0.5608761955226753,0.5608761955226753,0.0,0.0,0.0,nan,0,1,1.0,0.0,-0.003601867614346842,0.00033595386737373366,nan,-0.003601867614346842,0.00033595386737373366,nan,0.8459108143807934,0.8459108143807934,0.0,0.0,0.0,nan,0
297,0.2600000000000002,0.45,,scientific,0,1,0.16903225806451613,1.0,0.0,-0.0031506565338184646,0.0013178839708599117,nan,-0.0031506565338184646,0.0013178839708599117,nan,0.8488936157180208,0.8488936157180208,0.0,0.0,0.0,nan,0,1,1.0,0.0,-0.0018806637512953253,0.0013125407492839,nan,-0.0018806637512953253,0.0013125407492839,nan,0.5619527333259939,0.5619527333259939,0.0,0.0,0.0,nan,0,1,1.0,0.0,-0.0031506565338184646,0.0013178839708599117,nan,-0.0031506565338184646,0.0013178839708599117,nan,0.8488936157180208,0.8488936157180208,0.0,0.0,0.0,nan,0
298,0.2610000000000002,0.45,,scientific,0,1,0.16903225806451613,1.0,0.0,-0.0031549870239618804,0.0013177855980100093,nan,-0.0031549870239618804,0.0013177855980100093,nan,0.8501109049497984,0.8501109049497984,0.0,0.0,0.0,nan,0,1,1.0,0.0,-0.0018806637512953253,0.0013125407492839,nan,-0.0018806637512953253,0.0013125407492839,nan,0.5619527333259939,0.5619527333259939,0.0,0.0,0.0,nan,0,1,1.0,0.0,-0.0031549870239618804,0.0013177855980100093,nan,-0.0031549870239618804,0.0013177855980100093,nan,0.8501109049497984,0.8501109049497984,0.0,0.0,0.0,nan,0
299,0.2620000000000002,0.45,,scientific,0,1,0.16903225806451613,1.0,0.0,-0.0022857373404825024,0.0019688647357337732,nan,-0.0022857373404825024,0.0019688647357337732,nan,0.853111158218306,0.853111158218306,0.0,0.0,0.0,nan,0,1,1.0,0.0,-0.0012317441478530177,0.001796773760634679,nan,-0.0012317441478530177,0.001796773760634679,nan,0.5630292711293124,0.5630292711293124,0.0,0.0,0.0,nan,0,1,1.0,0.0,-0.0022857373404825024,0.0019688647357337732,nan,-0.0022857373404825024,0.0019688647357337732,nan,0.853111158218306,0.853111158218306,0.0,0.0,0.0,nan,0
300,0.2630000000000002,0.45,,scientific,0,1,0.16903225806451613,1.0,0.0,-0.0022893325693541474,0.001969309963626726,nan,-0.0022893325693541474,0.001969309963626726,nan,0.8543308954453869,0.8543308954453869,0.0,0.0,0.0,nan,0,1,1.0,0.0,-0.0012317441478530177,0.001796773760634679,nan,-0.0012317441478530177,0.001796773760634679,nan,0.5630292711293124,0.5630292711293124,0.0,0.0,0.0,nan,0,1,1.0,0.0,-0.0022893325693541474,0.001969309963626726,nan,-0.0022893325693541474,0.001969309963626726,nan,0.8543308954453869,0.8543308954453869,0.0,0.0,0.0,nan,0
301,0.2640000000000002,0.45,,scientific,0,1,0.16903225806451613,1.0,0.0,-0.0022929253287284914,0.001969755336327289,nan,-0.0022929253287284914,0.001969755336327289,nan,0.8555504755783143,0.8555504755783143,0.0,0.0,0.0,nan,0,1,1.0,0.0,-0.0012317441478530177,0.001796773760634679,nan,-0.0012317441478530177,0.001796773760634679,nan,0.5630292711293124,0.5630292711293124,0.0,0.0,0.0,nan,0,1,1.0,0.0,-0.0022929253287284914,0.001969755336327289,nan,-0.0022929253287284914,0.001969755336327289,nan,0.8555504755783143,0.8555504755783143,0.0,0.0,0.0,nan,0
302,0.2650000000000002,0.45,,scientific,0,1,0.16903225806451613,1.0,0.0,-0.002296515646950916,0.0019702008587292323,nan,-0.002296515646950916,0.0019702008587292323,nan,0.856769898728519,0.856769898728519,0.0,0.0,0.0,nan,0,1,1.0,0.0,-0.0012317441478530177,0.001796773760634679,nan,-0.0012317441478530177,0.001796773760634679,nan,0.5630292711293124,0.5630292711293124,0.0,0.0,0.0,nan,0,1,1.0,0.0,-0.002296515646950916,0.0019702008587292323,nan,-0.002296515646950916,0.0019702008587292323,nan,0.856769898728519,0.856769898728519,0.0,0.0,0.0,nan,0
303,0.2660000000000002,0.45,,scientific,0,1,0.16903225806451613,1.0,0.0,-0.0023001035353103043,0.001970646509034997,nan,-0.0023001035353103043,0.001970646509034997,nan,0.8579891649887371,0.8579891649887371,0.0,0.0,0.0,nan,0,1,1.0,0.0,-0.0012317441478530177,0.001796773760634679,nan,-0.0012317441478530177,0.001796773760634679,nan,0.5630292711293124,0.5630292711293124,0.0,0.0,0.0,nan,0,1,1.0,0.0,-0.0023001035353103043,0.001970646509034997,nan,-0.0023001035353103043,0.001970646509034997,nan,0.8579891649887371,0.8579891649887371,0.0,0.0,0.0,nan,0
304,0.2670000000000002,0.45,,scientific,0,1,0.16903225806451613,1.0,0.0,-0.0023036890038942545,0.001971092287949101,nan,-0.0023036890038942545,0.001971092287949101,nan,0.8592082744490164,0.8592082744490164,0.0,0.0,0.0,nan,0,1,1.0,0.0,-0.0012317441478530177,0.001796773760634679,nan,-0.0012317441478530177,0.001796773760634679,nan,0.5630292711293124,0.5630292711293124,0.0,0.0,0.0,nan,0,1,1.0,0.0,-0.0023036890038942545,0.001971092287949101,nan,-0.0023036890038942545,0.001971092287949101,nan,0.8592082744490164,0.8592082744490164,0.0,0.0,0.0,nan,0
305,0.2680000000000002,0.45,,scientific,0,1,0.16903225806451613,1.0,0.0,-0.0023072720506775134,0.001971538195456958,nan,-0.0023072720506775134,0.001971538195456958,nan,0.8604272272408064,0.8604272272408064,0.0,0.0,0.0,nan,0,1,1.0,0.0,-0.0012317441478530177,0.001796773760634679,nan,-0.0012317441478530177,0.001796773760634679,nan,0.5630292711293124,0.5630292711293124,0.0,0.0,0.0,nan,0,1,1.0,0.0,-0.0023072720506775134,0.001971538195456958,nan,-0.0023072720506775134,0.001971538195456958,nan,0.8604272272408064,0.8604272272408064,0.0,0.0,0.0,nan,0
306,0.2690000000000002,0.45,,scientific,0,1,0.16903225806451613,1.0,0.0,-0.0023108526474219875,0.0019719842486226862,nan,-0.0023108526474219875,0.0019719842486226862,nan,0.8616460234586042,0.8616460234586042,0.0,0.0,0.0,nan,0,1,1.0,0.0,-0.0012317441478530177,0.001796773760634679,nan,-0.0012317441478530177,0.001796773760634679,nan,0.5630292711293124,0.5630292711293124,0.0,0.0,0.0,nan,0,1,1.0,0.0,-0.0023108526474219875,0.0019719842486226862,nan,-0.0023108526474219875,0.0019719842486226862,nan,0.8616460234586042,0.8616460234586042,0.0,0.0,0.0,nan,0
307,0.2700000000000002,0.45,,scientific,0,1,0.16903225806451613,1.0,0.0,-0.00231443082299329,0.001972430462577494,nan,-0.00231443082299329,0.001972430462577494,nan,0.8628646631943483,0.8628646631943483,0.0,0.0,0.0,nan,0,1,1.0,0.0,-0.0012317441478530177,0.001796773760634679,nan,-0.0012317441478530177,0.001796773760634679,nan,0.5630292711293124,0.5630292711293124,0.0,0.0,0.0,nan,0,1,1.0,0.0,-0.00231443082299329,0.001972430462577494,nan,-0.00231443082299329,0.001972430462577494,nan,0.8628646631943483,0.8628646631943483,0.0,0.0,0.0,nan,0
308,0.2710000000000002,0.45,,scientific,0,1,0.1696774193548387,1.0,0.0,-0.0023180065779103173,0.001972876818031909,nan,-0.0023180065779103173,0.001972876818031909,nan,0.8640831465520877,0.8640831465520877,0.0,0.0,0.0,nan,0,1,1.0,0.0,-0.0012317441478530177,0.001796773760634679,nan,-0.0012317441478530177,0.001796773760634679,nan,0.5630292711293124,0.5630292711293124,0.0,0.0,0.0,nan,0,1,1.0,0.0,-0.0023180065779103173,0.001972876818031909,nan,-0.0023180065779103173,0.001972876818031909,nan,0.8640831465520877,0.8640831465520877,0.0,0.0,0.0,nan,0
309,0.2720000000000002,0.45,,scientific,0,1,0.1696774193548387,1.0,0.0,-0.002321579920308851,0.001973323309822642,nan,-0.002321579920308851,0.001973323309822642,nan,0.8653014736498567,0.8653014736498567,0.0,0.0,0.0,nan,0,1,1.0,0.0,-0.0012317441478530177,0.001796773760634679,nan,-0.0012317441478530177,0.001796773760634679,nan,0.5630292711293124,0.5630292711293124,0.0,0.0,0.0,nan,0,1,1.0,0.0,-0.002321579920308851,0.001973323309822642,nan,-0.002321579920308851,0.001973323309822642,nan,0.8653014736498567,0.8653014736498567,0.0,0.0,0.0,nan,0
310,0.2730000000000002,0.45,,scientific,0,1,0.1696774193548387,1.0,0.0,-0.002325150875024644,0.0019737699419602327,nan,-0.002325150875024644,0.0019737699419602327,nan,0.8665196446182548,0.8665196446182548,0.0,0.0,0.0,nan,0,1,1.0,0.0,-0.0012317441478530177,0.001796773760634679,nan,-0.0012317441478530177,0.001796773760634679,nan,0.5630292711293124,0.5630292711293124,0.0,0.0,0.0,nan,0,1,1.0,0.0,-0.002325150875024644,0.0019737699419602327,nan,-0.002325150875024644,0.0019737699419602327,nan,0.8665196446182548,0.8665196446182548,0.0,0.0,0.0,nan,0
311,0.2740000000000002,0.45,,scientific,0,1,0.1696774193548387,1.0,0.0,-0.0023287194391904183,0.001974216708392954,nan,-0.0023287194391904183,0.001974216708392954,nan,0.8677376595660904,0.8677376595660904,0.0,0.0,0.0,nan,0,1,1.0,0.0,-0.0012317441478530177,0.001796773760634679,nan,-0.0012317441478530177,0.001796773760634679,nan,0.5630292711293124,0.5630292711293124,0.0,0.0,0.0,nan,0,1,1.0,0.0,-0.0023287194391904183,0.001974216708392954,nan,-0.0023287194391904183,0.001974216708392954,nan,0.8677376595660904,0.8677376595660904,0.0,0.0,0.0,nan,0
312,0.2750000000000002,0.45,,scientific,0,1,0.1696774193548387,1.0,0.0,-0.0023322856085714583,0.001974663616525016,nan,-0.0023322856085714583,0.001974663616525016,nan,0.8689555186125222,0.8689555186125222,0.0,0.0,0.0,nan,0,1,1.0,0.0,-0.0012317441478530177,0.001796773760634679,nan,-0.0012317441478530177,0.001796773760634679,nan,0.5630292711293124,0.5630292711293124,0.0,0.0,0.0,nan,0,1,1.0,0.0,-0.0023322856085714583,0.001974663616525016,nan,-0.0023322856085714583,0.001974663616525016,nan,0.8689555186125222,0.8689555186125222,0.0,0.0,0.0,nan,0
313,0.2760000000000002,0.45,,scientific,0,1,0.1696774193548387,1.0,0.0,-0.002335849380537421,0.0019751106589277617,nan,-0.002335849380537421,0.0019751106589277617,nan,0.8701732218600085,0.8701732218600085,0.0,0.0,0.0,nan,0,1,1.0,0.0,-0.0012317441478530177,0.001796773760634679,nan,-0.0012317441478530177,0.001796773760634679,nan,0.5630292711293124,0.5630292711293124,0.0,0.0,0.0,nan,0,1,1.0,0.0,-0.002335849380537421,0.0019751106589277617,nan,-0.002335849380537421,0.0019751106589277617,nan,0.8701732218600085,0.8701732218600085,0.0,0.0,0.0,nan,0
314,0.2770000000000002,0.45,,scientific,0,1,0.1696774193548387,1.0,0.0,-0.002339410753148356,0.0019755578240326956,nan,-0.002339410753148356,0.0019755578240326956,nan,0.8713907694174433,0.8713907694174433,0.0,0.0,0.0,nan,0,1,1.0,0.0,-0.0012317441478530177,0.001796773760634679,nan,-0.0012317441478530177,0.001796773760634679,nan,0.5630292711293124,0.5630292711293124,0.0,0.0,0.0,nan,0,1,1.0,0.0,-0.002339410753148356,0.0019755578240326956,nan,-0.002339410753148356,0.0019755578240326956,nan,0.8713907694174433,0.8713907694174433,0.0,0.0,0.0,nan,0
315,0.2780000000000002,0.45,,scientific,0,1,0.1696774193548387,1.0,0.0,-0.001816747928356801,0.0029355726654656396,nan,-0.001816747928356801,0.0029355726654656396,nan,0.874427314458102,0.874427314458102,0.0,0.0,0.0,nan,0,1,1.0,0.0,-0.0008442582193825002,0.0025042146965547846,nan,-0.0008442582193825002,0.0025042146965547846,nan,0.5641058089326312,0.5641058089326312,0.0,0.0,0.0,nan,0,1,1.0,0.0,-0.001816747928356801,0.0029355726654656396,nan,-0.001816747928356801,0.0029355726654656396,nan,0.874427314458102,0.874427314458102,0.0,0.0,0.0,nan,0
316,0.2790000000000002,0.45,,scientific,0,1,0.1696774193548387,1.0,0.0,-0.0018198782142390413,0.0029367955563374846,nan,-0.0018198782142390413,0.0029367955563374846,nan,0.87564729277284,0.87564729277284,0.0,0.0,0.0,nan,0,1,1.0,0.0,-0.0008442582193825002,0.0025042146965547846,nan,-0.0008442582193825002,0.0025042146965547846,nan,0.5641058089326312,0.5641058089326312,0.0,0.0,0.0,nan,0,1,1.0,0.0,-0.0018198782142390413,0.0029367955563374846,nan,-0.0018198782142390413,0.0029367955563374846,nan,0.87564729277284,0.87564729277284,0.0,0.0,0.0,nan,0
317,0.2800000000000002,0.45,,scientific,0,1,0.1696774193548387,1.0,0.0,-0.0018230063460720194,0.0029380181458488323,nan,-0.0018230063460720194,0.0029380181458488323,nan,0.8768671159210496,0.8768671159210496,0.0,0.0,0.0,nan,0,1,1.0,0.0,-0.0008442582193825002,0.0025042146965547846,nan,-0.0008442582193825002,0.0025042146965547846,nan,0.5641058089326312,0.5641058089326312,0.0,0.0,0.0,nan,0,1,1.0,0.0,-0.0018230063460720194,0.0029380181458488323,nan,-0.0018230063460720194,0.0029380181458488323,nan,0.8768671159210496,0.8768671159210496,0.0,0.0,0.0,nan,0
318,0.2810000000000002,0.45,,scientific,0,1,0.1696774193548387,1.0,0.0,-0.0018261323269466855,0.0029392404627499695,nan,-0.0018261323269466855,0.0029392404627499695,nan,0.8780867840088327,0.8780867840088327,0.0,0.0,0.0,nan,0,1,1.0,0.0,-0.0008442582193825002,0.0025042146965547846,nan,-0.0008442582193825002,0.0025042146965547846,nan,0.5641058089326312,0.5641058089326312,0.0,0.0,0.0,nan,0,1,1.0,0.0,-0.0018261323269466855,0.0029392404627499695,nan,-0.0018261323269466855,0.0029392404627499695,nan,0.8780867840088327,0.8780867840088327,0.0,0.0,0.0,nan,0
319,0.2820000000000002,0.45,,scientific,0,1,0.1696774193548387,1.0,0.0,-0.00182925616223377,0.0029404625086237555,nan,-0.00182925616223377,0.0029404625086237555,nan,0.8793062971490617,0.8793062971490617,0.0,0.0,0.0,nan,0,1,1.0,0.0,-0.0008442582193825002,0.0025042146965547846,nan,-0.0008442582193825002,0.0025042146965547846,nan,0.5641058089326312,0.5641058089326312,0.0,0.0,0.0,nan,0,1,1.0,0.0,-0.00182925616223377,0.0029404625086237555,nan,-0.00182925616223377,0.0029404625086237555,nan,0.8793062971490617,0.8793062971490617,0.0,0.0,0.0,nan,0
320,0.2830000000000002,0.45,,scientific,0,1,0.1703225806451613,1.0,0.0,-0.0018323778507212437,0.0029416842471418976,nan,-0.0018323778507212437,0.0029416842471418976,nan,0.8805256554458444,0.8805256554458444,0.0,0.0,0.0,nan,0,1,1.0,0.0,-0.0008442582193825002,0.0025042146965547846,nan,-0.0008442582193825002,0.0025042146965547846,nan,0.5641058089326312,0.5641058089326312,0.0,0.0,0.0,nan,0,1,1.0,0.0,-0.0018323778507212437,0.0029416842471418976,nan,-0.0018323778507212437,0.0029416842471418976,nan,0.8805256554458444,0.8805256554458444,0.0,0.0,0.0,nan,0
321,0.2840000000000002,0.45,,scientific,0,1,0.1703225806451613,1.0,0.0,-0.001835497391785569,0.002942905687122839,nan,-0.001835497391785569,0.002942905687122839,nan,0.8817448589980266,0.8817448589980266,0.0,0.0,0.0,nan,0,1,1.0,0.0,-0.0008442582193825002,0.0025042146965547846,nan,-0.0008442582193825002,0.0025042146965547846,nan,0.5641058089326312,0.5641058089326312,0.0,0.0,0.0,nan,0,1,1.0,0.0,-0.001835497391785569,0.002942905687122839,nan,-0.001835497391785569,0.002942905687122839,nan,0.8817448589980266,0.8817448589980266,0.0,0.0,0.0,nan,0
322,0.2850000000000002,0.45,,scientific,0,1,0.1703225806451613,1.0,0.0,-0.002280872592006442,0.0026407402050668102,nan,-0.002280872592006442,0.0026407402050668102,nan,0.8866294017156822,0.8866294017156822,0.0,0.0,0.0,nan,0,1,1.0,0.0,-0.0011646742339227842,0.0022749700473523216,nan,-0.0011646742339227842,0.0022749700473523216,nan,0.5662588845394516,0.5662588845394516,0.0,0.0,0.0,nan,0,1,1.0,0.0,-0.002280872592006442,0.0026407402050668102,nan,-0.002280872592006442,0.0026407402050668102,nan,0.8866294017156822,0.8866294017156822,0.0,0.0,0.0,nan,0
323,0.2860000000000002,0.45,,scientific,0,1,0.1703225806451613,1.0,0.0,-0.0022843512385684107,0.0026417349871671945,nan,-0.0022843512385684107,0.0026417349871671945,nan,0.8878537442702804,0.8878537442702804,0.0,0.0,0.0,nan,0,1,1.0,0.0,-0.0011646742339227842,0.0022749700473523216,nan,-0.0011646742339227842,0.0022749700473523216,nan,0.5662588845394516,0.5662588845394516,0.0,0.0,0.0,nan,0,1,1.0,0.0,-0.0022843512385684107,0.0026417349871671945,nan,-0.0022843512385684107,0.0026417349871671945,nan,0.8878537442702804,0.8878537442702804,0.0,0.0,0.0,nan,0
324,0.2870000000000002,0.45,,scientific,0,1,0.1703225806451613,1.0,0.0,-0.0022878275706574723,0.002642729625471096,nan,-0.0022878275706574723,0.002642729625471096,nan,0.8890779327997254,0.8890779327997254,0.0,0.0,0.0,nan,0,1,1.0,0.0,-0.0011646742339227842,0.0022749700473523216,nan,-0.0011646742339227842,0.0022749700473523216,nan,0.5662588845394516,0.5662588845394516,0.0,0.0,0.0,nan,0,1,1.0,0.0,-0.0022878275706574723,0.002642729625471096,nan,-0.0022878275706574723,0.002642729625471096,nan,0.8890779327997254,0.8890779327997254,0.0,0.0,0.0,nan,0
325,0.2880000000000002,0.45,,scientific,0,1,0.1703225806451613,1.0,0.0,-0.0022913016037359978,0.0026437241154072125,nan,-0.0022913016037359978,0.0026437241154072125,nan,0.8903019674098129,0.8903019674098129,0.0,0.0,0.0,nan,0,1,1.0,0.0,-0.0011646742339227842,0.0022749700473523216,nan,-0.0011646742339227842,0.0022749700473523216,nan,0.5662588845394516,0.5662588845394516,0.0,0.0,0.0,nan,0,1,1.0,0.0,-0.0022913016037359978,0.0026437241154072125,nan,-0.0022913016037359978,0.0026437241154072125,nan,0.8903019674098129,0.8903019674098129,0.0,0.0,0.0,nan,0
326,0.2890000000000002,0.45,,scientific,0,1,0.17096774193548386,1.0,0.0,-0.0022947733513545864,0.002644718447027609,nan,-0.0022947733513545864,0.002644718447027609,nan,0.8915258482166768,0.8915258482166768,0.0,0.0,0.0,nan,0,1,1.0,0.0,-0.0011646742339227842,0.0022749700473523216,nan,-0.0011646742339227842,0.0022749700473523216,nan,0.5662588845394516,0.5662588845394516,0.0,0.0,0.0,nan,0,1,1.0,0.0,-0.0022947733513545864,0.002644718447027609,nan,-0.0022947733513545864,0.002644718447027609,nan,0.8915258482166768,0.8915258482166768,0.0,0.0,0.0,nan,0
327,0.2900000000000002,0.45,,scientific,0,1,0.17096774193548386,1.0,0.0,-0.0013393182785083235,0.0031971143884528606,nan,-0.0013393182785083235,0.0031971143884528606,nan,0.894609078372598,0.894609078372598,0.0,0.0,0.0,nan,0,1,1.0,0.0,-0.0004676236470772891,0.002676301496983307,nan,-0.0004676236470772891,0.002676301496983307,nan,0.5673354223427702,0.5673354223427702,0.0,0.0,0.0,nan,0,1,1.0,0.0,-0.0013393182785083235,0.0031971143884528606,nan,-0.0013393182785083235,0.0031971143884528606,nan,0.894609078372598,0.894609078372598,0.0,0.0,0.0,nan,0
328,0.2910000000000002,0.45,,scientific,0,1,0.17096774193548386,1.0,0.0,-0.0013420159396841792,0.0031985499860930824,nan,-0.0013420159396841792,0.0031985499860930824,nan,0.8958354188011859,0.8958354188011859,0.0,0.0,0.0,nan,0,1,1.0,0.0,-0.0004676236470772891,0.002676301496983307,nan,-0.0004676236470772891,0.002676301496983307,nan,0.5673354223427702,0.5673354223427702,0.0,0.0,0.0,nan,0,1,1.0,0.0,-0.0013420159396841792,0.0031985499860930824,nan,-0.0013420159396841792,0.0031985499860930824,nan,0.8958354188011859,0.8958354188011859,0.0,0.0,0.0,nan,0
329,0.2920000000000002,0.45,,scientific,0,1,0.17161290322580644,1.0,0.0,-0.0013447116911907099,0.0031999852213803943,nan,-0.0013447116911907099,0.0031999852213803943,nan,0.8970616059896673,0.8970616059896673,0.0,0.0,0.0,nan,0,1,1.0,0.0,-0.0004676236470772891,0.002676301496983307,nan,-0.0004676236470772891,0.002676301496983307,nan,0.5673354223427702,0.5673354223427702,0.0,0.0,0.0,nan,0,1,1.0,0.0,-0.0013447116911907099,0.0031999852213803943,nan,-0.0013447116911907099,0.0031999852213803943,nan,0.8970616059896673,0.8970616059896673,0.0,0.0,0.0,nan,0
330,0.2930000000000002,0.45,,scientific,0,1,0.17161290322580644,1.0,0.0,-0.0013474055394663488,0.0032014200940806074,nan,-0.0013474055394663488,0.0032014200940806074,nan,0.8982876400440496,0.8982876400440496,0.0,0.0,0.0,nan,0,1,1.0,0.0,-0.0004676236470772891,0.002676301496983307,nan,-0.0004676236470772891,0.002676301496983307,nan,0.5673354223427702,0.5673354223427702,0.0,0.0,0.0,nan,0,1,1.0,0.0,-0.0013474055394663488,0.0032014200940806074,nan,-0.0013474055394663488,0.0032014200940806074,nan,0.8982876400440496,0.8982876400440496,0.0,0.0,0.0,nan,0
331,0.2940000000000002,0.45,,scientific,0,1,0.17161290322580644,1.0,0.0,-0.0013500974878878267,0.0032028546032211555,nan,-0.0013500974878878267,0.0032028546032211555,nan,0.8995135210788923,0.8995135210788923,0.0,0.0,0.0,nan,0,1,1.0,0.0,-0.0004676236470772891,0.002676301496983307,nan,-0.0004676236470772891,0.002676301496983307,nan,0.5673354223427702,0.5673354223427702,0.0,0.0,0.0,nan,0,1,1.0,0.0,-0.0013500974878878267,0.0032028546032211555,nan,-0.0013500974878878267,0.0032028546032211555,nan,0.8995135210788923,0.8995135210788923,0.0,0.0,0.0,nan,0
332,0.2950000000000002,0.45,,scientific,0,1,0.17161290322580644,1.0,0.0,-0.0013527875520433182,0.003204288752418956,nan,-0.0013527875520433182,0.003204288752418956,nan,0.9007392492176637,0.9007392492176637,0.0,0.0,0.0,nan,0,1,1.0,0.0,-0.0004676236470772891,0.002676301496983307,nan,-0.0004676236470772891,0.002676301496983307,nan,0.5673354223427702,0.5673354223427702,0.0,0.0,0.0,nan,0,1,1.0,0.0,-0.0013527875520433182,0.003204288752418956,nan,-0.0013527875520433182,0.003204288752418956,nan,0.9007392492176637,0.9007392492176637,0.0,0.0,0.0,nan,0
333,0.2960000000000002,0.45,,scientific,0,1,0.17161290322580644,1.0,0.0,-0.0013554757375368327,0.003205722531737633,nan,-0.0013554757375368327,0.003205722531737633,nan,0.9019648245684115,0.9019648245684115,0.0,0.0,0.0,nan,0,1,1.0,0.0,-0.0004676236470772891,0.002676301496983307,nan,-0.0004676236470772891,0.002676301496983307,nan,0.5673354223427702,0.5673354223427702,0.0,0.0,0.0,nan,0,1,1.0,0.0,-0.0013554757375368327,0.003205722531737633,nan,-0.0013554757375368327,0.003205722531737633,nan,0.9019648245684115,0.9019648245684115,0.0,0.0,0.0,nan,0
334,0.2970000000000002,0.45,,scientific,0,1,0.17161290322580644,1.0,0.0,-0.002456774814072152,0.003347881354612053,nan,-0.002456774814072152,0.003347881354612053,nan,0.9050659835055261,0.9050659835055261,0.0,0.0,0.0,nan,0,1,1.0,0.0,-0.001263597896427696,0.0027786558298794816,nan,-0.001263597896427696,0.0027786558298794816,nan,0.568411960146089,0.568411960146089,0.0,0.0,0.0,nan,0,1,1.0,0.0,-0.002456774814072152,0.003347881354612053,nan,-0.002456774814072152,0.003347881354612053,nan,0.9050659835055261,0.9050659835055261,0.0,0.0,0.0,nan,0
335,0.2980000000000002,0.45,,scientific,0,1,0.17161290322580644,1.0,0.0,-0.002460328677057452,0.0033494252555494796,nan,-0.002460328677057452,0.0033494252555494796,nan,0.9062940125822716,0.9062940125822716,0.0,0.0,0.0,nan,0,1,1.0,0.0,-0.001263597896427696,0.0027786558298794816,nan,-0.001263597896427696,0.0027786558298794816,nan,0.568411960146089,0.568411960146089,0.0,0.0,0.0,nan,0,1,1.0,0.0,-0.002460328677057452,0.0033494252555494796,nan,-0.002460328677057452,0.0033494252555494796,nan,0.9062940125822716,0.9062940125822716,0.0,0.0,0.0,nan,0
336,0.2990000000000002,0.45,,scientific,0,1,0.17161290322580644,1.0,0.0,-0.002400766755135162,0.0022334085100502604,nan,-0.002400766755135162,0.0022334085100502604,nan,0.9094062236733894,0.9094062236733894,0.0,0.0,0.0,nan,0,1,1.0,0.0,-0.0012182887080866176,0.001972121475929651,nan,-0.0012182887080866176,0.001972121475929651,nan,0.5694884979484692,0.5694884979484692,0.0,0.0,0.0,nan,0,1,1.0,0.0,-0.002400766755135162,0.0022334085100502604,nan,-0.002400766755135162,0.0022334085100502604,nan,0.9094062236733894,0.9094062236733894,0.0,0.0,0.0,nan,0
337,0.3000000000000002,0.45,,scientific,0,1,0.17161290322580644,1.0,0.0,-0.002404265367758848,0.002234065169358625,nan,-0.002404265367758848,0.002234065169358625,nan,0.9106367173414947,0.9106367173414947,0.0,0.0,0.0,nan,0,1,1.0,0.0,-0.0012182887080866176,0.001972121475929651,nan,-0.0012182887080866176,0.001972121475929651,nan,0.5694884979484692,0.5694884979484692,0.0,0.0,0.0,nan,0,1,1.0,0.0,-0.002404265367758848,0.002234065169358625,nan,-0.002404265367758848,0.002234065169358625,nan,0.9106367173414947,0.9106367173414947,0.0,0.0,0.0,nan,0
338,0.3010000000000002,0.45,,scientific,0,1,0.17161290322580644,1.0,0.0,-0.0024077616828924167,0.0022347218347299595,nan,-0.0024077616828924167,0.0022347218347299595,nan,0.9118670592497429,0.9118670592497429,0.0,0.0,0.0,nan,0,1,1.0,0.0,-0.0012182887080866176,0.001972121475929651,nan,-0.0012182887080866176,0.001972121475929651,nan,0.5694884979484692,0.5694884979484692,0.0,0.0,0.0,nan,0,1,1.0,0.0,-0.0024077616828924167,0.0022347218347299595,nan,-0.0024077616828924167,0.0022347218347299595,nan,0.9118670592497429,0.9118670592497429,0.0,0.0,0.0,nan,0
339,0.3020000000000002,0.45,,scientific,0,1,0.17161290322580644,1.0,0.0,-0.002879216675551351,0.0012292073109325607,nan,-0.002879216675551351,0.0012292073109325607,nan,0.9149792556558471,0.9149792556558471,0.0,0.0,0.0,nan,0,1,1.0,0.0,-0.001557641041150753,0.0012433227107195705,nan,-0.001557641041150753,0.0012433227107195705,nan,0.5705650357517879,0.5705650357517879,0.0,0.0,0.0,nan,0,1,1.0,0.0,-0.002879216675551351,0.0012292073109325607,nan,-0.002879216675551351,0.0012292073109325607,nan,0.9149792556558471,0.9149792556558471,0.0,0.0,0.0,nan,0
340,0.3030000000000002,0.45,,scientific,0,1,0.17161290322580644,1.0,0.0,-0.0028830729138950685,0.0012290787151387282,nan,-0.0028830729138950685,0.0012290787151387282,nan,0.9162120318297395,0.9162120318297395,0.0,0.0,0.0,nan,0,1,1.0,0.0,-0.001557641041150753,0.0012433227107195705,nan,-0.001557641041150753,0.0012433227107195705,nan,0.5705650357517879,0.5705650357517879,0.0,0.0,0.0,nan,0,1,1.0,0.0,-0.0028830729138950685,0.0012290787151387282,nan,-0.0028830729138950685,0.0012290787151387282,nan,0.9162120318297395,0.9162120318297395,0.0,0.0,0.0,nan,0
341,0.3040000000000002,0.45,,scientific,0,1,0.17161290322580644,1.0,0.0,-0.0028869266656746267,0.001228950556738527,nan,-0.0028869266656746267,0.001228950556738527,nan,0.917444656748945,0.917444656748945,0.0,0.0,0.0,nan,0,1,1.0,0.0,-0.001557641041150753,0.0012433227107195705,nan,-0.001557641041150753,0.0012433227107195705,nan,0.5705650357517879,0.5705650357517879,0.0,0.0,0.0,nan,0,1,1.0,0.0,-0.0028869266656746267,0.001228950556738527,nan,-0.0028869266656746267,0.001228950556738527,nan,0.917444656748945,0.917444656748945,0.0,0.0,0.0,nan,0
342,0.3050000000000002,0.45,,scientific,0,1,0.17161290322580644,1.0,0.0,-0.002890777922408441,0.0012288228258489217,nan,-0.002890777922408441,0.0012288228258489217,nan,0.9186771305150851,0.9186771305150851,0.0,0.0,0.0,nan,0,1,1.0,0.0,-0.001557641041150753,0.0012433227107195705,nan,-0.001557641041150753,0.0012433227107195705,nan,0.5705650357517879,0.5705650357517879,0.0,0.0,0.0,nan,0,1,1.0,0.0,-0.002890777922408441,0.0012288228258489217,nan,-0.002890777922408441,0.0012288228258489217,nan,0.9186771305150851,0.9186771305150851,0.0,0.0,0.0,nan,0
343,0.3060000000000002,0.45,,scientific,0,1,0.17161290322580644,1.0,0.0,-0.0028946267075056647,0.0012286955130223598,nan,-0.0028946267075056647,0.0012286955130223598,nan,0.9199094532311336,0.9199094532311336,0.0,0.0,0.0,nan,0,1,1.0,0.0,-0.001557641041150753,0.0012433227107195705,nan,-0.001557641041150753,0.0012433227107195705,nan,0.5705650357517879,0.5705650357517879,0.0,0.0,0.0,nan,0,1,1.0,0.0,-0.0028946267075056647,0.0012286955130223598,nan,-0.0028946267075056647,0.0012286955130223598,nan,0.9199094532311336,0.9199094532311336,0.0,0.0,0.0,nan,0
344,0.3070000000000002,0.45,,scientific,0,1,0.17161290322580644,1.0,0.0,-0.002898473024421123,0.001228568607656295,nan,-0.002898473024421123,0.001228568607656295,nan,0.9211416249888509,0.9211416249888509,0.0,0.0,0.0,nan,0,1,1.0,0.0,-0.001557641041150753,0.0012433227107195705,nan,-0.001557641041150753,0.0012433227107195705,nan,0.5705650357517879,0.5705650357517879,0.0,0.0,0.0,nan,0,1,1.0,0.0,-0.002898473024421123,0.001228568607656295,nan,-0.002898473024421123,0.001228568607656295,nan,0.9211416249888509,0.9211416249888509,0.0,0.0,0.0,nan,0
345,0.3080000000000002,0.45,,scientific,0,1,0.17161290322580644,1.0,0.0,-0.0029023168731716906,0.0012284421096002169,nan,-0.0029023168731716906,0.0012284421096002169,nan,0.9223736458989602,0.9223736458989602,0.0,0.0,0.0,nan,0,1,1.0,0.0,-0.001557641041150753,0.0012433227107195705,nan,-0.001557641041150753,0.0012433227107195705,nan,0.5705650357517879,0.5705650357517879,0.0,0.0,0.0,nan,0,1,1.0,0.0,-0.0029023168731716906,0.0012284421096002169,nan,-0.0029023168731716906,0.0012284421096002169,nan,0.9223736458989602,0.9223736458989602,0.0,0.0,0.0,nan,0
346,0.3090000000000002,0.45,,scientific,0,1,0.17161290322580644,1.0,0.0,-0.0029061582597680407,0.0012283160191334688,nan,-0.0029061582597680407,0.0012283160191334688,nan,0.9236055160617757,0.9236055160617757,0.0,0.0,0.0,nan,0,1,1.0,0.0,-0.001557641041150753,0.0012433227107195705,nan,-0.001557641041150753,0.0012433227107195705,nan,0.5705650357517879,0.5705650357517879,0.0,0.0,0.0,nan,0,1,1.0,0.0,-0.0029061582597680407,0.0012283160191334688,nan,-0.0029061582597680407,0.0012283160191334688,nan,0.9236055160617757,0.9236055160617757,0.0,0.0,0.0,nan,0
347,0.3100000000000002,0.45,,scientific,0,1,0.17161290322580644,1.0,0.0,-0.0029099971876077936,0.0012281903295097265,nan,-0.0029099971876077936,0.0012281903295097265,nan,0.9248372355803278,0.9248372355803278,0.0,0.0,0.0,nan,0,1,1.0,0.0,-0.001557641041150753,0.0012433227107195705,nan,-0.001557641041150753,0.0012433227107195705,nan,0.5705650357517879,0.5705650357517879,0.0,0.0,0.0,nan,0,1,1.0,0.0,-0.0029099971876077936,0.0012281903295097265,nan,-0.0029099971876077936,0.0012281903295097265,nan,0.9248372355803278,0.9248372355803278,0.0,0.0,0.0,nan,0
348,0.3110000000000002,0.45,,scientific,0,1,0.17161290322580644,1.0,0.0,-0.002913833645281401,0.0012280650526059955,nan,-0.002913833645281401,0.0012280650526059955,nan,0.9260688045655261,0.9260688045655261,0.0,0.0,0.0,nan,0,1,1.0,0.0,-0.001557641041150753,0.0012433227107195705,nan,-0.001557641041150753,0.0012433227107195705,nan,0.5705650357517879,0.5705650357517879,0.0,0.0,0.0,nan,0,1,1.0,0.0,-0.002913833645281401,0.0012280650526059955,nan,-0.002913833645281401,0.0012280650526059955,nan,0.9260688045655261,0.9260688045655261,0.0,0.0,0.0,nan,0
349,0.3120000000000002,0.45,,scientific,0,1,0.17161290322580644,1.0,0.0,-0.0029176676631984476,0.0012279401857288473,nan,-0.0029176676631984476,0.0012279401857288473,nan,0.9273002231016687,0.9273002231016687,0.0,0.0,0.0,nan,0,1,1.0,0.0,-0.001557641041150753,0.0012433227107195705,nan,-0.001557641041150753,0.0012433227107195705,nan,0.5705650357517879,0.5705650357517879,0.0,0.0,0.0,nan,0,1,1.0,0.0,-0.0029176676631984476,0.0012279401857288473,nan,-0.0029176676631984476,0.0012279401857288473,nan,0.9273002231016687,0.9273002231016687,0.0,0.0,0.0,nan,0
350,0.3130000000000002,0.45,,scientific,0,1,0.17161290322580644,1.0,0.0,-0.002921499251043477,0.0012278157221055274,nan,-0.002921499251043477,0.0012278157221055274,nan,0.9285314912863338,0.9285314912863338,0.0,0.0,0.0,nan,0,1,1.0,0.0,-0.001557641041150753,0.0012433227107195705,nan,-0.001557641041150753,0.0012433227107195705,nan,0.5705650357517879,0.5705650357517879,0.0,0.0,0.0,nan,0,1,1.0,0.0,-0.002921499251043477,0.0012278157221055274,nan,-0.002921499251043477,0.0012278157221055274,nan,0.9285314912863338,0.9285314912863338,0.0,0.0,0.0,nan,0
351,0.3140000000000002,0.45,,scientific,0,1,0.17161290322580644,1.0,0.0,-0.002925328407435557,0.0012276916644788638,nan,-0.002925328407435557,0.0012276916644788638,nan,0.929762609223286,0.929762609223286,0.0,0.0,0.0,nan,0,1,1.0,0.0,-0.001557641041150753,0.0012433227107195705,nan,-0.001557641041150753,0.0012433227107195705,nan,0.5705650357517879,0.5705650357517879,0.0,0.0,0.0,nan,0,1,1.0,0.0,-0.002925328407435557,0.0012276916644788638,nan,-0.002925328407435557,0.0012276916644788638,nan,0.929762609223286,0.929762609223286,0.0,0.0,0.0,nan,0
352,0.3150000000000002,0.45,,scientific,0,1,0.17161290322580644,1.0,0.0,-0.002929155133176287,0.001227568018879216,nan,-0.002929155133176287,0.001227568018879216,nan,0.9309935770226427,0.9309935770226427,0.0,0.0,0.0,nan,0,1,1.0,0.0,-0.001557641041150753,0.0012433227107195705,nan,-0.001557641041150753,0.0012433227107195705,nan,0.5705650357517879,0.5705650357517879,0.0,0.0,0.0,nan,0,1,1.0,0.0,-0.002929155133176287,0.001227568018879216,nan,-0.002929155133176287,0.001227568018879216,nan,0.9309935770226427,0.9309935770226427,0.0,0.0,0.0,nan,0
353,0.3160000000000002,0.45,,scientific,0,1,0.17161290322580644,1.0,0.0,-0.002932979430173614,0.001227444779275552,nan,-0.002932979430173614,0.001227444779275552,nan,0.9322243947928137,0.9322243947928137,0.0,0.0,0.0,nan,0,1,1.0,0.0,-0.001557641041150753,0.0012433227107195705,nan,-0.001557641041150753,0.0012433227107195705,nan,0.5705650357517879,0.5705650357517879,0.0,0.0,0.0,nan,0,1,1.0,0.0,-0.002932979430173614,0.001227444779275552,nan,-0.002932979430173614,0.001227444779275552,nan,0.9322243947928137,0.9322243947928137,0.0,0.0,0.0,nan,0
354,0.3170000000000002,0.45,,scientific,0,1,0.17161290322580644,1.0,0.0,-0.0029368012814588087,0.0012273219245031446,nan,-0.0029368012814588087,0.0012273219245031446,nan,0.9334550626356575,0.9334550626356575,0.0,0.0,0.0,nan,0,1,1.0,0.0,-0.001557641041150753,0.0012433227107195705,nan,-0.001557641041150753,0.0012433227107195705,nan,0.5705650357517879,0.5705650357517879,0.0,0.0,0.0,nan,0,1,1.0,0.0,-0.0029368012814588087,0.0012273219245031446,nan,-0.0029368012814588087,0.0012273219245031446,nan,0.9334550626356575,0.9334550626356575,0.0,0.0,0.0,nan,0
355,0.3180000000000002,0.45,,scientific,0,1,0.17161290322580644,1.0,0.0,-0.0029406207049173716,0.001227199465571105,nan,-0.0029406207049173716,0.001227199465571105,nan,0.9346855806429255,0.9346855806429255,0.0,0.0,0.0,nan,0,1,1.0,0.0,-0.001557641041150753,0.0012433227107195705,nan,-0.001557641041150753,0.0012433227107195705,nan,0.5705650357517879,0.5705650357517879,0.0,0.0,0.0,nan,0,1,1.0,0.0,-0.0029406207049173716,0.001227199465571105,nan,-0.0029406207049173716,0.001227199465571105,nan,0.9346855806429255,0.9346855806429255,0.0,0.0,0.0,nan,0
356,0.31900000000000023,0.45,,scientific,0,1,0.17161290322580644,1.0,0.0,-0.002944437710732896,0.0012270773996400025,nan,-0.002944437710732896,0.0012270773996400025,nan,0.9359159489006389,0.9359159489006389,0.0,0.0,0.0,nan,0,1,1.0,0.0,-0.001557641041150753,0.0012433227107195705,nan,-0.001557641041150753,0.0012433227107195705,nan,0.5705650357517879,0.5705650357517879,0.0,0.0,0.0,nan,0,1,1.0,0.0,-0.002944437710732896,0.0012270773996400025,nan,-0.002944437710732896,0.0012270773996400025,nan,0.9359159489006389,0.9359159489006389,0.0,0.0,0.0,nan,0
357,0.32000000000000023,0.45,,scientific,0,1,0.17161290322580644,1.0,0.0,-0.0029482522962449255,0.0012269557251472448,nan,-0.0029482522962449255,0.0012269557251472448,nan,0.9371461675075445,0.9371461675075445,0.0,0.0,0.0,nan,0,1,1.0,0.0,-0.001557641041150753,0.0012433227107195705,nan,-0.001557641041150753,0.0012433227107195705,nan,0.5705650357517879,0.5705650357517879,0.0,0.0,0.0,nan,0,1,1.0,0.0,-0.0029482522962449255,0.0012269557251472448,nan,-0.0029482522962449255,0.0012269557251472448,nan,0.9371461675075445,0.9371461675075445,0.0,0.0,0.0,nan,0
358,0.32100000000000023,0.45,,scientific,0,1,0.17161290322580644,1.0,0.0,-0.0029520644652699943,0.0012268344322220203,nan,-0.0029520644652699943,0.0012268344322220203,nan,0.9383762365710548,0.9383762365710548,0.0,0.0,0.0,nan,0,1,1.0,0.0,-0.001557641041150753,0.0012433227107195705,nan,-0.001557641041150753,0.0012433227107195705,nan,0.5705650357517879,0.5705650357517879,0.0,0.0,0.0,nan,0,1,1.0,0.0,-0.0029520644652699943,0.0012268344322220203,nan,-0.0029520644652699943,0.0012268344322220203,nan,0.9383762365710548,0.9383762365710548,0.0,0.0,0.0,nan,0
359,0.32200000000000023,0.45,,scientific,0,1,0.17161290322580644,1.0,0.0,-0.0033606393012524686,0.00017581322957756863,nan,-0.0033606393012524686,0.00017581322957756863,nan,0.9415449994777647,0.9415449994777647,0.0,0.0,0.0,nan,0,1,1.0,0.0,-0.0018465375499165282,0.0004944504348125495,nan,-0.0018465375499165282,0.0004944504348125495,nan,0.5716415735551064,0.5716415735551064,0.0,0.0,0.0,nan,0,1,1.0,0.0,-0.0033606393012524686,0.00017581322957756863,nan,-0.0033606393012524686,0.00017581322957756863,nan,0.9415449994777647,0.9415449994777647,0.0,0.0,0.0,nan,0
360,0.32300000000000023,0.45,,scientific,0,1,0.17161290322580644,1.0,0.0,-0.0033647541203220086,0.00017489179173222274,nan,-0.0033647541203220086,0.00017489179173222274,nan,0.9427775171514816,0.9427775171514816,0.0,0.0,0.0,nan,0,1,1.0,0.0,-0.0018465375499165282,0.0004944504348125495,nan,-0.0018465375499165282,0.0004944504348125495,nan,0.5716415735551064,0.5716415735551064,0.0,0.0,0.0,nan,0,1,1.0,0.0,-0.0033647541203220086,0.00017489179173222274,nan,-0.0033647541203220086,0.00017489179173222274,nan,0.9427775171514816,0.9427775171514816,0.0,0.0,0.0,nan,0
361,0.32400000000000023,0.45,,scientific,0,1,0.17161290322580644,1.0,0.0,-0.0033688663911300974,0.00017397114975358104,nan,-0.0033688663911300974,0.00017397114975358104,nan,0.9440098857780306,0.9440098857780306,0.0,0.0,0.0,nan,0,1,1.0,0.0,-0.0018465375499165282,0.0004944504348125495,nan,-0.0018465375499165282,0.0004944504348125495,nan,0.5716415735551064,0.5716415735551064,0.0,0.0,0.0,nan,0,1,1.0,0.0,-0.0033688663911300974,0.00017397114975358104,nan,-0.0033688663911300974,0.00017397114975358104,nan,0.9440098857780306,0.9440098857780306,0.0,0.0,0.0,nan,0
362,0.32500000000000023,0.45,,scientific,0,1,0.17225806451612904,1.0,0.0,-0.0033729761183401907,0.00017305130399729166,nan,-0.0033729761183401907,0.00017305130399729166,nan,0.9452421054570831,0.9452421054570831,0.0,0.0,0.0,nan,0,1,1.0,0.0,-0.0018465375499165282,0.0004944504348125495,nan,-0.0018465375499165282,0.0004944504348125495,nan,0.5716415735551064,0.5716415735551064,0.0,0.0,0.0,nan,0,1,1.0,0.0,-0.0033729761183401907,0.00017305130399729166,nan,-0.0033729761183401907,0.00017305130399729166,nan,0.9452421054570831,0.9452421054570831,0.0,0.0,0.0,nan,0
363,0.32600000000000023,0.45,,scientific,0,1,0.17225806451612904,1.0,0.0,-0.0033770833109223247,0.00017213224819999254,nan,-0.0033770833109223247,0.00017213224819999254,nan,0.9464741762974547,0.9464741762974547,0.0,0.0,0.0,nan,0,1,1.0,0.0,-0.0018465375499165282,0.0004944504348125495,nan,-0.0018465375499165282,0.0004944504348125495,nan,0.5716415735551064,0.5716415735551064,0.0,0.0,0.0,nan,0,1,1.0,0.0,-0.0033770833109223247,0.00017213224819999254,nan,-0.0033770833109223247,0.00017213224819999254,nan,0.9464741762974547,0.9464741762974547,0.0,0.0,0.0,nan,0
364,0.32700000000000023,0.45,,scientific,0,1,0.17290322580645162,1.0,0.0,-0.0031834905723818058,-0.0009451350076858115,nan,-0.0031834905723818058,-0.0009451350076858115,nan,0.9496669450976349,0.9496669450976349,0.0,0.0,0.0,nan,0,1,1.0,0.0,-0.0017070360120713217,-0.0002948965597554296,nan,-0.0017070360120713217,-0.0002948965597554296,nan,0.5727181113570247,0.5727181113570247,0.0,0.0,0.0,nan,0,1,1.0,0.0,-0.0031834905723818058,-0.0009451350076858115,nan,-0.0031834905723818058,-0.0009451350076858115,nan,0.9496669450976349,0.9496669450976349,0.0,0.0,0.0,nan,0
365,0.32800000000000024,0.45,,scientific,0,1,0.17290322580645162,1.0,0.0,-0.0031874412844709846,-0.0009469049233429228,nan,-0.0031874412844709846,-0.0009469049233429228,nan,0.9509014912424096,0.9509014912424096,0.0,0.0,0.0,nan,0,1,1.0,0.0,-0.0017070360120713217,-0.0002948965597554296,nan,-0.0017070360120713217,-0.0002948965597554296,nan,0.5727181113570247,0.5727181113570247,0.0,0.0,0.0,nan,0,1,1.0,0.0,-0.0031874412844709846,-0.0009469049233429228,nan,-0.0031874412844709846,-0.0009469049233429228,nan,0.9509014912424096,0.9509014912424096,0.0,0.0,0.0,nan,0
366,0.32900000000000024,0.45,,scientific,0,1,0.17290322580645162,1.0,0.0,-0.0031913895317377088,-0.0009486736381256476,nan,-0.0031913895317377088,-0.0009486736381256476,nan,0.9521358891179406,0.9521358891179406,0.0,0.0,0.0,nan,0,1,1.0,0.0,-0.0017070360120713217,-0.0002948965597554296,nan,-0.0017070360120713217,-0.0002948965597554296,nan,0.5727181113570247,0.5727181113570247,0.0,0.0,0.0,nan,0,1,1.0,0.0,-0.0031913895317377088,-0.0009486736381256476,nan,-0.0031913895317377088,-0.0009486736381256476,nan,0.9521358891179406,0.9521358891179406,0.0,0.0,0.0,nan,0
367,0.33000000000000024,0.45,,scientific,0,1,0.17290322580645162,1.0,0.0,-0.0031953353269164853,-0.0009504411820240055,nan,-0.0031953353269164853,-0.0009504411820240055,nan,0.9533701388300345,0.9533701388300345,0.0,0.0,0.0,nan,0,1,1.0,0.0,-0.0017070360120713217,-0.0002948965597554296,nan,-0.0017070360120713217,-0.0002948965597554296,nan,0.5727181113570247,0.5727181113570247,0.0,0.0,0.0,nan,0,1,1.0,0.0,-0.0031953353269164853,-0.0009504411820240055,nan,-0.0031953353269164853,-0.0009504411820240055,nan,0.9533701388300345,0.9533701388300345,0.0,0.0,0.0,nan,0
368,0.33100000000000024,0.45,,scientific,0,1,0.17290322580645162,1.0,0.0,-0.0031992786727045035,-0.0009522075576984478,nan,-0.0031992786727045035,-0.0009522075576984478,nan,0.9546042404541193,0.9546042404541193,0.0,0.0,0.0,nan,0,1,1.0,0.0,-0.0017070360120713217,-0.0002948965597554296,nan,-0.0017070360120713217,-0.0002948965597554296,nan,0.5727181113570247,0.5727181113570247,0.0,0.0,0.0,nan,0,1,1.0,0.0,-0.0031992786727045035,-0.0009522075576984478,nan,-0.0031992786727045035,-0.0009522075576984478,nan,0.9546042404541193,0.9546042404541193,0.0,0.0,0.0,nan,0
369,0.33200000000000024,0.45,,scientific,0,1,0.17290322580645162,1.0,0.0,-0.0032032195710292558,-0.0009539727640023078,nan,-0.0032032195710292558,-0.0009539727640023078,nan,0.9558381940844853,0.9558381940844853,0.0,0.0,0.0,nan,0,1,1.0,0.0,-0.0017070360120713217,-0.0002948965597554296,nan,-0.0017070360120713217,-0.0002948965597554296,nan,0.5727181113570247,0.5727181113570247,0.0,0.0,0.0,nan,0,1,1.0,0.0,-0.0032032195710292558,-0.0009539727640023078,nan,-0.0032032195710292558,-0.0009539727640023078,nan,0.9558381940844853,0.9558381940844853,0.0,0.0,0.0,nan,0
370,0.33300000000000024,0.45,,scientific,0,1,0.17290322580645162,1.0,0.0,-0.00320715803105612,-0.0009557368029911205,nan,-0.00320715803105612,-0.0009557368029911205,nan,0.957071999825534,0.957071999825534,0.0,0.0,0.0,nan,0,1,1.0,0.0,-0.0017070360120713217,-0.0002948965597554296,nan,-0.0017070360120713217,-0.0002948965597554296,nan,0.5727181113570247,0.5727181113570247,0.0,0.0,0.0,nan,0,1,1.0,0.0,-0.00320715803105612,-0.0009557368029911205,nan,-0.00320715803105612,-0.0009557368029911205,nan,0.957071999825534,0.957071999825534,0.0,0.0,0.0,nan,0
371,0.33400000000000024,0.45,,scientific,0,1,0.17290322580645162,1.0,0.0,-0.003211094076510313,-0.0009574996754812002,nan,-0.003211094076510313,-0.0009574996754812002,nan,0.9583056577780296,0.9583056577780296,0.0,0.0,0.0,nan,0,1,1.0,0.0,-0.0017070360120713217,-0.0002948965597554296,nan,-0.0017070360120713217,-0.0002948965597554296,nan,0.5727181113570247,0.5727181113570247,0.0,0.0,0.0,nan,0,1,1.0,0.0,-0.003211094076510313,-0.0009574996754812002,nan,-0.003211094076510313,-0.0009574996754812002,nan,0.9583056577780296,0.9583056577780296,0.0,0.0,0.0,nan,0
372,0.33500000000000024,0.45,,scientific,0,1,0.17290322580645162,1.0,0.0,-0.003215027694004801,-0.0009592613714708115,nan,-0.003215027694004801,-0.0009592613714708115,nan,0.9595391680308356,0.9595391680308356,0.0,0.0,0.0,nan,0,1,1.0,0.0,-0.0017070360120713217,-0.0002948965597554296,nan,-0.0017070360120713217,-0.0002948965597554296,nan,0.5727181113570247,0.5727181113570247,0.0,0.0,0.0,nan,0,1,1.0,0.0,-0.003215027694004801,-0.0009592613714708115,nan,-0.003215027694004801,-0.0009592613714708115,nan,0.9595391680308356,0.9595391680308356,0.0,0.0,0.0,nan,0
373,0.33600000000000024,0.45,,scientific,0,1,0.17290322580645162,1.0,0.0,-0.003218958876196448,-0.0009610218880870383,nan,-0.003218958876196448,-0.0009610218880870383,nan,0.9607725306892659,0.9607725306892659,0.0,0.0,0.0,nan,0,1,1.0,0.0,-0.0017070360120713217,-0.0002948965597554296,nan,-0.0017070360120713217,-0.0002948965597554296,nan,0.5727181113570247,0.5727181113570247,0.0,0.0,0.0,nan,0,1,1.0,0.0,-0.003218958876196448,-0.0009610218880870383,nan,-0.003218958876196448,-0.0009610218880870383,nan,0.9607725306892659,0.9607725306892659,0.0,0.0,0.0,nan,0
374,0.33700000000000024,0.45,,scientific,0,1,0.17290322580645162,1.0,0.0,-0.00322288761575839,-0.0009627812503109614,nan,-0.00322288761575839,-0.0009627812503109614,nan,0.9620057458571278,0.9620057458571278,0.0,0.0,0.0,nan,0,1,1.0,0.0,-0.0017070360120713217,-0.0002948965597554296,nan,-0.0017070360120713217,-0.0002948965597554296,nan,0.5727181113570247,0.5727181113570247,0.0,0.0,0.0,nan,0,1,1.0,0.0,-0.00322288761575839,-0.0009627812503109614,nan,-0.00322288761575839,-0.0009627812503109614,nan,0.9620057458571278,0.9620057458571278,0.0,0.0,0.0,nan,0
375,0.33800000000000024,0.45,,scientific,0,1,0.17290322580645162,1.0,0.0,-0.003226813935421954,-0.0009645394397210977,nan,-0.003226813935421954,-0.0009645394397210977,nan,0.9632388136245804,0.9632388136245804,0.0,0.0,0.0,nan,0,1,1.0,0.0,-0.0017070360120713217,-0.0002948965597554296,nan,-0.0017070360120713217,-0.0002948965597554296,nan,0.5727181113570247,0.5727181113570247,0.0,0.0,0.0,nan,0,1,1.0,0.0,-0.003226813935421954,-0.0009645394397210977,nan,-0.003226813935421954,-0.0009645394397210977,nan,0.9632388136245804,0.9632388136245804,0.0,0.0,0.0,nan,0
376,0.33900000000000025,0.45,,scientific,0,1,0.17290322580645162,1.0,0.0,-0.003230737825976349,-0.0009662964647954936,nan,-0.003230737825976349,-0.0009662964647954936,nan,0.9644717340900602,0.9644717340900602,0.0,0.0,0.0,nan,0,1,1.0,0.0,-0.0017070360120713217,-0.0002948965597554296,nan,-0.0017070360120713217,-0.0002948965597554296,nan,0.5727181113570247,0.5727181113570247,0.0,0.0,0.0,nan,0,1,1.0,0.0,-0.003230737825976349,-0.0009662964647954936,nan,-0.003230737825976349,-0.0009662964647954936,nan,0.9644717340900602,0.9644717340900602,0.0,0.0,0.0,nan,0
377,0.34000000000000025,0.45,,scientific,0,1,0.17290322580645162,1.0,0.0,-0.003234659296850631,-0.0009680523321213565,nan,-0.003234659296850631,-0.0009680523321213565,nan,0.9657045073453637,0.9657045073453637,0.0,0.0,0.0,nan,0,1,1.0,0.0,-0.0017070360120713217,-0.0002948965597554296,nan,-0.0017070360120713217,-0.0002948965597554296,nan,0.5727181113570247,0.5727181113570247,0.0,0.0,0.0,nan,0,1,1.0,0.0,-0.003234659296850631,-0.0009680523321213565,nan,-0.003234659296850631,-0.0009680523321213565,nan,0.9657045073453637,0.9657045073453637,0.0,0.0,0.0,nan,0
378,0.34100000000000025,0.45,,scientific,0,1,0.17290322580645162,1.0,0.0,-0.0021293419916408483,-0.0011939073429036871,nan,-0.0021293419916408483,-0.0011939073429036871,nan,0.9689076985623395,0.9689076985623395,0.0,0.0,0.0,nan,0,1,1.0,0.0,-0.0009197284312666268,-0.00045395170210186457,nan,-0.0009197284312666268,-0.00045395170210186457,nan,0.5737946491603434,0.5737946491603434,0.0,0.0,0.0,nan,0,1,1.0,0.0,-0.0021293419916408483,-0.0011939073429036871,nan,-0.0021293419916408483,-0.0011939073429036871,nan,0.9689076985623395,0.9689076985623395,0.0,0.0,0.0,nan,0
379,0.34200000000000025,0.45,,scientific,0,1,0.17290322580645162,1.0,0.0,-0.0021324521336825936,-0.0011958241545957254,nan,-0.0021324521336825936,-0.0011958241545957254,nan,0.9701428667913572,0.9701428667913572,0.0,0.0,0.0,nan,0,1,1.0,0.0,-0.0009197284312666268,-0.00045395170210186457,nan,-0.0009197284312666268,-0.00045395170210186457,nan,0.5737946491603434,0.5737946491603434,0.0,0.0,0.0,nan,0,1,1.0,0.0,-0.0021324521336825936,-0.0011958241545957254,nan,-0.0021324521336825936,-0.0011958241545957254,nan,0.9701428667913572,0.9701428667913572,0.0,0.0,0.0,nan,0
380,0.34300000000000025,0.45,,scientific,0,1,0.17290322580645162,1.0,0.0,-0.0021355602854807713,-0.001197739762056421,nan,-0.0021355602854807713,-0.001197739762056421,nan,0.9713778882559393,0.9713778882559393,0.0,0.0,0.0,nan,0,1,1.0,0.0,-0.0009197284312666268,-0.00045395170210186457,nan,-0.0009197284312666268,-0.00045395170210186457,nan,0.5737946491603434,0.5737946491603434,0.0,0.0,0.0,nan,0,1,1.0,0.0,-0.0021355602854807713,-0.001197739762056421,nan,-0.0021355602854807713,-0.001197739762056421,nan,0.9713778882559393,0.9713778882559393,0.0,0.0,0.0,nan,0
381,0.34400000000000025,0.45,,scientific,0,1,0.17290322580645162,1.0,0.0,-0.002138666449925781,-0.0011996541495143626,nan,-0.002138666449925781,-0.0011996541495143626,nan,0.9726127630356598,0.9726127630356598,0.0,0.0,0.0,nan,0,1,1.0,0.0,-0.0009197284312666268,-0.00045395170210186457,nan,-0.0009197284312666268,-0.00045395170210186457,nan,0.5737946491603434,0.5737946491603434,0.0,0.0,0.0,nan,0,1,1.0,0.0,-0.002138666449925781,-0.0011996541495143626,nan,-0.002138666449925781,-0.0011996541495143626,nan,0.9726127630356598,0.9726127630356598,0.0,0.0,0.0,nan,0
382,0.34500000000000025,0.45,,scientific,0,1,0.17290322580645162,1.0,0.0,-0.002543328267446988,-0.00013181030864345387,nan,-0.002543328267446988,-0.00013181030864345387,nan,0.9758551301520116,0.9758551301520116,0.0,0.0,0.0,nan,0,1,1.0,0.0,-0.0012007009611607888,0.0002936456199432183,nan,-0.0012007009611607888,0.0002936456199432183,nan,0.574871186963662,0.574871186963662,0.0,0.0,0.0,nan,0,1,1.0,0.0,-0.002543328267446988,-0.00013181030864345387,nan,-0.002543328267446988,-0.00013181030864345387,nan,0.9758551301520116,0.9758551301520116,0.0,0.0,0.0,nan,0
383,0.34600000000000025,0.45,,scientific,0,1,0.17290322580645162,1.0,0.0,-0.0025467283311096755,-0.0001329264018941685,nan,-0.0025467283311096755,-0.0001329264018941685,nan,0.9770924794443308,0.9770924794443308,0.0,0.0,0.0,nan,0,1,1.0,0.0,-0.0012007009611607888,0.0002936456199432183,nan,-0.0012007009611607888,0.0002936456199432183,nan,0.574871186963662,0.574871186963662,0.0,0.0,0.0,nan,0,1,1.0,0.0,-0.0025467283311096755,-0.0001329264018941685,nan,-0.0025467283311096755,-0.0001329264018941685,nan,0.9770924794443308,0.9770924794443308,0.0,0.0,0.0,nan,0
384,0.34700000000000025,0.45,,scientific,0,1,0.1735483870967742,1.0,0.0,-0.002550126309364436,-0.0001340416407977932,nan,-0.002550126309364436,-0.0001340416407977932,nan,0.9783296825562633,0.9783296825562633,0.0,0.0,0.0,nan,0,1,1.0,0.0,-0.0012007009611607888,0.0002936456199432183,nan,-0.0012007009611607888,0.0002936456199432183,nan,0.574871186963662,0.574871186963662,0.0,0.0,0.0,nan,0,1,1.0,0.0,-0.002550126309364436,-0.0001340416407977932,nan,-0.002550126309364436,-0.0001340416407977932,nan,0.9783296825562633,0.9783296825562633,0.0,0.0,0.0,nan,0
385,0.34800000000000025,0.45,,scientific,0,1,0.1735483870967742,1.0,0.0,-0.0025535222007905946,-0.00013515603209057167,nan,-0.0025535222007905946,-0.00013515603209057167,nan,0.9795667395800847,0.9795667395800847,0.0,0.0,0.0,nan,0,1,1.0,0.0,-0.0012007009611607888,0.0002936456199432183,nan,-0.0012007009611607888,0.0002936456199432183,nan,0.574871186963662,0.574871186963662,0.0,0.0,0.0,nan,0,1,1.0,0.0,-0.0025535222007905946,-0.00013515603209057167,nan,-0.0025535222007905946,-0.00013515603209057167,nan,0.9795667395800847,0.9795667395800847,0.0,0.0,0.0,nan,0
386,0.34900000000000025,0.45,,scientific,0,1,0.1735483870967742,1.0,0.0,-0.002556916007405831,-0.00013626957725101034,nan,-0.002556916007405831,-0.00013626957725101034,nan,0.9808036506168756,0.9808036506168756,0.0,0.0,0.0,nan,0,1,1.0,0.0,-0.0012007009611607888,0.0002936456199432183,nan,-0.0012007009611607888,0.0002936456199432183,nan,0.574871186963662,0.574871186963662,0.0,0.0,0.0,nan,0,1,1.0,0.0,-0.002556916007405831,-0.00013626957725101034,nan,-0.002556916007405831,-0.00013626957725101034,nan,0.9808036506168756,0.9808036506168756,0.0,0.0,0.0,nan,0
387,0.35000000000000026,0.45,,scientific,0,1,0.1735483870967742,1.0,0.0,-0.0025603077241567597,-0.00013738227078399112,nan,-0.0025603077241567597,-0.00013738227078399112,nan,0.9820404157745063,0.9820404157745063,0.0,0.0,0.0,nan,0,1,1.0,0.0,-0.0012007009611607888,0.0002936456199432183,nan,-0.0012007009611607888,0.0002936456199432183,nan,0.574871186963662,0.574871186963662,0.0,0.0,0.0,nan,0,1,1.0,0.0,-0.0025603077241567597,-0.00013738227078399112,nan,-0.0025603077241567597,-0.00013738227078399112,nan,0.9820404157745063,0.9820404157745063,0.0,0.0,0.0,nan,0
388,0.35100000000000026,0.45,,scientific,0,1,0.1735483870967742,1.0,0.0,-0.0025636973632646534,-0.00013849411927807583,nan,-0.0025636973632646534,-0.00013849411927807583,nan,0.9832770351559712,0.9832770351559712,0.0,0.0,0.0,nan,0,1,1.0,0.0,-0.0012007009611607888,0.0002936456199432183,nan,-0.0012007009611607888,0.0002936456199432183,nan,0.574871186963662,0.574871186963662,0.0,0.0,0.0,nan,0,1,1.0,0.0,-0.0025636973632646534,-0.00013849411927807583,nan,-0.0025636973632646534,-0.00013849411927807583,nan,0.9832770351559712,0.9832770351559712,0.0,0.0,0.0,nan,0
389,0.35200000000000026,0.45,,scientific,0,1,0.1735483870967742,1.0,0.0,-0.002567084928043181,-0.00013960513457706,nan,-0.002567084928043181,-0.00013960513457706,nan,0.9845135088562581,0.9845135088562581,0.0,0.0,0.0,nan,0,1,1.0,0.0,-0.0012007009611607888,0.0002936456199432183,nan,-0.0012007009611607888,0.0002936456199432183,nan,0.574871186963662,0.574871186963662,0.0,0.0,0.0,nan,0,1,1.0,0.0,-0.002567084928043181,-0.00013960513457706,nan,-0.002567084928043181,-0.00013960513457706,nan,0.9845135088562581,0.9845135088562581,0.0,0.0,0.0,nan,0
390,0.35300000000000026,0.45,,scientific,0,1,0.1735483870967742,1.0,0.0,-0.001680232219786496,-0.0008476275326347814,nan,-0.001680232219786496,-0.0008476275326347814,nan,0.9877526877740626,0.9877526877740626,0.0,0.0,0.0,nan,0,1,1.0,0.0,-0.000574192328336625,-0.0002040804473222779,nan,-0.000574192328336625,-0.0002040804473222779,nan,0.5759477247669806,0.5759477247669806,0.0,0.0,0.0,nan,0,1,1.0,0.0,-0.001680232219786496,-0.0008476275326347814,nan,-0.001680232219786496,-0.0008476275326347814,nan,0.9877526877740626,0.9877526877740626,0.0,0.0,0.0,nan,0
391,0.35400000000000026,0.45,,scientific,0,1,0.1735483870967742,1.0,0.0,-0.0016829779211274636,-0.0008492425449727685,nan,-0.0016829779211274636,-0.0008492425449727685,nan,0.9889915608425314,0.9889915608425314,0.0,0.0,0.0,nan,0,1,1.0,0.0,-0.000574192328336625,-0.0002040804473222779,nan,-0.000574192328336625,-0.0002040804473222779,nan,0.5759477247669806,0.5759477247669806,0.0,0.0,0.0,nan,0,1,1.0,0.0,-0.0016829779211274636,-0.0008492425449727685,nan,-0.0016829779211274636,-0.0008492425449727685,nan,0.9889915608425314,0.9889915608425314,0.0,0.0,0.0,nan,0
392,0.35500000000000026,0.45,,scientific,0,1,0.1735483870967742,1.0,0.0,-0.0016857218869808506,-0.0008508564559246974,nan,-0.0016857218869808506,-0.0008508564559246974,nan,0.9902302886310591,0.9902302886310591,0.0,0.0,0.0,nan,0,1,1.0,0.0,-0.000574192328336625,-0.0002040804473222779,nan,-0.000574192328336625,-0.0002040804473222779,nan,0.5759477247669806,0.5759477247669806,0.0,0.0,0.0,nan,0,1,1.0,0.0,-0.0016857218869808506,-0.0008508564559246974,nan,-0.0016857218869808506,-0.0008508564559246974,nan,0.9902302886310591,0.9902302886310591,0.0,0.0,0.0,nan,0
393,0.35600000000000026,0.45,,scientific,0,1,0.1735483870967742,1.0,0.0,-0.0016884641198090685,-0.0008524692712717173,nan,-0.0016884641198090685,-0.0008524692712717173,nan,0.991468871237291,0.991468871237291,0.0,0.0,0.0,nan,0,1,1.0,0.0,-0.000574192328336625,-0.0002040804473222779,nan,-0.000574192328336625,-0.0002040804473222779,nan,0.5759477247669806,0.5759477247669806,0.0,0.0,0.0,nan,0,1,1.0,0.0,-0.0016884641198090685,-0.0008524692712717173,nan,-0.0016884641198090685,-0.0008524692712717173,nan,0.991468871237291,0.991468871237291,0.0,0.0,0.0,nan,0
394,0.35700000000000026,0.45,,scientific,0,1,0.1735483870967742,1.0,0.0,-0.001691204634694539,-0.0008540809985480052,nan,-0.001691204634694539,-0.0008540809985480052,nan,0.992707308766379,0.992707308766379,0.0,0.0,0.0,nan,0,1,1.0,0.0,-0.000574192328336625,-0.0002040804473222779,nan,-0.000574192328336625,-0.0002040804473222779,nan,0.5759477247669806,0.5759477247669806,0.0,0.0,0.0,nan,0,1,1.0,0.0,-0.001691204634694539,-0.0008540809985480052,nan,-0.001691204634694539,-0.0008540809985480052,nan,0.992707308766379,0.992707308766379,0.0,0.0,0.0,nan,0
395,0.35800000000000026,0.45,,scientific,0,1,0.1735483870967742,1.0,0.0,-0.0016939434319977716,-0.0008556916382305773,nan,-0.0016939434319977716,-0.0008556916382305773,nan,0.9939456013121752,0.9939456013121752,0.0,0.0,0.0,nan,0,1,1.0,0.0,-0.000574192328336625,-0.0002040804473222779,nan,-0.000574192328336625,-0.0002040804473222779,nan,0.5759477247669806,0.5759477247669806,0.0,0.0,0.0,nan,0,1,1.0,0.0,-0.0016939434319977716,-0.0008556916382305773,nan,-0.0016939434319977716,-0.0008556916382305773,nan,0.9939456013121752,0.9939456013121752,0.0,0.0,0.0,nan,0
396,0.35900000000000026,0.45,,scientific,0,1,0.1735483870967742,1.0,0.0,-0.001365036796021229,0.00023581648369074001,nan,-0.001365036796021229,0.00023581648369074001,nan,0.9972117777966993,0.9972117777966993,0.0,0.0,0.0,nan,0,1,1.0,0.0,-0.0003427649764883343,0.0005590721641759292,nan,-0.0003427649764883343,0.0005590721641759292,nan,0.5770242625702992,0.5770242625702992,0.0,0.0,0.0,nan,0,1,1.0,0.0,-0.001365036796021229,0.00023581648369074001,nan,-0.001365036796021229,0.00023581648369074001,nan,0.9972117777966993,0.9972117777966993,0.0,0.0,0.0,nan,0
397,0.36000000000000026,0.45,,scientific,0,1,0.1735483870967742,1.0,0.0,-0.0013675342126573669,0.0002349920238153894,nan,-0.0013675342126573669,0.0002349920238153894,nan,0.9984524987345469,0.9984524987345469,0.0,0.0,0.0,nan,0,1,1.0,0.0,-0.0003427649764883343,0.0005590721641759292,nan,-0.0003427649764883343,0.0005590721641759292,nan,0.5770242625702992,0.5770242625702992,0.0,0.0,0.0,nan,0,1,1.0,0.0,-0.0013675342126573669,0.0002349920238153894,nan,-0.0013675342126573669,0.0002349920238153894,nan,0.9984524987345469,0.9984524987345469,0.0,0.0,0.0,nan,0
398,0.36100000000000027,0.45,,scientific,0,1,0.1735483870967742,1.0,0.0,-0.001370030038724028,0.0002341682389191488,nan,-0.001370030038724028,0.0002341682389191488,nan,0.999693075128212,0.999693075128212,0.0,0.0,0.0,nan,0,1,1.0,0.0,-0.0003427649764883343,0.0005590721641759292,nan,-0.0003427649764883343,0.0005590721641759292,nan,0.5770242625702992,0.5770242625702992,0.0,0.0,0.0,nan,0,1,1.0,0.0,-0.001370030038724028,0.0002341682389191488,nan,-0.001370030038724028,0.0002341682389191488,nan,0.999693075128212,0.999693075128212,0.0,0.0,0.0,nan,0
399,0.36200000000000027,0.45,,scientific,0,1,0.1735483870967742,1.0,0.0,-0.0013725242687179426,0.00023334513964226746,nan,-0.0013725242687179426,0.00023334513964226746,nan,1.0009335070600294,1.0009335070600294,0.0,0.0,0.0,nan,0,1,1.0,0.0,-0.0003427649764883343,0.0005590721641759292,nan,-0.0003427649764883343,0.0005590721641759292,nan,0.5770242625702992,0.5770242625702992,0.0,0.0,0.0,nan,0,1,1.0,0.0,-0.0013725242687179426,0.00023334513964226746,nan,-0.0013725242687179426,0.00023334513964226746,nan,1.0009335070600294,1.0009335070600294,0.0,0.0,0.0,nan,0
400,0.36300000000000027,0.45,,scientific,0,1,0.1735483870967742,1.0,0.0,-0.0013750168994406632,0.00023252273795625565,nan,-0.0013750168994406632,0.00023252273795625565,nan,1.0021737946304312,1.0021737946304312,0.0,0.0,0.0,nan,0,1,1.0,0.0,-0.0003427649764883343,0.0005590721641759292,nan,-0.0003427649764883343,0.0005590721641759292,nan,0.5770242625702992,0.5770242625702992,0.0,0.0,0.0,nan,0,1,1.0,0.0,-0.0013750168994406632,0.00023252273795625565,nan,-0.0013750168994406632,0.00023252273795625565,nan,1.0021737946304312,1.0021737946304312,0.0,0.0,0.0,nan,0
401,0.36400000000000027,0.45,,scientific,0,1,0.1735483870967742,1.0,0.0,-0.001377507934628772,0.0002317010347224123,nan,-0.001377507934628772,0.0002317010347224123,nan,1.0034139379347355,1.0034139379347355,0.0,0.0,0.0,nan,0,1,1.0,0.0,-0.0003427649764883343,0.0005590721641759292,nan,-0.0003427649764883343,0.0005590721641759292,nan,0.5770242625702992,0.5770242625702992,0.0,0.0,0.0,nan,0,1,1.0,0.0,-0.001377507934628772,0.0002317010347224123,nan,-0.001377507934628772,0.0002317010347224123,nan,1.0034139379347355,1.0034139379347355,0.0,0.0,0.0,nan,0
402,0.36500000000000027,0.45,,scientific,0,1,0.1735483870967742,1.0,0.0,-0.0013799973768309328,0.00023088001619456998,nan,-0.0013799973768309328,0.00023088001619456998,nan,1.004653937063887,1.004653937063887,0.0,0.0,0.0,nan,0,1,1.0,0.0,-0.0003427649764883343,0.0005590721641759292,nan,-0.0003427649764883343,0.0005590721641759292,nan,0.5770242625702992,0.5770242625702992,0.0,0.0,0.0,nan,0,1,1.0,0.0,-0.0013799973768309328,0.00023088001619456998,nan,-0.0013799973768309328,0.00023088001619456998,nan,1.004653937063887,1.004653937063887,0.0,0.0,0.0,nan,0
403,0.36600000000000027,0.45,,scientific,0,1,0.1735483870967742,1.0,0.0,-0.001382485231967365,0.0002300596565464905,nan,-0.001382485231967365,0.0002300596565464905,nan,1.0058937921212907,1.0058937921212907,0.0,0.0,0.0,nan,0,1,1.0,0.0,-0.0003427649764883343,0.0005590721641759292,nan,-0.0003427649764883343,0.0005590721641759292,nan,0.5770242625702992,0.5770242625702992,0.0,0.0,0.0,nan,0,1,1.0,0.0,-0.001382485231967365,0.0002300596565464905,nan,-0.001382485231967365,0.0002300596565464905,nan,1.0058937921212907,1.0058937921212907,0.0,0.0,0.0,nan,0
404,0.36700000000000027,0.45,,scientific,0,1,0.1735483870967742,1.0,0.0,-0.0013849715125351266,0.0002292399863581603,nan,-0.0013849715125351266,0.0002292399863581603,nan,1.0071335031929283,1.0071335031929283,0.0,0.0,0.0,nan,0,1,1.0,0.0,-0.0003427649764883343,0.0005590721641759292,nan,-0.0003427649764883343,0.0005590721641759292,nan,0.5770242625702992,0.5770242625702992,0.0,0.0,0.0,nan,0,1,1.0,0.0,-0.0013849715125351266,0.0002292399863581603,nan,-0.0013849715125351266,0.0002292399863581603,nan,1.0071335031929283,1.0071335031929283,0.0,0.0,0.0,nan,0
405,0.36800000000000027,0.45,,scientific,0,1,0.1735483870967742,1.0,0.0,-0.001387456210851247,0.0002284210128435706,nan,-0.001387456210851247,0.0002284210128435706,nan,1.008373070369216,1.008373070369216,0.0,0.0,0.0,nan,0,1,1.0,0.0,-0.0003427649764883343,0.0005590721641759292,nan,-0.0003427649764883343,0.0005590721641759292,nan,0.5770242625702992,0.5770242625702992,0.0,0.0,0.0,nan,0,1,1.0,0.0,-0.001387456210851247,0.0002284210128435706,nan,-0.001387456210851247,0.0002284210128435706,nan,1.008373070369216,1.008373070369216,0.0,0.0,0.0,nan,0
406,0.36900000000000027,0.45,,scientific,0,1,0.1735483870967742,1.0,0.0,-0.0013899393218985384,0.00022760272573284777,nan,-0.0013899393218985384,0.00022760272573284777,nan,1.0096124937482638,1.0096124937482638,0.0,0.0,0.0,nan,0,1,1.0,0.0,-0.0003427649764883343,0.0005590721641759292,nan,-0.0003427649764883343,0.0005590721641759292,nan,0.5770242625702992,0.5770242625702992,0.0,0.0,0.0,nan,0,1,1.0,0.0,-0.0013899393218985384,0.00022760272573284777,nan,-0.0013899393218985384,0.00022760272573284777,nan,1.0096124937482638,1.0096124937482638,0.0,0.0,0.0,nan,0
407,0.3700000000000003,0.45,,scientific,0,1,0.1735483870967742,1.0,0.0,-0.001392420853238991,0.00022678511949647927,nan,-0.001392420853238991,0.00022678511949647927,nan,1.010851773417056,1.010851773417056,0.0,0.0,0.0,nan,0,1,1.0,0.0,-0.0003427649764883343,0.0005590721641759292,nan,-0.0003427649764883343,0.0005590721641759292,nan,0.5770242625702992,0.5770242625702992,0.0,0.0,0.0,nan,0,1,1.0,0.0,-0.001392420853238991,0.00022678511949647927,nan,-0.001392420853238991,0.00022678511949647927,nan,1.010851773417056,1.010851773417056,0.0,0.0,0.0,nan,0
408,0.3710000000000003,0.45,,scientific,0,1,0.1735483870967742,1.0,0.0,-0.0013949008092221053,0.0002259681883141721,nan,-0.0013949008092221053,0.0002259681883141721,nan,1.0120909094632307,1.0120909094632307,0.0,0.0,0.0,nan,0,1,1.0,0.0,-0.0003427649764883343,0.0005590721641759292,nan,-0.0003427649764883343,0.0005590721641759292,nan,0.5770242625702992,0.5770242625702992,0.0,0.0,0.0,nan,0,1,1.0,0.0,-0.0013949008092221053,0.0002259681883141721,nan,-0.0013949008092221053,0.0002259681883141721,nan,1.0120909094632307,1.0120909094632307,0.0,0.0,0.0,nan,0
409,0.3720000000000003,0.45,,scientific,0,1,0.1735483870967742,1.0,0.0,-0.0013973791969738995,0.0002251519319732727,nan,-0.0013973791969738995,0.0002251519319732727,nan,1.0133299019811657,1.0133299019811657,0.0,0.0,0.0,nan,0,1,1.0,0.0,-0.0003427649764883343,0.0005590721641759292,nan,-0.0003427649764883343,0.0005590721641759292,nan,0.5770242625702992,0.5770242625702992,0.0,0.0,0.0,nan,0,1,1.0,0.0,-0.0013973791969738995,0.0002251519319732727,nan,-0.0013973791969738995,0.0002251519319732727,nan,1.0133299019811657,1.0133299019811657,0.0,0.0,0.0,nan,0
410,0.3730000000000003,0.45,,scientific,0,1,0.1735483870967742,1.0,0.0,-0.001399856021344792,0.0002243363516393138,nan,-0.001399856021344792,0.0002243363516393138,nan,1.014568751070972,1.014568751070972,0.0,0.0,0.0,nan,0,1,1.0,0.0,-0.0003427649764883343,0.0005590721641759292,nan,-0.0003427649764883343,0.0005590721641759292,nan,0.5770242625702992,0.5770242625702992,0.0,0.0,0.0,nan,0,1,1.0,0.0,-0.001399856021344792,0.0002243363516393138,nan,-0.001399856021344792,0.0002243363516393138,nan,1.014568751070972,1.014568751070972,0.0,0.0,0.0,nan,0
411,0.3740000000000003,0.45,,scientific,0,1,0.1735483870967742,1.0,0.0,-0.000560376394573162,0.0010257640016456014,nan,-0.000560376394573162,0.0010257640016456014,nan,1.017896641861722,1.017896641861722,0.0,0.0,0.0,nan,0,1,1.0,0.0,0.00023297125748144714,0.0011080425463087728,nan,0.00023297125748144714,0.0011080425463087728,nan,0.5781008003736178,0.5781008003736178,0.0,0.0,0.0,nan,0,1,1.0,0.0,-0.000560376394573162,0.0010257640016456014,nan,-0.000560376394573162,0.0010257640016456014,nan,1.017896641861722,1.017896641861722,0.0,0.0,0.0,nan,0
412,0.3750000000000003,0.45,,scientific,0,1,0.1735483870967742,1.0,0.0,-0.0005622441548374969,0.0010255261421901008,nan,-0.0005622441548374969,0.0010255261421901008,nan,1.0191379820884958,1.0191379820884958,0.0,0.0,0.0,nan,0,1,1.0,0.0,0.00023297125748144714,0.0011080425463087728,nan,0.00023297125748144714,0.0011080425463087728,nan,0.5781008003736178,0.5781008003736178,0.0,0.0,0.0,nan,0,1,1.0,0.0,-0.0005622441548374969,0.0010255261421901008,nan,-0.0005622441548374969,0.0010255261421901008,nan,1.0191379820884958,1.0191379820884958,0.0,0.0,0.0,nan,0
413,0.3760000000000003,0.45,,scientific,0,1,0.1735483870967742,1.0,0.0,-0.0005641106169070819,0.0010252886959111816,nan,-0.0005641106169070819,0.0010252886959111816,nan,1.0203791794152999,1.0203791794152999,0.0,0.0,0.0,nan,0,1,1.0,0.0,0.00023297125748144714,0.0011080425463087728,nan,0.00023297125748144714,0.0011080425463087728,nan,0.5781008003736178,0.5781008003736178,0.0,0.0,0.0,nan,0,1,1.0,0.0,-0.0005641106169070819,0.0010252886959111816,nan,-0.0005641106169070819,0.0010252886959111816,nan,1.0203791794152999,1.0203791794152999,0.0,0.0,0.0,nan,0
414,0.3770000000000003,0.45,,scientific,0,1,0.1735483870967742,1.0,0.0,-0.0005659757873305767,0.001025051659861374,nan,-0.0005659757873305767,0.001025051659861374,nan,1.0216202339273415,1.0216202339273415,0.0,0.0,0.0,nan,0,1,1.0,0.0,0.00023297125748144714,0.0011080425463087728,nan,0.00023297125748144714,0.0011080425463087728,nan,0.5781008003736178,0.5781008003736178,0.0,0.0,0.0,nan,0,1,1.0,0.0,-0.0005659757873305767,0.001025051659861374,nan,-0.0005659757873305767,0.001025051659861374,nan,1.0216202339273415,1.0216202339273415,0.0,0.0,0.0,nan,0
415,0.3780000000000003,0.45,,scientific,0,1,0.1735483870967742,1.0,0.0,-0.0005678396664631298,0.0010248150611000865,nan,-0.0005678396664631298,0.0010248150611000865,nan,1.0228611457277141,1.0228611457277141,0.0,0.0,0.0,nan,0,1,1.0,0.0,0.00023297125748144714,0.0011080425463087728,nan,0.00023297125748144714,0.0011080425463087728,nan,0.5781008003736178,0.5781008003736178,0.0,0.0,0.0,nan,0,1,1.0,0.0,-0.0005678396664631298,0.0010248150611000865,nan,-0.0005678396664631298,0.0010248150611000865,nan,1.0228611457277141,1.0228611457277141,0.0,0.0,0.0,nan,0
416,0.3790000000000003,0.45,,scientific,0,1,0.1735483870967742,1.0,0.0,-0.0005697022505359682,0.00102457888531296,nan,-0.0005697022505359682,0.00102457888531296,nan,1.0241019148984873,1.0241019148984873,0.0,0.0,0.0,nan,0,1,1.0,0.0,0.00023297125748144714,0.0011080425463087728,nan,0.00023297125748144714,0.0011080425463087728,nan,0.5781008003736178,0.5781008003736178,0.0,0.0,0.0,nan,0,1,1.0,0.0,-0.0005697022505359682,0.00102457888531296,nan,-0.0005697022505359682,0.00102457888531296,nan,1.0241019148984873,1.0241019148984873,0.0,0.0,0.0,nan,0
417,0.3800000000000003,0.45,,scientific,0,1,0.1735483870967742,1.0,0.0,-0.001669970946866358,0.0006283297303435109,nan,-0.001669970946866358,0.0006283297303435109,nan,1.0274461299993742,1.0274461299993742,0.0,0.0,0.0,nan,0,1,1.0,0.0,-0.000516157908918983,0.0008383388974492643,nan,-0.000516157908918983,0.0008383388974492643,nan,0.5791773381769364,0.5791773381769364,0.0,0.0,0.0,nan,0,1,1.0,0.0,-0.001669970946866358,0.0006283297303435109,nan,-0.001669970946866358,0.0006283297303435109,nan,1.0274461299993742,1.0274461299993742,0.0,0.0,0.0,nan,0
418,0.3810000000000003,0.45,,scientific,0,1,0.1735483870967742,1.0,0.0,-0.0016726128990224936,0.000627811463107037,nan,-0.0016726128990224936,0.000627811463107037,nan,1.0286893867189622,1.0286893867189622,0.0,0.0,0.0,nan,0,1,1.0,0.0,-0.000516157908918983,0.0008383388974492643,nan,-0.000516157908918983,0.0008383388974492643,nan,0.5791773381769364,0.5791773381769364,0.0,0.0,0.0,nan,0,1,1.0,0.0,-0.0016726128990224936,0.000627811463107037,nan,-0.0016726128990224936,0.000627811463107037,nan,1.0286893867189622,1.0286893867189622,0.0,0.0,0.0,nan,0
419,0.3820000000000003,0.45,,scientific,0,1,0.1735483870967742,1.0,0.0,-0.0016752532285873006,0.0006272937165142538,nan,-0.0016752532285873006,0.0006272937165142538,nan,1.0299325013038478,1.0299325013038478,0.0,0.0,0.0,nan,0,1,1.0,0.0,-0.000516157908918983,0.0008383388974492643,nan,-0.000516157908918983,0.0008383388974492643,nan,0.5791773381769364,0.5791773381769364,0.0,0.0,0.0,nan,0,1,1.0,0.0,-0.0016752532285873006,0.0006272937165142538,nan,-0.0016752532285873006,0.0006272937165142538,nan,1.0299325013038478,1.0299325013038478,0.0,0.0,0.0,nan,0
420,0.3830000000000003,0.45,,scientific,0,1,0.1735483870967742,1.0,0.0,-0.0016778919269828836,0.000626776496513727,nan,-0.0016778919269828836,0.000626776496513727,nan,1.031175473850361,1.031175473850361,0.0,0.0,0.0,nan,0,1,1.0,0.0,-0.000516157908918983,0.0008383388974492643,nan,-0.000516157908918983,0.0008383388974492643,nan,0.5791773381769364,0.5791773381769364,0.0,0.0,0.0,nan,0,1,1.0,0.0,-0.0016778919269828836,0.000626776496513727,nan,-0.0016778919269828836,0.000626776496513727,nan,1.031175473850361,1.031175473850361,0.0,0.0,0.0,nan,0
421,0.3840000000000003,0.45,,scientific,0,1,0.1735483870967742,1.0,0.0,-0.0016805290093239065,0.0006262598185889653,nan,-0.0016805290093239065,0.0006262598185889653,nan,1.032418304464665,1.032418304464665,0.0,0.0,0.0,nan,0,1,1.0,0.0,-0.000516157908918983,0.0008383388974492643,nan,-0.000516157908918983,0.0008383388974492643,nan,0.5791773381769364,0.5791773381769364,0.0,0.0,0.0,nan,0,1,1.0,0.0,-0.0016805290093239065,0.0006262598185889653,nan,-0.0016805290093239065,0.0006262598185889653,nan,1.032418304464665,1.032418304464665,0.0,0.0,0.0,nan,0
422,0.3850000000000003,0.45,,scientific,0,1,0.1735483870967742,1.0,0.0,-0.0016831644946404415,0.0006257436679647313,nan,-0.0016831644946404415,0.0006257436679647313,nan,1.0336609932277345,1.0336609932277345,0.0,0.0,0.0,nan,0,1,1.0,0.0,-0.000516157908918983,0.0008383388974492643,nan,-0.000516157908918983,0.0008383388974492643,nan,0.5791773381769364,0.5791773381769364,0.0,0.0,0.0,nan,0,1,1.0,0.0,-0.0016831644946404415,0.0006257436679647313,nan,-0.0016831644946404415,0.0006257436679647313,nan,1.0336609932277345,1.0336609932277345,0.0,0.0,0.0,nan,0
423,0.3860000000000003,0.45,,scientific,0,1,0.1735483870967742,1.0,0.0,-0.0016857983745714631,0.0006252280405229277,nan,-0.0016857983745714631,0.0006252280405229277,nan,1.0349035402151436,1.0349035402151436,0.0,0.0,0.0,nan,0,1,1.0,0.0,-0.000516157908918983,0.0008383388974492643,nan,-0.000516157908918983,0.0008383388974492643,nan,0.5791773381769364,0.5791773381769364,0.0,0.0,0.0,nan,0,1,1.0,0.0,-0.0016857983745714631,0.0006252280405229277,nan,-0.0016857983745714631,0.0006252280405229277,nan,1.0349035402151436,1.0349035402151436,0.0,0.0,0.0,nan,0
424,0.3870000000000003,0.45,,scientific,0,1,0.1735483870967742,1.0,0.0,-0.0016884306435111759,0.0006247129259205046,nan,-0.0016884306435111759,0.0006247129259205046,nan,1.0361459455238495,1.0361459455238495,0.0,0.0,0.0,nan,0,1,1.0,0.0,-0.000516157908918983,0.0008383388974492643,nan,-0.000516157908918983,0.0008383388974492643,nan,0.5791773381769364,0.5791773381769364,0.0,0.0,0.0,nan,0,1,1.0,0.0,-0.0016884306435111759,0.0006247129259205046,nan,-0.0016884306435111759,0.0006247129259205046,nan,1.0361459455238495,1.0361459455238495,0.0,0.0,0.0,nan,0
425,0.3880000000000003,0.45,,scientific,0,1,0.1735483870967742,1.0,0.0,-0.00169106129773879,0.0006241983263019351,nan,-0.00169106129773879,0.0006241983263019351,nan,1.0373882092363615,1.0373882092363615,0.0,0.0,0.0,nan,0,1,1.0,0.0,-0.000516157908918983,0.0008383388974492643,nan,-0.000516157908918983,0.0008383388974492643,nan,0.5791773381769364,0.5791773381769364,0.0,0.0,0.0,nan,0,1,1.0,0.0,-0.00169106129773879,0.0006241983263019351,nan,-0.00169106129773879,0.0006241983263019351,nan,1.0373882092363615,1.0373882092363615,0.0,0.0,0.0,nan,0
426,0.3890000000000003,0.45,,scientific,0,1,0.1735483870967742,1.0,0.0,-0.0016936903248280187,0.0006236842412745302,nan,-0.0016936903248280187,0.0006236842412745302,nan,1.0386303314465497,1.0386303314465497,0.0,0.0,0.0,nan,0,1,1.0,0.0,-0.000516157908918983,0.0008383388974492643,nan,-0.000516157908918983,0.0008383388974492643,nan,0.5791773381769364,0.5791773381769364,0.0,0.0,0.0,nan,0,1,1.0,0.0,-0.0016936903248280187,0.0006236842412745302,nan,-0.0016936903248280187,0.0006236842412745302,nan,1.0386303314465497,1.0386303314465497,0.0,0.0,0.0,nan,0
427,0.3900000000000003,0.45,,scientific,0,1,0.1735483870967742,1.0,0.0,-0.001696317747088143,0.0006231706822932877,nan,-0.001696317747088143,0.0006231706822932877,nan,1.0398723122355114,1.0398723122355114,0.0,0.0,0.0,nan,0,1,1.0,0.0,-0.000516157908918983,0.0008383388974492643,nan,-0.000516157908918983,0.0008383388974492643,nan,0.5791773381769364,0.5791773381769364,0.0,0.0,0.0,nan,0,1,1.0,0.0,-0.001696317747088143,0.0006231706822932877,nan,-0.001696317747088143,0.0006231706822932877,nan,1.0398723122355114,1.0398723122355114,0.0,0.0,0.0,nan,0
428,0.3910000000000003,0.45,,scientific,0,1,0.1735483870967742,1.0,0.0,-0.0016989435805089379,0.0006226576511373853,nan,-0.0016989435805089379,0.0006226576511373853,nan,1.0411141517107345,1.0411141517107345,0.0,0.0,0.0,nan,0,1,1.0,0.0,-0.000516157908918983,0.0008383388974492643,nan,-0.000516157908918983,0.0008383388974492643,nan,0.5791773381769364,0.5791773381769364,0.0,0.0,0.0,nan,0,1,1.0,0.0,-0.0016989435805089379,0.0006226576511373853,nan,-0.0016989435805089379,0.0006226576511373853,nan,1.0411141517107345,1.0411141517107345,0.0,0.0,0.0,nan,0
429,0.3920000000000003,0.45,,scientific,0,1,0.17419354838709677,1.0,0.0,-0.001701567825470303,0.0006221451445730244,nan,-0.001701567825470303,0.0006221451445730244,nan,1.042355849956055,1.042355849956055,0.0,0.0,0.0,nan,0,1,1.0,0.0,-0.000516157908918983,0.0008383388974492643,nan,-0.000516157908918983,0.0008383388974492643,nan,0.5791773381769364,0.5791773381769364,0.0,0.0,0.0,nan,0,1,1.0,0.0,-0.001701567825470303,0.0006221451445730244,nan,-0.001701567825470303,0.0006221451445730244,nan,1.042355849956055,1.042355849956055,0.0,0.0,0.0,nan,0
430,0.3930000000000003,0.45,,scientific,0,1,0.17419354838709677,1.0,0.0,-0.0017041904702033738,0.0006216331495853945,nan,-0.0017041904702033738,0.0006216331495853945,nan,1.0435974070673204,1.0435974070673204,0.0,0.0,0.0,nan,0,1,1.0,0.0,-0.000516157908918983,0.0008383388974492643,nan,-0.000516157908918983,0.0008383388974492643,nan,0.5791773381769364,0.5791773381769364,0.0,0.0,0.0,nan,0,1,1.0,0.0,-0.0017041904702033738,0.0006216331495853945,nan,-0.0017041904702033738,0.0006216331495853945,nan,1.0435974070673204,1.0435974070673204,0.0,0.0,0.0,nan,0
431,0.3940000000000003,0.45,,scientific,0,1,0.17419354838709677,1.0,0.0,-0.0017068115158625627,0.000621121668599381,nan,-0.0017068115158625627,0.000621121668599381,nan,1.0448388231312813,1.0448388231312813,0.0,0.0,0.0,nan,0,1,1.0,0.0,-0.000516157908918983,0.0008383388974492643,nan,-0.000516157908918983,0.0008383388974492643,nan,0.5791773381769364,0.5791773381769364,0.0,0.0,0.0,nan,0,1,1.0,0.0,-0.0017068115158625627,0.000621121668599381,nan,-0.0017068115158625627,0.000621121668599381,nan,1.0448388231312813,1.0448388231312813,0.0,0.0,0.0,nan,0
432,0.3950000000000003,0.45,,scientific,0,1,0.17419354838709677,1.0,0.0,-0.0017094309735281583,0.0006206107084529656,nan,-0.0017094309735281583,0.0006206107084529656,nan,1.046080098234186,1.046080098234186,0.0,0.0,0.0,nan,0,1,1.0,0.0,-0.000516157908918983,0.0008383388974492643,nan,-0.000516157908918983,0.0008383388974492643,nan,0.5791773381769364,0.5791773381769364,0.0,0.0,0.0,nan,0,1,1.0,0.0,-0.0017094309735281583,0.0006206107084529656,nan,-0.0017094309735281583,0.0006206107084529656,nan,1.046080098234186,1.046080098234186,0.0,0.0,0.0,nan,0
433,0.3960000000000003,0.45,,scientific,0,1,0.17419354838709677,1.0,0.0,-0.001712048855119906,0.000620100249335865,nan,-0.001712048855119906,0.000620100249335865,nan,1.0473212324802619,1.0473212324802619,0.0,0.0,0.0,nan,0,1,1.0,0.0,-0.000516157908918983,0.0008383388974492643,nan,-0.000516157908918983,0.0008383388974492643,nan,0.5791773381769364,0.5791773381769364,0.0,0.0,0.0,nan,0,1,1.0,0.0,-0.001712048855119906,0.000620100249335865,nan,-0.001712048855119906,0.000620100249335865,nan,1.0473212324802619,1.0473212324802619,0.0,0.0,0.0,nan,0
434,0.3970000000000003,0.45,,scientific,0,1,0.17419354838709677,1.0,0.0,-0.001714665163094332,0.0006195902884058494,nan,-0.001714665163094332,0.0006195902884058494,nan,1.0485622259595728,1.0485622259595728,0.0,0.0,0.0,nan,0,1,1.0,0.0,-0.000516157908918983,0.0008383388974492643,nan,-0.000516157908918983,0.0008383388974492643,nan,0.5791773381769364,0.5791773381769364,0.0,0.0,0.0,nan,0,1,1.0,0.0,-0.001714665163094332,0.0006195902884058494,nan,-0.001714665163094332,0.0006195902884058494,nan,1.0485622259595728,1.0485622259595728,0.0,0.0,0.0,nan,0
435,0.3980000000000003,0.45,,scientific,0,1,0.17419354838709677,1.0,0.0,-0.0017172798954544336,0.0006190808344274453,nan,-0.0017172798954544336,0.0006190808344274453,nan,1.0498030787557147,1.0498030787557147,0.0,0.0,0.0,nan,0,1,1.0,0.0,-0.000516157908918983,0.0008383388974492643,nan,-0.000516157908918983,0.0008383388974492643,nan,0.5791773381769364,0.5791773381769364,0.0,0.0,0.0,nan,0,1,1.0,0.0,-0.0017172798954544336,0.0006190808344274453,nan,-0.0017172798954544336,0.0006190808344274453,nan,1.0498030787557147,1.0498030787557147,0.0,0.0,0.0,nan,0
436,0.3990000000000003,0.45,,scientific,0,1,0.17419354838709677,1.0,0.0,-0.0017198930569705545,0.0006185719109035752,nan,-0.0017198930569705545,0.0006185719109035752,nan,1.0510437909540746,1.0510437909540746,0.0,0.0,0.0,nan,0,1,1.0,0.0,-0.000516157908918983,0.0008383388974492643,nan,-0.000516157908918983,0.0008383388974492643,nan,0.5791773381769364,0.5791773381769364,0.0,0.0,0.0,nan,0,1,1.0,0.0,-0.0017198930569705545,0.0006185719109035752,nan,-0.0017198930569705545,0.0006185719109035752,nan,1.0510437909540746,1.0510437909540746,0.0,0.0,0.0,nan,0
437,0.4000000000000003,0.45,,scientific,0,1,0.17419354838709677,1.0,0.0,-0.0017225046368736054,0.0006180635277122213,nan,-0.0017225046368736054,0.0006180635277122213,nan,1.0522843626504395,1.0522843626504395,0.0,0.0,0.0,nan,0,1,1.0,0.0,-0.000516157908918983,0.0008383388974492643,nan,-0.000516157908918983,0.0008383388974492643,nan,0.5791773381769364,0.5791773381769364,0.0,0.0,0.0,nan,0,1,1.0,0.0,-0.0017225046368736054,0.0006180635277122213,nan,-0.0017225046368736054,0.0006180635277122213,nan,1.0522843626504395,1.0522843626504395,0.0,0.0,0.0,nan,0
438,0.4010000000000003,0.45,,scientific,0,1,0.17419354838709677,1.0,0.0,-0.0017251146395616077,0.0006175556756488699,nan,-0.0017251146395616077,0.0006175556756488699,nan,1.0535247939311865,1.0535247939311865,0.0,0.0,0.0,nan,0,1,1.0,0.0,-0.000516157908918983,0.0008383388974492643,nan,-0.000516157908918983,0.0008383388974492643,nan,0.5791773381769364,0.5791773381769364,0.0,0.0,0.0,nan,0,1,1.0,0.0,-0.0017251146395616077,0.0006175556756488699,nan,-0.0017251146395616077,0.0006175556756488699,nan,1.0535247939311865,1.0535247939311865,0.0,0.0,0.0,nan,0
439,0.4020000000000003,0.45,,scientific,0,1,0.17419354838709677,1.0,0.0,-0.0017277230751211777,0.000617048340124587,nan,-0.0017277230751211777,0.000617048340124587,nan,1.0547650848906254,1.0547650848906254,0.0,0.0,0.0,nan,0,1,1.0,0.0,-0.000516157908918983,0.0008383388974492643,nan,-0.000516157908918983,0.0008383388974492643,nan,0.5791773381769364,0.5791773381769364,0.0,0.0,0.0,nan,0,1,1.0,0.0,-0.0017277230751211777,0.000617048340124587,nan,-0.0017277230751211777,0.000617048340124587,nan,1.0547650848906254,1.0547650848906254,0.0,0.0,0.0,nan,0
440,0.4030000000000003,0.45,,scientific,0,1,0.17483870967741935,1.0,0.0,-0.0017303299407992977,0.0006165415179431177,nan,-0.0017303299407992977,0.0006165415179431177,nan,1.0560052356163177,1.0560052356163177,0.0,0.0,0.0,nan,0,1,1.0,0.0,-0.000516157908918983,0.0008383388974492643,nan,-0.000516157908918983,0.0008383388974492643,nan,0.5791773381769364,0.5791773381769364,0.0,0.0,0.0,nan,0,1,1.0,0.0,-0.0017303299407992977,0.0006165415179431177,nan,-0.0017303299407992977,0.0006165415179431177,nan,1.0560052356163177,1.0560052356163177,0.0,0.0,0.0,nan,0
441,0.4040000000000003,0.45,,scientific,0,1,0.17483870967741935,1.0,0.0,-0.0017329352354394565,0.0006160351997458531,nan,-0.0017329352354394565,0.0006160351997458531,nan,1.057245246201857,1.057245246201857,0.0,0.0,0.0,nan,0,1,1.0,0.0,-0.000516157908918983,0.0008383388974492643,nan,-0.000516157908918983,0.0008383388974492643,nan,0.5791773381769364,0.5791773381769364,0.0,0.0,0.0,nan,0,1,1.0,0.0,-0.0017329352354394565,0.0006160351997458531,nan,-0.0017329352354394565,0.0006160351997458531,nan,1.057245246201857,1.057245246201857,0.0,0.0,0.0,nan,0
442,0.4050000000000003,0.45,,scientific,0,1,0.17483870967741935,1.0,0.0,-0.0017355389744943253,0.0006155293943365343,nan,-0.0017355389744943253,0.0006155293943365343,nan,1.0584851167224703,1.0584851167224703,0.0,0.0,0.0,nan,0,1,1.0,0.0,-0.000516157908918983,0.0008383388974492643,nan,-0.000516157908918983,0.0008383388974492643,nan,0.5791773381769364,0.5791773381769364,0.0,0.0,0.0,nan,0,1,1.0,0.0,-0.0017355389744943253,0.0006155293943365343,nan,-0.0017355389744943253,0.0006155293943365343,nan,1.0584851167224703,1.0584851167224703,0.0,0.0,0.0,nan,0
443,0.4060000000000003,0.45,,scientific,0,1,0.17483870967741935,1.0,0.0,-0.001738141164264752,0.0006150241043005347,nan,-0.001738141164264752,0.0006150241043005347,nan,1.059724847269416,1.059724847269416,0.0,0.0,0.0,nan,0,1,1.0,0.0,-0.000516157908918983,0.0008383388974492643,nan,-0.000516157908918983,0.0008383388974492643,nan,0.5791773381769364,0.5791773381769364,0.0,0.0,0.0,nan,0,1,1.0,0.0,-0.001738141164264752,0.0006150241043005347,nan,-0.001738141164264752,0.0006150241043005347,nan,1.059724847269416,1.059724847269416,0.0,0.0,0.0,nan,0
444,0.4070000000000003,0.45,,scientific,0,1,0.17483870967741935,1.0,0.0,-0.0017407418077703776,0.0006145193292284376,nan,-0.0017407418077703776,0.0006145193292284376,nan,1.060964437938369,1.060964437938369,0.0,0.0,0.0,nan,0,1,1.0,0.0,-0.000516157908918983,0.0008383388974492643,nan,-0.000516157908918983,0.0008383388974492643,nan,0.5791773381769364,0.5791773381769364,0.0,0.0,0.0,nan,0,1,1.0,0.0,-0.0017407418077703776,0.0006145193292284376,nan,-0.0017407418077703776,0.0006145193292284376,nan,1.060964437938369,1.060964437938369,0.0,0.0,0.0,nan,0
445,0.4080000000000003,0.45,,scientific,0,1,0.17483870967741935,1.0,0.0,-0.0017433409057105232,0.0006140150720599208,nan,-0.0017433409057105232,0.0006140150720599208,nan,1.062203888826396,1.062203888826396,0.0,0.0,0.0,nan,0,1,1.0,0.0,-0.000516157908918983,0.0008383388974492643,nan,-0.000516157908918983,0.0008383388974492643,nan,0.5791773381769364,0.5791773381769364,0.0,0.0,0.0,nan,0,1,1.0,0.0,-0.0017433409057105232,0.0006140150720599208,nan,-0.0017433409057105232,0.0006140150720599208,nan,1.062203888826396,1.062203888826396,0.0,0.0,0.0,nan,0
446,0.4090000000000003,0.45,,scientific,0,1,0.17483870967741935,1.0,0.0,-0.0017459384457316272,0.0006135113318689565,nan,-0.0017459384457316272,0.0006135113318689565,nan,1.0634432000362404,1.0634432000362404,0.0,0.0,0.0,nan,0,1,1.0,0.0,-0.000516157908918983,0.0008383388974492643,nan,-0.000516157908918983,0.0008383388974492643,nan,0.5791773381769364,0.5791773381769364,0.0,0.0,0.0,nan,0,1,1.0,0.0,-0.0017459384457316272,0.0006135113318689565,nan,-0.0017459384457316272,0.0006135113318689565,nan,1.0634432000362404,1.0634432000362404,0.0,0.0,0.0,nan,0
447,0.4100000000000003,0.45,,scientific,0,1,0.17483870967741935,1.0,0.0,-0.0017485344415204263,0.0006130081056780177,nan,-0.0017485344415204263,0.0006130081056780177,nan,1.0646823716413838,1.0646823716413838,0.0,0.0,0.0,nan,0,1,1.0,0.0,-0.000516157908918983,0.0008383388974492643,nan,-0.000516157908918983,0.0008383388974492643,nan,0.5791773381769364,0.5791773381769364,0.0,0.0,0.0,nan,0,1,1.0,0.0,-0.0017485344415204263,0.0006130081056780177,nan,-0.0017485344415204263,0.0006130081056780177,nan,1.0646823716413838,1.0646823716413838,0.0,0.0,0.0,nan,0
448,0.4110000000000003,0.45,,scientific,0,1,0.17483870967741935,1.0,0.0,-0.002391918644725788,-0.0003814424939038899,nan,-0.002391918644725788,-0.0003814424939038899,nan,1.0680897688883588,1.0680897688883588,0.0,0.0,0.0,nan,0,1,1.0,0.0,-0.0009480420339584303,0.0001687724789657529,nan,-0.0009480420339584303,0.0001687724789657529,nan,0.5802538759802551,0.5802538759802551,0.0,0.0,0.0,nan,0,1,1.0,0.0,-0.002391918644725788,-0.0003814424939038899,nan,-0.002391918644725788,-0.0003814424939038899,nan,1.0680897688883588,1.0680897688883588,0.0,0.0,0.0,nan,0
449,0.4120000000000003,0.45,,scientific,0,1,0.17483870967741935,1.0,0.0,-0.0023949430819708516,-0.0003826143405183532,nan,-0.0023949430819708516,-0.0003826143405183532,nan,1.0693313839514158,1.0693313839514158,0.0,0.0,0.0,nan,0,1,1.0,0.0,-0.0009480420339584303,0.0001687724789657529,nan,-0.0009480420339584303,0.0001687724789657529,nan,0.5802538759802551,0.5802538759802551,0.0,0.0,0.0,nan,0,1,1.0,0.0,-0.0023949430819708516,-0.0003826143405183532,nan,-0.0023949430819708516,-0.0003826143405183532,nan,1.0693313839514158,1.0693313839514158,0.0,0.0,0.0,nan,0
450,0.4130000000000003,0.45,,scientific,0,1,0.17483870967741935,1.0,0.0,-0.002397965787663528,-0.00038378536318422156,nan,-0.002397965787663528,-0.00038378536318422156,nan,1.0705728598155502,1.0705728598155502,0.0,0.0,0.0,nan,0,1,1.0,0.0,-0.0009480420339584303,0.0001687724789657529,nan,-0.0009480420339584303,0.0001687724789657529,nan,0.5802538759802551,0.5802538759802551,0.0,0.0,0.0,nan,0,1,1.0,0.0,-0.002397965787663528,-0.00038378536318422156,nan,-0.002397965787663528,-0.00038378536318422156,nan,1.0705728598155502,1.0705728598155502,0.0,0.0,0.0,nan,0
451,0.4140000000000003,0.45,,scientific,0,1,0.17483870967741935,1.0,0.0,-0.0024009867670330993,-0.00038495556499699816,nan,-0.0024009867670330993,-0.00038495556499699816,nan,1.0718141965715873,1.0718141965715873,0.0,0.0,0.0,nan,0,1,1.0,0.0,-0.0009480420339584303,0.0001687724789657529,nan,-0.0009480420339584303,0.0001687724789657529,nan,0.5802538759802551,0.5802538759802551,0.0,0.0,0.0,nan,0,1,1.0,0.0,-0.0024009867670330993,-0.00038495556499699816,nan,-0.0024009867670330993,-0.00038495556499699816,nan,1.0718141965715873,1.0718141965715873,0.0,0.0,0.0,nan,0
452,0.4150000000000003,0.45,,scientific,0,1,0.17483870967741935,1.0,0.0,-0.0024040060237464455,-0.000386124947804505,nan,-0.0024040060237464455,-0.000386124947804505,nan,1.073055394311194,1.073055394311194,0.0,0.0,0.0,nan,0,1,1.0,0.0,-0.0009480420339584303,0.0001687724789657529,nan,-0.0009480420339584303,0.0001687724789657529,nan,0.5802538759802551,0.5802538759802551,0.0,0.0,0.0,nan,0,1,1.0,0.0,-0.0024040060237464455,-0.000386124947804505,nan,-0.0024040060237464455,-0.000386124947804505,nan,1.073055394311194,1.073055394311194,0.0,0.0,0.0,nan,0
453,0.4160000000000003,0.45,,scientific,0,1,0.17548387096774193,1.0,0.0,-0.002407023561066924,-0.0003872935130261828,nan,-0.002407023561066924,-0.0003872935130261828,nan,1.0742964531256949,1.0742964531256949,0.0,0.0,0.0,nan,0,1,1.0,0.0,-0.0009480420339584303,0.0001687724789657529,nan,-0.0009480420339584303,0.0001687724789657529,nan,0.5802538759802551,0.5802538759802551,0.0,0.0,0.0,nan,0,1,1.0,0.0,-0.002407023561066924,-0.0003872935130261828,nan,-0.002407023561066924,-0.0003872935130261828,nan,1.0742964531256949,1.0742964531256949,0.0,0.0,0.0,nan,0
454,0.4170000000000003,0.45,,scientific,0,1,0.17548387096774193,1.0,0.0,-0.0024100393821787436,-0.0003884612619892788,nan,-0.0024100393821787436,-0.0003884612619892788,nan,1.0755373731056657,1.0755373731056657,0.0,0.0,0.0,nan,0,1,1.0,0.0,-0.0009480420339584303,0.0001687724789657529,nan,-0.0009480420339584303,0.0001687724789657529,nan,0.5802538759802551,0.5802538759802551,0.0,0.0,0.0,nan,0,1,1.0,0.0,-0.0024100393821787436,-0.0003884612619892788,nan,-0.0024100393821787436,-0.0003884612619892788,nan,1.0755373731056657,1.0755373731056657,0.0,0.0,0.0,nan,0
455,0.4180000000000003,0.45,,scientific,0,1,0.17548387096774193,1.0,0.0,-0.002413053493203001,-0.0003896281982029096,nan,-0.002413053493203001,-0.0003896281982029096,nan,1.0767781543457333,1.0767781543457333,0.0,0.0,0.0,nan,0,1,1.0,0.0,-0.0009480420339584303,0.0001687724789657529,nan,-0.0009480420339584303,0.0001687724789657529,nan,0.5802538759802551,0.5802538759802551,0.0,0.0,0.0,nan,0,1,1.0,0.0,-0.002413053493203001,-0.0003896281982029096,nan,-0.002413053493203001,-0.0003896281982029096,nan,1.0767781543457333,1.0767781543457333,0.0,0.0,0.0,nan,0
456,0.4190000000000003,0.45,,scientific,0,1,0.17548387096774193,1.0,0.0,-0.002416065900341036,-0.00039079434037902957,nan,-0.002416065900341036,-0.00039079434037902957,nan,1.0780187969379162,1.0780187969379162,0.0,0.0,0.0,nan,0,1,1.0,0.0,-0.0009480420339584303,0.0001687724789657529,nan,-0.0009480420339584303,0.0001687724789657529,nan,0.5802538759802551,0.5802538759802551,0.0,0.0,0.0,nan,0,1,1.0,0.0,-0.002416065900341036,-0.00039079434037902957,nan,-0.002416065900341036,-0.00039079434037902957,nan,1.0780187969379162,1.0780187969379162,0.0,0.0,0.0,nan,0
457,0.4200000000000003,0.45,,scientific,0,1,0.17548387096774193,1.0,0.0,-0.002419076611474252,-0.00039195966193595537,nan,-0.002419076611474252,-0.00039195966193595537,nan,1.0792593009592346,1.0792593009592346,0.0,0.0,0.0,nan,0,1,1.0,0.0,-0.0009480420339584303,0.0001687724789657529,nan,-0.0009480420339584303,0.0001687724789657529,nan,0.5802538759802551,0.5802538759802551,0.0,0.0,0.0,nan,0,1,1.0,0.0,-0.002419076611474252,-0.00039195966193595537,nan,-0.002419076611474252,-0.00039195966193595537,nan,1.0792593009592346,1.0792593009592346,0.0,0.0,0.0,nan,0
458,0.4210000000000003,0.45,,scientific,0,1,0.17548387096774193,1.0,0.0,-0.002422085617702583,-0.0003931241667079531,nan,-0.002422085617702583,-0.0003931241667079531,nan,1.0804996664889304,1.0804996664889304,0.0,0.0,0.0,nan,0,1,1.0,0.0,-0.0009480420339584303,0.0001687724789657529,nan,-0.0009480420339584303,0.0001687724789657529,nan,0.5802538759802551,0.5802538759802551,0.0,0.0,0.0,nan,0,1,1.0,0.0,-0.002422085617702583,-0.0003931241667079531,nan,-0.002422085617702583,-0.0003931241667079531,nan,1.0804996664889304,1.0804996664889304,0.0,0.0,0.0,nan,0
459,0.4220000000000003,0.45,,scientific,0,1,0.17548387096774193,1.0,0.0,-0.0024250929190886466,-0.0003942878571853891,nan,-0.0024250929190886466,-0.0003942878571853891,nan,1.0817398936163531,1.0817398936163531,0.0,0.0,0.0,nan,0,1,1.0,0.0,-0.0009480420339584303,0.0001687724789657529,nan,-0.0009480420339584303,0.0001687724789657529,nan,0.5802538759802551,0.5802538759802551,0.0,0.0,0.0,nan,0,1,1.0,0.0,-0.0024250929190886466,-0.0003942878571853891,nan,-0.0024250929190886466,-0.0003942878571853891,nan,1.0817398936163531,1.0817398936163531,0.0,0.0,0.0,nan,0
460,0.4230000000000003,0.45,,scientific,0,1,0.17548387096774193,1.0,0.0,-0.0024280985161714225,-0.0003954507415940455,nan,-0.0024280985161714225,-0.0003954507415940455,nan,1.082979982435018,1.082979982435018,0.0,0.0,0.0,nan,0,1,1.0,0.0,-0.0009480420339584303,0.0001687724789657529,nan,-0.0009480420339584303,0.0001687724789657529,nan,0.5802538759802551,0.5802538759802551,0.0,0.0,0.0,nan,0,1,1.0,0.0,-0.0024280985161714225,-0.0003954507415940455,nan,-0.0024280985161714225,-0.0003954507415940455,nan,1.082979982435018,1.082979982435018,0.0,0.0,0.0,nan,0
461,0.4240000000000003,0.45,,scientific,0,1,0.17548387096774193,1.0,0.0,-0.0024311024045853805,-0.0003966128169826128,nan,-0.0024311024045853805,-0.0003966128169826128,nan,1.0842199330361453,1.0842199330361453,0.0,0.0,0.0,nan,0,1,1.0,0.0,-0.0009480420339584303,0.0001687724789657529,nan,-0.0009480420339584303,0.0001687724789657529,nan,0.5802538759802551,0.5802538759802551,0.0,0.0,0.0,nan,0,1,1.0,0.0,-0.0024311024045853805,-0.0003966128169826128,nan,-0.0024311024045853805,-0.0003966128169826128,nan,1.0842199330361453,1.0842199330361453,0.0,0.0,0.0,nan,0
462,0.4250000000000003,0.45,,scientific,0,1,0.17548387096774193,1.0,0.0,-0.002506486348992351,-0.001598810351338348,nan,-0.002506486348992351,-0.001598810351338348,nan,1.0876890372816512,1.0876890372816512,0.0,0.0,0.0,nan,0,1,1.0,0.0,-0.0009962092804849702,-0.0006247213297990419,nan,-0.0009962092804849702,-0.0006247213297990419,nan,0.581330413783308,0.581330413783308,0.0,0.0,0.0,nan,0,1,1.0,0.0,-0.002506486348992351,-0.001598810351338348,nan,-0.002506486348992351,-0.001598810351338348,nan,1.0876890372816512,1.0876890372816512,0.0,0.0,0.0,nan,0
463,0.4260000000000003,0.45,,scientific,0,1,0.17548387096774193,1.0,0.0,-0.0025095351442947227,-0.001600784587527057,nan,-0.0025095351442947227,-0.001600784587527057,nan,1.0889314963462695,1.0889314963462695,0.0,0.0,0.0,nan,0,1,1.0,0.0,-0.0009962092804849702,-0.0006247213297990419,nan,-0.0009962092804849702,-0.0006247213297990419,nan,0.581330413783308,0.581330413783308,0.0,0.0,0.0,nan,0,1,1.0,0.0,-0.0025095351442947227,-0.001600784587527057,nan,-0.0025095351442947227,-0.001600784587527057,nan,1.0889314963462695,1.0889314963462695,0.0,0.0,0.0,nan,0
464,0.4270000000000003,0.45,,scientific,0,1,0.17548387096774193,1.0,0.0,-0.0025125822474669672,-0.0016027576882230682,nan,-0.0025125822474669672,-0.0016027576882230682,nan,1.0901738176744593,1.0901738176744593,0.0,0.0,0.0,nan,0,1,1.0,0.0,-0.0009962092804849702,-0.0006247213297990419,nan,-0.0009962092804849702,-0.0006247213297990419,nan,0.581330413783308,0.581330413783308,0.0,0.0,0.0,nan,0,1,1.0,0.0,-0.0025125822474669672,-0.0016027576882230682,nan,-0.0025125822474669672,-0.0016027576882230682,nan,1.0901738176744593,1.0901738176744593,0.0,0.0,0.0,nan,0
465,0.4280000000000003,0.45,,scientific,0,1,0.17548387096774193,1.0,0.0,-0.0025156276515512425,-0.0016047296603360769,nan,-0.0025156276515512425,-0.0016047296603360769,nan,1.0914160013502379,1.0914160013502379,0.0,0.0,0.0,nan,0,1,1.0,0.0,-0.0009962092804849702,-0.0006247213297990419,nan,-0.0009962092804849702,-0.0006247213297990419,nan,0.581330413783308,0.581330413783308,0.0,0.0,0.0,nan,0,1,1.0,0.0,-0.0025156276515512425,-0.0016047296603360769,nan,-0.0025156276515512425,-0.0016047296603360769,nan,1.0914160013502379,1.0914160013502379,0.0,0.0,0.0,nan,0
466,0.4290000000000003,0.45,,scientific,0,1,0.17548387096774193,1.0,0.0,-0.0025186713254904606,-0.0016067005005727462,nan,-0.0025186713254904606,-0.0016067005005727462,nan,1.0926580474715468,1.0926580474715468,0.0,0.0,0.0,nan,0,1,1.0,0.0,-0.0009962092804849702,-0.0006247213297990419,nan,-0.0009962092804849702,-0.0006247213297990419,nan,0.581330413783308,0.581330413783308,0.0,0.0,0.0,nan,0,1,1.0,0.0,-0.0025186713254904606,-0.0016067005005727462,nan,-0.0025186713254904606,-0.0016067005005727462,nan,1.0926580474715468,1.0926580474715468,0.0,0.0,0.0,nan,0
467,0.4300000000000003,0.45,,scientific,0,1,0.17548387096774193,1.0,0.0,-0.0025217132945491703,-0.0016086702049382658,nan,-0.0025217132945491703,-0.0016086702049382658,nan,1.0938999561064542,1.0938999561064542,0.0,0.0,0.0,nan,0,1,1.0,0.0,-0.0009962092804849702,-0.0006247213297990419,nan,-0.0009962092804849702,-0.0006247213297990419,nan,0.581330413783308,0.581330413783308,0.0,0.0,0.0,nan,0,1,1.0,0.0,-0.0025217132945491703,-0.0016086702049382658,nan,-0.0025217132945491703,-0.0016086702049382658,nan,1.0938999561064542,1.0938999561064542,0.0,0.0,0.0,nan,0
468,0.4310000000000003,0.45,,scientific,0,1,0.17548387096774193,1.0,0.0,-0.0025247535692031254,-0.001610638773587083,nan,-0.0025247535692031254,-0.001610638773587083,nan,1.095141727342174,1.095141727342174,0.0,0.0,0.0,nan,0,1,1.0,0.0,-0.0009962092804849702,-0.0006247213297990419,nan,-0.0009962092804849702,-0.0006247213297990419,nan,0.581330413783308,0.581330413783308,0.0,0.0,0.0,nan,0,1,1.0,0.0,-0.0025247535692031254,-0.001610638773587083,nan,-0.0025247535692031254,-0.001610638773587083,nan,1.095141727342174,1.095141727342174,0.0,0.0,0.0,nan,0
469,0.43200000000000033,0.45,,scientific,0,1,0.17548387096774193,1.0,0.0,-0.0025277921396554366,-0.0016126062178233405,nan,-0.0025277921396554366,-0.0016126062178233405,nan,1.0963833612788103,1.0963833612788103,0.0,0.0,0.0,nan,0,1,1.0,0.0,-0.0009962092804849702,-0.0006247213297990419,nan,-0.0009962092804849702,-0.0006247213297990419,nan,0.581330413783308,0.581330413783308,0.0,0.0,0.0,nan,0,1,1.0,0.0,-0.0025277921396554366,-0.0016126062178233405,nan,-0.0025277921396554366,-0.0016126062178233405,nan,1.0963833612788103,1.0963833612788103,0.0,0.0,0.0,nan,0
470,0.43300000000000033,0.45,,scientific,0,1,0.17548387096774193,1.0,0.0,-0.0025308290264687717,-0.0016145725342537989,nan,-0.0025308290264687717,-0.0016145725342537989,nan,1.0976248579991463,1.0976248579991463,0.0,0.0,0.0,nan,0,1,1.0,0.0,-0.0009962092804849702,-0.0006247213297990419,nan,-0.0009962092804849702,-0.0006247213297990419,nan,0.581330413783308,0.581330413783308,0.0,0.0,0.0,nan,0,1,1.0,0.0,-0.0025308290264687717,-0.0016145725342537989,nan,-0.0025308290264687717,-0.0016145725342537989,nan,1.0976248579991463,1.0976248579991463,0.0,0.0,0.0,nan,0
471,0.43400000000000033,0.45,,scientific,0,1,0.17548387096774193,1.0,0.0,-0.0025338642381305147,-0.0016165377132431927,nan,-0.0025338642381305147,-0.0016165377132431927,nan,1.0988662175910584,1.0988662175910584,0.0,0.0,0.0,nan,0,1,1.0,0.0,-0.0009962092804849702,-0.0006247213297990419,nan,-0.0009962092804849702,-0.0006247213297990419,nan,0.581330413783308,0.581330413783308,0.0,0.0,0.0,nan,0,1,1.0,0.0,-0.0025338642381305147,-0.0016165377132431927,nan,-0.0025338642381305147,-0.0016165377132431927,nan,1.0988662175910584,1.0988662175910584,0.0,0.0,0.0,nan,0
472,0.43500000000000033,0.45,,scientific,0,1,0.17548387096774193,1.0,0.0,-0.0025368977734873633,-0.0016185017596267563,nan,-0.0025368977734873633,-0.0016185017596267563,nan,1.1001074401404198,1.1001074401404198,0.0,0.0,0.0,nan,0,1,1.0,0.0,-0.0009962092804849702,-0.0006247213297990419,nan,-0.0009962092804849702,-0.0006247213297990419,nan,0.581330413783308,0.581330413783308,0.0,0.0,0.0,nan,0,1,1.0,0.0,-0.0025368977734873633,-0.0016185017596267563,nan,-0.0025368977734873633,-0.0016185017596267563,nan,1.1001074401404198,1.1001074401404198,0.0,0.0,0.0,nan,0
473,0.43600000000000033,0.45,,scientific,0,1,0.17548387096774193,1.0,0.0,-0.002539929632817436,-0.0016204646778495318,nan,-0.002539929632817436,-0.0016204646778495318,nan,1.1013485257361404,1.1013485257361404,0.0,0.0,0.0,nan,0,1,1.0,0.0,-0.0009962092804849702,-0.0006247213297990419,nan,-0.0009962092804849702,-0.0006247213297990419,nan,0.581330413783308,0.581330413783308,0.0,0.0,0.0,nan,0,1,1.0,0.0,-0.002539929632817436,-0.0016204646778495318,nan,-0.002539929632817436,-0.0016204646778495318,nan,1.1013485257361404,1.1013485257361404,0.0,0.0,0.0,nan,0
474,0.43700000000000033,0.45,,scientific,0,1,0.17548387096774193,1.0,0.0,-0.0025429598175156216,-0.0016224264728542895,nan,-0.0025429598175156216,-0.0016224264728542895,nan,1.1025894744695524,1.1025894744695524,0.0,0.0,0.0,nan,0,1,1.0,0.0,-0.0009962092804849702,-0.0006247213297990419,nan,-0.0009962092804849702,-0.0006247213297990419,nan,0.581330413783308,0.581330413783308,0.0,0.0,0.0,nan,0,1,1.0,0.0,-0.0025429598175156216,-0.0016224264728542895,nan,-0.0025429598175156216,-0.0016224264728542895,nan,1.1025894744695524,1.1025894744695524,0.0,0.0,0.0,nan,0
475,0.43800000000000033,0.45,,scientific,0,1,0.17548387096774193,1.0,0.0,-0.0025459883287910962,-0.0016243871510554292,nan,-0.0025459883287910962,-0.0016243871510554292,nan,1.1038302864313254,1.1038302864313254,0.0,0.0,0.0,nan,0,1,1.0,0.0,-0.0009962092804849702,-0.0006247213297990419,nan,-0.0009962092804849702,-0.0006247213297990419,nan,0.581330413783308,0.581330413783308,0.0,0.0,0.0,nan,0,1,1.0,0.0,-0.0025459883287910962,-0.0016243871510554292,nan,-0.0025459883287910962,-0.0016243871510554292,nan,1.1038302864313254,1.1038302864313254,0.0,0.0,0.0,nan,0
476,0.43900000000000033,0.45,,scientific,0,1,0.17548387096774193,1.0,0.0,-0.002549015171258759,-0.0016263467142796728,nan,-0.002549015171258759,-0.0016263467142796728,nan,1.1050709617088974,1.1050709617088974,0.0,0.0,0.0,nan,0,1,1.0,0.0,-0.0009962092804849702,-0.0006247213297990419,nan,-0.0009962092804849702,-0.0006247213297990419,nan,0.581330413783308,0.581330413783308,0.0,0.0,0.0,nan,0,1,1.0,0.0,-0.002549015171258759,-0.0016263467142796728,nan,-0.002549015171258759,-0.0016263467142796728,nan,1.1050709617088974,1.1050709617088974,0.0,0.0,0.0,nan,0
477,0.44000000000000034,0.45,,scientific,0,1,0.17548387096774193,1.0,0.0,-0.002552040347546325,-0.0016283051568775236,nan,-0.002552040347546325,-0.0016283051568775236,nan,1.106311500388291,1.106311500388291,0.0,0.0,0.0,nan,0,1,1.0,0.0,-0.0009962092804849702,-0.0006247213297990419,nan,-0.0009962092804849702,-0.0006247213297990419,nan,0.581330413783308,0.581330413783308,0.0,0.0,0.0,nan,0,1,1.0,0.0,-0.002552040347546325,-0.0016283051568775236,nan,-0.002552040347546325,-0.0016283051568775236,nan,1.106311500388291,1.106311500388291,0.0,0.0,0.0,nan,0
478,0.44100000000000034,0.45,,scientific,0,1,0.17548387096774193,1.0,0.0,-0.0025550638626162876,-0.0016302624794885163,nan,-0.0025550638626162876,-0.0016302624794885163,nan,1.1075519025502465,1.1075519025502465,0.0,0.0,0.0,nan,0,1,1.0,0.0,-0.0009962092804849702,-0.0006247213297990419,nan,-0.0009962092804849702,-0.0006247213297990419,nan,0.581330413783308,0.581330413783308,0.0,0.0,0.0,nan,0,1,1.0,0.0,-0.0025550638626162876,-0.0016302624794885163,nan,-0.0025550638626162876,-0.0016302624794885163,nan,1.1075519025502465,1.1075519025502465,0.0,0.0,0.0,nan,0
479,0.44200000000000034,0.45,,scientific,0,1,0.17548387096774193,1.0,0.0,-0.0025580857259941293,-0.0016322186829372824,nan,-0.0025580857259941293,-0.0016322186829372824,nan,1.1087921682849364,1.1087921682849364,0.0,0.0,0.0,nan,0,1,1.0,0.0,-0.0009962092804849702,-0.0006247213297990419,nan,-0.0009962092804849702,-0.0006247213297990419,nan,0.581330413783308,0.581330413783308,0.0,0.0,0.0,nan,0,1,1.0,0.0,-0.0025580857259941293,-0.0016322186829372824,nan,-0.0025580857259941293,-0.0016322186829372824,nan,1.1087921682849364,1.1087921682849364,0.0,0.0,0.0,nan,0
480,0.44300000000000034,0.45,,scientific,0,1,0.17548387096774193,1.0,0.0,-0.0025611059448644433,-0.0016341737575425984,nan,-0.0025611059448644433,-0.0016341737575425984,nan,1.110032297684234,1.110032297684234,0.0,0.0,0.0,nan,0,1,1.0,0.0,-0.0009962092804849702,-0.0006247213297990419,nan,-0.0009962092804849702,-0.0006247213297990419,nan,0.581330413783308,0.581330413783308,0.0,0.0,0.0,nan,0,1,1.0,0.0,-0.0025611059448644433,-0.0016341737575425984,nan,-0.0025611059448644433,-0.0016341737575425984,nan,1.110032297684234,1.110032297684234,0.0,0.0,0.0,nan,0
481,0.44400000000000034,0.45,,scientific,0,1,0.17548387096774193,1.0,0.0,-0.0025641245130824737,-0.0016361277153373428,nan,-0.0025641245130824737,-0.0016361277153373428,nan,1.111272290824191,1.111272290824191,0.0,0.0,0.0,nan,0,1,1.0,0.0,-0.0009962092804849702,-0.0006247213297990419,nan,-0.0009962092804849702,-0.0006247213297990419,nan,0.581330413783308,0.581330413783308,0.0,0.0,0.0,nan,0,1,1.0,0.0,-0.0025641245130824737,-0.0016361277153373428,nan,-0.0025641245130824737,-0.0016361277153373428,nan,1.111272290824191,1.111272290824191,0.0,0.0,0.0,nan,0
482,0.44500000000000034,0.45,,scientific,0,1,0.17548387096774193,1.0,0.0,-0.0025671414313100786,-0.0016380805618468237,nan,-0.0025671414313100786,-0.0016380805618468237,nan,1.112512147791377,1.112512147791377,0.0,0.0,0.0,nan,0,1,1.0,0.0,-0.0009962092804849702,-0.0006247213297990419,nan,-0.0009962092804849702,-0.0006247213297990419,nan,0.581330413783308,0.581330413783308,0.0,0.0,0.0,nan,0,1,1.0,0.0,-0.0025671414313100786,-0.0016380805618468237,nan,-0.0025671414313100786,-0.0016380805618468237,nan,1.112512147791377,1.112512147791377,0.0,0.0,0.0,nan,0
483,0.44600000000000034,0.45,,scientific,0,1,0.17548387096774193,1.0,0.0,-0.0025701567053893056,-0.001640032300875599,nan,-0.0025701567053893056,-0.001640032300875599,nan,1.113751868683294,1.113751868683294,0.0,0.0,0.0,nan,0,1,1.0,0.0,-0.0009962092804849702,-0.0006247213297990419,nan,-0.0009962092804849702,-0.0006247213297990419,nan,0.581330413783308,0.581330413783308,0.0,0.0,0.0,nan,0,1,1.0,0.0,-0.0025701567053893056,-0.001640032300875599,nan,-0.0025701567053893056,-0.001640032300875599,nan,1.113751868683294,1.113751868683294,0.0,0.0,0.0,nan,0
484,0.44700000000000034,0.45,,scientific,0,1,0.17548387096774193,1.0,0.0,-0.002573170325776389,-0.0016419829311754553,nan,-0.002573170325776389,-0.0016419829311754553,nan,1.1149914535784597,1.1149914535784597,0.0,0.0,0.0,nan,0,1,1.0,0.0,-0.0009962092804849702,-0.0006247213297990419,nan,-0.0009962092804849702,-0.0006247213297990419,nan,0.581330413783308,0.581330413783308,0.0,0.0,0.0,nan,0,1,1.0,0.0,-0.002573170325776389,-0.0016419829311754553,nan,-0.002573170325776389,-0.0016419829311754553,nan,1.1149914535784597,1.1149914535784597,0.0,0.0,0.0,nan,0
485,0.44800000000000034,0.45,,scientific,0,1,0.17548387096774193,1.0,0.0,-0.0025761822913875783,-0.001643932453049045,nan,-0.0025761822913875783,-0.001643932453049045,nan,1.1162309025595654,1.1162309025595654,0.0,0.0,0.0,nan,0,1,1.0,0.0,-0.0009962092804849702,-0.0006247213297990419,nan,-0.0009962092804849702,-0.0006247213297990419,nan,0.581330413783308,0.581330413783308,0.0,0.0,0.0,nan,0,1,1.0,0.0,-0.0025761822913875783,-0.001643932453049045,nan,-0.0025761822913875783,-0.001643932453049045,nan,1.1162309025595654,1.1162309025595654,0.0,0.0,0.0,nan,0
486,0.44900000000000034,0.45,,scientific,0,1,0.17548387096774193,1.0,0.0,-0.002579192612780144,-0.0016458808680881707,nan,-0.002579192612780144,-0.0016458808680881707,nan,1.1174702157062228,1.1174702157062228,0.0,0.0,0.0,nan,0,1,1.0,0.0,-0.0009962092804849702,-0.0006247213297990419,nan,-0.0009962092804849702,-0.0006247213297990419,nan,0.581330413783308,0.581330413783308,0.0,0.0,0.0,nan,0,1,1.0,0.0,-0.002579192612780144,-0.0016458808680881707,nan,-0.002579192612780144,-0.0016458808680881707,nan,1.1174702157062228,1.1174702157062228,0.0,0.0,0.0,nan,0
487,0.45000000000000034,0.45,,scientific,0,1,0.17548387096774193,1.0,0.0,-0.0025822013020270675,-0.0016478281793195365,nan,-0.0025822013020270675,-0.0016478281793195365,nan,1.1187093931011018,1.1187093931011018,0.0,0.0,0.0,nan,0,1,1.0,0.0,-0.0009962092804849702,-0.0006247213297990419,nan,-0.0009962092804849702,-0.0006247213297990419,nan,0.581330413783308,0.581330413783308,0.0,0.0,0.0,nan,0,1,1.0,0.0,-0.0025822013020270675,-0.0016478281793195365,nan,-0.0025822013020270675,-0.0016478281793195365,nan,1.1187093931011018,1.1187093931011018,0.0,0.0,0.0,nan,0
488,0.45100000000000035,0.45,,scientific,0,1,0.17548387096774193,1.0,0.0,-0.002585208363667844,-0.0016497743886947885,nan,-0.002585208363667844,-0.0016497743886947885,nan,1.1199484348337163,1.1199484348337163,0.0,0.0,0.0,nan,0,1,1.0,0.0,-0.0009962092804849702,-0.0006247213297990419,nan,-0.0009962092804849702,-0.0006247213297990419,nan,0.581330413783308,0.581330413783308,0.0,0.0,0.0,nan,0,1,1.0,0.0,-0.002585208363667844,-0.0016497743886947885,nan,-0.002585208363667844,-0.0016497743886947885,nan,1.1199484348337163,1.1199484348337163,0.0,0.0,0.0,nan,0
489,0.45200000000000035,0.45,,scientific,0,1,0.17548387096774193,1.0,0.0,-0.0025882137937585136,-0.0016517195031370104,nan,-0.0025882137937585136,-0.0016517195031370104,nan,1.1211873409972992,1.1211873409972992,0.0,0.0,0.0,nan,0,1,1.0,0.0,-0.0009962092804849702,-0.0006247213297990419,nan,-0.0009962092804849702,-0.0006247213297990419,nan,0.581330413783308,0.581330413783308,0.0,0.0,0.0,nan,0,1,1.0,0.0,-0.0025882137937585136,-0.0016517195031370104,nan,-0.0025882137937585136,-0.0016517195031370104,nan,1.1211873409972992,1.1211873409972992,0.0,0.0,0.0,nan,0
490,0.45300000000000035,0.45,,scientific,0,1,0.17548387096774193,1.0,0.0,-0.002591217599367435,-0.001653663519205964,nan,-0.002591217599367435,-0.001653663519205964,nan,1.1224261116749985,1.1224261116749985,0.0,0.0,0.0,nan,0,1,1.0,0.0,-0.0009962092804849702,-0.0006247213297990419,nan,-0.0009962092804849702,-0.0006247213297990419,nan,0.581330413783308,0.581330413783308,0.0,0.0,0.0,nan,0,1,1.0,0.0,-0.002591217599367435,-0.001653663519205964,nan,-0.002591217599367435,-0.001653663519205964,nan,1.1224261116749985,1.1224261116749985,0.0,0.0,0.0,nan,0
491,0.45400000000000035,0.45,,scientific,0,1,0.17548387096774193,1.0,0.0,-0.0014516205077856226,-0.0021071693526922286,nan,-0.0014516205077856226,-0.0021071693526922286,nan,1.1259747130492557,1.1259747130492557,0.0,0.0,0.0,nan,0,1,1.0,0.0,-0.0002559119602507768,-0.00091741878692875,nan,-0.0002559119602507768,-0.00091741878692875,nan,0.5824069515866266,0.5824069515866266,0.0,0.0,0.0,nan,0,1,1.0,0.0,-0.0014516205077856226,-0.0021071693526922286,nan,-0.0014516205077856226,-0.0021071693526922286,nan,1.1259747130492557,1.1259747130492557,0.0,0.0,0.0,nan,0
492,0.45500000000000035,0.45,,scientific,0,1,0.17548387096774193,1.0,0.0,-0.0014538703670255947,-0.002109407727970527,nan,-0.0014538703670255947,-0.002109407727970527,nan,1.1272160040633974,1.1272160040633974,0.0,0.0,0.0,nan,0,1,1.0,0.0,-0.0002559119602507768,-0.00091741878692875,nan,-0.0002559119602507768,-0.00091741878692875,nan,0.5824069515866266,0.5824069515866266,0.0,0.0,0.0,nan,0,1,1.0,0.0,-0.0014538703670255947,-0.002109407727970527,nan,-0.0014538703670255947,-0.002109407727970527,nan,1.1272160040633974,1.1272160040633974,0.0,0.0,0.0,nan,0
493,0.45600000000000035,0.45,,scientific,0,1,0.17548387096774193,1.0,0.0,-0.0014561189025845598,-0.002111644879416738,nan,-0.0014561189025845598,-0.002111644879416738,nan,1.1284571600861075,1.1284571600861075,0.0,0.0,0.0,nan,0,1,1.0,0.0,-0.0002559119602507768,-0.00091741878692875,nan,-0.0002559119602507768,-0.00091741878692875,nan,0.5824069515866266,0.5824069515866266,0.0,0.0,0.0,nan,0,1,1.0,0.0,-0.0014561189025845598,-0.002111644879416738,nan,-0.0014561189025845598,-0.002111644879416738,nan,1.1284571600861075,1.1284571600861075,0.0,0.0,0.0,nan,0
494,0.45700000000000035,0.45,,scientific,0,1,0.17548387096774193,1.0,0.0,-0.0014583661355791467,-0.0021138808240717074,nan,-0.0014583661355791467,-0.0021138808240717074,nan,1.1296981811963787,1.1296981811963787,0.0,0.0,0.0,nan,0,1,1.0,0.0,-0.0002559119602507768,-0.00091741878692875,nan,-0.0002559119602507768,-0.00091741878692875,nan,0.5824069515866266,0.5824069515866266,0.0,0.0,0.0,nan,0,1,1.0,0.0,-0.0014583661355791467,-0.0021138808240717074,nan,-0.0014583661355791467,-0.0021138808240717074,nan,1.1296981811963787,1.1296981811963787,0.0,0.0,0.0,nan,0
495,0.45800000000000035,0.45,,scientific,0,1,0.17548387096774193,1.0,0.0,-0.0003795805986304295,-0.0026959347621195373,nan,-0.0003795805986304295,-0.0026959347621195373,nan,1.133260047849447,1.133260047849447,0.0,0.0,0.0,nan,0,1,1.0,0.0,0.0004429329312384706,-0.0012924856782280422,nan,0.0004429329312384706,-0.0012924856782280422,nan,0.5834834893899452,0.5834834893899452,0.0,0.0,0.0,nan,0,1,1.0,0.0,-0.0003795805986304295,-0.0026959347621195373,nan,-0.0003795805986304295,-0.0026959347621195373,nan,1.133260047849447,1.133260047849447,0.0,0.0,0.0,nan,0
496,0.45900000000000035,0.45,,scientific,0,1,0.17548387096774193,1.0,0.0,-0.0003811183883825163,-0.0026985469334421678,nan,-0.0003811183883825163,-0.0026985469334421678,nan,1.1345035909333694,1.1345035909333694,0.0,0.0,0.0,nan,0,1,1.0,0.0,0.0004429329312384706,-0.0012924856782280422,nan,0.0004429329312384706,-0.0012924856782280422,nan,0.5834834893899452,0.5834834893899452,0.0,0.0,0.0,nan,0,1,1.0,0.0,-0.0003811183883825163,-0.0026985469334421678,nan,-0.0003811183883825163,-0.0026985469334421678,nan,1.1345035909333694,1.1345035909333694,0.0,0.0,0.0,nan,0
497,0.46000000000000035,0.45,,scientific,0,1,0.17548387096774193,1.0,0.0,-0.0003826551424859734,-0.002701157755357244,nan,-0.0003826551424859734,-0.002701157755357244,nan,1.1357469995792149,1.1357469995792149,0.0,0.0,0.0,nan,0,1,1.0,0.0,0.0004429329312384706,-0.0012924856782280422,nan,0.0004429329312384706,-0.0012924856782280422,nan,0.5834834893899452,0.5834834893899452,0.0,0.0,0.0,nan,0,1,1.0,0.0,-0.0003826551424859734,-0.002701157755357244,nan,-0.0003826551424859734,-0.002701157755357244,nan,1.1357469995792149,1.1357469995792149,0.0,0.0,0.0,nan,0
498,0.46100000000000035,0.45,,scientific,0,1,0.17548387096774193,1.0,0.0,-0.00038419086556840153,-0.002703767237413189,nan,-0.00038419086556840153,-0.002703767237413189,nan,1.136990273859464,1.136990273859464,0.0,0.0,0.0,nan,0,1,1.0,0.0,0.0004429329312384706,-0.0012924856782280422,nan,0.0004429329312384706,-0.0012924856782280422,nan,0.5834834893899452,0.5834834893899452,0.0,0.0,0.0,nan,0,1,1.0,0.0,-0.00038419086556840153,-0.002703767237413189,nan,-0.00038419086556840153,-0.002703767237413189,nan,1.136990273859464,1.136990273859464,0.0,0.0,0.0,nan,0
499,0.46200000000000035,0.45,,scientific,0,1,0.17548387096774193,1.0,0.0,-0.0003857255787522449,-0.0027063753668251805,nan,-0.0003857255787522449,-0.0027063753668251805,nan,1.1382334138620043,1.1382334138620043,0.0,0.0,0.0,nan,0,1,1.0,0.0,0.0004429329312384706,-0.0012924856782280422,nan,0.0004429329312384706,-0.0012924856782280422,nan,0.5834834893899452,0.5834834893899452,0.0,0.0,0.0,nan,0,1,1.0,0.0,-0.0003857255787522449,-0.0027063753668251805,nan,-0.0003857255787522449,-0.0027063753668251805,nan,1.1382334138620043,1.1382334138620043,0.0,0.0,0.0,nan,0
500,0.46300000000000036,0.45,,scientific,0,1,0.17548387096774193,1.0,0.0,-0.00038725927013452015,-0.0027089821492208596,nan,-0.00038725927013452015,-0.0027089821492208596,nan,1.1394764196688034,1.1394764196688034,0.0,0.0,0.0,nan,0,1,1.0,0.0,0.0004429329312384706,-0.0012924856782280422,nan,0.0004429329312384706,-0.0012924856782280422,nan,0.5834834893899452,0.5834834893899452,0.0,0.0,0.0,nan,0,1,1.0,0.0,-0.00038725927013452015,-0.0027089821492208596,nan,-0.00038725927013452015,-0.0027089821492208596,nan,1.1394764196688034,1.1394764196688034,0.0,0.0,0.0,nan,0
501,0.46400000000000036,0.45,,scientific,0,1,0.17548387096774193,1.0,0.0,-0.0003887919361711859,-0.002711587589835544,nan,-0.0003887919361711859,-0.002711587589835544,nan,1.1407192913662207,1.1407192913662207,0.0,0.0,0.0,nan,0,1,1.0,0.0,0.0004429329312384706,-0.0012924856782280422,nan,0.0004429329312384706,-0.0012924856782280422,nan,0.5834834893899452,0.5834834893899452,0.0,0.0,0.0,nan,0,1,1.0,0.0,-0.0003887919361711859,-0.002711587589835544,nan,-0.0003887919361711859,-0.002711587589835544,nan,1.1407192913662207,1.1407192913662207,0.0,0.0,0.0,nan,0
502,0.46500000000000036,0.45,,scientific,0,1,0.17548387096774193,1.0,0.0,-0.00039032357993814426,-0.0027141916877248162,nan,-0.00039032357993814426,-0.0027141916877248162,nan,1.1419620290411048,1.1419620290411048,0.0,0.0,0.0,nan,0,1,1.0,0.0,0.0004429329312384706,-0.0012924856782280422,nan,0.0004429329312384706,-0.0012924856782280422,nan,0.5834834893899452,0.5834834893899452,0.0,0.0,0.0,nan,0,1,1.0,0.0,-0.00039032357993814426,-0.0027141916877248162,nan,-0.00039032357993814426,-0.0027141916877248162,nan,1.1419620290411048,1.1419620290411048,0.0,0.0,0.0,nan,0
503,0.46600000000000036,0.45,,scientific,0,1,0.17548387096774193,1.0,0.0,-0.00039185421101992616,-0.002716794431498386,nan,-0.00039185421101992616,-0.002716794431498386,nan,1.143204632787497,1.143204632787497,0.0,0.0,0.0,nan,0,1,1.0,0.0,0.0004429329312384706,-0.0012924856782280422,nan,0.0004429329312384706,-0.0012924856782280422,nan,0.5834834893899452,0.5834834893899452,0.0,0.0,0.0,nan,0,1,1.0,0.0,-0.00039185421101992616,-0.002716794431498386,nan,-0.00039185421101992616,-0.002716794431498386,nan,1.143204632787497,1.143204632787497,0.0,0.0,0.0,nan,0
504,0.46700000000000036,0.45,,scientific,0,1,0.17548387096774193,1.0,0.0,-0.00039338381642228993,-0.0027193958353064172,nan,-0.00039338381642228993,-0.0027193958353064172,nan,1.144447102684897,1.144447102684897,0.0,0.0,0.0,nan,0,1,1.0,0.0,0.0004429329312384706,-0.0012924856782280422,nan,0.0004429329312384706,-0.0012924856782280422,nan,0.5834834893899452,0.5834834893899452,0.0,0.0,0.0,nan,0,1,1.0,0.0,-0.00039338381642228993,-0.0027193958353064172,nan,-0.00039338381642228993,-0.0027193958353064172,nan,1.144447102684897,1.144447102684897,0.0,0.0,0.0,nan,0
505,0.46800000000000036,0.45,,scientific,0,1,0.17548387096774193,1.0,0.0,-0.00039491241030878123,-0.002721995903968265,nan,-0.00039491241030878123,-0.002721995903968265,nan,1.1456894388072851,1.1456894388072851,0.0,0.0,0.0,nan,0,1,1.0,0.0,0.0004429329312384706,-0.0012924856782280422,nan,0.0004429329312384706,-0.0012924856782280422,nan,0.5834834893899452,0.5834834893899452,0.0,0.0,0.0,nan,0,1,1.0,0.0,-0.00039491241030878123,-0.002721995903968265,nan,-0.00039491241030878123,-0.002721995903968265,nan,1.1456894388072851,1.1456894388072851,0.0,0.0,0.0,nan,0
506,0.46900000000000036,0.45,,scientific,0,1,0.17548387096774193,1.0,0.0,-0.0003964399910783477,-0.0027245946445873625,nan,-0.0003964399910783477,-0.0027245946445873625,nan,1.146931641244522,1.146931641244522,0.0,0.0,0.0,nan,0,1,1.0,0.0,0.0004429329312384706,-0.0012924856782280422,nan,0.0004429329312384706,-0.0012924856782280422,nan,0.5834834893899452,0.5834834893899452,0.0,0.0,0.0,nan,0,1,1.0,0.0,-0.0003964399910783477,-0.0027245946445873625,nan,-0.0003964399910783477,-0.0027245946445873625,nan,1.146931641244522,1.146931641244522,0.0,0.0,0.0,nan,0
507,0.47000000000000036,0.45,,scientific,0,1,0.17548387096774193,1.0,0.0,-0.0003979665661637631,-0.00272719204841736,nan,-0.0003979665661637631,-0.00272719204841736,nan,1.1481737100818858,1.1481737100818858,0.0,0.0,0.0,nan,0,1,1.0,0.0,0.0004429329312384706,-0.0012924856782280422,nan,0.0004429329312384706,-0.0012924856782280422,nan,0.5834834893899452,0.5834834893899452,0.0,0.0,0.0,nan,0,1,1.0,0.0,-0.0003979665661637631,-0.00272719204841736,nan,-0.0003979665661637631,-0.00272719204841736,nan,1.1481737100818858,1.1481737100818858,0.0,0.0,0.0,nan,0
508,0.47100000000000036,0.45,,scientific,0,1,0.17548387096774193,1.0,0.0,-0.000399492139555761,-0.002729788121174083,nan,-0.000399492139555761,-0.002729788121174083,nan,1.1494156454024622,1.1494156454024622,0.0,0.0,0.0,nan,0,1,1.0,0.0,0.0004429329312384706,-0.0012924856782280422,nan,0.0004429329312384706,-0.0012924856782280422,nan,0.5834834893899452,0.5834834893899452,0.0,0.0,0.0,nan,0,1,1.0,0.0,-0.000399492139555761,-0.002729788121174083,nan,-0.000399492139555761,-0.002729788121174083,nan,1.1494156454024622,1.1494156454024622,0.0,0.0,0.0,nan,0
509,0.47200000000000036,0.45,,scientific,0,1,0.17548387096774193,1.0,0.0,-0.00040101670528407314,-0.002732382874335814,nan,-0.00040101670528407314,-0.002732382874335814,nan,1.1506574473005229,1.1506574473005229,0.0,0.0,0.0,nan,0,1,1.0,0.0,0.0004429329312384706,-0.0012924856782280422,nan,0.0004429329312384706,-0.0012924856782280422,nan,0.5834834893899452,0.5834834893899452,0.0,0.0,0.0,nan,0,1,1.0,0.0,-0.00040101670528407314,-0.002732382874335814,nan,-0.00040101670528407314,-0.002732382874335814,nan,1.1506574473005229,1.1506574473005229,0.0,0.0,0.0,nan,0
510,0.47300000000000036,0.45,,scientific,0,1,0.17548387096774193,1.0,0.0,-0.00040254027009495904,-0.0027349763111816426,nan,-0.00040254027009495904,-0.0027349763111816426,nan,1.1518991158568461,1.1518991158568461,0.0,0.0,0.0,nan,0,1,1.0,0.0,0.0004429329312384706,-0.0012924856782280422,nan,0.0004429329312384706,-0.0012924856782280422,nan,0.5834834893899452,0.5834834893899452,0.0,0.0,0.0,nan,0,1,1.0,0.0,-0.00040254027009495904,-0.0027349763111816426,nan,-0.00040254027009495904,-0.0027349763111816426,nan,1.1518991158568461,1.1518991158568461,0.0,0.0,0.0,nan,0
511,0.47400000000000037,0.45,,scientific,0,1,0.17548387096774193,1.0,0.0,-0.00040406283608467714,-0.002737568432916364,nan,-0.00040406283608467714,-0.002737568432916364,nan,1.1531406511467348,1.1531406511467348,0.0,0.0,0.0,nan,0,1,1.0,0.0,0.0004429329312384706,-0.0012924856782280422,nan,0.0004429329312384706,-0.0012924856782280422,nan,0.5834834893899452,0.5834834893899452,0.0,0.0,0.0,nan,0,1,1.0,0.0,-0.00040406283608467714,-0.002737568432916364,nan,-0.00040406283608467714,-0.002737568432916364,nan,1.1531406511467348,1.1531406511467348,0.0,0.0,0.0,nan,0
512,0.47500000000000037,0.45,,scientific,0,1,0.17548387096774193,1.0,0.0,-0.000405584408392584,-0.0027401592393085324,nan,-0.000405584408392584,-0.0027401592393085324,nan,1.154382053260832,1.154382053260832,0.0,0.0,0.0,nan,0,1,1.0,0.0,0.0004429329312384706,-0.0012924856782280422,nan,0.0004429329312384706,-0.0012924856782280422,nan,0.5834834893899452,0.5834834893899452,0.0,0.0,0.0,nan,0,1,1.0,0.0,-0.000405584408392584,-0.0027401592393085324,nan,-0.000405584408392584,-0.0027401592393085324,nan,1.154382053260832,1.154382053260832,0.0,0.0,0.0,nan,0
513,0.47600000000000037,0.45,,scientific,0,1,0.17548387096774193,1.0,0.0,-0.00040710499771982254,-0.0027427487361066827,nan,-0.00040710499771982254,-0.0027427487361066827,nan,1.1556233222749528,1.1556233222749528,0.0,0.0,0.0,nan,0,1,1.0,0.0,0.0004429329312384706,-0.0012924856782280422,nan,0.0004429329312384706,-0.0012924856782280422,nan,0.5834834893899452,0.5834834893899452,0.0,0.0,0.0,nan,0,1,1.0,0.0,-0.00040710499771982254,-0.0027427487361066827,nan,-0.00040710499771982254,-0.0027427487361066827,nan,1.1556233222749528,1.1556233222749528,0.0,0.0,0.0,nan,0
514,0.47700000000000037,0.45,,scientific,0,1,0.17548387096774193,1.0,0.0,-0.0004086246088429475,-0.002745336903325379,nan,-0.0004086246088429475,-0.002745336903325379,nan,1.1568644582674499,1.1568644582674499,0.0,0.0,0.0,nan,0,1,1.0,0.0,0.0004429329312384706,-0.0012924856782280422,nan,0.0004429329312384706,-0.0012924856782280422,nan,0.5834834893899452,0.5834834893899452,0.0,0.0,0.0,nan,0,1,1.0,0.0,-0.0004086246088429475,-0.002745336903325379,nan,-0.0004086246088429475,-0.002745336903325379,nan,1.1568644582674499,1.1568644582674499,0.0,0.0,0.0,nan,0
515,0.47800000000000037,0.45,,scientific,0,1,0.17548387096774193,1.0,0.0,-0.0004101432526072033,-0.002747923713882501,nan,-0.0004101432526072033,-0.002747923713882501,nan,1.1581054613320239,1.1581054613320239,0.0,0.0,0.0,nan,0,1,1.0,0.0,0.0004429329312384706,-0.0012924856782280422,nan,0.0004429329312384706,-0.0012924856782280422,nan,0.5834834893899452,0.5834834893899452,0.0,0.0,0.0,nan,0,1,1.0,0.0,-0.0004101432526072033,-0.002747923713882501,nan,-0.0004101432526072033,-0.002747923713882501,nan,1.1581054613320239,1.1581054613320239,0.0,0.0,0.0,nan,0
516,0.47900000000000037,0.45,,scientific,0,1,0.17548387096774193,1.0,0.0,0.00031057047536417855,-0.0017548787814191664,nan,0.00031057047536417855,-0.0017548787814191664,nan,1.1616934698375725,1.1616934698375725,0.0,0.0,0.0,nan,0,1,1.0,0.0,0.0009099580242640539,-0.0006487378947265148,nan,0.0009099580242640539,-0.0006487378947265148,nan,0.5845600271932638,0.5845600271932638,0.0,0.0,0.0,nan,0,1,1.0,0.0,0.00031057047536417855,-0.0017548787814191664,nan,0.00031057047536417855,-0.0017548787814191664,nan,1.1616934698375725,1.1616934698375725,0.0,0.0,0.0,nan,0
517,0.48000000000000037,0.45,,scientific,0,1,0.17548387096774193,1.0,0.0,0.00030950252613834174,-0.0017568446310901168,nan,0.00030950252613834174,-0.0017568446310901168,nan,1.1629369220709465,1.1629369220709465,0.0,0.0,0.0,nan,0,1,1.0,0.0,0.0009099580242640539,-0.0006487378947265148,nan,0.0009099580242640539,-0.0006487378947265148,nan,0.5845600271932638,0.5845600271932638,0.0,0.0,0.0,nan,0,1,1.0,0.0,0.00030950252613834174,-0.0017568446310901168,nan,0.00030950252613834174,-0.0017568446310901168,nan,1.1629369220709465,1.1629369220709465,0.0,0.0,0.0,nan,0
518,0.48100000000000037,0.45,,scientific,0,1,0.17548387096774193,1.0,0.0,0.0003084353711388049,-0.0017588094423702002,nan,0.0003084353711388049,-0.0017588094423702002,nan,1.1641802417046956,1.1641802417046956,0.0,0.0,0.0,nan,0,1,1.0,0.0,0.0009099580242640539,-0.0006487378947265148,nan,0.0009099580242640539,-0.0006487378947265148,nan,0.5845600271932638,0.5845600271932638,0.0,0.0,0.0,nan,0,1,1.0,0.0,0.0003084353711388049,-0.0017588094423702002,nan,0.0003084353711388049,-0.0017588094423702002,nan,1.1641802417046956,1.1641802417046956,0.0,0.0,0.0,nan,0
519,0.4820000000000004,0.45,,scientific,0,1,0.17548387096774193,1.0,0.0,0.0003073690205493765,-0.0017607732238579866,nan,0.0003073690205493765,-0.0017607732238579866,nan,1.1654234288371965,1.1654234288371965,0.0,0.0,0.0,nan,0,1,1.0,0.0,0.0009099580242640539,-0.0006487378947265148,nan,0.0009099580242640539,-0.0006487378947265148,nan,0.5845600271932638,0.5845600271932638,0.0,0.0,0.0,nan,0,1,1.0,0.0,0.0003073690205493765,-0.0017607732238579866,nan,0.0003073690205493765,-0.0017607732238579866,nan,1.1654234288371965,1.1654234288371965,0.0,0.0,0.0,nan,0
520,0.4830000000000004,0.45,,scientific,0,1,0.17548387096774193,1.0,0.0,0.00030630346079025725,-0.0017627359659983797,nan,0.00030630346079025725,-0.0017627359659983797,nan,1.166666483552831,1.166666483552831,0.0,0.0,0.0,nan,0,1,1.0,0.0,0.0009099580242640539,-0.0006487378947265148,nan,0.0009099580242640539,-0.0006487378947265148,nan,0.5845600271932638,0.5845600271932638,0.0,0.0,0.0,nan,0,1,1.0,0.0,0.00030630346079025725,-0.0017627359659983797,nan,0.00030630346079025725,-0.0017627359659983797,nan,1.166666483552831,1.166666483552831,0.0,0.0,0.0,nan,0
521,0.4840000000000004,0.45,,scientific,0,1,0.17548387096774193,1.0,0.0,0.00030523868821277767,-0.0017646976632825493,nan,0.00030523868821277767,-0.0017646976632825493,nan,1.1679094059359847,1.1679094059359847,0.0,0.0,0.0,nan,0,1,1.0,0.0,0.0009099580242640539,-0.0006487378947265148,nan,0.0009099580242640539,-0.0006487378947265148,nan,0.5845600271932638,0.5845600271932638,0.0,0.0,0.0,nan,0,1,1.0,0.0,0.00030523868821277767,-0.0017646976632825493,nan,0.00030523868821277767,-0.0017646976632825493,nan,1.1679094059359847,1.1679094059359847,0.0,0.0,0.0,nan,0
522,0.4850000000000004,0.45,,scientific,0,1,0.17548387096774193,1.0,0.0,0.0003041747048837098,-0.001766658317824939,nan,0.0003041747048837098,-0.001766658317824939,nan,1.169152196070534,1.169152196070534,0.0,0.0,0.0,nan,0,1,1.0,0.0,0.0009099580242640539,-0.0006487378947265148,nan,0.0009099580242640539,-0.0006487378947265148,nan,0.5845600271932638,0.5845600271932638,0.0,0.0,0.0,nan,0,1,1.0,0.0,0.0003041747048837098,-0.001766658317824939,nan,0.0003041747048837098,-0.001766658317824939,nan,1.169152196070534,1.169152196070534,0.0,0.0,0.0,nan,0
523,0.4860000000000004,0.45,,scientific,0,1,0.17548387096774193,1.0,0.0,0.00030311150376194303,-0.0017686179382537925,nan,0.00030311150376194303,-0.0017686179382537925,nan,1.1703948540379863,1.1703948540379863,0.0,0.0,0.0,nan,0,1,1.0,0.0,0.0009099580242640539,-0.0006487378947265148,nan,0.0009099580242640539,-0.0006487378947265148,nan,0.5845600271932638,0.5845600271932638,0.0,0.0,0.0,nan,0,1,1.0,0.0,0.00030311150376194303,-0.0017686179382537925,nan,0.00030311150376194303,-0.0017686179382537925,nan,1.1703948540379863,1.1703948540379863,0.0,0.0,0.0,nan,0
524,0.4870000000000004,0.45,,scientific,0,1,0.17548387096774193,1.0,0.0,0.0003020490763814102,-0.0017705765296761931,nan,0.0003020490763814102,-0.0017705765296761931,nan,1.1716373799330984,1.1716373799330984,0.0,0.0,0.0,nan,0,1,1.0,0.0,0.0009099580242640539,-0.0006487378947265148,nan,0.0009099580242640539,-0.0006487378947265148,nan,0.5845600271932638,0.5845600271932638,0.0,0.0,0.0,nan,0,1,1.0,0.0,0.0003020490763814102,-0.0017705765296761931,nan,0.0003020490763814102,-0.0017705765296761931,nan,1.1716373799330984,1.1716373799330984,0.0,0.0,0.0,nan,0
525,0.4880000000000004,0.45,,scientific,0,1,0.17548387096774193,1.0,0.0,0.00030098742761281577,-0.0017725341031441994,nan,0.00030098742761281577,-0.0017725341031441994,nan,1.1728797738285603,1.1728797738285603,0.0,0.0,0.0,nan,0,1,1.0,0.0,0.0009099580242640539,-0.0006487378947265148,nan,0.0009099580242640539,-0.0006487378947265148,nan,0.5845600271932638,0.5845600271932638,0.0,0.0,0.0,nan,0,1,1.0,0.0,0.00030098742761281577,-0.0017725341031441994,nan,0.00030098742761281577,-0.0017725341031441994,nan,1.1728797738285603,1.1728797738285603,0.0,0.0,0.0,nan,0
526,0.4890000000000004,0.45,,scientific,0,1,0.17548387096774193,1.0,0.0,0.0002999265489207859,-0.0017744906604904946,nan,0.0002999265489207859,-0.0017744906604904946,nan,1.1741220358113764,1.1741220358113764,0.0,0.0,0.0,nan,0,1,1.0,0.0,0.0009099580242640539,-0.0006487378947265148,nan,0.0009099580242640539,-0.0006487378947265148,nan,0.5845600271932638,0.5845600271932638,0.0,0.0,0.0,nan,0,1,1.0,0.0,0.0002999265489207859,-0.0017744906604904946,nan,0.0002999265489207859,-0.0017744906604904946,nan,1.1741220358113764,1.1741220358113764,0.0,0.0,0.0,nan,0
527,0.4900000000000004,0.45,,scientific,0,1,0.17548387096774193,1.0,0.0,0.0002988664600572193,-0.0017764462099742024,nan,0.0002988664600572193,-0.0017764462099742024,nan,1.1753641659608705,1.1753641659608705,0.0,0.0,0.0,nan,0,1,1.0,0.0,0.0009099580242640539,-0.0006487378947265148,nan,0.0009099580242640539,-0.0006487378947265148,nan,0.5845600271932638,0.5845600271932638,0.0,0.0,0.0,nan,0,1,1.0,0.0,0.0002988664600572193,-0.0017764462099742024,nan,0.0002988664600572193,-0.0017764462099742024,nan,1.1753641659608705,1.1753641659608705,0.0,0.0,0.0,nan,0
528,0.4910000000000004,0.45,,scientific,0,1,0.17548387096774193,1.0,0.0,0.0002978071338114873,-0.0017784007497262382,nan,0.0002978071338114873,-0.0017784007497262382,nan,1.176606164356462,1.176606164356462,0.0,0.0,0.0,nan,0,1,1.0,0.0,0.0009099580242640539,-0.0006487378947265148,nan,0.0009099580242640539,-0.0006487378947265148,nan,0.5845600271932638,0.5845600271932638,0.0,0.0,0.0,nan,0,1,1.0,0.0,0.0002978071338114873,-0.0017784007497262382,nan,0.0002978071338114873,-0.0017784007497262382,nan,1.176606164356462,1.176606164356462,0.0,0.0,0.0,nan,0
529,0.4920000000000004,0.45,,scientific,0,1,0.17548387096774193,1.0,0.0,0.0014395543574007043,-0.001276211944457799,nan,0.0014395543574007043,-0.001276211944457799,nan,1.1802610015496762,1.1802610015496762,0.0,0.0,0.0,nan,0,1,1.0,0.0,0.001634126633079806,-0.0003295547693301824,nan,0.001634126633079806,-0.0003295547693301824,nan,0.5856365649965826,0.5856365649965826,0.0,0.0,0.0,nan,0,1,1.0,0.0,0.0014395543574007043,-0.001276211944457799,nan,0.0014395543574007043,-0.001276211944457799,nan,1.1802610015496762,1.1802610015496762,0.0,0.0,0.0,nan,0
530,0.4930000000000004,0.45,,scientific,0,1,0.17548387096774193,1.0,0.0,0.0014392148331472912,-0.001277846874609597,nan,0.0014392148331472912,-0.001277846874609597,nan,1.181505527262461,1.181505527262461,0.0,0.0,0.0,nan,0,1,1.0,0.0,0.001634126633079806,-0.0003295547693301824,nan,0.001634126633079806,-0.0003295547693301824,nan,0.5856365649965826,0.5856365649965826,0.0,0.0,0.0,nan,0,1,1.0,0.0,0.0014392148331472912,-0.001277846874609597,nan,0.0014392148331472912,-0.001277846874609597,nan,1.181505527262461,1.181505527262461,0.0,0.0,0.0,nan,0
531,0.4940000000000004,0.45,,scientific,0,1,0.17548387096774193,1.0,0.0,0.001438875802411055,-0.0012794809103343283,nan,0.001438875802411055,-0.0012794809103343283,nan,1.1827499216629196,1.1827499216629196,0.0,0.0,0.0,nan,0,1,1.0,0.0,0.001634126633079806,-0.0003295547693301824,nan,0.001634126633079806,-0.0003295547693301824,nan,0.5856365649965826,0.5856365649965826,0.0,0.0,0.0,nan,0,1,1.0,0.0,0.001438875802411055,-0.0012794809103343283,nan,0.001438875802411055,-0.0012794809103343283,nan,1.1827499216629196,1.1827499216629196,0.0,0.0,0.0,nan,0
532,0.4950000000000004,0.45,,scientific,0,1,0.17548387096774193,1.0,0.0,0.0014385372604955274,-0.0012811140507932581,nan,0.0014385372604955274,-0.0012811140507932581,nan,1.1839941848289692,1.1839941848289692,0.0,0.0,0.0,nan,0,1,1.0,0.0,0.001634126633079806,-0.0003295547693301824,nan,0.001634126633079806,-0.0003295547693301824,nan,0.5856365649965826,0.5856365649965826,0.0,0.0,0.0,nan,0,1,1.0,0.0,0.0014385372604955274,-0.0012811140507932581,nan,0.0014385372604955274,-0.0012811140507932581,nan,1.1839941848289692,1.1839941848289692,0.0,0.0,0.0,nan,0
533,0.4960000000000004,0.45,,scientific,0,1,0.17548387096774193,1.0,0.0,0.0014381992082524765,-0.0012827462970372474,nan,0.0014381992082524765,-0.0012827462970372474,nan,1.1852383168472704,1.1852383168472704,0.0,0.0,0.0,nan,0,1,1.0,0.0,0.001634126633079806,-0.0003295547693301824,nan,0.001634126633079806,-0.0003295547693301824,nan,0.5856365649965826,0.5856365649965826,0.0,0.0,0.0,nan,0,1,1.0,0.0,0.0014381992082524765,-0.0012827462970372474,nan,0.0014381992082524765,-0.0012827462970372474,nan,1.1852383168472704,1.1852383168472704,0.0,0.0,0.0,nan,0
534,0.4970000000000004,0.45,,scientific,0,1,0.17548387096774193,1.0,0.0,0.001437861665303682,-0.0012843776504283205,nan,0.001437861665303682,-0.0012843776504283205,nan,1.1864823178141122,1.1864823178141122,0.0,0.0,0.0,nan,0,1,1.0,0.0,0.001634126633079806,-0.0003295547693301824,nan,0.001634126633079806,-0.0003295547693301824,nan,0.5856365649965826,0.5856365649965826,0.0,0.0,0.0,nan,0,1,1.0,0.0,0.001437861665303682,-0.0012843776504283205,nan,0.001437861665303682,-0.0012843776504283205,nan,1.1864823178141122,1.1864823178141122,0.0,0.0,0.0,nan,0
535,0.4980000000000004,0.45,,scientific,0,1,0.17548387096774193,1.0,0.0,0.0014375245989390268,-0.001286008108948796,nan,0.0014375245989390268,-0.001286008108948796,nan,1.1877261878023204,1.1877261878023204,0.0,0.0,0.0,nan,0,1,1.0,0.0,0.001634126633079806,-0.0003295547693301824,nan,0.001634126633079806,-0.0003295547693301824,nan,0.5856365649965826,0.5856365649965826,0.0,0.0,0.0,nan,0,1,1.0,0.0,0.0014375245989390268,-0.001286008108948796,nan,0.0014375245989390268,-0.001286008108948796,nan,1.1877261878023204,1.1877261878023204,0.0,0.0,0.0,nan,0
536,0.4990000000000004,0.45,,scientific,0,1,0.1761290322580645,1.0,0.0,0.0014371880118686487,-0.0012876376810999248,nan,0.0014371880118686487,-0.0012876376810999248,nan,1.1889699268811382,1.1889699268811382,0.0,0.0,0.0,nan,0,1,1.0,0.0,0.001634126633079806,-0.0003295547693301824,nan,0.001634126633079806,-0.0003295547693301824,nan,0.5856365649965826,0.5856365649965826,0.0,0.0,0.0,nan,0,1,1.0,0.0,0.0014371880118686487,-0.0012876376810999248,nan,0.0014371880118686487,-0.0012876376810999248,nan,1.1889699268811382,1.1889699268811382,0.0,0.0,0.0,nan,0
537,0.5000000000000003,0.45,,scientific,0,1,0.1761290322580645,1.0,0.0,0.001436851894500766,-0.001289266367371239,nan,0.001436851894500766,-0.001289266367371239,nan,1.1902135351345078,1.1902135351345078,0.0,0.0,0.0,nan,0,1,1.0,0.0,0.001634126633079806,-0.0003295547693301824,nan,0.001634126633079806,-0.0003295547693301824,nan,0.5856365649965826,0.5856365649965826,0.0,0.0,0.0,nan,0,1,1.0,0.0,0.001436851894500766,-0.001289266367371239,nan,0.001436851894500766,-0.001289266367371239,nan,1.1902135351345078,1.1902135351345078,0.0,0.0,0.0,nan,0
538,0.5010000000000003,0.45,,scientific,0,1,0.1761290322580645,1.0,0.0,0.0014365162485641863,-0.0012908941655981503,nan,0.0014365162485641863,-0.0012908941655981503,nan,1.1914570126423611,1.1914570126423611,0.0,0.0,0.0,nan,0,1,1.0,0.0,0.001634126633079806,-0.0003295547693301824,nan,0.001634126633079806,-0.0003295547693301824,nan,0.5856365649965826,0.5856365649965826,0.0,0.0,0.0,nan,0,1,1.0,0.0,0.0014365162485641863,-0.0012908941655981503,nan,0.0014365162485641863,-0.0012908941655981503,nan,1.1914570126423611,1.1914570126423611,0.0,0.0,0.0,nan,0
539,0.5020000000000003,0.45,,scientific,0,1,0.1761290322580645,1.0,0.0,0.0014361810858958502,-0.0012925210849889315,nan,0.0014361810858958502,-0.0012925210849889315,nan,1.1927003594887182,1.1927003594887182,0.0,0.0,0.0,nan,0,1,1.0,0.0,0.001634126633079806,-0.0003295547693301824,nan,0.001634126633079806,-0.0003295547693301824,nan,0.5856365649965826,0.5856365649965826,0.0,0.0,0.0,nan,0,1,1.0,0.0,0.0014361810858958502,-0.0012925210849889315,nan,0.0014361810858958502,-0.0012925210849889315,nan,1.1927003594887182,1.1927003594887182,0.0,0.0,0.0,nan,0
540,0.5030000000000003,0.45,,scientific,0,1,0.1761290322580645,1.0,0.0,0.0014358464057218291,-0.0012941471370070238,nan,0.0014358464057218291,-0.0012941471370070238,nan,1.1939435757639012,1.1939435757639012,0.0,0.0,0.0,nan,0,1,1.0,0.0,0.001634126633079806,-0.0003295547693301824,nan,0.001634126633079806,-0.0003295547693301824,nan,0.5856365649965826,0.5856365649965826,0.0,0.0,0.0,nan,0,1,1.0,0.0,0.0014358464057218291,-0.0012941471370070238,nan,0.0014358464057218291,-0.0012941471370070238,nan,1.1939435757639012,1.1939435757639012,0.0,0.0,0.0,nan,0
541,0.5040000000000003,0.45,,scientific,0,1,0.1761290322580645,1.0,0.0,0.0014355122048397705,-0.0012957723089665491,nan,0.0014355122048397705,-0.0012957723089665491,nan,1.195186661533553,1.195186661533553,0.0,0.0,0.0,nan,0,1,1.0,0.0,0.001634126633079806,-0.0003295547693301824,nan,0.001634126633079806,-0.0003295547693301824,nan,0.5856365649965826,0.5856365649965826,0.0,0.0,0.0,nan,0,1,1.0,0.0,0.0014355122048397705,-0.0012957723089665491,nan,0.0014355122048397705,-0.0012957723089665491,nan,1.195186661533553,1.195186661533553,0.0,0.0,0.0,nan,0
542,0.5050000000000003,0.45,,scientific,0,1,0.1761290322580645,1.0,0.0,0.0014351784815846303,-0.0012973965987076765,nan,0.0014351784815846303,-0.0012973965987076765,nan,1.1964296168798818,1.1964296168798818,0.0,0.0,0.0,nan,0,1,1.0,0.0,0.001634126633079806,-0.0003295547693301824,nan,0.001634126633079806,-0.0003295547693301824,nan,0.5856365649965826,0.5856365649965826,0.0,0.0,0.0,nan,0,1,1.0,0.0,0.0014351784815846303,-0.0012973965987076765,nan,0.0014351784815846303,-0.0012973965987076765,nan,1.1964296168798818,1.1964296168798818,0.0,0.0,0.0,nan,0
543,0.5060000000000003,0.45,,scientific,0,1,0.1761290322580645,1.0,0.0,0.0014348452247926382,-0.0012990200065581441,nan,0.0014348452247926382,-0.0012990200065581441,nan,1.1976724419000928,1.1976724419000928,0.0,0.0,0.0,nan,0,1,1.0,0.0,0.001634126633079806,-0.0003295547693301824,nan,0.001634126633079806,-0.0003295547693301824,nan,0.5856365649965826,0.5856365649965826,0.0,0.0,0.0,nan,0,1,1.0,0.0,0.0014348452247926382,-0.0012990200065581441,nan,0.0014348452247926382,-0.0012990200065581441,nan,1.1976724419000928,1.1976724419000928,0.0,0.0,0.0,nan,0
544,0.5070000000000003,0.45,,scientific,0,1,0.1761290322580645,1.0,0.0,0.0014345124396404302,-0.0013006425414003732,nan,0.0014345124396404302,-0.0013006425414003732,nan,1.1989151366756603,1.1989151366756603,0.0,0.0,0.0,nan,0,1,1.0,0.0,0.001634126633079806,-0.0003295547693301824,nan,0.001634126633079806,-0.0003295547693301824,nan,0.5856365649965826,0.5856365649965826,0.0,0.0,0.0,nan,0,1,1.0,0.0,0.0014345124396404302,-0.0013006425414003732,nan,0.0014345124396404302,-0.0013006425414003732,nan,1.1989151366756603,1.1989151366756603,0.0,0.0,0.0,nan,0
545,0.5080000000000003,0.45,,scientific,0,1,0.1761290322580645,1.0,0.0,0.001434180133231943,-0.0013022641964716391,nan,0.001434180133231943,-0.0013022641964716391,nan,1.2001577012672173,1.2001577012672173,0.0,0.0,0.0,nan,0,1,1.0,0.0,0.001634126633079806,-0.0003295547693301824,nan,0.001634126633079806,-0.0003295547693301824,nan,0.5856365649965826,0.5856365649965826,0.0,0.0,0.0,nan,0,1,1.0,0.0,0.001434180133231943,-0.0013022641964716391,nan,0.001434180133231943,-0.0013022641964716391,nan,1.2001577012672173,1.2001577012672173,0.0,0.0,0.0,nan,0
546,0.5090000000000003,0.45,,scientific,0,1,0.1761290322580645,1.0,0.0,0.001433848314193097,-0.0013038849829662793,nan,0.001433848314193097,-0.0013038849829662793,nan,1.2014001357611517,1.2014001357611517,0.0,0.0,0.0,nan,0,1,1.0,0.0,0.001634126633079806,-0.0003295547693301824,nan,0.001634126633079806,-0.0003295547693301824,nan,0.5856365649965826,0.5856365649965826,0.0,0.0,0.0,nan,0,1,1.0,0.0,0.001433848314193097,-0.0013038849829662793,nan,0.001433848314193097,-0.0013038849829662793,nan,1.2014001357611517,1.2014001357611517,0.0,0.0,0.0,nan,0
547,0.5100000000000003,0.45,,scientific,0,1,0.1761290322580645,1.0,0.0,0.001433516979007276,-0.0013055049081405865,nan,0.001433516979007276,-0.0013055049081405865,nan,1.20264244023535,1.20264244023535,0.0,0.0,0.0,nan,0,1,1.0,0.0,0.001634126633079806,-0.0003295547693301824,nan,0.001634126633079806,-0.0003295547693301824,nan,0.5856365649965826,0.5856365649965826,0.0,0.0,0.0,nan,0,1,1.0,0.0,0.001433516979007276,-0.0013055049081405865,nan,0.001433516979007276,-0.0013055049081405865,nan,1.20264244023535,1.20264244023535,0.0,0.0,0.0,nan,0
548,0.5110000000000003,0.45,,scientific,0,1,0.1761290322580645,1.0,0.0,0.0014331861288761883,-0.0013071239633856825,nan,0.0014331861288761883,-0.0013071239633856825,nan,1.203884614768434,1.203884614768434,0.0,0.0,0.0,nan,0,1,1.0,0.0,0.001634126633079806,-0.0003295547693301824,nan,0.001634126633079806,-0.0003295547693301824,nan,0.5856365649965826,0.5856365649965826,0.0,0.0,0.0,nan,0,1,1.0,0.0,0.0014331861288761883,-0.0013071239633856825,nan,0.0014331861288761883,-0.0013071239633856825,nan,1.203884614768434,1.203884614768434,0.0,0.0,0.0,nan,0
549,0.5120000000000003,0.45,,scientific,0,1,0.1761290322580645,1.0,0.0,0.0014328557568932334,-0.0013087421439848112,nan,0.0014328557568932334,-0.0013087421439848112,nan,1.2051266594374803,1.2051266594374803,0.0,0.0,0.0,nan,0,1,1.0,0.0,0.001634126633079806,-0.0003295547693301824,nan,0.001634126633079806,-0.0003295547693301824,nan,0.5856365649965826,0.5856365649965826,0.0,0.0,0.0,nan,0,1,1.0,0.0,0.0014328557568932334,-0.0013087421439848112,nan,0.0014328557568932334,-0.0013087421439848112,nan,1.2051266594374803,1.2051266594374803,0.0,0.0,0.0,nan,0
550,0.5130000000000003,0.45,,scientific,0,1,0.1761290322580645,1.0,0.0,0.0014325258532108284,-0.001310359450312582,nan,0.0014325258532108284,-0.001310359450312582,nan,1.206368574322542,1.206368574322542,0.0,0.0,0.0,nan,0,1,1.0,0.0,0.001634126633079806,-0.0003295547693301824,nan,0.001634126633079806,-0.0003295547693301824,nan,0.5856365649965826,0.5856365649965826,0.0,0.0,0.0,nan,0,1,1.0,0.0,0.0014325258532108284,-0.001310359450312582,nan,0.0014325258532108284,-0.001310359450312582,nan,1.206368574322542,1.206368574322542,0.0,0.0,0.0,nan,0
551,0.5140000000000003,0.45,,scientific,0,1,0.1761290322580645,1.0,0.0,0.0014321964192861491,-0.0013119758826393283,nan,0.0014321964192861491,-0.0013119758826393283,nan,1.2076103595116212,1.2076103595116212,0.0,0.0,0.0,nan,0,1,1.0,0.0,0.001634126633079806,-0.0003295547693301824,nan,0.001634126633079806,-0.0003295547693301824,nan,0.5856365649965826,0.5856365649965826,0.0,0.0,0.0,nan,0,1,1.0,0.0,0.0014321964192861491,-0.0013119758826393283,nan,0.0014321964192861491,-0.0013119758826393283,nan,1.2076103595116212,1.2076103595116212,0.0,0.0,0.0,nan,0
552,0.5150000000000003,0.45,,scientific,0,1,0.1761290322580645,1.0,0.0,0.0014318674540542997,-0.001313591442958674,nan,0.0014318674540542997,-0.001313591442958674,nan,1.20885201508922,1.20885201508922,0.0,0.0,0.0,nan,0,1,1.0,0.0,0.001634126633079806,-0.0003295547693301824,nan,0.001634126633079806,-0.0003295547693301824,nan,0.5856365649965826,0.5856365649965826,0.0,0.0,0.0,nan,0,1,1.0,0.0,0.0014318674540542997,-0.001313591442958674,nan,0.0014318674540542997,-0.001313591442958674,nan,1.20885201508922,1.20885201508922,0.0,0.0,0.0,nan,0
553,0.5160000000000003,0.45,,scientific,0,1,0.1761290322580645,1.0,0.0,0.0014315389579432698,-0.0013152061229478112,nan,0.0014315389579432698,-0.0013152061229478112,nan,1.210093541142773,1.210093541142773,0.0,0.0,0.0,nan,0,1,1.0,0.0,0.001634126633079806,-0.0003295547693301824,nan,0.001634126633079806,-0.0003295547693301824,nan,0.5856365649965826,0.5856365649965826,0.0,0.0,0.0,nan,0,1,1.0,0.0,0.0014315389579432698,-0.0013152061229478112,nan,0.0014315389579432698,-0.0013152061229478112,nan,1.210093541142773,1.210093541142773,0.0,0.0,0.0,nan,0
554,0.5170000000000003,0.45,,scientific,0,1,0.1761290322580645,1.0,0.0,0.0014312109289238725,-0.0013168199360106272,nan,0.0014312109289238725,-0.0013168199360106272,nan,1.2113349377475906,1.2113349377475906,0.0,0.0,0.0,nan,0,1,1.0,0.0,0.001634126633079806,-0.0003295547693301824,nan,0.001634126633079806,-0.0003295547693301824,nan,0.5856365649965826,0.5856365649965826,0.0,0.0,0.0,nan,0,1,1.0,0.0,0.0014312109289238725,-0.0013168199360106272,nan,0.0014312109289238725,-0.0013168199360106272,nan,1.2113349377475906,1.2113349377475906,0.0,0.0,0.0,nan,0
555,0.5180000000000003,0.45,,scientific,0,1,0.1761290322580645,1.0,0.0,0.0014308833673059534,-0.0013184328793023193,nan,0.0014308833673059534,-0.0013184328793023193,nan,1.212576204983517,1.212576204983517,0.0,0.0,0.0,nan,0,1,1.0,0.0,0.001634126633079806,-0.0003295547693301824,nan,0.001634126633079806,-0.0003295547693301824,nan,0.5856365649965826,0.5856365649965826,0.0,0.0,0.0,nan,0,1,1.0,0.0,0.0014308833673059534,-0.0013184328793023193,nan,0.0014308833673059534,-0.0013184328793023193,nan,1.212576204983517,1.212576204983517,0.0,0.0,0.0,nan,0
556,0.5190000000000003,0.45,,scientific,0,1,0.1761290322580645,1.0,0.0,0.0014305562686271333,-0.0013200449589020212,nan,0.0014305562686271333,-0.0013200449589020212,nan,1.2138173429284347,1.2138173429284347,0.0,0.0,0.0,nan,0,1,1.0,0.0,0.001634126633079806,-0.0003295547693301824,nan,0.001634126633079806,-0.0003295547693301824,nan,0.5856365649965826,0.5856365649965826,0.0,0.0,0.0,nan,0,1,1.0,0.0,0.0014305562686271333,-0.0013200449589020212,nan,0.0014305562686271333,-0.0013200449589020212,nan,1.2138173429284347,1.2138173429284347,0.0,0.0,0.0,nan,0
557,0.5200000000000004,0.45,,scientific,0,1,0.1761290322580645,1.0,0.0,0.0014302296336210598,-0.0013216561689676368,nan,0.0014302296336210598,-0.0013216561689676368,nan,1.2150583516757567,1.2150583516757567,0.0,0.0,0.0,nan,0,1,1.0,0.0,0.001634126633079806,-0.0003295547693301824,nan,0.001634126633079806,-0.0003295547693301824,nan,0.5856365649965826,0.5856365649965826,0.0,0.0,0.0,nan,0,1,1.0,0.0,0.0014302296336210598,-0.0013216561689676368,nan,0.0014302296336210598,-0.0013216561689676368,nan,1.2150583516757567,1.2150583516757567,0.0,0.0,0.0,nan,0
558,0.5210000000000004,0.45,,scientific,0,1,0.1761290322580645,1.0,0.0,0.0014299034653281252,-0.0013232665240147407,nan,0.0014299034653281252,-0.0013232665240147407,nan,1.216299231295762,1.216299231295762,0.0,0.0,0.0,nan,0,1,1.0,0.0,0.001634126633079806,-0.0003295547693301824,nan,0.001634126633079806,-0.0003295547693301824,nan,0.5856365649965826,0.5856365649965826,0.0,0.0,0.0,nan,0,1,1.0,0.0,0.0014299034653281252,-0.0013232665240147407,nan,0.0014299034653281252,-0.0013232665240147407,nan,1.216299231295762,1.216299231295762,0.0,0.0,0.0,nan,0
559,0.5220000000000004,0.45,,scientific,0,1,0.1761290322580645,1.0,0.0,0.0014295777574198656,-0.0013248760217330208,nan,0.0014295777574198656,-0.0013248760217330208,nan,1.217539981860241,1.217539981860241,0.0,0.0,0.0,nan,0,1,1.0,0.0,0.001634126633079806,-0.0003295547693301824,nan,0.001634126633079806,-0.0003295547693301824,nan,0.5856365649965826,0.5856365649965826,0.0,0.0,0.0,nan,0,1,1.0,0.0,0.0014295777574198656,-0.0013248760217330208,nan,0.0014295777574198656,-0.0013248760217330208,nan,1.217539981860241,1.217539981860241,0.0,0.0,0.0,nan,0
560,0.5230000000000004,0.45,,scientific,0,1,0.1761290322580645,1.0,0.0,0.0014292525081824145,-0.0013264846626889878,nan,0.0014292525081824145,-0.0013264846626889878,nan,1.2187806034518256,1.2187806034518256,0.0,0.0,0.0,nan,0,1,1.0,0.0,0.001634126633079806,-0.0003295547693301824,nan,0.001634126633079806,-0.0003295547693301824,nan,0.5856365649965826,0.5856365649965826,0.0,0.0,0.0,nan,0,1,1.0,0.0,0.0014292525081824145,-0.0013264846626889878,nan,0.0014292525081824145,-0.0013264846626889878,nan,1.2187806034518256,1.2187806034518256,0.0,0.0,0.0,nan,0
561,0.5240000000000004,0.45,,scientific,0,1,0.1761290322580645,1.0,0.0,0.001710536631275789,-8.571283346521587e-05,nan,0.001710536631275789,-8.571283346521587e-05,nan,1.2225189936554641,1.2225189936554641,0.0,0.0,0.0,nan,0,1,1.0,0.0,0.0018097659057273595,0.00044345790185456923,nan,0.0018097659057273595,0.00044345790185456923,nan,0.5867131027999012,0.5867131027999012,0.0,0.0,0.0,nan,0,1,1.0,0.0,0.001710536631275789,-8.571283346521587e-05,nan,0.001710536631275789,-8.571283346521587e-05,nan,1.2225189936554641,1.2225189936554641,0.0,0.0,0.0,nan,0
562,0.5250000000000004,0.45,,scientific,0,1,0.1761290322580645,1.0,0.0,0.0017103820876533953,-8.656647857142943e-05,nan,0.0017103820876533953,-8.656647857142943e-05,nan,1.2237621429599335,1.2237621429599335,0.0,0.0,0.0,nan,0,1,1.0,0.0,0.0018097659057273595,0.00044345790185456923,nan,0.0018097659057273595,0.00044345790185456923,nan,0.5867131027999012,0.5867131027999012,0.0,0.0,0.0,nan,0,1,1.0,0.0,0.0017103820876533953,-8.656647857142943e-05,nan,0.0017103820876533953,-8.656647857142943e-05,nan,1.2237621429599335,1.2237621429599335,0.0,0.0,0.0,nan,0
563,0.5260000000000004,0.45,,scientific,0,1,0.1761290322580645,1.0,0.0,0.0017102279298985806,-8.741957349151803e-05,nan,0.0017102279298985806,-8.741957349151803e-05,nan,1.2250051636923254,1.2250051636923254,0.0,0.0,0.0,nan,0,1,1.0,0.0,0.0018097659057273595,0.00044345790185456923,nan,0.0018097659057273595,0.00044345790185456923,nan,0.5867131027999012,0.5867131027999012,0.0,0.0,0.0,nan,0,1,1.0,0.0,0.0017102279298985806,-8.741957349151803e-05,nan,0.0017102279298985806,-8.741957349151803e-05,nan,1.2250051636923254,1.2250051636923254,0.0,0.0,0.0,nan,0
564,0.5270000000000004,0.45,,scientific,0,1,0.1761290322580645,1.0,0.0,0.0017100741601684243,-8.827211806708864e-05,nan,0.0017100741601684243,-8.827211806708864e-05,nan,1.2262480559323137,1.2262480559323137,0.0,0.0,0.0,nan,0,1,1.0,0.0,0.0018097659057273595,0.00044345790185456923,nan,0.0018097659057273595,0.00044345790185456923,nan,0.5867131027999012,0.5867131027999012,0.0,0.0,0.0,nan,0,1,1.0,0.0,0.0017100741601684243,-8.827211806708864e-05,nan,0.0017100741601684243,-8.827211806708864e-05,nan,1.2262480559323137,1.2262480559323137,0.0,0.0,0.0,nan,0
565,0.5280000000000004,0.45,,scientific,0,1,0.1761290322580645,1.0,0.0,0.0017099207784664733,-8.912411334445075e-05,nan,0.0017099207784664733,-8.912411334445075e-05,nan,1.2274908197612486,1.2274908197612486,0.0,0.0,0.0,nan,0,1,1.0,0.0,0.0018097659057273595,0.00044345790185456923,nan,0.0018097659057273595,0.00044345790185456923,nan,0.5867131027999012,0.5867131027999012,0.0,0.0,0.0,nan,0,1,1.0,0.0,0.0017099207784664733,-8.912411334445075e-05,nan,0.0017099207784664733,-8.912411334445075e-05,nan,1.2274908197612486,1.2274908197612486,0.0,0.0,0.0,nan,0
566,0.5290000000000004,0.45,,scientific,0,1,0.1761290322580645,1.0,0.0,0.0017097677828406942,-8.997556592806405e-05,nan,0.0017097677828406942,-8.997556592806405e-05,nan,1.2287334552627034,1.2287334552627034,0.0,0.0,0.0,nan,0,1,1.0,0.0,0.0018097659057273595,0.00044345790185456923,nan,0.0018097659057273595,0.00044345790185456923,nan,0.5867131027999012,0.5867131027999012,0.0,0.0,0.0,nan,0,1,1.0,0.0,0.0017097677828406942,-8.997556592806405e-05,nan,0.0017097677828406942,-8.997556592806405e-05,nan,1.2287334552627034,1.2287334552627034,0.0,0.0,0.0,nan,0
567,0.5300000000000004,0.45,,scientific,0,1,0.1767741935483871,1.0,0.0,0.0017096151730611802,-9.082647922454407e-05,nan,0.0017096151730611802,-9.082647922454407e-05,nan,1.2299759625164357,1.2299759625164357,0.0,0.0,0.0,nan,0,1,1.0,0.0,0.0018097659057273595,0.00044345790185456923,nan,0.0018097659057273595,0.00044345790185456923,nan,0.5867131027999012,0.5867131027999012,0.0,0.0,0.0,nan,0,1,1.0,0.0,0.0017096151730611802,-9.082647922454407e-05,nan,0.0017096151730611802,-9.082647922454407e-05,nan,1.2299759625164357,1.2299759625164357,0.0,0.0,0.0,nan,0
568,0.5310000000000004,0.45,,scientific,0,1,0.1767741935483871,1.0,0.0,0.001709462950814829,-9.167685716459232e-05,nan,0.001709462950814829,-9.167685716459232e-05,nan,1.231218341600908,1.231218341600908,0.0,0.0,0.0,nan,0,1,1.0,0.0,0.0018097659057273595,0.00044345790185456923,nan,0.0018097659057273595,0.00044345790185456923,nan,0.5867131027999012,0.5867131027999012,0.0,0.0,0.0,nan,0,1,1.0,0.0,0.001709462950814829,-9.167685716459232e-05,nan,0.001709462950814829,-9.167685716459232e-05,nan,1.231218341600908,1.231218341600908,0.0,0.0,0.0,nan,0
569,0.5320000000000004,0.45,,scientific,0,1,0.1767741935483871,1.0,0.0,0.0017093111148955276,-9.252669131814155e-05,nan,0.0017093111148955276,-9.252669131814155e-05,nan,1.2324605925888967,1.2324605925888967,0.0,0.0,0.0,nan,0,1,1.0,0.0,0.0018097659057273595,0.00044345790185456923,nan,0.0018097659057273595,0.00044345790185456923,nan,0.5867131027999012,0.5867131027999012,0.0,0.0,0.0,nan,0,1,1.0,0.0,0.0017093111148955276,-9.252669131814155e-05,nan,0.0017093111148955276,-9.252669131814155e-05,nan,1.2324605925888967,1.2324605925888967,0.0,0.0,0.0,nan,0
570,0.5330000000000004,0.45,,scientific,0,1,0.1767741935483871,1.0,0.0,0.0017091596646713345,-9.337598091772603e-05,nan,0.0017091596646713345,-9.337598091772603e-05,nan,1.2337027155604994,1.2337027155604994,0.0,0.0,0.0,nan,0,1,1.0,0.0,0.0018097659057273595,0.00044345790185456923,nan,0.0018097659057273595,0.00044345790185456923,nan,0.5867131027999012,0.5867131027999012,0.0,0.0,0.0,nan,0,1,1.0,0.0,0.0017091596646713345,-9.337598091772603e-05,nan,0.0017091596646713345,-9.337598091772603e-05,nan,1.2337027155604994,1.2337027155604994,0.0,0.0,0.0,nan,0
571,0.5340000000000004,0.45,,scientific,0,1,0.1767741935483871,1.0,0.0,0.0017090085997087208,-9.42247271573799e-05,nan,0.0017090085997087208,-9.42247271573799e-05,nan,1.2349447105969849,1.2349447105969849,0.0,0.0,0.0,nan,0,1,1.0,0.0,0.0018097659057273595,0.00044345790185456923,nan,0.0018097659057273595,0.00044345790185456923,nan,0.5867131027999012,0.5867131027999012,0.0,0.0,0.0,nan,0,1,1.0,0.0,0.0017090085997087208,-9.42247271573799e-05,nan,0.0017090085997087208,-9.42247271573799e-05,nan,1.2349447105969849,1.2349447105969849,0.0,0.0,0.0,nan,0
572,0.5350000000000004,0.45,,scientific,0,1,0.1767741935483871,1.0,0.0,0.0017088579196383757,-9.507293160051806e-05,nan,0.0017088579196383757,-9.507293160051806e-05,nan,1.2361865777792775,1.2361865777792775,0.0,0.0,0.0,nan,0,1,1.0,0.0,0.0018097659057273595,0.00044345790185456923,nan,0.0018097659057273595,0.00044345790185456923,nan,0.5867131027999012,0.5867131027999012,0.0,0.0,0.0,nan,0,1,1.0,0.0,0.0017088579196383757,-9.507293160051806e-05,nan,0.0017088579196383757,-9.507293160051806e-05,nan,1.2361865777792775,1.2361865777792775,0.0,0.0,0.0,nan,0
573,0.5360000000000004,0.45,,scientific,0,1,0.1767741935483871,1.0,0.0,0.0017087076241241808,-9.592059581339347e-05,nan,0.0017087076241241808,-9.592059581339347e-05,nan,1.23742831718772,1.23742831718772,0.0,0.0,0.0,nan,0,1,1.0,0.0,0.0018097659057273595,0.00044345790185456923,nan,0.0018097659057273595,0.00044345790185456923,nan,0.5867131027999012,0.5867131027999012,0.0,0.0,0.0,nan,0,1,1.0,0.0,0.0017087076241241808,-9.592059581339347e-05,nan,0.0017087076241241808,-9.592059581339347e-05,nan,1.23742831718772,1.23742831718772,0.0,0.0,0.0,nan,0
574,0.5370000000000004,0.45,,scientific,0,1,0.1767741935483871,1.0,0.0,0.0017085577188979673,-9.676770577042212e-05,nan,0.0017085577188979673,-9.676770577042212e-05,nan,1.2386699289120164,1.2386699289120164,0.0,0.0,0.0,nan,0,1,1.0,0.0,0.0018097659057273595,0.00044345790185456923,nan,0.0018097659057273595,0.00044345790185456923,nan,0.5867131027999012,0.5867131027999012,0.0,0.0,0.0,nan,0,1,1.0,0.0,0.0017085577188979673,-9.676770577042212e-05,nan,0.0017085577188979673,-9.676770577042212e-05,nan,1.2386699289120164,1.2386699289120164,0.0,0.0,0.0,nan,0
575,0.5380000000000004,0.45,,scientific,0,1,0.1767741935483871,1.0,0.0,0.0017084082013283316,-9.761427633646657e-05,nan,0.0017084082013283316,-9.761427633646657e-05,nan,1.2399114130269042,1.2399114130269042,0.0,0.0,0.0,nan,0,1,1.0,0.0,0.0018097659057273595,0.00044345790185456923,nan,0.0018097659057273595,0.00044345790185456923,nan,0.5867131027999012,0.5867131027999012,0.0,0.0,0.0,nan,0,1,1.0,0.0,0.0017084082013283316,-9.761427633646657e-05,nan,0.0017084082013283316,-9.761427633646657e-05,nan,1.2399114130269042,1.2399114130269042,0.0,0.0,0.0,nan,0
576,0.5390000000000004,0.45,,scientific,0,1,0.1767741935483871,1.0,0.0,0.0017082590536807987,-9.846032512297195e-05,nan,0.0017082590536807987,-9.846032512297195e-05,nan,1.2411527695997473,1.2411527695997473,0.0,0.0,0.0,nan,0,1,1.0,0.0,0.0018097659057273595,0.00044345790185456923,nan,0.0018097659057273595,0.00044345790185456923,nan,0.5867131027999012,0.5867131027999012,0.0,0.0,0.0,nan,0,1,1.0,0.0,0.0017082590536807987,-9.846032512297195e-05,nan,0.0017082590536807987,-9.846032512297195e-05,nan,1.2411527695997473,1.2411527695997473,0.0,0.0,0.0,nan,0
577,0.5400000000000004,0.45,,scientific,0,1,0.1767741935483871,1.0,0.0,0.0017081102774444768,-9.93058418269579e-05,nan,0.0017081102774444768,-9.93058418269579e-05,nan,1.2423939987051638,1.2423939987051638,0.0,0.0,0.0,nan,0,1,1.0,0.0,0.0018097659057273595,0.00044345790185456923,nan,0.0018097659057273595,0.00044345790185456923,nan,0.5867131027999012,0.5867131027999012,0.0,0.0,0.0,nan,0,1,1.0,0.0,0.0017081102774444768,-9.93058418269579e-05,nan,0.0017081102774444768,-9.93058418269579e-05,nan,1.2423939987051638,1.2423939987051638,0.0,0.0,0.0,nan,0
578,0.5410000000000004,0.45,,scientific,0,1,0.1767741935483871,1.0,0.0,0.0017079618833040911,-0.00010015080034089373,nan,0.0017079618833040911,-0.00010015080034089373,nan,1.2436351004219781,1.2436351004219781,0.0,0.0,0.0,nan,0,1,1.0,0.0,0.0018097659057273595,0.00044345790185456923,nan,0.0018097659057273595,0.00044345790185456923,nan,0.5867131027999012,0.5867131027999012,0.0,0.0,0.0,nan,0,1,1.0,0.0,0.0017079618833040911,-0.00010015080034089373,nan,0.0017079618833040911,-0.00010015080034089373,nan,1.2436351004219781,1.2436351004219781,0.0,0.0,0.0,nan,0
579,0.5420000000000004,0.45,,scientific,0,1,0.1767741935483871,1.0,0.0,0.0017078138741327624,-0.0001009952216056083,nan,0.0017078138741327624,-0.0001009952216056083,nan,1.2448760748134162,1.2448760748134162,0.0,0.0,0.0,nan,0,1,1.0,0.0,0.0018097659057273595,0.00044345790185456923,nan,0.0018097659057273595,0.00044345790185456923,nan,0.5867131027999012,0.5867131027999012,0.0,0.0,0.0,nan,0,1,1.0,0.0,0.0017078138741327624,-0.0001009952216056083,nan,0.0017078138741327624,-0.0001009952216056083,nan,1.2448760748134162,1.2448760748134162,0.0,0.0,0.0,nan,0
580,0.5430000000000004,0.45,,scientific,0,1,0.1767741935483871,1.0,0.0,0.001707666249918194,-0.00010183911452505293,nan,0.001707666249918194,-0.00010183911452505293,nan,1.2461169219595294,1.2461169219595294,0.0,0.0,0.0,nan,0,1,1.0,0.0,0.0018097659057273595,0.00044345790185456923,nan,0.0018097659057273595,0.00044345790185456923,nan,0.5867131027999012,0.5867131027999012,0.0,0.0,0.0,nan,0,1,1.0,0.0,0.001707666249918194,-0.00010183911452505293,nan,0.001707666249918194,-0.00010183911452505293,nan,1.2461169219595294,1.2461169219595294,0.0,0.0,0.0,nan,0
581,0.5440000000000004,0.45,,scientific,0,1,0.1767741935483871,1.0,0.0,0.001757288933407673,-0.0025760930955315052,nan,0.001757288933407673,-0.0025760930955315052,nan,1.2524363154920404,1.2524363154920404,0.0,0.0,0.0,nan,0,1,1.0,0.0,0.0018384259708437017,-0.0010858406713344045,nan,0.0018384259708437017,-0.0010858406713344045,nan,0.5888661784060614,0.5888661784060614,0.0,0.0,0.0,nan,0,1,1.0,0.0,0.001757288933407673,-0.0025760930955315052,nan,0.001757288933407673,-0.0025760930955315052,nan,1.2524363154920404,1.2524363154920404,0.0,0.0,0.0,nan,0
582,0.5450000000000004,0.45,,scientific,0,1,0.1767741935483871,1.0,0.0,0.0017571756992017995,-0.0025783906457627227,nan,0.0017571756992017995,-0.0025783906457627227,nan,1.2536824230322097,1.2536824230322097,0.0,0.0,0.0,nan,0,1,1.0,0.0,0.0018384259708437017,-0.0010858406713344045,nan,0.0018384259708437017,-0.0010858406713344045,nan,0.5888661784060614,0.5888661784060614,0.0,0.0,0.0,nan,0,1,1.0,0.0,0.0017571756992017995,-0.0025783906457627227,nan,0.0017571756992017995,-0.0025783906457627227,nan,1.2536824230322097,1.2536824230322097,0.0,0.0,0.0,nan,0
583,0.5460000000000004,0.45,,scientific,0,1,0.1767741935483871,1.0,0.0,0.001757062833142011,-0.00258068708834404,nan,0.001757062833142011,-0.00258068708834404,nan,1.2549284038613684,1.2549284038613684,0.0,0.0,0.0,nan,0,1,1.0,0.0,0.0018384259708437017,-0.0010858406713344045,nan,0.0018384259708437017,-0.0010858406713344045,nan,0.5888661784060614,0.5888661784060614,0.0,0.0,0.0,nan,0,1,1.0,0.0,0.001757062833142011,-0.00258068708834404,nan,0.001757062833142011,-0.00258068708834404,nan,1.2549284038613684,1.2549284038613684,0.0,0.0,0.0,nan,0
584,0.5470000000000004,0.45,,scientific,0,1,0.1767741935483871,1.0,0.0,0.001756950337843191,-0.0025829824239672616,nan,0.001756950337843191,-0.0025829824239672616,nan,1.2561742580555253,1.2561742580555253,0.0,0.0,0.0,nan,0,1,1.0,0.0,0.0018384259708437017,-0.0010858406713344045,nan,0.0018384259708437017,-0.0010858406713344045,nan,0.5888661784060614,0.5888661784060614,0.0,0.0,0.0,nan,0,1,1.0,0.0,0.001756950337843191,-0.0025829824239672616,nan,0.001756950337843191,-0.0025829824239672616,nan,1.2561742580555253,1.2561742580555253,0.0,0.0,0.0,nan,0
585,0.5480000000000004,0.45,,scientific,0,1,0.1774193548387097,1.0,0.0,0.0017568382073432855,-0.0025852766474103173,nan,0.0017568382073432855,-0.0025852766474103173,nan,1.2574199856945096,1.2574199856945096,0.0,0.0,0.0,nan,0,1,1.0,0.0,0.0018384259708437017,-0.0010858406713344045,nan,0.0018384259708437017,-0.0010858406713344045,nan,0.5888661784060614,0.5888661784060614,0.0,0.0,0.0,nan,0,1,1.0,0.0,0.0017568382073432855,-0.0025852766474103173,nan,0.0017568382073432855,-0.0025852766474103173,nan,1.2574199856945096,1.2574199856945096,0.0,0.0,0.0,nan,0
586,0.5490000000000004,0.45,,scientific,0,1,0.1774193548387097,1.0,0.0,0.0017567264434811666,-0.0025875697738051567,nan,0.0017567264434811666,-0.0025875697738051567,nan,1.258665586843854,1.258665586843854,0.0,0.0,0.0,nan,0,1,1.0,0.0,0.0018384259708437017,-0.0010858406713344045,nan,0.0018384259708437017,-0.0010858406713344045,nan,0.5888661784060614,0.5888661784060614,0.0,0.0,0.0,nan,0,1,1.0,0.0,0.0017567264434811666,-0.0025875697738051567,nan,0.0017567264434811666,-0.0025875697738051567,nan,1.258665586843854,1.258665586843854,0.0,0.0,0.0,nan,0
587,0.5500000000000004,0.45,,scientific,0,1,0.1774193548387097,1.0,0.0,0.001756615061816609,-0.0025898618166859773,nan,0.001756615061816609,-0.0025898618166859773,nan,1.25991106157712,1.25991106157712,0.0,0.0,0.0,nan,0,1,1.0,0.0,0.0018384259708437017,-0.0010858406713344045,nan,0.0018384259708437017,-0.0010858406713344045,nan,0.5888661784060614,0.5888661784060614,0.0,0.0,0.0,nan,0,1,1.0,0.0,0.001756615061816609,-0.0025898618166859773,nan,0.001756615061816609,-0.0025898618166859773,nan,1.25991106157712,1.25991106157712,0.0,0.0,0.0,nan,0
588,0.5510000000000004,0.45,,scientific,0,1,0.1774193548387097,1.0,0.0,0.0017565040538531057,-0.0025921527694198077,nan,0.0017565040538531057,-0.0025921527694198077,nan,1.2611564099794241,1.2611564099794241,0.0,0.0,0.0,nan,0,1,1.0,0.0,0.0018384259708437017,-0.0010858406713344045,nan,0.0018384259708437017,-0.0010858406713344045,nan,0.5888661784060614,0.5888661784060614,0.0,0.0,0.0,nan,0,1,1.0,0.0,0.0017565040538531057,-0.0025921527694198077,nan,0.0017565040538531057,-0.0025921527694198077,nan,1.2611564099794241,1.2611564099794241,0.0,0.0,0.0,nan,0
589,0.5520000000000004,0.45,,scientific,0,1,0.1774193548387097,1.0,0.0,0.0017563934144264187,-0.002594442646496569,nan,0.0017563934144264187,-0.002594442646496569,nan,1.2624016321288225,1.2624016321288225,0.0,0.0,0.0,nan,0,1,1.0,0.0,0.0018384259708437017,-0.0010858406713344045,nan,0.0018384259708437017,-0.0010858406713344045,nan,0.5888661784060614,0.5888661784060614,0.0,0.0,0.0,nan,0,1,1.0,0.0,0.0017563934144264187,-0.002594442646496569,nan,0.0017563934144264187,-0.002594442646496569,nan,1.2624016321288225,1.2624016321288225,0.0,0.0,0.0,nan,0
590,0.5530000000000004,0.45,,scientific,0,1,0.1774193548387097,1.0,0.0,0.0017562831431301752,-0.0025967314506222484,nan,0.0017562831431301752,-0.0025967314506222484,nan,1.2636467280941561,1.2636467280941561,0.0,0.0,0.0,nan,0,1,1.0,0.0,0.0018384259708437017,-0.0010858406713344045,nan,0.0018384259708437017,-0.0010858406713344045,nan,0.5888661784060614,0.5888661784060614,0.0,0.0,0.0,nan,0,1,1.0,0.0,0.0017562831431301752,-0.0025967314506222484,nan,0.0017562831431301752,-0.0025967314506222484,nan,1.2636467280941561,1.2636467280941561,0.0,0.0,0.0,nan,0
591,0.5540000000000004,0.45,,scientific,0,1,0.1774193548387097,1.0,0.0,0.0017561732548443366,-0.0025990191802317754,nan,0.0017561732548443366,-0.0025990191802317754,nan,1.2648916979466283,1.2648916979466283,0.0,0.0,0.0,nan,0,1,1.0,0.0,0.0018384259708437017,-0.0010858406713344045,nan,0.0018384259708437017,-0.0010858406713344045,nan,0.5888661784060614,0.5888661784060614,0.0,0.0,0.0,nan,0,1,1.0,0.0,0.0017561732548443366,-0.0025990191802317754,nan,0.0017561732548443366,-0.0025990191802317754,nan,1.2648916979466283,1.2648916979466283,0.0,0.0,0.0,nan,0
592,0.5550000000000004,0.45,,scientific,0,1,0.1774193548387097,1.0,0.0,0.0017560637477980064,-0.002601305836668592,nan,0.0017560637477980064,-0.002601305836668592,nan,1.2661365417556179,1.2661365417556179,0.0,0.0,0.0,nan,0,1,1.0,0.0,0.0018384259708437017,-0.0010858406713344045,nan,0.0018384259708437017,-0.0010858406713344045,nan,0.5888661784060614,0.5888661784060614,0.0,0.0,0.0,nan,0,1,1.0,0.0,0.0017560637477980064,-0.002601305836668592,nan,0.0017560637477980064,-0.002601305836668592,nan,1.2661365417556179,1.2661365417556179,0.0,0.0,0.0,nan,0
593,0.5560000000000004,0.45,,scientific,0,1,0.1774193548387097,1.0,0.0,0.0017559546190412366,-0.0026035914204916113,nan,0.0017559546190412366,-0.0026035914204916113,nan,1.2673812596022664,1.2673812596022664,0.0,0.0,0.0,nan,0,1,1.0,0.0,0.0018384259708437017,-0.0010858406713344045,nan,0.0018384259708437017,-0.0010858406713344045,nan,0.5888661784060614,0.5888661784060614,0.0,0.0,0.0,nan,0,1,1.0,0.0,0.0017559546190412366,-0.0026035914204916113,nan,0.0017559546190412366,-0.0026035914204916113,nan,1.2673812596022664,1.2673812596022664,0.0,0.0,0.0,nan,0
594,0.5570000000000004,0.45,,scientific,0,1,0.1774193548387097,1.0,0.0,0.0017558458660557135,-0.0026058759346351563,nan,0.0017558458660557135,-0.0026058759346351563,nan,1.2686258515713598,1.2686258515713598,0.0,0.0,0.0,nan,0,1,1.0,0.0,0.0018384259708437017,-0.0010858406713344045,nan,0.0018384259708437017,-0.0010858406713344045,nan,0.5888661784060614,0.5888661784060614,0.0,0.0,0.0,nan,0,1,1.0,0.0,0.0017558458660557135,-0.0026058759346351563,nan,0.0017558458660557135,-0.0026058759346351563,nan,1.2686258515713598,1.2686258515713598,0.0,0.0,0.0,nan,0
595,0.5580000000000004,0.45,,scientific,0,1,0.1774193548387097,1.0,0.0,0.0017557374745377002,-0.0026081593884018576,nan,0.0017557374745377002,-0.0026081593884018576,nan,1.269870317752091,1.269870317752091,0.0,0.0,0.0,nan,0,1,1.0,0.0,0.0018384259708437017,-0.0010858406713344045,nan,0.0018384259708437017,-0.0010858406713344045,nan,0.5888661784060614,0.5888661784060614,0.0,0.0,0.0,nan,0,1,1.0,0.0,0.0017557374745377002,-0.0026081593884018576,nan,0.0017557374745377002,-0.0026081593884018576,nan,1.269870317752091,1.269870317752091,0.0,0.0,0.0,nan,0
596,0.5590000000000004,0.45,,scientific,0,1,0.1774193548387097,1.0,0.0,0.0017556294466398092,-0.002610441777981331,nan,0.0017556294466398092,-0.002610441777981331,nan,1.2711146582169057,1.2711146582169057,0.0,0.0,0.0,nan,0,1,1.0,0.0,0.0018384259708437017,-0.0010858406713344045,nan,0.0018384259708437017,-0.0010858406713344045,nan,0.5888661784060614,0.5888661784060614,0.0,0.0,0.0,nan,0,1,1.0,0.0,0.0017556294466398092,-0.002610441777981331,nan,0.0017556294466398092,-0.002610441777981331,nan,1.2711146582169057,1.2711146582169057,0.0,0.0,0.0,nan,0
597,0.5600000000000004,0.45,,scientific,0,1,0.1774193548387097,1.0,0.0,0.0017555217867965445,-0.002612723103983749,nan,0.0017555217867965445,-0.002612723103983749,nan,1.27235887303918,1.27235887303918,0.0,0.0,0.0,nan,0,1,1.0,0.0,0.0018384259708437017,-0.0010858406713344045,nan,0.0018384259708437017,-0.0010858406713344045,nan,0.5888661784060614,0.5888661784060614,0.0,0.0,0.0,nan,0,1,1.0,0.0,0.0017555217867965445,-0.002612723103983749,nan,0.0017555217867965445,-0.002612723103983749,nan,1.27235887303918,1.27235887303918,0.0,0.0,0.0,nan,0
598,0.5610000000000004,0.45,,scientific,0,1,0.1774193548387097,1.0,0.0,0.0017554145064778207,-0.0026150033667338827,nan,0.0017554145064778207,-0.0026150033667338827,nan,1.2736029622912495,1.2736029622912495,0.0,0.0,0.0,nan,0,1,1.0,0.0,0.0018384259708437017,-0.0010858406713344045,nan,0.0018384259708437017,-0.0010858406713344045,nan,0.5888661784060614,0.5888661784060614,0.0,0.0,0.0,nan,0,1,1.0,0.0,0.0017554145064778207,-0.0026150033667338827,nan,0.0017554145064778207,-0.0026150033667338827,nan,1.2736029622912495,1.2736029622912495,0.0,0.0,0.0,nan,0
599,0.5620000000000004,0.45,,scientific,0,1,0.1774193548387097,1.0,0.0,0.001755307608631473,-0.002617282562282823,nan,0.001755307608631473,-0.002617282562282823,nan,1.2748469260553636,1.2748469260553636,0.0,0.0,0.0,nan,0,1,1.0,0.0,0.0018384259708437017,-0.0010858406713344045,nan,0.0018384259708437017,-0.0010858406713344045,nan,0.5888661784060614,0.5888661784060614,0.0,0.0,0.0,nan,0,1,1.0,0.0,0.001755307608631473,-0.002617282562282823,nan,0.001755307608631473,-0.002617282562282823,nan,1.2748469260553636,1.2748469260553636,0.0,0.0,0.0,nan,0
600,0.5630000000000004,0.45,,scientific,0,1,0.1774193548387097,1.0,0.0,0.001755201093278326,-0.00261956068620538,nan,0.001755201093278326,-0.00261956068620538,nan,1.2760907644132327,1.2760907644132327,0.0,0.0,0.0,nan,0,1,1.0,0.0,0.0018384259708437017,-0.0010858406713344045,nan,0.0018384259708437017,-0.0010858406713344045,nan,0.5888661784060614,0.5888661784060614,0.0,0.0,0.0,nan,0,1,1.0,0.0,0.001755201093278326,-0.00261956068620538,nan,0.001755201093278326,-0.00261956068620538,nan,1.2760907644132327,1.2760907644132327,0.0,0.0,0.0,nan,0
601,0.5640000000000004,0.45,,scientific,0,1,0.1774193548387097,1.0,0.0,0.0017550949476669328,-0.002621837756884842,nan,0.0017550949476669328,-0.002621837756884842,nan,1.2773344774471487,1.2773344774471487,0.0,0.0,0.0,nan,0,1,1.0,0.0,0.0018384259708437017,-0.0010858406713344045,nan,0.0018384259708437017,-0.0010858406713344045,nan,0.5888661784060614,0.5888661784060614,0.0,0.0,0.0,nan,0,1,1.0,0.0,0.0017550949476669328,-0.002621837756884842,nan,0.0017550949476669328,-0.002621837756884842,nan,1.2773344774471487,1.2773344774471487,0.0,0.0,0.0,nan,0
602,0.5650000000000004,0.45,,scientific,0,1,0.1774193548387097,1.0,0.0,0.0017549891846151604,-0.0026241137778045148,nan,0.0017549891846151604,-0.0026241137778045148,nan,1.2785780652232865,1.2785780652232865,0.0,0.0,0.0,nan,0,1,1.0,0.0,0.0018384259708437017,-0.0010858406713344045,nan,0.0018384259708437017,-0.0010858406713344045,nan,0.5888661784060614,0.5888661784060614,0.0,0.0,0.0,nan,0,1,1.0,0.0,0.0017549891846151604,-0.0026241137778045148,nan,0.0017549891846151604,-0.0026241137778045148,nan,1.2785780652232865,1.2785780652232865,0.0,0.0,0.0,nan,0
603,0.5660000000000004,0.45,,scientific,0,1,0.1774193548387097,1.0,0.0,0.001754883802558217,-0.002626388744474659,nan,0.001754883802558217,-0.002626388744474659,nan,1.2798215278095613,1.2798215278095613,0.0,0.0,0.0,nan,0,1,1.0,0.0,0.0018384259708437017,-0.0010858406713344045,nan,0.0018384259708437017,-0.0010858406713344045,nan,0.5888661784060614,0.5888661784060614,0.0,0.0,0.0,nan,0,1,1.0,0.0,0.001754883802558217,-0.002626388744474659,nan,0.001754883802558217,-0.002626388744474659,nan,1.2798215278095613,1.2798215278095613,0.0,0.0,0.0,nan,0
604,0.5670000000000004,0.45,,scientific,0,1,0.1774193548387097,1.0,0.0,0.0017547788028934661,-0.0026286626602323223,nan,0.0017547788028934661,-0.0026286626602323223,nan,1.2810648652815004,1.2810648652815004,0.0,0.0,0.0,nan,0,1,1.0,0.0,0.0018384259708437017,-0.0010858406713344045,nan,0.0018384259708437017,-0.0010858406713344045,nan,0.5888661784060614,0.5888661784060614,0.0,0.0,0.0,nan,0,1,1.0,0.0,0.0017547788028934661,-0.0026286626602323223,nan,0.0017547788028934661,-0.0026286626602323223,nan,1.2810648652815004,1.2810648652815004,0.0,0.0,0.0,nan,0
605,0.5680000000000004,0.45,,scientific,0,1,0.1774193548387097,1.0,0.0,0.0017546741911140086,-0.0026309355291007606,nan,0.0017546741911140086,-0.0026309355291007606,nan,1.2823080777211278,1.2823080777211278,0.0,0.0,0.0,nan,0,1,1.0,0.0,0.0018384259708437017,-0.0010858406713344045,nan,0.0018384259708437017,-0.0010858406713344045,nan,0.5888661784060614,0.5888661784060614,0.0,0.0,0.0,nan,0,1,1.0,0.0,0.0017546741911140086,-0.0026309355291007606,nan,0.0017546741911140086,-0.0026309355291007606,nan,1.2823080777211278,1.2823080777211278,0.0,0.0,0.0,nan,0
606,0.5690000000000004,0.45,,scientific,0,1,0.17806451612903226,1.0,0.0,0.0017545699737056262,-0.0026332073586883093,nan,0.0017545699737056262,-0.0026332073586883093,nan,1.2835511652153069,1.2835511652153069,0.0,0.0,0.0,nan,0,1,1.0,0.0,0.0018384259708437017,-0.0010858406713344045,nan,0.0018384259708437017,-0.0010858406713344045,nan,0.5888661784060614,0.5888661784060614,0.0,0.0,0.0,nan,0,1,1.0,0.0,0.0017545699737056262,-0.0026332073586883093,nan,0.0017545699737056262,-0.0026332073586883093,nan,1.2835511652153069,1.2835511652153069,0.0,0.0,0.0,nan,0
607,0.5700000000000004,0.45,,scientific,0,1,0.17806451612903226,1.0,0.0,0.0017544661396712085,-0.0026354781574032854,nan,0.0017544661396712085,-0.0026354781574032854,nan,1.2847941278361477,1.2847941278361477,0.0,0.0,0.0,nan,0,1,1.0,0.0,0.0018384259708437017,-0.0010858406713344045,nan,0.0018384259708437017,-0.0010858406713344045,nan,0.5888661784060614,0.5888661784060614,0.0,0.0,0.0,nan,0,1,1.0,0.0,0.0017544661396712085,-0.0026354781574032854,nan,0.0017544661396712085,-0.0026354781574032854,nan,1.2847941278361477,1.2847941278361477,0.0,0.0,0.0,nan,0
608,0.5710000000000004,0.45,,scientific,0,1,0.17806451612903226,1.0,0.0,0.0017543626780087184,-0.002637747917905864,nan,0.0017543626780087184,-0.002637747917905864,nan,1.2860369656552961,1.2860369656552961,0.0,0.0,0.0,nan,0,1,1.0,0.0,0.0018384259708437017,-0.0010858406713344045,nan,0.0018384259708437017,-0.0010858406713344045,nan,0.5888661784060614,0.5888661784060614,0.0,0.0,0.0,nan,0,1,1.0,0.0,0.0017543626780087184,-0.002637747917905864,nan,0.0017543626780087184,-0.002637747917905864,nan,1.2860369656552961,1.2860369656552961,0.0,0.0,0.0,nan,0
609,0.5720000000000004,0.45,,scientific,0,1,0.17806451612903226,1.0,0.0,0.0017542595929027779,-0.0026400166423657927,nan,0.0017542595929027779,-0.0026400166423657927,nan,1.2872796787458016,1.2872796787458016,0.0,0.0,0.0,nan,0,1,1.0,0.0,0.0018384259708437017,-0.0010858406713344045,nan,0.0018384259708437017,-0.0010858406713344045,nan,0.5888661784060614,0.5888661784060614,0.0,0.0,0.0,nan,0,1,1.0,0.0,0.0017542595929027779,-0.0026400166423657927,nan,0.0017542595929027779,-0.0026400166423657927,nan,1.2872796787458016,1.2872796787458016,0.0,0.0,0.0,nan,0
610,0.5730000000000004,0.45,,scientific,0,1,0.17806451612903226,1.0,0.0,0.0017541568984819672,-0.00264228432364767,nan,0.0017541568984819672,-0.00264228432364767,nan,1.2885222671793666,1.2885222671793666,0.0,0.0,0.0,nan,0,1,1.0,0.0,0.0018384259708437017,-0.0010858406713344045,nan,0.0018384259708437017,-0.0010858406713344045,nan,0.5888661784060614,0.5888661784060614,0.0,0.0,0.0,nan,0,1,1.0,0.0,0.0017541568984819672,-0.00264228432364767,nan,0.0017541568984819672,-0.00264228432364767,nan,1.2885222671793666,1.2885222671793666,0.0,0.0,0.0,nan,0
611,0.5740000000000004,0.45,,scientific,0,1,0.17806451612903226,1.0,0.0,0.0017540545917107883,-0.002644550968132799,nan,0.0017540545917107883,-0.002644550968132799,nan,1.2897647310297107,1.2897647310297107,0.0,0.0,0.0,nan,0,1,1.0,0.0,0.0018384259708437017,-0.0010858406713344045,nan,0.0018384259708437017,-0.0010858406713344045,nan,0.5888661784060614,0.5888661784060614,0.0,0.0,0.0,nan,0,1,1.0,0.0,0.0017540545917107883,-0.002644550968132799,nan,0.0017540545917107883,-0.002644550968132799,nan,1.2897647310297107,1.2897647310297107,0.0,0.0,0.0,nan,0
612,0.5750000000000004,0.45,,scientific,0,1,0.17806451612903226,1.0,0.0,0.0017539526709308341,-0.0026468165792652514,nan,0.0017539526709308341,-0.0026468165792652514,nan,1.291007070378214,1.291007070378214,0.0,0.0,0.0,nan,0,1,1.0,0.0,0.0018384259708437017,-0.0010858406713344045,nan,0.0018384259708437017,-0.0010858406713344045,nan,0.5888661784060614,0.5888661784060614,0.0,0.0,0.0,nan,0,1,1.0,0.0,0.0017539526709308341,-0.0026468165792652514,nan,0.0017539526709308341,-0.0026468165792652514,nan,1.291007070378214,1.291007070378214,0.0,0.0,0.0,nan,0
613,0.5760000000000004,0.45,,scientific,0,1,0.17806451612903226,1.0,0.0,0.0017538511384528402,-0.0026490811654222356,nan,0.0017538511384528402,-0.0026490811654222356,nan,1.2922492853105978,1.2922492853105978,0.0,0.0,0.0,nan,0,1,1.0,0.0,0.0018384259708437017,-0.0010858406713344045,nan,0.0018384259708437017,-0.0010858406713344045,nan,0.5888661784060614,0.5888661784060614,0.0,0.0,0.0,nan,0,1,1.0,0.0,0.0017538511384528402,-0.0026490811654222356,nan,0.0017538511384528402,-0.0026490811654222356,nan,1.2922492853105978,1.2922492853105978,0.0,0.0,0.0,nan,0
614,0.5770000000000004,0.45,,scientific,0,1,0.17806451612903226,1.0,0.0,0.0017537500008426759,-0.0026513447342969387,nan,0.0017537500008426759,-0.0026513447342969387,nan,1.2934913759022708,1.2934913759022708,0.0,0.0,0.0,nan,0,1,1.0,0.0,0.0018384259708437017,-0.0010858406713344045,nan,0.0018384259708437017,-0.0010858406713344045,nan,0.5888661784060614,0.5888661784060614,0.0,0.0,0.0,nan,0,1,1.0,0.0,0.0017537500008426759,-0.0026513447342969387,nan,0.0017537500008426759,-0.0026513447342969387,nan,1.2934913759022708,1.2934913759022708,0.0,0.0,0.0,nan,0
615,0.5780000000000004,0.45,,scientific,0,1,0.17806451612903226,1.0,0.0,0.0017536492572523543,-0.0026536072730683246,nan,0.0017536492572523543,-0.0026536072730683246,nan,1.2947333422252765,1.2947333422252765,0.0,0.0,0.0,nan,0,1,1.0,0.0,0.0018384259708437017,-0.0010858406713344045,nan,0.0018384259708437017,-0.0010858406713344045,nan,0.5888661784060614,0.5888661784060614,0.0,0.0,0.0,nan,0,1,1.0,0.0,0.0017536492572523543,-0.0026536072730683246,nan,0.0017536492572523543,-0.0026536072730683246,nan,1.2947333422252765,1.2947333422252765,0.0,0.0,0.0,nan,0
616,0.5790000000000004,0.45,,scientific,0,1,0.17806451612903226,1.0,0.0,0.0017535488983505558,-0.0026558687850192445,nan,0.0017535488983505558,-0.0026558687850192445,nan,1.2959751843536629,1.2959751843536629,0.0,0.0,0.0,nan,0,1,1.0,0.0,0.0018384259708437017,-0.0010858406713344045,nan,0.0018384259708437017,-0.0010858406713344045,nan,0.5888661784060614,0.5888661784060614,0.0,0.0,0.0,nan,0,1,1.0,0.0,0.0017535488983505558,-0.0026558687850192445,nan,0.0017535488983505558,-0.0026558687850192445,nan,1.2959751843536629,1.2959751843536629,0.0,0.0,0.0,nan,0
617,0.5800000000000004,0.45,,scientific,0,1,0.17870967741935484,1.0,0.0,0.0017534489265993,-0.00265812927434033,nan,0.0017534489265993,-0.00265812927434033,nan,1.2972169023604165,1.2972169023604165,0.0,0.0,0.0,nan,0,1,1.0,0.0,0.0018384259708437017,-0.0010858406713344045,nan,0.0018384259708437017,-0.0010858406713344045,nan,0.5888661784060614,0.5888661784060614,0.0,0.0,0.0,nan,0,1,1.0,0.0,0.0017534489265993,-0.00265812927434033,nan,0.0017534489265993,-0.00265812927434033,nan,1.2972169023604165,1.2972169023604165,0.0,0.0,0.0,nan,0
618,0.5810000000000004,0.45,,scientific,0,1,0.17870967741935484,1.0,0.0,0.00175334934396882,-0.002660388736382555,nan,0.00175334934396882,-0.002660388736382555,nan,1.2984584963280108,1.2984584963280108,0.0,0.0,0.0,nan,0,1,1.0,0.0,0.0018384259708437017,-0.0010858406713344045,nan,0.0018384259708437017,-0.0010858406713344045,nan,0.5888661784060614,0.5888661784060614,0.0,0.0,0.0,nan,0,1,1.0,0.0,0.00175334934396882,-0.002660388736382555,nan,0.00175334934396882,-0.002660388736382555,nan,1.2984584963280108,1.2984584963280108,0.0,0.0,0.0,nan,0
619,0.5820000000000004,0.45,,scientific,0,1,0.17870967741935484,1.0,0.0,0.0017532501538105594,-0.002662647171639452,nan,0.0017532501538105594,-0.002662647171639452,nan,1.2996999663352988,1.2996999663352988,0.0,0.0,0.0,nan,0,1,1.0,0.0,0.0018384259708437017,-0.0010858406713344045,nan,0.0018384259708437017,-0.0010858406713344045,nan,0.5888661784060614,0.5888661784060614,0.0,0.0,0.0,nan,0,1,1.0,0.0,0.0017532501538105594,-0.002662647171639452,nan,0.0017532501538105594,-0.002662647171639452,nan,1.2996999663352988,1.2996999663352988,0.0,0.0,0.0,nan,0
620,0.5830000000000004,0.45,,scientific,0,1,0.17870967741935484,1.0,0.0,0.0017531513581141428,-0.0026649045904158903,nan,0.0017531513581141428,-0.0026649045904158903,nan,1.300941312454551,1.300941312454551,0.0,0.0,0.0,nan,0,1,1.0,0.0,0.0018384259708437017,-0.0010858406713344045,nan,0.0018384259708437017,-0.0010858406713344045,nan,0.5888661784060614,0.5888661784060614,0.0,0.0,0.0,nan,0,1,1.0,0.0,0.0017531513581141428,-0.0026649045904158903,nan,0.0017531513581141428,-0.0026649045904158903,nan,1.300941312454551,1.300941312454551,0.0,0.0,0.0,nan,0
621,0.5840000000000004,0.45,,scientific,0,1,0.17870967741935484,1.0,0.0,0.0017530529542105562,-0.002667160998199786,nan,0.0017530529542105562,-0.002667160998199786,nan,1.3021825347605573,1.3021825347605573,0.0,0.0,0.0,nan,0,1,1.0,0.0,0.0018384259708437017,-0.0010858406713344045,nan,0.0018384259708437017,-0.0010858406713344045,nan,0.5888661784060614,0.5888661784060614,0.0,0.0,0.0,nan,0,1,1.0,0.0,0.0017530529542105562,-0.002667160998199786,nan,0.0017530529542105562,-0.002667160998199786,nan,1.3021825347605573,1.3021825347605573,0.0,0.0,0.0,nan,0
622,0.5850000000000004,0.45,,scientific,0,1,0.17870967741935484,1.0,0.0,0.0030506785013629718,-0.0025261551040187923,nan,0.0030506785013629718,-0.0025261551040187923,nan,1.3060781770293404,1.3060781770293404,0.0,0.0,0.0,nan,0,1,1.0,0.0,0.002621977112960481,-0.0009995932782828724,nan,0.002621977112960481,-0.0009995932782828724,nan,0.58994271620938,0.58994271620938,0.0,0.0,0.0,nan,0,1,1.0,0.0,0.0030506785013629718,-0.0025261551040187923,nan,0.0030506785013629718,-0.0025261551040187923,nan,1.3060781770293404,1.3060781770293404,0.0,0.0,0.0,nan,0
623,0.5860000000000004,0.45,,scientific,0,1,0.17870967741935484,1.0,0.0,0.0030513135692476615,-0.0025283281384463627,nan,0.0030513135692476615,-0.0025283281384463627,nan,1.3073219167238357,1.3073219167238357,0.0,0.0,0.0,nan,0,1,1.0,0.0,0.002621977112960481,-0.0009995932782828724,nan,0.002621977112960481,-0.0009995932782828724,nan,0.58994271620938,0.58994271620938,0.0,0.0,0.0,nan,0,1,1.0,0.0,0.0030513135692476615,-0.0025283281384463627,nan,0.0030513135692476615,-0.0025283281384463627,nan,1.3073219167238357,1.3073219167238357,0.0,0.0,0.0,nan,0
624,0.5870000000000004,0.45,,scientific,0,1,0.17870967741935484,1.0,0.0,0.003051948721821754,-0.0025305002029671537,nan,0.003051948721821754,-0.0025305002029671537,nan,1.3085655329242147,1.3085655329242147,0.0,0.0,0.0,nan,0,1,1.0,0.0,0.002621977112960481,-0.0009995932782828724,nan,0.002621977112960481,-0.0009995932782828724,nan,0.58994271620938,0.58994271620938,0.0,0.0,0.0,nan,0,1,1.0,0.0,0.003051948721821754,-0.0025305002029671537,nan,0.003051948721821754,-0.0025305002029671537,nan,1.3085655329242147,1.3085655329242147,0.0,0.0,0.0,nan,0
625,0.5880000000000004,0.45,,scientific,0,1,0.17870967741935484,1.0,0.0,0.003052583966122401,-0.0025326712970816434,nan,0.003052583966122401,-0.0025326712970816434,nan,1.3098090256988961,1.3098090256988961,0.0,0.0,0.0,nan,0,1,1.0,0.0,0.002621977112960481,-0.0009995932782828724,nan,0.002621977112960481,-0.0009995932782828724,nan,0.58994271620938,0.58994271620938,0.0,0.0,0.0,nan,0,1,1.0,0.0,0.003052583966122401,-0.0025326712970816434,nan,0.003052583966122401,-0.0025326712970816434,nan,1.3098090256988961,1.3098090256988961,0.0,0.0,0.0,nan,0
626,0.5890000000000004,0.45,,scientific,0,1,0.17870967741935484,1.0,0.0,0.0030532193015620113,-0.0025348414299488546,nan,0.0030532193015620113,-0.0025348414299488546,nan,1.3110523951249071,1.3110523951249071,0.0,0.0,0.0,nan,0,1,1.0,0.0,0.002621977112960481,-0.0009995932782828724,nan,0.002621977112960481,-0.0009995932782828724,nan,0.58994271620938,0.58994271620938,0.0,0.0,0.0,nan,0,1,1.0,0.0,0.0030532193015620113,-0.0025348414299488546,nan,0.0030532193015620113,-0.0025348414299488546,nan,1.3110523951249071,1.3110523951249071,0.0,0.0,0.0,nan,0
627,0.5900000000000004,0.45,,scientific,0,1,0.17870967741935484,1.0,0.0,0.003053854733082159,-0.0025370105986469733,nan,0.003053854733082159,-0.0025370105986469733,nan,1.3122956412745612,1.3122956412745612,0.0,0.0,0.0,nan,0,1,1.0,0.0,0.002621977112960481,-0.0009995932782828724,nan,0.002621977112960481,-0.0009995932782828724,nan,0.58994271620938,0.58994271620938,0.0,0.0,0.0,nan,0,1,1.0,0.0,0.003053854733082159,-0.0025370105986469733,nan,0.003053854733082159,-0.0025370105986469733,nan,1.3122956412745612,1.3122956412745612,0.0,0.0,0.0,nan,0
628,0.5910000000000004,0.45,,scientific,0,1,0.17870967741935484,1.0,0.0,0.003054490262471371,-0.0025391788044328923,nan,0.003054490262471371,-0.0025391788044328923,nan,1.3135387642246805,1.3135387642246805,0.0,0.0,0.0,nan,0,1,1.0,0.0,0.002621977112960481,-0.0009995932782828724,nan,0.002621977112960481,-0.0009995932782828724,nan,0.58994271620938,0.58994271620938,0.0,0.0,0.0,nan,0,1,1.0,0.0,0.003054490262471371,-0.0025391788044328923,nan,0.003054490262471371,-0.0025391788044328923,nan,1.3135387642246805,1.3135387642246805,0.0,0.0,0.0,nan,0
629,0.5920000000000004,0.45,,scientific,0,1,0.17870967741935484,1.0,0.0,0.0030551258908235305,-0.0025413460496035004,nan,0.0030551258908235305,-0.0025413460496035004,nan,1.3147817640525523,1.3147817640525523,0.0,0.0,0.0,nan,0,1,1.0,0.0,0.002621977112960481,-0.0009995932782828724,nan,0.002621977112960481,-0.0009995932782828724,nan,0.58994271620938,0.58994271620938,0.0,0.0,0.0,nan,0,1,1.0,0.0,0.0030551258908235305,-0.0025413460496035004,nan,0.0030551258908235305,-0.0025413460496035004,nan,1.3147817640525523,1.3147817640525523,0.0,0.0,0.0,nan,0
630,0.5930000000000004,0.45,,scientific,0,1,0.17870967741935484,1.0,0.0,0.0030557616096504917,-0.002543512328394054,nan,0.0030557616096504917,-0.002543512328394054,nan,1.3160246408396974,1.3160246408396974,0.0,0.0,0.0,nan,0,1,1.0,0.0,0.002621977112960481,-0.0009995932782828724,nan,0.002621977112960481,-0.0009995932782828724,nan,0.58994271620938,0.58994271620938,0.0,0.0,0.0,nan,0,1,1.0,0.0,0.0030557616096504917,-0.002543512328394054,nan,0.0030557616096504917,-0.002543512328394054,nan,1.3160246408396974,1.3160246408396974,0.0,0.0,0.0,nan,0
631,0.5940000000000004,0.45,,scientific,0,1,0.17870967741935484,1.0,0.0,0.0030563974277920303,-0.0025456776501793774,nan,0.0030563974277920303,-0.0025456776501793774,nan,1.317267394653047,1.317267394653047,0.0,0.0,0.0,nan,0,1,1.0,0.0,0.002621977112960481,-0.0009995932782828724,nan,0.002621977112960481,-0.0009995932782828724,nan,0.58994271620938,0.58994271620938,0.0,0.0,0.0,nan,0,1,1.0,0.0,0.0030563974277920303,-0.0025456776501793774,nan,0.0030563974277920303,-0.0025456776501793774,nan,1.317267394653047,1.317267394653047,0.0,0.0,0.0,nan,0
632,0.5950000000000004,0.45,,scientific,0,1,0.17870967741935484,1.0,0.0,0.0030570333456574703,-0.0025478420058422293,nan,0.0030570333456574703,-0.0025478420058422293,nan,1.3185100255724786,1.3185100255724786,0.0,0.0,0.0,nan,0,1,1.0,0.0,0.002621977112960481,-0.0009995932782828724,nan,0.002621977112960481,-0.0009995932782828724,nan,0.58994271620938,0.58994271620938,0.0,0.0,0.0,nan,0,1,1.0,0.0,0.0030570333456574703,-0.0025478420058422293,nan,0.0030570333456574703,-0.0025478420058422293,nan,1.3185100255724786,1.3185100255724786,0.0,0.0,0.0,nan,0
633,0.5960000000000004,0.45,,scientific,0,1,0.17870967741935484,1.0,0.0,0.0022576180866643813,-0.003607486770355074,nan,0.0022576180866643813,-0.003607486770355074,nan,1.3224487904661784,1.3224487904661784,0.0,0.0,0.0,nan,0,1,1.0,0.0,0.0021446783580337456,-0.0016315454379853217,nan,0.0021446783580337456,-0.0016315454379853217,nan,0.5910192540126986,0.5910192540126986,0.0,0.0,0.0,nan,0,1,1.0,0.0,0.0022576180866643813,-0.003607486770355074,nan,0.0022576180866643813,-0.003607486770355074,nan,1.3224487904661784,1.3224487904661784,0.0,0.0,0.0,nan,0
634,0.5970000000000004,0.45,,scientific,0,1,0.17870967741935484,1.0,0.0,0.0022578017045565687,-0.0036102452158504723,nan,0.0022578017045565687,-0.0036102452158504723,nan,1.3236939670911148,1.3236939670911148,0.0,0.0,0.0,nan,0,1,1.0,0.0,0.0021446783580337456,-0.0016315454379853217,nan,0.0021446783580337456,-0.0016315454379853217,nan,0.5910192540126986,0.5910192540126986,0.0,0.0,0.0,nan,0,1,1.0,0.0,0.0022578017045565687,-0.0036102452158504723,nan,0.0022578017045565687,-0.0036102452158504723,nan,1.3236939670911148,1.3236939670911148,0.0,0.0,0.0,nan,0
635,0.5980000000000004,0.45,,scientific,0,1,0.17870967741935484,1.0,0.0,0.002257985601304028,-0.0036130024920216835,nan,0.002257985601304028,-0.0036130024920216835,nan,1.3249390211600254,1.3249390211600254,0.0,0.0,0.0,nan,0,1,1.0,0.0,0.0021446783580337456,-0.0016315454379853217,nan,0.0021446783580337456,-0.0016315454379853217,nan,0.5910192540126986,0.5910192540126986,0.0,0.0,0.0,nan,0,1,1.0,0.0,0.002257985601304028,-0.0036130024920216835,nan,0.002257985601304028,-0.0036130024920216835,nan,1.3249390211600254,1.3249390211600254,0.0,0.0,0.0,nan,0
636,0.5990000000000004,0.45,,scientific,0,1,0.17870967741935484,1.0,0.0,0.002258169779170454,-0.0036157585974392827,nan,0.002258169779170454,-0.0036157585974392827,nan,1.3261839527468042,1.3261839527468042,0.0,0.0,0.0,nan,0,1,1.0,0.0,0.0021446783580337456,-0.0016315454379853217,nan,0.0021446783580337456,-0.0016315454379853217,nan,0.5910192540126986,0.5910192540126986,0.0,0.0,0.0,nan,0,1,1.0,0.0,0.002258169779170454,-0.0036157585974392827,nan,0.002258169779170454,-0.0036157585974392827,nan,1.3261839527468042,1.3261839527468042,0.0,0.0,0.0,nan,0
637,0.6000000000000004,0.45,,scientific,0,1,0.17935483870967742,1.0,0.0,0.0022583542366222983,-0.0036185135374164645,nan,0.0022583542366222983,-0.0036185135374164645,nan,1.3274287619310987,1.3274287619310987,0.0,0.0,0.0,nan,0,1,1.0,0.0,0.0021446783580337456,-0.0016315454379853217,nan,0.0021446783580337456,-0.0016315454379853217,nan,0.5910192540126986,0.5910192540126986,0.0,0.0,0.0,nan,0,1,1.0,0.0,0.0022583542366222983,-0.0036185135374164645,nan,0.0022583542366222983,-0.0036185135374164645,nan,1.3274287619310987,1.3274287619310987,0.0,0.0,0.0,nan,0
638,0.6010000000000004,0.45,,scientific,0,1,0.17935483870967742,1.0,0.0,0.0022585389692660646,-0.0036212673108350015,nan,0.0022585389692660646,-0.0036212673108350015,nan,1.3286734487854104,1.3286734487854104,0.0,0.0,0.0,nan,0,1,1.0,0.0,0.0021446783580337456,-0.0016315454379853217,nan,0.0021446783580337456,-0.0016315454379853217,nan,0.5910192540126986,0.5910192540126986,0.0,0.0,0.0,nan,0,1,1.0,0.0,0.0022585389692660646,-0.0036212673108350015,nan,0.0022585389692660646,-0.0036212673108350015,nan,1.3286734487854104,1.3286734487854104,0.0,0.0,0.0,nan,0
639,0.6020000000000004,0.45,,scientific,0,1,0.17935483870967742,1.0,0.0,0.0022587239864999996,-0.0036240199198698626,nan,0.0022587239864999996,-0.0036240199198698626,nan,1.3299180133768935,1.3299180133768935,0.0,0.0,0.0,nan,0,1,1.0,0.0,0.0021446783580337456,-0.0016315454379853217,nan,0.0021446783580337456,-0.0016315454379853217,nan,0.5910192540126986,0.5910192540126986,0.0,0.0,0.0,nan,0,1,1.0,0.0,0.0022587239864999996,-0.0036240199198698626,nan,0.0022587239864999996,-0.0036240199198698626,nan,1.3299180133768935,1.3299180133768935,0.0,0.0,0.0,nan,0
640,0.6030000000000004,0.45,,scientific,0,1,0.17935483870967742,1.0,0.0,0.002258909288522459,-0.003626771378999457,nan,0.002258909288522459,-0.003626771378999457,nan,1.3311624557848705,1.3311624557848705,0.0,0.0,0.0,nan,0,1,1.0,0.0,0.0021446783580337456,-0.0016315454379853217,nan,0.0021446783580337456,-0.0016315454379853217,nan,0.5910192540126986,0.5910192540126986,0.0,0.0,0.0,nan,0,1,1.0,0.0,0.002258909288522459,-0.003626771378999457,nan,0.002258909288522459,-0.003626771378999457,nan,1.3311624557848705,1.3311624557848705,0.0,0.0,0.0,nan,0
641,0.6040000000000004,0.45,,scientific,0,1,0.17935483870967742,1.0,0.0,0.0022590948762207536,-0.003629521682178157,nan,0.0022590948762207536,-0.003629521682178157,nan,1.332406776080084,1.332406776080084,0.0,0.0,0.0,nan,0,1,1.0,0.0,0.0021446783580337456,-0.0016315454379853217,nan,0.0021446783580337456,-0.0016315454379853217,nan,0.5910192540126986,0.5910192540126986,0.0,0.0,0.0,nan,0,1,1.0,0.0,0.0022590948762207536,-0.003629521682178157,nan,0.0022590948762207536,-0.003629521682178157,nan,1.332406776080084,1.332406776080084,0.0,0.0,0.0,nan,0
642,0.6050000000000004,0.45,,scientific,0,1,0.17935483870967742,1.0,0.0,0.0035741762335733795,-0.0035735614360360335,nan,0.0035741762335733795,-0.0035735614360360335,nan,1.3363628156507632,1.3363628156507632,0.0,0.0,0.0,nan,0,1,1.0,0.0,0.0029294840519269957,-0.0015967524449189373,nan,0.0029294840519269957,-0.0015967524449189373,nan,0.5920957918160172,0.5920957918160172,0.0,0.0,0.0,nan,0,1,1.0,0.0,0.0035741762335733795,-0.0035735614360360335,nan,0.0035741762335733795,-0.0035735614360360335,nan,1.3363628156507632,1.3363628156507632,0.0,0.0,0.0,nan,0
643,0.6060000000000004,0.45,,scientific,0,1,0.17935483870967742,1.0,0.0,0.003575091288412954,-0.0035762765942189976,nan,0.003575091288412954,-0.0035762765942189976,nan,1.3376096626710288,1.3376096626710288,0.0,0.0,0.0,nan,0,1,1.0,0.0,0.0029294840519269957,-0.0015967524449189373,nan,0.0029294840519269957,-0.0015967524449189373,nan,0.5920957918160172,0.5920957918160172,0.0,0.0,0.0,nan,0,1,1.0,0.0,0.003575091288412954,-0.0035762765942189976,nan,0.003575091288412954,-0.0035762765942189976,nan,1.3376096626710288,1.3376096626710288,0.0,0.0,0.0,nan,0
644,0.6070000000000004,0.45,,scientific,0,1,0.17935483870967742,1.0,0.0,0.0035760063389410662,-0.0035789906117453096,nan,0.0035760063389410662,-0.0035789906117453096,nan,1.3388563878680855,1.3388563878680855,0.0,0.0,0.0,nan,0,1,1.0,0.0,0.0029294840519269957,-0.0015967524449189373,nan,0.0029294840519269957,-0.0015967524449189373,nan,0.5920957918160172,0.5920957918160172,0.0,0.0,0.0,nan,0,1,1.0,0.0,0.0035760063389410662,-0.0035789906117453096,nan,0.0035760063389410662,-0.0035789906117453096,nan,1.3388563878680855,1.3388563878680855,0.0,0.0,0.0,nan,0
645,0.6080000000000004,0.45,,scientific,0,1,0.17935483870967742,1.0,0.0,0.003576921386730532,-0.0035817034789080195,nan,0.003576921386730532,-0.0035817034789080195,nan,1.3401029913225138,1.3401029913225138,0.0,0.0,0.0,nan,0,1,1.0,0.0,0.0029294840519269957,-0.0015967524449189373,nan,0.0029294840519269957,-0.0015967524449189373,nan,0.5920957918160172,0.5920957918160172,0.0,0.0,0.0,nan,0,1,1.0,0.0,0.003576921386730532,-0.0035817034789080195,nan,0.003576921386730532,-0.0035817034789080195,nan,1.3401029913225138,1.3401029913225138,0.0,0.0,0.0,nan,0
646,0.6090000000000004,0.45,,scientific,0,1,0.17935483870967742,1.0,0.0,0.0035778364202333655,-0.003584415203523752,nan,0.0035778364202333655,-0.003584415203523752,nan,1.3413494731054254,1.3413494731054254,0.0,0.0,0.0,nan,0,1,1.0,0.0,0.0029294840519269957,-0.0015967524449189373,nan,0.0029294840519269957,-0.0015967524449189373,nan,0.5920957918160172,0.5920957918160172,0.0,0.0,0.0,nan,0,1,1.0,0.0,0.0035778364202333655,-0.003584415203523752,nan,0.0035778364202333655,-0.003584415203523752,nan,1.3413494731054254,1.3413494731054254,0.0,0.0,0.0,nan,0
647,0.6100000000000004,0.45,,scientific,0,1,0.18,1.0,0.0,0.0035787514534677822,-0.00358712579704574,nan,0.0035787514534677822,-0.00358712579704574,nan,1.3425958332789372,1.3425958332789372,0.0,0.0,0.0,nan,0,1,1.0,0.0,0.0029294840519269957,-0.0015967524449189373,nan,0.0029294840519269957,-0.0015967524449189373,nan,0.5920957918160172,0.5920957918160172,0.0,0.0,0.0,nan,0,1,1.0,0.0,0.0035787514534677822,-0.00358712579704574,nan,0.0035787514534677822,-0.00358712579704574,nan,1.3425958332789372,1.3425958332789372,0.0,0.0,0.0,nan,0
648,0.6110000000000004,0.45,,scientific,0,1,0.18,1.0,0.0,0.0035796664906778772,-0.0035898352640178523,nan,0.0035796664906778772,-0.0035898352640178523,nan,1.3438420719183357,1.3438420719183357,0.0,0.0,0.0,nan,0,1,1.0,0.0,0.0029294840519269957,-0.0015967524449189373,nan,0.0029294840519269957,-0.0015967524449189373,nan,0.5920957918160172,0.5920957918160172,0.0,0.0,0.0,nan,0,1,1.0,0.0,0.0035796664906778772,-0.0035898352640178523,nan,0.0035796664906778772,-0.0035898352640178523,nan,1.3438420719183357,1.3438420719183357,0.0,0.0,0.0,nan,0
649,0.6120000000000004,0.45,,scientific,0,1,0.18,1.0,0.0,0.0024195139906910794,-0.0029739763998824008,nan,0.0024195139906910794,-0.0029739763998824008,nan,1.3477695494437207,1.3477695494437207,0.0,0.0,0.0,nan,0,1,1.0,0.0,0.0022274423383578895,-0.0012226659510449094,nan,0.0022274423383578895,-0.0012226659510449094,nan,0.5931723296193359,0.5931723296193359,0.0,0.0,0.0,nan,0,1,1.0,0.0,0.0024195139906910794,-0.0029739763998824008,nan,0.0024195139906910794,-0.0029739763998824008,nan,1.3477695494437207,1.3477695494437207,0.0,0.0,0.0,nan,0
650,0.6130000000000004,0.45,,scientific,0,1,0.18,1.0,0.0,0.00241980934053596,-0.0029763536583351288,nan,0.00241980934053596,-0.0029763536583351288,nan,1.3490182169265608,1.3490182169265608,0.0,0.0,0.0,nan,0,1,1.0,0.0,0.0022274423383578895,-0.0012226659510449094,nan,0.0022274423383578895,-0.0012226659510449094,nan,0.5931723296193359,0.5931723296193359,0.0,0.0,0.0,nan,0,1,1.0,0.0,0.00241980934053596,-0.0029763536583351288,nan,0.00241980934053596,-0.0029763536583351288,nan,1.3490182169265608,1.3490182169265608,0.0,0.0,0.0,nan,0
651,0.6140000000000004,0.45,,scientific,0,1,0.18,1.0,0.0,0.0024201049440025395,-0.0029787299235215273,nan,0.0024201049440025395,-0.0029787299235215273,nan,1.3502667631834493,1.3502667631834493,0.0,0.0,0.0,nan,0,1,1.0,0.0,0.0022274423383578895,-0.0012226659510449094,nan,0.0022274423383578895,-0.0012226659510449094,nan,0.5931723296193359,0.5931723296193359,0.0,0.0,0.0,nan,0,1,1.0,0.0,0.0024201049440025395,-0.0029787299235215273,nan,0.0024201049440025395,-0.0029787299235215273,nan,1.3502667631834493,1.3502667631834493,0.0,0.0,0.0,nan,0
652,0.6150000000000004,0.45,,scientific,0,1,0.18,1.0,0.0,0.002420400785614186,-0.0029811052046602913,nan,0.002420400785614186,-0.0029811052046602913,nan,1.3515151882886478,1.3515151882886478,0.0,0.0,0.0,nan,0,1,1.0,0.0,0.0022274423383578895,-0.0012226659510449094,nan,0.0022274423383578895,-0.0012226659510449094,nan,0.5931723296193359,0.5931723296193359,0.0,0.0,0.0,nan,0,1,1.0,0.0,0.002420400785614186,-0.0029811052046602913,nan,0.002420400785614186,-0.0029811052046602913,nan,1.3515151882886478,1.3515151882886478,0.0,0.0,0.0,nan,0
653,0.6160000000000004,0.45,,scientific,0,1,0.18,1.0,0.0,0.002420696867902734,-0.0029834795030119266,nan,0.002420696867902734,-0.0029834795030119266,nan,1.3527634923103649,1.3527634923103649,0.0,0.0,0.0,nan,0,1,1.0,0.0,0.0022274423383578895,-0.0012226659510449094,nan,0.0022274423383578895,-0.0012226659510449094,nan,0.5931723296193359,0.5931723296193359,0.0,0.0,0.0,nan,0,1,1.0,0.0,0.002420696867902734,-0.0029834795030119266,nan,0.002420696867902734,-0.0029834795030119266,nan,1.3527634923103649,1.3527634923103649,0.0,0.0,0.0,nan,0
654,0.6170000000000004,0.45,,scientific,0,1,0.18,1.0,0.0,0.0011985048036797028,-0.002503662397448323,nan,0.0011985048036797028,-0.002503662397448323,nan,1.3567064140307759,1.3567064140307759,0.0,0.0,0.0,nan,0,1,1.0,0.0,0.0014899250119044995,-0.0009318725753266196,nan,0.0014899250119044995,-0.0009318725753266196,nan,0.5942488674226545,0.5942488674226545,0.0,0.0,0.0,nan,0,1,1.0,0.0,0.0011985048036797028,-0.002503662397448323,nan,0.0011985048036797028,-0.002503662397448323,nan,1.3567064140307759,1.3567064140307759,0.0,0.0,0.0,nan,0
655,0.6180000000000004,0.45,,scientific,0,1,0.18,1.0,0.0,0.0011981524298135876,-0.0025057784742202904,nan,0.0011981524298135876,-0.0025057784742202904,nan,1.3579571481154016,1.3579571481154016,0.0,0.0,0.0,nan,0,1,1.0,0.0,0.0014899250119044995,-0.0009318725753266196,nan,0.0014899250119044995,-0.0009318725753266196,nan,0.5942488674226545,0.5942488674226545,0.0,0.0,0.0,nan,0,1,1.0,0.0,0.0011981524298135876,-0.0025057784742202904,nan,0.0011981524298135876,-0.0025057784742202904,nan,1.3579571481154016,1.3579571481154016,0.0,0.0,0.0,nan,0
656,0.6190000000000004,0.45,,scientific,0,1,0.18,1.0,0.0,0.001197800563841744,-0.002507893679819551,nan,0.001197800563841744,-0.002507893679819551,nan,1.3592077614146567,1.3592077614146567,0.0,0.0,0.0,nan,0,1,1.0,0.0,0.0014899250119044995,-0.0009318725753266196,nan,0.0014899250119044995,-0.0009318725753266196,nan,0.5942488674226545,0.5942488674226545,0.0,0.0,0.0,nan,0,1,1.0,0.0,0.001197800563841744,-0.002507893679819551,nan,0.001197800563841744,-0.002507893679819551,nan,1.3592077614146567,1.3592077614146567,0.0,0.0,0.0,nan,0
657,0.6200000000000004,0.45,,scientific,0,1,0.18,1.0,0.0,0.0011974491959453712,-0.0025100080072540825,nan,0.0011974491959453712,-0.0025100080072540825,nan,1.3604582539948846,1.3604582539948846,0.0,0.0,0.0,nan,0,1,1.0,0.0,0.0014899250119044995,-0.0009318725753266196,nan,0.0014899250119044995,-0.0009318725753266196,nan,0.5942488674226545,0.5942488674226545,0.0,0.0,0.0,nan,0,1,1.0,0.0,0.0011974491959453712,-0.0025100080072540825,nan,0.0011974491959453712,-0.0025100080072540825,nan,1.3604582539948846,1.3604582539948846,0.0,0.0,0.0,nan,0
658,0.6210000000000004,0.45,,scientific,0,1,0.18,1.0,0.0,0.0011970983228872325,-0.0025121214500954275,nan,0.0011970983228872325,-0.0025121214500954275,nan,1.3617086259320108,1.3617086259320108,0.0,0.0,0.0,nan,0,1,1.0,0.0,0.0014899250119044995,-0.0009318725753266196,nan,0.0014899250119044995,-0.0009318725753266196,nan,0.5942488674226545,0.5942488674226545,0.0,0.0,0.0,nan,0,1,1.0,0.0,0.0011970983228872325,-0.0025121214500954275,nan,0.0011970983228872325,-0.0025121214500954275,nan,1.3617086259320108,1.3617086259320108,0.0,0.0,0.0,nan,0
659,0.6220000000000004,0.45,,scientific,0,1,0.18,1.0,0.0,0.0011967479366747752,-0.002514234003156751,nan,0.0011967479366747752,-0.002514234003156751,nan,1.3629588773036894,1.3629588773036894,0.0,0.0,0.0,nan,0,1,1.0,0.0,0.0014899250119044995,-0.0009318725753266196,nan,0.0014899250119044995,-0.0009318725753266196,nan,0.5942488674226545,0.5942488674226545,0.0,0.0,0.0,nan,0,1,1.0,0.0,0.0011967479366747752,-0.002514234003156751,nan,0.0011967479366747752,-0.002514234003156751,nan,1.3629588773036894,1.3629588773036894,0.0,0.0,0.0,nan,0
660,0.6230000000000004,0.45,,scientific,0,1,0.18,1.0,0.0,0.0011963980524991324,-0.0025163456788696212,nan,0.0011963980524991324,-0.0025163456788696212,nan,1.3642090081685587,1.3642090081685587,0.0,0.0,0.0,nan,0,1,1.0,0.0,0.0014899250119044995,-0.0009318725753266196,nan,0.0014899250119044995,-0.0009318725753266196,nan,0.5942488674226545,0.5942488674226545,0.0,0.0,0.0,nan,0,1,1.0,0.0,0.0011963980524991324,-0.0025163456788696212,nan,0.0011963980524991324,-0.0025163456788696212,nan,1.3642090081685587,1.3642090081685587,0.0,0.0,0.0,nan,0
661,0.6240000000000004,0.45,,scientific,0,1,0.18,1.0,0.0,0.0011960486595637505,-0.0025184564808518927,nan,0.0011960486595637505,-0.0025184564808518927,nan,1.365459018600756,1.365459018600756,0.0,0.0,0.0,nan,0,1,1.0,0.0,0.0014899250119044995,-0.0009318725753266196,nan,0.0014899250119044995,-0.0009318725753266196,nan,0.5942488674226545,0.5942488674226545,0.0,0.0,0.0,nan,0,1,1.0,0.0,0.0011960486595637505,-0.0025184564808518927,nan,0.0011960486595637505,-0.0025184564808518927,nan,1.365459018600756,1.365459018600756,0.0,0.0,0.0,nan,0
662,0.6250000000000004,0.45,,scientific,0,1,0.18,1.0,0.0,0.0011956997628239804,-0.0025205664147383232,nan,0.0011956997628239804,-0.0025205664147383232,nan,1.366708908669373,1.366708908669373,0.0,0.0,0.0,nan,0,1,1.0,0.0,0.0014899250119044995,-0.0009318725753266196,nan,0.0014899250119044995,-0.0009318725753266196,nan,0.5942488674226545,0.5942488674226545,0.0,0.0,0.0,nan,0,1,1.0,0.0,0.0011956997628239804,-0.0025205664147383232,nan,0.0011956997628239804,-0.0025205664147383232,nan,1.366708908669373,1.366708908669373,0.0,0.0,0.0,nan,0
663,0.6260000000000004,0.45,,scientific,0,1,0.18,1.0,0.0,0.0011953513761899421,-0.002522675487508455,nan,0.0011953513761899421,-0.002522675487508455,nan,1.3679586784428024,1.3679586784428024,0.0,0.0,0.0,nan,0,1,1.0,0.0,0.0014899250119044995,-0.0009318725753266196,nan,0.0014899250119044995,-0.0009318725753266196,nan,0.5942488674226545,0.5942488674226545,0.0,0.0,0.0,nan,0,1,1.0,0.0,0.0011953513761899421,-0.002522675487508455,nan,0.0011953513761899421,-0.002522675487508455,nan,1.3679586784428024,1.3679586784428024,0.0,0.0,0.0,nan,0
664,0.6270000000000004,0.45,,scientific,0,1,0.18,1.0,0.0,0.0019322789842813057,-0.0036272791071372285,nan,0.0019322789842813057,-0.0036272791071372285,nan,1.3719782463521168,1.3719782463521168,0.0,0.0,0.0,nan,0,1,1.0,0.0,0.0019254673829448437,-0.0015827894845700783,nan,0.0019254673829448437,-0.0015827894845700783,nan,0.5953254052259731,0.5953254052259731,0.0,0.0,0.0,nan,0,1,1.0,0.0,0.0019322789842813057,-0.0036272791071372285,nan,0.0019322789842813057,-0.0036272791071372285,nan,1.3719782463521168,1.3719782463521168,0.0,0.0,0.0,nan,0
665,0.6280000000000004,0.45,,scientific,0,1,0.18,1.0,0.0,0.0019323306891738435,-0.003629984007953331,nan,0.0019323306891738435,-0.003629984007953331,nan,1.3732305431439968,1.3732305431439968,0.0,0.0,0.0,nan,0,1,1.0,0.0,0.0019254673829448437,-0.0015827894845700783,nan,0.0019254673829448437,-0.0015827894845700783,nan,0.5953254052259731,0.5953254052259731,0.0,0.0,0.0,nan,0,1,1.0,0.0,0.0019323306891738435,-0.003629984007953331,nan,0.0019323306891738435,-0.003629984007953331,nan,1.3732305431439968,1.3732305431439968,0.0,0.0,0.0,nan,0
666,0.6290000000000004,0.45,,scientific,0,1,0.18,1.0,0.0,0.001932382751578916,-0.0036326878253088155,nan,0.001932382751578916,-0.0036326878253088155,nan,1.3744827199480625,1.3744827199480625,0.0,0.0,0.0,nan,0,1,1.0,0.0,0.0019254673829448437,-0.0015827894845700783,nan,0.0019254673829448437,-0.0015827894845700783,nan,0.5953254052259731,0.5953254052259731,0.0,0.0,0.0,nan,0,1,1.0,0.0,0.001932382751578916,-0.0036326878253088155,nan,0.001932382751578916,-0.0036326878253088155,nan,1.3744827199480625,1.3744827199480625,0.0,0.0,0.0,nan,0
667,0.6300000000000004,0.45,,scientific,0,1,0.18,1.0,0.0,0.0019324351686749567,-0.0036353905459954364,nan,0.0019324351686749567,-0.0036353905459954364,nan,1.375734776815999,1.375734776815999,0.0,0.0,0.0,nan,0,1,1.0,0.0,0.0019254673829448437,-0.0015827894845700783,nan,0.0019254673829448437,-0.0015827894845700783,nan,0.5953254052259731,0.5953254052259731,0.0,0.0,0.0,nan,0,1,1.0,0.0,0.0019324351686749567,-0.0036353905459954364,nan,0.0019324351686749567,-0.0036353905459954364,nan,1.375734776815999,1.375734776815999,0.0,0.0,0.0,nan,0
668,0.6310000000000004,0.45,,scientific,0,1,0.18,1.0,0.0,0.0019324879302219948,-0.0036380921641660305,nan,0.0019324879302219948,-0.0036380921641660305,nan,1.3769867138127543,1.3769867138127543,0.0,0.0,0.0,nan,0,1,1.0,0.0,0.0019254673829448437,-0.0015827894845700783,nan,0.0019254673829448437,-0.0015827894845700783,nan,0.5953254052259731,0.5953254052259731,0.0,0.0,0.0,nan,0,1,1.0,0.0,0.0019324879302219948,-0.0036380921641660305,nan,0.0019324879302219948,-0.0036380921641660305,nan,1.3769867138127543,1.3769867138127543,0.0,0.0,0.0,nan,0
669,0.6320000000000005,0.45,,scientific,0,1,0.18,1.0,0.0,0.0019325410485276414,-0.0036407926935467876,nan,0.0019325410485276414,-0.0036407926935467876,nan,1.378238531000836,1.378238531000836,0.0,0.0,0.0,nan,0,1,1.0,0.0,0.0019254673829448437,-0.0015827894845700783,nan,0.0019254673829448437,-0.0015827894845700783,nan,0.5953254052259731,0.5953254052259731,0.0,0.0,0.0,nan,0,1,1.0,0.0,0.0019325410485276414,-0.0036407926935467876,nan,0.0019325410485276414,-0.0036407926935467876,nan,1.378238531000836,1.378238531000836,0.0,0.0,0.0,nan,0
670,0.6330000000000005,0.45,,scientific,0,1,0.18064516129032257,1.0,0.0,0.0019325945279304877,-0.0036434921397052256,nan,0.0019325945279304877,-0.0036434921397052256,nan,1.3794902284559258,1.3794902284559258,0.0,0.0,0.0,nan,0,1,1.0,0.0,0.0019254673829448437,-0.0015827894845700783,nan,0.0019254673829448437,-0.0015827894845700783,nan,0.5953254052259731,0.5953254052259731,0.0,0.0,0.0,nan,0,1,1.0,0.0,0.0019325945279304877,-0.0036434921397052256,nan,0.0019325945279304877,-0.0036434921397052256,nan,1.3794902284559258,1.3794902284559258,0.0,0.0,0.0,nan,0
671,0.6340000000000005,0.45,,scientific,0,1,0.18064516129032257,1.0,0.0,0.0019326483704816112,-0.0036461905058052632,nan,0.0019326483704816112,-0.0036461905058052632,nan,1.3807418062554628,1.3807418062554628,0.0,0.0,0.0,nan,0,1,1.0,0.0,0.0019254673829448437,-0.0015827894845700783,nan,0.0019254673829448437,-0.0015827894845700783,nan,0.5953254052259731,0.5953254052259731,0.0,0.0,0.0,nan,0,1,1.0,0.0,0.0019326483704816112,-0.0036461905058052632,nan,0.0019326483704816112,-0.0036461905058052632,nan,1.3807418062554628,1.3807418062554628,0.0,0.0,0.0,nan,0
672,0.6350000000000005,0.45,,scientific,0,1,0.18064516129032257,1.0,0.0,0.001932702572996258,-0.0036488878052283224,nan,0.001932702572996258,-0.0036488878052283224,nan,1.3819932644797108,1.3819932644797108,0.0,0.0,0.0,nan,0,1,1.0,0.0,0.0019254673829448437,-0.0015827894845700783,nan,0.0019254673829448437,-0.0015827894845700783,nan,0.5953254052259731,0.5953254052259731,0.0,0.0,0.0,nan,0,1,1.0,0.0,0.001932702572996258,-0.0036488878052283224,nan,0.001932702572996258,-0.0036488878052283224,nan,1.3819932644797108,1.3819932644797108,0.0,0.0,0.0,nan,0
673,0.6360000000000005,0.45,,scientific,0,1,0.18064516129032257,1.0,0.0,0.0019327571441558414,-0.003651584036280455,nan,0.0019327571441558414,-0.003651584036280455,nan,1.3832446031976637,1.3832446031976637,0.0,0.0,0.0,nan,0,1,1.0,0.0,0.0019254673829448437,-0.0015827894845700783,nan,0.0019254673829448437,-0.0015827894845700783,nan,0.5953254052259731,0.5953254052259731,0.0,0.0,0.0,nan,0,1,1.0,0.0,0.0019327571441558414,-0.003651584036280455,nan,0.0019327571441558414,-0.003651584036280455,nan,1.3832446031976637,1.3832446031976637,0.0,0.0,0.0,nan,0
674,0.6370000000000005,0.45,,scientific,0,1,0.18064516129032257,1.0,0.0,0.0019328120917692134,-0.003654279200387035,nan,0.0019328120917692134,-0.003654279200387035,nan,1.384495822480656,1.384495822480656,0.0,0.0,0.0,nan,0,1,1.0,0.0,0.0019254673829448437,-0.0015827894845700783,nan,0.0019254673829448437,-0.0015827894845700783,nan,0.5953254052259731,0.5953254052259731,0.0,0.0,0.0,nan,0,1,1.0,0.0,0.0019328120917692134,-0.003654279200387035,nan,0.0019328120917692134,-0.003654279200387035,nan,1.384495822480656,1.384495822480656,0.0,0.0,0.0,nan,0
675,0.6380000000000005,0.45,,scientific,0,1,0.18064516129032257,1.0,0.0,0.0019328674170659486,-0.0036569732979934827,nan,0.0019328674170659486,-0.0036569732979934827,nan,1.3857469223977175,1.3857469223977175,0.0,0.0,0.0,nan,0,1,1.0,0.0,0.0019254673829448437,-0.0015827894845700783,nan,0.0019254673829448437,-0.0015827894845700783,nan,0.5953254052259731,0.5953254052259731,0.0,0.0,0.0,nan,0,1,1.0,0.0,0.0019328674170659486,-0.0036569732979934827,nan,0.0019328674170659486,-0.0036569732979934827,nan,1.3857469223977175,1.3857469223977175,0.0,0.0,0.0,nan,0
676,0.6390000000000005,0.45,,scientific,0,1,0.18064516129032257,1.0,0.0,0.0019329231044778474,-0.003659666333482938,nan,0.0019329231044778474,-0.003659666333482938,nan,1.386997903021737,1.386997903021737,0.0,0.0,0.0,nan,0,1,1.0,0.0,0.0019254673829448437,-0.0015827894845700783,nan,0.0019254673829448437,-0.0015827894845700783,nan,0.5953254052259731,0.5953254052259731,0.0,0.0,0.0,nan,0,1,1.0,0.0,0.0019329231044778474,-0.003659666333482938,nan,0.0019329231044778474,-0.003659666333482938,nan,1.386997903021737,1.386997903021737,0.0,0.0,0.0,nan,0
677,0.6400000000000005,0.45,,scientific,0,1,0.18064516129032257,1.0,0.0,0.0019329791515850685,-0.0036623583083614953,nan,0.0019329791515850685,-0.0036623583083614953,nan,1.3882487644218757,1.3882487644218757,0.0,0.0,0.0,nan,0,1,1.0,0.0,0.0019254673829448437,-0.0015827894845700783,nan,0.0019254673829448437,-0.0015827894845700783,nan,0.5953254052259731,0.5953254052259731,0.0,0.0,0.0,nan,0,1,1.0,0.0,0.0019329791515850685,-0.0036623583083614953,nan,0.0019329791515850685,-0.0036623583083614953,nan,1.3882487644218757,1.3882487644218757,0.0,0.0,0.0,nan,0
678,0.6410000000000005,0.45,,scientific,0,1,0.18064516129032257,1.0,0.0,0.001933035572443388,-0.0036650492204252736,nan,0.001933035572443388,-0.0036650492204252736,nan,1.3894995066598106,1.3894995066598106,0.0,0.0,0.0,nan,0,1,1.0,0.0,0.0019254673829448437,-0.0015827894845700783,nan,0.0019254673829448437,-0.0015827894845700783,nan,0.5953254052259731,0.5953254052259731,0.0,0.0,0.0,nan,0,1,1.0,0.0,0.001933035572443388,-0.0036650492204252736,nan,0.001933035572443388,-0.0036650492204252736,nan,1.3894995066598106,1.3894995066598106,0.0,0.0,0.0,nan,0
679,0.6420000000000005,0.45,,scientific,0,1,0.18064516129032257,1.0,0.0,0.0019330923746524269,-0.003667739072073257,nan,0.0019330923746524269,-0.003667739072073257,nan,1.3907501298099296,1.3907501298099296,0.0,0.0,0.0,nan,0,1,1.0,0.0,0.0019254673829448437,-0.0015827894845700783,nan,0.0019254673829448437,-0.0015827894845700783,nan,0.5953254052259731,0.5953254052259731,0.0,0.0,0.0,nan,0,1,1.0,0.0,0.0019330923746524269,-0.003667739072073257,nan,0.0019330923746524269,-0.003667739072073257,nan,1.3907501298099296,1.3907501298099296,0.0,0.0,0.0,nan,0
680,0.6430000000000005,0.45,,scientific,0,1,0.18064516129032257,1.0,0.0,0.002747110348737919,-0.004727501214429311,nan,0.002747110348737919,-0.004727501214429311,nan,1.3948164479427878,1.3948164479427878,0.0,0.0,0.0,nan,0,1,1.0,0.0,0.0024019463878222507,-0.0022014711373508447,nan,0.0024019463878222507,-0.0022014711373508447,nan,0.5964019430292917,0.5964019430292917,0.0,0.0,0.0,nan,0,1,1.0,0.0,0.002747110348737919,-0.004727501214429311,nan,0.002747110348737919,-0.004727501214429311,nan,1.3948164479427878,1.3948164479427878,0.0,0.0,0.0,nan,0
681,0.6440000000000005,0.45,,scientific,0,1,0.18064516129032257,1.0,0.0,0.0027476025697066057,-0.0047307535057130356,nan,0.0027476025697066057,-0.0047307535057130356,nan,1.3960696049182784,1.3960696049182784,0.0,0.0,0.0,nan,0,1,1.0,0.0,0.0024019463878222507,-0.0022014711373508447,nan,0.0024019463878222507,-0.0022014711373508447,nan,0.5964019430292917,0.5964019430292917,0.0,0.0,0.0,nan,0,1,1.0,0.0,0.0027476025697066057,-0.0047307535057130356,nan,0.0027476025697066057,-0.0047307535057130356,nan,1.3960696049182784,1.3960696049182784,0.0,0.0,0.0,nan,0
682,0.6450000000000005,0.45,,scientific,0,1,0.18064516129032257,1.0,0.0,0.002748094998182169,-0.004734004508484577,nan,0.002748094998182169,-0.004734004508484577,nan,1.3973226430779,1.3973226430779,0.0,0.0,0.0,nan,0,1,1.0,0.0,0.0024019463878222507,-0.0022014711373508447,nan,0.0024019463878222507,-0.0022014711373508447,nan,0.5964019430292917,0.5964019430292917,0.0,0.0,0.0,nan,0,1,1.0,0.0,0.002748094998182169,-0.004734004508484577,nan,0.002748094998182169,-0.004734004508484577,nan,1.3973226430779,1.3973226430779,0.0,0.0,0.0,nan,0
683,0.6460000000000005,0.45,,scientific,0,1,0.18064516129032257,1.0,0.0,0.002748587636747248,-0.004737254232774493,nan,0.002748587636747248,-0.004737254232774493,nan,1.3985755624882792,1.3985755624882792,0.0,0.0,0.0,nan,0,1,1.0,0.0,0.0024019463878222507,-0.0022014711373508447,nan,0.0024019463878222507,-0.0022014711373508447,nan,0.5964019430292917,0.5964019430292917,0.0,0.0,0.0,nan,0,1,1.0,0.0,0.002748587636747248,-0.004737254232774493,nan,0.002748587636747248,-0.004737254232774493,nan,1.3985755624882792,1.3985755624882792,0.0,0.0,0.0,nan,0
684,0.6470000000000005,0.45,,scientific,0,1,0.18064516129032257,1.0,0.0,0.002749080500143889,-0.00474050267756073,nan,0.002749080500143889,-0.00474050267756073,nan,1.399828363229167,1.399828363229167,0.0,0.0,0.0,nan,0,1,1.0,0.0,0.0024019463878222507,-0.0022014711373508447,nan,0.0024019463878222507,-0.0022014711373508447,nan,0.5964019430292917,0.5964019430292917,0.0,0.0,0.0,nan,0,1,1.0,0.0,0.002749080500143889,-0.00474050267756073,nan,0.002749080500143889,-0.00474050267756073,nan,1.399828363229167,1.399828363229167,0.0,0.0,0.0,nan,0
685,0.6480000000000005,0.45,,scientific,0,1,0.18064516129032257,1.0,0.0,0.002749573582429383,-0.004743749846541814,nan,0.002749573582429383,-0.004743749846541814,nan,1.4010810453732472,1.4010810453732472,0.0,0.0,0.0,nan,0,1,1.0,0.0,0.0024019463878222507,-0.0022014711373508447,nan,0.0024019463878222507,-0.0022014711373508447,nan,0.5964019430292917,0.5964019430292917,0.0,0.0,0.0,nan,0,1,1.0,0.0,0.002749573582429383,-0.004743749846541814,nan,0.002749573582429383,-0.004743749846541814,nan,1.4010810453732472,1.4010810453732472,0.0,0.0,0.0,nan,0
686,0.6490000000000005,0.45,,scientific,0,1,0.18064516129032257,1.0,0.0,0.0027500668724440803,-0.004746995742849061,nan,0.0027500668724440803,-0.004746995742849061,nan,1.4023336089767269,1.4023336089767269,0.0,0.0,0.0,nan,0,1,1.0,0.0,0.0024019463878222507,-0.0022014711373508447,nan,0.0024019463878222507,-0.0022014711373508447,nan,0.5964019430292917,0.5964019430292917,0.0,0.0,0.0,nan,0,1,1.0,0.0,0.0027500668724440803,-0.004746995742849061,nan,0.0027500668724440803,-0.004746995742849061,nan,1.4023336089767269,1.4023336089767269,0.0,0.0,0.0,nan,0
687,0.6500000000000005,0.45,,scientific,0,1,0.18064516129032257,1.0,0.0,0.0027505603690933514,-0.004750240370076074,nan,0.0027505603690933514,-0.004750240370076074,nan,1.4035860541066447,1.4035860541066447,0.0,0.0,0.0,nan,0,1,1.0,0.0,0.0024019463878222507,-0.0022014711373508447,nan,0.0024019463878222507,-0.0022014711373508447,nan,0.5964019430292917,0.5964019430292917,0.0,0.0,0.0,nan,0,1,1.0,0.0,0.0027505603690933514,-0.004750240370076074,nan,0.0027505603690933514,-0.004750240370076074,nan,1.4035860541066447,1.4035860541066447,0.0,0.0,0.0,nan,0
688,0.6510000000000005,0.45,,scientific,0,1,0.18064516129032257,1.0,0.0,0.0027510540817632045,-0.0047534837250313095,nan,0.0027510540817632045,-0.0047534837250313095,nan,1.4048383808298794,1.4048383808298794,0.0,0.0,0.0,nan,0,1,1.0,0.0,0.0024019463878222507,-0.0022014711373508447,nan,0.0024019463878222507,-0.0022014711373508447,nan,0.5964019430292917,0.5964019430292917,0.0,0.0,0.0,nan,0,1,1.0,0.0,0.0027510540817632045,-0.0047534837250313095,nan,0.0027510540817632045,-0.0047534837250313095,nan,1.4048383808298794,1.4048383808298794,0.0,0.0,0.0,nan,0
689,0.6520000000000005,0.45,,scientific,0,1,0.18064516129032257,1.0,0.0,0.0027515480141103894,-0.0047567258209616735,nan,0.0027515480141103894,-0.0047567258209616735,nan,1.4060905892112063,1.4060905892112063,0.0,0.0,0.0,nan,0,1,1.0,0.0,0.0024019463878222507,-0.0022014711373508447,nan,0.0024019463878222507,-0.0022014711373508447,nan,0.5964019430292917,0.5964019430292917,0.0,0.0,0.0,nan,0,1,1.0,0.0,0.0027515480141103894,-0.0047567258209616735,nan,0.0027515480141103894,-0.0047567258209616735,nan,1.4060905892112063,1.4060905892112063,0.0,0.0,0.0,nan,0
690,0.6530000000000005,0.45,,scientific,0,1,0.18064516129032257,1.0,0.0,0.002752042173328662,-0.0047599666647851,nan,0.002752042173328662,-0.0047599666647851,nan,1.4073426793213009,1.4073426793213009,0.0,0.0,0.0,nan,0,1,1.0,0.0,0.0024019463878222507,-0.0022014711373508447,nan,0.0024019463878222507,-0.0022014711373508447,nan,0.5964019430292917,0.5964019430292917,0.0,0.0,0.0,nan,0,1,1.0,0.0,0.002752042173328662,-0.0047599666647851,nan,0.002752042173328662,-0.0047599666647851,nan,1.4073426793213009,1.4073426793213009,0.0,0.0,0.0,nan,0
691,0.6540000000000005,0.45,,scientific,0,1,0.18064516129032257,1.0,0.0,0.002752536562635828,-0.004763206260159508,nan,0.002752536562635828,-0.004763206260159508,nan,1.4085946512349734,1.4085946512349734,0.0,0.0,0.0,nan,0,1,1.0,0.0,0.0024019463878222507,-0.0022014711373508447,nan,0.0024019463878222507,-0.0022014711373508447,nan,0.5964019430292917,0.5964019430292917,0.0,0.0,0.0,nan,0,1,1.0,0.0,0.002752536562635828,-0.004763206260159508,nan,0.002752536562635828,-0.004763206260159508,nan,1.4085946512349734,1.4085946512349734,0.0,0.0,0.0,nan,0
692,0.6550000000000005,0.45,,scientific,0,1,0.18064516129032257,1.0,0.0,0.002753031184376935,-0.0047664446100323145,nan,0.002753031184376935,-0.0047664446100323145,nan,1.409846505026343,1.409846505026343,0.0,0.0,0.0,nan,0,1,1.0,0.0,0.0024019463878222507,-0.0022014711373508447,nan,0.0024019463878222507,-0.0022014711373508447,nan,0.5964019430292917,0.5964019430292917,0.0,0.0,0.0,nan,0,1,1.0,0.0,0.002753031184376935,-0.0047664446100323145,nan,0.002753031184376935,-0.0047664446100323145,nan,1.409846505026343,1.409846505026343,0.0,0.0,0.0,nan,0
693,0.6560000000000005,0.45,,scientific,0,1,0.18064516129032257,1.0,0.0,0.0027535260408233786,-0.004769681717299738,nan,0.0027535260408233786,-0.004769681717299738,nan,1.4110982407681758,1.4110982407681758,0.0,0.0,0.0,nan,0,1,1.0,0.0,0.0024019463878222507,-0.0022014711373508447,nan,0.0024019463878222507,-0.0022014711373508447,nan,0.5964019430292917,0.5964019430292917,0.0,0.0,0.0,nan,0,1,1.0,0.0,0.0027535260408233786,-0.004769681717299738,nan,0.0027535260408233786,-0.004769681717299738,nan,1.4110982407681758,1.4110982407681758,0.0,0.0,0.0,nan,0
694,0.6570000000000005,0.45,,scientific,0,1,0.18064516129032257,1.0,0.0,0.0027540211346703215,-0.004772917585290213,nan,0.0027540211346703215,-0.004772917585290213,nan,1.412349858532215,1.412349858532215,0.0,0.0,0.0,nan,0,1,1.0,0.0,0.0024019463878222507,-0.0022014711373508447,nan,0.0024019463878222507,-0.0022014711373508447,nan,0.5964019430292917,0.5964019430292917,0.0,0.0,0.0,nan,0,1,1.0,0.0,0.0027540211346703215,-0.004772917585290213,nan,0.0027540211346703215,-0.004772917585290213,nan,1.412349858532215,1.412349858532215,0.0,0.0,0.0,nan,0
695,0.6580000000000005,0.45,,scientific,0,1,0.18064516129032257,1.0,0.0,0.0027545164740777213,-0.004776152222977975,nan,0.0027545164740777213,-0.004776152222977975,nan,1.4136013583924343,1.4136013583924343,0.0,0.0,0.0,nan,0,1,1.0,0.0,0.0024019463878222507,-0.0022014711373508447,nan,0.0024019463878222507,-0.0022014711373508447,nan,0.5964019430292917,0.5964019430292917,0.0,0.0,0.0,nan,0,1,1.0,0.0,0.0027545164740777213,-0.004776152222977975,nan,0.0027545164740777213,-0.004776152222977975,nan,1.4136013583924343,1.4136013583924343,0.0,0.0,0.0,nan,0
696,0.6590000000000005,0.45,,scientific,0,1,0.18064516129032257,1.0,0.0,0.00275501205626197,-0.004779385628066249,nan,0.00275501205626197,-0.004779385628066249,nan,1.41485274041341,1.41485274041341,0.0,0.0,0.0,nan,0,1,1.0,0.0,0.0024019463878222507,-0.0022014711373508447,nan,0.0024019463878222507,-0.0022014711373508447,nan,0.5964019430292917,0.5964019430292917,0.0,0.0,0.0,nan,0,1,1.0,0.0,0.00275501205626197,-0.004779385628066249,nan,0.00275501205626197,-0.004779385628066249,nan,1.41485274041341,1.41485274041341,0.0,0.0,0.0,nan,0
697,0.6600000000000005,0.45,,scientific,0,1,0.18064516129032257,1.0,0.0,0.0027555078826127263,-0.004782617802477224,nan,0.0027555078826127263,-0.004782617802477224,nan,1.4161040046644617,1.4161040046644617,0.0,0.0,0.0,nan,0,1,1.0,0.0,0.0024019463878222507,-0.0022014711373508447,nan,0.0024019463878222507,-0.0022014711373508447,nan,0.5964019430292917,0.5964019430292917,0.0,0.0,0.0,nan,0,1,1.0,0.0,0.0027555078826127263,-0.004782617802477224,nan,0.0027555078826127263,-0.004782617802477224,nan,1.4161040046644617,1.4161040046644617,0.0,0.0,0.0,nan,0
698,0.6610000000000005,0.45,,scientific,0,1,0.18064516129032257,1.0,0.0,0.0027560039555984974,-0.004785848749196752,nan,0.0027560039555984974,-0.004785848749196752,nan,1.4173551512160034,1.4173551512160034,0.0,0.0,0.0,nan,0,1,1.0,0.0,0.0024019463878222507,-0.0022014711373508447,nan,0.0024019463878222507,-0.0022014711373508447,nan,0.5964019430292917,0.5964019430292917,0.0,0.0,0.0,nan,0,1,1.0,0.0,0.0027560039555984974,-0.004785848749196752,nan,0.0027560039555984974,-0.004785848749196752,nan,1.4173551512160034,1.4173551512160034,0.0,0.0,0.0,nan,0
699,0.6620000000000005,0.45,,scientific,0,1,0.18064516129032257,1.0,0.0,0.0027565002718167374,-0.004789078472050652,nan,0.0027565002718167374,-0.004789078472050652,nan,1.4186061801411518,1.4186061801411518,0.0,0.0,0.0,nan,0,1,1.0,0.0,0.0024019463878222507,-0.0022014711373508447,nan,0.0024019463878222507,-0.0022014711373508447,nan,0.5964019430292917,0.5964019430292917,0.0,0.0,0.0,nan,0,1,1.0,0.0,0.0027565002718167374,-0.004789078472050652,nan,0.0027565002718167374,-0.004789078472050652,nan,1.4186061801411518,1.4186061801411518,0.0,0.0,0.0,nan,0
700,0.6630000000000005,0.45,,scientific,0,1,0.18064516129032257,1.0,0.0,0.002756996832684743,-0.004792306969326325,nan,0.002756996832684743,-0.004792306969326325,nan,1.4198570915097197,1.4198570915097197,0.0,0.0,0.0,nan,0,1,1.0,0.0,0.0024019463878222507,-0.0022014711373508447,nan,0.0024019463878222507,-0.0022014711373508447,nan,0.5964019430292917,0.5964019430292917,0.0,0.0,0.0,nan,0,1,1.0,0.0,0.002756996832684743,-0.004792306969326325,nan,0.002756996832684743,-0.004792306969326325,nan,1.4198570915097197,1.4198570915097197,0.0,0.0,0.0,nan,0
701,0.6640000000000005,0.45,,scientific,0,1,0.18064516129032257,1.0,0.0,0.0027574936375011033,-0.004795534239220836,nan,0.0027574936375011033,-0.004795534239220836,nan,1.4211078853907417,1.4211078853907417,0.0,0.0,0.0,nan,0,1,1.0,0.0,0.0024019463878222507,-0.0022014711373508447,nan,0.0024019463878222507,-0.0022014711373508447,nan,0.5964019430292917,0.5964019430292917,0.0,0.0,0.0,nan,0,1,1.0,0.0,0.0027574936375011033,-0.004795534239220836,nan,0.0027574936375011033,-0.004795534239220836,nan,1.4211078853907417,1.4211078853907417,0.0,0.0,0.0,nan,0
702,0.6650000000000005,0.45,,scientific,0,1,0.18064516129032257,1.0,0.0,0.002757990695029941,-0.004798760280578598,nan,0.002757990695029941,-0.004798760280578598,nan,1.4223585618460257,1.4223585618460257,0.0,0.0,0.0,nan,0,1,1.0,0.0,0.0024019463878222507,-0.0022014711373508447,nan,0.0024019463878222507,-0.0022014711373508447,nan,0.5964019430292917,0.5964019430292917,0.0,0.0,0.0,nan,0,1,1.0,0.0,0.002757990695029941,-0.004798760280578598,nan,0.002757990695029941,-0.004798760280578598,nan,1.4223585618460257,1.4223585618460257,0.0,0.0,0.0,nan,0
703,0.6660000000000005,0.45,,scientific,0,1,0.18064516129032257,1.0,0.0,0.002758488007690627,-0.004801985100812999,nan,0.002758488007690627,-0.004801985100812999,nan,1.4236091209394766,1.4236091209394766,0.0,0.0,0.0,nan,0,1,1.0,0.0,0.0024019463878222507,-0.0022014711373508447,nan,0.0024019463878222507,-0.0022014711373508447,nan,0.5964019430292917,0.5964019430292917,0.0,0.0,0.0,nan,0,1,1.0,0.0,0.002758488007690627,-0.004801985100812999,nan,0.002758488007690627,-0.004801985100812999,nan,1.4236091209394766,1.4236091209394766,0.0,0.0,0.0,nan,0
704,0.6670000000000005,0.45,,scientific,0,1,0.18064516129032257,1.0,0.0,0.0027589855866579213,-0.004805208726487301,nan,0.0027589855866579213,-0.004805208726487301,nan,1.4248595627384684,1.4248595627384684,0.0,0.0,0.0,nan,0,1,1.0,0.0,0.0024019463878222507,-0.0022014711373508447,nan,0.0024019463878222507,-0.0022014711373508447,nan,0.5964019430292917,0.5964019430292917,0.0,0.0,0.0,nan,0,1,1.0,0.0,0.0027589855866579213,-0.004805208726487301,nan,0.0027589855866579213,-0.004805208726487301,nan,1.4248595627384684,1.4248595627384684,0.0,0.0,0.0,nan,0
705,0.6680000000000005,0.45,,scientific,0,1,0.18129032258064517,1.0,0.0,0.00275948343620903,-0.004808431155875829,nan,0.00275948343620903,-0.004808431155875829,nan,1.4261098873078708,1.4261098873078708,0.0,0.0,0.0,nan,0,1,1.0,0.0,0.0024019463878222507,-0.0022014711373508447,nan,0.0024019463878222507,-0.0022014711373508447,nan,0.5964019430292917,0.5964019430292917,0.0,0.0,0.0,nan,0,1,1.0,0.0,0.00275948343620903,-0.004808431155875829,nan,0.00275948343620903,-0.004808431155875829,nan,1.4261098873078708,1.4261098873078708,0.0,0.0,0.0,nan,0
706,0.6690000000000005,0.45,,scientific,0,1,0.18193548387096775,1.0,0.0,0.0027599815549134814,-0.004811652390640937,nan,0.0027599815549134814,-0.004811652390640937,nan,1.4273600947246643,1.4273600947246643,0.0,0.0,0.0,nan,0,1,1.0,0.0,0.0024019463878222507,-0.0022014711373508447,nan,0.0024019463878222507,-0.0022014711373508447,nan,0.5964019430292917,0.5964019430292917,0.0,0.0,0.0,nan,0,1,1.0,0.0,0.0027599815549134814,-0.004811652390640937,nan,0.0027599815549134814,-0.004811652390640937,nan,1.4273600947246643,1.4273600947246643,0.0,0.0,0.0,nan,0
707,0.6700000000000005,0.45,,scientific,0,1,0.18193548387096775,1.0,0.0,0.00276047995540731,-0.004814872425065869,nan,0.00276047995540731,-0.004814872425065869,nan,1.4286101850598267,1.4286101850598267,0.0,0.0,0.0,nan,0,1,1.0,0.0,0.0024019463878222507,-0.0022014711373508447,nan,0.0024019463878222507,-0.0022014711373508447,nan,0.5964019430292917,0.5964019430292917,0.0,0.0,0.0,nan,0,1,1.0,0.0,0.00276047995540731,-0.004814872425065869,nan,0.00276047995540731,-0.004814872425065869,nan,1.4286101850598267,1.4286101850598267,0.0,0.0,0.0,nan,0
708,0.6710000000000005,0.45,,scientific,0,1,0.18193548387096775,1.0,0.0,0.0027609786374917862,-0.004818091279471863,nan,0.0027609786374917862,-0.004818091279471863,nan,1.4298601583823576,1.4298601583823576,0.0,0.0,0.0,nan,0,1,1.0,0.0,0.0024019463878222507,-0.0022014711373508447,nan,0.0024019463878222507,-0.0022014711373508447,nan,0.5964019430292917,0.5964019430292917,0.0,0.0,0.0,nan,0,1,1.0,0.0,0.0027609786374917862,-0.004818091279471863,nan,0.0027609786374917862,-0.004818091279471863,nan,1.4298601583823576,1.4298601583823576,0.0,0.0,0.0,nan,0
709,0.6720000000000005,0.45,,scientific,0,1,0.18193548387096775,1.0,0.0,0.002761477601172404,-0.004821308947226835,nan,0.002761477601172404,-0.004821308947226835,nan,1.4311100147548186,1.4311100147548186,0.0,0.0,0.0,nan,0,1,1.0,0.0,0.0024019463878222507,-0.0022014711373508447,nan,0.0024019463878222507,-0.0022014711373508447,nan,0.5964019430292917,0.5964019430292917,0.0,0.0,0.0,nan,0,1,1.0,0.0,0.002761477601172404,-0.004821308947226835,nan,0.002761477601172404,-0.004821308947226835,nan,1.4311100147548186,1.4311100147548186,0.0,0.0,0.0,nan,0
710,0.6730000000000005,0.45,,scientific,0,1,0.18193548387096775,1.0,0.0,0.002761976848639613,-0.004824525428785083,nan,0.002761976848639613,-0.004824525428785083,nan,1.4323597542477264,1.4323597542477264,0.0,0.0,0.0,nan,0,1,1.0,0.0,0.0024019463878222507,-0.0022014711373508447,nan,0.0024019463878222507,-0.0022014711373508447,nan,0.5964019430292917,0.5964019430292917,0.0,0.0,0.0,nan,0,1,1.0,0.0,0.002761976848639613,-0.004824525428785083,nan,0.002761976848639613,-0.004824525428785083,nan,1.4323597542477264,1.4323597542477264,0.0,0.0,0.0,nan,0
711,0.6740000000000005,0.45,,scientific,0,1,0.18258064516129033,1.0,0.0,0.002762476376208405,-0.00482774072224854,nan,0.002762476376208405,-0.00482774072224854,nan,1.4336093769364986,1.4336093769364986,0.0,0.0,0.0,nan,0,1,1.0,0.0,0.0024019463878222507,-0.0022014711373508447,nan,0.0024019463878222507,-0.0022014711373508447,nan,0.5964019430292917,0.5964019430292917,0.0,0.0,0.0,nan,0,1,1.0,0.0,0.002762476376208405,-0.00482774072224854,nan,0.002762476376208405,-0.00482774072224854,nan,1.4336093769364986,1.4336093769364986,0.0,0.0,0.0,nan,0
712,0.6750000000000005,0.45,,scientific,0,1,0.18258064516129033,1.0,0.0,0.002762976193184125,-0.004830954832773044,nan,0.002762976193184125,-0.004830954832773044,nan,1.4348588828893019,1.4348588828893019,0.0,0.0,0.0,nan,0,1,1.0,0.0,0.0024019463878222507,-0.0022014711373508447,nan,0.0024019463878222507,-0.0022014711373508447,nan,0.5964019430292917,0.5964019430292917,0.0,0.0,0.0,nan,0,1,1.0,0.0,0.002762976193184125,-0.004830954832773044,nan,0.002762976193184125,-0.004830954832773044,nan,1.4348588828893019,1.4348588828893019,0.0,0.0,0.0,nan,0
713,0.6760000000000005,0.45,,scientific,0,1,0.1832258064516129,1.0,0.0,0.002763476311330995,-0.0048341677565009586,nan,0.002763476311330995,-0.0048341677565009586,nan,1.436108272179482,1.436108272179482,0.0,0.0,0.0,nan,0,1,1.0,0.0,0.0024019463878222507,-0.0022014711373508447,nan,0.0024019463878222507,-0.0022014711373508447,nan,0.5964019430292917,0.5964019430292917,0.0,0.0,0.0,nan,0,1,1.0,0.0,0.002763476311330995,-0.0048341677565009586,nan,0.002763476311330995,-0.0048341677565009586,nan,1.436108272179482,1.436108272179482,0.0,0.0,0.0,nan,0
714,0.6770000000000005,0.45,,scientific,0,1,0.1832258064516129,1.0,0.0,0.00276397672856064,-0.004837379487581312,nan,0.00276397672856064,-0.004837379487581312,nan,1.437357544873389,1.437357544873389,0.0,0.0,0.0,nan,0,1,1.0,0.0,0.0024019463878222507,-0.0022014711373508447,nan,0.0024019463878222507,-0.0022014711373508447,nan,0.5964019430292917,0.5964019430292917,0.0,0.0,0.0,nan,0,1,1.0,0.0,0.00276397672856064,-0.004837379487581312,nan,0.00276397672856064,-0.004837379487581312,nan,1.437357544873389,1.437357544873389,0.0,0.0,0.0,nan,0
715,0.6780000000000005,0.45,,scientific,0,1,0.1832258064516129,1.0,0.0,0.0027644774342162563,-0.004840590051247915,nan,0.0027644774342162563,-0.004840590051247915,nan,1.4386067010340595,1.4386067010340595,0.0,0.0,0.0,nan,0,1,1.0,0.0,0.0024019463878222507,-0.0022014711373508447,nan,0.0024019463878222507,-0.0022014711373508447,nan,0.5964019430292917,0.5964019430292917,0.0,0.0,0.0,nan,0,1,1.0,0.0,0.0027644774342162563,-0.004840590051247915,nan,0.0027644774342162563,-0.004840590051247915,nan,1.4386067010340595,1.4386067010340595,0.0,0.0,0.0,nan,0
716,0.6790000000000005,0.45,,scientific,0,1,0.1832258064516129,1.0,0.0,0.002764978420774246,-0.004843799448704673,nan,0.002764978420774246,-0.004843799448704673,nan,1.439855740726045,1.439855740726045,0.0,0.0,0.0,nan,0,1,1.0,0.0,0.0024019463878222507,-0.0022014711373508447,nan,0.0024019463878222507,-0.0022014711373508447,nan,0.5964019430292917,0.5964019430292917,0.0,0.0,0.0,nan,0,1,1.0,0.0,0.002764978420774246,-0.004843799448704673,nan,0.002764978420774246,-0.004843799448704673,nan,1.439855740726045,1.439855740726045,0.0,0.0,0.0,nan,0
717,0.6800000000000005,0.45,,scientific,0,1,0.1832258064516129,1.0,0.0,0.00408438388975732,-0.005198578705979031,nan,0.00408438388975732,-0.005198578705979031,nan,1.4440378146655726,1.4440378146655726,0.0,0.0,0.0,nan,0,1,1.0,0.0,0.0031552604712777443,-0.0024024494189102256,nan,0.0031552604712777443,-0.0024024494189102256,nan,0.5974784808326103,0.5974784808326103,0.0,0.0,0.0,nan,0,1,1.0,0.0,0.00408438388975732,-0.005198578705979031,nan,0.00408438388975732,-0.005198578705979031,nan,1.4440378146655726,1.4440378146655726,0.0,0.0,0.0,nan,0
718,0.6810000000000005,0.45,,scientific,0,1,0.1832258064516129,1.0,0.0,0.004085575710415232,-0.0052019696970046665,nan,0.004085575710415232,-0.0052019696970046665,nan,1.4452894307593263,1.4452894307593263,0.0,0.0,0.0,nan,0,1,1.0,0.0,0.0031552604712777443,-0.0024024494189102256,nan,0.0031552604712777443,-0.0024024494189102256,nan,0.5974784808326103,0.5974784808326103,0.0,0.0,0.0,nan,0,1,1.0,0.0,0.004085575710415232,-0.0052019696970046665,nan,0.004085575710415232,-0.0052019696970046665,nan,1.4452894307593263,1.4452894307593263,0.0,0.0,0.0,nan,0
719,0.6820000000000005,0.45,,scientific,0,1,0.1832258064516129,1.0,0.0,0.004086767603376987,-0.005205359466101743,nan,0.004086767603376987,-0.005205359466101743,nan,1.4465409307046078,1.4465409307046078,0.0,0.0,0.0,nan,0,1,1.0,0.0,0.0031552604712777443,-0.0024024494189102256,nan,0.0031552604712777443,-0.0024024494189102256,nan,0.5974784808326103,0.5974784808326103,0.0,0.0,0.0,nan,0,1,1.0,0.0,0.004086767603376987,-0.005205359466101743,nan,0.004086767603376987,-0.005205359466101743,nan,1.4465409307046078,1.4465409307046078,0.0,0.0,0.0,nan,0
720,0.6830000000000005,0.45,,scientific,0,1,0.1832258064516129,1.0,0.0,0.004087959570479669,-0.00520874800779355,nan,0.004087959570479669,-0.00520874800779355,nan,1.4477923145782463,1.4477923145782463,0.0,0.0,0.0,nan,0,1,1.0,0.0,0.0031552604712777443,-0.0024024494189102256,nan,0.0031552604712777443,-0.0024024494189102256,nan,0.5974784808326103,0.5974784808326103,0.0,0.0,0.0,nan,0,1,1.0,0.0,0.004087959570479669,-0.00520874800779355,nan,0.004087959570479669,-0.00520874800779355,nan,1.4477923145782463,1.4477923145782463,0.0,0.0,0.0,nan,0
721,0.6840000000000005,0.45,,scientific,0,1,0.1832258064516129,1.0,0.0,0.0040891516099064084,-0.0052121353369343195,nan,0.0040891516099064084,-0.0052121353369343195,nan,1.4490435824465067,1.4490435824465067,0.0,0.0,0.0,nan,0,1,1.0,0.0,0.0031552604712777443,-0.0024024494189102256,nan,0.0031552604712777443,-0.0024024494189102256,nan,0.5974784808326103,0.5974784808326103,0.0,0.0,0.0,nan,0,1,1.0,0.0,0.0040891516099064084,-0.0052121353369343195,nan,0.0040891516099064084,-0.0052121353369343195,nan,1.4490435824465067,1.4490435824465067,0.0,0.0,0.0,nan,0
722,0.6850000000000005,0.45,,scientific,0,1,0.1832258064516129,1.0,0.0,0.0040903437162816665,-0.00521552145722987,nan,0.0040903437162816665,-0.00521552145722987,nan,1.4502947343912143,1.4502947343912143,0.0,0.0,0.0,nan,0,1,1.0,0.0,0.0031552604712777443,-0.0024024494189102256,nan,0.0031552604712777443,-0.0024024494189102256,nan,0.5974784808326103,0.5974784808326103,0.0,0.0,0.0,nan,0,1,1.0,0.0,0.0040903437162816665,-0.00521552145722987,nan,0.0040903437162816665,-0.00521552145722987,nan,1.4502947343912143,1.4502947343912143,0.0,0.0,0.0,nan,0
723,0.6860000000000005,0.45,,scientific,0,1,0.1832258064516129,1.0,0.0,0.004091535906469685,-0.0052189063742813,nan,0.004091535906469685,-0.0052189063742813,nan,1.4515457704562937,1.4515457704562937,0.0,0.0,0.0,nan,0,1,1.0,0.0,0.0031552604712777443,-0.0024024494189102256,nan,0.0031552604712777443,-0.0024024494189102256,nan,0.5974784808326103,0.5974784808326103,0.0,0.0,0.0,nan,0,1,1.0,0.0,0.004091535906469685,-0.0052189063742813,nan,0.004091535906469685,-0.0052189063742813,nan,1.4515457704562937,1.4515457704562937,0.0,0.0,0.0,nan,0
724,0.6870000000000005,0.45,,scientific,0,1,0.1832258064516129,1.0,0.0,0.0040927281885581625,-0.005222290093227023,nan,0.0040927281885581625,-0.005222290093227023,nan,1.4527966907080014,1.4527966907080014,0.0,0.0,0.0,nan,0,1,1.0,0.0,0.0031552604712777443,-0.0024024494189102256,nan,0.0031552604712777443,-0.0024024494189102256,nan,0.5974784808326103,0.5974784808326103,0.0,0.0,0.0,nan,0,1,1.0,0.0,0.0040927281885581625,-0.005222290093227023,nan,0.0040927281885581625,-0.005222290093227023,nan,1.4527966907080014,1.4527966907080014,0.0,0.0,0.0,nan,0
725,0.6880000000000005,0.45,,scientific,0,1,0.1832258064516129,1.0,0.0,0.004093920563535464,-0.005225672611479115,nan,0.004093920563535464,-0.005225672611479115,nan,1.45404749521854,1.45404749521854,0.0,0.0,0.0,nan,0,1,1.0,0.0,0.0031552604712777443,-0.0024024494189102256,nan,0.0031552604712777443,-0.0024024494189102256,nan,0.5974784808326103,0.5974784808326103,0.0,0.0,0.0,nan,0,1,1.0,0.0,0.004093920563535464,-0.005225672611479115,nan,0.004093920563535464,-0.005225672611479115,nan,1.45404749521854,1.45404749521854,0.0,0.0,0.0,nan,0
726,0.6890000000000005,0.45,,scientific,0,1,0.1832258064516129,1.0,0.0,0.004095113034002589,-0.005229053928996108,nan,0.004095113034002589,-0.005229053928996108,nan,1.4552981840610435,1.4552981840610435,0.0,0.0,0.0,nan,0,1,1.0,0.0,0.0031552604712777443,-0.0024024494189102256,nan,0.0031552604712777443,-0.0024024494189102256,nan,0.5974784808326103,0.5974784808326103,0.0,0.0,0.0,nan,0,1,1.0,0.0,0.004095113034002589,-0.005229053928996108,nan,0.004095113034002589,-0.005229053928996108,nan,1.4552981840610435,1.4552981840610435,0.0,0.0,0.0,nan,0
727,0.6900000000000005,0.45,,scientific,0,1,0.1832258064516129,1.0,0.0,0.004096305600987088,-0.005232434036928553,nan,0.004096305600987088,-0.005232434036928553,nan,1.4565487573109193,1.4565487573109193,0.0,0.0,0.0,nan,0,1,1.0,0.0,0.0031552604712777443,-0.0024024494189102256,nan,0.0031552604712777443,-0.0024024494189102256,nan,0.5974784808326103,0.5974784808326103,0.0,0.0,0.0,nan,0,1,1.0,0.0,0.004096305600987088,-0.005232434036928553,nan,0.004096305600987088,-0.005232434036928553,nan,1.4565487573109193,1.4565487573109193,0.0,0.0,0.0,nan,0
728,0.6910000000000005,0.45,,scientific,0,1,0.1832258064516129,1.0,0.0,0.004097498270595858,-0.005235812957309319,nan,0.004097498270595858,-0.005235812957309319,nan,1.4577992150243766,1.4577992150243766,0.0,0.0,0.0,nan,0,1,1.0,0.0,0.0031552604712777443,-0.0024024494189102256,nan,0.0031552604712777443,-0.0024024494189102256,nan,0.5974784808326103,0.5974784808326103,0.0,0.0,0.0,nan,0,1,1.0,0.0,0.004097498270595858,-0.005235812957309319,nan,0.004097498270595858,-0.005235812957309319,nan,1.4577992150243766,1.4577992150243766,0.0,0.0,0.0,nan,0
729,0.6920000000000005,0.45,,scientific,0,1,0.1832258064516129,1.0,0.0,0.00409869104986971,-0.005239190692835392,nan,0.00409869104986971,-0.005239190692835392,nan,1.459049557271948,1.459049557271948,0.0,0.0,0.0,nan,0,1,1.0,0.0,0.0031552604712777443,-0.0024024494189102256,nan,0.0031552604712777443,-0.0024024494189102256,nan,0.5974784808326103,0.5974784808326103,0.0,0.0,0.0,nan,0,1,1.0,0.0,0.00409869104986971,-0.005239190692835392,nan,0.00409869104986971,-0.005239190692835392,nan,1.459049557271948,1.459049557271948,0.0,0.0,0.0,nan,0
730,0.6930000000000005,0.45,,scientific,0,1,0.1832258064516129,1.0,0.0,0.004099883936401913,-0.005242567242830342,nan,0.004099883936401913,-0.005242567242830342,nan,1.4602997841291754,1.4602997841291754,0.0,0.0,0.0,nan,0,1,1.0,0.0,0.0031552604712777443,-0.0024024494189102256,nan,0.0031552604712777443,-0.0024024494189102256,nan,0.5974784808326103,0.5974784808326103,0.0,0.0,0.0,nan,0,1,1.0,0.0,0.004099883936401913,-0.005242567242830342,nan,0.004099883936401913,-0.005242567242830342,nan,1.4602997841291754,1.4602997841291754,0.0,0.0,0.0,nan,0
731,0.6940000000000005,0.45,,scientific,0,1,0.1832258064516129,1.0,0.0,0.004101076935172508,-0.00524594262371644,nan,0.004101076935172508,-0.00524594262371644,nan,1.4615498956534947,1.4615498956534947,0.0,0.0,0.0,nan,0,1,1.0,0.0,0.0031552604712777443,-0.0024024494189102256,nan,0.0031552604712777443,-0.0024024494189102256,nan,0.5974784808326103,0.5974784808326103,0.0,0.0,0.0,nan,0,1,1.0,0.0,0.004101076935172508,-0.00524594262371644,nan,0.004101076935172508,-0.00524594262371644,nan,1.4615498956534947,1.4615498956534947,0.0,0.0,0.0,nan,0
732,0.6950000000000005,0.45,,scientific,0,1,0.1832258064516129,1.0,0.0,0.004102270055751536,-0.005249316844724425,nan,0.004102270055751536,-0.005249316844724425,nan,1.4627998919111018,1.4627998919111018,0.0,0.0,0.0,nan,0,1,1.0,0.0,0.0031552604712777443,-0.0024024494189102256,nan,0.0031552604712777443,-0.0024024494189102256,nan,0.5974784808326103,0.5974784808326103,0.0,0.0,0.0,nan,0,1,1.0,0.0,0.004102270055751536,-0.005249316844724425,nan,0.004102270055751536,-0.005249316844724425,nan,1.4627998919111018,1.4627998919111018,0.0,0.0,0.0,nan,0
733,0.6960000000000005,0.45,,scientific,0,1,0.1832258064516129,1.0,0.0,0.005228005026395857,-0.006036248064481025,nan,0.005228005026395857,-0.006036248064481025,nan,1.4670271732598401,1.4670271732598401,0.0,0.0,0.0,nan,0,1,1.0,0.0,0.003792627624185035,-0.0028467495136701077,nan,0.003792627624185035,-0.0028467495136701077,nan,0.598555018635929,0.598555018635929,0.0,0.0,0.0,nan,0,1,1.0,0.0,0.005228005026395857,-0.006036248064481025,nan,0.005228005026395857,-0.006036248064481025,nan,1.4670271732598401,1.4670271732598401,0.0,0.0,0.0,nan,0
734,0.6970000000000005,0.45,,scientific,0,1,0.1832258064516129,1.0,0.0,0.005229778326809109,-0.006040023577982155,nan,0.005229778326809109,-0.006040023577982155,nan,1.4682797490322699,1.4682797490322699,0.0,0.0,0.0,nan,0,1,1.0,0.0,0.003792627624185035,-0.0028467495136701077,nan,0.003792627624185035,-0.0028467495136701077,nan,0.598555018635929,0.598555018635929,0.0,0.0,0.0,nan,0,1,1.0,0.0,0.005229778326809109,-0.006040023577982155,nan,0.005229778326809109,-0.006040023577982155,nan,1.4682797490322699,1.4682797490322699,0.0,0.0,0.0,nan,0
735,0.6980000000000005,0.45,,scientific,0,1,0.1832258064516129,1.0,0.0,0.005231551559009161,-0.006043797789824448,nan,0.005231551559009161,-0.006043797789824448,nan,1.469532209856042,1.469532209856042,0.0,0.0,0.0,nan,0,1,1.0,0.0,0.003792627624185035,-0.0028467495136701077,nan,0.003792627624185035,-0.0028467495136701077,nan,0.598555018635929,0.598555018635929,0.0,0.0,0.0,nan,0,1,1.0,0.0,0.005231551559009161,-0.006043797789824448,nan,0.005231551559009161,-0.006043797789824448,nan,1.469532209856042,1.469532209856042,0.0,0.0,0.0,nan,0
736,0.6990000000000005,0.45,,scientific,0,1,0.1832258064516129,1.0,0.0,0.005233324720063518,-0.00604757070237244,nan,0.005233324720063518,-0.00604757070237244,nan,1.4707845557939527,1.4707845557939527,0.0,0.0,0.0,nan,0,1,1.0,0.0,0.003792627624185035,-0.0028467495136701077,nan,0.003792627624185035,-0.0028467495136701077,nan,0.598555018635929,0.598555018635929,0.0,0.0,0.0,nan,0,1,1.0,0.0,0.005233324720063518,-0.00604757070237244,nan,0.005233324720063518,-0.00604757070237244,nan,1.4707845557939527,1.4707845557939527,0.0,0.0,0.0,nan,0
737,0.7000000000000005,0.45,,scientific,0,1,0.1832258064516129,1.0,0.0,0.005235097813885691,-0.0060513423142444876,nan,0.005235097813885691,-0.0060513423142444876,nan,1.4720367869161017,1.4720367869161017,0.0,0.0,0.0,nan,0,1,1.0,0.0,0.003792627624185035,-0.0028467495136701077,nan,0.003792627624185035,-0.0028467495136701077,nan,0.598555018635929,0.598555018635929,0.0,0.0,0.0,nan,0,1,1.0,0.0,0.005235097813885691,-0.0060513423142444876,nan,0.005235097813885691,-0.0060513423142444876,nan,1.4720367869161017,1.4720367869161017,0.0,0.0,0.0,nan,0
738,0.7010000000000005,0.45,,scientific,0,1,0.1832258064516129,1.0,0.0,0.00523687083745213,-0.006055112635871392,nan,0.00523687083745213,-0.006055112635871392,nan,1.4732889032914764,1.4732889032914764,0.0,0.0,0.0,nan,0,1,1.0,0.0,0.003792627624185035,-0.0028467495136701077,nan,0.003792627624185035,-0.0028467495136701077,nan,0.598555018635929,0.598555018635929,0.0,0.0,0.0,nan,0,1,1.0,0.0,0.00523687083745213,-0.006055112635871392,nan,0.00523687083745213,-0.006055112635871392,nan,1.4732889032914764,1.4732889032914764,0.0,0.0,0.0,nan,0
739,0.7020000000000005,0.45,,scientific,0,1,0.1832258064516129,1.0,0.0,0.005238643796584225,-0.006058881671556103,nan,0.005238643796584225,-0.006058881671556103,nan,1.4745409049849618,1.4745409049849618,0.0,0.0,0.0,nan,0,1,1.0,0.0,0.003792627624185035,-0.0028467495136701077,nan,0.003792627624185035,-0.0028467495136701077,nan,0.598555018635929,0.598555018635929,0.0,0.0,0.0,nan,0,1,1.0,0.0,0.005238643796584225,-0.006058881671556103,nan,0.005238643796584225,-0.006058881671556103,nan,1.4745409049849618,1.4745409049849618,0.0,0.0,0.0,nan,0
740,0.7030000000000005,0.45,,scientific,0,1,0.1832258064516129,1.0,0.0,0.0052404166990056315,-0.006062649423616328,nan,0.0052404166990056315,-0.006062649423616328,nan,1.4757927920620935,1.4757927920620935,0.0,0.0,0.0,nan,0,1,1.0,0.0,0.003792627624185035,-0.0028467495136701077,nan,0.003792627624185035,-0.0028467495136701077,nan,0.598555018635929,0.598555018635929,0.0,0.0,0.0,nan,0,1,1.0,0.0,0.0052404166990056315,-0.006062649423616328,nan,0.0052404166990056315,-0.006062649423616328,nan,1.4757927920620935,1.4757927920620935,0.0,0.0,0.0,nan,0
741,0.7040000000000005,0.45,,scientific,0,1,0.1832258064516129,1.0,0.0,0.00524218954971075,-0.006066415895553967,nan,0.00524218954971075,-0.006066415895553967,nan,1.4770445645909596,1.4770445645909596,0.0,0.0,0.0,nan,0,1,1.0,0.0,0.003792627624185035,-0.0028467495136701077,nan,0.003792627624185035,-0.0028467495136701077,nan,0.598555018635929,0.598555018635929,0.0,0.0,0.0,nan,0,1,1.0,0.0,0.00524218954971075,-0.006066415895553967,nan,0.00524218954971075,-0.006066415895553967,nan,1.4770445645909596,1.4770445645909596,0.0,0.0,0.0,nan,0
742,0.7050000000000005,0.45,,scientific,0,1,0.1832258064516129,1.0,0.0,0.0052439623530026675,-0.0060701810911809465,nan,0.0052439623530026675,-0.0060701810911809465,nan,1.4782962226398313,1.4782962226398313,0.0,0.0,0.0,nan,0,1,1.0,0.0,0.003792627624185035,-0.0028467495136701077,nan,0.003792627624185035,-0.0028467495136701077,nan,0.598555018635929,0.598555018635929,0.0,0.0,0.0,nan,0,1,1.0,0.0,0.0052439623530026675,-0.0060701810911809465,nan,0.0052439623530026675,-0.0060701810911809465,nan,1.4782962226398313,1.4782962226398313,0.0,0.0,0.0,nan,0
743,0.7060000000000005,0.45,,scientific,0,1,0.1832258064516129,1.0,0.0,0.005245735105693709,-0.006073945029226063,nan,0.005245735105693709,-0.006073945029226063,nan,1.4795477662826884,1.4795477662826884,0.0,0.0,0.0,nan,0,1,1.0,0.0,0.003792627624185035,-0.0028467495136701077,nan,0.003792627624185035,-0.0028467495136701077,nan,0.598555018635929,0.598555018635929,0.0,0.0,0.0,nan,0,1,1.0,0.0,0.005245735105693709,-0.006073945029226063,nan,0.005245735105693709,-0.006073945029226063,nan,1.4795477662826884,1.4795477662826884,0.0,0.0,0.0,nan,0
744,0.7070000000000005,0.45,,scientific,0,1,0.1832258064516129,1.0,0.0,0.005247507817731058,-0.006077707701844018,nan,0.005247507817731058,-0.006077707701844018,nan,1.480799195577235,1.480799195577235,0.0,0.0,0.0,nan,0,1,1.0,0.0,0.003792627624185035,-0.0028467495136701077,nan,0.003792627624185035,-0.0028467495136701077,nan,0.598555018635929,0.598555018635929,0.0,0.0,0.0,nan,0,1,1.0,0.0,0.005247507817731058,-0.006077707701844018,nan,0.005247507817731058,-0.006077707701844018,nan,1.480799195577235,1.480799195577235,0.0,0.0,0.0,nan,0
745,0.7080000000000005,0.45,,scientific,0,1,0.1832258064516129,1.0,0.0,0.005249280488752499,-0.006081469113780989,nan,0.005249280488752499,-0.006081469113780989,nan,1.4820505105922481,1.4820505105922481,0.0,0.0,0.0,nan,0,1,1.0,0.0,0.003792627624185035,-0.0028467495136701077,nan,0.003792627624185035,-0.0028467495136701077,nan,0.598555018635929,0.598555018635929,0.0,0.0,0.0,nan,0,1,1.0,0.0,0.005249280488752499,-0.006081469113780989,nan,0.005249280488752499,-0.006081469113780989,nan,1.4820505105922481,1.4820505105922481,0.0,0.0,0.0,nan,0
746,0.7090000000000005,0.45,,scientific,0,1,0.1832258064516129,1.0,0.0,0.0052510531269519545,-0.006085229262855379,nan,0.0052510531269519545,-0.006085229262855379,nan,1.483301711391984,1.483301711391984,0.0,0.0,0.0,nan,0,1,1.0,0.0,0.003792627624185035,-0.0028467495136701077,nan,0.003792627624185035,-0.0028467495136701077,nan,0.598555018635929,0.598555018635929,0.0,0.0,0.0,nan,0,1,1.0,0.0,0.0052510531269519545,-0.006085229262855379,nan,0.0052510531269519545,-0.006085229262855379,nan,1.483301711391984,1.483301711391984,0.0,0.0,0.0,nan,0
747,0.7100000000000005,0.45,,scientific,0,1,0.1832258064516129,1.0,0.0,0.005252825744617454,-0.006088988141905381,nan,0.005252825744617454,-0.006088988141905381,nan,1.4845527980467352,1.4845527980467352,0.0,0.0,0.0,nan,0,1,1.0,0.0,0.003792627624185035,-0.0028467495136701077,nan,0.003792627624185035,-0.0028467495136701077,nan,0.598555018635929,0.598555018635929,0.0,0.0,0.0,nan,0,1,1.0,0.0,0.005252825744617454,-0.006088988141905381,nan,0.005252825744617454,-0.006088988141905381,nan,1.4845527980467352,1.4845527980467352,0.0,0.0,0.0,nan,0
748,0.7110000000000005,0.45,,scientific,0,1,0.1832258064516129,1.0,0.0,0.005254598349143868,-0.006092745760339188,nan,0.005254598349143868,-0.006092745760339188,nan,1.485803770617848,1.485803770617848,0.0,0.0,0.0,nan,0,1,1.0,0.0,0.003792627624185035,-0.0028467495136701077,nan,0.003792627624185035,-0.0028467495136701077,nan,0.598555018635929,0.598555018635929,0.0,0.0,0.0,nan,0,1,1.0,0.0,0.005254598349143868,-0.006092745760339188,nan,0.005254598349143868,-0.006092745760339188,nan,1.485803770617848,1.485803770617848,0.0,0.0,0.0,nan,0
749,0.7120000000000005,0.45,,scientific,0,1,0.1832258064516129,1.0,0.0,0.005256370937363419,-0.006096502135495617,nan,0.005256370937363419,-0.006096502135495617,nan,1.4870546291702276,1.4870546291702276,0.0,0.0,0.0,nan,0,1,1.0,0.0,0.003792627624185035,-0.0028467495136701077,nan,0.003792627624185035,-0.0028467495136701077,nan,0.598555018635929,0.598555018635929,0.0,0.0,0.0,nan,0,1,1.0,0.0,0.005256370937363419,-0.006096502135495617,nan,0.005256370937363419,-0.006096502135495617,nan,1.4870546291702276,1.4870546291702276,0.0,0.0,0.0,nan,0
750,0.7130000000000005,0.45,,scientific,0,1,0.1832258064516129,1.0,0.0,0.005258143510641986,-0.006100257280132169,nan,0.005258143510641986,-0.006100257280132169,nan,1.488305373772676,1.488305373772676,0.0,0.0,0.0,nan,0,1,1.0,0.0,0.003792627624185035,-0.0028467495136701077,nan,0.003792627624185035,-0.0028467495136701077,nan,0.598555018635929,0.598555018635929,0.0,0.0,0.0,nan,0,1,1.0,0.0,0.005258143510641986,-0.006100257280132169,nan,0.005258143510641986,-0.006100257280132169,nan,1.488305373772676,1.488305373772676,0.0,0.0,0.0,nan,0
751,0.7140000000000005,0.45,,scientific,0,1,0.1832258064516129,1.0,0.0,0.005259916064179128,-0.006104011185203154,nan,0.005259916064179128,-0.006104011185203154,nan,1.4895560045013942,1.4895560045013942,0.0,0.0,0.0,nan,0,1,1.0,0.0,0.003792627624185035,-0.0028467495136701077,nan,0.003792627624185035,-0.0028467495136701077,nan,0.598555018635929,0.598555018635929,0.0,0.0,0.0,nan,0,1,1.0,0.0,0.005259916064179128,-0.006104011185203154,nan,0.005259916064179128,-0.006104011185203154,nan,1.4895560045013942,1.4895560045013942,0.0,0.0,0.0,nan,0
752,0.7150000000000005,0.45,,scientific,0,1,0.1832258064516129,1.0,0.0,0.005261688604057015,-0.006107763859460294,nan,0.005261688604057015,-0.006107763859460294,nan,1.4908065214094994,1.4908065214094994,0.0,0.0,0.0,nan,0,1,1.0,0.0,0.003792627624185035,-0.0028467495136701077,nan,0.003792627624185035,-0.0028467495136701077,nan,0.598555018635929,0.598555018635929,0.0,0.0,0.0,nan,0,1,1.0,0.0,0.005261688604057015,-0.006107763859460294,nan,0.005261688604057015,-0.006107763859460294,nan,1.4908065214094994,1.4908065214094994,0.0,0.0,0.0,nan,0
753,0.7160000000000005,0.45,,scientific,0,1,0.1832258064516129,1.0,0.0,0.005263461145121456,-0.006111515300545854,nan,0.005263461145121456,-0.006111515300545854,nan,1.4920569245460162,1.4920569245460162,0.0,0.0,0.0,nan,0,1,1.0,0.0,0.003792627624185035,-0.0028467495136701077,nan,0.003792627624185035,-0.0028467495136701077,nan,0.598555018635929,0.598555018635929,0.0,0.0,0.0,nan,0,1,1.0,0.0,0.005263461145121456,-0.006111515300545854,nan,0.005263461145121456,-0.006111515300545854,nan,1.4920569245460162,1.4920569245460162,0.0,0.0,0.0,nan,0
754,0.7170000000000005,0.45,,scientific,0,1,0.1832258064516129,1.0,0.0,0.0052652336976301275,-0.006115265509247421,nan,0.0052652336976301275,-0.006115265509247421,nan,1.4933072139813244,1.4933072139813244,0.0,0.0,0.0,nan,0,1,1.0,0.0,0.003792627624185035,-0.0028467495136701077,nan,0.003792627624185035,-0.0028467495136701077,nan,0.598555018635929,0.598555018635929,0.0,0.0,0.0,nan,0,1,1.0,0.0,0.0052652336976301275,-0.006115265509247421,nan,0.0052652336976301275,-0.006115265509247421,nan,1.4933072139813244,1.4933072139813244,0.0,0.0,0.0,nan,0
755,0.7180000000000005,0.45,,scientific,0,1,0.1832258064516129,1.0,0.0,0.005267006281890861,-0.0061190144878521,nan,0.005267006281890861,-0.0061190144878521,nan,1.4945573897928663,1.4945573897928663,0.0,0.0,0.0,nan,0,1,1.0,0.0,0.003792627624185035,-0.0028467495136701077,nan,0.003792627624185035,-0.0028467495136701077,nan,0.598555018635929,0.598555018635929,0.0,0.0,0.0,nan,0,1,1.0,0.0,0.005267006281890861,-0.0061190144878521,nan,0.005267006281890861,-0.0061190144878521,nan,1.4945573897928663,1.4945573897928663,0.0,0.0,0.0,nan,0
756,0.7190000000000005,0.45,,scientific,0,1,0.1832258064516129,1.0,0.0,0.0052687788983304595,-0.006122762231752609,nan,0.0052687788983304595,-0.006122762231752609,nan,1.4958074520475135,1.4958074520475135,0.0,0.0,0.0,nan,0,1,1.0,0.0,0.003792627624185035,-0.0028467495136701077,nan,0.003792627624185035,-0.0028467495136701077,nan,0.598555018635929,0.598555018635929,0.0,0.0,0.0,nan,0,1,1.0,0.0,0.0052687788983304595,-0.006122762231752609,nan,0.0052687788983304595,-0.006122762231752609,nan,1.4958074520475135,1.4958074520475135,0.0,0.0,0.0,nan,0
757,0.7200000000000005,0.45,,scientific,0,1,0.1832258064516129,1.0,0.0,0.0052705515389315965,-0.006126508755062358,nan,0.0052705515389315965,-0.006126508755062358,nan,1.497057400800457,1.497057400800457,0.0,0.0,0.0,nan,0,1,1.0,0.0,0.003792627624185035,-0.0028467495136701077,nan,0.003792627624185035,-0.0028467495136701077,nan,0.598555018635929,0.598555018635929,0.0,0.0,0.0,nan,0,1,1.0,0.0,0.0052705515389315965,-0.006126508755062358,nan,0.0052705515389315965,-0.006126508755062358,nan,1.497057400800457,1.497057400800457,0.0,0.0,0.0,nan,0
758,0.7210000000000005,0.45,,scientific,0,1,0.1832258064516129,1.0,0.0,0.005272324203310677,-0.006130254065282747,nan,0.005272324203310677,-0.006130254065282747,nan,1.4983072361176988,1.4983072361176988,0.0,0.0,0.0,nan,0,1,1.0,0.0,0.003792627624185035,-0.0028467495136701077,nan,0.003792627624185035,-0.0028467495136701077,nan,0.598555018635929,0.598555018635929,0.0,0.0,0.0,nan,0,1,1.0,0.0,0.005272324203310677,-0.006130254065282747,nan,0.005272324203310677,-0.006130254065282747,nan,1.4983072361176988,1.4983072361176988,0.0,0.0,0.0,nan,0
759,0.7220000000000005,0.45,,scientific,0,1,0.1832258064516129,1.0,0.0,0.005274096891014845,-0.00613399817830639,nan,0.005274096891014845,-0.00613399817830639,nan,1.4995569580740324,1.4995569580740324,0.0,0.0,0.0,nan,0,1,1.0,0.0,0.003792627624185035,-0.0028467495136701077,nan,0.003792627624185035,-0.0028467495136701077,nan,0.598555018635929,0.598555018635929,0.0,0.0,0.0,nan,0,1,1.0,0.0,0.005274096891014845,-0.00613399817830639,nan,0.005274096891014845,-0.00613399817830639,nan,1.4995569580740324,1.4995569580740324,0.0,0.0,0.0,nan,0
760,0.7230000000000005,0.45,,scientific,0,1,0.1832258064516129,1.0,0.0,0.005275869608419017,-0.006137741094155105,nan,0.005275869608419017,-0.006137741094155105,nan,1.500806566734136,1.500806566734136,0.0,0.0,0.0,nan,0,1,1.0,0.0,0.003792627624185035,-0.0028467495136701077,nan,0.003792627624185035,-0.0028467495136701077,nan,0.598555018635929,0.598555018635929,0.0,0.0,0.0,nan,0,1,1.0,0.0,0.005275869608419017,-0.006137741094155105,nan,0.005275869608419017,-0.006137741094155105,nan,1.500806566734136,1.500806566734136,0.0,0.0,0.0,nan,0
761,0.7240000000000005,0.45,,scientific,0,1,0.1832258064516129,1.0,0.0,0.00527764236962824,-0.006141482803970372,nan,0.00527764236962824,-0.006141482803970372,nan,1.5020560621660675,1.5020560621660675,0.0,0.0,0.0,nan,0,1,1.0,0.0,0.003792627624185035,-0.0028467495136701077,nan,0.003792627624185035,-0.0028467495136701077,nan,0.598555018635929,0.598555018635929,0.0,0.0,0.0,nan,0,1,1.0,0.0,0.00527764236962824,-0.006141482803970372,nan,0.00527764236962824,-0.006141482803970372,nan,1.5020560621660675,1.5020560621660675,0.0,0.0,0.0,nan,0
762,0.7250000000000005,0.45,,scientific,0,1,0.1832258064516129,1.0,0.0,0.005279415183868527,-0.00614522330067256,nan,0.005279415183868527,-0.00614522330067256,nan,1.503305444439571,1.503305444439571,0.0,0.0,0.0,nan,0,1,1.0,0.0,0.003792627624185035,-0.0028467495136701077,nan,0.003792627624185035,-0.0028467495136701077,nan,0.598555018635929,0.598555018635929,0.0,0.0,0.0,nan,0,1,1.0,0.0,0.005279415183868527,-0.00614522330067256,nan,0.005279415183868527,-0.00614522330067256,nan,1.503305444439571,1.503305444439571,0.0,0.0,0.0,nan,0
763,0.7260000000000005,0.45,,scientific,0,1,0.1832258064516129,1.0,0.0,0.005281188048820025,-0.0061489625995785465,nan,0.005281188048820025,-0.0061489625995785465,nan,1.5045547136106796,1.5045547136106796,0.0,0.0,0.0,nan,0,1,1.0,0.0,0.003792627624185035,-0.0028467495136701077,nan,0.003792627624185035,-0.0028467495136701077,nan,0.598555018635929,0.598555018635929,0.0,0.0,0.0,nan,0,1,1.0,0.0,0.005281188048820025,-0.0061489625995785465,nan,0.005281188048820025,-0.0061489625995785465,nan,1.5045547136106796,1.5045547136106796,0.0,0.0,0.0,nan,0
764,0.7270000000000005,0.45,,scientific,0,1,0.1832258064516129,1.0,0.0,0.005282960976145665,-0.006152700709475297,nan,0.005282960976145665,-0.006152700709475297,nan,1.5058038697498275,1.5058038697498275,0.0,0.0,0.0,nan,0,1,1.0,0.0,0.003792627624185035,-0.0028467495136701077,nan,0.003792627624185035,-0.0028467495136701077,nan,0.598555018635929,0.598555018635929,0.0,0.0,0.0,nan,0,1,1.0,0.0,0.005282960976145665,-0.006152700709475297,nan,0.005282960976145665,-0.006152700709475297,nan,1.5058038697498275,1.5058038697498275,0.0,0.0,0.0,nan,0
765,0.7280000000000005,0.45,,scientific,0,1,0.1832258064516129,1.0,0.0,0.005284733971144282,-0.006156437635162116,nan,0.005284733971144282,-0.006156437635162116,nan,1.5070529129225112,1.5070529129225112,0.0,0.0,0.0,nan,0,1,1.0,0.0,0.003792627624185035,-0.0028467495136701077,nan,0.003792627624185035,-0.0028467495136701077,nan,0.598555018635929,0.598555018635929,0.0,0.0,0.0,nan,0,1,1.0,0.0,0.005284733971144282,-0.006156437635162116,nan,0.005284733971144282,-0.006156437635162116,nan,1.5070529129225112,1.5070529129225112,0.0,0.0,0.0,nan,0
766,0.7290000000000005,0.45,,scientific,0,1,0.1832258064516129,1.0,0.0,0.005286507028796091,-0.006160173381902316,nan,0.005286507028796091,-0.006160173381902316,nan,1.5083018431882693,1.5083018431882693,0.0,0.0,0.0,nan,0,1,1.0,0.0,0.003792627624185035,-0.0028467495136701077,nan,0.003792627624185035,-0.0028467495136701077,nan,0.598555018635929,0.598555018635929,0.0,0.0,0.0,nan,0,1,1.0,0.0,0.005286507028796091,-0.006160173381902316,nan,0.005286507028796091,-0.006160173381902316,nan,1.5083018431882693,1.5083018431882693,0.0,0.0,0.0,nan,0
767,0.7300000000000005,0.45,,scientific,0,1,0.1832258064516129,1.0,0.0,0.005288280151753622,-0.006163907954090694,nan,0.005288280151753622,-0.006163907954090694,nan,1.5095506606147626,1.5095506606147626,0.0,0.0,0.0,nan,0,1,1.0,0.0,0.003792627624185035,-0.0028467495136701077,nan,0.003792627624185035,-0.0028467495136701077,nan,0.598555018635929,0.598555018635929,0.0,0.0,0.0,nan,0,1,1.0,0.0,0.005288280151753622,-0.006163907954090694,nan,0.005288280151753622,-0.006163907954090694,nan,1.5095506606147626,1.5095506606147626,0.0,0.0,0.0,nan,0
768,0.7310000000000005,0.45,,scientific,0,1,0.1832258064516129,1.0,0.0,0.005290053348499259,-0.006167641367650616,nan,0.005290053348499259,-0.006167641367650616,nan,1.5107993652772067,1.5107993652772067,0.0,0.0,0.0,nan,0,1,1.0,0.0,0.003792627624185035,-0.0028467495136701077,nan,0.003792627624185035,-0.0028467495136701077,nan,0.598555018635929,0.598555018635929,0.0,0.0,0.0,nan,0,1,1.0,0.0,0.005290053348499259,-0.006167641367650616,nan,0.005290053348499259,-0.006167641367650616,nan,1.5107993652772067,1.5107993652772067,0.0,0.0,0.0,nan,0
769,0.7320000000000005,0.45,,scientific,0,1,0.1832258064516129,1.0,0.0,0.005291826625181437,-0.006171373613869937,nan,0.005291826625181437,-0.006171373613869937,nan,1.5120479572383148,1.5120479572383148,0.0,0.0,0.0,nan,0,1,1.0,0.0,0.003792627624185035,-0.0028467495136701077,nan,0.003792627624185035,-0.0028467495136701077,nan,0.598555018635929,0.598555018635929,0.0,0.0,0.0,nan,0,1,1.0,0.0,0.005291826625181437,-0.006171373613869937,nan,0.005291826625181437,-0.006171373613869937,nan,1.5120479572383148,1.5120479572383148,0.0,0.0,0.0,nan,0
770,0.7330000000000005,0.45,,scientific,0,1,0.1832258064516129,1.0,0.0,0.005293599983850526,-0.00617510468961633,nan,0.005293599983850526,-0.00617510468961633,nan,1.513296436563194,1.513296436563194,0.0,0.0,0.0,nan,0,1,1.0,0.0,0.003792627624185035,-0.0028467495136701077,nan,0.003792627624185035,-0.0028467495136701077,nan,0.598555018635929,0.598555018635929,0.0,0.0,0.0,nan,0,1,1.0,0.0,0.005293599983850526,-0.00617510468961633,nan,0.005293599983850526,-0.00617510468961633,nan,1.513296436563194,1.513296436563194,0.0,0.0,0.0,nan,0
771,0.7340000000000005,0.45,,scientific,0,1,0.1832258064516129,1.0,0.0,0.00529537342036638,-0.006178834610282555,nan,0.00529537342036638,-0.006178834610282555,nan,1.514544803314923,1.514544803314923,0.0,0.0,0.0,nan,0,1,1.0,0.0,0.003792627624185035,-0.0028467495136701077,nan,0.003792627624185035,-0.0028467495136701077,nan,0.598555018635929,0.598555018635929,0.0,0.0,0.0,nan,0,1,1.0,0.0,0.00529537342036638,-0.006178834610282555,nan,0.00529537342036638,-0.006178834610282555,nan,1.514544803314923,1.514544803314923,0.0,0.0,0.0,nan,0
772,0.7350000000000005,0.45,,scientific,0,1,0.1832258064516129,1.0,0.0,0.005297146946544546,-0.006182563378064153,nan,0.005297146946544546,-0.006182563378064153,nan,1.5157930575544702,1.5157930575544702,0.0,0.0,0.0,nan,0,1,1.0,0.0,0.003792627624185035,-0.0028467495136701077,nan,0.003792627624185035,-0.0028467495136701077,nan,0.598555018635929,0.598555018635929,0.0,0.0,0.0,nan,0,1,1.0,0.0,0.005297146946544546,-0.006182563378064153,nan,0.005297146946544546,-0.006182563378064153,nan,1.5157930575544702,1.5157930575544702,0.0,0.0,0.0,nan,0
773,0.7360000000000005,0.45,,scientific,0,1,0.1832258064516129,1.0,0.0,0.005298920569286954,-0.006186290996619866,nan,0.005298920569286954,-0.006186290996619866,nan,1.5170411993494728,1.5170411993494728,0.0,0.0,0.0,nan,0,1,1.0,0.0,0.003792627624185035,-0.0028467495136701077,nan,0.003792627624185035,-0.0028467495136701077,nan,0.598555018635929,0.598555018635929,0.0,0.0,0.0,nan,0,1,1.0,0.0,0.005298920569286954,-0.006186290996619866,nan,0.005298920569286954,-0.006186290996619866,nan,1.5170411993494728,1.5170411993494728,0.0,0.0,0.0,nan,0
774,0.7370000000000005,0.45,,scientific,0,1,0.1832258064516129,1.0,0.0,0.005300694288978205,-0.006190017473912758,nan,0.005300694288978205,-0.006190017473912758,nan,1.518289228775164,1.518289228775164,0.0,0.0,0.0,nan,0,1,1.0,0.0,0.003792627624185035,-0.0028467495136701077,nan,0.003792627624185035,-0.0028467495136701077,nan,0.598555018635929,0.598555018635929,0.0,0.0,0.0,nan,0,1,1.0,0.0,0.005300694288978205,-0.006190017473912758,nan,0.005300694288978205,-0.006190017473912758,nan,1.518289228775164,1.518289228775164,0.0,0.0,0.0,nan,0
775,0.7380000000000005,0.45,,scientific,0,1,0.1832258064516129,1.0,0.0,0.0053024681066109,-0.0061937428107798195,nan,0.0053024681066109,-0.0061937428107798195,nan,1.5195371458971527,1.5195371458971527,0.0,0.0,0.0,nan,0,1,1.0,0.0,0.003792627624185035,-0.0028467495136701077,nan,0.003792627624185035,-0.0028467495136701077,nan,0.598555018635929,0.598555018635929,0.0,0.0,0.0,nan,0,1,1.0,0.0,0.0053024681066109,-0.0061937428107798195,nan,0.0053024681066109,-0.0061937428107798195,nan,1.5195371458971527,1.5195371458971527,0.0,0.0,0.0,nan,0
776,0.7390000000000005,0.45,,scientific,0,1,0.1832258064516129,1.0,0.0,0.00530424203644383,-0.00619746701169032,nan,0.00530424203644383,-0.00619746701169032,nan,1.5207849507683175,1.5207849507683175,0.0,0.0,0.0,nan,0,1,1.0,0.0,0.003792627624185035,-0.0028467495136701077,nan,0.003792627624185035,-0.0028467495136701077,nan,0.598555018635929,0.598555018635929,0.0,0.0,0.0,nan,0,1,1.0,0.0,0.00530424203644383,-0.00619746701169032,nan,0.00530424203644383,-0.00619746701169032,nan,1.5207849507683175,1.5207849507683175,0.0,0.0,0.0,nan,0
777,0.7400000000000005,0.45,,scientific,0,1,0.1832258064516129,1.0,0.0,0.005306016085763147,-0.006201190080685528,nan,0.005306016085763147,-0.006201190080685528,nan,1.5220326434542972,1.5220326434542972,0.0,0.0,0.0,nan,0,1,1.0,0.0,0.003792627624185035,-0.0028467495136701077,nan,0.003792627624185035,-0.0028467495136701077,nan,0.598555018635929,0.598555018635929,0.0,0.0,0.0,nan,0,1,1.0,0.0,0.005306016085763147,-0.006201190080685528,nan,0.005306016085763147,-0.006201190080685528,nan,1.5220326434542972,1.5220326434542972,0.0,0.0,0.0,nan,0
778,0.7410000000000005,0.45,,scientific,0,1,0.1832258064516129,1.0,0.0,0.0053077902579839785,-0.006204912023688204,nan,0.0053077902579839785,-0.006204912023688204,nan,1.523280224025072,1.523280224025072,0.0,0.0,0.0,nan,0,1,1.0,0.0,0.003792627624185035,-0.0028467495136701077,nan,0.003792627624185035,-0.0028467495136701077,nan,0.598555018635929,0.598555018635929,0.0,0.0,0.0,nan,0,1,1.0,0.0,0.0053077902579839785,-0.006204912023688204,nan,0.0053077902579839785,-0.006204912023688204,nan,1.523280224025072,1.523280224025072,0.0,0.0,0.0,nan,0
779,0.7420000000000005,0.45,,scientific,0,1,0.1832258064516129,1.0,0.0,0.0053095645568521045,-0.006208632863453256,nan,0.0053095645568521045,-0.006208632863453256,nan,1.524527692563078,1.524527692563078,0.0,0.0,0.0,nan,0,1,1.0,0.0,0.003792627624185035,-0.0028467495136701077,nan,0.003792627624185035,-0.0028467495136701077,nan,0.598555018635929,0.598555018635929,0.0,0.0,0.0,nan,0,1,1.0,0.0,0.0053095645568521045,-0.006208632863453256,nan,0.0053095645568521045,-0.006208632863453256,nan,1.524527692563078,1.524527692563078,0.0,0.0,0.0,nan,0
780,0.7430000000000005,0.45,,scientific,0,1,0.1832258064516129,1.0,0.0,0.005311338997871953,-0.006212352584464054,nan,0.005311338997871953,-0.006212352584464054,nan,1.5257750491147652,1.5257750491147652,0.0,0.0,0.0,nan,0,1,1.0,0.0,0.003792627624185035,-0.0028467495136701077,nan,0.003792627624185035,-0.0028467495136701077,nan,0.598555018635929,0.598555018635929,0.0,0.0,0.0,nan,0,1,1.0,0.0,0.005311338997871953,-0.006212352584464054,nan,0.005311338997871953,-0.006212352584464054,nan,1.5257750491147652,1.5257750491147652,0.0,0.0,0.0,nan,0
781,0.7440000000000005,0.45,,scientific,0,1,0.1832258064516129,1.0,0.0,0.005313113576073548,-0.0062160711875797895,nan,0.005313113576073548,-0.0062160711875797895,nan,1.5270222937402727,1.5270222937402727,0.0,0.0,0.0,nan,0,1,1.0,0.0,0.003792627624185035,-0.0028467495136701077,nan,0.003792627624185035,-0.0028467495136701077,nan,0.598555018635929,0.598555018635929,0.0,0.0,0.0,nan,0,1,1.0,0.0,0.005313113576073548,-0.0062160711875797895,nan,0.005313113576073548,-0.0062160711875797895,nan,1.5270222937402727,1.5270222937402727,0.0,0.0,0.0,nan,0
782,0.7450000000000006,0.45,,scientific,0,1,0.1832258064516129,1.0,0.0,0.005314888275470805,-0.006219788665122247,nan,0.005314888275470805,-0.006219788665122247,nan,1.5282694265149968,1.5282694265149968,0.0,0.0,0.0,nan,0,1,1.0,0.0,0.003792627624185035,-0.0028467495136701077,nan,0.003792627624185035,-0.0028467495136701077,nan,0.598555018635929,0.598555018635929,0.0,0.0,0.0,nan,0,1,1.0,0.0,0.005314888275470805,-0.006219788665122247,nan,0.005314888275470805,-0.006219788665122247,nan,1.5282694265149968,1.5282694265149968,0.0,0.0,0.0,nan,0
783,0.7460000000000006,0.45,,scientific,0,1,0.1832258064516129,1.0,0.0,0.0053166631213421205,-0.0062235050297983745,nan,0.0053166631213421205,-0.0062235050297983745,nan,1.5295164474882161,1.5295164474882161,0.0,0.0,0.0,nan,0,1,1.0,0.0,0.003792627624185035,-0.0028467495136701077,nan,0.003792627624185035,-0.0028467495136701077,nan,0.598555018635929,0.598555018635929,0.0,0.0,0.0,nan,0,1,1.0,0.0,0.0053166631213421205,-0.0062235050297983745,nan,0.0053166631213421205,-0.0062235050297983745,nan,1.5295164474882161,1.5295164474882161,0.0,0.0,0.0,nan,0
784,0.7470000000000006,0.45,,scientific,0,1,0.1832258064516129,1.0,0.0,0.005318438124677482,-0.006227220289271866,nan,0.005318438124677482,-0.006227220289271866,nan,1.5307633567245258,1.5307633567245258,0.0,0.0,0.0,nan,0,1,1.0,0.0,0.003792627624185035,-0.0028467495136701077,nan,0.003792627624185035,-0.0028467495136701077,nan,0.598555018635929,0.598555018635929,0.0,0.0,0.0,nan,0,1,1.0,0.0,0.005318438124677482,-0.006227220289271866,nan,0.005318438124677482,-0.006227220289271866,nan,1.5307633567245258,1.5307633567245258,0.0,0.0,0.0,nan,0
785,0.7480000000000006,0.45,,scientific,0,1,0.1832258064516129,1.0,0.0,0.005320213295186493,-0.006230934448428925,nan,0.005320213295186493,-0.006230934448428925,nan,1.5320101542927378,1.5320101542927378,0.0,0.0,0.0,nan,0,1,1.0,0.0,0.003792627624185035,-0.0028467495136701077,nan,0.003792627624185035,-0.0028467495136701077,nan,0.598555018635929,0.598555018635929,0.0,0.0,0.0,nan,0,1,1.0,0.0,0.005320213295186493,-0.006230934448428925,nan,0.005320213295186493,-0.006230934448428925,nan,1.5320101542927378,1.5320101542927378,0.0,0.0,0.0,nan,0
786,0.7490000000000006,0.45,,scientific,0,1,0.18387096774193548,1.0,0.0,0.005321988639650875,-0.006234647506578514,nan,0.005321988639650875,-0.006234647506578514,nan,1.5332568402643187,1.5332568402643187,0.0,0.0,0.0,nan,0,1,1.0,0.0,0.003792627624185035,-0.0028467495136701077,nan,0.003792627624185035,-0.0028467495136701077,nan,0.598555018635929,0.598555018635929,0.0,0.0,0.0,nan,0,1,1.0,0.0,0.005321988639650875,-0.006234647506578514,nan,0.005321988639650875,-0.006234647506578514,nan,1.5332568402643187,1.5332568402643187,0.0,0.0,0.0,nan,0
787,0.7500000000000006,0.45,,scientific,0,1,0.18387096774193548,1.0,0.0,0.005323764157495175,-0.006238359488860117,nan,0.005323764157495175,-0.006238359488860117,nan,1.5345034147080758,1.5345034147080758,0.0,0.0,0.0,nan,0,1,1.0,0.0,0.003792627624185035,-0.0028467495136701077,nan,0.003792627624185035,-0.0028467495136701077,nan,0.598555018635929,0.598555018635929,0.0,0.0,0.0,nan,0,1,1.0,0.0,0.005323764157495175,-0.006238359488860117,nan,0.005323764157495175,-0.006238359488860117,nan,1.5345034147080758,1.5345034147080758,0.0,0.0,0.0,nan,0
788,0.7510000000000006,0.45,,scientific,0,1,0.18387096774193548,1.0,0.0,0.0053255398626223735,-0.006242070407998399,nan,0.0053255398626223735,-0.006242070407998399,nan,1.5357498776945588,1.5357498776945588,0.0,0.0,0.0,nan,0,1,1.0,0.0,0.003792627624185035,-0.0028467495136701077,nan,0.003792627624185035,-0.0028467495136701077,nan,0.598555018635929,0.598555018635929,0.0,0.0,0.0,nan,0,1,1.0,0.0,0.0053255398626223735,-0.006242070407998399,nan,0.0053255398626223735,-0.006242070407998399,nan,1.5357498776945588,1.5357498776945588,0.0,0.0,0.0,nan,0
789,0.7520000000000006,0.45,,scientific,0,1,0.18387096774193548,1.0,0.0,0.005327315773613972,-0.006245780256461462,nan,0.005327315773613972,-0.006245780256461462,nan,1.5369962292854928,1.5369962292854928,0.0,0.0,0.0,nan,0,1,1.0,0.0,0.003792627624185035,-0.0028467495136701077,nan,0.003792627624185035,-0.0028467495136701077,nan,0.598555018635929,0.598555018635929,0.0,0.0,0.0,nan,0,1,1.0,0.0,0.005327315773613972,-0.006245780256461462,nan,0.005327315773613972,-0.006245780256461462,nan,1.5369962292854928,1.5369962292854928,0.0,0.0,0.0,nan,0
790,0.7530000000000006,0.45,,scientific,0,1,0.18387096774193548,1.0,0.0,0.005329091882201652,-0.006249489026911956,nan,0.005329091882201652,-0.006249489026911956,nan,1.5382424695297026,1.5382424695297026,0.0,0.0,0.0,nan,0,1,1.0,0.0,0.003792627624185035,-0.0028467495136701077,nan,0.003792627624185035,-0.0028467495136701077,nan,0.598555018635929,0.598555018635929,0.0,0.0,0.0,nan,0,1,1.0,0.0,0.005329091882201652,-0.006249489026911956,nan,0.005329091882201652,-0.006249489026911956,nan,1.5382424695297026,1.5382424695297026,0.0,0.0,0.0,nan,0
791,0.7540000000000006,0.45,,scientific,0,1,0.18387096774193548,1.0,0.0,0.00533086818434695,-0.006253196732107706,nan,0.00533086818434695,-0.006253196732107706,nan,1.5394885984922073,1.5394885984922073,0.0,0.0,0.0,nan,0,1,1.0,0.0,0.003792627624185035,-0.0028467495136701077,nan,0.003792627624185035,-0.0028467495136701077,nan,0.598555018635929,0.598555018635929,0.0,0.0,0.0,nan,0,1,1.0,0.0,0.00533086818434695,-0.006253196732107706,nan,0.00533086818434695,-0.006253196732107706,nan,1.5394885984922073,1.5394885984922073,0.0,0.0,0.0,nan,0
792,0.7550000000000006,0.45,,scientific,0,1,0.18387096774193548,1.0,0.0,0.005332644686739415,-0.006256903371880327,nan,0.005332644686739415,-0.006256903371880327,nan,1.5407346162390092,1.5407346162390092,0.0,0.0,0.0,nan,0,1,1.0,0.0,0.003792627624185035,-0.0028467495136701077,nan,0.003792627624185035,-0.0028467495136701077,nan,0.598555018635929,0.598555018635929,0.0,0.0,0.0,nan,0,1,1.0,0.0,0.005332644686739415,-0.006256903371880327,nan,0.005332644686739415,-0.006256903371880327,nan,1.5407346162390092,1.5407346162390092,0.0,0.0,0.0,nan,0
793,0.7560000000000006,0.45,,scientific,0,1,0.18387096774193548,1.0,0.0,0.005334421384754507,-0.006260608959235867,nan,0.005334421384754507,-0.006260608959235867,nan,1.5419805228477583,1.5419805228477583,0.0,0.0,0.0,nan,0,1,1.0,0.0,0.003792627624185035,-0.0028467495136701077,nan,0.003792627624185035,-0.0028467495136701077,nan,0.598555018635929,0.598555018635929,0.0,0.0,0.0,nan,0,1,1.0,0.0,0.005334421384754507,-0.006260608959235867,nan,0.005334421384754507,-0.006260608959235867,nan,1.5419805228477583,1.5419805228477583,0.0,0.0,0.0,nan,0
794,0.7570000000000006,0.45,,scientific,0,1,0.18387096774193548,1.0,0.0,0.005336198283675559,-0.006264313501256787,nan,0.005336198283675559,-0.006264313501256787,nan,1.543226318377918,1.543226318377918,0.0,0.0,0.0,nan,0,1,1.0,0.0,0.003792627624185035,-0.0028467495136701077,nan,0.003792627624185035,-0.0028467495136701077,nan,0.598555018635929,0.598555018635929,0.0,0.0,0.0,nan,0,1,1.0,0.0,0.005336198283675559,-0.006264313501256787,nan,0.005336198283675559,-0.006264313501256787,nan,1.543226318377918,1.543226318377918,0.0,0.0,0.0,nan,0
795,0.7580000000000006,0.45,,scientific,0,1,0.18387096774193548,1.0,0.0,0.005337975402305915,-0.006268016992384804,nan,0.005337975402305915,-0.006268016992384804,nan,1.5444720028820333,1.5444720028820333,0.0,0.0,0.0,nan,0,1,1.0,0.0,0.003792627624185035,-0.0028467495136701077,nan,0.003792627624185035,-0.0028467495136701077,nan,0.598555018635929,0.598555018635929,0.0,0.0,0.0,nan,0,1,1.0,0.0,0.005337975402305915,-0.006268016992384804,nan,0.005337975402305915,-0.006268016992384804,nan,1.5444720028820333,1.5444720028820333,0.0,0.0,0.0,nan,0
796,0.7590000000000006,0.45,,scientific,0,1,0.18387096774193548,1.0,0.0,0.005339752754598646,-0.006271719431046225,nan,0.005339752754598646,-0.006271719431046225,nan,1.545717576426453,1.545717576426453,0.0,0.0,0.0,nan,0,1,1.0,0.0,0.003792627624185035,-0.0028467495136701077,nan,0.003792627624185035,-0.0028467495136701077,nan,0.598555018635929,0.598555018635929,0.0,0.0,0.0,nan,0,1,1.0,0.0,0.005339752754598646,-0.006271719431046225,nan,0.005339752754598646,-0.006271719431046225,nan,1.545717576426453,1.545717576426453,0.0,0.0,0.0,nan,0
797,0.7600000000000006,0.45,,scientific,0,1,0.18387096774193548,1.0,0.0,0.005341530345607399,-0.006275420823701462,nan,0.005341530345607399,-0.006275420823701462,nan,1.5469630390793427,1.5469630390793427,0.0,0.0,0.0,nan,0,1,1.0,0.0,0.003792627624185035,-0.0028467495136701077,nan,0.003792627624185035,-0.0028467495136701077,nan,0.598555018635929,0.598555018635929,0.0,0.0,0.0,nan,0,1,1.0,0.0,0.005341530345607399,-0.006275420823701462,nan,0.005341530345607399,-0.006275420823701462,nan,1.5469630390793427,1.5469630390793427,0.0,0.0,0.0,nan,0
798,0.7610000000000006,0.45,,scientific,0,1,0.18387096774193548,1.0,0.0,0.005343308178363832,-0.0062791211766481106,nan,0.005343308178363832,-0.0062791211766481106,nan,1.5482083909110456,1.5482083909110456,0.0,0.0,0.0,nan,0,1,1.0,0.0,0.003792627624185035,-0.0028467495136701077,nan,0.003792627624185035,-0.0028467495136701077,nan,0.598555018635929,0.598555018635929,0.0,0.0,0.0,nan,0,1,1.0,0.0,0.005343308178363832,-0.0062791211766481106,nan,0.005343308178363832,-0.0062791211766481106,nan,1.5482083909110456,1.5482083909110456,0.0,0.0,0.0,nan,0
799,0.7620000000000006,0.45,,scientific,0,1,0.18451612903225806,1.0,0.0,0.005345086252145402,-0.006282820495466349,nan,0.005345086252145402,-0.006282820495466349,nan,1.5494536319926866,1.5494536319926866,0.0,0.0,0.0,nan,0,1,1.0,0.0,0.003792627624185035,-0.0028467495136701077,nan,0.003792627624185035,-0.0028467495136701077,nan,0.598555018635929,0.598555018635929,0.0,0.0,0.0,nan,0,1,1.0,0.0,0.005345086252145402,-0.006282820495466349,nan,0.005345086252145402,-0.006282820495466349,nan,1.5494536319926866,1.5494536319926866,0.0,0.0,0.0,nan,0
800,0.7630000000000006,0.45,,scientific,0,1,0.18451612903225806,1.0,0.0,0.005346864580222415,-0.006286518784404221,nan,0.005346864580222415,-0.006286518784404221,nan,1.55069876238577,1.55069876238577,0.0,0.0,0.0,nan,0,1,1.0,0.0,0.003792627624185035,-0.0028467495136701077,nan,0.003792627624185035,-0.0028467495136701077,nan,0.598555018635929,0.598555018635929,0.0,0.0,0.0,nan,0,1,1.0,0.0,0.005346864580222415,-0.006286518784404221,nan,0.005346864580222415,-0.006286518784404221,nan,1.55069876238577,1.55069876238577,0.0,0.0,0.0,nan,0
801,0.7640000000000006,0.45,,scientific,0,1,0.18451612903225806,1.0,0.0,0.005348643170159146,-0.006290216048085284,nan,0.005348643170159146,-0.006290216048085284,nan,1.551943782156807,1.551943782156807,0.0,0.0,0.0,nan,0,1,1.0,0.0,0.003792627624185035,-0.0028467495136701077,nan,0.003792627624185035,-0.0028467495136701077,nan,0.598555018635929,0.598555018635929,0.0,0.0,0.0,nan,0,1,1.0,0.0,0.005348643170159146,-0.006290216048085284,nan,0.005348643170159146,-0.006290216048085284,nan,1.551943782156807,1.551943782156807,0.0,0.0,0.0,nan,0
802,0.7650000000000006,0.45,,scientific,0,1,0.18451612903225806,1.0,0.0,0.005350422029753695,-0.006293912284568291,nan,0.005350422029753695,-0.006293912284568291,nan,1.5531886913755075,1.5531886913755075,0.0,0.0,0.0,nan,0,1,1.0,0.0,0.003792627624185035,-0.0028467495136701077,nan,0.003792627624185035,-0.0028467495136701077,nan,0.598555018635929,0.598555018635929,0.0,0.0,0.0,nan,0,1,1.0,0.0,0.005350422029753695,-0.006293912284568291,nan,0.005350422029753695,-0.006293912284568291,nan,1.5531886913755075,1.5531886913755075,0.0,0.0,0.0,nan,0
803,0.7660000000000006,0.45,,scientific,0,1,0.18451612903225806,1.0,0.0,0.0053522011664565005,-0.006297607498363936,nan,0.0053522011664565005,-0.006297607498363936,nan,1.5544334901086276,1.5544334901086276,0.0,0.0,0.0,nan,0,1,1.0,0.0,0.003792627624185035,-0.0028467495136701077,nan,0.003792627624185035,-0.0028467495136701077,nan,0.598555018635929,0.598555018635929,0.0,0.0,0.0,nan,0,1,1.0,0.0,0.0053522011664565005,-0.006297607498363936,nan,0.0053522011664565005,-0.006297607498363936,nan,1.5544334901086276,1.5544334901086276,0.0,0.0,0.0,nan,0
804,0.7670000000000006,0.45,,scientific,0,1,0.18451612903225806,1.0,0.0,0.005353980586801266,-0.006301301712117567,nan,0.005353980586801266,-0.006301301712117567,nan,1.555678178419225,1.555678178419225,0.0,0.0,0.0,nan,0,1,1.0,0.0,0.003792627624185035,-0.0028467495136701077,nan,0.003792627624185035,-0.0028467495136701077,nan,0.598555018635929,0.598555018635929,0.0,0.0,0.0,nan,0,1,1.0,0.0,0.005353980586801266,-0.006301301712117567,nan,0.005353980586801266,-0.006301301712117567,nan,1.555678178419225,1.555678178419225,0.0,0.0,0.0,nan,0
805,0.7680000000000006,0.45,,scientific,0,1,0.18451612903225806,1.0,0.0,0.005355760295014218,-0.006304994923356257,nan,0.005355760295014218,-0.006304994923356257,nan,1.5569227563671273,1.5569227563671273,0.0,0.0,0.0,nan,0,1,1.0,0.0,0.003792627624185035,-0.0028467495136701077,nan,0.003792627624185035,-0.0028467495136701077,nan,0.598555018635929,0.598555018635929,0.0,0.0,0.0,nan,0,1,1.0,0.0,0.005355760295014218,-0.006304994923356257,nan,0.005355760295014218,-0.006304994923356257,nan,1.5569227563671273,1.5569227563671273,0.0,0.0,0.0,nan,0
806,0.7690000000000006,0.45,,scientific,0,1,0.18451612903225806,1.0,0.0,0.005357540300698717,-0.006308687130592795,nan,0.005357540300698717,-0.006308687130592795,nan,1.5581672240212807,1.5581672240212807,0.0,0.0,0.0,nan,0,1,1.0,0.0,0.003792627624185035,-0.0028467495136701077,nan,0.003792627624185035,-0.0028467495136701077,nan,0.598555018635929,0.598555018635929,0.0,0.0,0.0,nan,0,1,1.0,0.0,0.005357540300698717,-0.006308687130592795,nan,0.005357540300698717,-0.006308687130592795,nan,1.5581672240212807,1.5581672240212807,0.0,0.0,0.0,nan,0
807,0.7700000000000006,0.45,,scientific,0,1,0.18451612903225806,1.0,0.0,0.005359320609965062,-0.006312378338575083,nan,0.005359320609965062,-0.006312378338575083,nan,1.5594115814368954,1.5594115814368954,0.0,0.0,0.0,nan,0,1,1.0,0.0,0.003792627624185035,-0.0028467495136701077,nan,0.003792627624185035,-0.0028467495136701077,nan,0.598555018635929,0.598555018635929,0.0,0.0,0.0,nan,0,1,1.0,0.0,0.005359320609965062,-0.006312378338575083,nan,0.005359320609965062,-0.006312378338575083,nan,1.5594115814368954,1.5594115814368954,0.0,0.0,0.0,nan,0
808,0.7710000000000006,0.45,,scientific,0,1,0.18451612903225806,1.0,0.0,0.0053611012245795946,-0.006316068554602877,nan,0.0053611012245795946,-0.006316068554602877,nan,1.5606558286769643,1.5606558286769643,0.0,0.0,0.0,nan,0,1,1.0,0.0,0.003792627624185035,-0.0028467495136701077,nan,0.003792627624185035,-0.0028467495136701077,nan,0.598555018635929,0.598555018635929,0.0,0.0,0.0,nan,0,1,1.0,0.0,0.0053611012245795946,-0.006316068554602877,nan,0.0053611012245795946,-0.006316068554602877,nan,1.5606558286769643,1.5606558286769643,0.0,0.0,0.0,nan,0
809,0.7720000000000006,0.45,,scientific,0,1,0.18451612903225806,1.0,0.0,0.005362882149731388,-0.006319757784230391,nan,0.005362882149731388,-0.006319757784230391,nan,1.5618999658094461,1.5618999658094461,0.0,0.0,0.0,nan,0,1,1.0,0.0,0.003792627624185035,-0.0028467495136701077,nan,0.003792627624185035,-0.0028467495136701077,nan,0.598555018635929,0.598555018635929,0.0,0.0,0.0,nan,0,1,1.0,0.0,0.005362882149731388,-0.006319757784230391,nan,0.005362882149731388,-0.006319757784230391,nan,1.5618999658094461,1.5618999658094461,0.0,0.0,0.0,nan,0
810,0.7730000000000006,0.45,,scientific,0,1,0.18451612903225806,1.0,0.0,0.005364663391671779,-0.006323446032475225,nan,0.005364663391671779,-0.006323446032475225,nan,1.563143992902489,1.563143992902489,0.0,0.0,0.0,nan,0,1,1.0,0.0,0.003792627624185035,-0.0028467495136701077,nan,0.003792627624185035,-0.0028467495136701077,nan,0.598555018635929,0.598555018635929,0.0,0.0,0.0,nan,0,1,1.0,0.0,0.005364663391671779,-0.006323446032475225,nan,0.005364663391671779,-0.006323446032475225,nan,1.563143992902489,1.563143992902489,0.0,0.0,0.0,nan,0
811,0.7740000000000006,0.45,,scientific,0,1,0.18451612903225806,1.0,0.0,0.005366444956936337,-0.006327133304228811,nan,0.005366444956936337,-0.006327133304228811,nan,1.5643879100232887,1.5643879100232887,0.0,0.0,0.0,nan,0,1,1.0,0.0,0.003792627624185035,-0.0028467495136701077,nan,0.003792627624185035,-0.0028467495136701077,nan,0.598555018635929,0.598555018635929,0.0,0.0,0.0,nan,0,1,1.0,0.0,0.005366444956936337,-0.006327133304228811,nan,0.005366444956936337,-0.006327133304228811,nan,1.5643879100232887,1.5643879100232887,0.0,0.0,0.0,nan,0
812,0.7750000000000006,0.45,,scientific,0,1,0.18451612903225806,1.0,0.0,0.005368226852126691,-0.006330819604372566,nan,0.005368226852126691,-0.006330819604372566,nan,1.5656317172381675,1.5656317172381675,0.0,0.0,0.0,nan,0,1,1.0,0.0,0.003792627624185035,-0.0028467495136701077,nan,0.003792627624185035,-0.0028467495136701077,nan,0.598555018635929,0.598555018635929,0.0,0.0,0.0,nan,0,1,1.0,0.0,0.005368226852126691,-0.006330819604372566,nan,0.005368226852126691,-0.006330819604372566,nan,1.5656317172381675,1.5656317172381675,0.0,0.0,0.0,nan,0
813,0.7760000000000006,0.45,,scientific,0,1,0.18451612903225806,1.0,0.0,0.005370009083867756,-0.006334504937811221,nan,0.005370009083867756,-0.006334504937811221,nan,1.5668754146128048,1.5668754146128048,0.0,0.0,0.0,nan,0,1,1.0,0.0,0.003792627624185035,-0.0028467495136701077,nan,0.003792627624185035,-0.0028467495136701077,nan,0.598555018635929,0.598555018635929,0.0,0.0,0.0,nan,0,1,1.0,0.0,0.005370009083867756,-0.006334504937811221,nan,0.005370009083867756,-0.006334504937811221,nan,1.5668754146128048,1.5668754146128048,0.0,0.0,0.0,nan,0
814,0.7770000000000006,0.45,,scientific,0,1,0.18451612903225806,1.0,0.0,0.005371791658797666,-0.006338189309470823,nan,0.005371791658797666,-0.006338189309470823,nan,1.5681190022125193,1.5681190022125193,0.0,0.0,0.0,nan,0,1,1.0,0.0,0.003792627624185035,-0.0028467495136701077,nan,0.003792627624185035,-0.0028467495136701077,nan,0.598555018635929,0.598555018635929,0.0,0.0,0.0,nan,0,1,1.0,0.0,0.005371791658797666,-0.006338189309470823,nan,0.005371791658797666,-0.006338189309470823,nan,1.5681190022125193,1.5681190022125193,0.0,0.0,0.0,nan,0
815,0.7780000000000006,0.45,,scientific,0,1,0.18451612903225806,1.0,0.0,0.005373574583580078,-0.0063418727243016474,nan,0.005373574583580078,-0.0063418727243016474,nan,1.569362480102372,1.569362480102372,0.0,0.0,0.0,nan,0,1,1.0,0.0,0.003792627624185035,-0.0028467495136701077,nan,0.003792627624185035,-0.0028467495136701077,nan,0.598555018635929,0.598555018635929,0.0,0.0,0.0,nan,0,1,1.0,0.0,0.005373574583580078,-0.0063418727243016474,nan,0.005373574583580078,-0.0063418727243016474,nan,1.569362480102372,1.569362480102372,0.0,0.0,0.0,nan,0
816,0.7790000000000006,0.45,,scientific,0,1,0.18451612903225806,1.0,0.0,0.005375357870207117,-0.0063455551870694755,nan,0.005375357870207117,-0.0063455551870694755,nan,1.5706058483504328,1.5706058483504328,0.0,0.0,0.0,nan,0,1,1.0,0.0,0.003792627624185035,-0.0028467495136701077,nan,0.003792627624185035,-0.0028467495136701077,nan,0.598555018635929,0.598555018635929,0.0,0.0,0.0,nan,0,1,1.0,0.0,0.005375357870207117,-0.0063455551870694755,nan,0.005375357870207117,-0.0063455551870694755,nan,1.5706058483504328,1.5706058483504328,0.0,0.0,0.0,nan,0
817,0.7800000000000006,0.45,,scientific,0,1,0.18451612903225806,1.0,0.0,0.005377141525520504,-0.0063492366848743025,nan,0.005377141525520504,-0.0063492366848743025,nan,1.5718491070277127,1.5718491070277127,0.0,0.0,0.0,nan,0,1,1.0,0.0,0.003792627624185035,-0.0028467495136701077,nan,0.003792627624185035,-0.0028467495136701077,nan,0.598555018635929,0.598555018635929,0.0,0.0,0.0,nan,0,1,1.0,0.0,0.005377141525520504,-0.0063492366848743025,nan,0.005377141525520504,-0.0063492366848743025,nan,1.5718491070277127,1.5718491070277127,0.0,0.0,0.0,nan,0
818,0.7810000000000006,0.45,,scientific,0,1,0.18451612903225806,1.0,0.0,0.006290000823648925,-0.0052326567007962635,nan,0.006290000823648925,-0.0052326567007962635,nan,1.5763023256988455,1.5763023256988455,0.0,0.0,0.0,nan,0,1,1.0,0.0,0.00428878250543522,-0.002238145063820216,nan,0.00428878250543522,-0.002238145063820216,nan,0.5996315564392477,0.5996315564392477,0.0,0.0,0.0,nan,0,1,1.0,0.0,0.006290000823648925,-0.0052326567007962635,nan,0.006290000823648925,-0.0052326567007962635,nan,1.5763023256988455,1.5763023256988455,0.0,0.0,0.0,nan,0
819,0.7820000000000006,0.45,,scientific,0,1,0.18451612903225806,1.0,0.0,0.006292220337192816,-0.005235799303889502,nan,0.006292220337192816,-0.005235799303889502,nan,1.5775481705036145,1.5775481705036145,0.0,0.0,0.0,nan,0,1,1.0,0.0,0.00428878250543522,-0.002238145063820216,nan,0.00428878250543522,-0.002238145063820216,nan,0.5996315564392477,0.5996315564392477,0.0,0.0,0.0,nan,0,1,1.0,0.0,0.006292220337192816,-0.005235799303889502,nan,0.006292220337192816,-0.005235799303889502,nan,1.5775481705036145,1.5775481705036145,0.0,0.0,0.0,nan,0
820,0.7830000000000006,0.45,,scientific,0,1,0.18451612903225806,1.0,0.0,0.006294440082484114,-0.005238941171116429,nan,0.006294440082484114,-0.005238941171116429,nan,1.5787939059501577,1.5787939059501577,0.0,0.0,0.0,nan,0,1,1.0,0.0,0.00428878250543522,-0.002238145063820216,nan,0.00428878250543522,-0.002238145063820216,nan,0.5996315564392477,0.5996315564392477,0.0,0.0,0.0,nan,0,1,1.0,0.0,0.006294440082484114,-0.005238941171116429,nan,0.006294440082484114,-0.005238941171116429,nan,1.5787939059501577,1.5787939059501577,0.0,0.0,0.0,nan,0
821,0.7840000000000006,0.45,,scientific,0,1,0.18451612903225806,1.0,0.0,0.006296660060506001,-0.005242082304958419,nan,0.006296660060506001,-0.005242082304958419,nan,1.5800395320962648,1.5800395320962648,0.0,0.0,0.0,nan,0,1,1.0,0.0,0.00428878250543522,-0.002238145063820216,nan,0.00428878250543522,-0.002238145063820216,nan,0.5996315564392477,0.5996315564392477,0.0,0.0,0.0,nan,0,1,1.0,0.0,0.006296660060506001,-0.005242082304958419,nan,0.006296660060506001,-0.005242082304958419,nan,1.5800395320962648,1.5800395320962648,0.0,0.0,0.0,nan,0
822,0.7850000000000006,0.45,,scientific,0,1,0.18451612903225806,1.0,0.0,0.006298880277164788,-0.0052452227098274545,nan,0.006298880277164788,-0.0052452227098274545,nan,1.5812850490080526,1.5812850490080526,0.0,0.0,0.0,nan,0,1,1.0,0.0,0.00428878250543522,-0.002238145063820216,nan,0.00428878250543522,-0.002238145063820216,nan,0.5996315564392477,0.5996315564392477,0.0,0.0,0.0,nan,0,1,1.0,0.0,0.006298880277164788,-0.0052452227098274545,nan,0.006298880277164788,-0.0052452227098274545,nan,1.5812850490080526,1.5812850490080526,0.0,0.0,0.0,nan,0
823,0.7860000000000006,0.45,,scientific,0,1,0.18451612903225806,1.0,0.0,0.00630110074785621,-0.005248362390112012,nan,0.00630110074785621,-0.005248362390112012,nan,1.5825304567561047,1.5825304567561047,0.0,0.0,0.0,nan,0,1,1.0,0.0,0.00428878250543522,-0.002238145063820216,nan,0.00428878250543522,-0.002238145063820216,nan,0.5996315564392477,0.5996315564392477,0.0,0.0,0.0,nan,0,1,1.0,0.0,0.00630110074785621,-0.005248362390112012,nan,0.00630110074785621,-0.005248362390112012,nan,1.5825304567561047,1.5825304567561047,0.0,0.0,0.0,nan,0
824,0.7870000000000006,0.45,,scientific,0,1,0.18451612903225806,1.0,0.0,0.006303321470130935,-0.005251501351451173,nan,0.006303321470130935,-0.005251501351451173,nan,1.5837757554002514,1.5837757554002514,0.0,0.0,0.0,nan,0,1,1.0,0.0,0.00428878250543522,-0.002238145063820216,nan,0.00428878250543522,-0.002238145063820216,nan,0.5996315564392477,0.5996315564392477,0.0,0.0,0.0,nan,0,1,1.0,0.0,0.006303321470130935,-0.005251501351451173,nan,0.006303321470130935,-0.005251501351451173,nan,1.5837757554002514,1.5837757554002514,0.0,0.0,0.0,nan,0
825,0.7880000000000006,0.45,,scientific,0,1,0.18451612903225806,1.0,0.0,0.006305542448338383,-0.00525463959914758,nan,0.006305542448338383,-0.00525463959914758,nan,1.5850209450051256,1.5850209450051256,0.0,0.0,0.0,nan,0,1,1.0,0.0,0.00428878250543522,-0.002238145063820216,nan,0.00428878250543522,-0.002238145063820216,nan,0.5996315564392477,0.5996315564392477,0.0,0.0,0.0,nan,0,1,1.0,0.0,0.006305542448338383,-0.00525463959914758,nan,0.006305542448338383,-0.00525463959914758,nan,1.5850209450051256,1.5850209450051256,0.0,0.0,0.0,nan,0
826,0.7890000000000006,0.45,,scientific,0,1,0.18451612903225806,1.0,0.0,0.006307763689720198,-0.005257777130282399,nan,0.006307763689720198,-0.005257777130282399,nan,1.5862660256401075,1.5862660256401075,0.0,0.0,0.0,nan,0,1,1.0,0.0,0.00428878250543522,-0.002238145063820216,nan,0.00428878250543522,-0.002238145063820216,nan,0.5996315564392477,0.5996315564392477,0.0,0.0,0.0,nan,0,1,1.0,0.0,0.006307763689720198,-0.005257777130282399,nan,0.006307763689720198,-0.005257777130282399,nan,1.5862660256401075,1.5862660256401075,0.0,0.0,0.0,nan,0
827,0.7900000000000006,0.45,,scientific,0,1,0.18451612903225806,1.0,0.0,0.0063099852001071354,-0.005260913951417906,nan,0.0063099852001071354,-0.005260913951417906,nan,1.587510997367724,1.587510997367724,0.0,0.0,0.0,nan,0,1,1.0,0.0,0.00428878250543522,-0.002238145063820216,nan,0.00428878250543522,-0.002238145063820216,nan,0.5996315564392477,0.5996315564392477,0.0,0.0,0.0,nan,0,1,1.0,0.0,0.0063099852001071354,-0.005260913951417906,nan,0.0063099852001071354,-0.005260913951417906,nan,1.587510997367724,1.587510997367724,0.0,0.0,0.0,nan,0
828,0.7910000000000006,0.45,,scientific,0,1,0.18516129032258064,1.0,0.0,0.0063122069824696194,-0.005264050059037881,nan,0.0063122069824696194,-0.005264050059037881,nan,1.5887558602546372,1.5887558602546372,0.0,0.0,0.0,nan,0,1,1.0,0.0,0.00428878250543522,-0.002238145063820216,nan,0.00428878250543522,-0.002238145063820216,nan,0.5996315564392477,0.5996315564392477,0.0,0.0,0.0,nan,0,1,1.0,0.0,0.0063122069824696194,-0.005264050059037881,nan,0.0063122069824696194,-0.005264050059037881,nan,1.5887558602546372,1.5887558602546372,0.0,0.0,0.0,nan,0
829,0.7920000000000006,0.45,,scientific,0,1,0.18516129032258064,1.0,0.0,0.006314429037453155,-0.005267185468209443,nan,0.006314429037453155,-0.005267185468209443,nan,1.5900006143596634,1.5900006143596634,0.0,0.0,0.0,nan,0,1,1.0,0.0,0.00428878250543522,-0.002238145063820216,nan,0.00428878250543522,-0.002238145063820216,nan,0.5996315564392477,0.5996315564392477,0.0,0.0,0.0,nan,0,1,1.0,0.0,0.006314429037453155,-0.005267185468209443,nan,0.006314429037453155,-0.005267185468209443,nan,1.5900006143596634,1.5900006143596634,0.0,0.0,0.0,nan,0
830,0.7930000000000006,0.45,,scientific,0,1,0.18516129032258064,1.0,0.0,0.006316651381012549,-0.005270320192819133,nan,0.006316651381012549,-0.005270320192819133,nan,1.5912452597360645,1.5912452597360645,0.0,0.0,0.0,nan,0,1,1.0,0.0,0.00428878250543522,-0.002238145063820216,nan,0.00428878250543522,-0.002238145063820216,nan,0.5996315564392477,0.5996315564392477,0.0,0.0,0.0,nan,0,1,1.0,0.0,0.006316651381012549,-0.005270320192819133,nan,0.006316651381012549,-0.005270320192819133,nan,1.5912452597360645,1.5912452597360645,0.0,0.0,0.0,nan,0
831,0.7940000000000006,0.45,,scientific,0,1,0.18516129032258064,1.0,0.0,0.0063188740205954745,-0.005273454236490768,nan,0.0063188740205954745,-0.005273454236490768,nan,1.5924897964476925,1.5924897964476925,0.0,0.0,0.0,nan,0,1,1.0,0.0,0.00428878250543522,-0.002238145063820216,nan,0.00428878250543522,-0.002238145063820216,nan,0.5996315564392477,0.5996315564392477,0.0,0.0,0.0,nan,0,1,1.0,0.0,0.0063188740205954745,-0.005273454236490768,nan,0.0063188740205954745,-0.005273454236490768,nan,1.5924897964476925,1.5924897964476925,0.0,0.0,0.0,nan,0
832,0.7950000000000006,0.45,,scientific,0,1,0.18516129032258064,1.0,0.0,0.006321096963249598,-0.00527658760664229,nan,0.006321096963249598,-0.00527658760664229,nan,1.5937342245619046,1.5937342245619046,0.0,0.0,0.0,nan,0,1,1.0,0.0,0.00428878250543522,-0.002238145063820216,nan,0.00428878250543522,-0.002238145063820216,nan,0.5996315564392477,0.5996315564392477,0.0,0.0,0.0,nan,0,1,1.0,0.0,0.006321096963249598,-0.00527658760664229,nan,0.006321096963249598,-0.00527658760664229,nan,1.5937342245619046,1.5937342245619046,0.0,0.0,0.0,nan,0
833,0.7960000000000006,0.45,,scientific,0,1,0.18516129032258064,1.0,0.0,0.006323320217924698,-0.00527972031662882,nan,0.006323320217924698,-0.00527972031662882,nan,1.594978544145519,1.594978544145519,0.0,0.0,0.0,nan,0,1,1.0,0.0,0.00428878250543522,-0.002238145063820216,nan,0.00428878250543522,-0.002238145063820216,nan,0.5996315564392477,0.5996315564392477,0.0,0.0,0.0,nan,0,1,1.0,0.0,0.006323320217924698,-0.00527972031662882,nan,0.006323320217924698,-0.00527972031662882,nan,1.594978544145519,1.594978544145519,0.0,0.0,0.0,nan,0
834,0.7970000000000006,0.45,,scientific,0,1,0.18516129032258064,1.0,0.0,0.006325543786951431,-0.005282852361404555,nan,0.006325543786951431,-0.005282852361404555,nan,1.5962227552570796,1.5962227552570796,0.0,0.0,0.0,nan,0,1,1.0,0.0,0.00428878250543522,-0.002238145063820216,nan,0.00428878250543522,-0.002238145063820216,nan,0.5996315564392477,0.5996315564392477,0.0,0.0,0.0,nan,0,1,1.0,0.0,0.006325543786951431,-0.005282852361404555,nan,0.006325543786951431,-0.005282852361404555,nan,1.5962227552570796,1.5962227552570796,0.0,0.0,0.0,nan,0
835,0.7980000000000006,0.45,,scientific,0,1,0.18516129032258064,1.0,0.0,0.006327767677398715,-0.005285983755023011,nan,0.006327767677398715,-0.005285983755023011,nan,1.597466857959924,1.597466857959924,0.0,0.0,0.0,nan,0,1,1.0,0.0,0.00428878250543522,-0.002238145063820216,nan,0.00428878250543522,-0.002238145063820216,nan,0.5996315564392477,0.5996315564392477,0.0,0.0,0.0,nan,0,1,1.0,0.0,0.006327767677398715,-0.005285983755023011,nan,0.006327767677398715,-0.005285983755023011,nan,1.597466857959924,1.597466857959924,0.0,0.0,0.0,nan,0
836,0.7990000000000006,0.45,,scientific,0,1,0.18516129032258064,1.0,0.0,0.006329991901428497,-0.005289114499436786,nan,0.006329991901428497,-0.005289114499436786,nan,1.5987108523151423,1.5987108523151423,0.0,0.0,0.0,nan,0,1,1.0,0.0,0.00428878250543522,-0.002238145063820216,nan,0.00428878250543522,-0.002238145063820216,nan,0.5996315564392477,0.5996315564392477,0.0,0.0,0.0,nan,0,1,1.0,0.0,0.006329991901428497,-0.005289114499436786,nan,0.006329991901428497,-0.005289114499436786,nan,1.5987108523151423,1.5987108523151423,0.0,0.0,0.0,nan,0
837,0.8000000000000006,0.45,,scientific,0,1,0.18516129032258064,1.0,0.0,0.006332216476771069,-0.005292244604428005,nan,0.006332216476771069,-0.005292244604428005,nan,1.599954738390779,1.599954738390779,0.0,0.0,0.0,nan,0,1,1.0,0.0,0.00428878250543522,-0.002238145063820216,nan,0.00428878250543522,-0.002238145063820216,nan,0.5996315564392477,0.5996315564392477,0.0,0.0,0.0,nan,0,1,1.0,0.0,0.006332216476771069,-0.005292244604428005,nan,0.006332216476771069,-0.005292244604428005,nan,1.599954738390779,1.599954738390779,0.0,0.0,0.0,nan,0
838,0.8010000000000006,0.45,,scientific,0,1,0.18516129032258064,1.0,0.0,0.006334441404316536,-0.005295374066582494,nan,0.006334441404316536,-0.005295374066582494,nan,1.6011985162474642,1.6011985162474642,0.0,0.0,0.0,nan,0,1,1.0,0.0,0.00428878250543522,-0.002238145063820216,nan,0.00428878250543522,-0.002238145063820216,nan,0.5996315564392477,0.5996315564392477,0.0,0.0,0.0,nan,0,1,1.0,0.0,0.006334441404316536,-0.005295374066582494,nan,0.006334441404316536,-0.005295374066582494,nan,1.6011985162474642,1.6011985162474642,0.0,0.0,0.0,nan,0
839,0.8020000000000006,0.45,,scientific,0,1,0.18516129032258064,1.0,0.0,0.006336666685095379,-0.005298502896555702,nan,0.006336666685095379,-0.005298502896555702,nan,1.602442185956538,1.602442185956538,0.0,0.0,0.0,nan,0,1,1.0,0.0,0.00428878250543522,-0.002238145063820216,nan,0.00428878250543522,-0.002238145063820216,nan,0.5996315564392477,0.5996315564392477,0.0,0.0,0.0,nan,0,1,1.0,0.0,0.006336666685095379,-0.005298502896555702,nan,0.006336666685095379,-0.005298502896555702,nan,1.602442185956538,1.602442185956538,0.0,0.0,0.0,nan,0
840,0.8030000000000006,0.45,,scientific,0,1,0.18516129032258064,1.0,0.0,0.006338892324393168,-0.005301631097998504,nan,0.006338892324393168,-0.005301631097998504,nan,1.6036857475737603,1.6036857475737603,0.0,0.0,0.0,nan,0,1,1.0,0.0,0.00428878250543522,-0.002238145063820216,nan,0.00428878250543522,-0.002238145063820216,nan,0.5996315564392477,0.5996315564392477,0.0,0.0,0.0,nan,0,1,1.0,0.0,0.006338892324393168,-0.005301631097998504,nan,0.006338892324393168,-0.005301631097998504,nan,1.6036857475737603,1.6036857475737603,0.0,0.0,0.0,nan,0
841,0.8040000000000006,0.45,,scientific,0,1,0.18516129032258064,1.0,0.0,0.00542915282665072,-0.004158302490136279,nan,0.00542915282665072,-0.004158302490136279,nan,1.608175173106308,1.608175173106308,0.0,0.0,0.0,nan,0,1,1.0,0.0,0.003794945409578581,-0.0016164751677676564,nan,0.003794945409578581,-0.0016164751677676564,nan,0.6007080942425663,0.6007080942425663,0.0,0.0,0.0,nan,0,1,1.0,0.0,0.00542915282665072,-0.004158302490136279,nan,0.00542915282665072,-0.004158302490136279,nan,1.608175173106308,1.608175173106308,0.0,0.0,0.0,nan,0
842,0.8050000000000006,0.45,,scientific,0,1,0.18516129032258064,1.0,0.0,0.0054309564516701585,-0.004160899260822419,nan,0.0054309564516701585,-0.004160899260822419,nan,1.6094212766442348,1.6094212766442348,0.0,0.0,0.0,nan,0,1,1.0,0.0,0.003794945409578581,-0.0016164751677676564,nan,0.003794945409578581,-0.0016164751677676564,nan,0.6007080942425663,0.6007080942425663,0.0,0.0,0.0,nan,0,1,1.0,0.0,0.0054309564516701585,-0.004160899260822419,nan,0.0054309564516701585,-0.004160899260822419,nan,1.6094212766442348,1.6094212766442348,0.0,0.0,0.0,nan,0
843,0.8060000000000006,0.45,,scientific,0,1,0.18516129032258064,1.0,0.0,0.005432760631585434,-0.004163495616403692,nan,0.005432760631585434,-0.004163495616403692,nan,1.610667272263886,1.610667272263886,0.0,0.0,0.0,nan,0,1,1.0,0.0,0.003794945409578581,-0.0016164751677676564,nan,0.003794945409578581,-0.0016164751677676564,nan,0.6007080942425663,0.6007080942425663,0.0,0.0,0.0,nan,0,1,1.0,0.0,0.005432760631585434,-0.004163495616403692,nan,0.005432760631585434,-0.004163495616403692,nan,1.610667272263886,1.610667272263886,0.0,0.0,0.0,nan,0
844,0.8070000000000006,0.45,,scientific,0,1,0.18516129032258064,1.0,0.0,0.005434565369994447,-0.00416609156136689,nan,0.005434565369994447,-0.00416609156136689,nan,1.6119131600293826,1.6119131600293826,0.0,0.0,0.0,nan,0,1,1.0,0.0,0.003794945409578581,-0.0016164751677676564,nan,0.003794945409578581,-0.0016164751677676564,nan,0.6007080942425663,0.6007080942425663,0.0,0.0,0.0,nan,0,1,1.0,0.0,0.005434565369994447,-0.00416609156136689,nan,0.005434565369994447,-0.00416609156136689,nan,1.6119131600293826,1.6119131600293826,0.0,0.0,0.0,nan,0
845,0.8080000000000006,0.45,,scientific,0,1,0.18516129032258064,1.0,0.0,0.005436370673366381,-0.004168687101047414,nan,0.005436370673366381,-0.004168687101047414,nan,1.6131589400060187,1.6131589400060187,0.0,0.0,0.0,nan,0,1,1.0,0.0,0.003794945409578581,-0.0016164751677676564,nan,0.003794945409578581,-0.0016164751677676564,nan,0.6007080942425663,0.6007080942425663,0.0,0.0,0.0,nan,0,1,1.0,0.0,0.005436370673366381,-0.004168687101047414,nan,0.005436370673366381,-0.004168687101047414,nan,1.6131589400060187,1.6131589400060187,0.0,0.0,0.0,nan,0
846,0.8090000000000006,0.45,,scientific,0,1,0.18516129032258064,1.0,0.0,0.005438176551156034,-0.0041712822423145635,nan,0.005438176551156034,-0.0041712822423145635,nan,1.6144046122595408,1.6144046122595408,0.0,0.0,0.0,nan,0,1,1.0,0.0,0.003794945409578581,-0.0016164751677676564,nan,0.003794945409578581,-0.0016164751677676564,nan,0.6007080942425663,0.6007080942425663,0.0,0.0,0.0,nan,0,1,1.0,0.0,0.005438176551156034,-0.0041712822423145635,nan,0.005438176551156034,-0.0041712822423145635,nan,1.6144046122595408,1.6144046122595408,0.0,0.0,0.0,nan,0
847,0.8100000000000006,0.45,,scientific,0,1,0.18516129032258064,1.0,0.0,0.005439983017755047,-0.0041738769950223405,nan,0.005439983017755047,-0.0041738769950223405,nan,1.6156501768563878,1.6156501768563878,0.0,0.0,0.0,nan,0,1,1.0,0.0,0.003794945409578581,-0.0016164751677676564,nan,0.003794945409578581,-0.0016164751677676564,nan,0.6007080942425663,0.6007080942425663,0.0,0.0,0.0,nan,0,1,1.0,0.0,0.005439983017755047,-0.0041738769950223405,nan,0.005439983017755047,-0.0041738769950223405,nan,1.6156501768563878,1.6156501768563878,0.0,0.0,0.0,nan,0
848,0.8110000000000006,0.45,,scientific,0,1,0.18516129032258064,1.0,0.0,0.0054417900676609,-0.004176471363971387,nan,0.0054417900676609,-0.004176471363971387,nan,1.6168956338610299,1.6168956338610299,0.0,0.0,0.0,nan,0,1,1.0,0.0,0.003794945409578581,-0.0016164751677676564,nan,0.003794945409578581,-0.0016164751677676564,nan,0.6007080942425663,0.6007080942425663,0.0,0.0,0.0,nan,0,1,1.0,0.0,0.0054417900676609,-0.004176471363971387,nan,0.0054417900676609,-0.004176471363971387,nan,1.6168956338610299,1.6168956338610299,0.0,0.0,0.0,nan,0
849,0.8120000000000006,0.45,,scientific,0,1,0.18516129032258064,1.0,0.0,0.0054435977103735956,-0.004179065353737986,nan,0.0054435977103735956,-0.004179065353737986,nan,1.6181409833295042,1.6181409833295042,0.0,0.0,0.0,nan,0,1,1.0,0.0,0.003794945409578581,-0.0016164751677676564,nan,0.003794945409578581,-0.0016164751677676564,nan,0.6007080942425663,0.6007080942425663,0.0,0.0,0.0,nan,0,1,1.0,0.0,0.0054435977103735956,-0.004179065353737986,nan,0.0054435977103735956,-0.004179065353737986,nan,1.6181409833295042,1.6181409833295042,0.0,0.0,0.0,nan,0
850,0.8130000000000006,0.45,,scientific,0,1,0.18516129032258064,1.0,0.0,0.005445405958807119,-0.004181658959271775,nan,0.005445405958807119,-0.004181658959271775,nan,1.6193862253196885,1.6193862253196885,0.0,0.0,0.0,nan,0,1,1.0,0.0,0.003794945409578581,-0.0016164751677676564,nan,0.003794945409578581,-0.0016164751677676564,nan,0.6007080942425663,0.6007080942425663,0.0,0.0,0.0,nan,0,1,1.0,0.0,0.005445405958807119,-0.004181658959271775,nan,0.005445405958807119,-0.004181658959271775,nan,1.6193862253196885,1.6193862253196885,0.0,0.0,0.0,nan,0
851,0.8140000000000006,0.45,,scientific,0,1,0.18516129032258064,1.0,0.0,0.005447214818584531,-0.0041842521907075065,nan,0.005447214818584531,-0.0041842521907075065,nan,1.6206313598905708,1.6206313598905708,0.0,0.0,0.0,nan,0,1,1.0,0.0,0.003794945409578581,-0.0016164751677676564,nan,0.003794945409578581,-0.0016164751677676564,nan,0.6007080942425663,0.6007080942425663,0.0,0.0,0.0,nan,0,1,1.0,0.0,0.005447214818584531,-0.0041842521907075065,nan,0.005447214818584531,-0.0041842521907075065,nan,1.6206313598905708,1.6206313598905708,0.0,0.0,0.0,nan,0
852,0.8150000000000006,0.45,,scientific,0,1,0.18516129032258064,1.0,0.0,0.006839780693463346,-0.00383919492245472,nan,0.006839780693463346,-0.00383919492245472,nan,1.6251375117907698,1.6251375117907698,0.0,0.0,0.0,nan,0,1,1.0,0.0,0.004550406572626887,-0.0014283884668134228,nan,0.004550406572626887,-0.0014283884668134228,nan,0.6017846320458848,0.6017846320458848,0.0,0.0,0.0,nan,0,1,1.0,0.0,0.006839780693463346,-0.00383919492245472,nan,0.006839780693463346,-0.00383919492245472,nan,1.6251375117907698,1.6251375117907698,0.0,0.0,0.0,nan,0
853,0.8160000000000006,0.45,,scientific,0,1,0.18516129032258064,1.0,0.0,0.006842221736200004,-0.0038416281817186615,nan,0.006842221736200004,-0.0038416281817186615,nan,1.6263851669744773,1.6263851669744773,0.0,0.0,0.0,nan,0,1,1.0,0.0,0.004550406572626887,-0.0014283884668134228,nan,0.004550406572626887,-0.0014283884668134228,nan,0.6017846320458848,0.6017846320458848,0.0,0.0,0.0,nan,0,1,1.0,0.0,0.006842221736200004,-0.0038416281817186615,nan,0.006842221736200004,-0.0038416281817186615,nan,1.6263851669744773,1.6263851669744773,0.0,0.0,0.0,nan,0
854,0.8170000000000006,0.45,,scientific,0,1,0.18516129032258064,1.0,0.0,0.00684466317607741,-0.003844061140668128,nan,0.00684466317607741,-0.003844061140668128,nan,1.6276327149241494,1.6276327149241494,0.0,0.0,0.0,nan,0,1,1.0,0.0,0.004550406572626887,-0.0014283884668134228,nan,0.004550406572626887,-0.0014283884668134228,nan,0.6017846320458848,0.6017846320458848,0.0,0.0,0.0,nan,0,1,1.0,0.0,0.00684466317607741,-0.003844061140668128,nan,0.00684466317607741,-0.003844061140668128,nan,1.6276327149241494,1.6276327149241494,0.0,0.0,0.0,nan,0
855,0.8180000000000006,0.45,,scientific,0,1,0.18516129032258064,1.0,0.0,0.0068471050233383565,-0.0038464938048816955,nan,0.0068471050233383565,-0.0038464938048816955,nan,1.628880155701344,1.628880155701344,0.0,0.0,0.0,nan,0,1,1.0,0.0,0.004550406572626887,-0.0014283884668134228,nan,0.004550406572626887,-0.0014283884668134228,nan,0.6017846320458848,0.6017846320458848,0.0,0.0,0.0,nan,0,1,1.0,0.0,0.0068471050233383565,-0.0038464938048816955,nan,0.0068471050233383565,-0.0038464938048816955,nan,1.628880155701344,1.628880155701344,0.0,0.0,0.0,nan,0
856,0.8190000000000006,0.45,,scientific,0,1,0.18516129032258064,1.0,0.0,0.0068495472861869865,-0.0038489261800237207,nan,0.0068495472861869865,-0.0038489261800237207,nan,1.6301274893708162,1.6301274893708162,0.0,0.0,0.0,nan,0,1,1.0,0.0,0.004550406572626887,-0.0014283884668134228,nan,0.004550406572626887,-0.0014283884668134228,nan,0.6017846320458848,0.6017846320458848,0.0,0.0,0.0,nan,0,1,1.0,0.0,0.0068495472861869865,-0.0038489261800237207,nan,0.0068495472861869865,-0.0038489261800237207,nan,1.6301274893708162,1.6301274893708162,0.0,0.0,0.0,nan,0
857,0.8200000000000006,0.45,,scientific,0,1,0.18516129032258064,1.0,0.0,0.006851989967379321,-0.0038513582726489976,nan,0.006851989967379321,-0.0038513582726489976,nan,1.6313747159993348,1.6313747159993348,0.0,0.0,0.0,nan,0,1,1.0,0.0,0.004550406572626887,-0.0014283884668134228,nan,0.004550406572626887,-0.0014283884668134228,nan,0.6017846320458848,0.6017846320458848,0.0,0.0,0.0,nan,0,1,1.0,0.0,0.006851989967379321,-0.0038513582726489976,nan,0.006851989967379321,-0.0038513582726489976,nan,1.6313747159993348,1.6313747159993348,0.0,0.0,0.0,nan,0
858,0.8210000000000006,0.45,,scientific,0,1,0.18516129032258064,1.0,0.0,0.006854433067780162,-0.0038537900932071895,nan,0.006854433067780162,-0.0038537900932071895,nan,1.6326218356524782,1.6326218356524782,0.0,0.0,0.0,nan,0,1,1.0,0.0,0.004550406572626887,-0.0014283884668134228,nan,0.004550406572626887,-0.0014283884668134228,nan,0.6017846320458848,0.6017846320458848,0.0,0.0,0.0,nan,0,1,1.0,0.0,0.006854433067780162,-0.0038537900932071895,nan,0.006854433067780162,-0.0038537900932071895,nan,1.6326218356524782,1.6326218356524782,0.0,0.0,0.0,nan,0
859,0.8220000000000006,0.45,,scientific,0,1,0.18516129032258064,1.0,0.0,0.006856876611173105,-0.0038562216368530455,nan,0.006856876611173105,-0.0038562216368530455,nan,1.633868848386004,1.633868848386004,0.0,0.0,0.0,nan,0,1,1.0,0.0,0.004550406572626887,-0.0014283884668134228,nan,0.004550406572626887,-0.0014283884668134228,nan,0.6017846320458848,0.6017846320458848,0.0,0.0,0.0,nan,0,1,1.0,0.0,0.006856876611173105,-0.0038562216368530455,nan,0.006856876611173105,-0.0038562216368530455,nan,1.633868848386004,1.633868848386004,0.0,0.0,0.0,nan,0
860,0.8230000000000006,0.45,,scientific,0,1,0.18516129032258064,1.0,0.0,0.006859320607176597,-0.0038586529092614974,nan,0.006859320607176597,-0.0038586529092614974,nan,1.63511575425875,1.63511575425875,0.0,0.0,0.0,nan,0,1,1.0,0.0,0.004550406572626887,-0.0014283884668134228,nan,0.004550406572626887,-0.0014283884668134228,nan,0.6017846320458848,0.6017846320458848,0.0,0.0,0.0,nan,0,1,1.0,0.0,0.006859320607176597,-0.0038586529092614974,nan,0.006859320607176597,-0.0038586529092614974,nan,1.63511575425875,1.63511575425875,0.0,0.0,0.0,nan,0
861,0.8240000000000006,0.45,,scientific,0,1,0.18516129032258064,1.0,0.0,0.006861765060619018,-0.003861083920151254,nan,0.006861765060619018,-0.003861083920151254,nan,1.6363625533308568,1.6363625533308568,0.0,0.0,0.0,nan,0,1,1.0,0.0,0.004550406572626887,-0.0014283884668134228,nan,0.004550406572626887,-0.0014283884668134228,nan,0.6017846320458848,0.6017846320458848,0.0,0.0,0.0,nan,0,1,1.0,0.0,0.006861765060619018,-0.003861083920151254,nan,0.006861765060619018,-0.003861083920151254,nan,1.6363625533308568,1.6363625533308568,0.0,0.0,0.0,nan,0
862,0.8250000000000006,0.45,,scientific,0,1,0.18516129032258064,1.0,0.0,0.0068642099784889474,-0.0038635146764335647,nan,0.0068642099784889474,-0.0038635146764335647,nan,1.6376092456655649,1.6376092456655649,0.0,0.0,0.0,nan,0,1,1.0,0.0,0.004550406572626887,-0.0014283884668134228,nan,0.004550406572626887,-0.0014283884668134228,nan,0.6017846320458848,0.6017846320458848,0.0,0.0,0.0,nan,0,1,1.0,0.0,0.0068642099784889474,-0.0038635146764335647,nan,0.0068642099784889474,-0.0038635146764335647,nan,1.6376092456655649,1.6376092456655649,0.0,0.0,0.0,nan,0
863,0.8260000000000006,0.45,,scientific,0,1,0.18516129032258064,1.0,0.0,0.0068666553812023485,-0.0038659451877836024,nan,0.0068666553812023485,-0.0038659451877836024,nan,1.6388558313318147,1.6388558313318147,0.0,0.0,0.0,nan,0,1,1.0,0.0,0.004550406572626887,-0.0014283884668134228,nan,0.004550406572626887,-0.0014283884668134228,nan,0.6017846320458848,0.6017846320458848,0.0,0.0,0.0,nan,0,1,1.0,0.0,0.0068666553812023485,-0.0038659451877836024,nan,0.0068666553812023485,-0.0038659451877836024,nan,1.6388558313318147,1.6388558313318147,0.0,0.0,0.0,nan,0
864,0.8270000000000006,0.45,,scientific,0,1,0.18516129032258064,1.0,0.0,0.006869101267330761,-0.003868375457243766,nan,0.006869101267330761,-0.003868375457243766,nan,1.640102310385253,1.640102310385253,0.0,0.0,0.0,nan,0,1,1.0,0.0,0.004550406572626887,-0.0014283884668134228,nan,0.004550406572626887,-0.0014283884668134228,nan,0.6017846320458848,0.6017846320458848,0.0,0.0,0.0,nan,0,1,1.0,0.0,0.006869101267330761,-0.003868375457243766,nan,0.006869101267330761,-0.003868375457243766,nan,1.640102310385253,1.640102310385253,0.0,0.0,0.0,nan,0
865,0.8280000000000006,0.45,,scientific,0,1,0.18516129032258064,1.0,0.0,0.0068715476416074716,-0.003870805489556692,nan,0.0068715476416074716,-0.003870805489556692,nan,1.641348682886546,1.641348682886546,0.0,0.0,0.0,nan,0,1,1.0,0.0,0.004550406572626887,-0.0014283884668134228,nan,0.004550406572626887,-0.0014283884668134228,nan,0.6017846320458848,0.6017846320458848,0.0,0.0,0.0,nan,0,1,1.0,0.0,0.0068715476416074716,-0.003870805489556692,nan,0.0068715476416074716,-0.003870805489556692,nan,1.641348682886546,1.641348682886546,0.0,0.0,0.0,nan,0
866,0.8290000000000006,0.45,,scientific,0,1,0.18516129032258064,1.0,0.0,0.006873994511541841,-0.0038732352902546173,nan,0.006873994511541841,-0.0038732352902546173,nan,1.642594948898506,1.642594948898506,0.0,0.0,0.0,nan,0,1,1.0,0.0,0.004550406572626887,-0.0014283884668134228,nan,0.004550406572626887,-0.0014283884668134228,nan,0.6017846320458848,0.6017846320458848,0.0,0.0,0.0,nan,0,1,1.0,0.0,0.006873994511541841,-0.0038732352902546173,nan,0.006873994511541841,-0.0038732352902546173,nan,1.642594948898506,1.642594948898506,0.0,0.0,0.0,nan,0
867,0.8300000000000006,0.45,,scientific,0,1,0.18516129032258064,1.0,0.0,0.006876441885393973,-0.0038756648651026987,nan,0.006876441885393973,-0.0038756648651026987,nan,1.6438411084839564,1.6438411084839564,0.0,0.0,0.0,nan,0,1,1.0,0.0,0.004550406572626887,-0.0014283884668134228,nan,0.004550406572626887,-0.0014283884668134228,nan,0.6017846320458848,0.6017846320458848,0.0,0.0,0.0,nan,0,1,1.0,0.0,0.006876441885393973,-0.0038756648651026987,nan,0.006876441885393973,-0.0038756648651026987,nan,1.6438411084839564,1.6438411084839564,0.0,0.0,0.0,nan,0
868,0.8310000000000006,0.45,,scientific,0,1,0.18516129032258064,1.0,0.0,0.006878889777664263,-0.0038780942192645344,nan,0.006878889777664263,-0.0038780942192645344,nan,1.6450871617090979,1.6450871617090979,0.0,0.0,0.0,nan,0,1,1.0,0.0,0.004550406572626887,-0.0014283884668134228,nan,0.004550406572626887,-0.0014283884668134228,nan,0.6017846320458848,0.6017846320458848,0.0,0.0,0.0,nan,0,1,1.0,0.0,0.006878889777664263,-0.0038780942192645344,nan,0.006878889777664263,-0.0038780942192645344,nan,1.6450871617090979,1.6450871617090979,0.0,0.0,0.0,nan,0
869,0.8320000000000006,0.45,,scientific,0,1,0.18516129032258064,1.0,0.0,0.006881338202427647,-0.0038805233554852843,nan,0.006881338202427647,-0.0038805233554852843,nan,1.6463331086370347,1.6463331086370347,0.0,0.0,0.0,nan,0,1,1.0,0.0,0.004550406572626887,-0.0014283884668134228,nan,0.004550406572626887,-0.0014283884668134228,nan,0.6017846320458848,0.6017846320458848,0.0,0.0,0.0,nan,0,1,1.0,0.0,0.006881338202427647,-0.0038805233554852843,nan,0.006881338202427647,-0.0038805233554852843,nan,1.6463331086370347,1.6463331086370347,0.0,0.0,0.0,nan,0
870,0.8330000000000006,0.45,,scientific,0,1,0.18516129032258064,1.0,0.0,0.006883787158073101,-0.0038829522830715127,nan,0.006883787158073101,-0.0038829522830715127,nan,1.6475789493176214,1.6475789493176214,0.0,0.0,0.0,nan,0,1,1.0,0.0,0.004550406572626887,-0.0014283884668134228,nan,0.004550406572626887,-0.0014283884668134228,nan,0.6017846320458848,0.6017846320458848,0.0,0.0,0.0,nan,0,1,1.0,0.0,0.006883787158073101,-0.0038829522830715127,nan,0.006883787158073101,-0.0038829522830715127,nan,1.6475789493176214,1.6475789493176214,0.0,0.0,0.0,nan,0
871,0.8340000000000006,0.45,,scientific,0,1,0.18516129032258064,1.0,0.0,0.006886236657750919,-0.0038853810117224037,nan,0.006886236657750919,-0.0038853810117224037,nan,1.6488246838147487,1.6488246838147487,0.0,0.0,0.0,nan,0,1,1.0,0.0,0.004550406572626887,-0.0014283884668134228,nan,0.004550406572626887,-0.0014283884668134228,nan,0.6017846320458848,0.6017846320458848,0.0,0.0,0.0,nan,0,1,1.0,0.0,0.006886236657750919,-0.0038853810117224037,nan,0.006886236657750919,-0.0038853810117224037,nan,1.6488246838147487,1.6488246838147487,0.0,0.0,0.0,nan,0
872,0.8350000000000006,0.45,,scientific,0,1,0.18516129032258064,1.0,0.0,0.006888686712175108,-0.0038878095487443194,nan,0.006888686712175108,-0.0038878095487443194,nan,1.6500703121914608,1.6500703121914608,0.0,0.0,0.0,nan,0,1,1.0,0.0,0.004550406572626887,-0.0014283884668134228,nan,0.004550406572626887,-0.0014283884668134228,nan,0.6017846320458848,0.6017846320458848,0.0,0.0,0.0,nan,0,1,1.0,0.0,0.006888686712175108,-0.0038878095487443194,nan,0.006888686712175108,-0.0038878095487443194,nan,1.6500703121914608,1.6500703121914608,0.0,0.0,0.0,nan,0
873,0.8360000000000006,0.45,,scientific,0,1,0.18516129032258064,1.0,0.0,0.006891137331513962,-0.003890237901325821,nan,0.006891137331513962,-0.003890237901325821,nan,1.651315834509834,1.651315834509834,0.0,0.0,0.0,nan,0,1,1.0,0.0,0.004550406572626887,-0.0014283884668134228,nan,0.004550406572626887,-0.0014283884668134228,nan,0.6017846320458848,0.6017846320458848,0.0,0.0,0.0,nan,0,1,1.0,0.0,0.006891137331513962,-0.003890237901325821,nan,0.006891137331513962,-0.003890237901325821,nan,1.651315834509834,1.651315834509834,0.0,0.0,0.0,nan,0
874,0.8370000000000006,0.45,,scientific,0,1,0.18516129032258064,1.0,0.0,0.006893588513837759,-0.003892666069580779,nan,0.006893588513837759,-0.003892666069580779,nan,1.6525612508262455,1.6525612508262455,0.0,0.0,0.0,nan,0,1,1.0,0.0,0.004550406572626887,-0.0014283884668134228,nan,0.004550406572626887,-0.0014283884668134228,nan,0.6017846320458848,0.6017846320458848,0.0,0.0,0.0,nan,0,1,1.0,0.0,0.006893588513837759,-0.003892666069580779,nan,0.006893588513837759,-0.003892666069580779,nan,1.6525612508262455,1.6525612508262455,0.0,0.0,0.0,nan,0
875,0.8380000000000006,0.45,,scientific,0,1,0.18516129032258064,1.0,0.0,0.006896040262215474,-0.0038950940507102593,nan,0.006896040262215474,-0.0038950940507102593,nan,1.653806561205187,1.653806561205187,0.0,0.0,0.0,nan,0,1,1.0,0.0,0.004550406572626887,-0.0014283884668134228,nan,0.004550406572626887,-0.0014283884668134228,nan,0.6017846320458848,0.6017846320458848,0.0,0.0,0.0,nan,0,1,1.0,0.0,0.006896040262215474,-0.0038950940507102593,nan,0.006896040262215474,-0.0038950940507102593,nan,1.653806561205187,1.653806561205187,0.0,0.0,0.0,nan,0
876,0.8390000000000006,0.45,,scientific,0,1,0.18516129032258064,1.0,0.0,0.006898492587455842,-0.003897521857437465,nan,0.006898492587455842,-0.003897521857437465,nan,1.6550517657041555,1.6550517657041555,0.0,0.0,0.0,nan,0,1,1.0,0.0,0.004550406572626887,-0.0014283884668134228,nan,0.004550406572626887,-0.0014283884668134228,nan,0.6017846320458848,0.6017846320458848,0.0,0.0,0.0,nan,0,1,1.0,0.0,0.006898492587455842,-0.003897521857437465,nan,0.006898492587455842,-0.003897521857437465,nan,1.6550517657041555,1.6550517657041555,0.0,0.0,0.0,nan,0
877,0.8400000000000006,0.45,,scientific,0,1,0.18516129032258064,1.0,0.0,0.0069009454988550305,-0.003899949497384969,nan,0.0069009454988550305,-0.003899949497384969,nan,1.6562968643855553,1.6562968643855553,0.0,0.0,0.0,nan,0,1,1.0,0.0,0.004550406572626887,-0.0014283884668134228,nan,0.004550406572626887,-0.0014283884668134228,nan,0.6017846320458848,0.6017846320458848,0.0,0.0,0.0,nan,0,1,1.0,0.0,0.0069009454988550305,-0.003899949497384969,nan,0.0069009454988550305,-0.003899949497384969,nan,1.6562968643855553,1.6562968643855553,0.0,0.0,0.0,nan,0
878,0.8410000000000006,0.45,,scientific,0,1,0.18516129032258064,1.0,0.0,0.00613725051685727,-0.002634797204450175,nan,0.00613725051685727,-0.002634797204450175,nan,1.6608852693576701,1.6608852693576701,0.0,0.0,0.0,nan,0,1,1.0,0.0,0.004141973065877689,-0.0007512544633778093,nan,0.004141973065877689,-0.0007512544633778093,nan,0.6028611698492035,0.6028611698492035,0.0,0.0,0.0,nan,0,1,1.0,0.0,0.00613725051685727,-0.002634797204450175,nan,0.00613725051685727,-0.002634797204450175,nan,1.6608852693576701,1.6608852693576701,0.0,0.0,0.0,nan,0
879,0.8420000000000006,0.45,,scientific,0,1,0.18516129032258064,1.0,0.0,0.006139360520024829,-0.0026366571181959645,nan,0.006139360520024829,-0.0026366571181959645,nan,1.6621329086185055,1.6621329086185055,0.0,0.0,0.0,nan,0,1,1.0,0.0,0.004141973065877689,-0.0007512544633778093,nan,0.004141973065877689,-0.0007512544633778093,nan,0.6028611698492035,0.6028611698492035,0.0,0.0,0.0,nan,0,1,1.0,0.0,0.006139360520024829,-0.0026366571181959645,nan,0.006139360520024829,-0.0026366571181959645,nan,1.6621329086185055,1.6621329086185055,0.0,0.0,0.0,nan,0
880,0.8430000000000006,0.45,,scientific,0,1,0.18516129032258064,1.0,0.0,0.006141471264752043,-0.0026385171010856997,nan,0.006141471264752043,-0.0026385171010856997,nan,1.6633804422199567,1.6633804422199567,0.0,0.0,0.0,nan,0,1,1.0,0.0,0.004141973065877689,-0.0007512544633778093,nan,0.004141973065877689,-0.0007512544633778093,nan,0.6028611698492035,0.6028611698492035,0.0,0.0,0.0,nan,0,1,1.0,0.0,0.006141471264752043,-0.0026385171010856997,nan,0.006141471264752043,-0.0026385171010856997,nan,1.6633804422199567,1.6633804422199567,0.0,0.0,0.0,nan,0
881,0.8440000000000006,0.45,,scientific,0,1,0.18516129032258064,1.0,0.0,0.0061435827598048,-0.0026403771591510636,nan,0.0061435827598048,-0.0026403771591510636,nan,1.6646278702231108,1.6646278702231108,0.0,0.0,0.0,nan,0,1,1.0,0.0,0.004141973065877689,-0.0007512544633778093,nan,0.004141973065877689,-0.0007512544633778093,nan,0.6028611698492035,0.6028611698492035,0.0,0.0,0.0,nan,0,1,1.0,0.0,0.0061435827598048,-0.0026403771591510636,nan,0.0061435827598048,-0.0026403771591510636,nan,1.6646278702231108,1.6646278702231108,0.0,0.0,0.0,nan,0
882,0.8450000000000006,0.45,,scientific,0,1,0.18516129032258064,1.0,0.0,0.006145695015649862,-0.0026422372973452122,nan,0.006145695015649862,-0.0026422372973452122,nan,1.6658751926897333,1.6658751926897333,0.0,0.0,0.0,nan,0,1,1.0,0.0,0.004141973065877689,-0.0007512544633778093,nan,0.004141973065877689,-0.0007512544633778093,nan,0.6028611698492035,0.6028611698492035,0.0,0.0,0.0,nan,0,1,1.0,0.0,0.006145695015649862,-0.0026422372973452122,nan,0.006145695015649862,-0.0026422372973452122,nan,1.6658751926897333,1.6658751926897333,0.0,0.0,0.0,nan,0
883,0.8460000000000006,0.45,,scientific,0,1,0.18516129032258064,1.0,0.0,0.006147808045776518,-0.0026440975186553827,nan,0.006147808045776518,-0.0026440975186553827,nan,1.6671224096827593,1.6671224096827593,0.0,0.0,0.0,nan,0,1,1.0,0.0,0.004141973065877689,-0.0007512544633778093,nan,0.004141973065877689,-0.0007512544633778093,nan,0.6028611698492035,0.6028611698492035,0.0,0.0,0.0,nan,0,1,1.0,0.0,0.006147808045776518,-0.0026440975186553827,nan,0.006147808045776518,-0.0026440975186553827,nan,1.6671224096827593,1.6671224096827593,0.0,0.0,0.0,nan,0
884,0.8470000000000006,0.45,,scientific,0,1,0.18516129032258064,1.0,0.0,0.0061499218518734355,-0.002645957836867985,nan,0.0061499218518734355,-0.002645957836867985,nan,1.668369521259836,1.668369521259836,0.0,0.0,0.0,nan,0,1,1.0,0.0,0.004141973065877689,-0.0007512544633778093,nan,0.004141973065877689,-0.0007512544633778093,nan,0.6028611698492035,0.6028611698492035,0.0,0.0,0.0,nan,0,1,1.0,0.0,0.0061499218518734355,-0.002645957836867985,nan,0.0061499218518734355,-0.002645957836867985,nan,1.668369521259836,1.668369521259836,0.0,0.0,0.0,nan,0
885,0.8480000000000006,0.45,,scientific,0,1,0.18516129032258064,1.0,0.0,0.006152036441104217,-0.0026478182571420573,nan,0.006152036441104217,-0.0026478182571420573,nan,1.669616527480568,1.669616527480568,0.0,0.0,0.0,nan,0,1,1.0,0.0,0.004141973065877689,-0.0007512544633778093,nan,0.004141973065877689,-0.0007512544633778093,nan,0.6028611698492035,0.6028611698492035,0.0,0.0,0.0,nan,0,1,1.0,0.0,0.006152036441104217,-0.0026478182571420573,nan,0.006152036441104217,-0.0026478182571420573,nan,1.669616527480568,1.669616527480568,0.0,0.0,0.0,nan,0
886,0.8490000000000006,0.45,,scientific,0,1,0.18516129032258064,1.0,0.0,0.00596044911237318,-0.001211709847071043,nan,0.00596044911237318,-0.001211709847071043,nan,1.6741698215586853,1.6741698215586853,0.0,0.0,0.0,nan,0,1,1.0,0.0,0.004037984198211087,2.7831340202357887e-05,nan,0.004037984198211087,2.7831340202357887e-05,nan,0.6039377076525221,0.6039377076525221,0.0,0.0,0.0,nan,0,1,1.0,0.0,0.00596044911237318,-0.001211709847071043,nan,0.00596044911237318,-0.001211709847071043,nan,1.6741698215586853,1.6741698215586853,0.0,0.0,0.0,nan,0
887,0.8500000000000006,0.45,,scientific,0,1,0.18516129032258064,1.0,0.0,0.005962479806115725,-0.001212946637820551,nan,0.005962479806115725,-0.001212946637820551,nan,1.6754192846205436,1.6754192846205436,0.0,0.0,0.0,nan,0,1,1.0,0.0,0.004037984198211087,2.7831340202357887e-05,nan,0.004037984198211087,2.7831340202357887e-05,nan,0.6039377076525221,0.6039377076525221,0.0,0.0,0.0,nan,0,1,1.0,0.0,0.005962479806115725,-0.001212946637820551,nan,0.005962479806115725,-0.001212946637820551,nan,1.6754192846205436,1.6754192846205436,0.0,0.0,0.0,nan,0
888,0.8510000000000006,0.45,,scientific,0,1,0.18516129032258064,1.0,0.0,0.005964511333087449,-0.001214183747796199,nan,0.005964511333087449,-0.001214183747796199,nan,1.6766686425554886,1.6766686425554886,0.0,0.0,0.0,nan,0,1,1.0,0.0,0.004037984198211087,2.7831340202357887e-05,nan,0.004037984198211087,2.7831340202357887e-05,nan,0.6039377076525221,0.6039377076525221,0.0,0.0,0.0,nan,0,1,1.0,0.0,0.005964511333087449,-0.001214183747796199,nan,0.005964511333087449,-0.001214183747796199,nan,1.6766686425554886,1.6766686425554886,0.0,0.0,0.0,nan,0
889,0.8520000000000006,0.45,,scientific,0,1,0.18516129032258064,1.0,0.0,0.004480743757072575,-0.0012729303427181538,nan,0.004480743757072575,-0.0012729303427181538,nan,1.6812955839438382,1.6812955839438382,0.0,0.0,0.0,nan,0,1,1.0,0.0,0.0032493662709958274,-2.7935713284742313e-06,nan,0.0032493662709958274,-2.7935713284742313e-06,nan,0.6050142454558407,0.6050142454558407,0.0,0.0,0.0,nan,0,1,1.0,0.0,0.004480743757072575,-0.0012729303427181538,nan,0.004480743757072575,-0.0012729303427181538,nan,1.6812955839438382,1.6812955839438382,0.0,0.0,0.0,nan,0
890,0.8530000000000006,0.45,,scientific,0,1,0.18516129032258064,1.0,0.0,0.004482116184732458,-0.0012741933135617725,nan,0.004482116184732458,-0.0012741933135617725,nan,1.6825474896317307,1.6825474896317307,0.0,0.0,0.0,nan,0,1,1.0,0.0,0.0032493662709958274,-2.7935713284742313e-06,nan,0.0032493662709958274,-2.7935713284742313e-06,nan,0.6050142454558407,0.6050142454558407,0.0,0.0,0.0,nan,0,1,1.0,0.0,0.004482116184732458,-0.0012741933135617725,nan,0.004482116184732458,-0.0012741933135617725,nan,1.6825474896317307,1.6825474896317307,0.0,0.0,0.0,nan,0
891,0.8540000000000006,0.45,,scientific,0,1,0.18516129032258064,1.0,0.0,0.004483489728854217,-0.0012754566055569216,nan,0.004483489728854217,-0.0012754566055569216,nan,1.6837992903369,1.6837992903369,0.0,0.0,0.0,nan,0,1,1.0,0.0,0.0032493662709958274,-2.7935713284742313e-06,nan,0.0032493662709958274,-2.7935713284742313e-06,nan,0.6050142454558407,0.6050142454558407,0.0,0.0,0.0,nan,0,1,1.0,0.0,0.004483489728854217,-0.0012754566055569216,nan,0.004483489728854217,-0.0012754566055569216,nan,1.6837992903369,1.6837992903369,0.0,0.0,0.0,nan,0
892,0.8550000000000006,0.45,,scientific,0,1,0.18516129032258064,1.0,0.0,0.004484864398435086,-0.001276720224749929,nan,0.004484864398435086,-0.001276720224749929,nan,1.6850509861201521,1.6850509861201521,0.0,0.0,0.0,nan,0,1,1.0,0.0,0.0032493662709958274,-2.7935713284742313e-06,nan,0.0032493662709958274,-2.7935713284742313e-06,nan,0.6050142454558407,0.6050142454558407,0.0,0.0,0.0,nan,0,1,1.0,0.0,0.004484864398435086,-0.001276720224749929,nan,0.004484864398435086,-0.001276720224749929,nan,1.6850509861201521,1.6850509861201521,0.0,0.0,0.0,nan,0
893,0.8560000000000006,0.45,,scientific,0,1,0.18516129032258064,1.0,0.0,0.004486240204708879,-0.001277984172898129,nan,0.004486240204708879,-0.001277984172898129,nan,1.6863025770472464,1.6863025770472464,0.0,0.0,0.0,nan,0,1,1.0,0.0,0.0032493662709958274,-2.7935713284742313e-06,nan,0.0032493662709958274,-2.7935713284742313e-06,nan,0.6050142454558407,0.6050142454558407,0.0,0.0,0.0,nan,0,1,1.0,0.0,0.004486240204708879,-0.001277984172898129,nan,0.004486240204708879,-0.001277984172898129,nan,1.6863025770472464,1.6863025770472464,0.0,0.0,0.0,nan,0
894,0.8570000000000007,0.45,,scientific,0,1,0.18516129032258064,1.0,0.0,0.004487617160797667,-0.0012792484609674313,nan,0.004487617160797667,-0.0012792484609674313,nan,1.6875540631739243,1.6875540631739243,0.0,0.0,0.0,nan,0,1,1.0,0.0,0.0032493662709958274,-2.7935713284742313e-06,nan,0.0032493662709958274,-2.7935713284742313e-06,nan,0.6050142454558407,0.6050142454558407,0.0,0.0,0.0,nan,0,1,1.0,0.0,0.004487617160797667,-0.0012792484609674313,nan,0.004487617160797667,-0.0012792484609674313,nan,1.6875540631739243,1.6875540631739243,0.0,0.0,0.0,nan,0
895,0.8580000000000007,0.45,,scientific,0,1,0.18516129032258064,1.0,0.0,0.00448899526969714,-0.0012805131014088146,nan,0.00448899526969714,-0.0012805131014088146,nan,1.6888054445520608,1.6888054445520608,0.0,0.0,0.0,nan,0,1,1.0,0.0,0.0032493662709958274,-2.7935713284742313e-06,nan,0.0032493662709958274,-2.7935713284742313e-06,nan,0.6050142454558407,0.6050142454558407,0.0,0.0,0.0,nan,0,1,1.0,0.0,0.00448899526969714,-0.0012805131014088146,nan,0.00448899526969714,-0.0012805131014088146,nan,1.6888054445520608,1.6888054445520608,0.0,0.0,0.0,nan,0
896,0.8590000000000007,0.45,,scientific,0,1,0.18516129032258064,1.0,0.0,0.004490374540269358,-0.0012817780939272689,nan,0.004490374540269358,-0.0012817780939272689,nan,1.6900567212360444,1.6900567212360444,0.0,0.0,0.0,nan,0,1,1.0,0.0,0.0032493662709958274,-2.7935713284742313e-06,nan,0.0032493662709958274,-2.7935713284742313e-06,nan,0.6050142454558407,0.6050142454558407,0.0,0.0,0.0,nan,0,1,1.0,0.0,0.004490374540269358,-0.0012817780939272689,nan,0.004490374540269358,-0.0012817780939272689,nan,1.6900567212360444,1.6900567212360444,0.0,0.0,0.0,nan,0
897,0.8600000000000007,0.45,,scientific,0,1,0.18516129032258064,1.0,0.0,0.004491754979967028,-0.0012830434388520068,nan,0.004491754979967028,-0.0012830434388520068,nan,1.6913078932900354,1.6913078932900354,0.0,0.0,0.0,nan,0,1,1.0,0.0,0.0032493662709958274,-2.7935713284742313e-06,nan,0.0032493662709958274,-2.7935713284742313e-06,nan,0.6050142454558407,0.6050142454558407,0.0,0.0,0.0,nan,0,1,1.0,0.0,0.004491754979967028,-0.0012830434388520068,nan,0.004491754979967028,-0.0012830434388520068,nan,1.6913078932900354,1.6913078932900354,0.0,0.0,0.0,nan,0
898,0.8610000000000007,0.45,,scientific,0,1,0.18516129032258064,1.0,0.0,0.004493136601861212,-0.0012843091313747056,nan,0.004493136601861212,-0.0012843091313747056,nan,1.6925589607801084,1.6925589607801084,0.0,0.0,0.0,nan,0,1,1.0,0.0,0.0032493662709958274,-2.7935713284742313e-06,nan,0.0032493662709958274,-2.7935713284742313e-06,nan,0.6050142454558407,0.6050142454558407,0.0,0.0,0.0,nan,0,1,1.0,0.0,0.004493136601861212,-0.0012843091313747056,nan,0.004493136601861212,-0.0012843091313747056,nan,1.6925589607801084,1.6925589607801084,0.0,0.0,0.0,nan,0
899,0.8620000000000007,0.45,,scientific,0,1,0.18516129032258064,1.0,0.0,0.00449451942453337,-0.0012855751748185127,nan,0.00449451942453337,-0.0012855751748185127,nan,1.6938099237640847,1.6938099237640847,0.0,0.0,0.0,nan,0,1,1.0,0.0,0.0032493662709958274,-2.7935713284742313e-06,nan,0.0032493662709958274,-2.7935713284742313e-06,nan,0.6050142454558407,0.6050142454558407,0.0,0.0,0.0,nan,0,1,1.0,0.0,0.00449451942453337,-0.0012855751748185127,nan,0.00449451942453337,-0.0012855751748185127,nan,1.6938099237640847,1.6938099237640847,0.0,0.0,0.0,nan,0
900,0.8630000000000007,0.45,,scientific,0,1,0.18516129032258064,1.0,0.0,0.004495903439621154,-0.001286841595010221,nan,0.004495903439621154,-0.001286841595010221,nan,1.6950607822929402,1.6950607822929402,0.0,0.0,0.0,nan,0,1,1.0,0.0,0.0032493662709958274,-2.7935713284742313e-06,nan,0.0032493662709958274,-2.7935713284742313e-06,nan,0.6050142454558407,0.6050142454558407,0.0,0.0,0.0,nan,0,1,1.0,0.0,0.004495903439621154,-0.001286841595010221,nan,0.004495903439621154,-0.001286841595010221,nan,1.6950607822929402,1.6950607822929402,0.0,0.0,0.0,nan,0
901,0.8640000000000007,0.45,,scientific,0,1,0.18516129032258064,1.0,0.0,0.004497288661060915,-0.0012881083997268172,nan,0.004497288661060915,-0.0012881083997268172,nan,1.696311536420728,1.696311536420728,0.0,0.0,0.0,nan,0,1,1.0,0.0,0.0032493662709958274,-2.7935713284742313e-06,nan,0.0032493662709958274,-2.7935713284742313e-06,nan,0.6050142454558407,0.6050142454558407,0.0,0.0,0.0,nan,0,1,1.0,0.0,0.004497288661060915,-0.0012881083997268172,nan,0.004497288661060915,-0.0012881083997268172,nan,1.696311536420728,1.696311536420728,0.0,0.0,0.0,nan,0
902,0.8650000000000007,0.45,,scientific,0,1,0.18516129032258064,1.0,0.0,0.004498675098365715,-0.001289375594519966,nan,0.004498675098365715,-0.001289375594519966,nan,1.6975621862094221,1.6975621862094221,0.0,0.0,0.0,nan,0,1,1.0,0.0,0.0032493662709958274,-2.7935713284742313e-06,nan,0.0032493662709958274,-2.7935713284742313e-06,nan,0.6050142454558407,0.6050142454558407,0.0,0.0,0.0,nan,0,1,1.0,0.0,0.004498675098365715,-0.001289375594519966,nan,0.004498675098365715,-0.001289375594519966,nan,1.6975621862094221,1.6975621862094221,0.0,0.0,0.0,nan,0
903,0.8660000000000007,0.45,,scientific,0,1,0.18516129032258064,1.0,0.0,0.00450006276009302,-0.0012906431848348841,nan,0.00450006276009302,-0.0012906431848348841,nan,1.6988127317213944,1.6988127317213944,0.0,0.0,0.0,nan,0,1,1.0,0.0,0.0032493662709958274,-2.7935713284742313e-06,nan,0.0032493662709958274,-2.7935713284742313e-06,nan,0.6050142454558407,0.6050142454558407,0.0,0.0,0.0,nan,0,1,1.0,0.0,0.00450006276009302,-0.0012906431848348841,nan,0.00450006276009302,-0.0012906431848348841,nan,1.6988127317213944,1.6988127317213944,0.0,0.0,0.0,nan,0
904,0.8670000000000007,0.45,,scientific,0,1,0.18516129032258064,1.0,0.0,0.004501451672668227,-0.0012919111682717442,nan,0.004501451672668227,-0.0012919111682717442,nan,1.7000631730235127,1.7000631730235127,0.0,0.0,0.0,nan,0,1,1.0,0.0,0.0032493662709958274,-2.7935713284742313e-06,nan,0.0032493662709958274,-2.7935713284742313e-06,nan,0.6050142454558407,0.6050142454558407,0.0,0.0,0.0,nan,0,1,1.0,0.0,0.004501451672668227,-0.0012919111682717442,nan,0.004501451672668227,-0.0012919111682717442,nan,1.7000631730235127,1.7000631730235127,0.0,0.0,0.0,nan,0
905,0.8680000000000007,0.45,,scientific,0,1,0.18516129032258064,1.0,0.0,0.004502841842630518,-0.00129317956729633,nan,0.004502841842630518,-0.00129317956729633,nan,1.701313510175091,1.701313510175091,0.0,0.0,0.0,nan,0,1,1.0,0.0,0.0032493662709958274,-2.7935713284742313e-06,nan,0.0032493662709958274,-2.7935713284742313e-06,nan,0.6050142454558407,0.6050142454558407,0.0,0.0,0.0,nan,0,1,1.0,0.0,0.004502841842630518,-0.00129317956729633,nan,0.004502841842630518,-0.00129317956729633,nan,1.701313510175091,1.701313510175091,0.0,0.0,0.0,nan,0
906,0.8690000000000007,0.45,,scientific,0,1,0.18516129032258064,1.0,0.0,0.004504233277580086,-0.0012944483886572664,nan,0.004504233277580086,-0.0012944483886572664,nan,1.70256374322547,1.70256374322547,0.0,0.0,0.0,nan,0,1,1.0,0.0,0.0032493662709958274,-2.7935713284742313e-06,nan,0.0032493662709958274,-2.7935713284742313e-06,nan,0.6050142454558407,0.6050142454558407,0.0,0.0,0.0,nan,0,1,1.0,0.0,0.004504233277580086,-0.0012944483886572664,nan,0.004504233277580086,-0.0012944483886572664,nan,1.70256374322547,1.70256374322547,0.0,0.0,0.0,nan,0
907,0.8700000000000007,0.45,,scientific,0,1,0.18516129032258064,1.0,0.0,0.004505625977664208,-0.001295717632592058,nan,0.004505625977664208,-0.001295717632592058,nan,1.7038138722267413,1.7038138722267413,0.0,0.0,0.0,nan,0,1,1.0,0.0,0.0032493662709958274,-2.7935713284742313e-06,nan,0.0032493662709958274,-2.7935713284742313e-06,nan,0.6050142454558407,0.6050142454558407,0.0,0.0,0.0,nan,0,1,1.0,0.0,0.004505625977664208,-0.001295717632592058,nan,0.004505625977664208,-0.001295717632592058,nan,1.7038138722267413,1.7038138722267413,0.0,0.0,0.0,nan,0
908,0.8710000000000007,0.45,,scientific,0,1,0.18516129032258064,1.0,0.0,0.004507019950005679,-0.0012969873038372135,nan,0.004507019950005679,-0.0012969873038372135,nan,1.7050638972406558,1.7050638972406558,0.0,0.0,0.0,nan,0,1,1.0,0.0,0.0032493662709958274,-2.7935713284742313e-06,nan,0.0032493662709958274,-2.7935713284742313e-06,nan,0.6050142454558407,0.6050142454558407,0.0,0.0,0.0,nan,0,1,1.0,0.0,0.004507019950005679,-0.0012969873038372135,nan,0.004507019950005679,-0.0012969873038372135,nan,1.7050638972406558,1.7050638972406558,0.0,0.0,0.0,nan,0
909,0.8720000000000007,0.45,,scientific,0,1,0.18516129032258064,1.0,0.0,0.004508415204511469,-0.001298257405971116,nan,0.004508415204511469,-0.001298257405971116,nan,1.7063138183323536,1.7063138183323536,0.0,0.0,0.0,nan,0,1,1.0,0.0,0.0032493662709958274,-2.7935713284742313e-06,nan,0.0032493662709958274,-2.7935713284742313e-06,nan,0.6050142454558407,0.6050142454558407,0.0,0.0,0.0,nan,0,1,1.0,0.0,0.004508415204511469,-0.001298257405971116,nan,0.004508415204511469,-0.001298257405971116,nan,1.7063138183323536,1.7063138183323536,0.0,0.0,0.0,nan,0
910,0.8730000000000007,0.45,,scientific,0,1,0.18516129032258064,1.0,0.0,0.004509811759853697,-0.0012995279523968792,nan,0.004509811759853697,-0.0012995279523968792,nan,1.707563635565584,1.707563635565584,0.0,0.0,0.0,nan,0,1,1.0,0.0,0.0032493662709958274,-2.7935713284742313e-06,nan,0.0032493662709958274,-2.7935713284742313e-06,nan,0.6050142454558407,0.6050142454558407,0.0,0.0,0.0,nan,0,1,1.0,0.0,0.004509811759853697,-0.0012995279523968792,nan,0.004509811759853697,-0.0012995279523968792,nan,1.707563635565584,1.707563635565584,0.0,0.0,0.0,nan,0
911,0.8740000000000007,0.45,,scientific,0,1,0.18516129032258064,1.0,0.0,0.004511209617969807,-0.0013007989461222356,nan,0.004511209617969807,-0.0013007989461222356,nan,1.7088133489942037,1.7088133489942037,0.0,0.0,0.0,nan,0,1,1.0,0.0,0.0032493662709958274,-2.7935713284742313e-06,nan,0.0032493662709958274,-2.7935713284742313e-06,nan,0.6050142454558407,0.6050142454558407,0.0,0.0,0.0,nan,0,1,1.0,0.0,0.004511209617969807,-0.0013007989461222356,nan,0.004511209617969807,-0.0013007989461222356,nan,1.7088133489942037,1.7088133489942037,0.0,0.0,0.0,nan,0
912,0.8750000000000007,0.45,,scientific,0,1,0.18516129032258064,1.0,0.0,0.004512608786381714,-0.001302070380822566,nan,0.004512608786381714,-0.001302070380822566,nan,1.710062958683194,1.710062958683194,0.0,0.0,0.0,nan,0,1,1.0,0.0,0.0032493662709958274,-2.7935713284742313e-06,nan,0.0032493662709958274,-2.7935713284742313e-06,nan,0.6050142454558407,0.6050142454558407,0.0,0.0,0.0,nan,0,1,1.0,0.0,0.004512608786381714,-0.001302070380822566,nan,0.004512608786381714,-0.001302070380822566,nan,1.710062958683194,1.710062958683194,0.0,0.0,0.0,nan,0
913,0.8760000000000007,0.45,,scientific,0,1,0.18580645161290324,1.0,0.0,0.00451400926929301,-0.0013033422632287887,nan,0.00451400926929301,-0.0013033422632287887,nan,1.711312464695925,1.711312464695925,0.0,0.0,0.0,nan,0,1,1.0,0.0,0.0032493662709958274,-2.7935713284742313e-06,nan,0.0032493662709958274,-2.7935713284742313e-06,nan,0.6050142454558407,0.6050142454558407,0.0,0.0,0.0,nan,0,1,1.0,0.0,0.00451400926929301,-0.0013033422632287887,nan,0.00451400926929301,-0.0013033422632287887,nan,1.711312464695925,1.711312464695925,0.0,0.0,0.0,nan,0
914,0.8770000000000007,0.45,,scientific,0,1,0.18580645161290324,1.0,0.0,0.004515411081243587,-0.0013046146136980522,nan,0.004515411081243587,-0.0013046146136980522,nan,1.7125618670784173,1.7125618670784173,0.0,0.0,0.0,nan,0,1,1.0,0.0,0.0032493662709958274,-2.7935713284742313e-06,nan,0.0032493662709958274,-2.7935713284742313e-06,nan,0.6050142454558407,0.6050142454558407,0.0,0.0,0.0,nan,0,1,1.0,0.0,0.004515411081243587,-0.0013046146136980522,nan,0.004515411081243587,-0.0013046146136980522,nan,1.7125618670784173,1.7125618670784173,0.0,0.0,0.0,nan,0
915,0.8780000000000007,0.45,,scientific,0,1,0.18580645161290324,1.0,0.0,0.0045168142479920514,-0.0013058874377036573,nan,0.0045168142479920514,-0.0013058874377036573,nan,1.7138111658931554,1.7138111658931554,0.0,0.0,0.0,nan,0,1,1.0,0.0,0.0032493662709958274,-2.7935713284742313e-06,nan,0.0032493662709958274,-2.7935713284742313e-06,nan,0.6050142454558407,0.6050142454558407,0.0,0.0,0.0,nan,0,1,1.0,0.0,0.0045168142479920514,-0.0013058874377036573,nan,0.0045168142479920514,-0.0013058874377036573,nan,1.7138111658931554,1.7138111658931554,0.0,0.0,0.0,nan,0
916,0.8790000000000007,0.45,,scientific,0,1,0.18580645161290324,1.0,0.0,0.004518218768761479,-0.0013071607412846952,nan,0.004518218768761479,-0.0013071607412846952,nan,1.7150603611937498,1.7150603611937498,0.0,0.0,0.0,nan,0,1,1.0,0.0,0.0032493662709958274,-2.7935713284742313e-06,nan,0.0032493662709958274,-2.7935713284742313e-06,nan,0.6050142454558407,0.6050142454558407,0.0,0.0,0.0,nan,0,1,1.0,0.0,0.004518218768761479,-0.0013071607412846952,nan,0.004518218768761479,-0.0013071607412846952,nan,1.7150603611937498,1.7150603611937498,0.0,0.0,0.0,nan,0
917,0.8800000000000007,0.45,,scientific,0,1,0.18580645161290324,1.0,0.0,0.004519624646436967,-0.0013084345320879636,nan,0.004519624646436967,-0.0013084345320879636,nan,1.7163094530408416,1.7163094530408416,0.0,0.0,0.0,nan,0,1,1.0,0.0,0.0032493662709958274,-2.7935713284742313e-06,nan,0.0032493662709958274,-2.7935713284742313e-06,nan,0.6050142454558407,0.6050142454558407,0.0,0.0,0.0,nan,0,1,1.0,0.0,0.004519624646436967,-0.0013084345320879636,nan,0.004519624646436967,-0.0013084345320879636,nan,1.7163094530408416,1.7163094530408416,0.0,0.0,0.0,nan,0
918,0.8810000000000007,0.45,,scientific,0,1,0.18580645161290324,1.0,0.0,0.004521031890078691,-0.0013097088162133549,nan,0.004521031890078691,-0.0013097088162133549,nan,1.7175584414952536,1.7175584414952536,0.0,0.0,0.0,nan,0,1,1.0,0.0,0.0032493662709958274,-2.7935713284742313e-06,nan,0.0032493662709958274,-2.7935713284742313e-06,nan,0.6050142454558407,0.6050142454558407,0.0,0.0,0.0,nan,0,1,1.0,0.0,0.004521031890078691,-0.0013097088162133549,nan,0.004521031890078691,-0.0013097088162133549,nan,1.7175584414952536,1.7175584414952536,0.0,0.0,0.0,nan,0
919,0.8820000000000007,0.45,,scientific,0,1,0.18580645161290324,1.0,0.0,0.004522440511378102,-0.0013109835986977504,nan,0.004522440511378102,-0.0013109835986977504,nan,1.7188073266168646,1.7188073266168646,0.0,0.0,0.0,nan,0,1,1.0,0.0,0.0032493662709958274,-2.7935713284742313e-06,nan,0.0032493662709958274,-2.7935713284742313e-06,nan,0.6050142454558407,0.6050142454558407,0.0,0.0,0.0,nan,0,1,1.0,0.0,0.004522440511378102,-0.0013109835986977504,nan,0.004522440511378102,-0.0013109835986977504,nan,1.7188073266168646,1.7188073266168646,0.0,0.0,0.0,nan,0
920,0.8830000000000007,0.45,,scientific,0,1,0.18580645161290324,1.0,0.0,0.0045238505198045235,-0.0013122588793118282,nan,0.0045238505198045235,-0.0013122588793118282,nan,1.7200561084689308,1.7200561084689308,0.0,0.0,0.0,nan,0,1,1.0,0.0,0.0032493662709958274,-2.7935713284742313e-06,nan,0.0032493662709958274,-2.7935713284742313e-06,nan,0.6050142454558407,0.6050142454558407,0.0,0.0,0.0,nan,0,1,1.0,0.0,0.0045238505198045235,-0.0013122588793118282,nan,0.0045238505198045235,-0.0013122588793118282,nan,1.7200561084689308,1.7200561084689308,0.0,0.0,0.0,nan,0
921,0.8840000000000007,0.45,,scientific,0,1,0.18580645161290324,1.0,0.0,0.00452526192980209,-0.0013135346817923106,nan,0.00452526192980209,-0.0013135346817923106,nan,1.721304787112599,1.721304787112599,0.0,0.0,0.0,nan,0,1,1.0,0.0,0.0032493662709958274,-2.7935713284742313e-06,nan,0.0032493662709958274,-2.7935713284742313e-06,nan,0.6050142454558407,0.6050142454558407,0.0,0.0,0.0,nan,0,1,1.0,0.0,0.00452526192980209,-0.0013135346817923106,nan,0.00452526192980209,-0.0013135346817923106,nan,1.721304787112599,1.721304787112599,0.0,0.0,0.0,nan,0
922,0.8850000000000007,0.45,,scientific,0,1,0.18580645161290324,1.0,0.0,0.004526674752741797,-0.0013148110002361882,nan,0.004526674752741797,-0.0013148110002361882,nan,1.7225533625991363,1.7225533625991363,0.0,0.0,0.0,nan,0,1,1.0,0.0,0.0032493662709958274,-2.7935713284742313e-06,nan,0.0032493662709958274,-2.7935713284742313e-06,nan,0.6050142454558407,0.6050142454558407,0.0,0.0,0.0,nan,0,1,1.0,0.0,0.004526674752741797,-0.0013148110002361882,nan,0.004526674752741797,-0.0013148110002361882,nan,1.7225533625991363,1.7225533625991363,0.0,0.0,0.0,nan,0
923,0.8860000000000007,0.45,,scientific,0,1,0.18580645161290324,1.0,0.0,0.004528088994253806,-0.0013160878446227039,nan,0.004528088994253806,-0.0013160878446227039,nan,1.7238018349894721,1.7238018349894721,0.0,0.0,0.0,nan,0,1,1.0,0.0,0.0032493662709958274,-2.7935713284742313e-06,nan,0.0032493662709958274,-2.7935713284742313e-06,nan,0.6050142454558407,0.6050142454558407,0.0,0.0,0.0,nan,0,1,1.0,0.0,0.004528088994253806,-0.0013160878446227039,nan,0.004528088994253806,-0.0013160878446227039,nan,1.7238018349894721,1.7238018349894721,0.0,0.0,0.0,nan,0
924,0.8870000000000007,0.45,,scientific,0,1,0.18580645161290324,1.0,0.0,0.004529504657552235,-0.0013173652306858637,nan,0.004529504657552235,-0.0013173652306858637,nan,1.725050204348698,1.725050204348698,0.0,0.0,0.0,nan,0,1,1.0,0.0,0.0032493662709958274,-2.7935713284742313e-06,nan,0.0032493662709958274,-2.7935713284742313e-06,nan,0.6050142454558407,0.6050142454558407,0.0,0.0,0.0,nan,0,1,1.0,0.0,0.004529504657552235,-0.0013173652306858637,nan,0.004529504657552235,-0.0013173652306858637,nan,1.725050204348698,1.725050204348698,0.0,0.0,0.0,nan,0
925,0.8880000000000007,0.45,,scientific,0,1,0.18580645161290324,1.0,0.0,0.00395301898532683,-0.0018137831866185316,nan,0.00395301898532683,-0.0018137831866185316,nan,1.7331784643756845,1.7331784643756845,0.0,0.0,0.0,nan,0,1,1.0,0.0,0.0029405671318012243,-0.00025854144163713126,nan,0.0029405671318012243,-0.00025854144163713126,nan,0.607167321062478,0.607167321062478,0.0,0.0,0.0,nan,0,1,1.0,0.0,0.00395301898532683,-0.0018137831866185316,nan,0.00395301898532683,-0.0018137831866185316,nan,1.7331784643756845,1.7331784643756845,0.0,0.0,0.0,nan,0
926,0.8890000000000007,0.45,,scientific,0,1,0.18580645161290324,1.0,0.0,0.0039541932397286145,-0.0018152785129358527,nan,0.0039541932397286145,-0.0018152785129358527,nan,1.7344320464339449,1.7344320464339449,0.0,0.0,0.0,nan,0,1,1.0,0.0,0.0029405671318012243,-0.00025854144163713126,nan,0.0029405671318012243,-0.00025854144163713126,nan,0.607167321062478,0.607167321062478,0.0,0.0,0.0,nan,0,1,1.0,0.0,0.0039541932397286145,-0.0018152785129358527,nan,0.0039541932397286145,-0.0018152785129358527,nan,1.7344320464339449,1.7344320464339449,0.0,0.0,0.0,nan,0
927,0.8900000000000007,0.45,,scientific,0,1,0.18580645161290324,1.0,0.0,0.00395536900642081,-0.0018167742863082835,nan,0.00395536900642081,-0.0018167742863082835,nan,1.7356855256356734,1.7356855256356734,0.0,0.0,0.0,nan,0,1,1.0,0.0,0.0029405671318012243,-0.00025854144163713126,nan,0.0029405671318012243,-0.00025854144163713126,nan,0.607167321062478,0.607167321062478,0.0,0.0,0.0,nan,0,1,1.0,0.0,0.00395536900642081,-0.0018167742863082835,nan,0.00395536900642081,-0.0018167742863082835,nan,1.7356855256356734,1.7356855256356734,0.0,0.0,0.0,nan,0
928,0.8910000000000007,0.45,,scientific,0,1,0.18580645161290324,1.0,0.0,0.0039565462974517854,-0.0018182705171026503,nan,0.0039565462974517854,-0.0018182705171026503,nan,1.7369389020399795,1.7369389020399795,0.0,0.0,0.0,nan,0,1,1.0,0.0,0.0029405671318012243,-0.00025854144163713126,nan,0.0029405671318012243,-0.00025854144163713126,nan,0.607167321062478,0.607167321062478,0.0,0.0,0.0,nan,0,1,1.0,0.0,0.0039565462974517854,-0.0018182705171026503,nan,0.0039565462974517854,-0.0018182705171026503,nan,1.7369389020399795,1.7369389020399795,0.0,0.0,0.0,nan,0
929,0.8920000000000007,0.45,,scientific,0,1,0.18580645161290324,1.0,0.0,0.003957725123085625,-0.0018197672125879916,nan,0.003957725123085625,-0.0018197672125879916,nan,1.7381921757094116,1.7381921757094116,0.0,0.0,0.0,nan,0,1,1.0,0.0,0.0029405671318012243,-0.00025854144163713126,nan,0.0029405671318012243,-0.00025854144163713126,nan,0.607167321062478,0.607167321062478,0.0,0.0,0.0,nan,0,1,1.0,0.0,0.003957725123085625,-0.0018197672125879916,nan,0.003957725123085625,-0.0018197672125879916,nan,1.7381921757094116,1.7381921757094116,0.0,0.0,0.0,nan,0
930,0.8930000000000007,0.45,,scientific,0,1,0.18580645161290324,1.0,0.0,0.003685826391854084,-0.0032993091106780347,nan,0.003685826391854084,-0.0032993091106780347,nan,1.7429656630492212,1.7429656630492212,0.0,0.0,0.0,nan,0,1,1.0,0.0,0.0027997490075294435,-0.001024026768104971,nan,0.0027997490075294435,-0.001024026768104971,nan,0.6082438588657202,0.6082438588657202,0.0,0.0,0.0,nan,0,1,1.0,0.0,0.003685826391854084,-0.0032993091106780347,nan,0.003685826391854084,-0.0032993091106780347,nan,1.7429656630492212,1.7429656630492212,0.0,0.0,0.0,nan,0
931,0.8940000000000007,0.45,,scientific,0,1,0.18580645161290324,1.0,0.0,0.0036868880603798827,-0.003301451065667572,nan,0.0036868880603798827,-0.003301451065667572,nan,1.744221534776933,1.744221534776933,0.0,0.0,0.0,nan,0,1,1.0,0.0,0.0027997490075294435,-0.001024026768104971,nan,0.0027997490075294435,-0.001024026768104971,nan,0.6082438588657202,0.6082438588657202,0.0,0.0,0.0,nan,0,1,1.0,0.0,0.0036868880603798827,-0.003301451065667572,nan,0.0036868880603798827,-0.003301451065667572,nan,1.744221534776933,1.744221534776933,0.0,0.0,0.0,nan,0
932,0.8950000000000007,0.45,,scientific,0,1,0.18580645161290324,1.0,0.0,0.003687951338389589,-0.003303593279525454,nan,0.003687951338389589,-0.003303593279525454,nan,1.7454773039251679,1.7454773039251679,0.0,0.0,0.0,nan,0,1,1.0,0.0,0.0027997490075294435,-0.001024026768104971,nan,0.0027997490075294435,-0.001024026768104971,nan,0.6082438588657202,0.6082438588657202,0.0,0.0,0.0,nan,0,1,1.0,0.0,0.003687951338389589,-0.003303593279525454,nan,0.003687951338389589,-0.003303593279525454,nan,1.7454773039251679,1.7454773039251679,0.0,0.0,0.0,nan,0
933,0.8960000000000007,0.45,,scientific,0,1,0.18580645161290324,1.0,0.0,0.0036890162301630495,-0.0033057357466706053,nan,0.0036890162301630495,-0.0033057357466706053,nan,1.7467329705390668,1.7467329705390668,0.0,0.0,0.0,nan,0,1,1.0,0.0,0.0027997490075294435,-0.001024026768104971,nan,0.0027997490075294435,-0.001024026768104971,nan,0.6082438588657202,0.6082438588657202,0.0,0.0,0.0,nan,0,1,1.0,0.0,0.0036890162301630495,-0.0033057357466706053,nan,0.0036890162301630495,-0.0033057357466706053,nan,1.7467329705390668,1.7467329705390668,0.0,0.0,0.0,nan,0
934,0.8970000000000007,0.45,,scientific,0,1,0.18580645161290324,1.0,0.0,0.0036900827442654114,-0.003307878470435479,nan,0.0036900827442654114,-0.003307878470435479,nan,1.7479885346749136,1.7479885346749136,0.0,0.0,0.0,nan,0,1,1.0,0.0,0.0027997490075294435,-0.001024026768104971,nan,0.0027997490075294435,-0.001024026768104971,nan,0.6082438588657202,0.6082438588657202,0.0,0.0,0.0,nan,0,1,1.0,0.0,0.0036900827442654114,-0.003307878470435479,nan,0.0036900827442654114,-0.003307878470435479,nan,1.7479885346749136,1.7479885346749136,0.0,0.0,0.0,nan,0
935,0.8980000000000007,0.45,,scientific,0,1,0.18580645161290324,1.0,0.0,0.003691150888983592,-0.003310021464956294,nan,0.003691150888983592,-0.003310021464956294,nan,1.7492439963953959,1.7492439963953959,0.0,0.0,0.0,nan,0,1,1.0,0.0,0.0027997490075294435,-0.001024026768104971,nan,0.0027997490075294435,-0.001024026768104971,nan,0.6082438588657202,0.6082438588657202,0.0,0.0,0.0,nan,0,1,1.0,0.0,0.003691150888983592,-0.003310021464956294,nan,0.003691150888983592,-0.003310021464956294,nan,1.7492439963953959,1.7492439963953959,0.0,0.0,0.0,nan,0
936,0.8990000000000007,0.45,,scientific,0,1,0.18580645161290324,1.0,0.0,0.003692220671715371,-0.003312164743845407,nan,0.003692220671715371,-0.003312164743845407,nan,1.7504993557607538,1.7504993557607538,0.0,0.0,0.0,nan,0,1,1.0,0.0,0.0027997490075294435,-0.001024026768104971,nan,0.0027997490075294435,-0.001024026768104971,nan,0.6082438588657202,0.6082438588657202,0.0,0.0,0.0,nan,0,1,1.0,0.0,0.003692220671715371,-0.003312164743845407,nan,0.003692220671715371,-0.003312164743845407,nan,1.7504993557607538,1.7504993557607538,0.0,0.0,0.0,nan,0
937,0.9000000000000007,0.45,,scientific,0,1,0.18580645161290324,1.0,0.0,0.003693292105157488,-0.003314308304498151,nan,0.003693292105157488,-0.003314308304498151,nan,1.7517546128219827,1.7517546128219827,0.0,0.0,0.0,nan,0,1,1.0,0.0,0.0027997490075294435,-0.001024026768104971,nan,0.0027997490075294435,-0.001024026768104971,nan,0.6082438588657202,0.6082438588657202,0.0,0.0,0.0,nan,0,1,1.0,0.0,0.003693292105157488,-0.003314308304498151,nan,0.003693292105157488,-0.003314308304498151,nan,1.7517546128219827,1.7517546128219827,0.0,0.0,0.0,nan,0
938,0.9010000000000007,0.45,,scientific,0,1,0.18580645161290324,1.0,0.0,0.0036943652205987942,-0.003316452133591653,nan,0.0036943652205987942,-0.003316452133591653,nan,1.7530097676446514,1.7530097676446514,0.0,0.0,0.0,nan,0,1,1.0,0.0,0.0027997490075294435,-0.001024026768104971,nan,0.0027997490075294435,-0.001024026768104971,nan,0.6082438588657202,0.6082438588657202,0.0,0.0,0.0,nan,0,1,1.0,0.0,0.0036943652205987942,-0.003316452133591653,nan,0.0036943652205987942,-0.003316452133591653,nan,1.7530097676446514,1.7530097676446514,0.0,0.0,0.0,nan,0
939,0.9020000000000007,0.45,,scientific,0,1,0.18580645161290324,1.0,0.0,0.003695440017266544,-0.0033185962443538007,nan,0.003695440017266544,-0.0033185962443538007,nan,1.7542648202762137,1.7542648202762137,0.0,0.0,0.0,nan,0,1,1.0,0.0,0.0027997490075294435,-0.001024026768104971,nan,0.0027997490075294435,-0.001024026768104971,nan,0.6082438588657202,0.6082438588657202,0.0,0.0,0.0,nan,0,1,1.0,0.0,0.003695440017266544,-0.0033185962443538007,nan,0.003695440017266544,-0.0033185962443538007,nan,1.7542648202762137,1.7542648202762137,0.0,0.0,0.0,nan,0
940,0.9030000000000007,0.45,,scientific,0,1,0.18580645161290324,1.0,0.0,0.003696516495126655,-0.00332074065165216,nan,0.003696516495126655,-0.00332074065165216,nan,1.7555197707721626,1.7555197707721626,0.0,0.0,0.0,nan,0,1,1.0,0.0,0.0027997490075294435,-0.001024026768104971,nan,0.0027997490075294435,-0.001024026768104971,nan,0.6082438588657202,0.6082438588657202,0.0,0.0,0.0,nan,0,1,1.0,0.0,0.003696516495126655,-0.00332074065165216,nan,0.003696516495126655,-0.00332074065165216,nan,1.7555197707721626,1.7555197707721626,0.0,0.0,0.0,nan,0
941,0.9040000000000007,0.45,,scientific,0,1,0.18580645161290324,1.0,0.0,0.0022143868040821104,-0.0035717710781983537,nan,0.0022143868040821104,-0.0035717710781983537,nan,1.760289186729487,1.760289186729487,0.0,0.0,0.0,nan,0,1,1.0,0.0,0.002027949849212829,-0.0011538953230815694,nan,0.002027949849212829,-0.0011538953230815694,nan,0.6093203966690388,0.6093203966690388,0.0,0.0,0.0,nan,0,1,1.0,0.0,0.0022143868040821104,-0.0035717710781983537,nan,0.0022143868040821104,-0.0035717710781983537,nan,1.760289186729487,1.760289186729487,0.0,0.0,0.0,nan,0
942,0.9050000000000007,0.45,,scientific,0,1,0.18580645161290324,1.0,0.0,0.002214835887763091,-0.0035740212153040785,nan,0.002214835887763091,-0.0035740212153040785,nan,1.7615466820526373,1.7615466820526373,0.0,0.0,0.0,nan,0,1,1.0,0.0,0.002027949849212829,-0.0011538953230815694,nan,0.002027949849212829,-0.0011538953230815694,nan,0.6093203966690388,0.6093203966690388,0.0,0.0,0.0,nan,0,1,1.0,0.0,0.002214835887763091,-0.0035740212153040785,nan,0.002214835887763091,-0.0035740212153040785,nan,1.7615466820526373,1.7615466820526373,0.0,0.0,0.0,nan,0
943,0.9060000000000007,0.45,,scientific,0,1,0.18580645161290324,1.0,0.0,0.0022152869138038532,-0.0035762716143928996,nan,0.0022152869138038532,-0.0035762716143928996,nan,1.762804075347026,1.762804075347026,0.0,0.0,0.0,nan,0,1,1.0,0.0,0.002027949849212829,-0.0011538953230815694,nan,0.002027949849212829,-0.0011538953230815694,nan,0.6093203966690388,0.6093203966690388,0.0,0.0,0.0,nan,0,1,1.0,0.0,0.0022152869138038532,-0.0035762716143928996,nan,0.0022152869138038532,-0.0035762716143928996,nan,1.762804075347026,1.762804075347026,0.0,0.0,0.0,nan,0
944,0.9070000000000007,0.45,,scientific,0,1,0.18580645161290324,1.0,0.0,0.0007844546146821619,-0.003192424291148638,nan,0.0007844546146821619,-0.003192424291148638,nan,1.7675340008416276,1.7675340008416276,0.0,0.0,0.0,nan,0,1,1.0,0.0,0.0012732819595262593,-0.0009506862498288514,nan,0.0012732819595262593,-0.0009506862498288514,nan,0.6103969344723574,0.6103969344723574,0.0,0.0,0.0,nan,0,1,1.0,0.0,0.0007844546146821619,-0.003192424291148638,nan,0.0007844546146821619,-0.003192424291148638,nan,1.7675340008416276,1.7675340008416276,0.0,0.0,0.0,nan,0
945,0.9080000000000007,0.45,,scientific,0,1,0.18580645161290324,1.0,0.0,0.0007843124588311868,-0.0031945133537643897,nan,0.0007843124588311868,-0.0031945133537643897,nan,1.7687938768561706,1.7687938768561706,0.0,0.0,0.0,nan,0,1,1.0,0.0,0.0012732819595262593,-0.0009506862498288514,nan,0.0012732819595262593,-0.0009506862498288514,nan,0.6103969344723574,0.6103969344723574,0.0,0.0,0.0,nan,0,1,1.0,0.0,0.0007843124588311868,-0.0031945133537643897,nan,0.0007843124588311868,-0.0031945133537643897,nan,1.7687938768561706,1.7687938768561706,0.0,0.0,0.0,nan,0
946,0.9090000000000007,0.45,,scientific,0,1,0.18580645161290324,1.0,0.0,0.0007841724822997635,-0.003196602741986493,nan,0.0007841724822997635,-0.003196602741986493,nan,1.770053651058186,1.770053651058186,0.0,0.0,0.0,nan,0,1,1.0,0.0,0.0012732819595262593,-0.0009506862498288514,nan,0.0012732819595262593,-0.0009506862498288514,nan,0.6103969344723574,0.6103969344723574,0.0,0.0,0.0,nan,0,1,1.0,0.0,0.0007841724822997635,-0.003196602741986493,nan,0.0007841724822997635,-0.003196602741986493,nan,1.770053651058186,1.770053651058186,0.0,0.0,0.0,nan,0
947,0.9100000000000007,0.45,,scientific,0,1,0.18580645161290324,1.0,0.0,0.000784034692233285,-0.0031986924739057614,nan,0.000784034692233285,-0.0031986924739057614,nan,1.7713133234980256,1.7713133234980256,0.0,0.0,0.0,nan,0,1,1.0,0.0,0.0012732819595262593,-0.0009506862498288514,nan,0.0012732819595262593,-0.0009506862498288514,nan,0.6103969344723574,0.6103969344723574,0.0,0.0,0.0,nan,0,1,1.0,0.0,0.000784034692233285,-0.0031986924739057614,nan,0.000784034692233285,-0.0031986924739057614,nan,1.7713133234980256,1.7713133234980256,0.0,0.0,0.0,nan,0
948,0.9110000000000007,0.45,,scientific,0,1,0.18580645161290324,1.0,0.0,0.0007838990938639898,-0.0032007825664622015,nan,0.0007838990938639898,-0.0032007825664622015,nan,1.77257289423647,1.77257289423647,0.0,0.0,0.0,nan,0,1,1.0,0.0,0.0012732819595262593,-0.0009506862498288514,nan,0.0012732819595262593,-0.0009506862498288514,nan,0.6103969344723574,0.6103969344723574,0.0,0.0,0.0,nan,0,1,1.0,0.0,0.0007838990938639898,-0.0032007825664622015,nan,0.0007838990938639898,-0.0032007825664622015,nan,1.77257289423647,1.77257289423647,0.0,0.0,0.0,nan,0
949,0.9120000000000007,0.45,,scientific,0,1,0.18580645161290324,1.0,0.0,0.0007837656960387292,-0.003202873031662654,nan,0.0007837656960387292,-0.003202873031662654,nan,1.7738323633315118,1.7738323633315118,0.0,0.0,0.0,nan,0,1,1.0,0.0,0.0012732819595262593,-0.0009506862498288514,nan,0.0012732819595262593,-0.0009506862498288514,nan,0.6103969344723574,0.6103969344723574,0.0,0.0,0.0,nan,0,1,1.0,0.0,0.0007837656960387292,-0.003202873031662654,nan,0.0007837656960387292,-0.003202873031662654,nan,1.7738323633315118,1.7738323633315118,0.0,0.0,0.0,nan,0
950,0.9130000000000007,0.45,,scientific,0,1,0.18580645161290324,1.0,0.0,0.0007836345120889106,-0.003204963860417648,nan,0.0007836345120889106,-0.003204963860417648,nan,1.7750917308330325,1.7750917308330325,0.0,0.0,0.0,nan,0,1,1.0,0.0,0.0012732819595262593,-0.0009506862498288514,nan,0.0012732819595262593,-0.0009506862498288514,nan,0.6103969344723574,0.6103969344723574,0.0,0.0,0.0,nan,0,1,1.0,0.0,0.0007836345120889106,-0.003204963860417648,nan,0.0007836345120889106,-0.003204963860417648,nan,1.7750917308330325,1.7750917308330325,0.0,0.0,0.0,nan,0
951,0.9140000000000007,0.45,,scientific,0,1,0.18580645161290324,1.0,0.0,0.0007835055528959269,-0.0032070550462649674,nan,0.0007835055528959269,-0.0032070550462649674,nan,1.7763509967990636,1.7763509967990636,0.0,0.0,0.0,nan,0,1,1.0,0.0,0.0012732819595262593,-0.0009506862498288514,nan,0.0012732819595262593,-0.0009506862498288514,nan,0.6103969344723574,0.6103969344723574,0.0,0.0,0.0,nan,0,1,1.0,0.0,0.0007835055528959269,-0.0032070550462649674,nan,0.0007835055528959269,-0.0032070550462649674,nan,1.7763509967990636,1.7763509967990636,0.0,0.0,0.0,nan,0
952,0.9150000000000007,0.45,,scientific,0,1,0.18580645161290324,1.0,0.0,0.0007833788301366281,-0.0032091466107515678,nan,0.0007833788301366281,-0.0032091466107515678,nan,1.7776101612771416,1.7776101612771416,0.0,0.0,0.0,nan,0,1,1.0,0.0,0.0012732819595262593,-0.0009506862498288514,nan,0.0012732819595262593,-0.0009506862498288514,nan,0.6103969344723574,0.6103969344723574,0.0,0.0,0.0,nan,0,1,1.0,0.0,0.0007833788301366281,-0.0032091466107515678,nan,0.0007833788301366281,-0.0032091466107515678,nan,1.7776101612771416,1.7776101612771416,0.0,0.0,0.0,nan,0
953,0.9160000000000007,0.45,,scientific,0,1,0.18580645161290324,1.0,0.0,0.0007832543556487369,-0.0032112385650007037,nan,0.0007832543556487369,-0.0032112385650007037,nan,1.7788692243276696,1.7788692243276696,0.0,0.0,0.0,nan,0,1,1.0,0.0,0.0012732819595262593,-0.0009506862498288514,nan,0.0012732819595262593,-0.0009506862498288514,nan,0.6103969344723574,0.6103969344723574,0.0,0.0,0.0,nan,0,1,1.0,0.0,0.0007832543556487369,-0.0032112385650007037,nan,0.0007832543556487369,-0.0032112385650007037,nan,1.7788692243276696,1.7788692243276696,0.0,0.0,0.0,nan,0
954,0.9170000000000007,0.45,,scientific,0,1,0.18580645161290324,1.0,0.0,0.0007831321422369478,-0.003213330913453675,nan,0.0007831321422369478,-0.003213330913453675,nan,1.7801281860022327,1.7801281860022327,0.0,0.0,0.0,nan,0,1,1.0,0.0,0.0012732819595262593,-0.0009506862498288514,nan,0.0012732819595262593,-0.0009506862498288514,nan,0.6103969344723574,0.6103969344723574,0.0,0.0,0.0,nan,0,1,1.0,0.0,0.0007831321422369478,-0.003213330913453675,nan,0.0007831321422369478,-0.003213330913453675,nan,1.7801281860022327,1.7801281860022327,0.0,0.0,0.0,nan,0
955,0.9180000000000007,0.45,,scientific,0,1,0.18580645161290324,1.0,0.0,0.0007625900176282092,-0.0017391461745306304,nan,0.0007625900176282092,-0.0017391461745306304,nan,1.7848778014006905,1.7848778014006905,0.0,0.0,0.0,nan,0,1,1.0,0.0,0.0012630605761980935,-0.00017303407703629826,nan,0.0012630605761980935,-0.00017303407703629826,nan,0.611473472275676,0.611473472275676,0.0,0.0,0.0,nan,0,1,1.0,0.0,0.0007625900176282092,-0.0017391461745306304,nan,0.0007625900176282092,-0.0017391461745306304,nan,1.7848778014006905,1.7848778014006905,0.0,0.0,0.0,nan,0
956,0.9190000000000007,0.45,,scientific,0,1,0.18580645161290324,1.0,0.0,0.0007624625589730659,-0.0017406318668508232,nan,0.0007624625589730659,-0.0017406318668508232,nan,1.7861392300617382,1.7861392300617382,0.0,0.0,0.0,nan,0,1,1.0,0.0,0.0012630605761980935,-0.00017303407703629826,nan,0.0012630605761980935,-0.00017303407703629826,nan,0.611473472275676,0.611473472275676,0.0,0.0,0.0,nan,0,1,1.0,0.0,0.0007624625589730659,-0.0017406318668508232,nan,0.0007624625589730659,-0.0017406318668508232,nan,1.7861392300617382,1.7861392300617382,0.0,0.0,0.0,nan,0
957,0.9200000000000007,0.45,,scientific,0,1,0.18580645161290324,1.0,0.0,0.0007623373918467174,-0.0017421181636192427,nan,0.0007623373918467174,-0.0017421181636192427,nan,1.7874005575697018,1.7874005575697018,0.0,0.0,0.0,nan,0,1,1.0,0.0,0.0012630605761980935,-0.00017303407703629826,nan,0.0012630605761980935,-0.00017303407703629826,nan,0.611473472275676,0.611473472275676,0.0,0.0,0.0,nan,0,1,1.0,0.0,0.0007623373918467174,-0.0017421181636192427,nan,0.0007623373918467174,-0.0017421181636192427,nan,1.7874005575697018,1.7874005575697018,0.0,0.0,0.0,nan,0
958,0.9210000000000007,0.45,,scientific,0,1,0.18580645161290324,1.0,0.0,0.0007622145182247877,-0.0017436050640960293,nan,0.0007622145182247877,-0.0017436050640960293,nan,1.788661783980958,1.788661783980958,0.0,0.0,0.0,nan,0,1,1.0,0.0,0.0012630605761980935,-0.00017303407703629826,nan,0.0012630605761980935,-0.00017303407703629826,nan,0.611473472275676,0.611473472275676,0.0,0.0,0.0,nan,0,1,1.0,0.0,0.0007622145182247877,-0.0017436050640960293,nan,0.0007622145182247877,-0.0017436050640960293,nan,1.788661783980958,1.788661783980958,0.0,0.0,0.0,nan,0
959,0.9220000000000007,0.45,,scientific,0,1,0.18580645161290324,1.0,0.0,0.0007620939448218885,-0.001745092568398496,nan,0.0007620939448218885,-0.001745092568398496,nan,1.789922909349868,1.789922909349868,0.0,0.0,0.0,nan,0,1,1.0,0.0,0.0012630605761980935,-0.00017303407703629826,nan,0.0012630605761980935,-0.00017303407703629826,nan,0.611473472275676,0.611473472275676,0.0,0.0,0.0,nan,0,1,1.0,0.0,0.0007620939448218885,-0.001745092568398496,nan,0.0007620939448218885,-0.001745092568398496,nan,1.789922909349868,1.789922909349868,0.0,0.0,0.0,nan,0
960,0.9230000000000007,0.45,,scientific,0,1,0.18580645161290324,1.0,0.0,0.0007619756922413808,-0.0017465806893012742,nan,0.0007619756922413808,-0.0017465806893012742,nan,1.7911839337231412,1.7911839337231412,0.0,0.0,0.0,nan,0,1,1.0,0.0,0.0012630605761980935,-0.00017303407703629826,nan,0.0012630605761980935,-0.00017303407703629826,nan,0.611473472275676,0.611473472275676,0.0,0.0,0.0,nan,0,1,1.0,0.0,0.0007619756922413808,-0.0017465806893012742,nan,0.0007619756922413808,-0.0017465806893012742,nan,1.7911839337231412,1.7911839337231412,0.0,0.0,0.0,nan,0
961,0.9240000000000007,0.45,,scientific,0,1,0.18580645161290324,1.0,0.0,0.0007618597723071086,-0.001748069430680362,nan,0.0007618597723071086,-0.001748069430680362,nan,1.7924448571603433,1.7924448571603433,0.0,0.0,0.0,nan,0,1,1.0,0.0,0.0012630605761980935,-0.00017303407703629826,nan,0.0012630605761980935,-0.00017303407703629826,nan,0.611473472275676,0.611473472275676,0.0,0.0,0.0,nan,0,1,1.0,0.0,0.0007618597723071086,-0.001748069430680362,nan,0.0007618597723071086,-0.001748069430680362,nan,1.7924448571603433,1.7924448571603433,0.0,0.0,0.0,nan,0
962,0.9250000000000007,0.45,,scientific,0,1,0.18580645161290324,1.0,0.0,0.0007617462016709722,-0.0017495587992624993,nan,0.0007617462016709722,-0.0017495587992624993,nan,1.793705679721488,1.793705679721488,0.0,0.0,0.0,nan,0,1,1.0,0.0,0.0012630605761980935,-0.00017303407703629826,nan,0.0012630605761980935,-0.00017303407703629826,nan,0.611473472275676,0.611473472275676,0.0,0.0,0.0,nan,0,1,1.0,0.0,0.0007617462016709722,-0.0017495587992624993,nan,0.0007617462016709722,-0.0017495587992624993,nan,1.793705679721488,1.793705679721488,0.0,0.0,0.0,nan,0
963,0.9260000000000007,0.45,,scientific,0,1,0.18580645161290324,1.0,0.0,0.0007616349900737288,-0.0017510488117470468,nan,0.0007616349900737288,-0.0017510488117470468,nan,1.7949664014644093,1.7949664014644093,0.0,0.0,0.0,nan,0,1,1.0,0.0,0.0012630605761980935,-0.00017303407703629826,nan,0.0012630605761980935,-0.00017303407703629826,nan,0.611473472275676,0.611473472275676,0.0,0.0,0.0,nan,0,1,1.0,0.0,0.0007616349900737288,-0.0017510488117470468,nan,0.0007616349900737288,-0.0017510488117470468,nan,1.7949664014644093,1.7949664014644093,0.0,0.0,0.0,nan,0
964,0.9270000000000007,0.45,,scientific,0,1,0.18580645161290324,1.0,0.0,0.0007615261449952438,-0.0017525394705156046,nan,0.0007615261449952438,-0.0017525394705156046,nan,1.796227022440067,1.796227022440067,0.0,0.0,0.0,nan,0,1,1.0,0.0,0.0012630605761980935,-0.00017303407703629826,nan,0.0012630605761980935,-0.00017303407703629826,nan,0.611473472275676,0.611473472275676,0.0,0.0,0.0,nan,0,1,1.0,0.0,0.0007615261449952438,-0.0017525394705156046,nan,0.0007615261449952438,-0.0017525394705156046,nan,1.796227022440067,1.796227022440067,0.0,0.0,0.0,nan,0
965,0.9280000000000007,0.45,,scientific,0,1,0.18580645161290324,1.0,0.0,0.0007614196764289449,-0.0017540307810047378,nan,0.0007614196764289449,-0.0017540307810047378,nan,1.7974875427048786,1.7974875427048786,0.0,0.0,0.0,nan,0,1,1.0,0.0,0.0012630605761980935,-0.00017303407703629826,nan,0.0012630605761980935,-0.00017303407703629826,nan,0.611473472275676,0.611473472275676,0.0,0.0,0.0,nan,0,1,1.0,0.0,0.0007614196764289449,-0.0017540307810047378,nan,0.0007614196764289449,-0.0017540307810047378,nan,1.7974875427048786,1.7974875427048786,0.0,0.0,0.0,nan,0
966,0.9290000000000007,0.45,,scientific,0,1,0.18580645161290324,1.0,0.0,0.0007613155950852986,-0.0017555227495447251,nan,0.0007613155950852986,-0.0017555227495447251,nan,1.7987479623164002,1.7987479623164002,0.0,0.0,0.0,nan,0,1,1.0,0.0,0.0012630605761980935,-0.00017303407703629826,nan,0.0012630605761980935,-0.00017303407703629826,nan,0.611473472275676,0.611473472275676,0.0,0.0,0.0,nan,0,1,1.0,0.0,0.0007613155950852986,-0.0017555227495447251,nan,0.0007613155950852986,-0.0017555227495447251,nan,1.7987479623164002,1.7987479623164002,0.0,0.0,0.0,nan,0
967,0.9300000000000007,0.45,,scientific,0,1,0.18580645161290324,1.0,0.0,0.0007612139118840138,-0.0017570153827387459,nan,0.0007612139118840138,-0.0017570153827387459,nan,1.8000082813318783,1.8000082813318783,0.0,0.0,0.0,nan,0,1,1.0,0.0,0.0012630605761980935,-0.00017303407703629826,nan,0.0012630605761980935,-0.00017303407703629826,nan,0.611473472275676,0.611473472275676,0.0,0.0,0.0,nan,0,1,1.0,0.0,0.0007612139118840138,-0.0017570153827387459,nan,0.0007612139118840138,-0.0017570153827387459,nan,1.8000082813318783,1.8000082813318783,0.0,0.0,0.0,nan,0
968,0.9310000000000007,0.45,,scientific,0,1,0.18580645161290324,1.0,0.0,0.0007611146378128356,-0.0017585086872804513,nan,0.0007611146378128356,-0.0017585086872804513,nan,1.8012684998079784,1.8012684998079784,0.0,0.0,0.0,nan,0,1,1.0,0.0,0.0012630605761980935,-0.00017303407703629826,nan,0.0012630605761980935,-0.00017303407703629826,nan,0.611473472275676,0.611473472275676,0.0,0.0,0.0,nan,0,1,1.0,0.0,0.0007611146378128356,-0.0017585086872804513,nan,0.0007611146378128356,-0.0017585086872804513,nan,1.8012684998079784,1.8012684998079784,0.0,0.0,0.0,nan,0
969,0.9320000000000007,0.45,,scientific,0,1,0.18580645161290324,1.0,0.0,0.0007610177850569436,-0.0017600026674155997,nan,0.0007610177850569436,-0.0017600026674155997,nan,1.8025286178021915,1.8025286178021915,0.0,0.0,0.0,nan,0,1,1.0,0.0,0.0012630605761980935,-0.00017303407703629826,nan,0.0012630605761980935,-0.00017303407703629826,nan,0.611473472275676,0.611473472275676,0.0,0.0,0.0,nan,0,1,1.0,0.0,0.0007610177850569436,-0.0017600026674155997,nan,0.0007610177850569436,-0.0017600026674155997,nan,1.8025286178021915,1.8025286178021915,0.0,0.0,0.0,nan,0
970,0.9330000000000007,0.45,,scientific,0,1,0.18580645161290324,1.0,0.0,0.0007609233678274544,-0.001761497334337117,nan,0.0007609233678274544,-0.001761497334337117,nan,1.8037886353758157,1.8037886353758157,0.0,0.0,0.0,nan,0,1,1.0,0.0,0.0012630605761980935,-0.00017303407703629826,nan,0.0012630605761980935,-0.00017303407703629826,nan,0.611473472275676,0.611473472275676,0.0,0.0,0.0,nan,0,1,1.0,0.0,0.0007609233678274544,-0.001761497334337117,nan,0.0007609233678274544,-0.001761497334337117,nan,1.8037886353758157,1.8037886353758157,0.0,0.0,0.0,nan,0
971,0.9340000000000007,0.45,,scientific,0,1,0.18580645161290324,1.0,0.0,0.0007608313911512974,-0.0017629926927699884,nan,0.0007608313911512974,-0.0017629926927699884,nan,1.8050485525764455,1.8050485525764455,0.0,0.0,0.0,nan,0,1,1.0,0.0,0.0012630605761980935,-0.00017303407703629826,nan,0.0012630605761980935,-0.00017303407703629826,nan,0.611473472275676,0.611473472275676,0.0,0.0,0.0,nan,0,1,1.0,0.0,0.0007608313911512974,-0.0017629926927699884,nan,0.0007608313911512974,-0.0017629926927699884,nan,1.8050485525764455,1.8050485525764455,0.0,0.0,0.0,nan,0
972,0.9350000000000007,0.45,,scientific,0,1,0.18580645161290324,1.0,0.0,0.0007607418687940948,-0.0017644887529134551,nan,0.0007607418687940948,-0.0017644887529134551,nan,1.8063083694706998,1.8063083694706998,0.0,0.0,0.0,nan,0,1,1.0,0.0,0.0012630605761980935,-0.00017303407703629826,nan,0.0012630605761980935,-0.00017303407703629826,nan,0.611473472275676,0.611473472275676,0.0,0.0,0.0,nan,0,1,1.0,0.0,0.0007607418687940948,-0.0017644887529134551,nan,0.0007607418687940948,-0.0017644887529134551,nan,1.8063083694706998,1.8063083694706998,0.0,0.0,0.0,nan,0
973,0.9360000000000007,0.45,,scientific,0,1,0.18580645161290324,1.0,0.0,0.0007606548190862511,-0.0017659855146439545,nan,0.0007606548190862511,-0.0017659855146439545,nan,1.8075680861013652,1.8075680861013652,0.0,0.0,0.0,nan,0,1,1.0,0.0,0.0012630605761980935,-0.00017303407703629826,nan,0.0012630605761980935,-0.00017303407703629826,nan,0.611473472275676,0.611473472275676,0.0,0.0,0.0,nan,0,1,1.0,0.0,0.0007606548190862511,-0.0017659855146439545,nan,0.0007606548190862511,-0.0017659855146439545,nan,1.8075680861013652,1.8075680861013652,0.0,0.0,0.0,nan,0
974,0.9370000000000007,0.45,,scientific,0,1,0.18580645161290324,1.0,0.0,0.000760570244822945,-0.0017674829873318872,nan,0.000760570244822945,-0.0017674829873318872,nan,1.8088277025065438,1.8088277025065438,0.0,0.0,0.0,nan,0,1,1.0,0.0,0.0012630605761980935,-0.00017303407703629826,nan,0.0012630605761980935,-0.00017303407703629826,nan,0.611473472275676,0.611473472275676,0.0,0.0,0.0,nan,0,1,1.0,0.0,0.000760570244822945,-0.0017674829873318872,nan,0.000760570244822945,-0.0017674829873318872,nan,1.8088277025065438,1.8088277025065438,0.0,0.0,0.0,nan,0
975,0.9380000000000007,0.45,,scientific,0,1,0.18580645161290324,1.0,0.0,0.0007604881477942073,-0.0017689811818345452,nan,0.0007604881477942073,-0.0017689811818345452,nan,1.8100872187436763,1.8100872187436763,0.0,0.0,0.0,nan,0,1,1.0,0.0,0.0012630605761980935,-0.00017303407703629826,nan,0.0012630605761980935,-0.00017303407703629826,nan,0.611473472275676,0.611473472275676,0.0,0.0,0.0,nan,0,1,1.0,0.0,0.0007604881477942073,-0.0017689811818345452,nan,0.0007604881477942073,-0.0017689811818345452,nan,1.8100872187436763,1.8100872187436763,0.0,0.0,0.0,nan,0
976,0.9390000000000007,0.45,,scientific,0,1,0.18580645161290324,1.0,0.0,0.0007604085467393596,-0.0017704801034806486,nan,0.0007604085467393596,-0.0017704801034806486,nan,1.811346634867164,1.811346634867164,0.0,0.0,0.0,nan,0,1,1.0,0.0,0.0012630605761980935,-0.00017303407703629826,nan,0.0012630605761980935,-0.00017303407703629826,nan,0.611473472275676,0.611473472275676,0.0,0.0,0.0,nan,0,1,1.0,0.0,0.0007604085467393596,-0.0017704801034806486,nan,0.0007604085467393596,-0.0017704801034806486,nan,1.811346634867164,1.811346634867164,0.0,0.0,0.0,nan,0
977,0.9400000000000007,0.45,,scientific,0,1,0.18580645161290324,1.0,0.0,0.0007603314545904094,-0.0017719797566739073,nan,0.0007603314545904094,-0.0017719797566739073,nan,1.812605950937336,1.812605950937336,0.0,0.0,0.0,nan,0,1,1.0,0.0,0.0012630605761980935,-0.00017303407703629826,nan,0.0012630605761980935,-0.00017303407703629826,nan,0.611473472275676,0.611473472275676,0.0,0.0,0.0,nan,0,1,1.0,0.0,0.0007603314545904094,-0.0017719797566739073,nan,0.0007603314545904094,-0.0017719797566739073,nan,1.812605950937336,1.812605950937336,0.0,0.0,0.0,nan,0
978,0.9410000000000007,0.45,,scientific,0,1,0.18580645161290324,1.0,0.0,0.0007602568844703424,-0.0017734801510148155,nan,0.0007602568844703424,-0.0017734801510148155,nan,1.8138651670143835,1.8138651670143835,0.0,0.0,0.0,nan,0,1,1.0,0.0,0.0012630605761980935,-0.00017303407703629826,nan,0.0012630605761980935,-0.00017303407703629826,nan,0.611473472275676,0.611473472275676,0.0,0.0,0.0,nan,0,1,1.0,0.0,0.0007602568844703424,-0.0017734801510148155,nan,0.0007602568844703424,-0.0017734801510148155,nan,1.8138651670143835,1.8138651670143835,0.0,0.0,0.0,nan,0
979,0.9420000000000007,0.45,,scientific,0,1,0.18580645161290324,1.0,0.0,0.0007601848456676326,-0.0017749812918545016,nan,0.0007601848456676326,-0.0017749812918545016,nan,1.815124283153168,1.815124283153168,0.0,0.0,0.0,nan,0,1,1.0,0.0,0.0012630605761980935,-0.00017303407703629826,nan,0.0012630605761980935,-0.00017303407703629826,nan,0.611473472275676,0.611473472275676,0.0,0.0,0.0,nan,0,1,1.0,0.0,0.0007601848456676326,-0.0017749812918545016,nan,0.0007601848456676326,-0.0017749812918545016,nan,1.815124283153168,1.815124283153168,0.0,0.0,0.0,nan,0
980,0.9430000000000007,0.45,,scientific,0,1,0.18580645161290324,1.0,0.0,0.0007601153440521634,-0.0017764831846917067,nan,0.0007601153440521634,-0.0017764831846917067,nan,1.8163832994129365,1.8163832994129365,0.0,0.0,0.0,nan,0,1,1.0,0.0,0.0012630605761980935,-0.00017303407703629826,nan,0.0012630605761980935,-0.00017303407703629826,nan,0.611473472275676,0.611473472275676,0.0,0.0,0.0,nan,0,1,1.0,0.0,0.0007601153440521634,-0.0017764831846917067,nan,0.0007601153440521634,-0.0017764831846917067,nan,1.8163832994129365,1.8163832994129365,0.0,0.0,0.0,nan,0
981,0.9440000000000007,0.45,,scientific,0,1,0.18580645161290324,1.0,0.0,0.0007600483905744646,-0.0017779858347532866,nan,0.0007600483905744646,-0.0017779858347532866,nan,1.817642215848867,1.817642215848867,0.0,0.0,0.0,nan,0,1,1.0,0.0,0.0012630605761980935,-0.00017303407703629826,nan,0.0012630605761980935,-0.00017303407703629826,nan,0.611473472275676,0.611473472275676,0.0,0.0,0.0,nan,0,1,1.0,0.0,0.0007600483905744646,-0.0017779858347532866,nan,0.0007600483905744646,-0.0017779858347532866,nan,1.817642215848867,1.817642215848867,0.0,0.0,0.0,nan,0
982,0.9450000000000007,0.45,,scientific,0,1,0.18580645161290324,1.0,0.0,0.0007599840018067902,-0.001779489249367259,nan,0.0007599840018067902,-0.001779489249367259,nan,1.8189010325131532,1.8189010325131532,0.0,0.0,0.0,nan,0,1,1.0,0.0,0.0012630605761980935,-0.00017303407703629826,nan,0.0012630605761980935,-0.00017303407703629826,nan,0.611473472275676,0.611473472275676,0.0,0.0,0.0,nan,0,1,1.0,0.0,0.0007599840018067902,-0.001779489249367259,nan,0.0007599840018067902,-0.001779489249367259,nan,1.8189010325131532,1.8189010325131532,0.0,0.0,0.0,nan,0
983,0.9460000000000007,0.45,,scientific,0,1,0.18580645161290324,1.0,0.0,0.0007599222052970223,-0.0017809934420259675,nan,0.0007599222052970223,-0.0017809934420259675,nan,1.8201597494659256,1.8201597494659256,0.0,0.0,0.0,nan,0,1,1.0,0.0,0.0012630605761980935,-0.00017303407703629826,nan,0.0012630605761980935,-0.00017303407703629826,nan,0.611473472275676,0.611473472275676,0.0,0.0,0.0,nan,0,1,1.0,0.0,0.0007599222052970223,-0.0017809934420259675,nan,0.0007599222052970223,-0.0017809934420259675,nan,1.8201597494659256,1.8201597494659256,0.0,0.0,0.0,nan,0
984,0.9470000000000007,0.45,,scientific,0,1,0.18580645161290324,1.0,0.0,-0.0004890508247661013,-0.00259786923393208,nan,-0.0004890508247661013,-0.00259786923393208,nan,1.824982639938617,1.824982639938617,0.0,0.0,0.0,nan,0,1,1.0,0.0,0.0006123432328582087,-0.0005982634409920065,nan,0.0006123432328582087,-0.0005982634409920065,nan,0.6125500100789946,0.6125500100789946,0.0,0.0,0.0,nan,0,1,1.0,0.0,-0.0004890508247661013,-0.00259786923393208,nan,-0.0004890508247661013,-0.00259786923393208,nan,1.824982639938617,1.824982639938617,0.0,0.0,0.0,nan,0
985,0.9480000000000007,0.45,,scientific,0,1,0.18645161290322582,1.0,0.0,-0.0004896103470834319,-0.0025997019623110297,nan,-0.0004896103470834319,-0.0025997019623110297,nan,1.8262438219010904,1.8262438219010904,0.0,0.0,0.0,nan,0,1,1.0,0.0,0.0006123432328582087,-0.0005982634409920065,nan,0.0006123432328582087,-0.0005982634409920065,nan,0.6125500100789946,0.6125500100789946,0.0,0.0,0.0,nan,0,1,1.0,0.0,-0.0004896103470834319,-0.0025997019623110297,nan,-0.0004896103470834319,-0.0025997019623110297,nan,1.8262438219010904,1.8262438219010904,0.0,0.0,0.0,nan,0
986,0.9490000000000007,0.45,,scientific,0,1,0.18645161290322582,1.0,0.0,-0.0004901671186785041,-0.0026015353906703644,nan,-0.0004901671186785041,-0.0026015353906703644,nan,1.8275049043593967,1.8275049043593967,0.0,0.0,0.0,nan,0,1,1.0,0.0,0.0006123432328582087,-0.0005982634409920065,nan,0.0006123432328582087,-0.0005982634409920065,nan,0.6125500100789946,0.6125500100789946,0.0,0.0,0.0,nan,0,1,1.0,0.0,-0.0004901671186785041,-0.0026015353906703644,nan,-0.0004901671186785041,-0.0026015353906703644,nan,1.8275049043593967,1.8275049043593967,0.0,0.0,0.0,nan,0
987,0.9500000000000007,0.45,,scientific,0,1,0.18645161290322582,1.0,0.0,-0.0004907211249238542,-0.002603369521798161,nan,-0.0004907211249238542,-0.002603369521798161,nan,1.828765887355963,1.828765887355963,0.0,0.0,0.0,nan,0,1,1.0,0.0,0.0006123432328582087,-0.0005982634409920065,nan,0.0006123432328582087,-0.0005982634409920065,nan,0.6125500100789946,0.6125500100789946,0.0,0.0,0.0,nan,0,1,1.0,0.0,-0.0004907211249238542,-0.002603369521798161,nan,-0.0004907211249238542,-0.002603369521798161,nan,1.828765887355963,1.828765887355963,0.0,0.0,0.0,nan,0
988,0.9510000000000007,0.45,,scientific,0,1,0.18645161290322582,1.0,0.0,-0.0004912723491003904,-0.0026052043606014847,nan,-0.0004912723491003904,-0.0026052043606014847,nan,1.8300267709527853,1.8300267709527853,0.0,0.0,0.0,nan,0,1,1.0,0.0,0.0006123432328582087,-0.0005982634409920065,nan,0.0006123432328582087,-0.0005982634409920065,nan,0.6125500100789946,0.6125500100789946,0.0,0.0,0.0,nan,0,1,1.0,0.0,-0.0004912723491003904,-0.0026052043606014847,nan,-0.0004912723491003904,-0.0026052043606014847,nan,1.8300267709527853,1.8300267709527853,0.0,0.0,0.0,nan,0
989,0.9520000000000007,0.45,,scientific,0,1,0.18645161290322582,1.0,0.0,-0.0004918207794849305,-0.002607039911924802,nan,-0.0004918207794849305,-0.002607039911924802,nan,1.8312875552006713,1.8312875552006713,0.0,0.0,0.0,nan,0,1,1.0,0.0,0.0006123432328582087,-0.0005982634409920065,nan,0.0006123432328582087,-0.0005982634409920065,nan,0.6125500100789946,0.6125500100789946,0.0,0.0,0.0,nan,0,1,1.0,0.0,-0.0004918207794849305,-0.002607039911924802,nan,-0.0004918207794849305,-0.002607039911924802,nan,1.8312875552006713,1.8312875552006713,0.0,0.0,0.0,nan,0
990,0.9530000000000007,0.45,,scientific,0,1,0.18645161290322582,1.0,0.0,-0.0004923663973313144,-0.0026088761757448926,nan,-0.0004923663973313144,-0.0026088761757448926,nan,1.8325482401639825,1.8325482401639825,0.0,0.0,0.0,nan,0,1,1.0,0.0,0.0006123432328582087,-0.0005982634409920065,nan,0.0006123432328582087,-0.0005982634409920065,nan,0.6125500100789946,0.6125500100789946,0.0,0.0,0.0,nan,0,1,1.0,0.0,-0.0004923663973313144,-0.0026088761757448926,nan,-0.0004923663973313144,-0.0026088761757448926,nan,1.8325482401639825,1.8325482401639825,0.0,0.0,0.0,nan,0
991,0.9540000000000007,0.45,,scientific,0,1,0.18645161290322582,1.0,0.0,-0.0004929091862345566,-0.0026107131647077854,nan,-0.0004929091862345566,-0.0026107131647077854,nan,1.8338088258977636,1.8338088258977636,0.0,0.0,0.0,nan,0,1,1.0,0.0,0.0006123432328582087,-0.0005982634409920065,nan,0.0006123432328582087,-0.0005982634409920065,nan,0.6125500100789946,0.6125500100789946,0.0,0.0,0.0,nan,0,1,1.0,0.0,-0.0004929091862345566,-0.0026107131647077854,nan,-0.0004929091862345566,-0.0026107131647077854,nan,1.8338088258977636,1.8338088258977636,0.0,0.0,0.0,nan,0
992,0.9550000000000007,0.45,,scientific,0,1,0.18645161290322582,1.0,0.0,-0.0004934491470755599,-0.0026125508878741027,nan,-0.0004934491470755599,-0.0026125508878741027,nan,1.8350693124491633,1.8350693124491633,0.0,0.0,0.0,nan,0,1,1.0,0.0,0.0006123432328582087,-0.0005982634409920065,nan,0.0006123432328582087,-0.0005982634409920065,nan,0.6125500100789946,0.6125500100789946,0.0,0.0,0.0,nan,0,1,1.0,0.0,-0.0004934491470755599,-0.0026125508878741027,nan,-0.0004934491470755599,-0.0026125508878741027,nan,1.8350693124491633,1.8350693124491633,0.0,0.0,0.0,nan,0
993,0.9560000000000007,0.45,,scientific,0,1,0.18645161290322582,1.0,0.0,-0.0004939862783091452,-0.0026143893576047513,nan,-0.0004939862783091452,-0.0026143893576047513,nan,1.8363296998789564,1.8363296998789564,0.0,0.0,0.0,nan,0,1,1.0,0.0,0.0006123432328582087,-0.0005982634409920065,nan,0.0006123432328582087,-0.0005982634409920065,nan,0.6125500100789946,0.6125500100789946,0.0,0.0,0.0,nan,0,1,1.0,0.0,-0.0004939862783091452,-0.0026143893576047513,nan,-0.0004939862783091452,-0.0026143893576047513,nan,1.8363296998789564,1.8363296998789564,0.0,0.0,0.0,nan,0
994,0.9570000000000007,0.45,,scientific,0,1,0.18645161290322582,1.0,0.0,-0.0004945205643686882,-0.0026162285779406944,nan,-0.0004945205643686882,-0.0026162285779406944,nan,1.8375899882403748,1.8375899882403748,0.0,0.0,0.0,nan,0,1,1.0,0.0,0.0006123432328582087,-0.0005982634409920065,nan,0.0006123432328582087,-0.0005982634409920065,nan,0.6125500100789946,0.6125500100789946,0.0,0.0,0.0,nan,0,1,1.0,0.0,-0.0004945205643686882,-0.0026162285779406944,nan,-0.0004945205643686882,-0.0026162285779406944,nan,1.8375899882403748,1.8375899882403748,0.0,0.0,0.0,nan,0
995,0.9580000000000007,0.45,,scientific,0,1,0.18645161290322582,1.0,0.0,-0.0015202524974109726,-0.0014781699629564662,nan,-0.0015202524974109726,-0.0014781699629564662,nan,1.8425393081115002,1.8425393081115002,0.0,0.0,0.0,nan,0,1,1.0,0.0,9.403684671235944e-05,-2.160480570676588e-05,nan,9.403684671235944e-05,-2.160480570676588e-05,nan,0.6136265478823132,0.6136265478823132,0.0,0.0,0.0,nan,0,1,1.0,0.0,-0.0015202524974109726,-0.0014781699629564662,nan,-0.0015202524974109726,-0.0014781699629564662,nan,1.8425393081115002,1.8425393081115002,0.0,0.0,0.0,nan,0
996,0.9590000000000007,0.45,,scientific,0,1,0.18645161290322582,1.0,0.0,-0.0015212029738734562,-0.0014795426671780003,nan,-0.0015212029738734562,-0.0014795426671780003,nan,1.8438021789365808,1.8438021789365808,0.0,0.0,0.0,nan,0,1,1.0,0.0,9.403684671235944e-05,-2.160480570676588e-05,nan,9.403684671235944e-05,-2.160480570676588e-05,nan,0.6136265478823132,0.6136265478823132,0.0,0.0,0.0,nan,0,1,1.0,0.0,-0.0015212029738734562,-0.0014795426671780003,nan,-0.0015212029738734562,-0.0014795426671780003,nan,1.8438021789365808,1.8438021789365808,0.0,0.0,0.0,nan,0
997,0.9600000000000007,0.45,,scientific,0,1,0.18645161290322582,1.0,0.0,-0.0015221504076510504,-0.0014809163218081451,nan,-0.0015221504076510504,-0.0014809163218081451,nan,1.8450649507563872,1.8450649507563872,0.0,0.0,0.0,nan,0,1,1.0,0.0,9.403684671235944e-05,-2.160480570676588e-05,nan,9.403684671235944e-05,-2.160480570676588e-05,nan,0.6136265478823132,0.6136265478823132,0.0,0.0,0.0,nan,0,1,1.0,0.0,-0.0015221504076510504,-0.0014809163218081451,nan,-0.0015221504076510504,-0.0014809163218081451,nan,1.8450649507563872,1.8450649507563872,0.0,0.0,0.0,nan,0
998,0.9610000000000007,0.45,,scientific,0,1,0.18645161290322582,1.0,0.0,-2.233856102189483e-05,-0.0016186443970336029,nan,-2.233856102189483e-05,-0.0016186443970336029,nan,1.8499781505805124,1.8499781505805124,0.0,0.0,0.0,nan,0,1,1.0,0.0,0.0008625490874295916,-9.134220393888552e-05,nan,0.0008625490874295916,-9.134220393888552e-05,nan,0.6147030856856319,0.6147030856856319,0.0,0.0,0.0,nan,0,1,1.0,0.0,-2.233856102189483e-05,-0.0016186443970336029,nan,-2.233856102189483e-05,-0.0016186443970336029,nan,1.8499781505805124,1.8499781505805124,0.0,0.0,0.0,nan,0
999,0.9620000000000007,0.45,,scientific,0,1,0.18645161290322582,1.0,0.0,-2.2675118134931937e-05,-0.0016200747570617473,nan,-2.2675118134931937e-05,-0.0016200747570617473,nan,1.8512434473067612,1.8512434473067612,0.0,0.0,0.0,nan,0,1,1.0,0.0,0.0008625490874295916,-9.134220393888552e-05,nan,0.0008625490874295916,-9.134220393888552e-05,nan,0.6147030856856319,0.6147030856856319,0.0,0.0,0.0,nan,0,1,1.0,0.0,-2.2675118134931937e-05,-0.0016200747570617473,nan,-2.2675118134931937e-05,-0.0016200747570617473,nan,1.8512434473067612,1.8512434473067612,0.0,0.0,0.0,nan,0
1000,0.9630000000000007,0.45,,scientific,0,1,0.18645161290322582,1.0,0.0,-2.3008812980755077e-05,-0.001621506075852229,nan,-2.3008812980755077e-05,-0.001621506075852229,nan,1.8525086451194497,1.8525086451194497,0.0,0.0,0.0,nan,0,1,1.0,0.0,0.0008625490874295916,-9.134220393888552e-05,nan,0.0008625490874295916,-9.134220393888552e-05,nan,0.6147030856856319,0.6147030856856319,0.0,0.0,0.0,nan,0,1,1.0,0.0,-2.3008812980755077e-05,-0.001621506075852229,nan,-2.3008812980755077e-05,-0.001621506075852229,nan,1.8525086451194497,1.8525086451194497,0.0,0.0,0.0,nan,0
1001,0.9640000000000007,0.45,,scientific,0,1,0.18645161290322582,1.0,0.0,-2.3339632471929577e-05,-0.001622938359559809,nan,-2.3339632471929577e-05,-0.001622938359559809,nan,1.8537737440754658,1.8537737440754658,0.0,0.0,0.0,nan,0,1,1.0,0.0,0.0008625490874295916,-9.134220393888552e-05,nan,0.0008625490874295916,-9.134220393888552e-05,nan,0.6147030856856319,0.6147030856856319,0.0,0.0,0.0,nan,0,1,1.0,0.0,-2.3339632471929577e-05,-0.001622938359559809,nan,-2.3339632471929577e-05,-0.001622938359559809,nan,1.8537737440754658,1.8537737440754658,0.0,0.0,0.0,nan,0
1002,0.9650000000000007,0.45,,scientific,0,1,0.18645161290322582,1.0,0.0,-2.366756494053274e-05,-0.0016243716152808392,nan,-2.366756494053274e-05,-0.0016243716152808392,nan,1.8550387442322287,1.8550387442322287,0.0,0.0,0.0,nan,0,1,1.0,0.0,0.0008625490874295916,-9.134220393888552e-05,nan,0.0008625490874295916,-9.134220393888552e-05,nan,0.6147030856856319,0.6147030856856319,0.0,0.0,0.0,nan,0,1,1.0,0.0,-2.366756494053274e-05,-0.0016243716152808392,nan,-2.366756494053274e-05,-0.0016243716152808392,nan,1.8550387442322287,1.8550387442322287,0.0,0.0,0.0,nan,0
1003,0.9660000000000007,0.45,,scientific,0,1,0.18645161290322582,1.0,0.0,-2.3992599964308882e-05,-0.0016258058504862655,nan,-2.3992599964308882e-05,-0.0016258058504862655,nan,1.8563036456460484,1.8563036456460484,0.0,0.0,0.0,nan,0,1,1.0,0.0,0.0008625490874295916,-9.134220393888552e-05,nan,0.0008625490874295916,-9.134220393888552e-05,nan,0.6147030856856319,0.6147030856856319,0.0,0.0,0.0,nan,0,1,1.0,0.0,-2.3992599964308882e-05,-0.0016258058504862655,nan,-2.3992599964308882e-05,-0.0016258058504862655,nan,1.8563036456460484,1.8563036456460484,0.0,0.0,0.0,nan,0
1004,0.9670000000000007,0.45,,scientific,0,1,0.18645161290322582,1.0,0.0,-2.4314729101419617e-05,-0.0016272410738135076,nan,-2.4314729101419617e-05,-0.0016272410738135076,nan,1.8575684483720258,1.8575684483720258,0.0,0.0,0.0,nan,0,1,1.0,0.0,0.0008625490874295916,-9.134220393888552e-05,nan,0.0008625490874295916,-9.134220393888552e-05,nan,0.6147030856856319,0.6147030856856319,0.0,0.0,0.0,nan,0,1,1.0,0.0,-2.4314729101419617e-05,-0.0016272410738135076,nan,-2.4314729101419617e-05,-0.0016272410738135076,nan,1.8575684483720258,1.8575684483720258,0.0,0.0,0.0,nan,0
1005,0.9680000000000007,0.45,,scientific,0,1,0.18645161290322582,1.0,0.0,-2.4633933444674142e-05,-0.0016286773085219298,nan,-2.4633933444674142e-05,-0.0016286773085219298,nan,1.8588331524696184,1.8588331524696184,0.0,0.0,0.0,nan,0,1,1.0,0.0,0.0008625490874295916,-9.134220393888552e-05,nan,0.0008625490874295916,-9.134220393888552e-05,nan,0.6147030856856319,0.6147030856856319,0.0,0.0,0.0,nan,0,1,1.0,0.0,-2.4633933444674142e-05,-0.0016286773085219298,nan,-2.4633933444674142e-05,-0.0016286773085219298,nan,1.8588331524696184,1.8588331524696184,0.0,0.0,0.0,nan,0
1006,0.9690000000000007,0.45,,scientific,0,1,0.18645161290322582,1.0,0.0,-2.4950203597896555e-05,-0.0016301145473141252,nan,-2.4950203597896555e-05,-0.0016301145473141252,nan,1.8600977579832791,1.8600977579832791,0.0,0.0,0.0,nan,0,1,1.0,0.0,0.0008625490874295916,-9.134220393888552e-05,nan,0.0008625490874295916,-9.134220393888552e-05,nan,0.6147030856856319,0.6147030856856319,0.0,0.0,0.0,nan,0,1,1.0,0.0,-2.4950203597896555e-05,-0.0016301145473141252,nan,-2.4950203597896555e-05,-0.0016301145473141252,nan,1.8600977579832791,1.8600977579832791,0.0,0.0,0.0,nan,0
1007,0.9700000000000008,0.45,,scientific,0,1,0.18645161290322582,1.0,0.0,-2.52635319163303e-05,-0.0016315527909541204,nan,-2.52635319163303e-05,-0.0016315527909541204,nan,1.861362264967081,1.861362264967081,0.0,0.0,0.0,nan,0,1,1.0,0.0,0.0008625490874295916,-9.134220393888552e-05,nan,0.0008625490874295916,-9.134220393888552e-05,nan,0.6147030856856319,0.6147030856856319,0.0,0.0,0.0,nan,0,1,1.0,0.0,-2.52635319163303e-05,-0.0016315527909541204,nan,-2.52635319163303e-05,-0.0016315527909541204,nan,1.861362264967081,1.861362264967081,0.0,0.0,0.0,nan,0
1008,0.9710000000000008,0.45,,scientific,0,1,0.18645161290322582,1.0,0.0,-2.5573903291344105e-05,-0.0016329920490229012,nan,-2.5573903291344105e-05,-0.0016329920490229012,nan,1.8626266734728931,1.8626266734728931,0.0,0.0,0.0,nan,0,1,1.0,0.0,0.0008625490874295916,-9.134220393888552e-05,nan,0.0008625490874295916,-9.134220393888552e-05,nan,0.6147030856856319,0.6147030856856319,0.0,0.0,0.0,nan,0,1,1.0,0.0,-2.5573903291344105e-05,-0.0016329920490229012,nan,-2.5573903291344105e-05,-0.0016329920490229012,nan,1.8626266734728931,1.8626266734728931,0.0,0.0,0.0,nan,0
1009,0.9720000000000008,0.45,,scientific,0,1,0.18645161290322582,1.0,0.0,-2.588130386704003e-05,-0.0016344323242952815,nan,-2.588130386704003e-05,-0.0016344323242952815,nan,1.8638909835577477,1.8638909835577477,0.0,0.0,0.0,nan,0,1,1.0,0.0,0.0008625490874295916,-9.134220393888552e-05,nan,0.0008625490874295916,-9.134220393888552e-05,nan,0.6147030856856319,0.6147030856856319,0.0,0.0,0.0,nan,0,1,1.0,0.0,-2.588130386704003e-05,-0.0016344323242952815,nan,-2.588130386704003e-05,-0.0016344323242952815,nan,1.8638909835577477,1.8638909835577477,0.0,0.0,0.0,nan,0
1010,0.9730000000000008,0.45,,scientific,0,1,0.18645161290322582,1.0,0.0,-2.6185724476334034e-05,-0.0016358736337821352,nan,-2.6185724476334034e-05,-0.0016358736337821352,nan,1.8651551952784255,1.8651551952784255,0.0,0.0,0.0,nan,0,1,1.0,0.0,0.0008625490874295916,-9.134220393888552e-05,nan,0.0008625490874295916,-9.134220393888552e-05,nan,0.6147030856856319,0.6147030856856319,0.0,0.0,0.0,nan,0,1,1.0,0.0,-2.6185724476334034e-05,-0.0016358736337821352,nan,-2.6185724476334034e-05,-0.0016358736337821352,nan,1.8651551952784255,1.8651551952784255,0.0,0.0,0.0,nan,0
1011,0.9740000000000008,0.45,,scientific,0,1,0.18645161290322582,1.0,0.0,-2.6487149502640095e-05,-0.001637315986549712,nan,-2.6487149502640095e-05,-0.001637315986549712,nan,1.866419308683508,1.866419308683508,0.0,0.0,0.0,nan,0,1,1.0,0.0,0.0008625490874295916,-9.134220393888552e-05,nan,0.0008625490874295916,-9.134220393888552e-05,nan,0.6147030856856319,0.6147030856856319,0.0,0.0,0.0,nan,0,1,1.0,0.0,-2.6487149502640095e-05,-0.001637315986549712,nan,-2.6487149502640095e-05,-0.001637315986549712,nan,1.866419308683508,1.866419308683508,0.0,0.0,0.0,nan,0
1012,0.9750000000000008,0.45,,scientific,0,1,0.18645161290322582,1.0,0.0,-2.678556858920809e-05,-0.0016387593854977015,nan,-2.678556858920809e-05,-0.0016387593854977015,nan,1.867683323822023,1.867683323822023,0.0,0.0,0.0,nan,0,1,1.0,0.0,0.0008625490874295916,-9.134220393888552e-05,nan,0.0008625490874295916,-9.134220393888552e-05,nan,0.6147030856856319,0.6147030856856319,0.0,0.0,0.0,nan,0,1,1.0,0.0,-2.678556858920809e-05,-0.0016387593854977015,nan,-2.678556858920809e-05,-0.0016387593854977015,nan,1.867683323822023,1.867683323822023,0.0,0.0,0.0,nan,0
1013,0.9760000000000008,0.45,,scientific,0,1,0.18645161290322582,1.0,0.0,-2.708097014153957e-05,-0.0016402038370073233,nan,-2.708097014153957e-05,-0.0016402038370073233,nan,1.868947240748836,1.868947240748836,0.0,0.0,0.0,nan,0,1,1.0,0.0,0.0008625490874295916,-9.134220393888552e-05,nan,0.0008625490874295916,-9.134220393888552e-05,nan,0.6147030856856319,0.6147030856856319,0.0,0.0,0.0,nan,0,1,1.0,0.0,-2.708097014153957e-05,-0.0016402038370073233,nan,-2.708097014153957e-05,-0.0016402038370073233,nan,1.868947240748836,1.868947240748836,0.0,0.0,0.0,nan,0
1014,0.9770000000000008,0.45,,scientific,0,1,0.18645161290322582,1.0,0.0,-2.737334613497858e-05,-0.0016416493554449328,nan,-2.737334613497858e-05,-0.0016416493554449328,nan,1.8702110595232977,1.8702110595232977,0.0,0.0,0.0,nan,0,1,1.0,0.0,0.0008625490874295916,-9.134220393888552e-05,nan,0.0008625490874295916,-9.134220393888552e-05,nan,0.6147030856856319,0.6147030856856319,0.0,0.0,0.0,nan,0,1,1.0,0.0,-2.737334613497858e-05,-0.0016416493554449328,nan,-2.737334613497858e-05,-0.0016416493554449328,nan,1.8702110595232977,1.8702110595232977,0.0,0.0,0.0,nan,0
1015,0.9780000000000008,0.45,,scientific,0,1,0.18645161290322582,1.0,0.0,-2.7662688735138908e-05,-0.001643095945199472,nan,-2.7662688735138908e-05,-0.001643095945199472,nan,1.8714747801933274,1.8714747801933274,0.0,0.0,0.0,nan,0,1,1.0,0.0,0.0008625490874295916,-9.134220393888552e-05,nan,0.0008625490874295916,-9.134220393888552e-05,nan,0.6147030856856319,0.6147030856856319,0.0,0.0,0.0,nan,0,1,1.0,0.0,-2.7662688735138908e-05,-0.001643095945199472,nan,-2.7662688735138908e-05,-0.001643095945199472,nan,1.8714747801933274,1.8714747801933274,0.0,0.0,0.0,nan,0
1016,0.9790000000000008,0.45,,scientific,0,1,0.18645161290322582,1.0,0.0,-2.7948982604997088e-05,-0.001644543600790262,nan,-2.7948982604997088e-05,-0.001644543600790262,nan,1.8727384028075198,1.8727384028075198,0.0,0.0,0.0,nan,0,1,1.0,0.0,0.0008625490874295916,-9.134220393888552e-05,nan,0.0008625490874295916,-9.134220393888552e-05,nan,0.6147030856856319,0.6147030856856319,0.0,0.0,0.0,nan,0,1,1.0,0.0,-2.7948982604997088e-05,-0.001644543600790262,nan,-2.7948982604997088e-05,-0.001644543600790262,nan,1.8727384028075198,1.8727384028075198,0.0,0.0,0.0,nan,0
1017,0.9800000000000008,0.45,,scientific,0,1,0.18645161290322582,1.0,0.0,-2.823221689816229e-05,-0.0016459923279120048,nan,-2.823221689816229e-05,-0.0016459923279120048,nan,1.8740019274186732,1.8740019274186732,0.0,0.0,0.0,nan,0,1,1.0,0.0,0.0008625490874295916,-9.134220393888552e-05,nan,0.0008625490874295916,-9.134220393888552e-05,nan,0.6147030856856319,0.6147030856856319,0.0,0.0,0.0,nan,0,1,1.0,0.0,-2.823221689816229e-05,-0.0016459923279120048,nan,-2.823221689816229e-05,-0.0016459923279120048,nan,1.8740019274186732,1.8740019274186732,0.0,0.0,0.0,nan,0
1018,0.9810000000000008,0.45,,scientific,0,1,0.18645161290322582,1.0,0.0,-2.8512374993594137e-05,-0.0016474421433795826,nan,-2.8512374993594137e-05,-0.0016474421433795826,nan,1.8752653540755495,1.8752653540755495,0.0,0.0,0.0,nan,0,1,1.0,0.0,0.0008625490874295916,-9.134220393888552e-05,nan,0.0008625490874295916,-9.134220393888552e-05,nan,0.6147030856856319,0.6147030856856319,0.0,0.0,0.0,nan,0,1,1.0,0.0,-2.8512374993594137e-05,-0.0016474421433795826,nan,-2.8512374993594137e-05,-0.0016474421433795826,nan,1.8752653540755495,1.8752653540755495,0.0,0.0,0.0,nan,0
1019,0.9820000000000008,0.45,,scientific,0,1,0.18645161290322582,1.0,0.0,-2.8789437749337394e-05,-0.0016488930607487819,nan,-2.8789437749337394e-05,-0.0016488930607487819,nan,1.876528682835729,1.876528682835729,0.0,0.0,0.0,nan,0,1,1.0,0.0,0.0008625490874295916,-9.134220393888552e-05,nan,0.0008625490874295916,-9.134220393888552e-05,nan,0.6147030856856319,0.6147030856856319,0.0,0.0,0.0,nan,0,1,1.0,0.0,-2.8789437749337394e-05,-0.0016488930607487819,nan,-2.8789437749337394e-05,-0.0016488930607487819,nan,1.876528682835729,1.876528682835729,0.0,0.0,0.0,nan,0
1020,0.9830000000000008,0.45,,scientific,0,1,0.18645161290322582,1.0,0.0,-2.9063388673998425e-05,-0.001650345093588217,nan,-2.9063388673998425e-05,-0.001650345093588217,nan,1.8777919137588697,1.8777919137588697,0.0,0.0,0.0,nan,0,1,1.0,0.0,0.0008625490874295916,-9.134220393888552e-05,nan,0.0008625490874295916,-9.134220393888552e-05,nan,0.6147030856856319,0.6147030856856319,0.0,0.0,0.0,nan,0,1,1.0,0.0,-2.9063388673998425e-05,-0.001650345093588217,nan,-2.9063388673998425e-05,-0.001650345093588217,nan,1.8777919137588697,1.8777919137588697,0.0,0.0,0.0,nan,0
1021,0.9840000000000008,0.45,,scientific,0,1,0.18645161290322582,1.0,0.0,-2.9334221751553423e-05,-0.0016517982415663636,nan,-2.9334221751553423e-05,-0.0016517982415663636,nan,1.8790550468943752,1.8790550468943752,0.0,0.0,0.0,nan,0,1,1.0,0.0,0.0008625490874295916,-9.134220393888552e-05,nan,0.0008625490874295916,-9.134220393888552e-05,nan,0.6147030856856319,0.6147030856856319,0.0,0.0,0.0,nan,0,1,1.0,0.0,-2.9334221751553423e-05,-0.0016517982415663636,nan,-2.9334221751553423e-05,-0.0016517982415663636,nan,1.8790550468943752,1.8790550468943752,0.0,0.0,0.0,nan,0
1022,0.9850000000000008,0.45,,scientific,0,1,0.18645161290322582,1.0,0.0,-2.9601926493526477e-05,-0.0016532525101036156,nan,-2.9601926493526477e-05,-0.0016532525101036156,nan,1.8803180822965375,1.8803180822965375,0.0,0.0,0.0,nan,0,1,1.0,0.0,0.0008625490874295916,-9.134220393888552e-05,nan,0.0008625490874295916,-9.134220393888552e-05,nan,0.6147030856856319,0.6147030856856319,0.0,0.0,0.0,nan,0,1,1.0,0.0,-2.9601926493526477e-05,-0.0016532525101036156,nan,-2.9601926493526477e-05,-0.0016532525101036156,nan,1.8803180822965375,1.8803180822965375,0.0,0.0,0.0,nan,0
1023,0.9860000000000008,0.45,,scientific,0,1,0.18645161290322582,1.0,0.0,-2.9866488478142045e-05,-0.0016547079050022277,nan,-2.9866488478142045e-05,-0.0016547079050022277,nan,1.881581020022021,1.881581020022021,0.0,0.0,0.0,nan,0,1,1.0,0.0,0.0008625490874295916,-9.134220393888552e-05,nan,0.0008625490874295916,-9.134220393888552e-05,nan,0.6147030856856319,0.6147030856856319,0.0,0.0,0.0,nan,0,1,1.0,0.0,-2.9866488478142045e-05,-0.0016547079050022277,nan,-2.9866488478142045e-05,-0.0016547079050022277,nan,1.881581020022021,1.881581020022021,0.0,0.0,0.0,nan,0
1024,0.9870000000000008,0.45,,scientific,0,1,0.18645161290322582,1.0,0.0,-3.012789251437404e-05,-0.001656164432339147,nan,-3.012789251437404e-05,-0.001656164432339147,nan,1.882843860126784,1.882843860126784,0.0,0.0,0.0,nan,0,1,1.0,0.0,0.0008625490874295916,-9.134220393888552e-05,nan,0.0008625490874295916,-9.134220393888552e-05,nan,0.6147030856856319,0.6147030856856319,0.0,0.0,0.0,nan,0,1,1.0,0.0,-3.012789251437404e-05,-0.001656164432339147,nan,-3.012789251437404e-05,-0.001656164432339147,nan,1.882843860126784,1.882843860126784,0.0,0.0,0.0,nan,0
1025,0.9880000000000008,0.45,,scientific,0,1,0.18645161290322582,1.0,0.0,-3.038612954652478e-05,-0.0016576221014755928,nan,-3.038612954652478e-05,-0.0016576221014755928,nan,1.8841066026618807,1.8841066026618807,0.0,0.0,0.0,nan,0,1,1.0,0.0,0.0008625490874295916,-9.134220393888552e-05,nan,0.0008625490874295916,-9.134220393888552e-05,nan,0.6147030856856319,0.6147030856856319,0.0,0.0,0.0,nan,0,1,1.0,0.0,-3.038612954652478e-05,-0.0016576221014755928,nan,-3.038612954652478e-05,-0.0016576221014755928,nan,1.8841066026618807,1.8841066026618807,0.0,0.0,0.0,nan,0
1026,0.9890000000000008,0.45,,scientific,0,1,0.18645161290322582,1.0,0.0,-3.06411823922507e-05,-0.0016590809218512911,nan,-3.06411823922507e-05,-0.0016590809218512911,nan,1.8853692476843662,1.8853692476843662,0.0,0.0,0.0,nan,0,1,1.0,0.0,0.0008625490874295916,-9.134220393888552e-05,nan,0.0008625490874295916,-9.134220393888552e-05,nan,0.6147030856856319,0.6147030856856319,0.0,0.0,0.0,nan,0,1,1.0,0.0,-3.06411823922507e-05,-0.0016590809218512911,nan,-3.06411823922507e-05,-0.0016590809218512911,nan,1.8853692476843662,1.8853692476843662,0.0,0.0,0.0,nan,0
1027,0.9900000000000008,0.45,,scientific,0,1,0.18645161290322582,1.0,0.0,-3.089304751065093e-05,-0.0016605409048736075,nan,-3.089304751065093e-05,-0.0016605409048736075,nan,1.886631795240135,1.886631795240135,0.0,0.0,0.0,nan,0,1,1.0,0.0,0.0008625490874295916,-9.134220393888552e-05,nan,0.0008625490874295916,-9.134220393888552e-05,nan,0.6147030856856319,0.6147030856856319,0.0,0.0,0.0,nan,0,1,1.0,0.0,-3.089304751065093e-05,-0.0016605409048736075,nan,-3.089304751065093e-05,-0.0016605409048736075,nan,1.886631795240135,1.886631795240135,0.0,0.0,0.0,nan,0
1028,0.9910000000000008,0.45,,scientific,0,1,0.18645161290322582,1.0,0.0,-3.1141712727691216e-05,-0.0016620020572822639,nan,-3.1141712727691216e-05,-0.0016620020572822639,nan,1.8878942453812912,1.8878942453812912,0.0,0.0,0.0,nan,0,1,1.0,0.0,0.0008625490874295916,-9.134220393888552e-05,nan,0.0008625490874295916,-9.134220393888552e-05,nan,0.6147030856856319,0.6147030856856319,0.0,0.0,0.0,nan,0,1,1.0,0.0,-3.1141712727691216e-05,-0.0016620020572822639,nan,-3.1141712727691216e-05,-0.0016620020572822639,nan,1.8878942453812912,1.8878942453812912,0.0,0.0,0.0,nan,0
1029,0.9920000000000008,0.45,,scientific,0,1,0.18645161290322582,1.0,0.0,-3.138716568534513e-05,-0.001663464391273137,nan,-3.138716568534513e-05,-0.001663464391273137,nan,1.8891565981646323,1.8891565981646323,0.0,0.0,0.0,nan,0,1,1.0,0.0,0.0008625490874295916,-9.134220393888552e-05,nan,0.0008625490874295916,-9.134220393888552e-05,nan,0.6147030856856319,0.6147030856856319,0.0,0.0,0.0,nan,0,1,1.0,0.0,-3.138716568534513e-05,-0.001663464391273137,nan,-3.138716568534513e-05,-0.001663464391273137,nan,1.8891565981646323,1.8891565981646323,0.0,0.0,0.0,nan,0
1030,0.9930000000000008,0.45,,scientific,0,1,0.18645161290322582,1.0,0.0,-3.162939567509943e-05,-0.00166492791057542,nan,-3.162939567509943e-05,-0.00166492791057542,nan,1.890418853642578,1.890418853642578,0.0,0.0,0.0,nan,0,1,1.0,0.0,0.0008625490874295916,-9.134220393888552e-05,nan,0.0008625490874295916,-9.134220393888552e-05,nan,0.6147030856856319,0.6147030856856319,0.0,0.0,0.0,nan,0,1,1.0,0.0,-3.162939567509943e-05,-0.00166492791057542,nan,-3.162939567509943e-05,-0.00166492791057542,nan,1.890418853642578,1.890418853642578,0.0,0.0,0.0,nan,0
1031,0.9940000000000008,0.45,,scientific,0,1,0.18645161290322582,1.0,0.0,-3.1868391474700035e-05,-0.0016663926229822017,nan,-3.1868391474700035e-05,-0.0016663926229822017,nan,1.8916810118691036,1.8916810118691036,0.0,0.0,0.0,nan,0,1,1.0,0.0,0.0008625490874295916,-9.134220393888552e-05,nan,0.0008625490874295916,-9.134220393888552e-05,nan,0.6147030856856319,0.6147030856856319,0.0,0.0,0.0,nan,0,1,1.0,0.0,-3.1868391474700035e-05,-0.0016663926229822017,nan,-3.1868391474700035e-05,-0.0016663926229822017,nan,1.8916810118691036,1.8916810118691036,0.0,0.0,0.0,nan,0
1032,0.9950000000000008,0.45,,scientific,0,1,0.18645161290322582,1.0,0.0,-3.2104137456895776e-05,-0.0016678585317361065,nan,-3.2104137456895776e-05,-0.0016678585317361065,nan,1.8929430728953696,1.8929430728953696,0.0,0.0,0.0,nan,0,1,1.0,0.0,0.0008625490874295916,-9.134220393888552e-05,nan,0.0008625490874295916,-9.134220393888552e-05,nan,0.6147030856856319,0.6147030856856319,0.0,0.0,0.0,nan,0,1,1.0,0.0,-3.2104137456895776e-05,-0.0016678585317361065,nan,-3.2104137456895776e-05,-0.0016678585317361065,nan,1.8929430728953696,1.8929430728953696,0.0,0.0,0.0,nan,0
1033,0.9960000000000008,0.45,,scientific,0,1,0.18645161290322582,1.0,0.0,-3.23366203620349e-05,-0.0016693256435251914,nan,-3.23366203620349e-05,-0.0016693256435251914,nan,1.8942050367753072,1.8942050367753072,0.0,0.0,0.0,nan,0,1,1.0,0.0,0.0008625490874295916,-9.134220393888552e-05,nan,0.0008625490874295916,-9.134220393888552e-05,nan,0.6147030856856319,0.6147030856856319,0.0,0.0,0.0,nan,0,1,1.0,0.0,-3.23366203620349e-05,-0.0016693256435251914,nan,-3.23366203620349e-05,-0.0016693256435251914,nan,1.8942050367753072,1.8942050367753072,0.0,0.0,0.0,nan,0
1034,0.9970000000000008,0.45,,scientific,0,1,0.18645161290322582,1.0,0.0,-3.2565827558704084e-05,-0.0016707939659377632,nan,-3.2565827558704084e-05,-0.0016707939659377632,nan,1.8954669035634029,1.8954669035634029,0.0,0.0,0.0,nan,0,1,1.0,0.0,0.0008625490874295916,-9.134220393888552e-05,nan,0.0008625490874295916,-9.134220393888552e-05,nan,0.6147030856856319,0.6147030856856319,0.0,0.0,0.0,nan,0,1,1.0,0.0,-3.2565827558704084e-05,-0.0016707939659377632,nan,-3.2565827558704084e-05,-0.0016707939659377632,nan,1.8954669035634029,1.8954669035634029,0.0,0.0,0.0,nan,0
1035,0.9980000000000008,0.45,,scientific,0,1,0.18645161290322582,1.0,0.0,-3.2791746552128004e-05,-0.0016722635067475534,nan,-3.2791746552128004e-05,-0.0016722635067475534,nan,1.8967286733138655,1.8967286733138655,0.0,0.0,0.0,nan,0,1,1.0,0.0,0.0008625490874295916,-9.134220393888552e-05,nan,0.0008625490874295916,-9.134220393888552e-05,nan,0.6147030856856319,0.6147030856856319,0.0,0.0,0.0,nan,0,1,1.0,0.0,-3.2791746552128004e-05,-0.0016722635067475534,nan,-3.2791746552128004e-05,-0.0016722635067475534,nan,1.8967286733138655,1.8967286733138655,0.0,0.0,0.0,nan,0
1036,0.9990000000000008,0.45,,scientific,0,1,0.18645161290322582,1.0,0.0,-3.301436484332262e-05,-0.0016737342737513116,nan,-3.301436484332262e-05,-0.0016737342737513116,nan,1.897990346080523,1.897990346080523,0.0,0.0,0.0,nan,0,1,1.0,0.0,0.0008625490874295916,-9.134220393888552e-05,nan,0.0008625490874295916,-9.134220393888552e-05,nan,0.6147030856856319,0.6147030856856319,0.0,0.0,0.0,nan,0,1,1.0,0.0,-3.301436484332262e-05,-0.0016737342737513116,nan,-3.301436484332262e-05,-0.0016737342737513116,nan,1.897990346080523,1.897990346080523,0.0,0.0,0.0,nan,0
1037,1.0000000000000007,0.45,,scientific,0,1,0.18645161290322582,1.0,0.0,-3.323366990414168e-05,-0.0016752062747233472,nan,-3.323366990414168e-05,-0.0016752062747233472,nan,1.8992519219169401,1.8992519219169401,0.0,0.0,0.0,nan,0,1,1.0,0.0,0.0008625490874295916,-9.134220393888552e-05,nan,0.0008625490874295916,-9.134220393888552e-05,nan,0.6147030856856319,0.6147030856856319,0.0,0.0,0.0,nan,0,1,1.0,0.0,-3.323366990414168e-05,-0.0016752062747233472,nan,-3.323366990414168e-05,-0.0016752062747233472,nan,1.8992519219169401,1.8992519219169401,0.0,0.0,0.0,nan,0
1038,1.0010000000000006,0.45,,scientific,0,1,0.18645161290322582,1.0,0.0,-3.344964917782638e-05,-0.0016766795174263688,nan,-3.344964917782638e-05,-0.0016766795174263688,nan,1.9005134008764877,1.9005134008764877,0.0,0.0,0.0,nan,0,1,1.0,0.0,0.0008625490874295916,-9.134220393888552e-05,nan,0.0008625490874295916,-9.134220393888552e-05,nan,0.6147030856856319,0.6147030856856319,0.0,0.0,0.0,nan,0,1,1.0,0.0,-3.344964917782638e-05,-0.0016766795174263688,nan,-3.344964917782638e-05,-0.0016766795174263688,nan,1.9005134008764877,1.9005134008764877,0.0,0.0,0.0,nan,0
1039,1.0020000000000004,0.45,,scientific,0,1,0.18645161290322582,1.0,0.0,-3.3662290073132036e-05,-0.001678154009622541,nan,-3.3662290073132036e-05,-0.001678154009622541,nan,1.9017747830124485,1.9017747830124485,0.0,0.0,0.0,nan,0,1,1.0,0.0,0.0008625490874295916,-9.134220393888552e-05,nan,0.0008625490874295916,-9.134220393888552e-05,nan,0.6147030856856319,0.6147030856856319,0.0,0.0,0.0,nan,0,1,1.0,0.0,-3.3662290073132036e-05,-0.001678154009622541,nan,-3.3662290073132036e-05,-0.001678154009622541,nan,1.9017747830124485,1.9017747830124485,0.0,0.0,0.0,nan,0
1040,1.0030000000000003,0.45,,scientific,0,1,0.18645161290322582,1.0,0.0,-3.387157382140022e-05,-0.0016796297571835673,nan,-3.387157382140022e-05,-0.0016796297571835673,nan,1.9030360683800076,1.9030360683800076,0.0,0.0,0.0,nan,0,1,1.0,0.0,0.0008625490874295916,-9.134220393888552e-05,nan,0.0008625490874295916,-9.134220393888552e-05,nan,0.6147030856856319,0.6147030856856319,0.0,0.0,0.0,nan,0,1,1.0,0.0,-3.387157382140022e-05,-0.0016796297571835673,nan,-3.387157382140022e-05,-0.0016796297571835673,nan,1.9030360683800076,1.9030360683800076,0.0,0.0,0.0,nan,0
1041,1.0040000000000002,0.45,,scientific,0,1,0.18645161290322582,1.0,0.0,-3.407749754140309e-05,-0.0016811067645349502,nan,-3.407749754140309e-05,-0.0016811067645349502,nan,1.9042972570348609,1.9042972570348609,0.0,0.0,0.0,nan,0,1,1.0,0.0,0.0008625490874295916,-9.134220393888552e-05,nan,0.0008625490874295916,-9.134220393888552e-05,nan,0.6147030856856319,0.6147030856856319,0.0,0.0,0.0,nan,0,1,1.0,0.0,-3.407749754140309e-05,-0.0016811067645349502,nan,-3.407749754140309e-05,-0.0016811067645349502,nan,1.9042972570348609,1.9042972570348609,0.0,0.0,0.0,nan,0
1042,1.0050000000000001,0.45,,scientific,0,1,0.1870967741935484,1.0,0.0,-0.0015923634131183265,-0.0016412531743755542,nan,-0.0015923634131183265,-0.0016412531743755542,nan,1.9093763242573005,1.9093763242573005,0.0,0.0,0.0,nan,0,1,1.0,0.0,8.878825153339827e-05,-7.109551995953586e-05,nan,8.878825153339827e-05,-7.109551995953586e-05,nan,0.6157796234889505,0.6157796234889505,0.0,0.0,0.0,nan,0,1,1.0,0.0,-0.0015923634131183265,-0.0016412531743755542,nan,-0.0015923634131183265,-0.0016412531743755542,nan,1.9093763242573005,1.9093763242573005,0.0,0.0,0.0,nan,0
1043,1.006,0.45,,scientific,0,1,0.1870967741935484,1.0,0.0,-0.0015931798066803338,-0.0016427153352138065,nan,-0.0015931798066803338,-0.0016427153352138065,nan,1.9106400951801006,1.9106400951801006,0.0,0.0,0.0,nan,0,1,1.0,0.0,8.878825153339827e-05,-7.109551995953586e-05,nan,8.878825153339827e-05,-7.109551995953586e-05,nan,0.6157796234889505,0.6157796234889505,0.0,0.0,0.0,nan,0,1,1.0,0.0,-0.0015931798066803338,-0.0016427153352138065,nan,-0.0015931798066803338,-0.0016427153352138065,nan,1.9106400951801006,1.9106400951801006,0.0,0.0,0.0,nan,0
1044,1.007,0.45,,scientific,0,1,0.1870967741935484,1.0,0.0,-0.0015939925485817978,-0.001644178779446431,nan,-0.0015939925485817978,-0.001644178779446431,nan,1.9119037693974787,1.9119037693974787,0.0,0.0,0.0,nan,0,1,1.0,0.0,8.878825153339827e-05,-7.109551995953586e-05,nan,8.878825153339827e-05,-7.109551995953586e-05,nan,0.6157796234889505,0.6157796234889505,0.0,0.0,0.0,nan,0,1,1.0,0.0,-0.0015939925485817978,-0.001644178779446431,nan,-0.0015939925485817978,-0.001644178779446431,nan,1.9119037693974787,1.9119037693974787,0.0,0.0,0.0,nan,0
1045,1.0079999999999998,0.45,,scientific,0,1,0.1870967741935484,1.0,0.0,-0.0015948016236753176,-0.0016456435217690566,nan,-0.0015948016236753176,-0.0016456435217690566,nan,1.9131673469580153,1.9131673469580153,0.0,0.0,0.0,nan,0,1,1.0,0.0,8.878825153339827e-05,-7.109551995953586e-05,nan,8.878825153339827e-05,-7.109551995953586e-05,nan,0.6157796234889505,0.6157796234889505,0.0,0.0,0.0,nan,0,1,1.0,0.0,-0.0015948016236753176,-0.0016456435217690566,nan,-0.0015948016236753176,-0.0016456435217690566,nan,1.9131673469580153,1.9131673469580153,0.0,0.0,0.0,nan,0
1046,1.0089999999999997,0.45,,scientific,0,1,0.1870967741935484,1.0,0.0,-0.001595607018547399,-0.001647109571628137,nan,-0.001595607018547399,-0.001647109571628137,nan,1.9144308279152984,1.9144308279152984,0.0,0.0,0.0,nan,0,1,1.0,0.0,8.878825153339827e-05,-7.109551995953586e-05,nan,8.878825153339827e-05,-7.109551995953586e-05,nan,0.6157796234889505,0.6157796234889505,0.0,0.0,0.0,nan,0,1,1.0,0.0,-0.001595607018547399,-0.001647109571628137,nan,-0.001595607018547399,-0.001647109571628137,nan,1.9144308279152984,1.9144308279152984,0.0,0.0,0.0,nan,0
1047,1.0099999999999996,0.45,,scientific,0,1,0.1870967741935484,1.0,0.0,-0.0015964087202157838,-0.0016485769370133806,nan,-0.0015964087202157838,-0.0016485769370133806,nan,1.915694212323673,1.915694212323673,0.0,0.0,0.0,nan,0,1,1.0,0.0,8.878825153339827e-05,-7.109551995953586e-05,nan,8.878825153339827e-05,-7.109551995953586e-05,nan,0.6157796234889505,0.6157796234889505,0.0,0.0,0.0,nan,0,1,1.0,0.0,-0.0015964087202157838,-0.0016485769370133806,nan,-0.0015964087202157838,-0.0016485769370133806,nan,1.915694212323673,1.915694212323673,0.0,0.0,0.0,nan,0
1048,1.0109999999999995,0.45,,scientific,0,1,0.1870967741935484,1.0,0.0,-0.0015972067134818692,-0.0016500456227989244,nan,-0.0015972067134818692,-0.0016500456227989244,nan,1.916957500237977,1.916957500237977,0.0,0.0,0.0,nan,0,1,1.0,0.0,8.878825153339827e-05,-7.109551995953586e-05,nan,8.878825153339827e-05,-7.109551995953586e-05,nan,0.6157796234889505,0.6157796234889505,0.0,0.0,0.0,nan,0,1,1.0,0.0,-0.0015972067134818692,-0.0016500456227989244,nan,-0.0015972067134818692,-0.0016500456227989244,nan,1.916957500237977,1.916957500237977,0.0,0.0,0.0,nan,0
1049,1.0119999999999993,0.45,,scientific,0,1,0.1870967741935484,1.0,0.0,-0.0005100721264413401,-0.0027330056419305982,nan,-0.0005100721264413401,-0.0027330056419305982,nan,1.9220098593733934,1.9220098593733934,0.0,0.0,0.0,nan,0,1,1.0,0.0,0.0006348720344462182,-0.0006141118080597151,nan,0.0006348720344462182,-0.0006141118080597151,nan,0.6168561612922691,0.6168561612922691,0.0,0.0,0.0,nan,0,1,1.0,0.0,-0.0005100721264413401,-0.0027330056419305982,nan,-0.0005100721264413401,-0.0027330056419305982,nan,1.9220098593733934,1.9220098593733934,0.0,0.0,0.0,nan,0
1050,1.0129999999999992,0.45,,scientific,0,1,0.1870967741935484,1.0,0.0,-0.0005104410360614499,-0.0027348962822954944,nan,-0.0005104410360614499,-0.0027348962822954944,nan,1.9232756747980007,1.9232756747980007,0.0,0.0,0.0,nan,0,1,1.0,0.0,0.0006348720344462182,-0.0006141118080597151,nan,0.0006348720344462182,-0.0006141118080597151,nan,0.6168561612922691,0.6168561612922691,0.0,0.0,0.0,nan,0,1,1.0,0.0,-0.0005104410360614499,-0.0027348962822954944,nan,-0.0005104410360614499,-0.0027348962822954944,nan,1.9232756747980007,1.9232756747980007,0.0,0.0,0.0,nan,0
1051,1.0139999999999991,0.45,,scientific,0,1,0.1870967741935484,1.0,0.0,-0.0005108063642783342,-0.0027367881190641184,nan,-0.0005108063642783342,-0.0027367881190641184,nan,1.924541393798557,1.924541393798557,0.0,0.0,0.0,nan,0,1,1.0,0.0,0.0006348720344462182,-0.0006141118080597151,nan,0.0006348720344462182,-0.0006141118080597151,nan,0.6168561612922691,0.6168561612922691,0.0,0.0,0.0,nan,0,1,1.0,0.0,-0.0005108063642783342,-0.0027367881190641184,nan,-0.0005108063642783342,-0.0027367881190641184,nan,1.924541393798557,1.924541393798557,0.0,0.0,0.0,nan,0
1052,1.014999999999999,0.45,,scientific,0,1,0.1870967741935484,1.0,0.0,-0.0005111680954979768,-0.002738681156723035,nan,-0.0005111680954979768,-0.002738681156723035,nan,1.9258070164245602,1.9258070164245602,0.0,0.0,0.0,nan,0,1,1.0,0.0,0.0006348720344462182,-0.0006141118080597151,nan,0.0006348720344462182,-0.0006141118080597151,nan,0.6168561612922691,0.6168561612922691,0.0,0.0,0.0,nan,0,1,1.0,0.0,-0.0005111680954979768,-0.002738681156723035,nan,-0.0005111680954979768,-0.002738681156723035,nan,1.9258070164245602,1.9258070164245602,0.0,0.0,0.0,nan,0
1053,1.015999999999999,0.45,,scientific,0,1,0.1870967741935484,1.0,0.0,-0.0005115262159644992,-0.0027405754022155945,nan,-0.0005115262159644992,-0.0027405754022155945,nan,1.9270725427281934,1.9270725427281934,0.0,0.0,0.0,nan,0,1,1.0,0.0,0.0006348720344462182,-0.0006141118080597151,nan,0.0006348720344462182,-0.0006141118080597151,nan,0.6168561612922691,0.6168561612922691,0.0,0.0,0.0,nan,0,1,1.0,0.0,-0.0005115262159644992,-0.0027405754022155945,nan,-0.0005115262159644992,-0.0027405754022155945,nan,1.9270725427281934,1.9270725427281934,0.0,0.0,0.0,nan,0
1054,1.0169999999999988,0.45,,scientific,0,1,0.1870967741935484,1.0,0.0,-0.0005118807124351997,-0.0027424708631922272,nan,-0.0005118807124351997,-0.0027424708631922272,nan,1.928337972762086,1.928337972762086,0.0,0.0,0.0,nan,0,1,1.0,0.0,0.0006348720344462182,-0.0006141118080597151,nan,0.0006348720344462182,-0.0006141118080597151,nan,0.6168561612922691,0.6168561612922691,0.0,0.0,0.0,nan,0,1,1.0,0.0,-0.0005118807124351997,-0.0027424708631922272,nan,-0.0005118807124351997,-0.0027424708631922272,nan,1.928337972762086,1.928337972762086,0.0,0.0,0.0,nan,0
1055,1.0179999999999987,0.45,,scientific,0,1,0.1870967741935484,1.0,0.0,-0.000512231572253923,-0.0027443675478514536,nan,-0.000512231572253923,-0.0027443675478514536,nan,1.929603306578676,1.929603306578676,0.0,0.0,0.0,nan,0,1,1.0,0.0,0.0006348720344462182,-0.0006141118080597151,nan,0.0006348720344462182,-0.0006141118080597151,nan,0.6168561612922691,0.6168561612922691,0.0,0.0,0.0,nan,0,1,1.0,0.0,-0.000512231572253923,-0.0027443675478514536,nan,-0.000512231572253923,-0.0027443675478514536,nan,1.929603306578676,1.929603306578676,0.0,0.0,0.0,nan,0
1056,1.0189999999999986,0.45,,scientific,0,1,0.1870967741935484,1.0,0.0,-0.0005125787954275955,-0.0027462654549696877,nan,-0.0005125787954275955,-0.0027462654549696877,nan,1.9308685442362317,1.9308685442362317,0.0,0.0,0.0,nan,0,1,1.0,0.0,0.0006348720344462182,-0.0006141118080597151,nan,0.0006348720344462182,-0.0006141118080597151,nan,0.6168561612922691,0.6168561612922691,0.0,0.0,0.0,nan,0,1,1.0,0.0,-0.0005125787954275955,-0.0027462654549696877,nan,-0.0005125787954275955,-0.0027462654549696877,nan,1.9308685442362317,1.9308685442362317,0.0,0.0,0.0,nan,0
1057,1.0199999999999985,0.45,,scientific,0,1,0.1870967741935484,1.0,0.0,-0.0005129223533933472,-0.0027481646156391954,nan,-0.0005129223533933472,-0.0027481646156391954,nan,1.9321336857829863,1.9321336857829863,0.0,0.0,0.0,nan,0,1,1.0,0.0,0.0006348720344462182,-0.0006141118080597151,nan,0.0006348720344462182,-0.0006141118080597151,nan,0.6168561612922691,0.6168561612922691,0.0,0.0,0.0,nan,0,1,1.0,0.0,-0.0005129223533933472,-0.0027481646156391954,nan,-0.0005129223533933472,-0.0027481646156391954,nan,1.9321336857829863,1.9321336857829863,0.0,0.0,0.0,nan,0
1058,1.0209999999999984,0.45,,scientific,0,1,0.1870967741935484,1.0,0.0,-0.0005132622336253282,-0.0027500650259095686,nan,-0.0005132622336253282,-0.0027500650259095686,nan,1.9333987312550986,1.9333987312550986,0.0,0.0,0.0,nan,0,1,1.0,0.0,0.0006348720344462182,-0.0006141118080597151,nan,0.0006348720344462182,-0.0006141118080597151,nan,0.6168561612922691,0.6168561612922691,0.0,0.0,0.0,nan,0,1,1.0,0.0,-0.0005132622336253282,-0.0027500650259095686,nan,-0.0005132622336253282,-0.0027500650259095686,nan,1.9333987312550986,1.9333987312550986,0.0,0.0,0.0,nan,0
1059,1.0219999999999982,0.45,,scientific,0,1,0.1870967741935484,1.0,0.0,-0.0005135984163426951,-0.0027519666920933663,nan,-0.0005135984163426951,-0.0027519666920933663,nan,1.9346636807060646,1.9346636807060646,0.0,0.0,0.0,nan,0,1,1.0,0.0,0.0006348720344462182,-0.0006141118080597151,nan,0.0006348720344462182,-0.0006141118080597151,nan,0.6168561612922691,0.6168561612922691,0.0,0.0,0.0,nan,0,1,1.0,0.0,-0.0005135984163426951,-0.0027519666920933663,nan,-0.0005135984163426951,-0.0027519666920933663,nan,1.9346636807060646,1.9346636807060646,0.0,0.0,0.0,nan,0
1060,1.0229999999999981,0.45,,scientific,0,1,0.1870967741935484,1.0,0.0,-0.0005139308909864367,-0.002753869621218284,nan,-0.0005139308909864367,-0.002753869621218284,nan,1.9359285341867016,1.9359285341867016,0.0,0.0,0.0,nan,0,1,1.0,0.0,0.0006348720344462182,-0.0006141118080597151,nan,0.0006348720344462182,-0.0006141118080597151,nan,0.6168561612922691,0.6168561612922691,0.0,0.0,0.0,nan,0,1,1.0,0.0,-0.0005139308909864367,-0.002753869621218284,nan,-0.0005139308909864367,-0.002753869621218284,nan,1.9359285341867016,1.9359285341867016,0.0,0.0,0.0,nan,0
1061,1.023999999999998,0.45,,scientific,0,1,0.1870967741935484,1.0,0.0,-0.0005142596487701103,-0.002755773820481534,nan,-0.0005142596487701103,-0.002755773820481534,nan,1.9371932917487404,1.9371932917487404,0.0,0.0,0.0,nan,0,1,1.0,0.0,0.0006348720344462182,-0.0006141118080597151,nan,0.0006348720344462182,-0.0006141118080597151,nan,0.6168561612922691,0.6168561612922691,0.0,0.0,0.0,nan,0,1,1.0,0.0,-0.0005142596487701103,-0.002755773820481534,nan,-0.0005142596487701103,-0.002755773820481534,nan,1.9371932917487404,1.9371932917487404,0.0,0.0,0.0,nan,0
1062,1.024999999999998,0.45,,scientific,0,1,0.1870967741935484,1.0,0.0,-0.0005145846774379655,-0.0027576792977622743,nan,-0.0005145846774379655,-0.0027576792977622743,nan,1.9384579534461406,1.9384579534461406,0.0,0.0,0.0,nan,0,1,1.0,0.0,0.0006348720344462182,-0.0006141118080597151,nan,0.0006348720344462182,-0.0006141118080597151,nan,0.6168561612922691,0.6168561612922691,0.0,0.0,0.0,nan,0,1,1.0,0.0,-0.0005145846774379655,-0.0027576792977622743,nan,-0.0005145846774379655,-0.0027576792977622743,nan,1.9384579534461406,1.9384579534461406,0.0,0.0,0.0,nan,0
1063,1.0259999999999978,0.45,,scientific,0,1,0.1870967741935484,1.0,0.0,-0.0005149059638555724,-0.0027595860610814156,nan,-0.0005149059638555724,-0.0027595860610814156,nan,1.939722519332325,1.939722519332325,0.0,0.0,0.0,nan,0,1,1.0,0.0,0.0006348720344462182,-0.0006141118080597151,nan,0.0006348720344462182,-0.0006141118080597151,nan,0.6168561612922691,0.6168561612922691,0.0,0.0,0.0,nan,0,1,1.0,0.0,-0.0005149059638555724,-0.0027595860610814156,nan,-0.0005149059638555724,-0.0027595860610814156,nan,1.939722519332325,1.939722519332325,0.0,0.0,0.0,nan,0
1064,1.0269999999999977,0.45,,scientific,0,1,0.1870967741935484,1.0,0.0,-0.0005152234948745262,-0.002761494117670539,nan,-0.0005152234948745262,-0.002761494117670539,nan,1.9409869894602712,1.9409869894602712,0.0,0.0,0.0,nan,0,1,1.0,0.0,0.0006348720344462182,-0.0006141118080597151,nan,0.0006348720344462182,-0.0006141118080597151,nan,0.6168561612922691,0.6168561612922691,0.0,0.0,0.0,nan,0,1,1.0,0.0,-0.0005152234948745262,-0.002761494117670539,nan,-0.0005152234948745262,-0.002761494117670539,nan,1.9409869894602712,1.9409869894602712,0.0,0.0,0.0,nan,0
1065,1.0279999999999976,0.45,,scientific,0,1,0.1870967741935484,1.0,0.0,-0.0005155372526737019,-0.0027634034678527776,nan,-0.0005155372526737019,-0.0027634034678527776,nan,1.94225136388552,1.94225136388552,0.0,0.0,0.0,nan,0,1,1.0,0.0,0.0006348720344462182,-0.0006141118080597151,nan,0.0006348720344462182,-0.0006141118080597151,nan,0.6168561612922691,0.6168561612922691,0.0,0.0,0.0,nan,0,1,1.0,0.0,-0.0005155372526737019,-0.0027634034678527776,nan,-0.0005155372526737019,-0.0027634034678527776,nan,1.94225136388552,1.94225136388552,0.0,0.0,0.0,nan,0
1066,1.0289999999999975,0.45,,scientific,0,1,0.1870967741935484,1.0,0.0,-0.0005158472202731429,-0.0027653141194825446,nan,-0.0005158472202731429,-0.0027653141194825446,nan,1.943515642656993,1.943515642656993,0.0,0.0,0.0,nan,0,1,1.0,0.0,0.0006348720344462182,-0.0006141118080597151,nan,0.0006348720344462182,-0.0006141118080597151,nan,0.6168561612922691,0.6168561612922691,0.0,0.0,0.0,nan,0,1,1.0,0.0,-0.0005158472202731429,-0.0027653141194825446,nan,-0.0005158472202731429,-0.0027653141194825446,nan,1.943515642656993,1.943515642656993,0.0,0.0,0.0,nan,0
1067,1.0299999999999974,0.45,,scientific,0,1,0.1870967741935484,1.0,0.0,-0.0005161533910283581,-0.00276722608839106,nan,-0.0005161533910283581,-0.00276722608839106,nan,1.9447798258196756,1.9447798258196756,0.0,0.0,0.0,nan,0,1,1.0,0.0,0.0006348720344462182,-0.0006141118080597151,nan,0.0006348720344462182,-0.0006141118080597151,nan,0.6168561612922691,0.6168561612922691,0.0,0.0,0.0,nan,0,1,1.0,0.0,-0.0005161533910283581,-0.00276722608839106,nan,-0.0005161533910283581,-0.00276722608839106,nan,1.9447798258196756,1.9447798258196756,0.0,0.0,0.0,nan,0
1068,1.0309999999999973,0.45,,scientific,0,1,0.1870967741935484,1.0,0.0,-0.0005164557532647676,-0.002769139384430755,nan,-0.0005164557532647676,-0.002769139384430755,nan,1.946043913424587,1.946043913424587,0.0,0.0,0.0,nan,0,1,1.0,0.0,0.0006348720344462182,-0.0006141118080597151,nan,0.0006348720344462182,-0.0006141118080597151,nan,0.6168561612922691,0.6168561612922691,0.0,0.0,0.0,nan,0,1,1.0,0.0,-0.0005164557532647676,-0.002769139384430755,nan,-0.0005164557532647676,-0.002769139384430755,nan,1.946043913424587,1.946043913424587,0.0,0.0,0.0,nan,0
1069,1.0319999999999971,0.45,,scientific,0,1,0.1870967741935484,1.0,0.0,-0.0005167542939413818,-0.002771054015893621,nan,-0.0005167542939413818,-0.002771054015893621,nan,1.947307905524323,1.947307905524323,0.0,0.0,0.0,nan,0,1,1.0,0.0,0.0006348720344462182,-0.0006141118080597151,nan,0.0006348720344462182,-0.0006141118080597151,nan,0.6168561612922691,0.6168561612922691,0.0,0.0,0.0,nan,0,1,1.0,0.0,-0.0005167542939413818,-0.002771054015893621,nan,-0.0005167542939413818,-0.002771054015893621,nan,1.947307905524323,1.947307905524323,0.0,0.0,0.0,nan,0
1070,1.032999999999997,0.45,,scientific,0,1,0.1870967741935484,1.0,0.0,-0.0016951996975154442,-0.0037470511241389746,nan,-0.0016951996975154442,-0.0037470511241389746,nan,1.9523655684368417,1.9523655684368417,0.0,0.0,0.0,nan,0,1,1.0,0.0,4.0876766791709595e-05,-0.0011059309579598104,nan,4.0876766791709595e-05,-0.0011059309579598104,nan,0.6179326990955878,0.6179326990955878,0.0,0.0,0.0,nan,0,1,1.0,0.0,-0.0016951996975154442,-0.0037470511241389746,nan,-0.0016951996975154442,-0.0037470511241389746,nan,1.9523655684368417,1.9523655684368417,0.0,0.0,0.0,nan,0
1071,1.033999999999997,0.45,,scientific,0,1,0.1870967741935484,1.0,0.0,-0.0016959376843029461,-0.0037493353077432874,nan,-0.0016959376843029461,-0.0037493353077432874,nan,1.9536320354944325,1.9536320354944325,0.0,0.0,0.0,nan,0,1,1.0,0.0,4.0876766791709595e-05,-0.0011059309579598104,nan,4.0876766791709595e-05,-0.0011059309579598104,nan,0.6179326990955878,0.6179326990955878,0.0,0.0,0.0,nan,0,1,1.0,0.0,-0.0016959376843029461,-0.0037493353077432874,nan,-0.0016959376843029461,-0.0037493353077432874,nan,1.9536320354944325,1.9536320354944325,0.0,0.0,0.0,nan,0
1072,1.0349999999999968,0.45,,scientific,0,1,0.1870967741935484,1.0,0.0,-0.0016966716959068136,-0.0037516207352961653,nan,-0.0016966716959068136,-0.0037516207352961653,nan,1.9548984072395208,1.9548984072395208,0.0,0.0,0.0,nan,0,1,1.0,0.0,4.0876766791709595e-05,-0.0011059309579598104,nan,4.0876766791709595e-05,-0.0011059309579598104,nan,0.6179326990955878,0.6179326990955878,0.0,0.0,0.0,nan,0,1,1.0,0.0,-0.0016966716959068136,-0.0037516207352961653,nan,-0.0016966716959068136,-0.0037516207352961653,nan,1.9548984072395208,1.9548984072395208,0.0,0.0,0.0,nan,0
1073,1.0359999999999967,0.45,,scientific,0,1,0.1870967741935484,1.0,0.0,-0.0016974017077633198,-0.003753907412623113,nan,-0.0016974017077633198,-0.003753907412623113,nan,1.9561646837066071,1.9561646837066071,0.0,0.0,0.0,nan,0,1,1.0,0.0,4.0876766791709595e-05,-0.0011059309579598104,nan,4.0876766791709595e-05,-0.0011059309579598104,nan,0.6179326990955878,0.6179326990955878,0.0,0.0,0.0,nan,0,1,1.0,0.0,-0.0016974017077633198,-0.003753907412623113,nan,-0.0016974017077633198,-0.003753907412623113,nan,1.9561646837066071,1.9561646837066071,0.0,0.0,0.0,nan,0
1074,1.0369999999999966,0.45,,scientific,0,1,0.1870967741935484,1.0,0.0,-0.001698127709394334,-0.00375619535061489,nan,-0.001698127709394334,-0.00375619535061489,nan,1.9574308649399665,1.9574308649399665,0.0,0.0,0.0,nan,0,1,1.0,0.0,4.0876766791709595e-05,-0.0011059309579598104,nan,4.0876766791709595e-05,-0.0011059309579598104,nan,0.6179326990955878,0.6179326990955878,0.0,0.0,0.0,nan,0,1,1.0,0.0,-0.001698127709394334,-0.00375619535061489,nan,-0.001698127709394334,-0.00375619535061489,nan,1.9574308649399665,1.9574308649399665,0.0,0.0,0.0,nan,0
1075,1.0379999999999965,0.45,,scientific,0,1,0.1870967741935484,1.0,0.0,-0.0016988496880711984,-0.0037584845581679215,nan,-0.0016988496880711984,-0.0037584845581679215,nan,1.9586969509935157,1.9586969509935157,0.0,0.0,0.0,nan,0,1,1.0,0.0,4.0876766791709595e-05,-0.0011059309579598104,nan,4.0876766791709595e-05,-0.0011059309579598104,nan,0.6179326990955878,0.6179326990955878,0.0,0.0,0.0,nan,0,1,1.0,0.0,-0.0016988496880711984,-0.0037584845581679215,nan,-0.0016988496880711984,-0.0037584845581679215,nan,1.9586969509935157,1.9586969509935157,0.0,0.0,0.0,nan,0
1076,1.0389999999999964,0.45,,scientific,0,1,0.1870967741935484,1.0,0.0,-0.0016995676305449118,-0.0037607750435899884,nan,-0.0016995676305449118,-0.0037607750435899884,nan,1.9599629419222955,1.9599629419222955,0.0,0.0,0.0,nan,0,1,1.0,0.0,4.0876766791709595e-05,-0.0011059309579598104,nan,4.0876766791709595e-05,-0.0011059309579598104,nan,0.6179326990955878,0.6179326990955878,0.0,0.0,0.0,nan,0,1,1.0,0.0,-0.0016995676305449118,-0.0037607750435899884,nan,-0.0016995676305449118,-0.0037607750435899884,nan,1.9599629419222955,1.9599629419222955,0.0,0.0,0.0,nan,0
1077,1.0399999999999963,0.45,,scientific,0,1,0.1870967741935484,1.0,0.0,-0.0017002815202060222,-0.003763066816172926,nan,-0.0017002815202060222,-0.003763066816172926,nan,1.9612288377845664,1.9612288377845664,0.0,0.0,0.0,nan,0,1,1.0,0.0,4.0876766791709595e-05,-0.0011059309579598104,nan,4.0876766791709595e-05,-0.0011059309579598104,nan,0.6179326990955878,0.6179326990955878,0.0,0.0,0.0,nan,0,1,1.0,0.0,-0.0017002815202060222,-0.003763066816172926,nan,-0.0017002815202060222,-0.003763066816172926,nan,1.9612288377845664,1.9612288377845664,0.0,0.0,0.0,nan,0
1078,1.0409999999999962,0.45,,scientific,0,1,0.1870967741935484,1.0,0.0,-0.0017009913508412473,-0.0037653598852372358,nan,-0.0017009913508412473,-0.0037653598852372358,nan,1.962494638629367,1.962494638629367,0.0,0.0,0.0,nan,0,1,1.0,0.0,4.0876766791709595e-05,-0.0011059309579598104,nan,4.0876766791709595e-05,-0.0011059309579598104,nan,0.6179326990955878,0.6179326990955878,0.0,0.0,0.0,nan,0,1,1.0,0.0,-0.0017009913508412473,-0.0037653598852372358,nan,-0.0017009913508412473,-0.0037653598852372358,nan,1.962494638629367,1.962494638629367,0.0,0.0,0.0,nan,0
1079,1.041999999999996,0.45,,scientific,0,1,0.1870967741935484,1.0,0.0,-0.0017016970895239254,-0.003767654260257091,nan,-0.0017016970895239254,-0.003767654260257091,nan,1.963760344509473,1.963760344509473,0.0,0.0,0.0,nan,0,1,1.0,0.0,4.0876766791709595e-05,-0.0011059309579598104,nan,4.0876766791709595e-05,-0.0011059309579598104,nan,0.6179326990955878,0.6179326990955878,0.0,0.0,0.0,nan,0,1,1.0,0.0,-0.0017016970895239254,-0.003767654260257091,nan,-0.0017016970895239254,-0.003767654260257091,nan,1.963760344509473,1.963760344509473,0.0,0.0,0.0,nan,0
1080,1.042999999999996,0.45,,scientific,0,1,0.1870967741935484,1.0,0.0,-0.0017023987271115562,-0.0037699499500367137,nan,-0.0017023987271115562,-0.0037699499500367137,nan,1.9650259554720821,1.9650259554720821,0.0,0.0,0.0,nan,0,1,1.0,0.0,4.0876766791709595e-05,-0.0011059309579598104,nan,4.0876766791709595e-05,-0.0011059309579598104,nan,0.6179326990955878,0.6179326990955878,0.0,0.0,0.0,nan,0,1,1.0,0.0,-0.0017023987271115562,-0.0037699499500367137,nan,-0.0017023987271115562,-0.0037699499500367137,nan,1.9650259554720821,1.9650259554720821,0.0,0.0,0.0,nan,0
1081,1.0439999999999958,0.45,,scientific,0,1,0.18774193548387097,1.0,0.0,-0.001703096259859089,-0.0037722469589100416,nan,-0.001703096259859089,-0.0037722469589100416,nan,1.966291471563426,1.966291471563426,0.0,0.0,0.0,nan,0,1,1.0,0.0,4.0876766791709595e-05,-0.0011059309579598104,nan,4.0876766791709595e-05,-0.0011059309579598104,nan,0.6179326990955878,0.6179326990955878,0.0,0.0,0.0,nan,0,1,1.0,0.0,-0.001703096259859089,-0.0037722469589100416,nan,-0.001703096259859089,-0.0037722469589100416,nan,1.966291471563426,1.966291471563426,0.0,0.0,0.0,nan,0
1082,1.0449999999999957,0.45,,scientific,0,1,0.18774193548387097,1.0,0.0,-0.0017037896767212687,-0.0037745452941088786,nan,-0.0017037896767212687,-0.0037745452941088786,nan,1.967556892835495,1.967556892835495,0.0,0.0,0.0,nan,0,1,1.0,0.0,4.0876766791709595e-05,-0.0011059309579598104,nan,4.0876766791709595e-05,-0.0011059309579598104,nan,0.6179326990955878,0.6179326990955878,0.0,0.0,0.0,nan,0,1,1.0,0.0,-0.0017037896767212687,-0.0037745452941088786,nan,-0.0017037896767212687,-0.0037745452941088786,nan,1.967556892835495,1.967556892835495,0.0,0.0,0.0,nan,0
1083,1.0459999999999956,0.45,,scientific,0,1,0.18774193548387097,1.0,0.0,-0.001704478964694578,-0.003776844963628262,nan,-0.001704478964694578,-0.003776844963628262,nan,1.968822219341313,1.968822219341313,0.0,0.0,0.0,nan,0,1,1.0,0.0,4.0876766791709595e-05,-0.0011059309579598104,nan,4.0876766791709595e-05,-0.0011059309579598104,nan,0.6179326990955878,0.6179326990955878,0.0,0.0,0.0,nan,0,1,1.0,0.0,-0.001704478964694578,-0.003776844963628262,nan,-0.001704478964694578,-0.003776844963628262,nan,1.968822219341313,1.968822219341313,0.0,0.0,0.0,nan,0
1084,1.0469999999999955,0.45,,scientific,0,1,0.18774193548387097,1.0,0.0,-0.001705164111359336,-0.0037791459768018033,nan,-0.001705164111359336,-0.0037791459768018033,nan,1.9700874511340998,1.9700874511340998,0.0,0.0,0.0,nan,0,1,1.0,0.0,4.0876766791709595e-05,-0.0011059309579598104,nan,4.0876766791709595e-05,-0.0011059309579598104,nan,0.6179326990955878,0.6179326990955878,0.0,0.0,0.0,nan,0,1,1.0,0.0,-0.001705164111359336,-0.0037791459768018033,nan,-0.001705164111359336,-0.0037791459768018033,nan,1.9700874511340998,1.9700874511340998,0.0,0.0,0.0,nan,0
1085,1.0479999999999954,0.45,,scientific,0,1,0.18774193548387097,1.0,0.0,-0.0017058451048571012,-0.003781448343676182,nan,-0.0017058451048571012,-0.003781448343676182,nan,1.9713525882663887,1.9713525882663887,0.0,0.0,0.0,nan,0,1,1.0,0.0,4.0876766791709595e-05,-0.0011059309579598104,nan,4.0876766791709595e-05,-0.0011059309579598104,nan,0.6179326990955878,0.6179326990955878,0.0,0.0,0.0,nan,0,1,1.0,0.0,-0.0017058451048571012,-0.003781448343676182,nan,-0.0017058451048571012,-0.003781448343676182,nan,1.9713525882663887,1.9713525882663887,0.0,0.0,0.0,nan,0
1086,1.0489999999999953,0.45,,scientific,0,1,0.18774193548387097,1.0,0.0,-0.002421177204512299,-0.002374772046252602,nan,-0.002421177204512299,-0.002374772046252602,nan,1.9765597190345034,1.9765597190345034,0.0,0.0,0.0,nan,0,1,1.0,0.0,-0.0003081028055313645,-0.0004182282054784319,nan,-0.0003081028055313645,-0.0004182282054784319,nan,0.6190092368989064,0.6190092368989064,0.0,0.0,0.0,nan,0,1,1.0,0.0,-0.002421177204512299,-0.002374772046252602,nan,-0.002421177204512299,-0.002374772046252602,nan,1.9765597190345034,1.9765597190345034,0.0,0.0,0.0,nan,0
1087,1.0499999999999952,0.45,,scientific,0,1,0.18774193548387097,1.0,0.0,-0.0024221249547529524,-0.002376536122809694,nan,-0.0024221249547529524,-0.002376536122809694,nan,1.9778274449362196,1.9778274449362196,0.0,0.0,0.0,nan,0,1,1.0,0.0,-0.0003081028055313645,-0.0004182282054784319,nan,-0.0003081028055313645,-0.0004182282054784319,nan,0.6190092368989064,0.6190092368989064,0.0,0.0,0.0,nan,0,1,1.0,0.0,-0.0024221249547529524,-0.002376536122809694,nan,-0.0024221249547529524,-0.002376536122809694,nan,1.9778274449362196,1.9778274449362196,0.0,0.0,0.0,nan,0
1088,1.050999999999995,0.45,,scientific,0,1,0.18774193548387097,1.0,0.0,-0.00242306840233913,-0.0023783017975995227,nan,-0.00242306840233913,-0.0023783017975995227,nan,1.9790950761737505,1.9790950761737505,0.0,0.0,0.0,nan,0,1,1.0,0.0,-0.0003081028055313645,-0.0004182282054784319,nan,-0.0003081028055313645,-0.0004182282054784319,nan,0.6190092368989064,0.6190092368989064,0.0,0.0,0.0,nan,0,1,1.0,0.0,-0.00242306840233913,-0.0023783017975995227,nan,-0.00242306840233913,-0.0023783017975995227,nan,1.9790950761737505,1.9790950761737505,0.0,0.0,0.0,nan,0
1089,1.051999999999995,0.45,,scientific,0,1,0.18774193548387097,1.0,0.0,-0.0024240075336214592,-0.002380069079063725,nan,-0.0024240075336214592,-0.002380069079063725,nan,1.9803626127972958,1.9803626127972958,0.0,0.0,0.0,nan,0,1,1.0,0.0,-0.0003081028055313645,-0.0004182282054784319,nan,-0.0003081028055313645,-0.0004182282054784319,nan,0.6190092368989064,0.6190092368989064,0.0,0.0,0.0,nan,0,1,1.0,0.0,-0.0024240075336214592,-0.002380069079063725,nan,-0.0024240075336214592,-0.002380069079063725,nan,1.9803626127972958,1.9803626127972958,0.0,0.0,0.0,nan,0
1090,1.0529999999999948,0.45,,scientific,0,1,0.18774193548387097,1.0,0.0,-0.002424942334954026,-0.0023818379756601156,nan,-0.002424942334954026,-0.0023818379756601156,nan,1.9816300548568917,1.9816300548568917,0.0,0.0,0.0,nan,0,1,1.0,0.0,-0.0003081028055313645,-0.0004182282054784319,nan,-0.0003081028055313645,-0.0004182282054784319,nan,0.6190092368989064,0.6190092368989064,0.0,0.0,0.0,nan,0,1,1.0,0.0,-0.002424942334954026,-0.0023818379756601156,nan,-0.002424942334954026,-0.0023818379756601156,nan,1.9816300548568917,1.9816300548568917,0.0,0.0,0.0,nan,0
1091,1.0539999999999947,0.45,,scientific,0,1,0.18774193548387097,1.0,0.0,-0.0024258727926683506,-0.0023836084958435244,nan,-0.0024258727926683506,-0.0023836084958435244,nan,1.98289740240237,1.98289740240237,0.0,0.0,0.0,nan,0,1,1.0,0.0,-0.0003081028055313645,-0.0004182282054784319,nan,-0.0003081028055313645,-0.0004182282054784319,nan,0.6190092368989064,0.6190092368989064,0.0,0.0,0.0,nan,0,1,1.0,0.0,-0.0024258727926683506,-0.0023836084958435244,nan,-0.0024258727926683506,-0.0023836084958435244,nan,1.98289740240237,1.98289740240237,0.0,0.0,0.0,nan,0
1092,1.0549999999999946,0.45,,scientific,0,1,0.18774193548387097,1.0,0.0,-0.002426798893070162,-0.0023853806480664485,nan,-0.002426798893070162,-0.0023853806480664485,nan,1.9841646554834305,1.9841646554834305,0.0,0.0,0.0,nan,0,1,1.0,0.0,-0.0003081028055313645,-0.0004182282054784319,nan,-0.0003081028055313645,-0.0004182282054784319,nan,0.6190092368989064,0.6190092368989064,0.0,0.0,0.0,nan,0,1,1.0,0.0,-0.002426798893070162,-0.0023853806480664485,nan,-0.002426798893070162,-0.0023853806480664485,nan,1.9841646554834305,1.9841646554834305,0.0,0.0,0.0,nan,0
1093,1.0559999999999945,0.45,,scientific,0,1,0.18774193548387097,1.0,0.0,-0.002427720623006159,-0.0023871544437008116,nan,-0.002427720623006159,-0.0023871544437008116,nan,1.9854318141507252,1.9854318141507252,0.0,0.0,0.0,nan,0,1,1.0,0.0,-0.0003081028055313645,-0.0004182282054784319,nan,-0.0003081028055313645,-0.0004182282054784319,nan,0.6190092368989064,0.6190092368989064,0.0,0.0,0.0,nan,0,1,1.0,0.0,-0.002427720623006159,-0.0023871544437008116,nan,-0.002427720623006159,-0.0023871544437008116,nan,1.9854318141507252,1.9854318141507252,0.0,0.0,0.0,nan,0
1094,1.0569999999999944,0.45,,scientific,0,1,0.18774193548387097,1.0,0.0,-0.002428637970318995,-0.002388929899389022,nan,-0.002428637970318995,-0.002388929899389022,nan,1.9866988784557473,1.9866988784557473,0.0,0.0,0.0,nan,0,1,1.0,0.0,-0.0003081028055313645,-0.0004182282054784319,nan,-0.0003081028055313645,-0.0004182282054784319,nan,0.6190092368989064,0.6190092368989064,0.0,0.0,0.0,nan,0,1,1.0,0.0,-0.002428637970318995,-0.002388929899389022,nan,-0.002428637970318995,-0.002388929899389022,nan,1.9866988784557473,1.9866988784557473,0.0,0.0,0.0,nan,0
1095,1.0579999999999943,0.45,,scientific,0,1,0.18774193548387097,1.0,0.0,-0.002429550923617843,-0.0023907069933309594,nan,-0.002429550923617843,-0.0023907069933309594,nan,1.9879658484508393,1.9879658484508393,0.0,0.0,0.0,nan,0,1,1.0,0.0,-0.0003081028055313645,-0.0004182282054784319,nan,-0.0003081028055313645,-0.0004182282054784319,nan,0.6190092368989064,0.6190092368989064,0.0,0.0,0.0,nan,0,1,1.0,0.0,-0.002429550923617843,-0.0023907069933309594,nan,-0.002429550923617843,-0.0023907069933309594,nan,1.9879658484508393,1.9879658484508393,0.0,0.0,0.0,nan,0
1096,1.0589999999999942,0.45,,scientific,0,1,0.18774193548387097,1.0,0.0,-0.0024304594663821276,-0.002392485741718333,nan,-0.0024304594663821276,-0.002392485741718333,nan,1.9892327241754164,1.9892327241754164,0.0,0.0,0.0,nan,0,1,1.0,0.0,-0.0003081028055313645,-0.0004182282054784319,nan,-0.0003081028055313645,-0.0004182282054784319,nan,0.6190092368989064,0.6190092368989064,0.0,0.0,0.0,nan,0,1,1.0,0.0,-0.0024304594663821276,-0.002392485741718333,nan,-0.0024304594663821276,-0.002392485741718333,nan,1.9892327241754164,1.9892327241754164,0.0,0.0,0.0,nan,0
1097,1.059999999999994,0.45,,scientific,0,1,0.18774193548387097,1.0,0.0,-0.0024313635831942947,-0.00239426616274055,nan,-0.0024313635831942947,-0.00239426616274055,nan,1.9904995056733903,1.9904995056733903,0.0,0.0,0.0,nan,0,1,1.0,0.0,-0.0003081028055313645,-0.0004182282054784319,nan,-0.0003081028055313645,-0.0004182282054784319,nan,0.6190092368989064,0.6190092368989064,0.0,0.0,0.0,nan,0,1,1.0,0.0,-0.0024313635831942947,-0.00239426616274055,nan,-0.0024313635831942947,-0.00239426616274055,nan,1.9904995056733903,1.9904995056733903,0.0,0.0,0.0,nan,0
1098,1.060999999999994,0.45,,scientific,0,1,0.18774193548387097,1.0,0.0,-0.002432263259820477,-0.0023960482672564748,nan,-0.002432263259820477,-0.0023960482672564748,nan,1.9917661929957862,1.9917661929957862,0.0,0.0,0.0,nan,0,1,1.0,0.0,-0.0003081028055313645,-0.0004182282054784319,nan,-0.0003081028055313645,-0.0004182282054784319,nan,0.6190092368989064,0.6190092368989064,0.0,0.0,0.0,nan,0,1,1.0,0.0,-0.002432263259820477,-0.0023960482672564748,nan,-0.002432263259820477,-0.0023960482672564748,nan,1.9917661929957862,1.9917661929957862,0.0,0.0,0.0,nan,0
1099,1.0619999999999938,0.45,,scientific,0,1,0.18774193548387097,1.0,0.0,-0.0024331584812455264,-0.002397832065678424,nan,-0.0024331584812455264,-0.002397832065678424,nan,1.993032786195465,1.993032786195465,0.0,0.0,0.0,nan,0,1,1.0,0.0,-0.0003081028055313645,-0.0004182282054784319,nan,-0.0003081028055313645,-0.0004182282054784319,nan,0.6190092368989064,0.6190092368989064,0.0,0.0,0.0,nan,0,1,1.0,0.0,-0.0024331584812455264,-0.002397832065678424,nan,-0.0024331584812455264,-0.002397832065678424,nan,1.993032786195465,1.993032786195465,0.0,0.0,0.0,nan,0
1100,1.0629999999999937,0.45,,scientific,0,1,0.18774193548387097,1.0,0.0,-0.0024340492311404577,-0.0023996175698659116,nan,-0.0024340492311404577,-0.0023996175698659116,nan,1.9942992853249333,1.9942992853249333,0.0,0.0,0.0,nan,0,1,1.0,0.0,-0.0003081028055313645,-0.0004182282054784319,nan,-0.0003081028055313645,-0.0004182282054784319,nan,0.6190092368989064,0.6190092368989064,0.0,0.0,0.0,nan,0,1,1.0,0.0,-0.0024340492311404577,-0.0023996175698659116,nan,-0.0024340492311404577,-0.0023996175698659116,nan,1.9942992853249333,1.9942992853249333,0.0,0.0,0.0,nan,0
1101,1.0639999999999936,0.45,,scientific,0,1,0.18774193548387097,1.0,0.0,-0.0024349354924322066,-0.0024014047894734374,nan,-0.0024349354924322066,-0.0024014047894734374,nan,1.9955656904352055,1.9955656904352055,0.0,0.0,0.0,nan,0,1,1.0,0.0,-0.0003081028055313645,-0.0004182282054784319,nan,-0.0003081028055313645,-0.0004182282054784319,nan,0.6190092368989064,0.6190092368989064,0.0,0.0,0.0,nan,0,1,1.0,0.0,-0.0024349354924322066,-0.0024014047894734374,nan,-0.0024349354924322066,-0.0024014047894734374,nan,1.9955656904352055,1.9955656904352055,0.0,0.0,0.0,nan,0
1102,1.0649999999999935,0.45,,scientific,0,1,0.18774193548387097,1.0,0.0,-0.002435817253075792,-0.0024031937319116017,nan,-0.002435817253075792,-0.0024031937319116017,nan,1.9968320015760985,1.9968320015760985,0.0,0.0,0.0,nan,0,1,1.0,0.0,-0.0003081028055313645,-0.0004182282054784319,nan,-0.0003081028055313645,-0.0004182282054784319,nan,0.6190092368989064,0.6190092368989064,0.0,0.0,0.0,nan,0,1,1.0,0.0,-0.002435817253075792,-0.0024031937319116017,nan,-0.002435817253075792,-0.0024031937319116017,nan,1.9968320015760985,1.9968320015760985,0.0,0.0,0.0,nan,0
1103,1.0659999999999934,0.45,,scientific,0,1,0.18774193548387097,1.0,0.0,-0.002436694493020801,-0.002404984405599541,nan,-0.002436694493020801,-0.002404984405599541,nan,1.998098218797215,1.998098218797215,0.0,0.0,0.0,nan,0,1,1.0,0.0,-0.0003081028055313645,-0.0004182282054784319,nan,-0.0003081028055313645,-0.0004182282054784319,nan,0.6190092368989064,0.6190092368989064,0.0,0.0,0.0,nan,0,1,1.0,0.0,-0.002436694493020801,-0.002404984405599541,nan,-0.002436694493020801,-0.002404984405599541,nan,1.998098218797215,1.998098218797215,0.0,0.0,0.0,nan,0
1104,1.0669999999999933,0.45,,scientific,0,1,0.18774193548387097,1.0,0.0,-0.002437567203487655,-0.002406776815498857,nan,-0.002437567203487655,-0.002406776815498857,nan,1.9993643421427523,1.9993643421427523,0.0,0.0,0.0,nan,0,1,1.0,0.0,-0.0003081028055313645,-0.0004182282054784319,nan,-0.0003081028055313645,-0.0004182282054784319,nan,0.6190092368989064,0.6190092368989064,0.0,0.0,0.0,nan,0,1,1.0,0.0,-0.002437567203487655,-0.002406776815498857,nan,-0.002437567203487655,-0.002406776815498857,nan,1.9993643421427523,1.9993643421427523,0.0,0.0,0.0,nan,0
1105,1.0679999999999932,0.45,,scientific,0,1,0.18774193548387097,1.0,0.0,-0.0024384353795762017,-0.0024085709686793816,nan,-0.0024384353795762017,-0.0024085709686793816,nan,2.00063037166147,2.00063037166147,0.0,0.0,0.0,nan,0,1,1.0,0.0,-0.0003081028055313645,-0.0004182282054784319,nan,-0.0003081028055313645,-0.0004182282054784319,nan,0.6190092368989064,0.6190092368989064,0.0,0.0,0.0,nan,0,1,1.0,0.0,-0.0024384353795762017,-0.0024085709686793816,nan,-0.0024384353795762017,-0.0024085709686793816,nan,2.00063037166147,2.00063037166147,0.0,0.0,0.0,nan,0
1106,1.068999999999993,0.45,,scientific,0,1,0.18774193548387097,1.0,0.0,-0.0024392990055198418,-0.002410366874917748,nan,-0.0024392990055198418,-0.002410366874917748,nan,2.001896307404958,2.001896307404958,0.0,0.0,0.0,nan,0,1,1.0,0.0,-0.0003081028055313645,-0.0004182282054784319,nan,-0.0003081028055313645,-0.0004182282054784319,nan,0.6190092368989064,0.6190092368989064,0.0,0.0,0.0,nan,0,1,1.0,0.0,-0.0024392990055198418,-0.002410366874917748,nan,-0.0024392990055198418,-0.002410366874917748,nan,2.001896307404958,2.001896307404958,0.0,0.0,0.0,nan,0
1107,1.069999999999993,0.45,,scientific,0,1,0.18774193548387097,1.0,0.0,-0.002440158053111886,-0.002412164555851695,nan,-0.002440158053111886,-0.002412164555851695,nan,2.0031621494307763,2.0031621494307763,0.0,0.0,0.0,nan,0,1,1.0,0.0,-0.0003081028055313645,-0.0004182282054784319,nan,-0.0003081028055313645,-0.0004182282054784319,nan,0.6190092368989064,0.6190092368989064,0.0,0.0,0.0,nan,0,1,1.0,0.0,-0.002440158053111886,-0.002412164555851695,nan,-0.002440158053111886,-0.002412164555851695,nan,2.0031621494307763,2.0031621494307763,0.0,0.0,0.0,nan,0
1108,1.0709999999999928,0.45,,scientific,0,1,0.18774193548387097,1.0,0.0,-0.0024410125155937003,-0.002413964014510671,nan,-0.0024410125155937003,-0.002413964014510671,nan,2.0044278977810186,2.0044278977810186,0.0,0.0,0.0,nan,0,1,1.0,0.0,-0.0003081028055313645,-0.0004182282054784319,nan,-0.0003081028055313645,-0.0004182282054784319,nan,0.6190092368989064,0.6190092368989064,0.0,0.0,0.0,nan,0,1,1.0,0.0,-0.0024410125155937003,-0.002413964014510671,nan,-0.0024410125155937003,-0.002413964014510671,nan,2.0044278977810186,2.0044278977810186,0.0,0.0,0.0,nan,0
1109,1.0719999999999927,0.45,,scientific,0,1,0.18774193548387097,1.0,0.0,-0.0024418623843310864,-0.002415765265190548,nan,-0.0024418623843310864,-0.002415765265190548,nan,2.0056935525053863,2.0056935525053863,0.0,0.0,0.0,nan,0,1,1.0,0.0,-0.0003081028055313645,-0.0004182282054784319,nan,-0.0003081028055313645,-0.0004182282054784319,nan,0.6190092368989064,0.6190092368989064,0.0,0.0,0.0,nan,0,1,1.0,0.0,-0.0024418623843310864,-0.002415765265190548,nan,-0.0024418623843310864,-0.002415765265190548,nan,2.0056935525053863,2.0056935525053863,0.0,0.0,0.0,nan,0
1110,1.0729999999999926,0.45,,scientific,0,1,0.18774193548387097,1.0,0.0,-0.002442707646357019,-0.002417568302300358,nan,-0.002442707646357019,-0.002417568302300358,nan,2.0069591136460803,2.0069591136460803,0.0,0.0,0.0,nan,0,1,1.0,0.0,-0.0003081028055313645,-0.0004182282054784319,nan,-0.0003081028055313645,-0.0004182282054784319,nan,0.6190092368989064,0.6190092368989064,0.0,0.0,0.0,nan,0,1,1.0,0.0,-0.002442707646357019,-0.002417568302300358,nan,-0.002442707646357019,-0.002417568302300358,nan,2.0069591136460803,2.0069591136460803,0.0,0.0,0.0,nan,0
1111,1.0739999999999925,0.45,,scientific,0,1,0.18774193548387097,1.0,0.0,-0.0024435482748811346,-0.0024193731331395353,nan,-0.0024435482748811346,-0.0024193731331395353,nan,2.008224581256684,2.008224581256684,0.0,0.0,0.0,nan,0,1,1.0,0.0,-0.0003081028055313645,-0.0004182282054784319,nan,-0.0003081028055313645,-0.0004182282054784319,nan,0.6190092368989064,0.6190092368989064,0.0,0.0,0.0,nan,0,1,1.0,0.0,-0.0024435482748811346,-0.0024193731331395353,nan,-0.0024435482748811346,-0.0024193731331395353,nan,2.008224581256684,2.008224581256684,0.0,0.0,0.0,nan,0
1112,1.0749999999999924,0.45,,scientific,0,1,0.18774193548387097,1.0,0.0,-0.0024443842621471677,-0.0024211797648713935,nan,-0.0024443842621471677,-0.0024211797648713935,nan,2.0094899553812557,2.0094899553812557,0.0,0.0,0.0,nan,0,1,1.0,0.0,-0.0003081028055313645,-0.0004182282054784319,nan,-0.0003081028055313645,-0.0004182282054784319,nan,0.6190092368989064,0.6190092368989064,0.0,0.0,0.0,nan,0,1,1.0,0.0,-0.0024443842621471677,-0.0024211797648713935,nan,-0.0024443842621471677,-0.0024211797648713935,nan,2.0094899553812557,2.0094899553812557,0.0,0.0,0.0,nan,0
1113,1.0759999999999923,0.45,,scientific,0,1,0.18774193548387097,1.0,0.0,-0.0024452156029125547,-0.002422988204433376,nan,-0.0024452156029125547,-0.002422988204433376,nan,2.0107552360666863,2.0107552360666863,0.0,0.0,0.0,nan,0,1,1.0,0.0,-0.0003081028055313645,-0.0004182282054784319,nan,-0.0003081028055313645,-0.0004182282054784319,nan,0.6190092368989064,0.6190092368989064,0.0,0.0,0.0,nan,0,1,1.0,0.0,-0.0024452156029125547,-0.002422988204433376,nan,-0.0024452156029125547,-0.002422988204433376,nan,2.0107552360666863,2.0107552360666863,0.0,0.0,0.0,nan,0
1114,1.0769999999999922,0.45,,scientific,0,1,0.18774193548387097,1.0,0.0,-0.0024460422848819443,-0.002424798460194667,nan,-0.0024460422848819443,-0.002424798460194667,nan,2.0120204233656387,2.0120204233656387,0.0,0.0,0.0,nan,0,1,1.0,0.0,-0.0003081028055313645,-0.0004182282054784319,nan,-0.0003081028055313645,-0.0004182282054784319,nan,0.6190092368989064,0.6190092368989064,0.0,0.0,0.0,nan,0,1,1.0,0.0,-0.0024460422848819443,-0.002424798460194667,nan,-0.0024460422848819443,-0.002424798460194667,nan,2.0120204233656387,2.0120204233656387,0.0,0.0,0.0,nan,0
1115,1.077999999999992,0.45,,scientific,0,1,0.18774193548387097,1.0,0.0,-0.002446864294104667,-0.0024266105408136075,nan,-0.002446864294104667,-0.0024266105408136075,nan,2.0132855173306874,2.0132855173306874,0.0,0.0,0.0,nan,0,1,1.0,0.0,-0.0003081028055313645,-0.0004182282054784319,nan,-0.0003081028055313645,-0.0004182282054784319,nan,0.6190092368989064,0.6190092368989064,0.0,0.0,0.0,nan,0,1,1.0,0.0,-0.002446864294104667,-0.0024266105408136075,nan,-0.002446864294104667,-0.0024266105408136075,nan,2.0132855173306874,2.0132855173306874,0.0,0.0,0.0,nan,0
1116,1.078999999999992,0.45,,scientific,0,1,0.18774193548387097,1.0,0.0,-0.0024476816163300445,-0.0024284244549753003,nan,-0.0024476816163300445,-0.0024284244549753003,nan,2.014550518013377,2.014550518013377,0.0,0.0,0.0,nan,0,1,1.0,0.0,-0.0003081028055313645,-0.0004182282054784319,nan,-0.0003081028055313645,-0.0004182282054784319,nan,0.6190092368989064,0.6190092368989064,0.0,0.0,0.0,nan,0,1,1.0,0.0,-0.0024476816163300445,-0.0024284244549753003,nan,-0.0024476816163300445,-0.0024284244549753003,nan,2.014550518013377,2.014550518013377,0.0,0.0,0.0,nan,0
1117,1.0799999999999919,0.45,,scientific,0,1,0.18774193548387097,1.0,0.0,-0.0024484942373085416,-0.002430240211339729,nan,-0.0024484942373085416,-0.002430240211339729,nan,2.015815425464397,2.015815425464397,0.0,0.0,0.0,nan,0,1,1.0,0.0,-0.0003081028055313645,-0.0004182282054784319,nan,-0.0003081028055313645,-0.0004182282054784319,nan,0.6190092368989064,0.6190092368989064,0.0,0.0,0.0,nan,0,1,1.0,0.0,-0.0024484942373085416,-0.002430240211339729,nan,-0.0024484942373085416,-0.002430240211339729,nan,2.015815425464397,2.015815425464397,0.0,0.0,0.0,nan,0
1118,1.0809999999999917,0.45,,scientific,0,1,0.18774193548387097,1.0,0.0,-0.002449302142837123,-0.0024320578185501062,nan,-0.002449302142837123,-0.0024320578185501062,nan,2.017080239733839,2.017080239733839,0.0,0.0,0.0,nan,0,1,1.0,0.0,-0.0003081028055313645,-0.0004182282054784319,nan,-0.0003081028055313645,-0.0004182282054784319,nan,0.6190092368989064,0.6190092368989064,0.0,0.0,0.0,nan,0,1,1.0,0.0,-0.002449302142837123,-0.0024320578185501062,nan,-0.002449302142837123,-0.0024320578185501062,nan,2.017080239733839,2.017080239733839,0.0,0.0,0.0,nan,0
1119,1.0819999999999916,0.45,,scientific,0,1,0.18774193548387097,1.0,0.0,-0.0024501053098762893,-0.0024338772842021723,nan,-0.0024501053098762893,-0.0024338772842021723,nan,2.0183449608731086,2.0183449608731086,0.0,0.0,0.0,nan,0,1,1.0,0.0,-0.0003081028055313645,-0.0004182282054784319,nan,-0.0003081028055313645,-0.0004182282054784319,nan,0.6190092368989064,0.6190092368989064,0.0,0.0,0.0,nan,0,1,1.0,0.0,-0.0024501053098762893,-0.0024338772842021723,nan,-0.0024501053098762893,-0.0024338772842021723,nan,2.0183449608731086,2.0183449608731086,0.0,0.0,0.0,nan,0
1120,1.0829999999999915,0.45,,scientific,0,1,0.18774193548387097,1.0,0.0,-0.00245090373005126,-0.0024356986176255024,nan,-0.00245090373005126,-0.0024356986176255024,nan,2.0196095889271444,2.0196095889271444,0.0,0.0,0.0,nan,0,1,1.0,0.0,-0.0003081028055313645,-0.0004182282054784319,nan,-0.0003081028055313645,-0.0004182282054784319,nan,0.6190092368989064,0.6190092368989064,0.0,0.0,0.0,nan,0,1,1.0,0.0,-0.00245090373005126,-0.0024356986176255024,nan,-0.00245090373005126,-0.0024356986176255024,nan,2.0196095889271444,2.0196095889271444,0.0,0.0,0.0,nan,0
1121,1.0839999999999914,0.45,,scientific,0,1,0.18774193548387097,1.0,0.0,-0.002451697392514985,-0.0024375218278554598,nan,-0.002451697392514985,-0.0024375218278554598,nan,2.0208741239440897,2.0208741239440897,0.0,0.0,0.0,nan,0,1,1.0,0.0,-0.0003081028055313645,-0.0004182282054784319,nan,-0.0003081028055313645,-0.0004182282054784319,nan,0.6190092368989064,0.6190092368989064,0.0,0.0,0.0,nan,0,1,1.0,0.0,-0.002451697392514985,-0.0024375218278554598,nan,-0.002451697392514985,-0.0024375218278554598,nan,2.0208741239440897,2.0208741239440897,0.0,0.0,0.0,nan,0
1122,1.0849999999999913,0.45,,scientific,0,1,0.18774193548387097,1.0,0.0,-0.002452486283778147,-0.002439346923591062,nan,-0.002452486283778147,-0.002439346923591062,nan,2.022138565974228,2.022138565974228,0.0,0.0,0.0,nan,0,1,1.0,0.0,-0.0003081028055313645,-0.0004182282054784319,nan,-0.0003081028055313645,-0.0004182282054784319,nan,0.6190092368989064,0.6190092368989064,0.0,0.0,0.0,nan,0,1,1.0,0.0,-0.002452486283778147,-0.002439346923591062,nan,-0.002452486283778147,-0.002439346923591062,nan,2.022138565974228,2.022138565974228,0.0,0.0,0.0,nan,0
1123,1.0859999999999912,0.45,,scientific,0,1,0.18774193548387097,1.0,0.0,-0.002453270389692884,-0.0024411739134563475,nan,-0.002453270389692884,-0.0024411739134563475,nan,2.023402915067991,2.023402915067991,0.0,0.0,0.0,nan,0,1,1.0,0.0,-0.0003081028055313645,-0.0004182282054784319,nan,-0.0003081028055313645,-0.0004182282054784319,nan,0.6190092368989064,0.6190092368989064,0.0,0.0,0.0,nan,0,1,1.0,0.0,-0.002453270389692884,-0.0024411739134563475,nan,-0.002453270389692884,-0.0024411739134563475,nan,2.023402915067991,2.023402915067991,0.0,0.0,0.0,nan,0
1124,1.086999999999991,0.45,,scientific,0,1,0.18774193548387097,1.0,0.0,-0.0024540496962551983,-0.0024430028127332085,nan,-0.0024540496962551983,-0.0024430028127332085,nan,2.0246671712809556,2.0246671712809556,0.0,0.0,0.0,nan,0,1,1.0,0.0,-0.0003081028055313645,-0.0004182282054784319,nan,-0.0003081028055313645,-0.0004182282054784319,nan,0.6190092368989064,0.6190092368989064,0.0,0.0,0.0,nan,0,1,1.0,0.0,-0.0024540496962551983,-0.0024430028127332085,nan,-0.0024540496962551983,-0.0024430028127332085,nan,2.0246671712809556,2.0246671712809556,0.0,0.0,0.0,nan,0
1125,1.087999999999991,0.45,,scientific,0,1,0.18774193548387097,1.0,0.0,-0.0024548241923458302,-0.0024448336346324985,nan,-0.0024548241923458302,-0.0024448336346324985,nan,2.0259313346612897,2.0259313346612897,0.0,0.0,0.0,nan,0,1,1.0,0.0,-0.0003081028055313645,-0.0004182282054784319,nan,-0.0003081028055313645,-0.0004182282054784319,nan,0.6190092368989064,0.6190092368989064,0.0,0.0,0.0,nan,0,1,1.0,0.0,-0.0024548241923458302,-0.0024448336346324985,nan,-0.0024548241923458302,-0.0024448336346324985,nan,2.0259313346612897,2.0259313346612897,0.0,0.0,0.0,nan,0
1126,1.0889999999999909,0.45,,scientific,0,1,0.18774193548387097,1.0,0.0,-0.0024555938521407055,-0.0024466663749262937,nan,-0.0024555938521407055,-0.0024466663749262937,nan,2.0271954052458225,2.0271954052458225,0.0,0.0,0.0,nan,0,1,1.0,0.0,-0.0003081028055313645,-0.0004182282054784319,nan,-0.0003081028055313645,-0.0004182282054784319,nan,0.6190092368989064,0.6190092368989064,0.0,0.0,0.0,nan,0,1,1.0,0.0,-0.0024555938521407055,-0.0024466663749262937,nan,-0.0024555938521407055,-0.0024466663749262937,nan,2.0271954052458225,2.0271954052458225,0.0,0.0,0.0,nan,0
1127,1.0899999999999908,0.45,,scientific,0,1,0.18774193548387097,1.0,0.0,-0.0024563586673871495,-0.00244850104140704,nan,-0.0024563586673871495,-0.00244850104140704,nan,2.02845938307825,2.02845938307825,0.0,0.0,0.0,nan,0,1,1.0,0.0,-0.0003081028055313645,-0.0004182282054784319,nan,-0.0003081028055313645,-0.0004182282054784319,nan,0.6190092368989064,0.6190092368989064,0.0,0.0,0.0,nan,0,1,1.0,0.0,-0.0024563586673871495,-0.00244850104140704,nan,-0.0024563586673871495,-0.00244850104140704,nan,2.02845938307825,2.02845938307825,0.0,0.0,0.0,nan,0
1128,1.0909999999999906,0.45,,scientific,0,1,0.18774193548387097,1.0,0.0,-0.0024571186260197,-0.002450337643568501,nan,-0.0024571186260197,-0.002450337643568501,nan,2.029723268210505,2.029723268210505,0.0,0.0,0.0,nan,0,1,1.0,0.0,-0.0003081028055313645,-0.0004182282054784319,nan,-0.0003081028055313645,-0.0004182282054784319,nan,0.6190092368989064,0.6190092368989064,0.0,0.0,0.0,nan,0,1,1.0,0.0,-0.0024571186260197,-0.002450337643568501,nan,-0.0024571186260197,-0.002450337643568501,nan,2.029723268210505,2.029723268210505,0.0,0.0,0.0,nan,0
1129,1.0919999999999905,0.45,,scientific,0,1,0.18774193548387097,1.0,0.0,-0.0024578737143242783,-0.0024521761904586236,nan,-0.0024578737143242783,-0.0024521761904586236,nan,2.030987060695818,2.030987060695818,0.0,0.0,0.0,nan,0,1,1.0,0.0,-0.0003081028055313645,-0.0004182282054784319,nan,-0.0003081028055313645,-0.0004182282054784319,nan,0.6190092368989064,0.6190092368989064,0.0,0.0,0.0,nan,0,1,1.0,0.0,-0.0024578737143242783,-0.0024521761904586236,nan,-0.0024578737143242783,-0.0024521761904586236,nan,2.030987060695818,2.030987060695818,0.0,0.0,0.0,nan,0
1130,1.0929999999999904,0.45,,scientific,0,1,0.18774193548387097,1.0,0.0,-0.0024586239181396724,-0.0024540166909198546,nan,-0.0024586239181396724,-0.0024540166909198546,nan,2.0322507605865052,2.0322507605865052,0.0,0.0,0.0,nan,0,1,1.0,0.0,-0.0003081028055313645,-0.0004182282054784319,nan,-0.0003081028055313645,-0.0004182282054784319,nan,0.6190092368989064,0.6190092368989064,0.0,0.0,0.0,nan,0,1,1.0,0.0,-0.0024586239181396724,-0.0024540166909198546,nan,-0.0024586239181396724,-0.0024540166909198546,nan,2.0322507605865052,2.0322507605865052,0.0,0.0,0.0,nan,0
1131,1.0939999999999903,0.45,,scientific,0,1,0.18774193548387097,1.0,0.0,-0.002459369223201335,-0.002455859153704458,nan,-0.002459369223201335,-0.002455859153704458,nan,2.0335143679337513,2.0335143679337513,0.0,0.0,0.0,nan,0,1,1.0,0.0,-0.0003081028055313645,-0.0004182282054784319,nan,-0.0003081028055313645,-0.0004182282054784319,nan,0.6190092368989064,0.6190092368989064,0.0,0.0,0.0,nan,0,1,1.0,0.0,-0.002459369223201335,-0.002455859153704458,nan,-0.002459369223201335,-0.002455859153704458,nan,2.0335143679337513,2.0335143679337513,0.0,0.0,0.0,nan,0
1132,1.0949999999999902,0.45,,scientific,0,1,0.18774193548387097,1.0,0.0,-0.002460109615222322,-0.0024577035875249344,nan,-0.002460109615222322,-0.0024577035875249344,nan,2.034777882787939,2.034777882787939,0.0,0.0,0.0,nan,0,1,1.0,0.0,-0.0003081028055313645,-0.0004182282054784319,nan,-0.0003081028055313645,-0.0004182282054784319,nan,0.6190092368989064,0.6190092368989064,0.0,0.0,0.0,nan,0,1,1.0,0.0,-0.002460109615222322,-0.0024577035875249344,nan,-0.002460109615222322,-0.0024577035875249344,nan,2.034777882787939,2.034777882787939,0.0,0.0,0.0,nan,0
1133,1.09599999999999,0.45,,scientific,0,1,0.18774193548387097,1.0,0.0,-0.00246084507991809,-0.002459550001073908,nan,-0.00246084507991809,-0.002459550001073908,nan,2.036041305198912,2.036041305198912,0.0,0.0,0.0,nan,0,1,1.0,0.0,-0.0003081028055313645,-0.0004182282054784319,nan,-0.0003081028055313645,-0.0004182282054784319,nan,0.6190092368989064,0.6190092368989064,0.0,0.0,0.0,nan,0,1,1.0,0.0,-0.00246084507991809,-0.002459550001073908,nan,-0.00246084507991809,-0.002459550001073908,nan,2.036041305198912,2.036041305198912,0.0,0.0,0.0,nan,0
1134,1.09699999999999,0.45,,scientific,0,1,0.18774193548387097,1.0,0.0,-0.002461575602993808,-0.0024613984030400745,nan,-0.002461575602993808,-0.0024613984030400745,nan,2.037304635216298,2.037304635216298,0.0,0.0,0.0,nan,0,1,1.0,0.0,-0.0003081028055313645,-0.0004182282054784319,nan,-0.0003081028055313645,-0.0004182282054784319,nan,0.6190092368989064,0.6190092368989064,0.0,0.0,0.0,nan,0,1,1.0,0.0,-0.002461575602993808,-0.0024613984030400745,nan,-0.002461575602993808,-0.0024613984030400745,nan,2.037304635216298,2.037304635216298,0.0,0.0,0.0,nan,0
1135,1.0979999999999899,0.45,,scientific,0,1,0.18774193548387097,1.0,0.0,-0.0024623011701568583,-0.0024632488021110992,nan,-0.0024623011701568583,-0.0024632488021110992,nan,2.038567872889474,2.038567872889474,0.0,0.0,0.0,nan,0,1,1.0,0.0,-0.0003081028055313645,-0.0004182282054784319,nan,-0.0003081028055313645,-0.0004182282054784319,nan,0.6190092368989064,0.6190092368989064,0.0,0.0,0.0,nan,0,1,1.0,0.0,-0.0024623011701568583,-0.0024632488021110992,nan,-0.0024623011701568583,-0.0024632488021110992,nan,2.038567872889474,2.038567872889474,0.0,0.0,0.0,nan,0
1136,1.0989999999999898,0.45,,scientific,0,1,0.18774193548387097,1.0,0.0,-0.0024630217671073986,-0.002465101206977305,nan,-0.0024630217671073986,-0.002465101206977305,nan,2.0398310182677513,2.0398310182677513,0.0,0.0,0.0,nan,0,1,1.0,0.0,-0.0003081028055313645,-0.0004182282054784319,nan,-0.0003081028055313645,-0.0004182282054784319,nan,0.6190092368989064,0.6190092368989064,0.0,0.0,0.0,nan,0,1,1.0,0.0,-0.0024630217671073986,-0.002465101206977305,nan,-0.0024630217671073986,-0.002465101206977305,nan,2.0398310182677513,2.0398310182677513,0.0,0.0,0.0,nan,0
1137,1.0999999999999897,0.45,,scientific,0,1,0.18774193548387097,1.0,0.0,-0.00246373737949453,-0.0024669556258173353,nan,-0.00246373737949453,-0.0024669556258173353,nan,2.041094071400548,2.041094071400548,0.0,0.0,0.0,nan,0,1,1.0,0.0,-0.0003081028055313645,-0.0004182282054784319,nan,-0.0003081028055313645,-0.0004182282054784319,nan,0.6190092368989064,0.6190092368989064,0.0,0.0,0.0,nan,0,1,1.0,0.0,-0.00246373737949453,-0.0024669556258173353,nan,-0.00246373737949453,-0.0024669556258173353,nan,2.041094071400548,2.041094071400548,0.0,0.0,0.0,nan,0
1138,1.1009999999999895,0.45,,scientific,0,1,0.18774193548387097,1.0,0.0,-0.002464447992723836,-0.0024688120642914306,nan,-0.002464447992723836,-0.0024688120642914306,nan,2.04235703233794,2.04235703233794,0.0,0.0,0.0,nan,0,1,1.0,0.0,-0.0003081028055313645,-0.0004182282054784319,nan,-0.0003081028055313645,-0.0004182282054784319,nan,0.6190092368989064,0.6190092368989064,0.0,0.0,0.0,nan,0,1,1.0,0.0,-0.002464447992723836,-0.0024688120642914306,nan,-0.002464447992723836,-0.0024688120642914306,nan,2.04235703233794,2.04235703233794,0.0,0.0,0.0,nan,0
1139,1.1019999999999894,0.45,,scientific,0,1,0.18774193548387097,1.0,0.0,-0.0024651535927118343,-0.002470670534216368,nan,-0.0024651535927118343,-0.002470670534216368,nan,2.043619901126263,2.043619901126263,0.0,0.0,0.0,nan,0,1,1.0,0.0,-0.0003081028055313645,-0.0004182282054784319,nan,-0.0003081028055313645,-0.0004182282054784319,nan,0.6190092368989064,0.6190092368989064,0.0,0.0,0.0,nan,0,1,1.0,0.0,-0.0024651535927118343,-0.002470670534216368,nan,-0.0024651535927118343,-0.002470670534216368,nan,2.043619901126263,2.043619901126263,0.0,0.0,0.0,nan,0
1140,1.1029999999999893,0.45,,scientific,0,1,0.18774193548387097,1.0,0.0,-0.0024658541651815715,-0.0024725310450791414,nan,-0.0024658541651815715,-0.0024725310450791414,nan,2.04488267781462,2.04488267781462,0.0,0.0,0.0,nan,0,1,1.0,0.0,-0.0003081028055313645,-0.0004182282054784319,nan,-0.0003081028055313645,-0.0004182282054784319,nan,0.6190092368989064,0.6190092368989064,0.0,0.0,0.0,nan,0,1,1.0,0.0,-0.0024658541651815715,-0.0024725310450791414,nan,-0.0024658541651815715,-0.0024725310450791414,nan,2.04488267781462,2.04488267781462,0.0,0.0,0.0,nan,0
1141,1.1039999999999892,0.45,,scientific,0,1,0.18774193548387097,1.0,0.0,-0.002466549697257567,-0.0024743936099725227,nan,-0.002466549697257567,-0.0024743936099725227,nan,2.0461453624552304,2.0461453624552304,0.0,0.0,0.0,nan,0,1,1.0,0.0,-0.0003081028055313645,-0.0004182282054784319,nan,-0.0003081028055313645,-0.0004182282054784319,nan,0.6190092368989064,0.6190092368989064,0.0,0.0,0.0,nan,0,1,1.0,0.0,-0.002466549697257567,-0.0024743936099725227,nan,-0.002466549697257567,-0.0024743936099725227,nan,2.0461453624552304,2.0461453624552304,0.0,0.0,0.0,nan,0
1142,1.104999999999989,0.45,,scientific,0,1,0.18774193548387097,1.0,0.0,-0.002467240168488022,-0.002476258238496038,nan,-0.002467240168488022,-0.002476258238496038,nan,2.0474079550978006,2.0474079550978006,0.0,0.0,0.0,nan,0,1,1.0,0.0,-0.0003081028055313645,-0.0004182282054784319,nan,-0.0003081028055313645,-0.0004182282054784319,nan,0.6190092368989064,0.6190092368989064,0.0,0.0,0.0,nan,0,1,1.0,0.0,-0.002467240168488022,-0.002476258238496038,nan,-0.002467240168488022,-0.002476258238496038,nan,2.0474079550978006,2.0474079550978006,0.0,0.0,0.0,nan,0
1143,1.105999999999989,0.45,,scientific,0,1,0.18774193548387097,1.0,0.0,-0.0024679255683309237,-0.002478124934618258,nan,-0.0024679255683309237,-0.002478124934618258,nan,2.0486704557831357,2.0486704557831357,0.0,0.0,0.0,nan,0,1,1.0,0.0,-0.0003081028055313645,-0.0004182282054784319,nan,-0.0003081028055313645,-0.0004182282054784319,nan,0.6190092368989064,0.6190092368989064,0.0,0.0,0.0,nan,0,1,1.0,0.0,-0.0024679255683309237,-0.002478124934618258,nan,-0.0024679255683309237,-0.002478124934618258,nan,2.0486704557831357,2.0486704557831357,0.0,0.0,0.0,nan,0
1144,1.1069999999999889,0.45,,scientific,0,1,0.18774193548387097,1.0,0.0,-0.0024686058834567886,-0.00247999370593962,nan,-0.0024686058834567886,-0.00247999370593962,nan,2.0499328645602146,2.0499328645602146,0.0,0.0,0.0,nan,0,1,1.0,0.0,-0.0003081028055313645,-0.0004182282054784319,nan,-0.0003081028055313645,-0.0004182282054784319,nan,0.6190092368989064,0.6190092368989064,0.0,0.0,0.0,nan,0,1,1.0,0.0,-0.0024686058834567886,-0.00247999370593962,nan,-0.0024686058834567886,-0.00247999370593962,nan,2.0499328645602146,2.0499328645602146,0.0,0.0,0.0,nan,0
1145,1.1079999999999888,0.45,,scientific,0,1,0.18774193548387097,1.0,0.0,-0.0024692810996754604,-0.0024818645610128623,nan,-0.0024692810996754604,-0.0024818645610128623,nan,2.051195181480203,2.051195181480203,0.0,0.0,0.0,nan,0,1,1.0,0.0,-0.0003081028055313645,-0.0004182282054784319,nan,-0.0003081028055313645,-0.0004182282054784319,nan,0.6190092368989064,0.6190092368989064,0.0,0.0,0.0,nan,0,1,1.0,0.0,-0.0024692810996754604,-0.0024818645610128623,nan,-0.0024692810996754604,-0.0024818645610128623,nan,2.051195181480203,2.051195181480203,0.0,0.0,0.0,nan,0
1146,1.1089999999999887,0.45,,scientific,0,1,0.18774193548387097,1.0,0.0,-0.002469951201236745,-0.0024837375106323157,nan,-0.002469951201236745,-0.0024837375106323157,nan,2.052457406594538,2.052457406594538,0.0,0.0,0.0,nan,0,1,1.0,0.0,-0.0003081028055313645,-0.0004182282054784319,nan,-0.0003081028055313645,-0.0004182282054784319,nan,0.6190092368989064,0.6190092368989064,0.0,0.0,0.0,nan,0,1,1.0,0.0,-0.002469951201236745,-0.0024837375106323157,nan,-0.002469951201236745,-0.0024837375106323157,nan,2.052457406594538,2.052457406594538,0.0,0.0,0.0,nan,0
1147,1.1099999999999886,0.45,,scientific,0,1,0.18774193548387097,1.0,0.0,-0.002470616162274839,-0.0024856125713877907,nan,-0.002470616162274839,-0.0024856125713877907,nan,2.0537195399281147,2.0537195399281147,0.0,0.0,0.0,nan,0,1,1.0,0.0,-0.0003081028055313645,-0.0004182282054784319,nan,-0.0003081028055313645,-0.0004182282054784319,nan,0.6190092368989064,0.6190092368989064,0.0,0.0,0.0,nan,0,1,1.0,0.0,-0.002470616162274839,-0.0024856125713877907,nan,-0.002470616162274839,-0.0024856125713877907,nan,2.0537195399281147,2.0537195399281147,0.0,0.0,0.0,nan,0
1148,1.1109999999999884,0.45,,scientific,0,1,0.18774193548387097,1.0,0.0,-0.0024712759762437965,-0.002487489735257896,nan,-0.0024712759762437965,-0.002487489735257896,nan,2.0549815815752854,2.0549815815752854,0.0,0.0,0.0,nan,0,1,1.0,0.0,-0.0003081028055313645,-0.0004182282054784319,nan,-0.0003081028055313645,-0.0004182282054784319,nan,0.6190092368989064,0.6190092368989064,0.0,0.0,0.0,nan,0,1,1.0,0.0,-0.0024712759762437965,-0.002487489735257896,nan,-0.0024712759762437965,-0.002487489735257896,nan,2.0549815815752854,2.0549815815752854,0.0,0.0,0.0,nan,0
1149,1.1119999999999883,0.45,,scientific,0,1,0.18774193548387097,1.0,0.0,-0.0024719306356750636,-0.002489369013087601,nan,-0.0024719306356750636,-0.002489369013087601,nan,2.0562435315613814,2.0562435315613814,0.0,0.0,0.0,nan,0,1,1.0,0.0,-0.0003081028055313645,-0.0004182282054784319,nan,-0.0003081028055313645,-0.0004182282054784319,nan,0.6190092368989064,0.6190092368989064,0.0,0.0,0.0,nan,0,1,1.0,0.0,-0.0024719306356750636,-0.002489369013087601,nan,-0.0024719306356750636,-0.002489369013087601,nan,2.0562435315613814,2.0562435315613814,0.0,0.0,0.0,nan,0
1150,1.1129999999999882,0.45,,scientific,0,1,0.18774193548387097,1.0,0.0,-0.0024725801285255303,-0.0024912504156537865,nan,-0.0024725801285255303,-0.0024912504156537865,nan,2.057505389932963,2.057505389932963,0.0,0.0,0.0,nan,0,1,1.0,0.0,-0.0003081028055313645,-0.0004182282054784319,nan,-0.0003081028055313645,-0.0004182282054784319,nan,0.6190092368989064,0.6190092368989064,0.0,0.0,0.0,nan,0,1,1.0,0.0,-0.0024725801285255303,-0.0024912504156537865,nan,-0.0024725801285255303,-0.0024912504156537865,nan,2.057505389932963,2.057505389932963,0.0,0.0,0.0,nan,0
1151,1.113999999999988,0.45,,scientific,0,1,0.18838709677419355,1.0,0.0,-0.0024732244379098607,-0.0024931339545064195,nan,-0.0024732244379098607,-0.0024931339545064195,nan,2.0587671567387678,2.0587671567387678,0.0,0.0,0.0,nan,0,1,1.0,0.0,-0.0003081028055313645,-0.0004182282054784319,nan,-0.0003081028055313645,-0.0004182282054784319,nan,0.6190092368989064,0.6190092368989064,0.0,0.0,0.0,nan,0,1,1.0,0.0,-0.0024732244379098607,-0.0024931339545064195,nan,-0.0024732244379098607,-0.0024931339545064195,nan,2.0587671567387678,2.0587671567387678,0.0,0.0,0.0,nan,0
1152,1.114999999999988,0.45,,scientific,0,1,0.18838709677419355,1.0,0.0,-0.0024738635478628655,-0.002495019634732811,nan,-0.0024738635478628655,-0.002495019634732811,nan,2.060028832031885,2.060028832031885,0.0,0.0,0.0,nan,0,1,1.0,0.0,-0.0003081028055313645,-0.0004182282054784319,nan,-0.0003081028055313645,-0.0004182282054784319,nan,0.6190092368989064,0.6190092368989064,0.0,0.0,0.0,nan,0,1,1.0,0.0,-0.0024738635478628655,-0.002495019634732811,nan,-0.0024738635478628655,-0.002495019634732811,nan,2.060028832031885,2.060028832031885,0.0,0.0,0.0,nan,0
1153,1.115999999999988,0.45,,scientific,0,1,0.18838709677419355,1.0,0.0,-0.0024744974397929525,-0.002496907465448825,nan,-0.0024744974397929525,-0.002496907465448825,nan,2.061290415864809,2.061290415864809,0.0,0.0,0.0,nan,0,1,1.0,0.0,-0.0003081028055313645,-0.0004182282054784319,nan,-0.0003081028055313645,-0.0004182282054784319,nan,0.6190092368989064,0.6190092368989064,0.0,0.0,0.0,nan,0,1,1.0,0.0,-0.0024744974397929525,-0.002496907465448825,nan,-0.0024744974397929525,-0.002496907465448825,nan,2.061290415864809,2.061290415864809,0.0,0.0,0.0,nan,0
1154,1.1169999999999878,0.45,,scientific,0,1,0.18838709677419355,1.0,0.0,-0.002475126099862801,-0.0024987974609689744,nan,-0.002475126099862801,-0.0024987974609689744,nan,2.062551908283038,2.062551908283038,0.0,0.0,0.0,nan,0,1,1.0,0.0,-0.0003081028055313645,-0.0004182282054784319,nan,-0.0003081028055313645,-0.0004182282054784319,nan,0.6190092368989064,0.6190092368989064,0.0,0.0,0.0,nan,0,1,1.0,0.0,-0.002475126099862801,-0.0024987974609689744,nan,-0.002475126099862801,-0.0024987974609689744,nan,2.062551908283038,2.062551908283038,0.0,0.0,0.0,nan,0
1155,1.1179999999999877,0.45,,scientific,0,1,0.18838709677419355,1.0,0.0,-0.002475749517117253,-0.0025006896291301503,nan,-0.002475749517117253,-0.0025006896291301503,nan,2.063813309334008,2.063813309334008,0.0,0.0,0.0,nan,0,1,1.0,0.0,-0.0003081028055313645,-0.0004182282054784319,nan,-0.0003081028055313645,-0.0004182282054784319,nan,0.6190092368989064,0.6190092368989064,0.0,0.0,0.0,nan,0,1,1.0,0.0,-0.002475749517117253,-0.0025006896291301503,nan,-0.002475749517117253,-0.0025006896291301503,nan,2.063813309334008,2.063813309334008,0.0,0.0,0.0,nan,0
1156,1.1189999999999876,0.45,,scientific,0,1,0.18838709677419355,1.0,0.0,-0.0024763676751341267,-0.00250258397498614,nan,-0.0024763676751341267,-0.00250258397498614,nan,2.065074619069568,2.065074619069568,0.0,0.0,0.0,nan,0,1,1.0,0.0,-0.0003081028055313645,-0.0004182282054784319,nan,-0.0003081028055313645,-0.0004182282054784319,nan,0.6190092368989064,0.6190092368989064,0.0,0.0,0.0,nan,0,1,1.0,0.0,-0.0024763676751341267,-0.00250258397498614,nan,-0.0024763676751341267,-0.00250258397498614,nan,2.065074619069568,2.065074619069568,0.0,0.0,0.0,nan,0
1157,1.1199999999999875,0.45,,scientific,0,1,0.18838709677419355,1.0,0.0,-0.002476980559694665,-0.002504480507118485,nan,-0.002476980559694665,-0.002504480507118485,nan,2.066335837539385,2.066335837539385,0.0,0.0,0.0,nan,0,1,1.0,0.0,-0.0003081028055313645,-0.0004182282054784319,nan,-0.0003081028055313645,-0.0004182282054784319,nan,0.6190092368989064,0.6190092368989064,0.0,0.0,0.0,nan,0,1,1.0,0.0,-0.002476980559694665,-0.002504480507118485,nan,-0.002476980559694665,-0.002504480507118485,nan,2.066335837539385,2.066335837539385,0.0,0.0,0.0,nan,0
1158,1.1209999999999873,0.45,,scientific,0,1,0.18838709677419355,1.0,0.0,-0.002477588141490981,-0.0025063792437096453,nan,-0.002477588141490981,-0.0025063792437096453,nan,2.0675969650310995,2.0675969650310995,0.0,0.0,0.0,nan,0,1,1.0,0.0,-0.0003081028055313645,-0.0004182282054784319,nan,-0.0003081028055313645,-0.0004182282054784319,nan,0.6190092368989064,0.6190092368989064,0.0,0.0,0.0,nan,0,1,1.0,0.0,-0.002477588141490981,-0.0025063792437096453,nan,-0.002477588141490981,-0.0025063792437096453,nan,2.0675969650310995,2.0675969650310995,0.0,0.0,0.0,nan,0
1159,1.1219999999999872,0.45,,scientific,0,1,0.18838709677419355,1.0,0.0,-0.002478190441188055,-0.002508280180503791,nan,-0.002478190441188055,-0.002508280180503791,nan,2.0688580011193265,2.0688580011193265,0.0,0.0,0.0,nan,0,1,1.0,0.0,-0.0003081028055313645,-0.0004182282054784319,nan,-0.0003081028055313645,-0.0004182282054784319,nan,0.6190092368989064,0.6190092368989064,0.0,0.0,0.0,nan,0,1,1.0,0.0,-0.002478190441188055,-0.002508280180503791,nan,-0.002478190441188055,-0.002508280180503791,nan,2.0688580011193265,2.0688580011193265,0.0,0.0,0.0,nan,0
1160,1.1229999999999871,0.45,,scientific,0,1,0.18838709677419355,1.0,0.0,-0.0024787874270725077,-0.0025101833331447787,nan,-0.0024787874270725077,-0.0025101833331447787,nan,2.0701189460886438,2.0701189460886438,0.0,0.0,0.0,nan,0,1,1.0,0.0,-0.0003081028055313645,-0.0004182282054784319,nan,-0.0003081028055313645,-0.0004182282054784319,nan,0.6190092368989064,0.6190092368989064,0.0,0.0,0.0,nan,0,1,1.0,0.0,-0.0024787874270725077,-0.0025101833331447787,nan,-0.0024787874270725077,-0.0025101833331447787,nan,2.0701189460886438,2.0701189460886438,0.0,0.0,0.0,nan,0
1161,1.123999999999987,0.45,,scientific,0,1,0.18838709677419355,1.0,0.0,-0.002479379084636083,-0.0025120887103391495,nan,-0.002479379084636083,-0.0025120887103391495,nan,2.071379799989415,2.071379799989415,0.0,0.0,0.0,nan,0,1,1.0,0.0,-0.0003081028055313645,-0.0004182282054784319,nan,-0.0003081028055313645,-0.0004182282054784319,nan,0.6190092368989064,0.6190092368989064,0.0,0.0,0.0,nan,0,1,1.0,0.0,-0.002479379084636083,-0.0025120887103391495,nan,-0.002479379084636083,-0.0025120887103391495,nan,2.071379799989415,2.071379799989415,0.0,0.0,0.0,nan,0
1162,1.124999999999987,0.45,,scientific,0,1,0.18838709677419355,1.0,0.0,-0.0024799653993623307,-0.002513996320785372,nan,-0.0024799653993623307,-0.002513996320785372,nan,2.0726405628711713,2.0726405628711713,0.0,0.0,0.0,nan,0,1,1.0,0.0,-0.0003081028055313645,-0.0004182282054784319,nan,-0.0003081028055313645,-0.0004182282054784319,nan,0.6190092368989064,0.6190092368989064,0.0,0.0,0.0,nan,0,1,1.0,0.0,-0.0024799653993623307,-0.002513996320785372,nan,-0.0024799653993623307,-0.002513996320785372,nan,2.0726405628711713,2.0726405628711713,0.0,0.0,0.0,nan,0
1163,1.1259999999999868,0.45,,scientific,0,1,0.18838709677419355,1.0,0.0,-0.002480546356738232,-0.0025159061731981143,nan,-0.002480546356738232,-0.0025159061731981143,nan,2.0739012347832757,2.0739012347832757,0.0,0.0,0.0,nan,0,1,1.0,0.0,-0.0003081028055313645,-0.0004182282054784319,nan,-0.0003081028055313645,-0.0004182282054784319,nan,0.6190092368989064,0.6190092368989064,0.0,0.0,0.0,nan,0,1,1.0,0.0,-0.002480546356738232,-0.0025159061731981143,nan,-0.002480546356738232,-0.0025159061731981143,nan,2.0739012347832757,2.0739012347832757,0.0,0.0,0.0,nan,0
1164,1.1269999999999867,0.45,,scientific,0,1,0.18838709677419355,1.0,0.0,-0.002481121937788208,-0.002517818269434865,nan,-0.002481121937788208,-0.002517818269434865,nan,2.0751618157780793,2.0751618157780793,0.0,0.0,0.0,nan,0,1,1.0,0.0,-0.0003081028055313645,-0.0004182282054784319,nan,-0.0003081028055313645,-0.0004182282054784319,nan,0.6190092368989064,0.6190092368989064,0.0,0.0,0.0,nan,0,1,1.0,0.0,-0.002481121937788208,-0.002517818269434865,nan,-0.002481121937788208,-0.002517818269434865,nan,2.0751618157780793,2.0751618157780793,0.0,0.0,0.0,nan,0
1165,1.1279999999999866,0.45,,scientific,0,1,0.18838709677419355,1.0,0.0,-0.0024816921335742664,-0.002519732628912565,nan,-0.0024816921335742664,-0.002519732628912565,nan,2.076422305898941,2.076422305898941,0.0,0.0,0.0,nan,0,1,1.0,0.0,-0.0003081028055313645,-0.0004182282054784319,nan,-0.0003081028055313645,-0.0004182282054784319,nan,0.6190092368989064,0.6190092368989064,0.0,0.0,0.0,nan,0,1,1.0,0.0,-0.0024816921335742664,-0.002519732628912565,nan,-0.0024816921335742664,-0.002519732628912565,nan,2.076422305898941,2.076422305898941,0.0,0.0,0.0,nan,0
1166,1.1289999999999865,0.45,,scientific,0,1,0.18838709677419355,1.0,0.0,-0.002851827931688224,-0.0009785058907888762,nan,-0.002851827931688224,-0.0009785058907888762,nan,2.0817378251999155,2.0817378251999155,0.0,0.0,0.0,nan,0,1,1.0,0.0,-0.00048787884166615736,0.00033228263306182224,nan,-0.00048787884166615736,0.00033228263306182224,nan,0.6200857747022249,0.6200857747022249,0.0,0.0,0.0,nan,0,1,1.0,0.0,-0.002851827931688224,-0.0009785058907888762,nan,-0.002851827931688224,-0.0009785058907888762,nan,2.0817378251999155,2.0817378251999155,0.0,0.0,0.0,nan,0
1167,1.1299999999999863,0.45,,scientific,0,1,0.18838709677419355,1.0,0.0,-0.002852520388896784,-0.0009798762942195233,nan,-0.002852520388896784,-0.0009798762942195233,nan,2.083000806369362,2.083000806369362,0.0,0.0,0.0,nan,0,1,1.0,0.0,-0.00048787884166615736,0.00033228263306182224,nan,-0.00048787884166615736,0.00033228263306182224,nan,0.6200857747022249,0.6200857747022249,0.0,0.0,0.0,nan,0,1,1.0,0.0,-0.002852520388896784,-0.0009798762942195233,nan,-0.002852520388896784,-0.0009798762942195233,nan,2.083000806369362,2.083000806369362,0.0,0.0,0.0,nan,0
1168,1.1309999999999862,0.45,,scientific,0,1,0.18838709677419355,1.0,0.0,-0.002853207390724378,-0.0009812491416014235,nan,-0.002853207390724378,-0.0009812491416014235,nan,2.0842636968171058,2.0842636968171058,0.0,0.0,0.0,nan,0,1,1.0,0.0,-0.00048787884166615736,0.00033228263306182224,nan,-0.00048787884166615736,0.00033228263306182224,nan,0.6200857747022249,0.6200857747022249,0.0,0.0,0.0,nan,0,1,1.0,0.0,-0.002853207390724378,-0.0009812491416014235,nan,-0.002853207390724378,-0.0009812491416014235,nan,2.0842636968171058,2.0842636968171058,0.0,0.0,0.0,nan,0
1169,1.1319999999999861,0.45,,scientific,0,1,0.18838709677419355,1.0,0.0,-0.0044306393306031795,-0.0013616010401897526,nan,-0.0044306393306031795,-0.0013616010401897526,nan,2.089697023025184,2.089697023025184,0.0,0.0,0.0,nan,0,1,1.0,0.0,-0.0012348239675054843,0.00015284581938714947,nan,-0.0012348239675054843,0.00015284581938714947,nan,0.6211623125055435,0.6211623125055435,0.0,0.0,0.0,nan,0,1,1.0,0.0,-0.0044306393306031795,-0.0013616010401897526,nan,-0.0044306393306031795,-0.0013616010401897526,nan,2.089697023025184,2.089697023025184,0.0,0.0,0.0,nan,0
1170,1.132999999999986,0.45,,scientific,0,1,0.18838709677419355,1.0,0.0,-0.004431885579195651,-0.0013631142665226472,nan,-0.004431885579195651,-0.0013631142665226472,nan,2.090962500870728,2.090962500870728,0.0,0.0,0.0,nan,0,1,1.0,0.0,-0.0012348239675054843,0.00015284581938714947,nan,-0.0012348239675054843,0.00015284581938714947,nan,0.6211623125055435,0.6211623125055435,0.0,0.0,0.0,nan,0,1,1.0,0.0,-0.004431885579195651,-0.0013631142665226472,nan,-0.004431885579195651,-0.0013631142665226472,nan,2.090962500870728,2.090962500870728,0.0,0.0,0.0,nan,0
1171,1.133999999999986,0.45,,scientific,0,1,0.18903225806451612,1.0,0.0,-0.004433126091020254,-0.0013646298941290232,nan,-0.004433126091020254,-0.0013646298941290232,nan,2.0922278879346505,2.0922278879346505,0.0,0.0,0.0,nan,0,1,1.0,0.0,-0.0012348239675054843,0.00015284581938714947,nan,-0.0012348239675054843,0.00015284581938714947,nan,0.6211623125055435,0.6211623125055435,0.0,0.0,0.0,nan,0,1,1.0,0.0,-0.004433126091020254,-0.0013646298941290232,nan,-0.004433126091020254,-0.0013646298941290232,nan,2.0922278879346505,2.0922278879346505,0.0,0.0,0.0,nan,0
1172,1.1349999999999858,0.45,,scientific,0,1,0.18903225806451612,1.0,0.0,-0.0044343608516275584,-0.001366147931743483,nan,-0.0044343608516275584,-0.001366147931743483,nan,2.0934931842652027,2.0934931842652027,0.0,0.0,0.0,nan,0,1,1.0,0.0,-0.0012348239675054843,0.00015284581938714947,nan,-0.0012348239675054843,0.00015284581938714947,nan,0.6211623125055435,0.6211623125055435,0.0,0.0,0.0,nan,0,1,1.0,0.0,-0.0044343608516275584,-0.001366147931743483,nan,-0.0044343608516275584,-0.001366147931743483,nan,2.0934931842652027,2.0934931842652027,0.0,0.0,0.0,nan,0
1173,1.1359999999999857,0.45,,scientific,0,1,0.18903225806451612,1.0,0.0,-0.004435589846344597,-0.001367668387959324,nan,-0.004435589846344597,-0.001367668387959324,nan,2.0947583899105973,2.0947583899105973,0.0,0.0,0.0,nan,0,1,1.0,0.0,-0.0012348239675054843,0.00015284581938714947,nan,-0.0012348239675054843,0.00015284581938714947,nan,0.6211623125055435,0.6211623125055435,0.0,0.0,0.0,nan,0,1,1.0,0.0,-0.004435589846344597,-0.001367668387959324,nan,-0.004435589846344597,-0.001367668387959324,nan,2.0947583899105973,2.0947583899105973,0.0,0.0,0.0,nan,0
1174,1.1369999999999856,0.45,,scientific,0,1,0.18903225806451612,1.0,0.0,-0.004436813061173023,-0.0013691912758344849,nan,-0.004436813061173023,-0.0013691912758344849,nan,2.0960235049203977,2.0960235049203977,0.0,0.0,0.0,nan,0,1,1.0,0.0,-0.0012348239675054843,0.00015284581938714947,nan,-0.0012348239675054843,0.00015284581938714947,nan,0.6211623125055435,0.6211623125055435,0.0,0.0,0.0,nan,0,1,1.0,0.0,-0.004436813061173023,-0.0013691912758344849,nan,-0.004436813061173023,-0.0013691912758344849,nan,2.0960235049203977,2.0960235049203977,0.0,0.0,0.0,nan,0
1175,1.1379999999999855,0.45,,scientific,0,1,0.18903225806451612,1.0,0.0,-0.004438030481364464,-0.0013707166037951275,nan,-0.004438030481364464,-0.0013707166037951275,nan,2.097288529341525,2.097288529341525,0.0,0.0,0.0,nan,0,1,1.0,0.0,-0.0012348239675054843,0.00015284581938714947,nan,-0.0012348239675054843,0.00015284581938714947,nan,0.6211623125055435,0.6211623125055435,0.0,0.0,0.0,nan,0,1,1.0,0.0,-0.004438030481364464,-0.0013707166037951275,nan,-0.004438030481364464,-0.0013707166037951275,nan,2.097288529341525,2.097288529341525,0.0,0.0,0.0,nan,0
1176,1.1389999999999854,0.45,,scientific,0,1,0.18903225806451612,1.0,0.0,-0.004439242091596659,-0.0013722443766608359,nan,-0.004439242091596659,-0.0013722443766608359,nan,2.098553463219469,2.098553463219469,0.0,0.0,0.0,nan,0,1,1.0,0.0,-0.0012348239675054843,0.00015284581938714947,nan,-0.0012348239675054843,0.00015284581938714947,nan,0.6211623125055435,0.6211623125055435,0.0,0.0,0.0,nan,0,1,1.0,0.0,-0.004439242091596659,-0.0013722443766608359,nan,-0.004439242091596659,-0.0013722443766608359,nan,2.098553463219469,2.098553463219469,0.0,0.0,0.0,nan,0
1177,1.1399999999999852,0.45,,scientific,0,1,0.18903225806451612,1.0,0.0,-0.004440447877006387,-0.001373774602068627,nan,-0.004440447877006387,-0.001373774602068627,nan,2.099818306601656,2.099818306601656,0.0,0.0,0.0,nan,0,1,1.0,0.0,-0.0012348239675054843,0.00015284581938714947,nan,-0.0012348239675054843,0.00015284581938714947,nan,0.6211623125055435,0.6211623125055435,0.0,0.0,0.0,nan,0,1,1.0,0.0,-0.004440447877006387,-0.001373774602068627,nan,-0.004440447877006387,-0.001373774602068627,nan,2.099818306601656,2.099818306601656,0.0,0.0,0.0,nan,0
1178,1.1409999999999851,0.45,,scientific,0,1,0.18903225806451612,1.0,0.0,-0.004441647822856124,-0.001375307288425084,nan,-0.004441647822856124,-0.001375307288425084,nan,2.101083059536104,2.101083059536104,0.0,0.0,0.0,nan,0,1,1.0,0.0,-0.0012348239675054843,0.00015284581938714947,nan,-0.0012348239675054843,0.00015284581938714947,nan,0.6211623125055435,0.6211623125055435,0.0,0.0,0.0,nan,0,1,1.0,0.0,-0.004441647822856124,-0.001375307288425084,nan,-0.004441647822856124,-0.001375307288425084,nan,2.101083059536104,2.101083059536104,0.0,0.0,0.0,nan,0
1179,1.141999999999985,0.45,,scientific,0,1,0.18903225806451612,1.0,0.0,-0.004442841914437371,-0.0013768424443191237,nan,-0.004442841914437371,-0.0013768424443191237,nan,2.102347722070867,2.102347722070867,0.0,0.0,0.0,nan,0,1,1.0,0.0,-0.0012348239675054843,0.00015284581938714947,nan,-0.0012348239675054843,0.00015284581938714947,nan,0.6211623125055435,0.6211623125055435,0.0,0.0,0.0,nan,0,1,1.0,0.0,-0.004442841914437371,-0.0013768424443191237,nan,-0.004442841914437371,-0.0013768424443191237,nan,2.102347722070867,2.102347722070867,0.0,0.0,0.0,nan,0
1180,1.142999999999985,0.45,,scientific,0,1,0.18903225806451612,1.0,0.0,-0.004444030137044911,-0.0013783800783643528,nan,-0.004444030137044911,-0.0013783800783643528,nan,2.1036122942537667,2.1036122942537667,0.0,0.0,0.0,nan,0,1,1.0,0.0,-0.0012348239675054843,0.00015284581938714947,nan,-0.0012348239675054843,0.00015284581938714947,nan,0.6211623125055435,0.6211623125055435,0.0,0.0,0.0,nan,0,1,1.0,0.0,-0.004444030137044911,-0.0013783800783643528,nan,-0.004444030137044911,-0.0013783800783643528,nan,2.1036122942537667,2.1036122942537667,0.0,0.0,0.0,nan,0
1181,1.1439999999999848,0.45,,scientific,0,1,0.18903225806451612,1.0,0.0,-0.004445212475970592,-0.001379920199161877,nan,-0.004445212475970592,-0.001379920199161877,nan,2.1048767761325164,2.1048767761325164,0.0,0.0,0.0,nan,0,1,1.0,0.0,-0.0012348239675054843,0.00015284581938714947,nan,-0.0012348239675054843,0.00015284581938714947,nan,0.6211623125055435,0.6211623125055435,0.0,0.0,0.0,nan,0,1,1.0,0.0,-0.004445212475970592,-0.001379920199161877,nan,-0.004445212475970592,-0.001379920199161877,nan,2.1048767761325164,2.1048767761325164,0.0,0.0,0.0,nan,0
1182,1.1449999999999847,0.45,,scientific,0,1,0.18903225806451612,1.0,0.0,-0.004446388916499872,-0.0013814628153080851,nan,-0.004446388916499872,-0.0013814628153080851,nan,2.1061411677547746,2.1061411677547746,0.0,0.0,0.0,nan,0,1,1.0,0.0,-0.0012348239675054843,0.00015284581938714947,nan,-0.0012348239675054843,0.00015284581938714947,nan,0.6211623125055435,0.6211623125055435,0.0,0.0,0.0,nan,0,1,1.0,0.0,-0.004446388916499872,-0.0013814628153080851,nan,-0.004446388916499872,-0.0013814628153080851,nan,2.1061411677547746,2.1061411677547746,0.0,0.0,0.0,nan,0
1183,1.1459999999999846,0.45,,scientific,0,1,0.18903225806451612,1.0,0.0,-0.00444755944391684,-0.0013830079353850963,nan,-0.00444755944391684,-0.0013830079353850963,nan,2.107405469168106,2.107405469168106,0.0,0.0,0.0,nan,0,1,1.0,0.0,-0.0012348239675054843,0.00015284581938714947,nan,-0.0012348239675054843,0.00015284581938714947,nan,0.6211623125055435,0.6211623125055435,0.0,0.0,0.0,nan,0,1,1.0,0.0,-0.00444755944391684,-0.0013830079353850963,nan,-0.00444755944391684,-0.0013830079353850963,nan,2.107405469168106,2.107405469168106,0.0,0.0,0.0,nan,0
1184,1.1469999999999845,0.45,,scientific,0,1,0.18903225806451612,1.0,0.0,-0.004448724043502834,-0.001384555567967912,nan,-0.004448724043502834,-0.001384555567967912,nan,2.1086696804200464,2.1086696804200464,0.0,0.0,0.0,nan,0,1,1.0,0.0,-0.0012348239675054843,0.00015284581938714947,nan,-0.0012348239675054843,0.00015284581938714947,nan,0.6211623125055435,0.6211623125055435,0.0,0.0,0.0,nan,0,1,1.0,0.0,-0.004448724043502834,-0.001384555567967912,nan,-0.004448724043502834,-0.001384555567967912,nan,2.1086696804200464,2.1086696804200464,0.0,0.0,0.0,nan,0
1185,1.1479999999999844,0.45,,scientific,0,1,0.18903225806451612,1.0,0.0,-0.004449882707308921,-0.0013861057180756492,nan,-0.004449882707308921,-0.0013861057180756492,nan,2.1099338015599693,2.1099338015599693,0.0,0.0,0.0,nan,0,1,1.0,0.0,-0.0012348239675054843,0.00015284581938714947,nan,-0.0012348239675054843,0.00015284581938714947,nan,0.6211623125055435,0.6211623125055435,0.0,0.0,0.0,nan,0,1,1.0,0.0,-0.004449882707308921,-0.0013861057180756492,nan,-0.004449882707308921,-0.0013861057180756492,nan,2.1099338015599693,2.1099338015599693,0.0,0.0,0.0,nan,0
1186,1.1489999999999843,0.45,,scientific,0,1,0.18903225806451612,1.0,0.0,-0.004451035418508541,-0.0013876583960295138,nan,-0.004451035418508541,-0.0013876583960295138,nan,2.1111978326292413,2.1111978326292413,0.0,0.0,0.0,nan,0,1,1.0,0.0,-0.0012348239675054843,0.00015284581938714947,nan,-0.0012348239675054843,0.00015284581938714947,nan,0.6211623125055435,0.6211623125055435,0.0,0.0,0.0,nan,0,1,1.0,0.0,-0.004451035418508541,-0.0013876583960295138,nan,-0.004451035418508541,-0.0013876583960295138,nan,2.1111978326292413,2.1111978326292413,0.0,0.0,0.0,nan,0
1187,1.1499999999999841,0.45,,scientific,0,1,0.18903225806451612,1.0,0.0,-0.004452182164771341,-0.0013892136086975967,nan,-0.004452182164771341,-0.0013892136086975967,nan,2.112461773675024,2.112461773675024,0.0,0.0,0.0,nan,0,1,1.0,0.0,-0.0012348239675054843,0.00015284581938714947,nan,-0.0012348239675054843,0.00015284581938714947,nan,0.6211623125055435,0.6211623125055435,0.0,0.0,0.0,nan,0,1,1.0,0.0,-0.004452182164771341,-0.0013892136086975967,nan,-0.004452182164771341,-0.0013892136086975967,nan,2.112461773675024,2.112461773675024,0.0,0.0,0.0,nan,0
1188,1.150999999999984,0.45,,scientific,0,1,0.18903225806451612,1.0,0.0,-0.004453322932124409,-0.001390771364322484,nan,-0.004453322932124409,-0.001390771364322484,nan,2.1137256247391556,2.1137256247391556,0.0,0.0,0.0,nan,0,1,1.0,0.0,-0.0012348239675054843,0.00015284581938714947,nan,-0.0012348239675054843,0.00015284581938714947,nan,0.6211623125055435,0.6211623125055435,0.0,0.0,0.0,nan,0,1,1.0,0.0,-0.004453322932124409,-0.001390771364322484,nan,-0.004453322932124409,-0.001390771364322484,nan,2.1137256247391556,2.1137256247391556,0.0,0.0,0.0,nan,0
1189,1.151999999999984,0.45,,scientific,0,1,0.18903225806451612,1.0,0.0,-0.004454457702660159,-0.0013923316716511489,nan,-0.004454457702660159,-0.0013923316716511489,nan,2.1149893860052336,2.1149893860052336,0.0,0.0,0.0,nan,0,1,1.0,0.0,-0.0012348239675054843,0.00015284581938714947,nan,-0.0012348239675054843,0.00015284581938714947,nan,0.6211623125055435,0.6211623125055435,0.0,0.0,0.0,nan,0,1,1.0,0.0,-0.004454457702660159,-0.0013923316716511489,nan,-0.004454457702660159,-0.0013923316716511489,nan,2.1149893860052336,2.1149893860052336,0.0,0.0,0.0,nan,0
1190,1.1529999999999838,0.45,,scientific,0,1,0.18903225806451612,1.0,0.0,-0.004455586459162055,-0.0013938945372919348,nan,-0.004455586459162055,-0.0013938945372919348,nan,2.116253057118376,2.116253057118376,0.0,0.0,0.0,nan,0,1,1.0,0.0,-0.0012348239675054843,0.00015284581938714947,nan,-0.0012348239675054843,0.00015284581938714947,nan,0.6211623125055435,0.6211623125055435,0.0,0.0,0.0,nan,0,1,1.0,0.0,-0.004455586459162055,-0.0013938945372919348,nan,-0.004455586459162055,-0.0013938945372919348,nan,2.116253057118376,2.116253057118376,0.0,0.0,0.0,nan,0
1191,1.1539999999999837,0.45,,scientific,0,1,0.18903225806451612,1.0,0.0,-0.004456709184466132,-0.0013954599711586192,nan,-0.004456709184466132,-0.0013954599711586192,nan,2.117516638530412,2.117516638530412,0.0,0.0,0.0,nan,0,1,1.0,0.0,-0.0012348239675054843,0.00015284581938714947,nan,-0.0012348239675054843,0.00015284581938714947,nan,0.6211623125055435,0.6211623125055435,0.0,0.0,0.0,nan,0,1,1.0,0.0,-0.004456709184466132,-0.0013954599711586192,nan,-0.004456709184466132,-0.0013954599711586192,nan,2.117516638530412,2.117516638530412,0.0,0.0,0.0,nan,0
1192,1.1549999999999836,0.45,,scientific,0,1,0.18903225806451612,1.0,0.0,-0.004457825858511563,-0.001397027985972497,nan,-0.004457825858511563,-0.001397027985972497,nan,2.1187801301475013,2.1187801301475013,0.0,0.0,0.0,nan,0,1,1.0,0.0,-0.0012348239675054843,0.00015284581938714947,nan,-0.0012348239675054843,0.00015284581938714947,nan,0.6211623125055435,0.6211623125055435,0.0,0.0,0.0,nan,0,1,1.0,0.0,-0.004457825858511563,-0.001397027985972497,nan,-0.004457825858511563,-0.001397027985972497,nan,2.1187801301475013,2.1187801301475013,0.0,0.0,0.0,nan,0
1193,1.1559999999999835,0.45,,scientific,0,1,0.18903225806451612,1.0,0.0,-0.004458936461113782,-0.0013985985941088897,nan,-0.004458936461113782,-0.0013985985941088897,nan,2.1200435320251705,2.1200435320251705,0.0,0.0,0.0,nan,0,1,1.0,0.0,-0.0012348239675054843,0.00015284581938714947,nan,-0.0012348239675054843,0.00015284581938714947,nan,0.6211623125055435,0.6211623125055435,0.0,0.0,0.0,nan,0,1,1.0,0.0,-0.004458936461113782,-0.0013985985941088897,nan,-0.004458936461113782,-0.0013985985941088897,nan,2.1200435320251705,2.1200435320251705,0.0,0.0,0.0,nan,0
1194,1.1569999999999834,0.45,,scientific,0,1,0.18903225806451612,1.0,0.0,-0.0044600409778173585,-0.0014001718014708226,nan,-0.0044600409778173585,-0.0014001718014708226,nan,2.1213068442120955,2.1213068442120955,0.0,0.0,0.0,nan,0,1,1.0,0.0,-0.0012348239675054843,0.00015284581938714947,nan,-0.0012348239675054843,0.00015284581938714947,nan,0.6211623125055435,0.6211623125055435,0.0,0.0,0.0,nan,0,1,1.0,0.0,-0.0044600409778173585,-0.0014001718014708226,nan,-0.0044600409778173585,-0.0014001718014708226,nan,2.1213068442120955,2.1213068442120955,0.0,0.0,0.0,nan,0
1195,1.1579999999999833,0.45,,scientific,0,1,0.18903225806451612,1.0,0.0,-0.004461139397147057,-0.0014017476097264987,nan,-0.004461139397147057,-0.0014017476097264987,nan,2.122570066758694,2.122570066758694,0.0,0.0,0.0,nan,0,1,1.0,0.0,-0.0012348239675054843,0.00015284581938714947,nan,-0.0012348239675054843,0.00015284581938714947,nan,0.6211623125055435,0.6211623125055435,0.0,0.0,0.0,nan,0,1,1.0,0.0,-0.004461139397147057,-0.0014017476097264987,nan,-0.004461139397147057,-0.0014017476097264987,nan,2.122570066758694,2.122570066758694,0.0,0.0,0.0,nan,0
1196,1.1589999999999832,0.45,,scientific,0,1,0.18903225806451612,1.0,0.0,-0.004462231716873345,-0.0014033260284205453,nan,-0.004462231716873345,-0.0014033260284205453,nan,2.1238331997019104,2.1238331997019104,0.0,0.0,0.0,nan,0,1,1.0,0.0,-0.0012348239675054843,0.00015284581938714947,nan,-0.0012348239675054843,0.00015284581938714947,nan,0.6211623125055435,0.6211623125055435,0.0,0.0,0.0,nan,0,1,1.0,0.0,-0.004462231716873345,-0.0014033260284205453,nan,-0.004462231716873345,-0.0014033260284205453,nan,2.1238331997019104,2.1238331997019104,0.0,0.0,0.0,nan,0
1197,1.159999999999983,0.45,,scientific,0,1,0.18903225806451612,1.0,0.0,-0.004463317919483897,-0.0014049070686317493,nan,-0.004463317919483897,-0.0014049070686317493,nan,2.125096243085384,2.125096243085384,0.0,0.0,0.0,nan,0,1,1.0,0.0,-0.0012348239675054843,0.00015284581938714947,nan,-0.0012348239675054843,0.00015284581938714947,nan,0.6211623125055435,0.6211623125055435,0.0,0.0,0.0,nan,0,1,1.0,0.0,-0.004463317919483897,-0.0014049070686317493,nan,-0.004463317919483897,-0.0014049070686317493,nan,2.125096243085384,2.125096243085384,0.0,0.0,0.0,nan,0
1198,1.160999999999983,0.45,,scientific,0,1,0.18903225806451612,1.0,0.0,-0.004464397984988958,-0.001406490742151911,nan,-0.004464397984988958,-0.001406490742151911,nan,2.1263591969585214,2.1263591969585214,0.0,0.0,0.0,nan,0,1,1.0,0.0,-0.0012348239675054843,0.00015284581938714947,nan,-0.0012348239675054843,0.00015284581938714947,nan,0.6211623125055435,0.6211623125055435,0.0,0.0,0.0,nan,0,1,1.0,0.0,-0.004464397984988958,-0.001406490742151911,nan,-0.004464397984988958,-0.001406490742151911,nan,2.1263591969585214,2.1263591969585214,0.0,0.0,0.0,nan,0
1199,1.1619999999999828,0.45,,scientific,0,1,0.18903225806451612,1.0,0.0,-0.004465471905798253,-0.0014080770547116195,nan,-0.004465471905798253,-0.0014080770547116195,nan,2.1276220613745336,2.1276220613745336,0.0,0.0,0.0,nan,0,1,1.0,0.0,-0.0012348239675054843,0.00015284581938714947,nan,-0.0012348239675054843,0.00015284581938714947,nan,0.6211623125055435,0.6211623125055435,0.0,0.0,0.0,nan,0,1,1.0,0.0,-0.004465471905798253,-0.0014080770547116195,nan,-0.004465471905798253,-0.0014080770547116195,nan,2.1276220613745336,2.1276220613745336,0.0,0.0,0.0,nan,0
1200,1.1629999999999827,0.45,,scientific,0,1,0.18903225806451612,1.0,0.0,-0.004466539664317995,-0.0014096660177340707,nan,-0.004466539664317995,-0.0014096660177340707,nan,2.1288848363751205,2.1288848363751205,0.0,0.0,0.0,nan,0,1,1.0,0.0,-0.0012348239675054843,0.00015284581938714947,nan,-0.0012348239675054843,0.00015284581938714947,nan,0.6211623125055435,0.6211623125055435,0.0,0.0,0.0,nan,0,1,1.0,0.0,-0.004466539664317995,-0.0014096660177340707,nan,-0.004466539664317995,-0.0014096660177340707,nan,2.1288848363751205,2.1288848363751205,0.0,0.0,0.0,nan,0
1201,1.1639999999999826,0.45,,scientific,0,1,0.18903225806451612,1.0,0.0,-0.004467601242003598,-0.001411257642503808,nan,-0.004467601242003598,-0.001411257642503808,nan,2.1301475220087376,2.1301475220087376,0.0,0.0,0.0,nan,0,1,1.0,0.0,-0.0012348239675054843,0.00015284581938714947,nan,-0.0012348239675054843,0.00015284581938714947,nan,0.6211623125055435,0.6211623125055435,0.0,0.0,0.0,nan,0,1,1.0,0.0,-0.004467601242003598,-0.001411257642503808,nan,-0.004467601242003598,-0.001411257642503808,nan,2.1301475220087376,2.1301475220087376,0.0,0.0,0.0,nan,0
1202,1.1649999999999825,0.45,,scientific,0,1,0.18903225806451612,1.0,0.0,-0.00446865661730735,-0.001412851944424388,nan,-0.00446865661730735,-0.001412851944424388,nan,2.131410118328782,2.131410118328782,0.0,0.0,0.0,nan,0,1,1.0,0.0,-0.0012348239675054843,0.00015284581938714947,nan,-0.0012348239675054843,0.00015284581938714947,nan,0.6211623125055435,0.6211623125055435,0.0,0.0,0.0,nan,0,1,1.0,0.0,-0.00446865661730735,-0.001412851944424388,nan,-0.00446865661730735,-0.001412851944424388,nan,2.131410118328782,2.131410118328782,0.0,0.0,0.0,nan,0
1203,1.1659999999999824,0.45,,scientific,0,1,0.18903225806451612,1.0,0.0,-0.004469705785152648,-0.0014144489319474543,nan,-0.004469705785152648,-0.0014144489319474543,nan,2.1326726253761046,2.1326726253761046,0.0,0.0,0.0,nan,0,1,1.0,0.0,-0.0012348239675054843,0.00015284581938714947,nan,-0.0012348239675054843,0.00015284581938714947,nan,0.6211623125055435,0.6211623125055435,0.0,0.0,0.0,nan,0,1,1.0,0.0,-0.004469705785152648,-0.0014144489319474543,nan,-0.004469705785152648,-0.0014144489319474543,nan,2.1326726253761046,2.1326726253761046,0.0,0.0,0.0,nan,0
1204,1.1669999999999823,0.45,,scientific,0,1,0.18903225806451612,1.0,0.0,-0.004470748728090818,-0.0014160486069666614,nan,-0.004470748728090818,-0.0014160486069666614,nan,2.133935043194173,2.133935043194173,0.0,0.0,0.0,nan,0,1,1.0,0.0,-0.0012348239675054843,0.00015284581938714947,nan,-0.0012348239675054843,0.00015284581938714947,nan,0.6211623125055435,0.6211623125055435,0.0,0.0,0.0,nan,0,1,1.0,0.0,-0.004470748728090818,-0.0014160486069666614,nan,-0.004470748728090818,-0.0014160486069666614,nan,2.133935043194173,2.133935043194173,0.0,0.0,0.0,nan,0
1205,1.1679999999999822,0.45,,scientific,0,1,0.18903225806451612,1.0,0.0,-0.004471785430362383,-0.0014176509758373433,nan,-0.004471785430362383,-0.0014176509758373433,nan,2.135197371832839,2.135197371832839,0.0,0.0,0.0,nan,0,1,1.0,0.0,-0.0012348239675054843,0.00015284581938714947,nan,-0.0012348239675054843,0.00015284581938714947,nan,0.6211623125055435,0.6211623125055435,0.0,0.0,0.0,nan,0,1,1.0,0.0,-0.004471785430362383,-0.0014176509758373433,nan,-0.004471785430362383,-0.0014176509758373433,nan,2.135197371832839,2.135197371832839,0.0,0.0,0.0,nan,0
1206,1.168999999999982,0.45,,scientific,0,1,0.18903225806451612,1.0,0.0,-0.004472815878136456,-0.001419256050479311,nan,-0.004472815878136456,-0.001419256050479311,nan,2.1364596113449403,2.1364596113449403,0.0,0.0,0.0,nan,0,1,1.0,0.0,-0.0012348239675054843,0.00015284581938714947,nan,-0.0012348239675054843,0.00015284581938714947,nan,0.6211623125055435,0.6211623125055435,0.0,0.0,0.0,nan,0,1,1.0,0.0,-0.004472815878136456,-0.001419256050479311,nan,-0.004472815878136456,-0.001419256050479311,nan,2.1364596113449403,2.1364596113449403,0.0,0.0,0.0,nan,0
1207,1.169999999999982,0.45,,scientific,0,1,0.18903225806451612,1.0,0.0,-0.0044738400696116435,-0.0014208638267963686,nan,-0.0044738400696116435,-0.0014208638267963686,nan,2.137721761786511,2.137721761786511,0.0,0.0,0.0,nan,0,1,1.0,0.0,-0.0012348239675054843,0.00015284581938714947,nan,-0.0012348239675054843,0.00015284581938714947,nan,0.6211623125055435,0.6211623125055435,0.0,0.0,0.0,nan,0,1,1.0,0.0,-0.0044738400696116435,-0.0014208638267963686,nan,-0.0044738400696116435,-0.0014208638267963686,nan,2.137721761786511,2.137721761786511,0.0,0.0,0.0,nan,0
1208,1.1709999999999818,0.45,,scientific,0,1,0.18903225806451612,1.0,0.0,-0.004474857982789459,-0.001422474320064453,nan,-0.004474857982789459,-0.001422474320064453,nan,2.1389838231957476,2.1389838231957476,0.0,0.0,0.0,nan,0,1,1.0,0.0,-0.0012348239675054843,0.00015284581938714947,nan,-0.0012348239675054843,0.00015284581938714947,nan,0.6211623125055435,0.6211623125055435,0.0,0.0,0.0,nan,0,1,1.0,0.0,-0.004474857982789459,-0.001422474320064453,nan,-0.004474857982789459,-0.001422474320064453,nan,2.1389838231957476,2.1389838231957476,0.0,0.0,0.0,nan,0
1209,1.1719999999999817,0.45,,scientific,0,1,0.18903225806451612,1.0,0.0,-0.004475869597331541,-0.0014240875408528051,nan,-0.004475869597331541,-0.0014240875408528051,nan,2.140245795617322,2.140245795617322,0.0,0.0,0.0,nan,0,1,1.0,0.0,-0.0012348239675054843,0.00015284581938714947,nan,-0.0012348239675054843,0.00015284581938714947,nan,0.6211623125055435,0.6211623125055435,0.0,0.0,0.0,nan,0,1,1.0,0.0,-0.004475869597331541,-0.0014240875408528051,nan,-0.004475869597331541,-0.0014240875408528051,nan,2.140245795617322,2.140245795617322,0.0,0.0,0.0,nan,0
1210,1.1729999999999816,0.45,,scientific,0,1,0.18903225806451612,1.0,0.0,-0.004476874897189405,-0.0014257034981896215,nan,-0.004476874897189405,-0.0014257034981896215,nan,2.1415076791001626,2.1415076791001626,0.0,0.0,0.0,nan,0,1,1.0,0.0,-0.0012348239675054843,0.00015284581938714947,nan,-0.0012348239675054843,0.00015284581938714947,nan,0.6211623125055435,0.6211623125055435,0.0,0.0,0.0,nan,0,1,1.0,0.0,-0.004476874897189405,-0.0014257034981896215,nan,-0.004476874897189405,-0.0014257034981896215,nan,2.1415076791001626,2.1415076791001626,0.0,0.0,0.0,nan,0
1211,1.1739999999999815,0.45,,scientific,0,1,0.18903225806451612,1.0,0.0,-0.004477873869512716,-0.0014273221955653419,nan,-0.004477873869512716,-0.0014273221955653419,nan,2.1427694736960685,2.1427694736960685,0.0,0.0,0.0,nan,0,1,1.0,0.0,-0.0012348239675054843,0.00015284581938714947,nan,-0.0012348239675054843,0.00015284581938714947,nan,0.6211623125055435,0.6211623125055435,0.0,0.0,0.0,nan,0,1,1.0,0.0,-0.004477873869512716,-0.0014273221955653419,nan,-0.004477873869512716,-0.0014273221955653419,nan,2.1427694736960685,2.1427694736960685,0.0,0.0,0.0,nan,0
1212,1.1749999999999814,0.45,,scientific,0,1,0.18903225806451612,1.0,0.0,-0.004478866498482713,-0.0014289436443609812,nan,-0.004478866498482713,-0.0014289436443609812,nan,2.144031179451159,2.144031179451159,0.0,0.0,0.0,nan,0,1,1.0,0.0,-0.0012348239675054843,0.00015284581938714947,nan,-0.0012348239675054843,0.00015284581938714947,nan,0.6211623125055435,0.6211623125055435,0.0,0.0,0.0,nan,0,1,1.0,0.0,-0.004478866498482713,-0.0014289436443609812,nan,-0.004478866498482713,-0.0014289436443609812,nan,2.144031179451159,2.144031179451159,0.0,0.0,0.0,nan,0
1213,1.1759999999999813,0.45,,scientific,0,1,0.18903225806451612,1.0,0.0,-0.0044798527761396485,-0.0014305678550934628,nan,-0.0044798527761396485,-0.0014305678550934628,nan,2.1452927964148727,2.1452927964148727,0.0,0.0,0.0,nan,0,1,1.0,0.0,-0.0012348239675054843,0.00015284581938714947,nan,-0.0012348239675054843,0.00015284581938714947,nan,0.6211623125055435,0.6211623125055435,0.0,0.0,0.0,nan,0,1,1.0,0.0,-0.0044798527761396485,-0.0014305678550934628,nan,-0.0044798527761396485,-0.0014305678550934628,nan,2.1452927964148727,2.1452927964148727,0.0,0.0,0.0,nan,0
1214,1.1769999999999812,0.45,,scientific,0,1,0.18903225806451612,1.0,0.0,-0.004480832690364367,-0.0014321948354657193,nan,-0.004480832690364367,-0.0014321948354657193,nan,2.146554324634646,2.146554324634646,0.0,0.0,0.0,nan,0,1,1.0,0.0,-0.0012348239675054843,0.00015284581938714947,nan,-0.0012348239675054843,0.00015284581938714947,nan,0.6211623125055435,0.6211623125055435,0.0,0.0,0.0,nan,0,1,1.0,0.0,-0.004480832690364367,-0.0014321948354657193,nan,-0.004480832690364367,-0.0014321948354657193,nan,2.146554324634646,2.146554324634646,0.0,0.0,0.0,nan,0
1215,1.177999999999981,0.45,,scientific,0,1,0.18903225806451612,1.0,0.0,-0.004481806220757641,-0.0014338245924475977,nan,-0.004481806220757641,-0.0014338245924475977,nan,2.147815764154614,2.147815764154614,0.0,0.0,0.0,nan,0,1,1.0,0.0,-0.0012348239675054843,0.00015284581938714947,nan,-0.0012348239675054843,0.00015284581938714947,nan,0.6211623125055435,0.6211623125055435,0.0,0.0,0.0,nan,0,1,1.0,0.0,-0.004481806220757641,-0.0014338245924475977,nan,-0.004481806220757641,-0.0014338245924475977,nan,2.147815764154614,2.147815764154614,0.0,0.0,0.0,nan,0
1216,1.178999999999981,0.45,,scientific,0,1,0.18903225806451612,1.0,0.0,-0.0044827733535803705,-0.001435457136424029,nan,-0.0044827733535803705,-0.001435457136424029,nan,2.149077115021626,2.149077115021626,0.0,0.0,0.0,nan,0,1,1.0,0.0,-0.0012348239675054843,0.00015284581938714947,nan,-0.0012348239675054843,0.00015284581938714947,nan,0.6211623125055435,0.6211623125055435,0.0,0.0,0.0,nan,0,1,1.0,0.0,-0.0044827733535803705,-0.001435457136424029,nan,-0.0044827733535803705,-0.001435457136424029,nan,2.149077115021626,2.149077115021626,0.0,0.0,0.0,nan,0
1217,1.1799999999999808,0.45,,scientific,0,1,0.18903225806451612,1.0,0.0,-0.004483734073295992,-0.0014370924752830022,nan,-0.004483734073295992,-0.0014370924752830022,nan,2.1503383772836533,2.1503383772836533,0.0,0.0,0.0,nan,0,1,1.0,0.0,-0.0012348239675054843,0.00015284581938714947,nan,-0.0012348239675054843,0.00015284581938714947,nan,0.6211623125055435,0.6211623125055435,0.0,0.0,0.0,nan,0,1,1.0,0.0,-0.004483734073295992,-0.0014370924752830022,nan,-0.004483734073295992,-0.0014370924752830022,nan,2.1503383772836533,2.1503383772836533,0.0,0.0,0.0,nan,0
1218,1.1809999999999807,0.45,,scientific,0,1,0.18903225806451612,1.0,0.0,-0.004484688367190679,-0.0014387306192165676,nan,-0.004484688367190679,-0.0014387306192165676,nan,2.1515995509932275,2.1515995509932275,0.0,0.0,0.0,nan,0,1,1.0,0.0,-0.0012348239675054843,0.00015284581938714947,nan,-0.0012348239675054843,0.00015284581938714947,nan,0.6211623125055435,0.6211623125055435,0.0,0.0,0.0,nan,0,1,1.0,0.0,-0.004484688367190679,-0.0014387306192165676,nan,-0.004484688367190679,-0.0014387306192165676,nan,2.1515995509932275,2.1515995509932275,0.0,0.0,0.0,nan,0
1219,1.1819999999999806,0.45,,scientific,0,1,0.18903225806451612,1.0,0.0,-0.004485636215172155,-0.0014403715785779594,nan,-0.004485636215172155,-0.0014403715785779594,nan,2.1528606361889757,2.1528606361889757,0.0,0.0,0.0,nan,0,1,1.0,0.0,-0.0012348239675054843,0.00015284581938714947,nan,-0.0012348239675054843,0.00015284581938714947,nan,0.6211623125055435,0.6211623125055435,0.0,0.0,0.0,nan,0,1,1.0,0.0,-0.004485636215172155,-0.0014403715785779594,nan,-0.004485636215172155,-0.0014403715785779594,nan,2.1528606361889757,2.1528606361889757,0.0,0.0,0.0,nan,0
1220,1.1829999999999805,0.45,,scientific,0,1,0.18903225806451612,1.0,0.0,-0.004486577595334713,-0.0014420153552324626,nan,-0.004486577595334713,-0.0014420153552324626,nan,2.154121632916265,2.154121632916265,0.0,0.0,0.0,nan,0,1,1.0,0.0,-0.0012348239675054843,0.00015284581938714947,nan,-0.0012348239675054843,0.00015284581938714947,nan,0.6211623125055435,0.6211623125055435,0.0,0.0,0.0,nan,0,1,1.0,0.0,-0.004486577595334713,-0.0014420153552324626,nan,-0.004486577595334713,-0.0014420153552324626,nan,2.154121632916265,2.154121632916265,0.0,0.0,0.0,nan,0
1221,1.1839999999999804,0.45,,scientific,0,1,0.18903225806451612,1.0,0.0,-0.004487512496502223,-0.0014436619600636008,nan,-0.004487512496502223,-0.0014436619600636008,nan,2.155382541220932,2.155382541220932,0.0,0.0,0.0,nan,0,1,1.0,0.0,-0.0012348239675054843,0.00015284581938714947,nan,-0.0012348239675054843,0.00015284581938714947,nan,0.6211623125055435,0.6211623125055435,0.0,0.0,0.0,nan,0,1,1.0,0.0,-0.004487512496502223,-0.0014436619600636008,nan,-0.004487512496502223,-0.0014436619600636008,nan,2.155382541220932,2.155382541220932,0.0,0.0,0.0,nan,0
1222,1.1849999999999803,0.45,,scientific,0,1,0.18903225806451612,1.0,0.0,-0.004488440905171807,-0.001445311402282349,nan,-0.004488440905171807,-0.001445311402282349,nan,2.1566433611528626,2.1566433611528626,0.0,0.0,0.0,nan,0,1,1.0,0.0,-0.0012348239675054843,0.00015284581938714947,nan,-0.0012348239675054843,0.00015284581938714947,nan,0.6211623125055435,0.6211623125055435,0.0,0.0,0.0,nan,0,1,1.0,0.0,-0.004488440905171807,-0.001445311402282349,nan,-0.004488440905171807,-0.001445311402282349,nan,2.1566433611528626,2.1566433611528626,0.0,0.0,0.0,nan,0
1223,1.1859999999999802,0.45,,scientific,0,1,0.18903225806451612,1.0,0.0,-0.00448936280708604,-0.0014469636905310062,nan,-0.00448936280708604,-0.0014469636905310062,nan,2.157904092762066,2.157904092762066,0.0,0.0,0.0,nan,0,1,1.0,0.0,-0.0012348239675054843,0.00015284581938714947,nan,-0.0012348239675054843,0.00015284581938714947,nan,0.6211623125055435,0.6211623125055435,0.0,0.0,0.0,nan,0,1,1.0,0.0,-0.00448936280708604,-0.0014469636905310062,nan,-0.00448936280708604,-0.0014469636905310062,nan,2.157904092762066,2.157904092762066,0.0,0.0,0.0,nan,0
1224,1.18699999999998,0.45,,scientific,0,1,0.18903225806451612,1.0,0.0,-0.004490278187761061,-0.0014486188332491217,nan,-0.004490278187761061,-0.0014486188332491217,nan,2.159164736097791,2.159164736097791,0.0,0.0,0.0,nan,0,1,1.0,0.0,-0.0012348239675054843,0.00015284581938714947,nan,-0.0012348239675054843,0.00015284581938714947,nan,0.6211623125055435,0.6211623125055435,0.0,0.0,0.0,nan,0,1,1.0,0.0,-0.004490278187761061,-0.0014486188332491217,nan,-0.004490278187761061,-0.0014486188332491217,nan,2.159164736097791,2.159164736097791,0.0,0.0,0.0,nan,0
1225,1.18799999999998,0.45,,scientific,0,1,0.18903225806451612,1.0,0.0,-0.004491187032656206,-0.00145027683880965,nan,-0.004491187032656206,-0.00145027683880965,nan,2.1604252912085187,2.1604252912085187,0.0,0.0,0.0,nan,0,1,1.0,0.0,-0.0012348239675054843,0.00015284581938714947,nan,-0.0012348239675054843,0.00015284581938714947,nan,0.6211623125055435,0.6211623125055435,0.0,0.0,0.0,nan,0,1,1.0,0.0,-0.004491187032656206,-0.00145027683880965,nan,-0.004491187032656206,-0.00145027683880965,nan,2.1604252912085187,2.1604252912085187,0.0,0.0,0.0,nan,0
1226,1.1889999999999799,0.45,,scientific,0,1,0.18903225806451612,1.0,0.0,-0.004492089323053536,-0.0014519377093231971,nan,-0.004492089323053536,-0.0014519377093231971,nan,2.1616857581441167,2.1616857581441167,0.0,0.0,0.0,nan,0,1,1.0,0.0,-0.0012348239675054843,0.00015284581938714947,nan,-0.0012348239675054843,0.00015284581938714947,nan,0.6211623125055435,0.6211623125055435,0.0,0.0,0.0,nan,0,1,1.0,0.0,-0.004492089323053536,-0.0014519377093231971,nan,-0.004492089323053536,-0.0014519377093231971,nan,2.1616857581441167,2.1616857581441167,0.0,0.0,0.0,nan,0
1227,1.1899999999999797,0.45,,scientific,0,1,0.18903225806451612,1.0,0.0,-0.004492985047151787,-0.0014536014573243796,nan,-0.004492985047151787,-0.0014536014573243796,nan,2.16294613694612,2.16294613694612,0.0,0.0,0.0,nan,0,1,1.0,0.0,-0.0012348239675054843,0.00015284581938714947,nan,-0.0012348239675054843,0.00015284581938714947,nan,0.6211623125055435,0.6211623125055435,0.0,0.0,0.0,nan,0,1,1.0,0.0,-0.004492985047151787,-0.0014536014573243796,nan,-0.004492985047151787,-0.0014536014573243796,nan,2.16294613694612,2.16294613694612,0.0,0.0,0.0,nan,0
1228,1.1909999999999796,0.45,,scientific,0,1,0.18903225806451612,1.0,0.0,-0.004493874192198887,-0.0014552680938225897,nan,-0.004493874192198887,-0.0014552680938225897,nan,2.164206427660705,2.164206427660705,0.0,0.0,0.0,nan,0,1,1.0,0.0,-0.0012348239675054843,0.00015284581938714947,nan,-0.0012348239675054843,0.00015284581938714947,nan,0.6211623125055435,0.6211623125055435,0.0,0.0,0.0,nan,0,1,1.0,0.0,-0.004493874192198887,-0.0014552680938225897,nan,-0.004493874192198887,-0.0014552680938225897,nan,2.164206427660705,2.164206427660705,0.0,0.0,0.0,nan,0
1229,1.1919999999999795,0.45,,scientific,0,1,0.18903225806451612,1.0,0.0,-0.004494756747233047,-0.0014569376270083965,nan,-0.004494756747233047,-0.0014569376270083965,nan,2.1654666303380847,2.1654666303380847,0.0,0.0,0.0,nan,0,1,1.0,0.0,-0.0012348239675054843,0.00015284581938714947,nan,-0.0012348239675054843,0.00015284581938714947,nan,0.6211623125055435,0.6211623125055435,0.0,0.0,0.0,nan,0,1,1.0,0.0,-0.004494756747233047,-0.0014569376270083965,nan,-0.004494756747233047,-0.0014569376270083965,nan,2.1654666303380847,2.1654666303380847,0.0,0.0,0.0,nan,0
1230,1.1929999999999794,0.45,,scientific,0,1,0.18903225806451612,1.0,0.0,-0.004495632698689052,-0.0014586100617464614,nan,-0.004495632698689052,-0.0014586100617464614,nan,2.166726745026908,2.166726745026908,0.0,0.0,0.0,nan,0,1,1.0,0.0,-0.0012348239675054843,0.00015284581938714947,nan,-0.0012348239675054843,0.00015284581938714947,nan,0.6211623125055435,0.6211623125055435,0.0,0.0,0.0,nan,0,1,1.0,0.0,-0.004495632698689052,-0.0014586100617464614,nan,-0.004495632698689052,-0.0014586100617464614,nan,2.166726745026908,2.166726745026908,0.0,0.0,0.0,nan,0
1231,1.1939999999999793,0.45,,scientific,0,1,0.18903225806451612,1.0,0.0,-0.004496502030564974,-0.001460285404744258,nan,-0.004496502030564974,-0.001460285404744258,nan,2.1679867717739385,2.1679867717739385,0.0,0.0,0.0,nan,0,1,1.0,0.0,-0.0012348239675054843,0.00015284581938714947,nan,-0.0012348239675054843,0.00015284581938714947,nan,0.6211623125055435,0.6211623125055435,0.0,0.0,0.0,nan,0,1,1.0,0.0,-0.004496502030564974,-0.001460285404744258,nan,-0.004496502030564974,-0.001460285404744258,nan,2.1679867717739385,2.1679867717739385,0.0,0.0,0.0,nan,0
1232,1.1949999999999792,0.45,,scientific,0,1,0.18903225806451612,1.0,0.0,-0.0044973647255452595,-0.0014619636687256822,nan,-0.0044973647255452595,-0.0014619636687256822,nan,2.1692467106244804,2.1692467106244804,0.0,0.0,0.0,nan,0,1,1.0,0.0,-0.0012348239675054843,0.00015284581938714947,nan,-0.0012348239675054843,0.00015284581938714947,nan,0.6211623125055435,0.6211623125055435,0.0,0.0,0.0,nan,0,1,1.0,0.0,-0.0044973647255452595,-0.0014619636687256822,nan,-0.0044973647255452595,-0.0014619636687256822,nan,2.1692467106244804,2.1692467106244804,0.0,0.0,0.0,nan,0
1233,1.195999999999979,0.45,,scientific,0,1,0.18903225806451612,1.0,0.0,-0.004498220768510551,-0.0014636448630566785,nan,-0.004498220768510551,-0.0014636448630566785,nan,2.1705065616263703,2.1705065616263703,0.0,0.0,0.0,nan,0,1,1.0,0.0,-0.0012348239675054843,0.00015284581938714947,nan,-0.0012348239675054843,0.00015284581938714947,nan,0.6211623125055435,0.6211623125055435,0.0,0.0,0.0,nan,0,1,1.0,0.0,-0.004498220768510551,-0.0014636448630566785,nan,-0.004498220768510551,-0.0014636448630566785,nan,2.1705065616263703,2.1705065616263703,0.0,0.0,0.0,nan,0
1234,1.196999999999979,0.45,,scientific,0,1,0.18903225806451612,1.0,0.0,-0.004499070143178618,-0.001465329001188398,nan,-0.004499070143178618,-0.001465329001188398,nan,2.1717663248301644,2.1717663248301644,0.0,0.0,0.0,nan,0,1,1.0,0.0,-0.0012348239675054843,0.00015284581938714947,nan,-0.0012348239675054843,0.00015284581938714947,nan,0.6211623125055435,0.6211623125055435,0.0,0.0,0.0,nan,0,1,1.0,0.0,-0.004499070143178618,-0.001465329001188398,nan,-0.004499070143178618,-0.001465329001188398,nan,2.1717663248301644,2.1717663248301644,0.0,0.0,0.0,nan,0
1235,1.1979999999999789,0.45,,scientific,0,1,0.18903225806451612,1.0,0.0,-0.004499912833257608,-0.0014670160967699634,nan,-0.004499912833257608,-0.0014670160967699634,nan,2.173026000284854,2.173026000284854,0.0,0.0,0.0,nan,0,1,1.0,0.0,-0.0012348239675054843,0.00015284581938714947,nan,-0.0012348239675054843,0.00015284581938714947,nan,0.6211623125055435,0.6211623125055435,0.0,0.0,0.0,nan,0,1,1.0,0.0,-0.004499912833257608,-0.0014670160967699634,nan,-0.004499912833257608,-0.0014670160967699634,nan,2.173026000284854,2.173026000284854,0.0,0.0,0.0,nan,0
1236,1.1989999999999787,0.45,,scientific,0,1,0.18903225806451612,1.0,0.0,-0.0045007488321320245,-0.0014687061442811872,nan,-0.0045007488321320245,-0.0014687061442811872,nan,2.1742855880351812,2.1742855880351812,0.0,0.0,0.0,nan,0,1,1.0,0.0,-0.0012348239675054843,0.00015284581938714947,nan,-0.0012348239675054843,0.00015284581938714947,nan,0.6211623125055435,0.6211623125055435,0.0,0.0,0.0,nan,0,1,1.0,0.0,-0.0045007488321320245,-0.0014687061442811872,nan,-0.0045007488321320245,-0.0014687061442811872,nan,2.1742855880351812,2.1742855880351812,0.0,0.0,0.0,nan,0
1237,1.1999999999999786,0.45,,scientific,0,1,0.18903225806451612,1.0,0.0,-0.004501578126669938,-0.0014703991466757903,nan,-0.004501578126669938,-0.0014703991466757903,nan,2.1755450881263156,2.1755450881263156,0.0,0.0,0.0,nan,0,1,1.0,0.0,-0.0012348239675054843,0.00015284581938714947,nan,-0.0012348239675054843,0.00015284581938714947,nan,0.6211623125055435,0.6211623125055435,0.0,0.0,0.0,nan,0,1,1.0,0.0,-0.004501578126669938,-0.0014703991466757903,nan,-0.004501578126669938,-0.0014703991466757903,nan,2.1755450881263156,2.1755450881263156,0.0,0.0,0.0,nan,0
