step,time,threshold,roi_max_r,analysis_mode,mesh_index,n_components,lumen_node_fraction,largest_component_fraction,second_component_fraction,centroid_x,centroid_y,centroid_z,largest_centroid_x,largest_centroid_y,largest_centroid_z,total_component_volume,largest_component_volume,second_component_volume,min_pairwise_centroid_distance,mean_pairwise_centroid_distance,min_gap,edge_components,ref_n_components,ref_largest_component_fraction,ref_second_component_fraction,ref_centroid_x,ref_centroid_y,ref_centroid_z,ref_largest_centroid_x,ref_largest_centroid_y,ref_largest_centroid_z,ref_total_component_volume,ref_largest_component_volume,ref_second_component_volume,ref_min_pairwise_centroid_distance,ref_mean_pairwise_centroid_distance,ref_min_gap,ref_edge_components,def_n_components,def_largest_component_fraction,def_second_component_fraction,def_centroid_x,def_centroid_y,def_centroid_z,def_largest_centroid_x,def_largest_centroid_y,def_largest_centroid_z,def_total_component_volume,def_largest_component_volume,def_second_component_volume,def_min_pairwise_centroid_distance,def_mean_pairwise_centroid_distance,def_min_gap,def_edge_components
0,0.0,0.45,,scientific,0,8,0.012903225806451613,0.19999999975690147,0.16666666671731215,-0.010570717518681955,-0.023665861241827336,nan,-0.0008450171323492692,-0.44043451600558076,nan,0.03229613408974467,0.006459226810097791,0.005382689016593098,0.30314463658315305,0.5527933133865146,0.23456885413140563,0,8,0.19999999975690147,0.16666666671731215,-0.010570717518681955,-0.023665861241827336,nan,-0.0008450171323492692,-0.44043451600558076,nan,0.03229613408974467,0.006459226810097791,0.005382689016593098,0.30314463658315305,0.5527933133865146,0.23456885413140563,0,8,0.19999999975690147,0.16666666671731215,-0.010570717518681955,-0.023665861241827336,nan,-0.0008450171323492692,-0.44043451600558076,nan,0.03229613408974467,0.006459226810097791,0.005382689016593098,0.30314463658315305,0.5527933133865146,0.23456885413140563,0
1,0.001,0.45,,scientific,0,0,0.0012903225806451613,0.0,0.0,nan,nan,nan,nan,nan,nan,0.0,0.0,0.0,0.0,0.0,nan,0,0,0.0,0.0,nan,nan,nan,nan,nan,nan,0.0,0.0,0.0,0.0,0.0,nan,0,0,0.0,0.0,nan,nan,nan,nan,nan,nan,0.0,0.0,0.0,0.0,0.0,nan,0
2,0.002,0.45,,scientific,0,4,0.00967741935483871,0.26111453214519825,0.26094231531177187,-0.0002633632443220623,-0.016959824326825988,nan,0.3882290003939567,0.0002443367030521771,nan,0.02247468551803988,0.0058684669941534455,0.0058645964749812745,0.5445082592054623,0.631387970719946,0.45808199009887673,0,4,0.26086956525847715,0.2608695652584767,-0.0005607542312253235,-0.017555998613731628,nan,-0.41561531100254717,-0.000626870678294497,nan,0.02476036947242859,0.006459226819911716,0.006459226819911705,0.5638110217814194,0.6539025164680267,0.4731239608904469,0,4,0.26111453214519825,0.26094231531177187,-0.0002633632443220623,-0.016959824326825988,nan,0.3882290003939567,0.0002443367030521771,nan,0.02247468551803988,0.0058684669941534455,0.0058645964749812745,0.5445082592054623,0.631387970719946,0.45808199009887673,0
3,0.0025,0.45,,scientific,0,4,0.025806451612903226,0.2741350079535189,0.24656749584449106,-0.0015077121555596578,-0.013114972952102469,nan,-0.005207792082728056,-0.3623353906963628,nan,0.07159816241678846,0.019627562823583643,0.017653779614174685,0.5169620158466599,0.5915116653457674,0.3630687534763844,0,4,0.27397260267227064,0.24657534248866278,-0.0016385915995603012,-0.013503784509325436,nan,-0.005435073977290165,-0.3750921487051171,nan,0.07858725963495755,0.0215307560590708,0.019377680459735123,0.5351313595763744,0.6123168416760296,0.3739665744609425,0,4,0.2741350079535189,0.24656749584449106,-0.0015077121555596578,-0.013114972952102469,nan,-0.005207792082728056,-0.3623353906963628,nan,0.07159816241678846,0.019627562823583643,0.017653779614174685,0.5169620158466599,0.5915116653457674,0.3630687534763844,0
4,0.003,0.45,,scientific,0,4,0.04258064516129032,0.2631919895994949,0.24564108265204,0.0019629321546924703,0.008827473233893022,nan,0.0015233253179551063,0.36025185364695783,nan,0.11190687979724719,0.02945299434370901,0.0274889271096075,0.5012082381257221,0.5737620652293248,0.3108446786252524,0,4,0.26315789476342394,0.245614035112529,0.0020035312692069517,0.009073319336865329,nan,0.001534150514011098,0.37289600695603786,nan,0.12272530956592594,0.03229613409955856,0.030143058492921322,0.5188157948279085,0.5939109003928155,0.31947135732602944,0,4,0.2631919895994949,0.24564108265204,0.0019629321546924703,0.008827473233893022,nan,0.0015233253179551063,0.36025185364695783,nan,0.11190687979724719,0.02945299434370901,0.0274889271096075,0.5012082381257221,0.5737620652293248,0.3108446786252524,0
5,0.0035,0.45,,scientific,0,4,0.05032258064516129,0.2550800216738347,0.2550318031400085,-0.0019792404738143135,0.0012897368355867115,nan,0.0026592583004574283,-0.3432027305116172,nan,0.146523014837167,0.03737509380038016,0.03736802867543292,0.4842481413638964,0.5566709472490831,0.2690394409786346,0,4,0.255033557069363,0.25503355698159724,-0.0020377125591675618,0.001334174313700853,nan,-0.003296954454683492,0.3606243107443654,nan,0.16040413268039616,0.04090843652610749,0.040908436512029495,0.5012551086654132,0.5762476364052852,0.2760745467319058,0,4,0.2550800216738347,0.2550318031400085,-0.0019792404738143135,0.0012897368355867115,nan,0.0026592583004574283,-0.3432027305116172,nan,0.146523014837167,0.03737509380038016,0.03736802867543292,0.4842481413638964,0.5566709472490831,0.2690394409786346,0
6,0.00375,0.45,,scientific,0,4,0.05806451612903226,0.26047076096016686,0.2544509645744254,0.0016251340826750312,-0.0008383512510930501,nan,0.0030510072141015183,-0.3390912268608172,nan,0.16638625607791033,0.04333875473392649,0.04233714335095163,0.4764723999114506,0.5457989815560462,0.2466611257420253,0,4,0.26035502952818473,0.2544378698423042,0.0016239813545707612,-0.0008647404151370015,nan,0.003112478525926207,-0.3510747953693537,nan,0.1819348887466749,0.047367663331847554,0.04629112554270057,0.4932788033993789,0.5650489405415596,0.25294162582614105,0,4,0.26047076096016686,0.2544509645744254,0.0016251340826750312,-0.0008383512510930501,nan,0.0030510072141015183,-0.3390912268608172,nan,0.16638625607791033,0.04333875473392649,0.04233714335095163,0.4764723999114506,0.5457989815560462,0.2466611257420253,0
7,0.004,0.45,,scientific,0,4,0.06516129032258064,0.255562056629103,0.2554805647211933,0.003761616382930038,0.0022225244734599896,nan,0.3331707498096404,-0.0008400156625835728,nan,0.18136798837777296,0.046350776116506905,0.04633599609310026,0.47183853471823634,0.5382657886822763,0.23119391601326175,0,4,0.2554347826269741,0.2554347826269737,0.003791690998912702,0.002232199986944355,nan,0.34489834329120284,-0.00089607725974835,nan,0.19808295579645147,0.050597276755975105,0.05059727675597503,0.48862396993252427,0.5573266898614418,0.23706513389286937,0,4,0.255562056629103,0.2554805647211933,0.003761616382930038,0.0022225244734599896,nan,0.3331707498096404,-0.0008400156625835728,nan,0.18136798837777296,0.046350776116506905,0.04633599609310026,0.47183853471823634,0.5382657886822763,0.23119391601326175,0
8,0.00425,0.45,,scientific,0,4,0.0696774193548387,0.25782668359856586,0.2526488486668884,-0.0027290669754372393,0.004417467429685985,nan,-0.0037213308640980476,0.3319054917309246,nan,0.19143226447481043,0.04935634588330393,0.04836514121725614,0.4648139872269799,0.5332660720124877,0.21639095710084863,0,4,0.25773195878038374,0.25257731960477664,-0.0028159263704642685,0.004469691377163916,nan,-0.0038657112595584693,0.34370365253572166,nan,0.20884833382963336,0.05382689016593088,0.052750352362612385,0.48148481239360913,0.5522525122054253,0.22189762667050378,0,4,0.25782668359856586,0.2526488486668884,-0.0027290669754372393,0.004417467429685985,nan,-0.0037213308640980476,0.3319054917309246,nan,0.19143226447481043,0.04935634588330393,0.04836514121725614,0.4648139872269799,0.5332660720124877,0.21639095710084863,0
9,0.0045000000000000005,0.45,,scientific,0,4,0.07290322580645162,0.26210484933968214,0.24758979509280687,-0.003264085071634443,0.006414231758423747,nan,-0.006576150424383562,0.3271792841019622,nan,0.20759438851582565,0.05441149592570392,0.051398252115049815,0.45586171496179234,0.5233179870788871,0.19634886807344115,0,4,0.2619047619211925,0.24761904763458262,-0.0033745871787645553,0.006499095030222396,nan,-0.0068012214490984525,0.33886940277217087,nan,0.226072938682727,0.05920957918252396,0.05597996577256825,0.47220379493258213,0.5420806598872117,0.20143169963920995,0,4,0.26210484933968214,0.24758979509280687,-0.003264085071634443,0.006414231758423747,nan,-0.006576150424383562,0.3271792841019622,nan,0.20759438851582565,0.05441149592570392,0.051398252115049815,0.45586171496179234,0.5233179870788871,0.19634886807344115,0
10,0.004750000000000001,0.45,,scientific,0,4,0.07806451612903226,0.2534019657875197,0.25337755770927606,-0.00020717257856870308,0.0021898303399565835,nan,-0.0005343702187181478,0.3217734502247939,nan,0.22283359109655765,0.05646647002736006,0.056461031087633264,0.45002590713703716,0.5137327321145762,0.1831025043911511,0,4,0.25333333334478547,0.25333333329957847,-0.00025755764198343804,0.002208440520291083,nan,-0.0006394455242090853,0.3333540066331411,nan,0.24222100573573913,0.06136265478916119,0.06136265477821111,0.46634377458882886,0.5322887951166689,0.18805885384040683,0,4,0.2534019657875197,0.25337755770927606,-0.00020717257856870308,0.0021898303399565835,nan,-0.0005343702187181478,0.3217734502247939,nan,0.22283359109655765,0.05646647002736006,0.056461031087633264,0.45002590713703716,0.5137327321145762,0.1831025043911511,0
11,0.005000000000000001,0.45,,scientific,0,3,0.08645161290322581,0.49385835511321174,0.2571746787313004,-0.0037988142765277844,-0.002415913281653109,nan,0.15056407322494103,0.1567884715008622,nan,0.24720019479137845,0.12208188158333569,0.06357363067778762,0.43501084342744056,0.47105775456235643,0.14943734966882674,0,3,0.49397590363463667,0.2570281124194484,-0.003910852961651087,-0.0024732379306998038,nan,0.1560803744521453,0.16244934231870797,nan,0.26805791301538595,0.1324141498081901,0.06889841940144134,0.4509904548096628,0.4882812123637959,0.15324743866804086,0,3,0.49385835511321174,0.2571746787313004,-0.0037988142765277844,-0.002415913281653109,nan,0.15056407322494103,0.1567884715008622,nan,0.24720019479137845,0.12208188158333569,0.06357363067778762,0.43501084342744056,0.47105775456235643,0.14943734966882674,0
12,0.005125000000000001,0.45,,scientific,0,1,0.08709677419354839,1.0,0.0,-0.00444301843469978,-0.001185201514884904,nan,-0.00444301843469978,-0.001185201514884904,nan,0.2553565723731041,0.2553565723731041,0.0,0.0,0.0,nan,0,1,1.0,0.0,-0.004562253713836702,-0.0012158229085290114,nan,-0.004562253713836702,-0.0012158229085290114,nan,0.27667021544200715,0.27667021544200715,0.0,0.0,0.0,nan,0,1,1.0,0.0,-0.00444301843469978,-0.001185201514884904,nan,-0.00444301843469978,-0.001185201514884904,nan,0.2553565723731041,0.2553565723731041,0.0,0.0,0.0,nan,0
13,0.005187500000000001,0.45,,scientific,0,1,0.08903225806451613,1.0,0.0,-0.004895150870192698,0.002168258993891912,nan,-0.004895150870192698,0.002168258993891912,nan,0.25945084029387694,0.25945084029387694,0.0,0.0,0.0,nan,0,1,1.0,0.0,-0.005028281941434788,0.0021938817538642366,nan,-0.005028281941434788,0.0021938817538642366,nan,0.28097636665740133,0.28097636665740133,0.0,0.0,0.0,nan,0,1,1.0,0.0,-0.004895150870192698,0.002168258993891912,nan,-0.004895150870192698,0.002168258993891912,nan,0.25945084029387694,0.25945084029387694,0.0,0.0,0.0,nan,0
14,0.005250000000000001,0.45,,scientific,0,1,0.09161290322580645,1.0,0.0,-0.003517153293414674,0.0018089695103005242,nan,-0.003517153293414674,0.0018089695103005242,nan,0.26757614706678085,0.26757614706678085,0.0,0.0,0.0,nan,0,1,1.0,0.0,-0.0036282336514312707,0.0018225821968815398,nan,-0.0036282336514312707,0.0018225821968815398,nan,0.28958866908394415,0.28958866908394415,0.0,0.0,0.0,nan,0,1,1.0,0.0,-0.003517153293414674,0.0018089695103005242,nan,-0.003517153293414674,0.0018089695103005242,nan,0.26757614706678085,0.26757614706678085,0.0,0.0,0.0,nan,0
15,0.005312500000000001,0.45,,scientific,0,1,0.09290322580645162,1.0,0.0,-0.0012794301367182765,0.0020376681448189397,nan,-0.0012794301367182765,0.0020376681448189397,nan,0.2716712146615038,0.2716712146615038,0.0,0.0,0.0,nan,0,1,1.0,0.0,-0.00134520153495498,0.0020540365254787933,nan,-0.00134520153495498,0.0020540365254787933,nan,0.2938948202972186,0.2938948202972186,0.0,0.0,0.0,nan,0,1,1.0,0.0,-0.0012794301367182765,0.0020376681448189397,nan,-0.0012794301367182765,0.0020376681448189397,nan,0.2716712146615038,0.2716712146615038,0.0,0.0,0.0,nan,0
16,0.005375000000000001,0.45,,scientific,0,1,0.0935483870967742,1.0,0.0,0.00033365056512496425,-0.0019546927883334585,nan,0.00033365056512496425,-0.0019546927883334585,nan,0.2767879145555411,0.2767879145555411,0.0,0.0,0.0,nan,0,1,1.0,0.0,0.00029694424154361887,-0.0020156453162976998,nan,0.00029694424154361887,-0.0020156453162976998,nan,0.2992775093138116,0.2992775093138116,0.0,0.0,0.0,nan,0,1,1.0,0.0,0.00033365056512496425,-0.0019546927883334585,nan,0.00033365056512496425,-0.0019546927883334585,nan,0.2767879145555411,0.2767879145555411,0.0,0.0,0.0,nan,0
17,0.005437500000000001,0.45,,scientific,0,1,0.09419354838709677,1.0,0.0,0.001410966777314189,-0.0005243486565665409,nan,0.001410966777314189,-0.0005243486565665409,nan,0.2788773396788599,0.2788773396788599,0.0,0.0,0.0,nan,0,1,1.0,0.0,0.001398187813550458,-0.0005578514664890765,nan,0.001398187813550458,-0.0005578514664890765,nan,0.3014305849204488,0.3014305849204488,0.0,0.0,0.0,nan,0,1,1.0,0.0,0.001410966777314189,-0.0005243486565665409,nan,0.001410966777314189,-0.0005243486565665409,nan,0.2788773396788599,0.2788773396788599,0.0,0.0,0.0,nan,0
18,0.005500000000000001,0.45,,scientific,0,1,0.09483870967741935,1.0,0.0,0.0018910279079477359,-0.003052648655766794,nan,0.0018910279079477359,-0.003052648655766794,nan,0.28198680821503164,0.28198680821503164,0.0,0.0,0.0,nan,0,1,1.0,0.0,0.0018952072265711205,-0.003131731071294401,nan,0.0018952072265711205,-0.003131731071294401,nan,0.3046601983302378,0.3046601983302378,0.0,0.0,0.0,nan,0,1,1.0,0.0,0.0018910279079477359,-0.003052648655766794,nan,0.0018910279079477359,-0.003052648655766794,nan,0.28198680821503164,0.28198680821503164,0.0,0.0,0.0,nan,0
19,0.0055625000000000015,0.45,,scientific,0,1,0.09483870967741935,1.0,0.0,0.00023680564325469927,-0.0019981474595324278,nan,0.00023680564325469927,-0.0019981474595324278,nan,0.2851028535756014,0.2851028535756014,0.0,0.0,0.0,nan,0,1,1.0,0.0,0.00022239137652039093,-0.002055026575550978,nan,0.00022239137652039093,-0.002055026575550978,nan,0.30788981174019364,0.30788981174019364,0.0,0.0,0.0,nan,0,1,1.0,0.0,0.00023680564325469927,-0.0019981474595324278,nan,0.00023680564325469927,-0.0019981474595324278,nan,0.2851028535756014,0.2851028535756014,0.0,0.0,0.0,nan,0
20,0.0056250000000000015,0.45,,scientific,0,1,0.09548387096774194,1.0,0.0,0.00044777918880932905,-0.0009711736529163139,nan,0.00044777918880932905,-0.0009711736529163139,nan,0.2892136680296019,0.2892136680296019,0.0,0.0,0.0,nan,0,1,1.0,0.0,0.00043635181466775635,-0.0010051176005529928,nan,0.00043635181466775635,-0.0010051176005529928,nan,0.31219596295346813,0.31219596295346813,0.0,0.0,0.0,nan,0,1,1.0,0.0,0.00044777918880932905,-0.0009711736529163139,nan,0.00044777918880932905,-0.0009711736529163139,nan,0.2892136680296019,0.2892136680296019,0.0,0.0,0.0,nan,0
21,0.005687500000000002,0.45,,scientific,0,1,0.09548387096774194,1.0,0.0,0.001077759538926278,-0.0020100625938327546,nan,0.001077759538926278,-0.0020100625938327546,nan,0.290311168973153,0.290311168973153,0.0,0.0,0.0,nan,0,1,1.0,0.0,0.001079370612481376,-0.002060022797793414,nan,0.001079370612481376,-0.002060022797793414,nan,0.313272500756787,0.313272500756787,0.0,0.0,0.0,nan,0,1,1.0,0.0,0.001077759538926278,-0.0020100625938327546,nan,0.001077759538926278,-0.0020100625938327546,nan,0.290311168973153,0.290311168973153,0.0,0.0,0.0,nan,0
22,0.005750000000000002,0.45,,scientific,0,1,0.09612903225806452,1.0,0.0,0.0008599971592952888,-0.0012543675083387692,nan,0.0008599971592952888,-0.0012543675083387692,nan,0.29343311601757555,0.29343311601757555,0.0,0.0,0.0,nan,0,1,1.0,0.0,0.0008466568462265582,-0.001292850098877086,nan,0.0008466568462265582,-0.001292850098877086,nan,0.31650211416674284,0.31650211416674284,0.0,0.0,0.0,nan,0,1,1.0,0.0,0.0008599971592952888,-0.0012543675083387692,nan,0.0008599971592952888,-0.0012543675083387692,nan,0.29343311601757555,0.29343311601757555,0.0,0.0,0.0,nan,0
23,0.005812500000000002,0.45,,scientific,0,1,0.0967741935483871,1.0,0.0,0.00027451327959474557,-0.0018033209273410605,nan,0.00027451327959474557,-0.0018033209273410605,nan,0.29452819455282025,0.29452819455282025,0.0,0.0,0.0,nan,0,1,1.0,0.0,0.0002489781708601902,-0.0018546465935254622,nan,0.0002489781708601902,-0.0018546465935254622,nan,0.31757865197006147,0.31757865197006147,0.0,0.0,0.0,nan,0,1,1.0,0.0,0.00027451327959474557,-0.0018033209273410605,nan,0.00027451327959474557,-0.0018033209273410605,nan,0.29452819455282025,0.29452819455282025,0.0,0.0,0.0,nan,0
24,0.005875000000000002,0.45,,scientific,0,1,0.09870967741935484,1.0,0.0,0.0005517586297408782,-0.000319955967326989,nan,0.0005517586297408782,-0.000319955967326989,nan,0.2996631669298553,0.2996631669298553,0.0,0.0,0.0,nan,0,1,1.0,0.0,0.0005249592356244106,-0.00032280933489519493,nan,0.0005249592356244106,-0.00032280933489519493,nan,0.32296134098665463,0.32296134098665463,0.0,0.0,0.0,nan,0,1,1.0,0.0,0.0005517586297408782,-0.000319955967326989,nan,0.0005517586297408782,-0.000319955967326989,nan,0.2996631669298553,0.2996631669298553,0.0,0.0,0.0,nan,0
25,0.005937500000000002,0.45,,scientific,0,1,0.1,1.0,0.0,0.0005602807783384082,-0.00016690730550072608,nan,0.0005602807783384082,-0.00016690730550072608,nan,0.3057933227477774,0.3057933227477774,0.0,0.0,0.0,nan,0,1,1.0,0.0,0.0005305292474971233,-0.00016552116604105017,nan,0.0005305292474971233,-0.00016552116604105017,nan,0.3294205678065659,0.3294205678065659,0.0,0.0,0.0,nan,0,1,1.0,0.0,0.0005602807783384082,-0.00016690730550072608,nan,0.0005602807783384082,-0.00016690730550072608,nan,0.3057933227477774,0.3057933227477774,0.0,0.0,0.0,nan,0
26,0.006000000000000002,0.45,,scientific,0,1,0.1,1.0,0.0,0.00023755506762215522,-0.002286976694500166,nan,0.00023755506762215522,-0.002286976694500166,nan,0.30993063410093163,0.30993063410093163,0.0,0.0,0.0,nan,0,1,1.0,0.0,0.00019856216639295402,-0.002331640652315886,nan,0.00019856216639295402,-0.002331640652315886,nan,0.33372671901984025,0.33372671901984025,0.0,0.0,0.0,nan,0,1,1.0,0.0,0.00023755506762215522,-0.002286976694500166,nan,0.00023755506762215522,-0.002286976694500166,nan,0.30993063410093163,0.30993063410093163,0.0,0.0,0.0,nan,0
27,0.006062500000000002,0.45,,scientific,0,1,0.09935483870967741,1.0,0.0,-0.001620959105547813,-0.0027260736713241064,nan,-0.001620959105547813,-0.0027260736713241064,nan,0.3100105092084111,0.3100105092084111,0.0,0.0,0.0,nan,0,1,1.0,0.0,-0.0016990821582886497,-0.002780988357264056,nan,-0.0016990821582886497,-0.002780988357264056,nan,0.3337267190198402,0.3337267190198402,0.0,0.0,0.0,nan,0,1,1.0,0.0,-0.001620959105547813,-0.0027260736713241064,nan,-0.001620959105547813,-0.0027260736713241064,nan,0.3100105092084111,0.3100105092084111,0.0,0.0,0.0,nan,0
28,0.006125000000000002,0.45,,scientific,0,1,0.10129032258064516,1.0,0.0,-0.001855192454415827,-0.001459005539773446,nan,-0.001855192454415827,-0.001459005539773446,nan,0.31314670904879127,0.31314670904879127,0.0,0.0,0.0,nan,0,1,1.0,0.0,-0.0019401768479298202,-0.001503830370057489,nan,-0.0019401768479298202,-0.001503830370057489,nan,0.33695633242979617,0.33695633242979617,0.0,0.0,0.0,nan,0,1,1.0,0.0,-0.001855192454415827,-0.001459005539773446,nan,-0.001855192454415827,-0.001459005539773446,nan,0.31314670904879127,0.31314670904879127,0.0,0.0,0.0,nan,0
29,0.006187500000000002,0.45,,scientific,0,1,0.1032258064516129,1.0,0.0,0.0008432103720176485,-0.0014257431462073498,nan,0.0008432103720176485,-0.0014257431462073498,nan,0.31424722030722896,0.31424722030722896,0.0,0.0,0.0,nan,0,1,1.0,0.0,0.0008041264209719042,-0.0014600800457073627,nan,0.0008041264209719042,-0.0014600800457073627,nan,0.3380328702331148,0.3380328702331148,0.0,0.0,0.0,nan,0,1,1.0,0.0,0.0008432103720176485,-0.0014257431462073498,nan,0.0008432103720176485,-0.0014257431462073498,nan,0.31424722030722896,0.31424722030722896,0.0,0.0,0.0,nan,0
30,0.006250000000000002,0.45,,scientific,0,1,0.10387096774193548,1.0,0.0,-0.00033452373724160976,-4.057353068642042e-05,nan,-0.00033452373724160976,-4.057353068642042e-05,nan,0.3163525137251163,0.3163525137251163,0.0,0.0,0.0,nan,0,1,1.0,0.0,-0.00037338215403322694,-4.397591955008148e-05,nan,-0.00037338215403322694,-4.397591955008148e-05,nan,0.34018594583975204,0.34018594583975204,0.0,0.0,0.0,nan,0,1,1.0,0.0,-0.00033452373724160976,-4.057353068642042e-05,nan,-0.00033452373724160976,-4.057353068642042e-05,nan,0.3163525137251163,0.3163525137251163,0.0,0.0,0.0,nan,0
31,0.006312500000000002,0.45,,scientific,0,1,0.10516129032258065,1.0,0.0,-0.0021552517760994963,-0.001980148388791291,nan,-0.0021552517760994963,-0.001980148388791291,nan,0.3184412137113153,0.3184412137113153,0.0,0.0,0.0,nan,0,1,1.0,0.0,-0.002256988086861547,-0.002027534664749261,nan,-0.002256988086861547,-0.002027534664749261,nan,0.3423390214463893,0.3423390214463893,0.0,0.0,0.0,nan,0,1,1.0,0.0,-0.0021552517760994963,-0.001980148388791291,nan,-0.0021552517760994963,-0.001980148388791291,nan,0.3184412137113153,0.3184412137113153,0.0,0.0,0.0,nan,0
32,0.006375000000000002,0.45,,scientific,0,1,0.10387096774193548,1.0,0.0,-0.0019348293114771259,-0.0012332291589038742,nan,-0.0019348293114771259,-0.0012332291589038742,nan,0.31952565054336746,0.31952565054336746,0.0,0.0,0.0,nan,0,1,1.0,0.0,-0.0020521876188969246,-0.001254772159080231,nan,-0.0020521876188969246,-0.001254772159080231,nan,0.3434155592497079,0.3434155592497079,0.0,0.0,0.0,nan,0,1,1.0,0.0,-0.0019348293114771259,-0.0012332291589038742,nan,-0.0019348293114771259,-0.0012332291589038742,nan,0.31952565054336746,0.31952565054336746,0.0,0.0,0.0,nan,0
33,0.006437500000000002,0.45,,scientific,0,1,0.10516129032258065,1.0,0.0,5.174227643211457e-05,-0.0012945833015858205,nan,5.174227643211457e-05,-0.0012945833015858205,nan,0.3246571612558361,0.3246571612558361,0.0,0.0,0.0,nan,0,1,1.0,0.0,-5.313815391073431e-06,-0.001338977406887677,nan,-5.313815391073431e-06,-0.001338977406887677,nan,0.3487982482663001,0.3487982482663001,0.0,0.0,0.0,nan,0,1,1.0,0.0,5.174227643211457e-05,-0.0012945833015858205,nan,5.174227643211457e-05,-0.0012945833015858205,nan,0.3246571612558361,0.3246571612558361,0.0,0.0,0.0,nan,0
34,0.006500000000000002,0.45,,scientific,0,1,0.10516129032258065,1.0,0.0,-0.0008798201727301176,-0.0006968981932020574,nan,-0.0008798201727301176,-0.0006968981932020574,nan,0.32577418825786264,0.32577418825786264,0.0,0.0,0.0,nan,0,1,1.0,0.0,-0.0009533554472425465,-0.0007291708901823119,nan,-0.0009533554472425465,-0.0007291708901823119,nan,0.34987478606961875,0.34987478606961875,0.0,0.0,0.0,nan,0,1,1.0,0.0,-0.0008798201727301176,-0.0006968981932020574,nan,-0.0008798201727301176,-0.0006968981932020574,nan,0.32577418825786264,0.32577418825786264,0.0,0.0,0.0,nan,0
35,0.006562500000000002,0.45,,scientific,0,1,0.10709677419354839,1.0,0.0,-0.0006845581585759027,-0.0022963455207377294,nan,-0.0006845581585759027,-0.0022963455207377294,nan,0.32583071734246294,0.32583071734246294,0.0,0.0,0.0,nan,0,1,1.0,0.0,-0.0007310361096708035,-0.0023545031093168294,nan,-0.0007310361096708035,-0.0023545031093168294,nan,0.3498747860696187,0.3498747860696187,0.0,0.0,0.0,nan,0,1,1.0,0.0,-0.0006845581585759027,-0.0022963455207377294,nan,-0.0006845581585759027,-0.0022963455207377294,nan,0.32583071734246294,0.32583071734246294,0.0,0.0,0.0,nan,0
36,0.006625000000000002,0.45,,scientific,0,1,0.10709677419354839,1.0,0.0,-0.0007720009663158757,-0.0014956850468412996,nan,-0.0007720009663158757,-0.0014956850468412996,nan,0.3279177540215892,0.3279177540215892,0.0,0.0,0.0,nan,0,1,1.0,0.0,-0.0008135609781493665,-0.0015499514037536984,nan,-0.0008135609781493665,-0.0015499514037536984,nan,0.35202786167642236,0.35202786167642236,0.0,0.0,0.0,nan,0,1,1.0,0.0,-0.0007720009663158757,-0.0014956850468412996,nan,-0.0007720009663158757,-0.0014956850468412996,nan,0.3279177540215892,0.3279177540215892,0.0,0.0,0.0,nan,0
37,0.0066875000000000025,0.45,,scientific,0,1,0.10838709677419354,1.0,0.0,-0.0007716858487895255,-0.0014947504259449694,nan,-0.0007716858487895255,-0.0014947504259449694,nan,0.32797872013261425,0.32797872013261425,0.0,0.0,0.0,nan,0,1,1.0,0.0,-0.0008135609778427607,-0.0015499514055782176,nan,-0.0008135609778427607,-0.0015499514055782176,nan,0.35202786167782235,0.35202786167782235,0.0,0.0,0.0,nan,0,1,1.0,0.0,-0.0007716858487895255,-0.0014947504259449694,nan,-0.0007716858487895255,-0.0014947504259449694,nan,0.32797872013261425,0.32797872013261425,0.0,0.0,0.0,nan,0
38,0.0067500000000000025,0.45,,scientific,0,1,0.10838709677419354,1.0,0.0,-0.0024446255581160774,-0.0026924736744445743,nan,-0.0024446255581160774,-0.0026924736744445743,nan,0.3290842655770943,0.3290842655770943,0.0,0.0,0.0,nan,0,1,1.0,0.0,-0.0025026403307801784,-0.0027746578288448055,nan,-0.0025026403307801784,-0.0027746578288448055,nan,0.35310439948114086,0.35310439948114086,0.0,0.0,0.0,nan,0,1,1.0,0.0,-0.0024446255581160774,-0.0026924736744445743,nan,-0.0024446255581160774,-0.0026924736744445743,nan,0.3290842655770943,0.3290842655770943,0.0,0.0,0.0,nan,0
39,0.006812500000000003,0.45,,scientific,0,1,0.10903225806451614,1.0,0.0,-0.00219081666706722,-0.002129302238871799,nan,-0.00219081666706722,-0.002129302238871799,nan,0.32915760373644504,0.32915760373644504,0.0,0.0,0.0,nan,0,1,1.0,0.0,-0.0022467059193222896,-0.0022230769967124028,nan,-0.0022467059193222896,-0.0022230769967124028,nan,0.3531043994811357,0.3531043994811357,0.0,0.0,0.0,nan,0,1,1.0,0.0,-0.00219081666706722,-0.002129302238871799,nan,-0.00219081666706722,-0.002129302238871799,nan,0.32915760373644504,0.32915760373644504,0.0,0.0,0.0,nan,0
40,0.006875000000000003,0.45,,scientific,0,1,0.10903225806451614,1.0,0.0,-0.0016292079648482075,-0.001098425227437507,nan,-0.0016292079648482075,-0.001098425227437507,nan,0.33126387760261944,0.33126387760261944,0.0,0.0,0.0,nan,0,1,1.0,0.0,-0.0016614870014650558,-0.00114887160287356,nan,-0.0016614870014650558,-0.00114887160287356,nan,0.35525747508777294,0.35525747508777294,0.0,0.0,0.0,nan,0,1,1.0,0.0,-0.0016292079648482075,-0.001098425227437507,nan,-0.0016292079648482075,-0.001098425227437507,nan,0.33126387760261944,0.33126387760261944,0.0,0.0,0.0,nan,0
41,0.006937500000000003,0.45,,scientific,0,1,0.10903225806451614,1.0,0.0,-0.0014782719127006611,-0.001243473211282448,nan,-0.0014782719127006611,-0.001243473211282448,nan,0.33337248925854646,0.33337248925854646,0.0,0.0,0.0,nan,0,1,1.0,0.0,-0.0015026450516847968,-0.0013003397305229576,nan,-0.0015026450516847968,-0.0013003397305229576,nan,0.35741055069441025,0.35741055069441025,0.0,0.0,0.0,nan,0,1,1.0,0.0,-0.0014782719127006611,-0.001243473211282448,nan,-0.0014782719127006611,-0.001243473211282448,nan,0.33337248925854646,0.33337248925854646,0.0,0.0,0.0,nan,0
42,0.007000000000000003,0.45,,scientific,0,1,0.10967741935483871,1.0,0.0,-0.0009295470910823733,-0.0014174788478812095,nan,-0.0009295470910823733,-0.0014174788478812095,nan,0.33447573966566213,0.33447573966566213,0.0,0.0,0.0,nan,0,1,1.0,0.0,-0.000925766427876546,-0.0014827440915510962,nan,-0.000925766427876546,-0.0014827440915510962,nan,0.3584870884977288,0.3584870884977288,0.0,0.0,0.0,nan,0,1,1.0,0.0,-0.0009295470910823733,-0.0014174788478812095,nan,-0.0009295470910823733,-0.0014174788478812095,nan,0.33447573966566213,0.33447573966566213,0.0,0.0,0.0,nan,0
43,0.007062500000000003,0.45,,scientific,0,1,0.11032258064516129,1.0,0.0,-0.00010261235326957174,0.00035927220585340366,nan,-0.00010261235326957174,0.00035927220585340366,nan,0.33752950870772963,0.33752950870772963,0.0,0.0,0.0,nan,0,1,1.0,0.0,-9.829478676265874e-05,0.0003491906138915164,nan,-9.829478676265874e-05,0.0003491906138915164,nan,0.3617167019079503,0.3617167019079503,0.0,0.0,0.0,nan,0,1,1.0,0.0,-0.00010261235326957174,0.00035927220585340366,nan,-0.00010261235326957174,0.00035927220585340366,nan,0.33752950870772963,0.33752950870772963,0.0,0.0,0.0,nan,0
44,0.007125000000000003,0.45,,scientific,0,1,0.11096774193548387,1.0,0.0,0.0002786238277335631,0.0014701011411081635,nan,0.0002786238277335631,0.0014701011411081635,nan,0.34159048707718936,0.34159048707718936,0.0,0.0,0.0,nan,0,1,1.0,0.0,0.0002882283113273674,0.0014468357851258689,nan,0.0002882283113273674,0.0014468357851258689,nan,0.36602285312254096,0.36602285312254096,0.0,0.0,0.0,nan,0,1,1.0,0.0,0.0002786238277335631,0.0014701011411081635,nan,0.0002786238277335631,0.0014701011411081635,nan,0.34159048707718936,0.34159048707718936,0.0,0.0,0.0,nan,0
45,0.008,0.45,,scientific,0,1,0.11870967741935484,1.0,0.0,-0.0011225248839134452,0.0035042101807207927,nan,-0.0011225248839134452,0.0035042101807207927,nan,0.36467651898954045,0.36467651898954045,0.0,0.0,0.0,nan,0,1,1.0,0.0,-0.0011955762256830324,0.00356756782650233,nan,-0.0011955762256830324,0.00356756782650233,nan,0.3897066847965074,0.3897066847965074,0.0,0.0,0.0,nan,0,1,1.0,0.0,-0.0011225248839134452,0.0035042101807207927,nan,-0.0011225248839134452,0.0035042101807207927,nan,0.36467651898954045,0.36467651898954045,0.0,0.0,0.0,nan,0
46,0.009000000000000001,0.45,,scientific,0,1,0.12838709677419355,1.0,0.0,0.0009489057318526518,0.0011044056632364642,nan,0.0009489057318526518,0.0011044056632364642,nan,0.40102958369115016,0.40102958369115016,0.0,0.0,0.0,nan,0,1,1.0,0.0,0.0009375895369921729,0.0011020673360396301,nan,0.0009375895369921729,0.0011020673360396301,nan,0.428462045715967,0.428462045715967,0.0,0.0,0.0,nan,0,1,1.0,0.0,0.0009489057318526518,0.0011044056632364642,nan,0.0009489057318526518,0.0011044056632364642,nan,0.40102958369115016,0.40102958369115016,0.0,0.0,0.0,nan,0
47,0.010000000000000002,0.45,,scientific,0,1,0.14193548387096774,1.0,0.0,-0.0010265198244905416,-0.0004477862556312566,nan,-0.0010265198244905416,-0.0004477862556312566,nan,0.44098919434289896,0.44098919434289896,0.0,0.0,0.0,nan,0,1,1.0,0.0,-0.0010646172605930958,-0.000467769314632129,nan,-0.0010646172605930958,-0.000467769314632129,nan,0.4726000956540354,0.4726000956540354,0.0,0.0,0.0,nan,0,1,1.0,0.0,-0.0010265198244905416,-0.0004477862556312566,nan,-0.0010265198244905416,-0.0004477862556312566,nan,0.44098919434289896,0.44098919434289896,0.0,0.0,0.0,nan,0
48,0.011000000000000003,0.45,,scientific,0,1,0.14193548387096774,1.0,0.0,-0.0008079031163839535,-0.0003010739429157611,nan,-0.0008079031163839535,-0.0003010739429157611,nan,0.44016817339606606,0.44016817339606606,0.0,0.0,0.0,nan,0,1,1.0,0.0,-0.0008416237458867873,-0.00031909832468010894,nan,-0.0008416237458867873,-0.00031909832468010894,nan,0.4704470200473981,0.4704470200473981,0.0,0.0,0.0,nan,0,1,1.0,0.0,-0.0008079031163839535,-0.0003010739429157611,nan,-0.0008079031163839535,-0.0003010739429157611,nan,0.44016817339606606,0.44016817339606606,0.0,0.0,0.0,nan,0
49,0.012000000000000004,0.45,,scientific,0,1,0.14258064516129032,1.0,0.0,-0.0011149755758080753,0.00046513105800054304,nan,-0.0011149755758080753,0.00046513105800054304,nan,0.4408587874859857,0.4408587874859857,0.0,0.0,0.0,nan,0,1,1.0,0.0,-0.0011393055162063352,0.0004479447566994262,nan,-0.0011393055162063352,0.0004479447566994262,nan,0.4704470200473981,0.4704470200473981,0.0,0.0,0.0,nan,0,1,1.0,0.0,-0.0011149755758080753,0.00046513105800054304,nan,-0.0011149755758080753,0.00046513105800054304,nan,0.4408587874859857,0.4408587874859857,0.0,0.0,0.0,nan,0
50,0.013000000000000005,0.45,,scientific,0,1,0.14258064516129032,1.0,0.0,-0.0011811131327090513,-0.0003340297923347434,nan,-0.0011811131327090513,-0.0003340297923347434,nan,0.44503897115253344,0.44503897115253344,0.0,0.0,0.0,nan,0,1,1.0,0.0,-0.001196223339044279,-0.0003449503490298421,nan,-0.001196223339044279,-0.0003449503490298421,nan,0.4747531712606726,0.4747531712606726,0.0,0.0,0.0,nan,0,1,1.0,0.0,-0.0011811131327090513,-0.0003340297923347434,nan,-0.0011811131327090513,-0.0003340297923347434,nan,0.44503897115253344,0.44503897115253344,0.0,0.0,0.0,nan,0
51,0.014000000000000005,0.45,,scientific,0,1,0.14516129032258066,1.0,0.0,0.00026106157067871364,-0.0021507647024547848,nan,0.00026106157067871364,-0.0021507647024547848,nan,0.44565754730598794,0.44565754730598794,0.0,0.0,0.0,nan,0,1,1.0,0.0,0.00023408895818708344,-0.0021282874230788094,nan,0.00023408895818708344,-0.0021282874230788094,nan,0.47582970906399125,0.47582970906399125,0.0,0.0,0.0,nan,0,1,1.0,0.0,0.00026106157067871364,-0.0021507647024547848,nan,0.00026106157067871364,-0.0021507647024547848,nan,0.44565754730598794,0.44565754730598794,0.0,0.0,0.0,nan,0
52,0.015000000000000006,0.45,,scientific,0,1,0.14580645161290323,1.0,0.0,0.0010803999745137502,-0.0013388426160179454,nan,0.0010803999745137502,-0.0013388426160179454,nan,0.44931952809966125,0.44931952809966125,0.0,0.0,0.0,nan,0,1,1.0,0.0,0.0010354752499548044,-0.0013209354602714456,nan,0.0010354752499548044,-0.0013209354602714456,nan,0.48013586027726574,0.48013586027726574,0.0,0.0,0.0,nan,0,1,1.0,0.0,0.0010803999745137502,-0.0013388426160179454,nan,0.0010803999745137502,-0.0013388426160179454,nan,0.44931952809966125,0.44931952809966125,0.0,0.0,0.0,nan,0
53,0.016000000000000007,0.45,,scientific,0,1,0.14709677419354839,1.0,0.0,2.4379235670333263e-05,-0.001486004578147399,nan,2.4379235670333263e-05,-0.001486004578147399,nan,0.45515786667393643,0.45515786667393643,0.0,0.0,0.0,nan,0,1,1.0,0.0,2.8385301407815023e-06,-0.0014531093999800516,nan,2.8385301407815023e-06,-0.0014531093999800516,nan,0.4865950870971838,0.4865950870971838,0.0,0.0,0.0,nan,0,1,1.0,0.0,2.4379235670333263e-05,-0.001486004578147399,nan,2.4379235670333263e-05,-0.001486004578147399,nan,0.45515786667393643,0.45515786667393643,0.0,0.0,0.0,nan,0
54,0.017000000000000008,0.45,,scientific,0,1,0.14709677419354839,1.0,0.0,0.0021503155117751174,0.0003174720518623733,nan,0.0021503155117751174,0.0003174720518623733,nan,0.46111832196111563,0.46111832196111563,0.0,0.0,0.0,nan,0,1,1.0,0.0,0.002053376235215436,0.00030058339574405964,nan,0.002053376235215436,0.00030058339574405964,nan,0.49305431391709553,0.49305431391709553,0.0,0.0,0.0,nan,0,1,1.0,0.0,0.0021503155117751174,0.0003174720518623733,nan,0.0021503155117751174,0.0003174720518623733,nan,0.46111832196111563,0.46111832196111563,0.0,0.0,0.0,nan,0
55,0.01800000000000001,0.45,,scientific,0,1,0.14903225806451612,1.0,0.0,0.0018713204812197768,0.0001289601776049889,nan,0.0018713204812197768,0.0001289601776049889,nan,0.4628588048833618,0.4628588048833618,0.0,0.0,0.0,nan,0,1,1.0,0.0,0.00177678029428452,0.00012001290394161498,nan,0.00177678029428452,0.00012001290394161498,nan,0.49520738952356597,0.49520738952356597,0.0,0.0,0.0,nan,0,1,1.0,0.0,0.0018713204812197768,0.0001289601776049889,nan,0.0018713204812197768,0.0001289601776049889,nan,0.4628588048833618,0.4628588048833618,0.0,0.0,0.0,nan,0
56,0.01900000000000001,0.45,,scientific,0,1,0.15096774193548387,1.0,0.0,0.0018084892315335035,0.0008814438770576146,nan,0.0018084892315335035,0.0008814438770576146,nan,0.46572657491253544,0.46572657491253544,0.0,0.0,0.0,nan,0,1,1.0,0.0,0.001709609255422399,0.0008503391519131399,nan,0.001709609255422399,0.0008503391519131399,nan,0.49843700293352183,0.49843700293352183,0.0,0.0,0.0,nan,0,1,1.0,0.0,0.0018084892315335035,0.0008814438770576146,nan,0.0018084892315335035,0.0008814438770576146,nan,0.46572657491253544,0.46572657491253544,0.0,0.0,0.0,nan,0
57,0.02000000000000001,0.45,,scientific,0,1,0.15225806451612903,1.0,0.0,0.002150827494257445,0.0017062052255181028,nan,0.002150827494257445,0.0017062052255181028,nan,0.4665068384530826,0.4665068384530826,0.0,0.0,0.0,nan,0,1,1.0,0.0,0.002033828986436359,0.0016417305710461176,nan,0.002033828986436359,0.0016417305710461176,nan,0.4995135407368405,0.4995135407368405,0.0,0.0,0.0,nan,0,1,1.0,0.0,0.002150827494257445,0.0017062052255181028,nan,0.002150827494257445,0.0017062052255181028,nan,0.4665068384530826,0.4665068384530826,0.0,0.0,0.0,nan,0
58,0.02100000000000001,0.45,,scientific,0,1,0.15354838709677418,1.0,0.0,0.002155868519499779,0.0017090171645138606,nan,0.002155868519499779,0.0017090171645138606,nan,0.46624712466888574,0.46624712466888574,0.0,0.0,0.0,nan,0,1,1.0,0.0,0.002033828986436359,0.0016417305710461176,nan,0.002033828986436359,0.0016417305710461176,nan,0.4995135407368405,0.4995135407368405,0.0,0.0,0.0,nan,0,1,1.0,0.0,0.002155868519499779,0.0017090171645138606,nan,0.002155868519499779,0.0017090171645138606,nan,0.46624712466888574,0.46624712466888574,0.0,0.0,0.0,nan,0
59,0.022000000000000013,0.45,,scientific,0,1,0.15419354838709678,1.0,0.0,0.0009460845433972211,0.0015868886107830913,nan,0.0009460845433972211,0.0015868886107830913,nan,0.46926822647634964,0.46926822647634964,0.0,0.0,0.0,nan,0,1,1.0,0.0,0.0008616501075320228,0.0015146637789276358,nan,0.0008616501075320228,0.0015146637789276358,nan,0.5027431541467964,0.5027431541467964,0.0,0.0,0.0,nan,0,1,1.0,0.0,0.0009460845433972211,0.0015868886107830913,nan,0.0009460845433972211,0.0015868886107830913,nan,0.46926822647634964,0.46926822647634964,0.0,0.0,0.0,nan,0
60,0.023000000000000013,0.45,,scientific,0,1,0.15483870967741936,1.0,0.0,0.0016756225218562666,0.0009837692393778027,nan,0.0016756225218562666,0.0009837692393778027,nan,0.47234267274511693,0.47234267274511693,0.0,0.0,0.0,nan,0,1,1.0,0.0,0.0015553075253548925,0.0009397434387293421,nan,0.0015553075253548925,0.0009397434387293421,nan,0.5059727675567522,0.5059727675567522,0.0,0.0,0.0,nan,0,1,1.0,0.0,0.0016756225218562666,0.0009837692393778027,nan,0.0016756225218562666,0.0009837692393778027,nan,0.47234267274511693,0.47234267274511693,0.0,0.0,0.0,nan,0
61,0.024000000000000014,0.45,,scientific,0,1,0.15483870967741936,1.0,0.0,0.0013831106112466565,0.000139020531917375,nan,0.0013831106112466565,0.000139020531917375,nan,0.47326853068012165,0.47326853068012165,0.0,0.0,0.0,nan,0,1,1.0,0.0,0.0012729996382356283,0.00013126976362961778,nan,0.0012729996382356283,0.00013126976362961778,nan,0.5070493053600756,0.5070493053600756,0.0,0.0,0.0,nan,0,1,1.0,0.0,0.0013831106112466565,0.000139020531917375,nan,0.0013831106112466565,0.000139020531917375,nan,0.47326853068012165,0.47326853068012165,0.0,0.0,0.0,nan,0
62,0.025000000000000015,0.45,,scientific,0,1,0.15612903225806452,1.0,0.0,0.0013856983545170894,0.00013889522853020392,nan,0.0013856983545170894,0.00013889522853020392,nan,0.4731272086858419,0.4731272086858419,0.0,0.0,0.0,nan,0,1,1.0,0.0,0.0012729996382356283,0.00013126976362961778,nan,0.0012729996382356283,0.00013126976362961778,nan,0.5070493053600756,0.5070493053600756,0.0,0.0,0.0,nan,0,1,1.0,0.0,0.0013856983545170894,0.00013889522853020392,nan,0.0013856983545170894,0.00013889522853020392,nan,0.4731272086858419,0.4731272086858419,0.0,0.0,0.0,nan,0
63,0.026000000000000016,0.45,,scientific,0,1,0.15612903225806452,1.0,0.0,0.0009167135416903464,-0.0006281530716099843,nan,0.0009167135416903464,-0.0006281530716099843,nan,0.4740978330117525,0.4740978330117525,0.0,0.0,0.0,nan,0,1,1.0,0.0,0.000825913364816587,-0.0005967656858703038,nan,0.000825913364816587,-0.0005967656858703038,nan,0.5081258431633944,0.5081258431633944,0.0,0.0,0.0,nan,0,1,1.0,0.0,0.0009167135416903464,-0.0006281530716099843,nan,0.0009167135416903464,-0.0006281530716099843,nan,0.4740978330117525,0.4740978330117525,0.0,0.0,0.0,nan,0
64,0.027000000000000017,0.45,,scientific,0,1,0.15612903225806452,1.0,0.0,-0.0006025278199469001,-0.0010781221479475962,nan,-0.0006025278199469001,-0.0010781221479475962,nan,0.4761622211443056,0.4761622211443056,0.0,0.0,0.0,nan,0,1,1.0,0.0,-0.0006287258077919739,-0.0010271644588609652,nan,-0.0006287258077919739,-0.0010271644588609652,nan,0.5102789187700316,0.5102789187700316,0.0,0.0,0.0,nan,0,1,1.0,0.0,-0.0006025278199469001,-0.0010781221479475962,nan,-0.0006025278199469001,-0.0010781221479475962,nan,0.4761622211443056,0.4761622211443056,0.0,0.0,0.0,nan,0
65,0.028000000000000018,0.45,,scientific,0,1,0.15612903225806452,1.0,0.0,-0.0012918521516881501,-0.0005170196385726011,nan,-0.0012918521516881501,-0.0005170196385726011,nan,0.4771560929992671,0.4771560929992671,0.0,0.0,0.0,nan,0,1,1.0,0.0,-0.0012868665123188924,-0.0004898559011314508,nan,-0.0012868665123188924,-0.0004898559011314508,nan,0.5113554565733501,0.5113554565733501,0.0,0.0,0.0,nan,0,1,1.0,0.0,-0.0012918521516881501,-0.0005170196385726011,nan,-0.0012918521516881501,-0.0005170196385726011,nan,0.4771560929992671,0.4771560929992671,0.0,0.0,0.0,nan,0
66,0.02900000000000002,0.45,,scientific,0,1,0.15612903225806452,1.0,0.0,-0.0012929365572314647,-0.0005179862822386979,nan,-0.0012929365572314647,-0.0005179862822386979,nan,0.47707284375293135,0.47707284375293135,0.0,0.0,0.0,nan,0,1,1.0,0.0,-0.0012868665123188924,-0.0004898559011314508,nan,-0.0012868665123188924,-0.0004898559011314508,nan,0.5113554565733501,0.5113554565733501,0.0,0.0,0.0,nan,0,1,1.0,0.0,-0.0012929365572314647,-0.0005179862822386979,nan,-0.0012929365572314647,-0.0005179862822386979,nan,0.47707284375293135,0.47707284375293135,0.0,0.0,0.0,nan,0
67,0.03000000000000002,0.45,,scientific,0,1,0.15612903225806452,1.0,0.0,-0.0007779306519809621,0.00022053912302216603,nan,-0.0007779306519809621,0.00022053912302216603,nan,0.47809995313480746,0.47809995313480746,0.0,0.0,0.0,nan,0,1,1.0,0.0,-0.0007999454092379133,0.0002080346837411754,nan,-0.0007999454092379133,0.0002080346837411754,nan,0.5124319943766686,0.5124319943766686,0.0,0.0,0.0,nan,0,1,1.0,0.0,-0.0007779306519809621,0.00022053912302216603,nan,-0.0007779306519809621,0.00022053912302216603,nan,0.47809995313480746,0.47809995313480746,0.0,0.0,0.0,nan,0
68,0.03100000000000002,0.45,,scientific,0,1,0.15612903225806452,1.0,0.0,-0.0007783511184894039,0.00022052112260059122,nan,-0.0007783511184894039,0.00022052112260059122,nan,0.47803433134733386,0.47803433134733386,0.0,0.0,0.0,nan,0,1,1.0,0.0,-0.0007999454092379133,0.0002080346837411754,nan,-0.0007999454092379133,0.0002080346837411754,nan,0.5124319943766686,0.5124319943766686,0.0,0.0,0.0,nan,0,1,1.0,0.0,-0.0007783511184894039,0.00022052112260059122,nan,-0.0007783511184894039,0.00022052112260059122,nan,0.47803433134733386,0.47803433134733386,0.0,0.0,0.0,nan,0
69,0.03200000000000002,0.45,,scientific,0,1,0.1567741935483871,1.0,0.0,-0.0007787707159864621,0.00022049818756512252,nan,-0.0007787707159864621,0.00022049818756512252,nan,0.47797518249682547,0.47797518249682547,0.0,0.0,0.0,nan,0,1,1.0,0.0,-0.0007999454092379133,0.0002080346837411754,nan,-0.0007999454092379133,0.0002080346837411754,nan,0.5124319943766686,0.5124319943766686,0.0,0.0,0.0,nan,0,1,1.0,0.0,-0.0007787707159864621,0.00022049818756512252,nan,-0.0007787707159864621,0.00022049818756512252,nan,0.47797518249682547,0.47797518249682547,0.0,0.0,0.0,nan,0
70,0.03300000000000002,0.45,,scientific,0,1,0.15741935483870967,1.0,0.0,-0.0007791888733047767,0.0002204710844589124,nan,-0.0007791888733047767,0.0002204710844589124,nan,0.4779216007545077,0.4779216007545077,0.0,0.0,0.0,nan,0,1,1.0,0.0,-0.0007999454092379133,0.0002080346837411754,nan,-0.0007999454092379133,0.0002080346837411754,nan,0.5124319943766686,0.5124319943766686,0.0,0.0,0.0,nan,0,1,1.0,0.0,-0.0007791888733047767,0.0002204710844589124,nan,-0.0007791888733047767,0.0002204710844589124,nan,0.4779216007545077,0.4779216007545077,0.0,0.0,0.0,nan,0
71,0.03400000000000002,0.45,,scientific,0,1,0.15741935483870967,1.0,0.0,-0.0007796047764373563,0.00022044066557856538,nan,-0.0007796047764373563,0.00022044066557856538,nan,0.47787279957440987,0.47787279957440987,0.0,0.0,0.0,nan,0,1,1.0,0.0,-0.0007999454092379133,0.0002080346837411754,nan,-0.0007999454092379133,0.0002080346837411754,nan,0.5124319943766686,0.5124319943766686,0.0,0.0,0.0,nan,0,1,1.0,0.0,-0.0007796047764373563,0.00022044066557856538,nan,-0.0007796047764373563,0.00022044066557856538,nan,0.47787279957440987,0.47787279957440987,0.0,0.0,0.0,nan,0
72,0.035000000000000024,0.45,,scientific,0,1,0.15741935483870967,1.0,0.0,-0.0007800181091780238,0.00022040745407946947,nan,-0.0007800181091780238,0.00022040745407946947,nan,0.4778280941268729,0.4778280941268729,0.0,0.0,0.0,nan,0,1,1.0,0.0,-0.0007999454092379133,0.0002080346837411754,nan,-0.0007999454092379133,0.0002080346837411754,nan,0.5124319943766686,0.5124319943766686,0.0,0.0,0.0,nan,0,1,1.0,0.0,-0.0007800181091780238,0.00022040745407946947,nan,-0.0007800181091780238,0.00022040745407946947,nan,0.4778280941268729,0.4778280941268729,0.0,0.0,0.0,nan,0
73,0.036000000000000025,0.45,,scientific,0,1,0.15806451612903225,1.0,0.0,-0.0007804287935925397,0.00022037192812830308,nan,-0.0007804287935925397,0.00022037192812830308,nan,0.47778688703386973,0.47778688703386973,0.0,0.0,0.0,nan,0,1,1.0,0.0,-0.0007999454092379133,0.0002080346837411754,nan,-0.0007999454092379133,0.0002080346837411754,nan,0.5124319943766686,0.5124319943766686,0.0,0.0,0.0,nan,0,1,1.0,0.0,-0.0007804287935925397,0.00022037192812830308,nan,-0.0007804287935925397,0.00022037192812830308,nan,0.47778688703386973,0.47778688703386973,0.0,0.0,0.0,nan,0
74,0.037000000000000026,0.45,,scientific,0,1,0.15806451612903225,1.0,0.0,-0.0010146689592692023,-0.0006576597005078232,nan,-0.0010146689592692023,-0.0006576597005078232,nan,0.4788584791697659,0.4788584791697659,0.0,0.0,0.0,nan,0,1,1.0,0.0,-0.001019019673101215,-0.0006141372741817535,nan,-0.001019019673101215,-0.0006141372741817535,nan,0.513508532179997,0.513508532179997,0.0,0.0,0.0,nan,0,1,1.0,0.0,-0.0010146689592692023,-0.0006576597005078232,nan,-0.0010146689592692023,-0.0006576597005078232,nan,0.4788584791697659,0.4788584791697659,0.0,0.0,0.0,nan,0
75,0.03800000000000003,0.45,,scientific,0,1,0.15806451612903225,1.0,0.0,-0.00101532689036435,-0.0006586544868850635,nan,-0.00101532689036435,-0.0006586544868850635,nan,0.4788239276697064,0.4788239276697064,0.0,0.0,0.0,nan,0,1,1.0,0.0,-0.001019019673101215,-0.0006141372741817535,nan,-0.001019019673101215,-0.0006141372741817535,nan,0.513508532179997,0.513508532179997,0.0,0.0,0.0,nan,0,1,1.0,0.0,-0.00101532689036435,-0.0006586544868850635,nan,-0.00101532689036435,-0.0006586544868850635,nan,0.4788239276697064,0.4788239276697064,0.0,0.0,0.0,nan,0
76,0.03900000000000003,0.45,,scientific,0,1,0.15806451612903225,1.0,0.0,-0.0010159803453353201,-0.00065964252226281,nan,-0.0010159803453353201,-0.00065964252226281,nan,0.47879148984658726,0.47879148984658726,0.0,0.0,0.0,nan,0,1,1.0,0.0,-0.001019019673101215,-0.0006141372741817535,nan,-0.001019019673101215,-0.0006141372741817535,nan,0.513508532179997,0.513508532179997,0.0,0.0,0.0,nan,0,1,1.0,0.0,-0.0010159803453353201,-0.00065964252226281,nan,-0.0010159803453353201,-0.00065964252226281,nan,0.47879148984658726,0.47879148984658726,0.0,0.0,0.0,nan,0
77,0.04000000000000003,0.45,,scientific,0,1,0.15806451612903225,1.0,0.0,-0.0012908278643192182,0.00019753819292233195,nan,-0.0012908278643192182,0.00019753819292233195,nan,0.47986132174543594,0.47986132174543594,0.0,0.0,0.0,nan,0,1,1.0,0.0,-0.0012780713502647957,0.00019603118571394026,nan,-0.0012780713502647957,0.00019603118571394026,nan,0.5145850699833157,0.5145850699833157,0.0,0.0,0.0,nan,0,1,1.0,0.0,-0.0012908278643192182,0.00019753819292233195,nan,-0.0012908278643192182,0.00019753819292233195,nan,0.47986132174543594,0.47986132174543594,0.0,0.0,0.0,nan,0
78,0.04100000000000003,0.45,,scientific,0,1,0.15806451612903225,1.0,0.0,-0.002092188825485087,0.0006290268503650064,nan,-0.002092188825485087,0.0006290268503650064,nan,0.4809512040151702,0.4809512040151702,0.0,0.0,0.0,nan,0,1,1.0,0.0,-0.0020223387630716287,0.0005973093543600676,nan,-0.0020223387630716287,0.0005973093543600676,nan,0.5156616077866343,0.5156616077866343,0.0,0.0,0.0,nan,0,1,1.0,0.0,-0.002092188825485087,0.0006290268503650064,nan,-0.002092188825485087,0.0006290268503650064,nan,0.4809512040151702,0.4809512040151702,0.0,0.0,0.0,nan,0
79,0.04200000000000003,0.45,,scientific,0,1,0.15806451612903225,1.0,0.0,-0.0029386151611107275,0.0009580366780624073,nan,-0.0029386151611107275,0.0009580366780624073,nan,0.4820446169300318,0.4820446169300318,0.0,0.0,0.0,nan,0,1,1.0,0.0,-0.002807227190281498,0.0009026871384831456,nan,-0.002807227190281498,0.0009026871384831456,nan,0.5167381455899529,0.5167381455899529,0.0,0.0,0.0,nan,0,1,1.0,0.0,-0.0029386151611107275,0.0009580366780624073,nan,-0.0029386151611107275,0.0009580366780624073,nan,0.4820446169300318,0.4820446169300318,0.0,0.0,0.0,nan,0
80,0.04300000000000003,0.45,,scientific,0,1,0.15806451612903225,1.0,0.0,-0.002941282442285694,0.000958689229157659,nan,-0.002941282442285694,0.000958689229157659,nan,0.48202090000188824,0.48202090000188824,0.0,0.0,0.0,nan,0,1,1.0,0.0,-0.002807227190281498,0.0009026871384831456,nan,-0.002807227190281498,0.0009026871384831456,nan,0.5167381455899529,0.5167381455899529,0.0,0.0,0.0,nan,0,1,1.0,0.0,-0.002941282442285694,0.000958689229157659,nan,-0.002941282442285694,0.000958689229157659,nan,0.48202090000188824,0.48202090000188824,0.0,0.0,0.0,nan,0
81,0.04400000000000003,0.45,,scientific,0,1,0.15806451612903225,1.0,0.0,-0.002943939432500025,0.0009593390722039103,nan,-0.002943939432500025,0.0009593390722039103,nan,0.48199792573431965,0.48199792573431965,0.0,0.0,0.0,nan,0,1,1.0,0.0,-0.002807227190281498,0.0009026871384831456,nan,-0.002807227190281498,0.0009026871384831456,nan,0.5167381455899529,0.5167381455899529,0.0,0.0,0.0,nan,0,1,1.0,0.0,-0.002943939432500025,0.0009593390722039103,nan,-0.002943939432500025,0.0009593390722039103,nan,0.48199792573431965,0.48199792573431965,0.0,0.0,0.0,nan,0
82,0.04500000000000003,0.45,,scientific,0,1,0.15806451612903225,1.0,0.0,-0.00294658769515649,0.0009599867438536514,nan,-0.00294658769515649,0.0009599867438536514,nan,0.48197551659781324,0.48197551659781324,0.0,0.0,0.0,nan,0,1,1.0,0.0,-0.002807227190281498,0.0009026871384831456,nan,-0.002807227190281498,0.0009026871384831456,nan,0.5167381455899529,0.5167381455899529,0.0,0.0,0.0,nan,0,1,1.0,0.0,-0.00294658769515649,0.0009599867438536514,nan,-0.00294658769515649,0.0009599867438536514,nan,0.48197551659781324,0.48197551659781324,0.0,0.0,0.0,nan,0
83,0.046000000000000034,0.45,,scientific,0,1,0.15870967741935485,1.0,0.0,-0.0029492284731102354,0.0009606326081545872,nan,-0.0029492284731102354,0.0009606326081545872,nan,0.4819535174103675,0.4819535174103675,0.0,0.0,0.0,nan,0,1,1.0,0.0,-0.002807227190281498,0.0009026871384831456,nan,-0.002807227190281498,0.0009026871384831456,nan,0.5167381455899529,0.5167381455899529,0.0,0.0,0.0,nan,0,1,1.0,0.0,-0.0029492284731102354,0.0009606326081545872,nan,-0.0029492284731102354,0.0009606326081545872,nan,0.4819535174103675,0.4819535174103675,0.0,0.0,0.0,nan,0
84,0.047000000000000035,0.45,,scientific,0,1,0.15870967741935485,1.0,0.0,-0.002951862873598983,0.0009612770285288597,nan,-0.002951862873598983,0.0009612770285288597,nan,0.4819317923881994,0.4819317923881994,0.0,0.0,0.0,nan,0,1,1.0,0.0,-0.002807227190281498,0.0009026871384831456,nan,-0.002807227190281498,0.0009026871384831456,nan,0.5167381455899529,0.5167381455899529,0.0,0.0,0.0,nan,0,1,1.0,0.0,-0.002951862873598983,0.0009612770285288597,nan,-0.002951862873598983,0.0009612770285288597,nan,0.4819317923881994,0.4819317923881994,0.0,0.0,0.0,nan,0
85,0.048000000000000036,0.45,,scientific,0,1,0.15870967741935485,1.0,0.0,-0.0029544919108805074,0.0009619204853683739,nan,-0.0029544919108805074,0.0009619204853683739,nan,0.4819102227626635,0.4819102227626635,0.0,0.0,0.0,nan,0,1,1.0,0.0,-0.002807227190281498,0.0009026871384831456,nan,-0.002807227190281498,0.0009026871384831456,nan,0.5167381455899529,0.5167381455899529,0.0,0.0,0.0,nan,0,1,1.0,0.0,-0.0029544919108805074,0.0009619204853683739,nan,-0.0029544919108805074,0.0009619204853683739,nan,0.4819102227626635,0.4819102227626635,0.0,0.0,0.0,nan,0
86,0.04900000000000004,0.45,,scientific,0,1,0.15870967741935485,1.0,0.0,-0.0029571164645644504,0.0009625631704472593,nan,-0.0029571164645644504,0.0009625631704472593,nan,0.48188870546872264,0.48188870546872264,0.0,0.0,0.0,nan,0,1,1.0,0.0,-0.002807227190281498,0.0009026871384831456,nan,-0.002807227190281498,0.0009026871384831456,nan,0.5167381455899529,0.5167381455899529,0.0,0.0,0.0,nan,0,1,1.0,0.0,-0.0029571164645644504,0.0009625631704472593,nan,-0.0029571164645644504,0.0009625631704472593,nan,0.48188870546872264,0.48188870546872264,0.0,0.0,0.0,nan,0
87,0.05000000000000004,0.45,,scientific,0,1,0.15870967741935485,1.0,0.0,-0.002959737307845432,0.0009632053311852321,nan,-0.002959737307845432,0.0009632053311852321,nan,0.481867150158916,0.481867150158916,0.0,0.0,0.0,nan,0,1,1.0,0.0,-0.002807227190281498,0.0009026871384831456,nan,-0.002807227190281498,0.0009026871384831456,nan,0.5167381455899529,0.5167381455899529,0.0,0.0,0.0,nan,0,1,1.0,0.0,-0.002959737307845432,0.0009632053311852321,nan,-0.002959737307845432,0.0009632053311852321,nan,0.481867150158916,0.481867150158916,0.0,0.0,0.0,nan,0
88,0.05100000000000004,0.45,,scientific,0,1,0.15870967741935485,1.0,0.0,-0.0029623551492301108,0.0009638472394413239,nan,-0.0029623551492301108,0.0009638472394413239,nan,0.4818454773624434,0.4818454773624434,0.0,0.0,0.0,nan,0,1,1.0,0.0,-0.002807227190281498,0.0009026871384831456,nan,-0.002807227190281498,0.0009026871384831456,nan,0.5167381455899529,0.5167381455899529,0.0,0.0,0.0,nan,0,1,1.0,0.0,-0.0029623551492301108,0.0009638472394413239,nan,-0.0029623551492301108,0.0009638472394413239,nan,0.4818454773624434,0.4818454773624434,0.0,0.0,0.0,nan,0
89,0.05200000000000004,0.45,,scientific,0,1,0.15870967741935485,1.0,0.0,-0.002964970607483965,0.0009644890108829582,nan,-0.002964970607483965,0.0009644890108829582,nan,0.4818236190930969,0.4818236190930969,0.0,0.0,0.0,nan,0,1,1.0,0.0,-0.002807227190281498,0.0009026871384831456,nan,-0.002807227190281498,0.0009026871384831456,nan,0.5167381455899529,0.5167381455899529,0.0,0.0,0.0,nan,0,1,1.0,0.0,-0.002964970607483965,0.0009644890108829582,nan,-0.002964970607483965,0.0009644890108829582,nan,0.4818236190930969,0.4818236190930969,0.0,0.0,0.0,nan,0
90,0.05300000000000004,0.45,,scientific,0,1,0.15870967741935485,1.0,0.0,-0.002967584197805273,0.000965130835334444,nan,-0.002967584197805273,0.000965130835334444,nan,0.48180151519291553,0.48180151519291553,0.0,0.0,0.0,nan,0,1,1.0,0.0,-0.002807227190281498,0.0009026871384831456,nan,-0.002807227190281498,0.0009026871384831456,nan,0.5167381455899529,0.5167381455899529,0.0,0.0,0.0,nan,0,1,1.0,0.0,-0.002967584197805273,0.000965130835334444,nan,-0.002967584197805273,0.000965130835334444,nan,0.48180151519291553,0.48180151519291553,0.0,0.0,0.0,nan,0
91,0.05400000000000004,0.45,,scientific,0,1,0.15870967741935485,1.0,0.0,-0.002970196394455395,0.000965772880153924,nan,-0.002970196394455395,0.000965772880153924,nan,0.4817791134709888,0.4817791134709888,0.0,0.0,0.0,nan,0,1,1.0,0.0,-0.002807227190281498,0.0009026871384831456,nan,-0.002807227190281498,0.0009026871384831456,nan,0.5167381455899529,0.5167381455899529,0.0,0.0,0.0,nan,0,1,1.0,0.0,-0.002970196394455395,0.000965772880153924,nan,-0.002970196394455395,0.000965772880153924,nan,0.4817791134709888,0.4817791134709888,0.0,0.0,0.0,nan,0
92,0.05500000000000004,0.45,,scientific,0,1,0.15870967741935485,1.0,0.0,-0.0029728075789962846,0.0009664152531814523,nan,-0.0029728075789962846,0.0009664152531814523,nan,0.4817563684568909,0.4817563684568909,0.0,0.0,0.0,nan,0,1,1.0,0.0,-0.002807227190281498,0.0009026871384831456,nan,-0.002807227190281498,0.0009026871384831456,nan,0.5167381455899529,0.5167381455899529,0.0,0.0,0.0,nan,0,1,1.0,0.0,-0.0029728075789962846,0.0009664152531814523,nan,-0.0029728075789962846,0.0009664152531814523,nan,0.4817563684568909,0.4817563684568909,0.0,0.0,0.0,nan,0
93,0.05600000000000004,0.45,,scientific,0,1,0.15870967741935485,1.0,0.0,-0.002975418048837142,0.0009670581002645211,nan,-0.002975418048837142,0.0009670581002645211,nan,0.4817332406422725,0.4817332406422725,0.0,0.0,0.0,nan,0,1,1.0,0.0,-0.002807227190281498,0.0009026871384831456,nan,-0.002807227190281498,0.0009026871384831456,nan,0.5167381455899529,0.5167381455899529,0.0,0.0,0.0,nan,0,1,1.0,0.0,-0.002975418048837142,0.0009670581002645211,nan,-0.002975418048837142,0.0009670581002645211,nan,0.4817332406422725,0.4817332406422725,0.0,0.0,0.0,nan,0
94,0.057000000000000044,0.45,,scientific,0,1,0.15870967741935485,1.0,0.0,-0.0038127488212166285,0.0006166501707922441,nan,-0.0038127488212166285,0.0006166501707922441,nan,0.48282641828285844,0.48282641828285844,0.0,0.0,0.0,nan,0,1,1.0,0.0,-0.0035845202360942916,0.0005762591979680984,nan,-0.0035845202360942916,0.0005762591979680984,nan,0.5178146833932715,0.5178146833932715,0.0,0.0,0.0,nan,0,1,1.0,0.0,-0.0038127488212166285,0.0006166501707922441,nan,-0.0038127488212166285,0.0006166501707922441,nan,0.48282641828285844,0.48282641828285844,0.0,0.0,0.0,nan,0
95,0.058000000000000045,0.45,,scientific,0,1,0.15870967741935485,1.0,0.0,-0.003816095833174721,0.000616979631195864,nan,-0.003816095833174721,0.000616979631195864,nan,0.4828033889169081,0.4828033889169081,0.0,0.0,0.0,nan,0,1,1.0,0.0,-0.0035845202360942916,0.0005762591979680984,nan,-0.0035845202360942916,0.0005762591979680984,nan,0.5178146833932715,0.5178146833932715,0.0,0.0,0.0,nan,0,1,1.0,0.0,-0.003816095833174721,0.000616979631195864,nan,-0.003816095833174721,0.000616979631195864,nan,0.4828033889169081,0.4828033889169081,0.0,0.0,0.0,nan,0
96,0.059000000000000045,0.45,,scientific,0,1,0.15870967741935485,1.0,0.0,-0.003819443047045996,0.0006173097401952903,nan,-0.003819443047045996,0.0006173097401952903,nan,0.48277988572314046,0.48277988572314046,0.0,0.0,0.0,nan,0,1,1.0,0.0,-0.0035845202360942916,0.0005762591979680984,nan,-0.0035845202360942916,0.0005762591979680984,nan,0.5178146833932715,0.5178146833932715,0.0,0.0,0.0,nan,0,1,1.0,0.0,-0.003819443047045996,0.0006173097401952903,nan,-0.003819443047045996,0.0006173097401952903,nan,0.48277988572314046,0.48277988572314046,0.0,0.0,0.0,nan,0
97,0.060000000000000046,0.45,,scientific,0,1,0.15935483870967743,1.0,0.0,-0.003822790771826386,0.0006176405413984524,nan,-0.003822790771826386,0.0006176405413984524,nan,0.4827558862307959,0.4827558862307959,0.0,0.0,0.0,nan,0,1,1.0,0.0,-0.0035845202360942916,0.0005762591979680984,nan,-0.0035845202360942916,0.0005762591979680984,nan,0.5178146833932715,0.5178146833932715,0.0,0.0,0.0,nan,0,1,1.0,0.0,-0.003822790771826386,0.0006176405413984524,nan,-0.003822790771826386,0.0006176405413984524,nan,0.4827558862307959,0.4827558862307959,0.0,0.0,0.0,nan,0
98,0.06100000000000005,0.45,,scientific,0,1,0.15935483870967743,1.0,0.0,-0.003826139208170753,0.0006179720618764842,nan,-0.003826139208170753,0.0006179720618764842,nan,0.4827313709083547,0.4827313709083547,0.0,0.0,0.0,nan,0,1,1.0,0.0,-0.0035845202360942916,0.0005762591979680984,nan,-0.0035845202360942916,0.0005762591979680984,nan,0.5178146833932715,0.5178146833932715,0.0,0.0,0.0,nan,0,1,1.0,0.0,-0.003826139208170753,0.0006179720618764842,nan,-0.003826139208170753,0.0006179720618764842,nan,0.4827313709083547,0.4827313709083547,0.0,0.0,0.0,nan,0
99,0.06200000000000005,0.45,,scientific,0,1,0.16,1.0,0.0,-0.003829488542187052,0.0006183043485633374,nan,-0.003829488542187052,0.0006183043485633374,nan,0.4827063227740264,0.4827063227740264,0.0,0.0,0.0,nan,0,1,1.0,0.0,-0.0035845202360942916,0.0005762591979680984,nan,-0.0035845202360942916,0.0005762591979680984,nan,0.5178146833932715,0.5178146833932715,0.0,0.0,0.0,nan,0,1,1.0,0.0,-0.003829488542187052,0.0006183043485633374,nan,-0.003829488542187052,0.0006183043485633374,nan,0.4827063227740264,0.4827063227740264,0.0,0.0,0.0,nan,0
100,0.06300000000000004,0.45,,scientific,0,1,0.16,1.0,0.0,-0.0038328389560370974,0.0006186374393375322,nan,-0.0038328389560370974,0.0006186374393375322,nan,0.48268072715507576,0.48268072715507576,0.0,0.0,0.0,nan,0,1,1.0,0.0,-0.0035845202360942916,0.0005762591979680984,nan,-0.0035845202360942916,0.0005762591979680984,nan,0.5178146833932715,0.5178146833932715,0.0,0.0,0.0,nan,0,1,1.0,0.0,-0.0038328389560370974,0.0006186374393375322,nan,-0.0038328389560370974,0.0006186374393375322,nan,0.48268072715507576,0.48268072715507576,0.0,0.0,0.0,nan,0
101,0.06400000000000004,0.45,,scientific,0,1,0.16,1.0,0.0,-0.0038361905864341688,0.0006189713681474402,nan,-0.0038361905864341688,0.0006189713681474402,nan,0.48265457141992724,0.48265457141992724,0.0,0.0,0.0,nan,0,1,1.0,0.0,-0.0035845202360942916,0.0005762591979680984,nan,-0.0035845202360942916,0.0005762591979680984,nan,0.5178146833932715,0.5178146833932715,0.0,0.0,0.0,nan,0,1,1.0,0.0,-0.0038361905864341688,0.0006189713681474402,nan,-0.0038361905864341688,0.0006189713681474402,nan,0.48265457141992724,0.48265457141992724,0.0,0.0,0.0,nan,0
102,0.06500000000000004,0.45,,scientific,0,1,0.16,1.0,0.0,-0.0038395436101629314,0.0006193062089707035,nan,-0.0038395436101629314,0.0006193062089707035,nan,0.48262784462960573,0.48262784462960573,0.0,0.0,0.0,nan,0,1,1.0,0.0,-0.0035845202360942916,0.0005762591979680984,nan,-0.0035845202360942916,0.0005762591979680984,nan,0.5178146833932715,0.5178146833932715,0.0,0.0,0.0,nan,0,1,1.0,0.0,-0.0038395436101629314,0.0006193062089707035,nan,-0.0038395436101629314,0.0006193062089707035,nan,0.48262784462960573,0.48262784462960573,0.0,0.0,0.0,nan,0
103,0.06600000000000004,0.45,,scientific,0,1,0.16,1.0,0.0,-0.0038428981838106112,0.0006196419334685056,nan,-0.0038428981838106112,0.0006196419334685056,nan,0.48260053729659846,0.48260053729659846,0.0,0.0,0.0,nan,0,1,1.0,0.0,-0.0035845202360942916,0.0005762591979680984,nan,-0.0035845202360942916,0.0005762591979680984,nan,0.5178146833932715,0.5178146833932715,0.0,0.0,0.0,nan,0,1,1.0,0.0,-0.0038428981838106112,0.0006196419334685056,nan,-0.0038428981838106112,0.0006196419334685056,nan,0.48260053729659846,0.48260053729659846,0.0,0.0,0.0,nan,0
104,0.06700000000000005,0.45,,scientific,0,1,0.16,1.0,0.0,-0.0038462544165717683,0.0006199785152926007,nan,-0.0038462544165717683,0.0006199785152926007,nan,0.482572641330975,0.482572641330975,0.0,0.0,0.0,nan,0,1,1.0,0.0,-0.0035845202360942916,0.0005762591979680984,nan,-0.0035845202360942916,0.0005762591979680984,nan,0.5178146833932715,0.5178146833932715,0.0,0.0,0.0,nan,0,1,1.0,0.0,-0.0038462544165717683,0.0006199785152926007,nan,-0.0038462544165717683,0.0006199785152926007,nan,0.482572641330975,0.482572641330975,0.0,0.0,0.0,nan,0
105,0.06800000000000005,0.45,,scientific,0,1,0.16,1.0,0.0,-0.003077322678037268,0.0011259479852725423,nan,-0.003077322678037268,0.0011259479852725423,nan,0.4836679323371582,0.4836679323371582,0.0,0.0,0.0,nan,0,1,1.0,0.0,-0.002871548934783499,0.0010437218878317652,nan,-0.002871548934783499,0.0010437218878317652,nan,0.5188912211965901,0.5188912211965901,0.0,0.0,0.0,nan,0,1,1.0,0.0,-0.003077322678037268,0.0011259479852725423,nan,-0.003077322678037268,0.0011259479852725423,nan,0.4836679323371582,0.4836679323371582,0.0,0.0,0.0,nan,0
106,0.06900000000000005,0.45,,scientific,0,1,0.16,1.0,0.0,-0.003080009748622366,0.001126720639855062,nan,-0.003080009748622366,0.001126720639855062,nan,0.483639768480556,0.483639768480556,0.0,0.0,0.0,nan,0,1,1.0,0.0,-0.002871548934783499,0.0010437218878317652,nan,-0.002871548934783499,0.0010437218878317652,nan,0.5188912211965901,0.5188912211965901,0.0,0.0,0.0,nan,0,1,1.0,0.0,-0.003080009748622366,0.001126720639855062,nan,-0.003080009748622366,0.001126720639855062,nan,0.483639768480556,0.483639768480556,0.0,0.0,0.0,nan,0
107,0.07000000000000005,0.45,,scientific,0,1,0.16,1.0,0.0,-0.0030826983761062373,0.0011274944515574997,nan,-0.0030826983761062373,0.0011274944515574997,nan,0.4836109976919124,0.4836109976919124,0.0,0.0,0.0,nan,0,1,1.0,0.0,-0.002871548934783499,0.0010437218878317652,nan,-0.002871548934783499,0.0010437218878317652,nan,0.5188912211965901,0.5188912211965901,0.0,0.0,0.0,nan,0,1,1.0,0.0,-0.0030826983761062373,0.0011274944515574997,nan,-0.0030826983761062373,0.0011274944515574997,nan,0.4836109976919124,0.4836109976919124,0.0,0.0,0.0,nan,0
108,0.07100000000000005,0.45,,scientific,0,1,0.16,1.0,0.0,-0.0030853886102387576,0.0011282694323414115,nan,-0.0030853886102387576,0.0011282694323414115,nan,0.48358161571551295,0.48358161571551295,0.0,0.0,0.0,nan,0,1,1.0,0.0,-0.002871548934783499,0.0010437218878317652,nan,-0.002871548934783499,0.0010437218878317652,nan,0.5188912211965901,0.5188912211965901,0.0,0.0,0.0,nan,0,1,1.0,0.0,-0.0030853886102387576,0.0011282694323414115,nan,-0.0030853886102387576,0.0011282694323414115,nan,0.48358161571551295,0.48358161571551295,0.0,0.0,0.0,nan,0
109,0.07200000000000005,0.45,,scientific,0,1,0.16,1.0,0.0,-0.0030880805415410776,0.0011290456428664924,nan,-0.0030880805415410776,0.0011290456428664924,nan,0.48355161890041,0.48355161890041,0.0,0.0,0.0,nan,0,1,1.0,0.0,-0.002871548934783499,0.0010437218878317652,nan,-0.002871548934783499,0.0010437218878317652,nan,0.5188912211965901,0.5188912211965901,0.0,0.0,0.0,nan,0,1,1.0,0.0,-0.0030880805415410776,0.0011290456428664924,nan,-0.0030880805415410776,0.0011290456428664924,nan,0.48355161890041,0.48355161890041,0.0,0.0,0.0,nan,0
110,0.07300000000000005,0.45,,scientific,0,1,0.16,1.0,0.0,-0.003090774189020525,0.0011298230798410397,nan,-0.003090774189020525,0.0011298230798410397,nan,0.483521004144761,0.483521004144761,0.0,0.0,0.0,nan,0,1,1.0,0.0,-0.002871548934783499,0.0010437218878317652,nan,-0.002871548934783499,0.0010437218878317652,nan,0.5188912211965901,0.5188912211965901,0.0,0.0,0.0,nan,0,1,1.0,0.0,-0.003090774189020525,0.0011298230798410397,nan,-0.003090774189020525,0.0011298230798410397,nan,0.483521004144761,0.483521004144761,0.0,0.0,0.0,nan,0
111,0.07400000000000005,0.45,,scientific,0,1,0.16,1.0,0.0,-0.00309346957329812,0.0011306018499448118,nan,-0.00309346957329812,0.0011306018499448118,nan,0.48348976897756757,0.48348976897756757,0.0,0.0,0.0,nan,0,1,1.0,0.0,-0.002871548934783499,0.0010437218878317652,nan,-0.002871548934783499,0.0010437218878317652,nan,0.5188912211965901,0.5188912211965901,0.0,0.0,0.0,nan,0,1,1.0,0.0,-0.00309346957329812,0.0011306018499448118,nan,-0.00309346957329812,0.0011306018499448118,nan,0.48348976897756757,0.48348976897756757,0.0,0.0,0.0,nan,0
112,0.07500000000000005,0.45,,scientific,0,1,0.16,1.0,0.0,-0.0030961667794930014,0.001131381977823514,nan,-0.0030961667794930014,0.001131381977823514,nan,0.4834579112258286,0.4834579112258286,0.0,0.0,0.0,nan,0,1,1.0,0.0,-0.002871548934783499,0.0010437218878317652,nan,-0.002871548934783499,0.0010437218878317652,nan,0.5188912211965901,0.5188912211965901,0.0,0.0,0.0,nan,0,1,1.0,0.0,-0.0030961667794930014,0.001131381977823514,nan,-0.0030961667794930014,0.001131381977823514,nan,0.4834579112258286,0.4834579112258286,0.0,0.0,0.0,nan,0
113,0.07600000000000005,0.45,,scientific,0,1,0.16,1.0,0.0,-0.003098865949501454,0.001132163483814313,nan,-0.003098865949501454,0.001132163483814313,nan,0.48342542921927567,0.48342542921927567,0.0,0.0,0.0,nan,0,1,1.0,0.0,-0.002871548934783499,0.0010437218878317652,nan,-0.002871548934783499,0.0010437218878317652,nan,0.5188912211965901,0.5188912211965901,0.0,0.0,0.0,nan,0,1,1.0,0.0,-0.003098865949501454,0.001132163483814313,nan,-0.003098865949501454,0.001132163483814313,nan,0.48342542921927567,0.48342542921927567,0.0,0.0,0.0,nan,0
114,0.07700000000000005,0.45,,scientific,0,1,0.16,1.0,0.0,-0.0031015670359424707,0.0011329463234931063,nan,-0.0031015670359424707,0.0011329463234931063,nan,0.4833923214612579,0.4833923214612579,0.0,0.0,0.0,nan,0,1,1.0,0.0,-0.002871548934783499,0.0010437218878317652,nan,-0.002871548934783499,0.0010437218878317652,nan,0.5188912211965901,0.5188912211965901,0.0,0.0,0.0,nan,0,1,1.0,0.0,-0.0031015670359424707,0.0011329463234931063,nan,-0.0031015670359424707,0.0011329463234931063,nan,0.4833923214612579,0.4833923214612579,0.0,0.0,0.0,nan,0
115,0.07800000000000006,0.45,,scientific,0,1,0.16,1.0,0.0,-0.003104270026646573,0.0011337304826951982,nan,-0.003104270026646573,0.0011337304826951982,nan,0.48335858682722305,0.48335858682722305,0.0,0.0,0.0,nan,0,1,1.0,0.0,-0.002871548934783499,0.0010437218878317652,nan,-0.002871548934783499,0.0010437218878317652,nan,0.5188912211965901,0.5188912211965901,0.0,0.0,0.0,nan,0,1,1.0,0.0,-0.003104270026646573,0.0011337304826951982,nan,-0.003104270026646573,0.0011337304826951982,nan,0.48335858682722305,0.48335858682722305,0.0,0.0,0.0,nan,0
116,0.07900000000000006,0.45,,scientific,0,1,0.16,1.0,0.0,-0.0031069749354539727,0.001134515963373092,nan,-0.0031069749354539727,0.001134515963373092,nan,0.48332422450973817,0.48332422450973817,0.0,0.0,0.0,nan,0,1,1.0,0.0,-0.002871548934783499,0.0010437218878317652,nan,-0.002871548934783499,0.0010437218878317652,nan,0.5188912211965901,0.5188912211965901,0.0,0.0,0.0,nan,0,1,1.0,0.0,-0.0031069749354539727,0.001134515963373092,nan,-0.0031069749354539727,0.001134515963373092,nan,0.48332422450973817,0.48332422450973817,0.0,0.0,0.0,nan,0
117,0.08000000000000006,0.45,,scientific,0,1,0.16,1.0,0.0,-0.00310968176655404,0.0011353027746386808,nan,-0.00310968176655404,0.0011353027746386808,nan,0.4832892339967872,0.4832892339967872,0.0,0.0,0.0,nan,0,1,1.0,0.0,-0.002871548934783499,0.0010437218878317652,nan,-0.002871548934783499,0.0010437218878317652,nan,0.5188912211965901,0.5188912211965901,0.0,0.0,0.0,nan,0,1,1.0,0.0,-0.00310968176655404,0.0011353027746386808,nan,-0.00310968176655404,0.0011353027746386808,nan,0.4832892339967872,0.4832892339967872,0.0,0.0,0.0,nan,0
118,0.08100000000000006,0.45,,scientific,0,1,0.16,1.0,0.0,-0.0031123905652361878,0.0011360908082766502,nan,-0.0031123905652361878,0.0011360908082766502,nan,0.4832536150883573,0.4832536150883573,0.0,0.0,0.0,nan,0,1,1.0,0.0,-0.002871548934783499,0.0010437218878317652,nan,-0.002871548934783499,0.0010437218878317652,nan,0.5188912211965901,0.5188912211965901,0.0,0.0,0.0,nan,0,1,1.0,0.0,-0.0031123905652361878,0.0011360908082766502,nan,-0.0031123905652361878,0.0011360908082766502,nan,0.4832536150883573,0.4832536150883573,0.0,0.0,0.0,nan,0
119,0.08200000000000006,0.45,,scientific,0,1,0.16,1.0,0.0,-0.0031151013469294863,0.0011368801792252569,nan,-0.0031151013469294863,0.0011368801792252569,nan,0.4832173672953963,0.4832173672953963,0.0,0.0,0.0,nan,0,1,1.0,0.0,-0.002871548934783499,0.0010437218878317652,nan,-0.002871548934783499,0.0010437218878317652,nan,0.5188912211965901,0.5188912211965901,0.0,0.0,0.0,nan,0,1,1.0,0.0,-0.0031151013469294863,0.0011368801792252569,nan,-0.0031151013469294863,0.0011368801792252569,nan,0.4832173672953963,0.4832173672953963,0.0,0.0,0.0,nan,0
120,0.08300000000000006,0.45,,scientific,0,1,0.16,1.0,0.0,-0.0031178141725030227,0.00113767093850677,nan,-0.0031178141725030227,0.00113767093850677,nan,0.4831804904743784,0.4831804904743784,0.0,0.0,0.0,nan,0,1,1.0,0.0,-0.002871548934783499,0.0010437218878317652,nan,-0.002871548934783499,0.0010437218878317652,nan,0.5188912211965901,0.5188912211965901,0.0,0.0,0.0,nan,0,1,1.0,0.0,-0.0031178141725030227,0.00113767093850677,nan,-0.0031178141725030227,0.00113767093850677,nan,0.4831804904743784,0.4831804904743784,0.0,0.0,0.0,nan,0
121,0.08400000000000006,0.45,,scientific,0,1,0.16,1.0,0.0,-0.0031205290479404237,0.001138463042347903,nan,-0.0031205290479404237,0.001138463042347903,nan,0.4831429846899009,0.4831429846899009,0.0,0.0,0.0,nan,0,1,1.0,0.0,-0.002871548934783499,0.0010437218878317652,nan,-0.002871548934783499,0.0010437218878317652,nan,0.5188912211965901,0.5188912211965901,0.0,0.0,0.0,nan,0,1,1.0,0.0,-0.0031205290479404237,0.001138463042347903,nan,-0.0031205290479404237,0.001138463042347903,nan,0.4831429846899009,0.4831429846899009,0.0,0.0,0.0,nan,0
122,0.08500000000000006,0.45,,scientific,0,1,0.16,1.0,0.0,-0.003123245977888564,0.001139256557737584,nan,-0.003123245977888564,0.001139256557737584,nan,0.4831048500432531,0.4831048500432531,0.0,0.0,0.0,nan,0,1,1.0,0.0,-0.002871548934783499,0.0010437218878317652,nan,-0.002871548934783499,0.0010437218878317652,nan,0.5188912211965901,0.5188912211965901,0.0,0.0,0.0,nan,0,1,1.0,0.0,-0.003123245977888564,0.001139256557737584,nan,-0.003123245977888564,0.001139256557737584,nan,0.4831048500432531,0.4831048500432531,0.0,0.0,0.0,nan,0
123,0.08600000000000006,0.45,,scientific,0,1,0.16,1.0,0.0,-0.0031259649731474074,0.001140051506196816,nan,-0.0031259649731474074,0.001140051506196816,nan,0.4830660868066867,0.4830660868066867,0.0,0.0,0.0,nan,0,1,1.0,0.0,-0.002871548934783499,0.0010437218878317652,nan,-0.002871548934783499,0.0010437218878317652,nan,0.5188912211965901,0.5188912211965901,0.0,0.0,0.0,nan,0,1,1.0,0.0,-0.0031259649731474074,0.001140051506196816,nan,-0.0031259649731474074,0.001140051506196816,nan,0.4830660868066867,0.4830660868066867,0.0,0.0,0.0,nan,0
124,0.08700000000000006,0.45,,scientific,0,1,0.16,1.0,0.0,-0.0021876678425654978,0.0012724689074986569,nan,-0.0021876678425654978,0.0012724689074986569,nan,0.4841819743123314,0.4841819743123314,0.0,0.0,0.0,nan,0,1,1.0,0.0,-0.002026864332826427,0.0011622532347117496,nan,-0.002026864332826427,0.0011622532347117496,nan,0.5199677589999089,0.5199677589999089,0.0,0.0,0.0,nan,0,1,1.0,0.0,-0.0021876678425654978,0.0012724689074986569,nan,-0.0021876678425654978,0.0012724689074986569,nan,0.4841819743123314,0.4841819743123314,0.0,0.0,0.0,nan,0
125,0.08800000000000006,0.45,,scientific,0,1,0.16,1.0,0.0,-0.0021895034313961607,0.0012733877418394685,nan,-0.0021895034313961607,0.0012733877418394685,nan,0.48414298310009923,0.48414298310009923,0.0,0.0,0.0,nan,0,1,1.0,0.0,-0.002026864332826427,0.0011622532347117496,nan,-0.002026864332826427,0.0011622532347117496,nan,0.5199677589999089,0.5199677589999089,0.0,0.0,0.0,nan,0,1,1.0,0.0,-0.0021895034313961607,0.0012733877418394685,nan,-0.0021895034313961607,0.0012733877418394685,nan,0.48414298310009923,0.48414298310009923,0.0,0.0,0.0,nan,0
126,0.08900000000000007,0.45,,scientific,0,1,0.16,1.0,0.0,-0.0021913404830544584,0.001274308102237976,nan,-0.0021913404830544584,0.001274308102237976,nan,0.48410336450800506,0.48410336450800506,0.0,0.0,0.0,nan,0,1,1.0,0.0,-0.002026864332826427,0.0011622532347117496,nan,-0.002026864332826427,0.0011622532347117496,nan,0.5199677589999089,0.5199677589999089,0.0,0.0,0.0,nan,0,1,1.0,0.0,-0.0021913404830544584,0.001274308102237976,nan,-0.0021913404830544584,0.001274308102237976,nan,0.48410336450800506,0.48410336450800506,0.0,0.0,0.0,nan,0
127,0.09000000000000007,0.45,,scientific,0,1,0.16,1.0,0.0,-0.002193178984409395,0.0012752299961182917,nan,-0.002193178984409395,0.0012752299961182917,nan,0.4840631191141378,0.4840631191141378,0.0,0.0,0.0,nan,0,1,1.0,0.0,-0.002026864332826427,0.0011622532347117496,nan,-0.002026864332826427,0.0011622532347117496,nan,0.5199677589999089,0.5199677589999089,0.0,0.0,0.0,nan,0,1,1.0,0.0,-0.002193178984409395,0.0012752299961182917,nan,-0.002193178984409395,0.0012752299961182917,nan,0.4840631191141378,0.4840631191141378,0.0,0.0,0.0,nan,0
128,0.09100000000000007,0.45,,scientific,0,1,0.16064516129032258,1.0,0.0,-0.0021950190305376005,0.001276153388801966,nan,-0.0021950190305376005,0.001276153388801966,nan,0.4840222475449062,0.4840222475449062,0.0,0.0,0.0,nan,0,1,1.0,0.0,-0.002026864332826427,0.0011622532347117496,nan,-0.002026864332826427,0.0011622532347117496,nan,0.5199677589999089,0.5199677589999089,0.0,0.0,0.0,nan,0,1,1.0,0.0,-0.0021950190305376005,0.001276153388801966,nan,-0.0021950190305376005,0.001276153388801966,nan,0.4840222475449062,0.4840222475449062,0.0,0.0,0.0,nan,0
129,0.09200000000000007,0.45,,scientific,0,1,0.16064516129032258,1.0,0.0,-0.002196860632912872,0.0012770783192297716,nan,-0.002196860632912872,0.0012770783192297716,nan,0.48398075040380756,0.48398075040380756,0.0,0.0,0.0,nan,0,1,1.0,0.0,-0.002026864332826427,0.0011622532347117496,nan,-0.002026864332826427,0.0011622532347117496,nan,0.5199677589999089,0.5199677589999089,0.0,0.0,0.0,nan,0,1,1.0,0.0,-0.002196860632912872,0.0012770783192297716,nan,-0.002196860632912872,0.0012770783192297716,nan,0.48398075040380756,0.48398075040380756,0.0,0.0,0.0,nan,0
130,0.09300000000000007,0.45,,scientific,0,1,0.16064516129032258,1.0,0.0,-0.0020879098877820976,0.000345231330909715,nan,-0.0020879098877820976,0.000345231330909715,nan,0.48508500524573206,0.48508500524573206,0.0,0.0,0.0,nan,0,1,1.0,0.0,-0.0019271085334212094,0.00031827849875647814,nan,-0.0019271085334212094,0.00031827849875647814,nan,0.5210442968017589,0.5210442968017589,0.0,0.0,0.0,nan,0,1,1.0,0.0,-0.0020879098877820976,0.000345231330909715,nan,-0.0020879098877820976,0.000345231330909715,nan,0.48508500524573206,0.48508500524573206,0.0,0.0,0.0,nan,0
131,0.09400000000000007,0.45,,scientific,0,1,0.16064516129032258,1.0,0.0,-0.002089655849334338,0.0003453611484564688,nan,-0.002089655849334338,0.0003453611484564688,nan,0.4850431790841572,0.4850431790841572,0.0,0.0,0.0,nan,0,1,1.0,0.0,-0.0019271085334212094,0.00031827849875647814,nan,-0.0019271085334212094,0.00031827849875647814,nan,0.5210442968017589,0.5210442968017589,0.0,0.0,0.0,nan,0,1,1.0,0.0,-0.002089655849334338,0.0003453611484564688,nan,-0.002089655849334338,0.0003453611484564688,nan,0.4850431790841572,0.4850431790841572,0.0,0.0,0.0,nan,0
132,0.09500000000000007,0.45,,scientific,0,1,0.16064516129032258,1.0,0.0,-0.0013756147663470442,0.0009534230915235521,nan,-0.0013756147663470442,0.0009534230915235521,nan,0.48614967867076797,0.48614967867076797,0.0,0.0,0.0,nan,0,1,1.0,0.0,-0.0012810919162143247,0.000867484187203446,nan,-0.0012810919162143247,0.000867484187203446,nan,0.5221208346050775,0.5221208346050775,0.0,0.0,0.0,nan,0,1,1.0,0.0,-0.0013756147663470442,0.0009534230915235521,nan,-0.0013756147663470442,0.0009534230915235521,nan,0.48614967867076797,0.48614967867076797,0.0,0.0,0.0,nan,0
133,0.09600000000000007,0.45,,scientific,0,1,0.16064516129032258,1.0,0.0,-0.001376747417853904,0.0009540741245902351,nan,-0.001376747417853904,0.0009540741245902351,nan,0.48610753112895755,0.48610753112895755,0.0,0.0,0.0,nan,0,1,1.0,0.0,-0.0012810919162143247,0.000867484187203446,nan,-0.0012810919162143247,0.000867484187203446,nan,0.5221208346050775,0.5221208346050775,0.0,0.0,0.0,nan,0,1,1.0,0.0,-0.001376747417853904,0.0009540741245902351,nan,-0.001376747417853904,0.0009540741245902351,nan,0.48610753112895755,0.48610753112895755,0.0,0.0,0.0,nan,0
134,0.09700000000000007,0.45,,scientific,0,1,0.16064516129032258,1.0,0.0,-0.0013778811484812703,0.000954726608941084,nan,-0.0013778811484812703,0.000954726608941084,nan,0.4860647615156112,0.4860647615156112,0.0,0.0,0.0,nan,0,1,1.0,0.0,-0.0012810919162143247,0.000867484187203446,nan,-0.0012810919162143247,0.000867484187203446,nan,0.5221208346050775,0.5221208346050775,0.0,0.0,0.0,nan,0,1,1.0,0.0,-0.0013778811484812703,0.000954726608941084,nan,-0.0013778811484812703,0.000954726608941084,nan,0.4860647615156112,0.4860647615156112,0.0,0.0,0.0,nan,0
135,0.09800000000000007,0.45,,scientific,0,1,0.16064516129032258,1.0,0.0,-0.0013790159302252158,0.0009553805576685491,nan,-0.0013790159302252158,0.0009553805576685491,nan,0.4860213707165539,0.4860213707165539,0.0,0.0,0.0,nan,0,1,1.0,0.0,-0.0012810919162143247,0.000867484187203446,nan,-0.0012810919162143247,0.000867484187203446,nan,0.5221208346050775,0.5221208346050775,0.0,0.0,0.0,nan,0,1,1.0,0.0,-0.0013790159302252158,0.0009553805576685491,nan,-0.0013790159302252158,0.0009553805576685491,nan,0.4860213707165539,0.4860213707165539,0.0,0.0,0.0,nan,0
136,0.09900000000000007,0.45,,scientific,0,1,0.16064516129032258,1.0,0.0,-0.001380151781568851,0.0009560359989954169,nan,-0.001380151781568851,0.0009560359989954169,nan,0.48597735965169964,0.48597735965169964,0.0,0.0,0.0,nan,0,1,1.0,0.0,-0.0012810919162143247,0.000867484187203446,nan,-0.0012810919162143247,0.000867484187203446,nan,0.5221208346050775,0.5221208346050775,0.0,0.0,0.0,nan,0,1,1.0,0.0,-0.001380151781568851,0.0009560359989954169,nan,-0.001380151781568851,0.0009560359989954169,nan,0.48597735965169964,0.48597735965169964,0.0,0.0,0.0,nan,0
137,0.10000000000000007,0.45,,scientific,0,1,0.16064516129032258,1.0,0.0,-0.0013812887488940423,0.0009566928875974149,nan,-0.0013812887488940423,0.0009566928875974149,nan,0.4859327290615874,0.4859327290615874,0.0,0.0,0.0,nan,0,1,1.0,0.0,-0.0012810919162143247,0.000867484187203446,nan,-0.0012810919162143247,0.000867484187203446,nan,0.5221208346050775,0.5221208346050775,0.0,0.0,0.0,nan,0,1,1.0,0.0,-0.0013812887488940423,0.0009566928875974149,nan,-0.0013812887488940423,0.0009566928875974149,nan,0.4859327290615874,0.4859327290615874,0.0,0.0,0.0,nan,0
138,0.10100000000000008,0.45,,scientific,0,1,0.16064516129032258,1.0,0.0,-0.00042937377575868855,0.0009572644577812376,nan,-0.00042937377575868855,0.0009572644577812376,nan,0.48705516457716136,0.48705516457716136,0.0,0.0,0.0,nan,0,1,1.0,0.0,-0.000434345163076721,0.000867650068478049,nan,-0.000434345163076721,0.000867650068478049,nan,0.5231973724083961,0.5231973724083961,0.0,0.0,0.0,nan,0,1,1.0,0.0,-0.00042937377575868855,0.0009572644577812376,nan,-0.00042937377575868855,0.0009572644577812376,nan,0.48705516457716136,0.48705516457716136,0.0,0.0,0.0,nan,0
139,0.10200000000000008,0.45,,scientific,0,1,0.16064516129032258,1.0,0.0,7.188790493481657e-05,0.0001484200840585197,nan,7.188790493481657e-05,0.0001484200840585197,nan,0.4881804291434265,0.4881804291434265,0.0,0.0,0.0,nan,0,1,1.0,0.0,1.0553940254768756e-05,0.0001497035761937426,nan,1.0553940254768756e-05,0.0001497035761937426,nan,0.5242739102117147,0.5242739102117147,0.0,0.0,0.0,nan,0,1,1.0,0.0,7.188790493481657e-05,0.0001484200840585197,nan,7.188790493481657e-05,0.0001484200840585197,nan,0.4881804291434265,0.4881804291434265,0.0,0.0,0.0,nan,0
140,0.10300000000000008,0.45,,scientific,0,1,0.16064516129032258,1.0,0.0,7.209214366517245e-05,0.0001483285023126716,nan,7.209214366517245e-05,0.0001483285023126716,nan,0.48813598305742056,0.48813598305742056,0.0,0.0,0.0,nan,0,1,1.0,0.0,1.0553940254768756e-05,0.0001497035761937426,nan,1.0553940254768756e-05,0.0001497035761937426,nan,0.5242739102117147,0.5242739102117147,0.0,0.0,0.0,nan,0,1,1.0,0.0,7.209214366517245e-05,0.0001483285023126716,nan,7.209214366517245e-05,0.0001483285023126716,nan,0.48813598305742056,0.48813598305742056,0.0,0.0,0.0,nan,0
141,0.10400000000000008,0.45,,scientific,0,1,0.16064516129032258,1.0,0.0,7.22960985733688e-05,0.00014823781618237438,nan,7.22960985733688e-05,0.00014823781618237438,nan,0.48809092074681304,0.48809092074681304,0.0,0.0,0.0,nan,0,1,1.0,0.0,1.0553940254768756e-05,0.0001497035761937426,nan,1.0553940254768756e-05,0.0001497035761937426,nan,0.5242739102117147,0.5242739102117147,0.0,0.0,0.0,nan,0,1,1.0,0.0,7.22960985733688e-05,0.00014823781618237438,nan,7.22960985733688e-05,0.00014823781618237438,nan,0.48809092074681304,0.48809092074681304,0.0,0.0,0.0,nan,0
142,0.10500000000000008,0.45,,scientific,0,1,0.16064516129032258,1.0,0.0,7.249975952799409e-05,0.00014814805372745545,nan,7.249975952799409e-05,0.00014814805372745545,nan,0.4880452431889052,0.4880452431889052,0.0,0.0,0.0,nan,0,1,1.0,0.0,1.0553940254768756e-05,0.0001497035761937426,nan,1.0553940254768756e-05,0.0001497035761937426,nan,0.5242739102117147,0.5242739102117147,0.0,0.0,0.0,nan,0,1,1.0,0.0,7.249975952799409e-05,0.00014814805372745545,nan,7.249975952799409e-05,0.00014814805372745545,nan,0.4880452431889052,0.4880452431889052,0.0,0.0,0.0,nan,0
143,0.10600000000000008,0.45,,scientific,0,1,0.16064516129032258,1.0,0.0,7.270311434797451e-05,0.00014805919772095953,nan,7.270311434797451e-05,0.00014805919772095953,nan,0.4879989513231482,0.4879989513231482,0.0,0.0,0.0,nan,0,1,1.0,0.0,1.0553940254768756e-05,0.0001497035761937426,nan,1.0553940254768756e-05,0.0001497035761937426,nan,0.5242739102117147,0.5242739102117147,0.0,0.0,0.0,nan,0,1,1.0,0.0,7.270311434797451e-05,0.00014805919772095953,nan,7.270311434797451e-05,0.00014805919772095953,nan,0.4879989513231482,0.4879989513231482,0.0,0.0,0.0,nan,0
144,0.10700000000000008,0.45,,scientific,0,1,0.16064516129032258,1.0,0.0,7.2906147503279e-05,0.0001479712543209352,nan,7.2906147503279e-05,0.0001479712543209352,nan,0.48795204612110066,0.48795204612110066,0.0,0.0,0.0,nan,0,1,1.0,0.0,1.0553940254768756e-05,0.0001497035761937426,nan,1.0553940254768756e-05,0.0001497035761937426,nan,0.5242739102117147,0.5242739102117147,0.0,0.0,0.0,nan,0,1,1.0,0.0,7.2906147503279e-05,0.0001479712543209352,nan,7.2906147503279e-05,0.0001479712543209352,nan,0.48795204612110066,0.48795204612110066,0.0,0.0,0.0,nan,0
145,0.10800000000000008,0.45,,scientific,0,1,0.16064516129032258,1.0,0.0,7.310884609897619e-05,0.00014788423033605894,nan,7.310884609897619e-05,0.00014788423033605894,nan,0.487904528577983,0.487904528577983,0.0,0.0,0.0,nan,0,1,1.0,0.0,1.0553940254768756e-05,0.0001497035761937426,nan,1.0553940254768756e-05,0.0001497035761937426,nan,0.5242739102117147,0.5242739102117147,0.0,0.0,0.0,nan,0,1,1.0,0.0,7.310884609897619e-05,0.00014788423033605894,nan,7.310884609897619e-05,0.00014788423033605894,nan,0.487904528577983,0.487904528577983,0.0,0.0,0.0,nan,0
146,0.10900000000000008,0.45,,scientific,0,1,0.16064516129032258,1.0,0.0,7.33111922790445e-05,0.00014779814095793893,nan,7.33111922790445e-05,0.00014779814095793893,nan,0.48785639968227257,0.48785639968227257,0.0,0.0,0.0,nan,0,1,1.0,0.0,1.0553940254768756e-05,0.0001497035761937426,nan,1.0553940254768756e-05,0.0001497035761937426,nan,0.5242739102117147,0.5242739102117147,0.0,0.0,0.0,nan,0,1,1.0,0.0,7.33111922790445e-05,0.00014779814095793893,nan,7.33111922790445e-05,0.00014779814095793893,nan,0.48785639968227257,0.48785639968227257,0.0,0.0,0.0,nan,0
147,0.11000000000000008,0.45,,scientific,0,1,0.16064516129032258,1.0,0.0,7.351316167290858e-05,0.0001477129944788496,nan,7.351316167290858e-05,0.0001477129944788496,nan,0.4878076604508469,0.4878076604508469,0.0,0.0,0.0,nan,0,1,1.0,0.0,1.0553940254768756e-05,0.0001497035761937426,nan,1.0553940254768756e-05,0.0001497035761937426,nan,0.5242739102117147,0.5242739102117147,0.0,0.0,0.0,nan,0,1,1.0,0.0,7.351316167290858e-05,0.0001477129944788496,nan,7.351316167290858e-05,0.0001477129944788496,nan,0.4878076604508469,0.4878076604508469,0.0,0.0,0.0,nan,0
148,0.11100000000000008,0.45,,scientific,0,1,0.16064516129032258,1.0,0.0,0.00024391944081185793,0.0010810585010566334,nan,0.00024391944081185793,0.0010810585010566334,nan,0.48892745128191306,0.48892745128191306,0.0,0.0,0.0,nan,0,1,1.0,0.0,0.0001617772935282839,0.000978097324525185,nan,0.0001617772935282839,0.000978097324525185,nan,0.5253504480150333,0.5253504480150333,0.0,0.0,0.0,nan,0,1,1.0,0.0,0.00024391944081185793,0.0010810585010566334,nan,0.00024391944081185793,0.0010810585010566334,nan,0.48892745128191306,0.48892745128191306,0.0,0.0,0.0,nan,0
149,0.11200000000000009,0.45,,scientific,0,1,0.16064516129032258,1.0,0.0,0.00024426826198795034,0.001081793240436064,nan,0.00024426826198795034,0.001081793240436064,nan,0.48887845331470137,0.48887845331470137,0.0,0.0,0.0,nan,0,1,1.0,0.0,0.0001617772935282839,0.000978097324525185,nan,0.0001617772935282839,0.000978097324525185,nan,0.5253504480150333,0.5253504480150333,0.0,0.0,0.0,nan,0,1,1.0,0.0,0.00024426826198795034,0.001081793240436064,nan,0.00024426826198795034,0.001081793240436064,nan,0.48887845331470137,0.48887845331470137,0.0,0.0,0.0,nan,0
150,0.11300000000000009,0.45,,scientific,0,1,0.16064516129032258,1.0,0.0,0.0007323872696077967,0.0013062529176476087,nan,0.0007323872696077967,0.0013062529176476087,nan,0.49120778065173193,0.49120778065173193,0.0,0.0,0.0,nan,0,1,1.0,0.0,0.0005931558645517297,0.0011618264297707202,nan,0.0005931558645517297,0.0011618264297707202,nan,0.5275035236216706,0.5275035236216706,0.0,0.0,0.0,nan,0,1,1.0,0.0,0.0007323872696077967,0.0013062529176476087,nan,0.0007323872696077967,0.0013062529176476087,nan,0.49120778065173193,0.49120778065173193,0.0,0.0,0.0,nan,0
151,0.11400000000000009,0.45,,scientific,0,1,0.16064516129032258,1.0,0.0,0.0007331673524616322,0.0013072717303688618,nan,0.0007331673524616322,0.0013072717303688618,nan,0.4911597118941379,0.4911597118941379,0.0,0.0,0.0,nan,0,1,1.0,0.0,0.0005931558645517297,0.0011618264297707202,nan,0.0005931558645517297,0.0011618264297707202,nan,0.5275035236216706,0.5275035236216706,0.0,0.0,0.0,nan,0,1,1.0,0.0,0.0007331673524616322,0.0013072717303688618,nan,0.0007331673524616322,0.0013072717303688618,nan,0.4911597118941379,0.4911597118941379,0.0,0.0,0.0,nan,0
152,0.11500000000000009,0.45,,scientific,0,1,0.16064516129032258,1.0,0.0,0.0007339474018407393,0.0013082920095531672,nan,0.0007339474018407393,0.0013082920095531672,nan,0.4911110371515346,0.4911110371515346,0.0,0.0,0.0,nan,0,1,1.0,0.0,0.0005931558645517297,0.0011618264297707202,nan,0.0005931558645517297,0.0011618264297707202,nan,0.5275035236216706,0.5275035236216706,0.0,0.0,0.0,nan,0,1,1.0,0.0,0.0007339474018407393,0.0013082920095531672,nan,0.0007339474018407393,0.0013082920095531672,nan,0.4911110371515346,0.4911110371515346,0.0,0.0,0.0,nan,0
153,0.11600000000000009,0.45,,scientific,0,1,0.16064516129032258,1.0,0.0,0.0007347273686608307,0.0013093137462208868,nan,0.0007347273686608307,0.0013093137462208868,nan,0.4910617574994246,0.4910617574994246,0.0,0.0,0.0,nan,0,1,1.0,0.0,0.0005931558645517297,0.0011618264297707202,nan,0.0005931558645517297,0.0011618264297707202,nan,0.5275035236216706,0.5275035236216706,0.0,0.0,0.0,nan,0,1,1.0,0.0,0.0007347273686608307,0.0013093137462208868,nan,0.0007347273686608307,0.0013093137462208868,nan,0.4910617574994246,0.4910617574994246,0.0,0.0,0.0,nan,0
154,0.11700000000000009,0.45,,scientific,0,1,0.16064516129032258,1.0,0.0,0.0007355073184223704,0.0013103369958920486,nan,0.0007355073184223704,0.0013103369958920486,nan,0.4910118740370782,0.4910118740370782,0.0,0.0,0.0,nan,0,1,1.0,0.0,0.0005931558645517297,0.0011618264297707202,nan,0.0005931558645517297,0.0011618264297707202,nan,0.5275035236216706,0.5275035236216706,0.0,0.0,0.0,nan,0,1,1.0,0.0,0.0007355073184223704,0.0013103369958920486,nan,0.0007355073184223704,0.0013103369958920486,nan,0.4910118740370782,0.4910118740370782,0.0,0.0,0.0,nan,0
155,0.11800000000000009,0.45,,scientific,0,1,0.16064516129032258,1.0,0.0,0.0007362872454199534,0.001311361859401131,nan,0.0007362872454199534,0.001311361859401131,nan,0.49096138783124,0.49096138783124,0.0,0.0,0.0,nan,0,1,1.0,0.0,0.0005931558645517297,0.0011618264297707202,nan,0.0005931558645517297,0.0011618264297707202,nan,0.5275035236216706,0.5275035236216706,0.0,0.0,0.0,nan,0,1,1.0,0.0,0.0007362872454199534,0.001311361859401131,nan,0.0007362872454199534,0.001311361859401131,nan,0.49096138783124,0.49096138783124,0.0,0.0,0.0,nan,0
156,0.11900000000000009,0.45,,scientific,0,1,0.16064516129032258,1.0,0.0,0.0007370670855195245,0.001312388320511982,nan,0.0007370670855195245,0.001312388320511982,nan,0.4909102997420716,0.4909102997420716,0.0,0.0,0.0,nan,0,1,1.0,0.0,0.0005931558645517297,0.0011618264297707202,nan,0.0005931558645517297,0.0011618264297707202,nan,0.5275035236216706,0.5275035236216706,0.0,0.0,0.0,nan,0,1,1.0,0.0,0.0007370670855195245,0.001312388320511982,nan,0.0007370670855195245,0.001312388320511982,nan,0.4909102997420716,0.4909102997420716,0.0,0.0,0.0,nan,0
157,0.12000000000000009,0.45,,scientific,0,1,0.16064516129032258,1.0,0.0,0.0007283076544864498,0.0003638535197723924,nan,0.0007283076544864498,0.0003638535197723924,nan,0.4920299378190524,0.4920299378190524,0.0,0.0,0.0,nan,0,1,1.0,0.0,0.0005850061066293991,0.00032084229063560445,nan,0.0005850061066293991,0.00032084229063560445,nan,0.5285800614244525,0.5285800614244525,0.0,0.0,0.0,nan,0,1,1.0,0.0,0.0007283076544864498,0.0003638535197723924,nan,0.0007283076544864498,0.0003638535197723924,nan,0.4920299378190524,0.4920299378190524,0.0,0.0,0.0,nan,0
158,0.1210000000000001,0.45,,scientific,0,1,0.16064516129032258,1.0,0.0,0.0007290774354839891,0.00036408221687414706,nan,0.0007290774354839891,0.00036408221687414706,nan,0.49197856655896466,0.49197856655896466,0.0,0.0,0.0,nan,0,1,1.0,0.0,0.0005850061066293991,0.00032084229063560445,nan,0.0005850061066293991,0.00032084229063560445,nan,0.5285800614244525,0.5285800614244525,0.0,0.0,0.0,nan,0,1,1.0,0.0,0.0007290774354839891,0.00036408221687414706,nan,0.0007290774354839891,0.00036408221687414706,nan,0.49197856655896466,0.49197856655896466,0.0,0.0,0.0,nan,0
159,0.1220000000000001,0.45,,scientific,0,1,0.16064516129032258,1.0,0.0,0.0007298471434385303,0.00036431188646262214,nan,0.0007298471434385303,0.00036431188646262214,nan,0.491926596329858,0.491926596329858,0.0,0.0,0.0,nan,0,1,1.0,0.0,0.0005850061066293991,0.00032084229063560445,nan,0.0005850061066293991,0.00032084229063560445,nan,0.5285800614244525,0.5285800614244525,0.0,0.0,0.0,nan,0,1,1.0,0.0,0.0007298471434385303,0.00036431188646262214,nan,0.0007298471434385303,0.00036431188646262214,nan,0.491926596329858,0.491926596329858,0.0,0.0,0.0,nan,0
160,0.1230000000000001,0.45,,scientific,0,1,0.16064516129032258,1.0,0.0,0.0007306166142445062,0.0003645425193115192,nan,0.0007306166142445062,0.0003645425193115192,nan,0.49187402827928034,0.49187402827928034,0.0,0.0,0.0,nan,0,1,1.0,0.0,0.0005850061066293991,0.00032084229063560445,nan,0.0005850061066293991,0.00032084229063560445,nan,0.5285800614244525,0.5285800614244525,0.0,0.0,0.0,nan,0,1,1.0,0.0,0.0007306166142445062,0.0003645425193115192,nan,0.0007306166142445062,0.0003645425193115192,nan,0.49187402827928034,0.49187402827928034,0.0,0.0,0.0,nan,0
161,0.1240000000000001,0.45,,scientific,0,1,0.16064516129032258,1.0,0.0,0.0007313858461402398,0.0003647741261811451,nan,0.0007313858461402398,0.0003647741261811451,nan,0.4918208633409502,0.4918208633409502,0.0,0.0,0.0,nan,0,1,1.0,0.0,0.0005850061066293991,0.00032084229063560445,nan,0.0005850061066293991,0.00032084229063560445,nan,0.5285800614244525,0.5285800614244525,0.0,0.0,0.0,nan,0,1,1.0,0.0,0.0007313858461402398,0.0003647741261811451,nan,0.0007313858461402398,0.0003647741261811451,nan,0.4918208633409502,0.4918208633409502,0.0,0.0,0.0,nan,0
162,0.12500000000000008,0.45,,scientific,0,1,0.16064516129032258,1.0,0.0,0.0007321548724548121,0.00036500671285002073,nan,0.0007321548724548121,0.00036500671285002073,nan,0.4917671024974911,0.4917671024974911,0.0,0.0,0.0,nan,0,1,1.0,0.0,0.0005850061066293991,0.00032084229063560445,nan,0.0005850061066293991,0.00032084229063560445,nan,0.5285800614244525,0.5285800614244525,0.0,0.0,0.0,nan,0,1,1.0,0.0,0.0007321548724548121,0.00036500671285002073,nan,0.0007321548724548121,0.00036500671285002073,nan,0.4917671024974911,0.4917671024974911,0.0,0.0,0.0,nan,0
163,0.12600000000000008,0.45,,scientific,0,1,0.16064516129032258,1.0,0.0,0.001679874644513984,0.0005694285462160782,nan,0.001679874644513984,0.0005694285462160782,nan,0.4929163389153023,0.4929163389153023,0.0,0.0,0.0,nan,0,1,1.0,0.0,0.0014020035650781967,0.0004969533681003326,nan,0.0014020035650781967,0.0004969533681003326,nan,0.5296565992277712,0.5296565992277712,0.0,0.0,0.0,nan,0,1,1.0,0.0,0.001679874644513984,0.0005694285462160782,nan,0.001679874644513984,0.0005694285462160782,nan,0.4929163389153023,0.4929163389153023,0.0,0.0,0.0,nan,0
164,0.12700000000000009,0.45,,scientific,0,1,0.16064516129032258,1.0,0.0,0.0016815392828426127,0.00056985674825437,nan,0.0016815392828426127,0.00056985674825437,nan,0.4928624609650526,0.4928624609650526,0.0,0.0,0.0,nan,0,1,1.0,0.0,0.0014020035650781967,0.0004969533681003326,nan,0.0014020035650781967,0.0004969533681003326,nan,0.5296565992277712,0.5296565992277712,0.0,0.0,0.0,nan,0,1,1.0,0.0,0.0016815392828426127,0.00056985674825437,nan,0.0016815392828426127,0.00056985674825437,nan,0.4928624609650526,0.4928624609650526,0.0,0.0,0.0,nan,0
165,0.12800000000000009,0.45,,scientific,0,1,0.16064516129032258,1.0,0.0,0.0016832041665832795,0.0005702860442417308,nan,0.0016832041665832795,0.0005702860442417308,nan,0.49280799008804455,0.49280799008804455,0.0,0.0,0.0,nan,0,1,1.0,0.0,0.0014020035650781967,0.0004969533681003326,nan,0.0014020035650781967,0.0004969533681003326,nan,0.5296565992277712,0.5296565992277712,0.0,0.0,0.0,nan,0,1,1.0,0.0,0.0016832041665832795,0.0005702860442417308,nan,0.0016832041665832795,0.0005702860442417308,nan,0.49280799008804455,0.49280799008804455,0.0,0.0,0.0,nan,0
166,0.1290000000000001,0.45,,scientific,0,1,0.16064516129032258,1.0,0.0,0.001684869236542072,0.0005707164359301096,nan,0.001684869236542072,0.0005707164359301096,nan,0.4927529273215361,0.4927529273215361,0.0,0.0,0.0,nan,0,1,1.0,0.0,0.0014020035650781967,0.0004969533681003326,nan,0.0014020035650781967,0.0004969533681003326,nan,0.5296565992277712,0.5296565992277712,0.0,0.0,0.0,nan,0,1,1.0,0.0,0.001684869236542072,0.0005707164359301096,nan,0.001684869236542072,0.0005707164359301096,nan,0.4927529273215361,0.4927529273215361,0.0,0.0,0.0,nan,0
167,0.1300000000000001,0.45,,scientific,0,1,0.16064516129032258,1.0,0.0,0.0008752243270707318,0.0021096111353620653,nan,0.0008752243270707318,0.0021096111353620653,nan,0.49513060803342723,0.49513060803342723,0.0,0.0,0.0,nan,0,1,1.0,0.0,0.0007105690446341694,0.0018101651360905632,nan,0.0007105690446341694,0.0018101651360905632,nan,0.5318096748344084,0.5318096748344084,0.0,0.0,0.0,nan,0,1,1.0,0.0,0.0008752243270707318,0.0021096111353620653,nan,0.0008752243270707318,0.0021096111353620653,nan,0.49513060803342723,0.49513060803342723,0.0,0.0,0.0,nan,0
168,0.1310000000000001,0.45,,scientific,0,1,0.16064516129032258,1.0,0.0,0.0008760902538985842,0.002111543491119486,nan,0.0008760902538985842,0.002111543491119486,nan,0.49507659974572066,0.49507659974572066,0.0,0.0,0.0,nan,0,1,1.0,0.0,0.0007105690446341694,0.0018101651360905632,nan,0.0007105690446341694,0.0018101651360905632,nan,0.5318096748344084,0.5318096748344084,0.0,0.0,0.0,nan,0,1,1.0,0.0,0.0008760902538985842,0.002111543491119486,nan,0.0008760902538985842,0.002111543491119486,nan,0.49507659974572066,0.49507659974572066,0.0,0.0,0.0,nan,0
169,0.1320000000000001,0.45,,scientific,0,1,0.16064516129032258,1.0,0.0,0.0008769559160275455,0.002113477482409958,nan,0.0008769559160275455,0.002113477482409958,nan,0.4950220019266149,0.4950220019266149,0.0,0.0,0.0,nan,0,1,1.0,0.0,0.0007105690446341694,0.0018101651360905632,nan,0.0007105690446341694,0.0018101651360905632,nan,0.5318096748344084,0.5318096748344084,0.0,0.0,0.0,nan,0,1,1.0,0.0,0.0008769559160275455,0.002113477482409958,nan,0.0008769559160275455,0.002113477482409958,nan,0.4950220019266149,0.4950220019266149,0.0,0.0,0.0,nan,0
170,0.1330000000000001,0.45,,scientific,0,1,0.16064516129032258,1.0,0.0,0.001725280957549803,0.0025368953844982986,nan,0.001725280957549803,0.0025368953844982986,nan,0.4961510165284848,0.4961510165284848,0.0,0.0,0.0,nan,0,1,1.0,0.0,0.001454071618648309,0.002180454729816371,nan,0.001454071618648309,0.002180454729816371,nan,0.532886212637727,0.532886212637727,0.0,0.0,0.0,nan,0,1,1.0,0.0,0.001725280957549803,0.0025368953844982986,nan,0.001725280957549803,0.0025368953844982986,nan,0.4961510165284848,0.4961510165284848,0.0,0.0,0.0,nan,0
171,0.1340000000000001,0.45,,scientific,0,1,0.16129032258064516,1.0,0.0,0.001726852447021869,0.0025391806395965596,nan,0.001726852447021869,0.0025391806395965596,nan,0.4960961651103817,0.4960961651103817,0.0,0.0,0.0,nan,0,1,1.0,0.0,0.001454071618648309,0.002180454729816371,nan,0.001454071618648309,0.002180454729816371,nan,0.532886212637727,0.532886212637727,0.0,0.0,0.0,nan,0,1,1.0,0.0,0.001726852447021869,0.0025391806395965596,nan,0.001726852447021869,0.0025391806395965596,nan,0.4960961651103817,0.4960961651103817,0.0,0.0,0.0,nan,0
172,0.1350000000000001,0.45,,scientific,0,1,0.16129032258064516,1.0,0.0,-4.339429465950833e-05,0.0022358193446186253,nan,-4.339429465950833e-05,0.0022358193446186253,nan,0.4984852617951903,0.4984852617951903,0.0,0.0,0.0,nan,0,1,1.0,0.0,-5.117722782247981e-05,0.001922941780391153,nan,-5.117722782247981e-05,0.001922941780391153,nan,0.5350392882443642,0.5350392882443642,0.0,0.0,0.0,nan,0,1,1.0,0.0,-4.339429465950833e-05,0.0022358193446186253,nan,-4.339429465950833e-05,0.0022358193446186253,nan,0.4984852617951903,0.4984852617951903,0.0,0.0,0.0,nan,0
173,0.1360000000000001,0.45,,scientific,0,1,0.16129032258064516,1.0,0.0,-4.3545524670531174e-05,0.002237797516574077,nan,-4.3545524670531174e-05,0.002237797516574077,nan,0.49843147138606086,0.49843147138606086,0.0,0.0,0.0,nan,0,1,1.0,0.0,-5.117722782247981e-05,0.001922941780391153,nan,-5.117722782247981e-05,0.001922941780391153,nan,0.5350392882443642,0.5350392882443642,0.0,0.0,0.0,nan,0,1,1.0,0.0,-4.3545524670531174e-05,0.002237797516574077,nan,-4.3545524670531174e-05,0.002237797516574077,nan,0.49843147138606086,0.49843147138606086,0.0,0.0,0.0,nan,0
174,0.1370000000000001,0.45,,scientific,0,1,0.16129032258064516,1.0,0.0,-0.0006475617613332011,0.0014984855442795122,nan,-0.0006475617613332011,0.0014984855442795122,nan,0.4995703226085092,0.4995703226085092,0.0,0.0,0.0,nan,0,1,1.0,0.0,-0.0005771355014386422,0.001277979650349069,nan,-0.0005771355014386422,0.001277979650349069,nan,0.5361158260476828,0.5361158260476828,0.0,0.0,0.0,nan,0,1,1.0,0.0,-0.0006475617613332011,0.0014984855442795122,nan,-0.0006475617613332011,0.0014984855442795122,nan,0.4995703226085092,0.4995703226085092,0.0,0.0,0.0,nan,0
175,0.1380000000000001,0.45,,scientific,0,1,0.16129032258064516,1.0,0.0,-0.0006482287704633011,0.0014998306375405073,nan,-0.0006482287704633011,0.0014998306375405073,nan,0.49951631563929255,0.49951631563929255,0.0,0.0,0.0,nan,0,1,1.0,0.0,-0.0005771355014386422,0.001277979650349069,nan,-0.0005771355014386422,0.001277979650349069,nan,0.5361158260476828,0.5361158260476828,0.0,0.0,0.0,nan,0,1,1.0,0.0,-0.0006482287704633011,0.0014998306375405073,nan,-0.0006482287704633011,0.0014998306375405073,nan,0.49951631563929255,0.49951631563929255,0.0,0.0,0.0,nan,0
176,0.1390000000000001,0.45,,scientific,0,1,0.16129032258064516,1.0,0.0,-0.0006488965671986175,0.0015011769370853476,nan,-0.0006488965671986175,0.0015011769370853476,nan,0.49946172525901755,0.49946172525901755,0.0,0.0,0.0,nan,0,1,1.0,0.0,-0.0005771355014386422,0.001277979650349069,nan,-0.0005771355014386422,0.001277979650349069,nan,0.5361158260476828,0.5361158260476828,0.0,0.0,0.0,nan,0,1,1.0,0.0,-0.0006488965671986175,0.0015011769370853476,nan,-0.0006488965671986175,0.0015011769370853476,nan,0.49946172525901755,0.49946172525901755,0.0,0.0,0.0,nan,0
177,0.1400000000000001,0.45,,scientific,0,1,0.16129032258064516,1.0,0.0,-0.0006495651977935763,0.0015025243614317427,nan,-0.0006495651977935763,0.0015025243614317427,nan,0.49940655261528644,0.49940655261528644,0.0,0.0,0.0,nan,0,1,1.0,0.0,-0.0005771355014386422,0.001277979650349069,nan,-0.0005771355014386422,0.001277979650349069,nan,0.5361158260476828,0.5361158260476828,0.0,0.0,0.0,nan,0,1,1.0,0.0,-0.0006495651977935763,0.0015025243614317427,nan,-0.0006495651977935763,0.0015025243614317427,nan,0.49940655261528644,0.49940655261528644,0.0,0.0,0.0,nan,0
178,0.1410000000000001,0.45,,scientific,0,1,0.16129032258064516,1.0,0.0,-0.0007675291571982819,0.0014159241702693757,nan,-0.0007675291571982819,0.0014159241702693757,nan,0.5017836942245206,0.5017836942245206,0.0,0.0,0.0,nan,0,1,1.0,0.0,-0.0006797818407784903,0.001207284202317483,nan,-0.0006797818407784903,0.001207284202317483,nan,0.5382689016543201,0.5382689016543201,0.0,0.0,0.0,nan,0,1,1.0,0.0,-0.0007675291571982819,0.0014159241702693757,nan,-0.0007675291571982819,0.0014159241702693757,nan,0.5017836942245206,0.5017836942245206,0.0,0.0,0.0,nan,0
179,0.1420000000000001,0.45,,scientific,0,1,0.16129032258064516,1.0,0.0,-0.000768295037471361,0.0014171695218466503,nan,-0.000768295037471361,0.0014171695218466503,nan,0.501729468341062,0.501729468341062,0.0,0.0,0.0,nan,0,1,1.0,0.0,-0.0006797818407784903,0.001207284202317483,nan,-0.0006797818407784903,0.001207284202317483,nan,0.5382689016543201,0.5382689016543201,0.0,0.0,0.0,nan,0,1,1.0,0.0,-0.000768295037471361,0.0014171695218466503,nan,-0.000768295037471361,0.0014171695218466503,nan,0.501729468341062,0.501729468341062,0.0,0.0,0.0,nan,0
180,0.1430000000000001,0.45,,scientific,0,1,0.16129032258064516,1.0,0.0,-0.0007690617512681236,0.0014184162374249049,nan,-0.0007690617512681236,0.0014184162374249049,nan,0.5016746627732451,0.5016746627732451,0.0,0.0,0.0,nan,0,1,1.0,0.0,-0.0006797818407784903,0.001207284202317483,nan,-0.0006797818407784903,0.001207284202317483,nan,0.5382689016543201,0.5382689016543201,0.0,0.0,0.0,nan,0,1,1.0,0.0,-0.0007690617512681236,0.0014184162374249049,nan,-0.0007690617512681236,0.0014184162374249049,nan,0.5016746627732451,0.5016746627732451,0.0,0.0,0.0,nan,0
181,0.1440000000000001,0.45,,scientific,0,1,0.16193548387096773,1.0,0.0,-0.0007698293348334619,0.0014196642363763661,nan,-0.0007698293348334619,0.0014196642363763661,nan,0.50161927846972,0.50161927846972,0.0,0.0,0.0,nan,0,1,1.0,0.0,-0.0006797818407784903,0.001207284202317483,nan,-0.0006797818407784903,0.001207284202317483,nan,0.5382689016543201,0.5382689016543201,0.0,0.0,0.0,nan,0,1,1.0,0.0,-0.0007698293348334619,0.0014196642363763661,nan,-0.0007698293348334619,0.0014196642363763661,nan,0.50161927846972,0.50161927846972,0.0,0.0,0.0,nan,0
182,0.1450000000000001,0.45,,scientific,0,1,0.16193548387096773,1.0,0.0,-0.0007705978021732065,0.0014209134494220523,nan,-0.0007705978021732065,0.0014209134494220523,nan,0.5015633163813522,0.5015633163813522,0.0,0.0,0.0,nan,0,1,1.0,0.0,-0.0006797818407784903,0.001207284202317483,nan,-0.0006797818407784903,0.001207284202317483,nan,0.5382689016543201,0.5382689016543201,0.0,0.0,0.0,nan,0,1,1.0,0.0,-0.0007705978021732065,0.0014209134494220523,nan,-0.0007705978021732065,0.0014209134494220523,nan,0.5015633163813522,0.5015633163813522,0.0,0.0,0.0,nan,0
183,0.1460000000000001,0.45,,scientific,0,1,0.16193548387096773,1.0,0.0,-0.0012883533325957987,0.0022362116299559456,nan,-0.0012883533325957987,0.0022362116299559456,nan,0.5027268515851897,0.5027268515851897,0.0,0.0,0.0,nan,0,1,1.0,0.0,-0.0011207583222479116,0.0019016679134557632,nan,-0.0011207583222479116,0.0019016679134557632,nan,0.5393454394576387,0.5393454394576387,0.0,0.0,0.0,nan,0,1,1.0,0.0,-0.0012883533325957987,0.0022362116299559456,nan,-0.0012883533325957987,0.0022362116299559456,nan,0.5027268515851897,0.5027268515851897,0.0,0.0,0.0,nan,0
184,0.1470000000000001,0.45,,scientific,0,1,0.16193548387096773,1.0,0.0,-0.0012895920216806302,0.0022382009789424953,nan,-0.0012895920216806302,0.0022382009789424953,nan,0.5026707830045285,0.5026707830045285,0.0,0.0,0.0,nan,0,1,1.0,0.0,-0.0011207583222479116,0.0019016679134557632,nan,-0.0011207583222479116,0.0019016679134557632,nan,0.5393454394576387,0.5393454394576387,0.0,0.0,0.0,nan,0,1,1.0,0.0,-0.0012895920216806302,0.0022382009789424953,nan,-0.0012895920216806302,0.0022382009789424953,nan,0.5026707830045285,0.5026707830045285,0.0,0.0,0.0,nan,0
185,0.1480000000000001,0.45,,scientific,0,1,0.1625806451612903,1.0,0.0,-0.0012908317779255392,0.0022401918920724774,nan,-0.0012908317779255392,0.0022401918920724774,nan,0.5026141396026398,0.5026141396026398,0.0,0.0,0.0,nan,0,1,1.0,0.0,-0.0011207583222479116,0.0019016679134557632,nan,-0.0011207583222479116,0.0019016679134557632,nan,0.5393454394576387,0.5393454394576387,0.0,0.0,0.0,nan,0,1,1.0,0.0,-0.0012908317779255392,0.0022401918920724774,nan,-0.0012908317779255392,0.0022401918920724774,nan,0.5026141396026398,0.5026141396026398,0.0,0.0,0.0,nan,0
186,0.1490000000000001,0.45,,scientific,0,1,0.1625806451612903,1.0,0.0,-0.0012920726216039628,0.0022421843251806146,nan,-0.0012920726216039628,0.0022421843251806146,nan,0.5025569223931978,0.5025569223931978,0.0,0.0,0.0,nan,0,1,1.0,0.0,-0.0011207583222479116,0.0019016679134557632,nan,-0.0011207583222479116,0.0019016679134557632,nan,0.5393454394576387,0.5393454394576387,0.0,0.0,0.0,nan,0,1,1.0,0.0,-0.0012920726216039628,0.0022421843251806146,nan,-0.0012920726216039628,0.0022421843251806146,nan,0.5025569223931978,0.5025569223931978,0.0,0.0,0.0,nan,0
187,0.1500000000000001,0.45,,scientific,0,1,0.1625806451612903,1.0,0.0,-0.0012933145709787446,0.0022441782414561644,nan,-0.0012933145709787446,0.0022441782414561644,nan,0.5024991324129746,0.5024991324129746,0.0,0.0,0.0,nan,0,1,1.0,0.0,-0.0011207583222479116,0.0019016679134557632,nan,-0.0011207583222479116,0.0019016679134557632,nan,0.5393454394576387,0.5393454394576387,0.0,0.0,0.0,nan,0,1,1.0,0.0,-0.0012933145709787446,0.0022441782414561644,nan,-0.0012933145709787446,0.0022441782414561644,nan,0.5024991324129746,0.5024991324129746,0.0,0.0,0.0,nan,0
188,0.1510000000000001,0.45,,scientific,0,1,0.1625806451612903,1.0,0.0,-0.0012945576544548683,0.0022461736394113,nan,-0.0012945576544548683,0.0022461736394113,nan,0.5024407707628413,0.5024407707628413,0.0,0.0,0.0,nan,0,1,1.0,0.0,-0.0011207583222479116,0.0019016679134557632,nan,-0.0011207583222479116,0.0019016679134557632,nan,0.5393454394576387,0.5393454394576387,0.0,0.0,0.0,nan,0,1,1.0,0.0,-0.0012945576544548683,0.0022461736394113,nan,-0.0012945576544548683,0.0022461736394113,nan,0.5024407707628413,0.5024407707628413,0.0,0.0,0.0,nan,0
189,0.1520000000000001,0.45,,scientific,0,1,0.1625806451612903,1.0,0.0,-9.734223313380454e-05,0.0012471490631544395,nan,-9.734223313380454e-05,0.0012471490631544395,nan,0.5048148789361361,0.5048148789361361,0.0,0.0,0.0,nan,0,1,1.0,0.0,-0.00010493135335330559,0.0010380297110774447,nan,-0.00010493135335330559,0.0010380297110774447,nan,0.541498515062959,0.541498515062959,0.0,0.0,0.0,nan,0,1,1.0,0.0,-9.734223313380454e-05,0.0012471490631544395,nan,-9.734223313380454e-05,0.0012471490631544395,nan,0.5048148789361361,0.5048148789361361,0.0,0.0,0.0,nan,0
190,0.1530000000000001,0.45,,scientific,0,1,0.1625806451612903,1.0,0.0,-0.0018083842941300017,0.0005445260679305886,nan,-0.0018083842941300017,0.0005445260679305886,nan,0.5072252635789916,0.5072252635789916,0.0,0.0,0.0,nan,0,1,1.0,0.0,-0.0015497046639720157,0.0004484497790759994,nan,-0.0015497046639720157,0.0004484497790759994,nan,0.5436515906695962,0.5436515906695962,0.0,0.0,0.0,nan,0,1,1.0,0.0,-0.0018083842941300017,0.0005445260679305886,nan,-0.0018083842941300017,0.0005445260679305886,nan,0.5072252635789916,0.5072252635789916,0.0,0.0,0.0,nan,0
191,0.1540000000000001,0.45,,scientific,0,1,0.1625806451612903,1.0,0.0,-0.0018101111577132985,0.0005450197098514703,nan,-0.0018101111577132985,0.0005450197098514703,nan,0.5071693305330824,0.5071693305330824,0.0,0.0,0.0,nan,0,1,1.0,0.0,-0.0015497046639720157,0.0004484497790759994,nan,-0.0015497046639720157,0.0004484497790759994,nan,0.5436515906695962,0.5436515906695962,0.0,0.0,0.0,nan,0,1,1.0,0.0,-0.0018101111577132985,0.0005450197098514703,nan,-0.0018101111577132985,0.0005450197098514703,nan,0.5071693305330824,0.5071693305330824,0.0,0.0,0.0,nan,0
192,0.1550000000000001,0.45,,scientific,0,1,0.1625806451612903,1.0,0.0,-0.0018118392036140414,0.0005455140123555667,nan,-0.0018118392036140414,0.0005455140123555667,nan,0.5071128285866566,0.5071128285866566,0.0,0.0,0.0,nan,0,1,1.0,0.0,-0.0015497046639720157,0.0004484497790759994,nan,-0.0015497046639720157,0.0004484497790759994,nan,0.5436515906695962,0.5436515906695962,0.0,0.0,0.0,nan,0,1,1.0,0.0,-0.0018118392036140414,0.0005455140123555667,nan,-0.0018118392036140414,0.0005455140123555667,nan,0.5071128285866566,0.5071128285866566,0.0,0.0,0.0,nan,0
193,0.1560000000000001,0.45,,scientific,0,1,0.1625806451612903,1.0,0.0,-0.0018135684381565707,0.0005460090029351618,nan,-0.0018135684381565707,0.0005460090029351618,nan,0.5070557587656538,0.5070557587656538,0.0,0.0,0.0,nan,0,1,1.0,0.0,-0.0015497046639720157,0.0004484497790759994,nan,-0.0015497046639720157,0.0004484497790759994,nan,0.5436515906695962,0.5436515906695962,0.0,0.0,0.0,nan,0,1,1.0,0.0,-0.0018135684381565707,0.0005460090029351618,nan,-0.0018135684381565707,0.0005460090029351618,nan,0.5070557587656538,0.5070557587656538,0.0,0.0,0.0,nan,0
194,0.1570000000000001,0.45,,scientific,0,1,0.16322580645161291,1.0,0.0,-0.0018152988573203242,0.0005465046895750421,nan,-0.0018152988573203242,0.0005465046895750421,nan,0.5069981221105382,0.5069981221105382,0.0,0.0,0.0,nan,0,1,1.0,0.0,-0.0015497046639720157,0.0004484497790759994,nan,-0.0015497046639720157,0.0004484497790759994,nan,0.5436515906695962,0.5436515906695962,0.0,0.0,0.0,nan,0,1,1.0,0.0,-0.0018152988573203242,0.0005465046895750421,nan,-0.0018152988573203242,0.0005465046895750421,nan,0.5069981221105382,0.5069981221105382,0.0,0.0,0.0,nan,0
195,0.1580000000000001,0.45,,scientific,0,1,0.16322580645161291,1.0,0.0,-0.001817030434645983,0.0005470010659660452,nan,-0.001817030434645983,0.0005470010659660452,nan,0.5069399196444306,0.5069399196444306,0.0,0.0,0.0,nan,0,1,1.0,0.0,-0.0015497046639720157,0.0004484497790759994,nan,-0.0015497046639720157,0.0004484497790759994,nan,0.5436515906695962,0.5436515906695962,0.0,0.0,0.0,nan,0,1,1.0,0.0,-0.001817030434645983,0.0005470010659660452,nan,-0.001817030434645983,0.0005470010659660452,nan,0.5069399196444306,0.5069399196444306,0.0,0.0,0.0,nan,0
196,0.1590000000000001,0.45,,scientific,0,1,0.16322580645161291,1.0,0.0,-0.0018187631549191306,0.0005474981253985272,nan,-0.0018187631549191306,0.0005474981253985272,nan,0.5068811524120046,0.5068811524120046,0.0,0.0,0.0,nan,0,1,1.0,0.0,-0.0015497046639720157,0.0004484497790759994,nan,-0.0015497046639720157,0.0004484497790759994,nan,0.5436515906695962,0.5436515906695962,0.0,0.0,0.0,nan,0,1,1.0,0.0,-0.0018187631549191306,0.0005474981253985272,nan,-0.0018187631549191306,0.0005474981253985272,nan,0.5068811524120046,0.5068811524120046,0.0,0.0,0.0,nan,0
197,0.16000000000000011,0.45,,scientific,0,1,0.16322580645161291,1.0,0.0,-0.002778078265429985,0.0004107262374781604,nan,-0.002778078265429985,0.0004107262374781604,nan,0.5080562641487456,0.5080562641487456,0.0,0.0,0.0,nan,0,1,1.0,0.0,-0.0023578842885694537,0.00033299211029750106,nan,-0.0023578842885694537,0.00033299211029750106,nan,0.5447281284729149,0.5447281284729149,0.0,0.0,0.0,nan,0,1,1.0,0.0,-0.002778078265429985,0.0004107262374781604,nan,-0.002778078265429985,0.0004107262374781604,nan,0.5080562641487456,0.5080562641487456,0.0,0.0,0.0,nan,0
198,0.16100000000000012,0.45,,scientific,0,1,0.16322580645161291,1.0,0.0,-0.002099271932407773,-0.00029305630595501434,nan,-0.002099271932407773,-0.00029305630595501434,nan,0.5092387521033472,0.5092387521033472,0.0,0.0,0.0,nan,0,1,1.0,0.0,-0.0017873924895323154,-0.0002576110238249505,nan,-0.0017873924895323154,-0.0002576110238249505,nan,0.5458046662762335,0.5458046662762335,0.0,0.0,0.0,nan,0,1,1.0,0.0,-0.002099271932407773,-0.00029305630595501434,nan,-0.002099271932407773,-0.00029305630595501434,nan,0.5092387521033472,0.5092387521033472,0.0,0.0,0.0,nan,0
199,0.16200000000000012,0.45,,scientific,0,1,0.16322580645161291,1.0,0.0,-0.0021012350307181562,-0.00029332481826191653,nan,-0.0021012350307181562,-0.00029332481826191653,nan,0.5091804087032507,0.5091804087032507,0.0,0.0,0.0,nan,0,1,1.0,0.0,-0.0017873924895323154,-0.0002576110238249505,nan,-0.0017873924895323154,-0.0002576110238249505,nan,0.5458046662762335,0.5458046662762335,0.0,0.0,0.0,nan,0,1,1.0,0.0,-0.0021012350307181562,-0.00029332481826191653,nan,-0.0021012350307181562,-0.00029332481826191653,nan,0.5091804087032507,0.5091804087032507,0.0,0.0,0.0,nan,0
200,0.16300000000000012,0.45,,scientific,0,1,0.1638709677419355,1.0,0.0,-0.0012399792812861372,-0.0006935958236144984,nan,-0.0012399792812861372,-0.0006935958236144984,nan,0.5103290142256742,0.5103290142256742,0.0,0.0,0.0,nan,0,1,1.0,0.0,-0.0010438057699129757,-0.0006026364822390399,nan,-0.0010438057699129757,-0.0006026364822390399,nan,0.5468812040795521,0.5468812040795521,0.0,0.0,0.0,nan,0,1,1.0,0.0,-0.0012399792812861372,-0.0006935958236144984,nan,-0.0012399792812861372,-0.0006935958236144984,nan,0.5103290142256742,0.5103290142256742,0.0,0.0,0.0,nan,0
201,0.16400000000000012,0.45,,scientific,0,1,0.1638709677419355,1.0,0.0,-0.0012412536938430207,-0.0006941810092570918,nan,-0.0012412536938430207,-0.0006941810092570918,nan,0.5102704472093365,0.5102704472093365,0.0,0.0,0.0,nan,0,1,1.0,0.0,-0.0010438057699129757,-0.0006026364822390399,nan,-0.0010438057699129757,-0.0006026364822390399,nan,0.5468812040795521,0.5468812040795521,0.0,0.0,0.0,nan,0,1,1.0,0.0,-0.0012412536938430207,-0.0006941810092570918,nan,-0.0012412536938430207,-0.0006941810092570918,nan,0.5102704472093365,0.5102704472093365,0.0,0.0,0.0,nan,0
202,0.16500000000000012,0.45,,scientific,0,1,0.1638709677419355,1.0,0.0,-0.0012425288699669116,-0.0006947659834268868,nan,-0.0012425288699669116,-0.0006947659834268868,nan,0.5102113206758353,0.5102113206758353,0.0,0.0,0.0,nan,0,1,1.0,0.0,-0.0010438057699129757,-0.0006026364822390399,nan,-0.0010438057699129757,-0.0006026364822390399,nan,0.5468812040795521,0.5468812040795521,0.0,0.0,0.0,nan,0,1,1.0,0.0,-0.0012425288699669116,-0.0006947659834268868,nan,-0.0012425288699669116,-0.0006947659834268868,nan,0.5102113206758353,0.5102113206758353,0.0,0.0,0.0,nan,0
203,0.16600000000000012,0.45,,scientific,0,1,0.1638709677419355,1.0,0.0,-0.001243804799544019,-0.0006953507535954634,nan,-0.001243804799544019,-0.0006953507535954634,nan,0.51015163566106,0.51015163566106,0.0,0.0,0.0,nan,0,1,1.0,0.0,-0.0010438057699129757,-0.0006026364822390399,nan,-0.0010438057699129757,-0.0006026364822390399,nan,0.5468812040795521,0.5468812040795521,0.0,0.0,0.0,nan,0,1,1.0,0.0,-0.001243804799544019,-0.0006953507535954634,nan,-0.001243804799544019,-0.0006953507535954634,nan,0.51015163566106,0.51015163566106,0.0,0.0,0.0,nan,0
204,0.16700000000000012,0.45,,scientific,0,1,0.1638709677419355,1.0,0.0,-0.0012450814579772732,-0.0006959353074429411,nan,-0.0012450814579772732,-0.0006959353074429411,nan,0.5100913932342692,0.5100913932342692,0.0,0.0,0.0,nan,0,1,1.0,0.0,-0.0010438057699129757,-0.0006026364822390399,nan,-0.0010438057699129757,-0.0006026364822390399,nan,0.5468812040795521,0.5468812040795521,0.0,0.0,0.0,nan,0,1,1.0,0.0,-0.0012450814579772732,-0.0006959353074429411,nan,-0.0012450814579772732,-0.0006959353074429411,nan,0.5100913932342692,0.5100913932342692,0.0,0.0,0.0,nan,0
205,0.16800000000000012,0.45,,scientific,0,1,0.1638709677419355,1.0,0.0,-0.0012463588359204027,-0.0006965196477050515,nan,-0.0012463588359204027,-0.0006965196477050515,nan,0.5100305944411934,0.5100305944411934,0.0,0.0,0.0,nan,0,1,1.0,0.0,-0.0010438057699129757,-0.0006026364822390399,nan,-0.0010438057699129757,-0.0006026364822390399,nan,0.5468812040795521,0.5468812040795521,0.0,0.0,0.0,nan,0,1,1.0,0.0,-0.0012463588359204027,-0.0006965196477050515,nan,-0.0012463588359204027,-0.0006965196477050515,nan,0.5100305944411934,0.5100305944411934,0.0,0.0,0.0,nan,0
206,0.16900000000000012,0.45,,scientific,0,1,0.1638709677419355,1.0,0.0,-0.001247636931209638,-0.0006971038220806289,nan,-0.001247636931209638,-0.0006971038220806289,nan,0.5099692403543118,0.5099692403543118,0.0,0.0,0.0,nan,0,1,1.0,0.0,-0.0010438057699129757,-0.0006026364822390399,nan,-0.0010438057699129757,-0.0006026364822390399,nan,0.5468812040795521,0.5468812040795521,0.0,0.0,0.0,nan,0,1,1.0,0.0,-0.001247636931209638,-0.0006971038220806289,nan,-0.001247636931209638,-0.0006971038220806289,nan,0.5099692403543118,0.5099692403543118,0.0,0.0,0.0,nan,0
207,0.17000000000000012,0.45,,scientific,0,1,0.1638709677419355,1.0,0.0,-0.0012489157038417255,-0.0006976878914475731,nan,-0.0012489157038417255,-0.0006976878914475731,nan,0.509907332161785,0.509907332161785,0.0,0.0,0.0,nan,0,1,1.0,0.0,-0.0010438057699129757,-0.0006026364822390399,nan,-0.0010438057699129757,-0.0006026364822390399,nan,0.5468812040795521,0.5468812040795521,0.0,0.0,0.0,nan,0,1,1.0,0.0,-0.0012489157038417255,-0.0006976878914475731,nan,-0.0012489157038417255,-0.0006976878914475731,nan,0.509907332161785,0.509907332161785,0.0,0.0,0.0,nan,0
208,0.17100000000000012,0.45,,scientific,0,1,0.1638709677419355,1.0,0.0,-0.0012501951881724637,-0.0006982718002805742,nan,-0.0012501951881724637,-0.0006982718002805742,nan,0.5098448708021452,0.5098448708021452,0.0,0.0,0.0,nan,0,1,1.0,0.0,-0.0010438057699129757,-0.0006026364822390399,nan,-0.0010438057699129757,-0.0006026364822390399,nan,0.5468812040795521,0.5468812040795521,0.0,0.0,0.0,nan,0,1,1.0,0.0,-0.0012501951881724637,-0.0006982718002805742,nan,-0.0012501951881724637,-0.0006982718002805742,nan,0.5098448708021452,0.5098448708021452,0.0,0.0,0.0,nan,0
209,0.17200000000000013,0.45,,scientific,0,1,0.1638709677419355,1.0,0.0,-0.0012514753708453923,-0.0006988555007504725,nan,-0.0012514753708453923,-0.0006988555007504725,nan,0.509781857238253,0.509781857238253,0.0,0.0,0.0,nan,0,1,1.0,0.0,-0.0010438057699129757,-0.0006026364822390399,nan,-0.0010438057699129757,-0.0006026364822390399,nan,0.5468812040795521,0.5468812040795521,0.0,0.0,0.0,nan,0,1,1.0,0.0,-0.0012514753708453923,-0.0006988555007504725,nan,-0.0012514753708453923,-0.0006988555007504725,nan,0.509781857238253,0.509781857238253,0.0,0.0,0.0,nan,0
210,0.17300000000000013,0.45,,scientific,0,1,0.16451612903225807,1.0,0.0,-0.0012527562366348075,-0.000699438979381374,nan,-0.0012527562366348075,-0.000699438979381374,nan,0.5097182925395771,0.5097182925395771,0.0,0.0,0.0,nan,0,1,1.0,0.0,-0.0010438057699129757,-0.0006026364822390399,nan,-0.0010438057699129757,-0.0006026364822390399,nan,0.5468812040795521,0.5468812040795521,0.0,0.0,0.0,nan,0,1,1.0,0.0,-0.0012527562366348075,-0.000699438979381374,nan,-0.0012527562366348075,-0.000699438979381374,nan,0.5097182925395771,0.5097182925395771,0.0,0.0,0.0,nan,0
211,0.17400000000000013,0.45,,scientific,0,1,0.16451612903225807,1.0,0.0,-0.001254037772579033,-0.0007000222346651952,nan,-0.001254037772579033,-0.0007000222346651952,nan,0.5096541776924031,0.5096541776924031,0.0,0.0,0.0,nan,0,1,1.0,0.0,-0.0010438057699129757,-0.0006026364822390399,nan,-0.0010438057699129757,-0.0006026364822390399,nan,0.5468812040795521,0.5468812040795521,0.0,0.0,0.0,nan,0,1,1.0,0.0,-0.001254037772579033,-0.0007000222346651952,nan,-0.001254037772579033,-0.0007000222346651952,nan,0.5096541776924031,0.5096541776924031,0.0,0.0,0.0,nan,0
212,0.17500000000000013,0.45,,scientific,0,1,0.16451612903225807,1.0,0.0,-0.001255319964121413,-0.0007006052688923663,nan,-0.001255319964121413,-0.0007006052688923663,nan,0.5095895137939879,0.5095895137939879,0.0,0.0,0.0,nan,0,1,1.0,0.0,-0.0010438057699129757,-0.0006026364822390399,nan,-0.0010438057699129757,-0.0006026364822390399,nan,0.5468812040795521,0.5468812040795521,0.0,0.0,0.0,nan,0,1,1.0,0.0,-0.001255319964121413,-0.0007006052688923663,nan,-0.001255319964121413,-0.0007006052688923663,nan,0.5095895137939879,0.5095895137939879,0.0,0.0,0.0,nan,0
213,0.17600000000000013,0.45,,scientific,0,1,0.16451612903225807,1.0,0.0,-0.0012566027890813433,-0.0007011880531601736,nan,-0.0012566027890813433,-0.0007011880531601736,nan,0.5095243019516744,0.5095243019516744,0.0,0.0,0.0,nan,0,1,1.0,0.0,-0.0010438057699129757,-0.0006026364822390399,nan,-0.0010438057699129757,-0.0006026364822390399,nan,0.5468812040795521,0.5468812040795521,0.0,0.0,0.0,nan,0,1,1.0,0.0,-0.0012566027890813433,-0.0007011880531601736,nan,-0.0012566027890813433,-0.0007011880531601736,nan,0.5095243019516744,0.5095243019516744,0.0,0.0,0.0,nan,0
214,0.17700000000000013,0.45,,scientific,0,1,0.16451612903225807,1.0,0.0,-0.0012578862317210436,-0.0007017705873873621,nan,-0.0012578862317210436,-0.0007017705873873621,nan,0.5094585432499724,0.5094585432499724,0.0,0.0,0.0,nan,0,1,1.0,0.0,-0.0010438057699129757,-0.0006026364822390399,nan,-0.0010438057699129757,-0.0006026364822390399,nan,0.5468812040795521,0.5468812040795521,0.0,0.0,0.0,nan,0,1,1.0,0.0,-0.0012578862317210436,-0.0007017705873873621,nan,-0.0012578862317210436,-0.0007017705873873621,nan,0.5094585432499724,0.5094585432499724,0.0,0.0,0.0,nan,0
215,0.17800000000000013,0.45,,scientific,0,1,0.16451612903225807,1.0,0.0,-0.0012591702866426573,-0.0007023529046123358,nan,-0.0012591702866426573,-0.0007023529046123358,nan,0.5093922386817437,0.5093922386817437,0.0,0.0,0.0,nan,0,1,1.0,0.0,-0.0010438057699129757,-0.0006026364822390399,nan,-0.0010438057699129757,-0.0006026364822390399,nan,0.5468812040795521,0.5468812040795521,0.0,0.0,0.0,nan,0,1,1.0,0.0,-0.0012591702866426573,-0.0007023529046123358,nan,-0.0012591702866426573,-0.0007023529046123358,nan,0.5093922386817437,0.5093922386817437,0.0,0.0,0.0,nan,0
216,0.17900000000000013,0.45,,scientific,0,1,0.16451612903225807,1.0,0.0,-0.0014999619315689584,0.00026515582938612894,nan,-0.0014999619315689584,0.00026515582938612894,nan,0.5105944975264248,0.5105944975264248,0.0,0.0,0.0,nan,0,1,1.0,0.0,-0.0012407643862201575,0.00019069460086935648,nan,-0.0012407643862201575,0.00019069460086935648,nan,0.5479577418828707,0.5479577418828707,0.0,0.0,0.0,nan,0,1,1.0,0.0,-0.0014999619315689584,0.00026515582938612894,nan,-0.0014999619315689584,0.00026515582938612894,nan,0.5105944975264248,0.5105944975264248,0.0,0.0,0.0,nan,0
217,0.18000000000000013,0.45,,scientific,0,1,0.16451612903225807,1.0,0.0,-0.0015014646972755857,0.0002654715146513405,nan,-0.0015014646972755857,0.0002654715146513405,nan,0.5105282017328474,0.5105282017328474,0.0,0.0,0.0,nan,0,1,1.0,0.0,-0.0012407643862201575,0.00019069460086935648,nan,-0.0012407643862201575,0.00019069460086935648,nan,0.5479577418828707,0.5479577418828707,0.0,0.0,0.0,nan,0,1,1.0,0.0,-0.0015014646972755857,0.0002654715146513405,nan,-0.0015014646972755857,0.0002654715146513405,nan,0.5105282017328474,0.5105282017328474,0.0,0.0,0.0,nan,0
218,0.18100000000000013,0.45,,scientific,0,1,0.16451612903225807,1.0,0.0,-0.0015029680353009257,0.00026578749376239417,nan,-0.0015029680353009257,0.00026578749376239417,nan,0.5104613626216012,0.5104613626216012,0.0,0.0,0.0,nan,0,1,1.0,0.0,-0.0012407643862201575,0.00019069460086935648,nan,-0.0012407643862201575,0.00019069460086935648,nan,0.5479577418828707,0.5479577418828707,0.0,0.0,0.0,nan,0,1,1.0,0.0,-0.0015029680353009257,0.00026578749376239417,nan,-0.0015029680353009257,0.00026578749376239417,nan,0.5104613626216012,0.5104613626216012,0.0,0.0,0.0,nan,0
219,0.18200000000000013,0.45,,scientific,0,1,0.16451612903225807,1.0,0.0,-0.0015044719548328955,0.0002661037377191298,nan,-0.0015044719548328955,0.0002661037377191298,nan,0.5103939812654374,0.5103939812654374,0.0,0.0,0.0,nan,0,1,1.0,0.0,-0.0012407643862201575,0.00019069460086935648,nan,-0.0012407643862201575,0.00019069460086935648,nan,0.5479577418828707,0.5479577418828707,0.0,0.0,0.0,nan,0,1,1.0,0.0,-0.0015044719548328955,0.0002661037377191298,nan,-0.0015044719548328955,0.0002661037377191298,nan,0.5103939812654374,0.5103939812654374,0.0,0.0,0.0,nan,0
220,0.18300000000000013,0.45,,scientific,0,1,0.16451612903225807,1.0,0.0,-0.0015059764318535534,0.00026642027570268807,nan,-0.0015059764318535534,0.00026642027570268807,nan,0.5103260586698514,0.5103260586698514,0.0,0.0,0.0,nan,0,1,1.0,0.0,-0.0012407643862201575,0.00019069460086935648,nan,-0.0012407643862201575,0.00019069460086935648,nan,0.5479577418828707,0.5479577418828707,0.0,0.0,0.0,nan,0,1,1.0,0.0,-0.0015059764318535534,0.00026642027570268807,nan,-0.0015059764318535534,0.00026642027570268807,nan,0.5103260586698514,0.5103260586698514,0.0,0.0,0.0,nan,0
221,0.18400000000000014,0.45,,scientific,0,1,0.16451612903225807,1.0,0.0,-0.001507481443179039,0.00026673711328222905,nan,-0.001507481443179039,0.00026673711328222905,nan,0.5102575958313139,0.5102575958313139,0.0,0.0,0.0,nan,0,1,1.0,0.0,-0.0012407643862201575,0.00019069460086935648,nan,-0.0012407643862201575,0.00019069460086935648,nan,0.5479577418828707,0.5479577418828707,0.0,0.0,0.0,nan,0,1,1.0,0.0,-0.001507481443179039,0.00026673711328222905,nan,-0.001507481443179039,0.00026673711328222905,nan,0.5102575958313139,0.5102575958313139,0.0,0.0,0.0,nan,0
222,0.18500000000000014,0.45,,scientific,0,1,0.16451612903225807,1.0,0.0,-0.001508986968698338,0.00026705424189307065,nan,-0.001508986968698338,0.00026705424189307065,nan,0.5101885939252162,0.5101885939252162,0.0,0.0,0.0,nan,0,1,1.0,0.0,-0.0012407643862201575,0.00019069460086935648,nan,-0.0012407643862201575,0.00019069460086935648,nan,0.5479577418828707,0.5479577418828707,0.0,0.0,0.0,nan,0,1,1.0,0.0,-0.001508986968698338,0.00026705424189307065,nan,-0.001508986968698338,0.00026705424189307065,nan,0.5101885939252162,0.5101885939252162,0.0,0.0,0.0,nan,0
223,0.18600000000000014,0.45,,scientific,0,1,0.16451612903225807,1.0,0.0,-0.0015104929837146223,0.00026737165531839875,nan,-0.0015104929837146223,0.00026737165531839875,nan,0.5101190538589914,0.5101190538589914,0.0,0.0,0.0,nan,0,1,1.0,0.0,-0.0012407643862201575,0.00019069460086935648,nan,-0.0012407643862201575,0.00019069460086935648,nan,0.5479577418828707,0.5479577418828707,0.0,0.0,0.0,nan,0,1,1.0,0.0,-0.0015104929837146223,0.00026737165531839875,nan,-0.0015104929837146223,0.00026737165531839875,nan,0.5101190538589914,0.5101190538589914,0.0,0.0,0.0,nan,0
224,0.18700000000000014,0.45,,scientific,0,1,0.16451612903225807,1.0,0.0,-0.001511999486235762,0.00026768932468312055,nan,-0.001511999486235762,0.00026768932468312055,nan,0.5100489775713972,0.5100489775713972,0.0,0.0,0.0,nan,0,1,1.0,0.0,-0.0012407643862201575,0.00019069460086935648,nan,-0.0012407643862201575,0.00019069460086935648,nan,0.5479577418828707,0.5479577418828707,0.0,0.0,0.0,nan,0,1,1.0,0.0,-0.001511999486235762,0.00026768932468312055,nan,-0.001511999486235762,0.00026768932468312055,nan,0.5100489775713972,0.5100489775713972,0.0,0.0,0.0,nan,0
225,0.18800000000000014,0.45,,scientific,0,1,0.16451612903225807,1.0,0.0,-0.0015135064641726094,0.0002680072472384585,nan,-0.0015135064641726094,0.0002680072472384585,nan,0.5099783648175762,0.5099783648175762,0.0,0.0,0.0,nan,0,1,1.0,0.0,-0.0012407643862201575,0.00019069460086935648,nan,-0.0012407643862201575,0.00019069460086935648,nan,0.5479577418828707,0.5479577418828707,0.0,0.0,0.0,nan,0,1,1.0,0.0,-0.0015135064641726094,0.0002680072472384585,nan,-0.0015135064641726094,0.0002680072472384585,nan,0.5099783648175762,0.5099783648175762,0.0,0.0,0.0,nan,0
226,0.18900000000000014,0.45,,scientific,0,1,0.16451612903225807,1.0,0.0,-0.001515013832897214,0.0002683254599902047,nan,-0.001515013832897214,0.0002683254599902047,nan,0.5099072167876,0.5099072167876,0.0,0.0,0.0,nan,0,1,1.0,0.0,-0.0012407643862201575,0.00019069460086935648,nan,-0.0012407643862201575,0.00019069460086935648,nan,0.5479577418828707,0.5479577418828707,0.0,0.0,0.0,nan,0,1,1.0,0.0,-0.001515013832897214,0.0002683254599902047,nan,-0.001515013832897214,0.0002683254599902047,nan,0.5099072167876,0.5099072167876,0.0,0.0,0.0,nan,0
227,0.19000000000000014,0.45,,scientific,0,1,0.16451612903225807,1.0,0.0,-0.0015165216523609292,0.00026864386831219276,nan,-0.0015165216523609292,0.00026864386831219276,nan,0.5098355358972279,0.5098355358972279,0.0,0.0,0.0,nan,0,1,1.0,0.0,-0.0012407643862201575,0.00019069460086935648,nan,-0.0012407643862201575,0.00019069460086935648,nan,0.5479577418828707,0.5479577418828707,0.0,0.0,0.0,nan,0,1,1.0,0.0,-0.0015165216523609292,0.00026864386831219276,nan,-0.0015165216523609292,0.00026864386831219276,nan,0.5098355358972279,0.5098355358972279,0.0,0.0,0.0,nan,0
228,0.19100000000000014,0.45,,scientific,0,1,0.16451612903225807,1.0,0.0,-0.0015180298795414017,0.0002689624770075077,nan,-0.0015180298795414017,0.0002689624770075077,nan,0.5097633223267151,0.5097633223267151,0.0,0.0,0.0,nan,0,1,1.0,0.0,-0.0012407643862201575,0.00019069460086935648,nan,-0.0012407643862201575,0.00019069460086935648,nan,0.5479577418828707,0.5479577418828707,0.0,0.0,0.0,nan,0,1,1.0,0.0,-0.0015180298795414017,0.0002689624770075077,nan,-0.0015180298795414017,0.0002689624770075077,nan,0.5097633223267151,0.5097633223267151,0.0,0.0,0.0,nan,0
229,0.19200000000000014,0.45,,scientific,0,1,0.16451612903225807,1.0,0.0,-0.0015195384813029799,0.0002692812875044782,nan,-0.0015195384813029799,0.0002692812875044782,nan,0.5096905769842016,0.5096905769842016,0.0,0.0,0.0,nan,0,1,1.0,0.0,-0.0012407643862201575,0.00019069460086935648,nan,-0.0012407643862201575,0.00019069460086935648,nan,0.5479577418828707,0.5479577418828707,0.0,0.0,0.0,nan,0,1,1.0,0.0,-0.0015195384813029799,0.0002692812875044782,nan,-0.0015195384813029799,0.0002692812875044782,nan,0.5096905769842016,0.5096905769842016,0.0,0.0,0.0,nan,0
230,0.19300000000000014,0.45,,scientific,0,1,0.16516129032258065,1.0,0.0,-0.0015210474488889156,0.00026960028413600844,nan,-0.0015210474488889156,0.00026960028413600844,nan,0.5096173001990802,0.5096173001990802,0.0,0.0,0.0,nan,0,1,1.0,0.0,-0.0012407643862201575,0.00019069460086935648,nan,-0.0012407643862201575,0.00019069460086935648,nan,0.5479577418828707,0.5479577418828707,0.0,0.0,0.0,nan,0,1,1.0,0.0,-0.0015210474488889156,0.00026960028413600844,nan,-0.0015210474488889156,0.00026960028413600844,nan,0.5096173001990802,0.5096173001990802,0.0,0.0,0.0,nan,0
231,0.19400000000000014,0.45,,scientific,0,1,0.16516129032258065,1.0,0.0,-0.0015225567071349018,0.0002699194919729179,nan,-0.0015225567071349018,0.0002699194919729179,nan,0.5095434952761336,0.5095434952761336,0.0,0.0,0.0,nan,0,1,1.0,0.0,-0.0012407643862201575,0.00019069460086935648,nan,-0.0012407643862201575,0.00019069460086935648,nan,0.5479577418828707,0.5479577418828707,0.0,0.0,0.0,nan,0,1,1.0,0.0,-0.0015225567071349018,0.0002699194919729179,nan,-0.0015225567071349018,0.0002699194919729179,nan,0.5095434952761336,0.5095434952761336,0.0,0.0,0.0,nan,0
232,0.19500000000000015,0.45,,scientific,0,1,0.16516129032258065,1.0,0.0,-0.001524066282033295,0.0002702388658528777,nan,-0.001524066282033295,0.0002702388658528777,nan,0.5094691612839145,0.5094691612839145,0.0,0.0,0.0,nan,0,1,1.0,0.0,-0.0012407643862201575,0.00019069460086935648,nan,-0.0012407643862201575,0.00019069460086935648,nan,0.5479577418828707,0.5479577418828707,0.0,0.0,0.0,nan,0,1,1.0,0.0,-0.001524066282033295,0.0002702388658528777,nan,-0.001524066282033295,0.0002702388658528777,nan,0.5094691612839145,0.5094691612839145,0.0,0.0,0.0,nan,0
233,0.19600000000000015,0.45,,scientific,0,1,0.16516129032258065,1.0,0.0,-0.0015255761386262657,0.0002705584024287914,nan,-0.0015255761386262657,0.0002705584024287914,nan,0.5093942999850507,0.5093942999850507,0.0,0.0,0.0,nan,0,1,1.0,0.0,-0.0012407643862201575,0.00019069460086935648,nan,-0.0012407643862201575,0.00019069460086935648,nan,0.5479577418828707,0.5479577418828707,0.0,0.0,0.0,nan,0,1,1.0,0.0,-0.0015255761386262657,0.0002705584024287914,nan,-0.0015255761386262657,0.0002705584024287914,nan,0.5093942999850507,0.5093942999850507,0.0,0.0,0.0,nan,0
234,0.19700000000000015,0.45,,scientific,0,1,0.16516129032258065,1.0,0.0,-0.0015270862539184312,0.00027087809167924336,nan,-0.0015270862539184312,0.00027087809167924336,nan,0.5093189126531663,0.5093189126531663,0.0,0.0,0.0,nan,0,1,1.0,0.0,-0.0012407643862201575,0.00019069460086935648,nan,-0.0012407643862201575,0.00019069460086935648,nan,0.5479577418828707,0.5479577418828707,0.0,0.0,0.0,nan,0,1,1.0,0.0,-0.0015270862539184312,0.00027087809167924336,nan,-0.0015270862539184312,0.00027087809167924336,nan,0.5093189126531663,0.5093189126531663,0.0,0.0,0.0,nan,0
235,0.19800000000000015,0.45,,scientific,0,1,0.16516129032258065,1.0,0.0,-0.002435244812961612,-0.00017934941068780435,nan,-0.002435244812961612,-0.00017934941068780435,nan,0.5105323322487113,0.5105323322487113,0.0,0.0,0.0,nan,0,1,1.0,0.0,-0.0019719037189527876,-0.0001719975105488415,nan,-0.0019719037189527876,-0.0001719975105488415,nan,0.5490342796861893,0.5490342796861893,0.0,0.0,0.0,nan,0,1,1.0,0.0,-0.002435244812961612,-0.00017934941068780435,nan,-0.002435244812961612,-0.00017934941068780435,nan,0.5105323322487113,0.5105323322487113,0.0,0.0,0.0,nan,0
236,0.19900000000000015,0.45,,scientific,0,1,0.16516129032258065,1.0,0.0,-0.0024375832441194778,-0.00017944491269623037,nan,-0.0024375832441194778,-0.00017944491269623037,nan,0.5104569851228365,0.5104569851228365,0.0,0.0,0.0,nan,0,1,1.0,0.0,-0.0019719037189527876,-0.0001719975105488415,nan,-0.0019719037189527876,-0.0001719975105488415,nan,0.5490342796861893,0.5490342796861893,0.0,0.0,0.0,nan,0,1,1.0,0.0,-0.0024375832441194778,-0.00017944491269623037,nan,-0.0024375832441194778,-0.00017944491269623037,nan,0.5104569851228365,0.5104569851228365,0.0,0.0,0.0,nan,0
237,0.20000000000000015,0.45,,scientific,0,1,0.16580645161290322,1.0,0.0,-0.0017702792748031208,0.0005425652188179497,nan,-0.0017702792748031208,0.0005425652188179497,nan,0.5116271722184915,0.5116271722184915,0.0,0.0,0.0,nan,0,1,1.0,0.0,-0.001414787949193474,0.00043004710117258384,nan,-0.001414787949193474,0.00043004710117258384,nan,0.550110817489508,0.550110817489508,0.0,0.0,0.0,nan,0,1,1.0,0.0,-0.0017702792748031208,0.0005425652188179497,nan,-0.0017702792748031208,0.0005425652188179497,nan,0.5116271722184915,0.5116271722184915,0.0,0.0,0.0,nan,0
238,0.20100000000000015,0.45,,scientific,0,1,0.1664516129032258,1.0,0.0,-0.0008412626080481201,0.00023751810045189389,nan,-0.0008412626080481201,0.00023751810045189389,nan,0.5127935644753473,0.5127935644753473,0.0,0.0,0.0,nan,0,1,1.0,0.0,-0.0006367487484797071,0.00017471318952154614,nan,-0.0006367487484797071,0.00017471318952154614,nan,0.5511873552928266,0.5511873552928266,0.0,0.0,0.0,nan,0,1,1.0,0.0,-0.0008412626080481201,0.00023751810045189389,nan,-0.0008412626080481201,0.00023751810045189389,nan,0.5127935644753473,0.5127935644753473,0.0,0.0,0.0,nan,0
239,0.20200000000000015,0.45,,scientific,0,1,0.1664516129032258,1.0,0.0,-0.0008423079649892943,0.00023776368494786337,nan,-0.0008423079649892943,0.00023776368494786337,nan,0.5127184692684222,0.5127184692684222,0.0,0.0,0.0,nan,0,1,1.0,0.0,-0.0006367487484797071,0.00017471318952154614,nan,-0.0006367487484797071,0.00017471318952154614,nan,0.5511873552928266,0.5511873552928266,0.0,0.0,0.0,nan,0,1,1.0,0.0,-0.0008423079649892943,0.00023776368494786337,nan,-0.0008423079649892943,0.00023776368494786337,nan,0.5127184692684222,0.5127184692684222,0.0,0.0,0.0,nan,0
240,0.20300000000000015,0.45,,scientific,0,1,0.1664516129032258,1.0,0.0,-0.0008433527497960083,0.0002380094833318016,nan,-0.0008433527497960083,0.0002380094833318016,nan,0.5126428530934485,0.5126428530934485,0.0,0.0,0.0,nan,0,1,1.0,0.0,-0.0006367487484797071,0.00017471318952154614,nan,-0.0006367487484797071,0.00017471318952154614,nan,0.5511873552928266,0.5511873552928266,0.0,0.0,0.0,nan,0,1,1.0,0.0,-0.0008433527497960083,0.0002380094833318016,nan,-0.0008433527497960083,0.0002380094833318016,nan,0.5126428530934485,0.5126428530934485,0.0,0.0,0.0,nan,0
241,0.20400000000000015,0.45,,scientific,0,1,0.1664516129032258,1.0,0.0,-1.3655233215690695e-05,-0.0002776062977309926,nan,-1.3655233215690695e-05,-0.0002776062977309926,nan,0.5138112909336239,0.5138112909336239,0.0,0.0,0.0,nan,0,1,1.0,0.0,5.6437972936097446e-05,-0.0002559591015539126,nan,5.6437972936097446e-05,-0.0002559591015539126,nan,0.5522638930961452,0.5522638930961452,0.0,0.0,0.0,nan,0,1,1.0,0.0,-1.3655233215690695e-05,-0.0002776062977309926,nan,-1.3655233215690695e-05,-0.0002776062977309926,nan,0.5138112909336239,0.5138112909336239,0.0,0.0,0.0,nan,0
242,0.20500000000000015,0.45,,scientific,0,1,0.1664516129032258,1.0,0.0,-1.4037491832828111e-05,-0.00027776907918971086,nan,-1.4037491832828111e-05,-0.00027776907918971086,nan,0.5137355343902684,0.5137355343902684,0.0,0.0,0.0,nan,0,1,1.0,0.0,5.6437972936097446e-05,-0.0002559591015539126,nan,5.6437972936097446e-05,-0.0002559591015539126,nan,0.5522638930961452,0.5522638930961452,0.0,0.0,0.0,nan,0,1,1.0,0.0,-1.4037491832828111e-05,-0.00027776907918971086,nan,-1.4037491832828111e-05,-0.00027776907918971086,nan,0.5137355343902684,0.5137355343902684,0.0,0.0,0.0,nan,0
243,0.20600000000000016,0.45,,scientific,0,1,0.1664516129032258,1.0,0.0,-1.4418750553973788e-05,-0.00027793188895391914,nan,-1.4418750553973788e-05,-0.00027793188895391914,nan,0.5136592598473424,0.5136592598473424,0.0,0.0,0.0,nan,0,1,1.0,0.0,5.6437972936097446e-05,-0.0002559591015539126,nan,5.6437972936097446e-05,-0.0002559591015539126,nan,0.5522638930961452,0.5522638930961452,0.0,0.0,0.0,nan,0,1,1.0,0.0,-1.4418750553973788e-05,-0.00027793188895391914,nan,-1.4418750553973788e-05,-0.00027793188895391914,nan,0.5136592598473424,0.5136592598473424,0.0,0.0,0.0,nan,0
244,0.20700000000000016,0.45,,scientific,0,1,0.1664516129032258,1.0,0.0,-1.4798987464419054e-05,-0.00027809473327697364,nan,-1.4798987464419054e-05,-0.00027809473327697364,nan,0.5135824683774404,0.5135824683774404,0.0,0.0,0.0,nan,0,1,1.0,0.0,5.6437972936097446e-05,-0.0002559591015539126,nan,5.6437972936097446e-05,-0.0002559591015539126,nan,0.5522638930961452,0.5522638930961452,0.0,0.0,0.0,nan,0,1,1.0,0.0,-1.4798987464419054e-05,-0.00027809473327697364,nan,-1.4798987464419054e-05,-0.00027809473327697364,nan,0.5135824683774404,0.5135824683774404,0.0,0.0,0.0,nan,0
245,0.20800000000000016,0.45,,scientific,0,1,0.1664516129032258,1.0,0.0,-1.5178180990267167e-05,-0.0002782576203934832,nan,-1.5178180990267167e-05,-0.0002782576203934832,nan,0.513505161059774,0.513505161059774,0.0,0.0,0.0,nan,0,1,1.0,0.0,5.6437972936097446e-05,-0.0002559591015539126,nan,5.6437972936097446e-05,-0.0002559591015539126,nan,0.5522638930961452,0.5522638930961452,0.0,0.0,0.0,nan,0,1,1.0,0.0,-1.5178180990267167e-05,-0.0002782576203934832,nan,-1.5178180990267167e-05,-0.0002782576203934832,nan,0.513505161059774,0.513505161059774,0.0,0.0,0.0,nan,0
246,0.20900000000000016,0.45,,scientific,0,1,0.1664516129032258,1.0,0.0,-0.0007078616669242558,0.00043146541646275433,nan,-0.0007078616669242558,0.00043146541646275433,nan,0.5146927988056142,0.5146927988056142,0.0,0.0,0.0,nan,0,1,1.0,0.0,-0.000512268985611694,0.00032707589416524263,nan,-0.000512268985611694,0.00032707589416524263,nan,0.5533404308994638,0.5533404308994638,0.0,0.0,0.0,nan,0,1,1.0,0.0,-0.0007078616669242558,0.00043146541646275433,nan,-0.0007078616669242558,0.00043146541646275433,nan,0.5146927988056142,0.5146927988056142,0.0,0.0,0.0,nan,0
247,0.21000000000000016,0.45,,scientific,0,1,0.1664516129032258,1.0,0.0,-0.0007088171164647128,0.00043189529348210836,nan,-0.0007088171164647128,0.00043189529348210836,nan,0.5146154304289642,0.5146154304289642,0.0,0.0,0.0,nan,0,1,1.0,0.0,-0.000512268985611694,0.00032707589416524263,nan,-0.000512268985611694,0.00032707589416524263,nan,0.5533404308994638,0.5533404308994638,0.0,0.0,0.0,nan,0,1,1.0,0.0,-0.0007088171164647128,0.00043189529348210836,nan,-0.0007088171164647128,0.00043189529348210836,nan,0.5146154304289642,0.5146154304289642,0.0,0.0,0.0,nan,0
248,0.21100000000000016,0.45,,scientific,0,1,0.1664516129032258,1.0,0.0,-0.0007097717155584374,0.000432325355632392,nan,-0.0007097717155584374,0.000432325355632392,nan,0.5145375491194586,0.5145375491194586,0.0,0.0,0.0,nan,0,1,1.0,0.0,-0.000512268985611694,0.00032707589416524263,nan,-0.000512268985611694,0.00032707589416524263,nan,0.5533404308994638,0.5533404308994638,0.0,0.0,0.0,nan,0,1,1.0,0.0,-0.0007097717155584374,0.000432325355632392,nan,-0.0007097717155584374,0.000432325355632392,nan,0.5145375491194586,0.5145375491194586,0.0,0.0,0.0,nan,0
249,0.21200000000000016,0.45,,scientific,0,1,0.1664516129032258,1.0,0.0,-0.0007107254410367099,0.0004327555916937614,nan,-0.0007107254410367099,0.0004327555916937614,nan,0.5144591559524795,0.5144591559524795,0.0,0.0,0.0,nan,0,1,1.0,0.0,-0.000512268985611694,0.00032707589416524263,nan,-0.000512268985611694,0.00032707589416524263,nan,0.5533404308994638,0.5533404308994638,0.0,0.0,0.0,nan,0,1,1.0,0.0,-0.0007107254410367099,0.0004327555916937614,nan,-0.0007107254410367099,0.0004327555916937614,nan,0.5144591559524795,0.5144591559524795,0.0,0.0,0.0,nan,0
250,0.21300000000000016,0.45,,scientific,0,1,0.1664516129032258,1.0,0.0,-0.0007116782680619573,0.00043318598968286056,nan,-0.0007116782680619573,0.00043318598968286056,nan,0.5143802520078224,0.5143802520078224,0.0,0.0,0.0,nan,0,1,1.0,0.0,-0.000512268985611694,0.00032707589416524263,nan,-0.000512268985611694,0.00032707589416524263,nan,0.5533404308994638,0.5533404308994638,0.0,0.0,0.0,nan,0,1,1.0,0.0,-0.0007116782680619573,0.00043318598968286056,nan,-0.0007116782680619573,0.00043318598968286056,nan,0.5143802520078224,0.5143802520078224,0.0,0.0,0.0,nan,0
251,0.21400000000000016,0.45,,scientific,0,1,0.1664516129032258,1.0,0.0,-0.0007126301712718139,0.0004336165415816175,nan,-0.0007126301712718139,0.0004336165415816175,nan,0.5143008383574905,0.5143008383574905,0.0,0.0,0.0,nan,0,1,1.0,0.0,-0.000512268985611694,0.00032707589416524263,nan,-0.000512268985611694,0.00032707589416524263,nan,0.5533404308994638,0.5533404308994638,0.0,0.0,0.0,nan,0,1,1.0,0.0,-0.0007126301712718139,0.0004336165415816175,nan,-0.0007126301712718139,0.0004336165415816175,nan,0.5143008383574905,0.5143008383574905,0.0,0.0,0.0,nan,0
252,0.21500000000000016,0.45,,scientific,0,1,0.1664516129032258,1.0,0.0,-0.0007135811244944506,0.000434047226522735,nan,-0.0007135811244944506,0.000434047226522735,nan,0.5142209161074991,0.5142209161074991,0.0,0.0,0.0,nan,0,1,1.0,0.0,-0.000512268985611694,0.00032707589416524263,nan,-0.000512268985611694,0.00032707589416524263,nan,0.5533404308994638,0.5533404308994638,0.0,0.0,0.0,nan,0,1,1.0,0.0,-0.0007135811244944506,0.000434047226522735,nan,-0.0007135811244944506,0.000434047226522735,nan,0.5142209161074991,0.5142209161074991,0.0,0.0,0.0,nan,0
253,0.21600000000000016,0.45,,scientific,0,1,0.1664516129032258,1.0,0.0,-0.0007145311020566575,0.0004344780363288375,nan,-0.0007145311020566575,0.0004344780363288375,nan,0.5141404863344745,0.5141404863344745,0.0,0.0,0.0,nan,0,1,1.0,0.0,-0.000512268985611694,0.00032707589416524263,nan,-0.000512268985611694,0.00032707589416524263,nan,0.5533404308994638,0.5533404308994638,0.0,0.0,0.0,nan,0,1,1.0,0.0,-0.0007145311020566575,0.0004344780363288375,nan,-0.0007145311020566575,0.0004344780363288375,nan,0.5141404863344745,0.5141404863344745,0.0,0.0,0.0,nan,0
254,0.21700000000000016,0.45,,scientific,0,1,0.1664516129032258,1.0,0.0,-0.0017088037251058502,0.0005006512973651517,nan,-0.0017088037251058502,0.0005006512973651517,nan,0.5153326438504118,0.5153326438504118,0.0,0.0,0.0,nan,0,1,1.0,0.0,-0.0013232717043887572,0.0003808995512522185,nan,-0.0013232717043887572,0.0003808995512522185,nan,0.5544169687027825,0.5544169687027825,0.0,0.0,0.0,nan,0,1,1.0,0.0,-0.0017088037251058502,0.0005006512973651517,nan,-0.0017088037251058502,0.0005006512973651517,nan,0.5153326438504118,0.5153326438504118,0.0,0.0,0.0,nan,0
255,0.21800000000000017,0.45,,scientific,0,1,0.1664516129032258,1.0,0.0,-0.001710578353608316,0.0005011368159243481,nan,-0.001710578353608316,0.0005011368159243481,nan,0.5152521695174156,0.5152521695174156,0.0,0.0,0.0,nan,0,1,1.0,0.0,-0.0013232717043887572,0.0003808995512522185,nan,-0.0013232717043887572,0.0003808995512522185,nan,0.5544169687027825,0.5544169687027825,0.0,0.0,0.0,nan,0,1,1.0,0.0,-0.001710578353608316,0.0005011368159243481,nan,-0.001710578353608316,0.0005011368159243481,nan,0.5152521695174156,0.5152521695174156,0.0,0.0,0.0,nan,0
256,0.21900000000000017,0.45,,scientific,0,1,0.1664516129032258,1.0,0.0,-0.001712352270213401,0.0005016224523580779,nan,-0.001712352270213401,0.0005016224523580779,nan,0.5151711905751936,0.5151711905751936,0.0,0.0,0.0,nan,0,1,1.0,0.0,-0.0013232717043887572,0.0003808995512522185,nan,-0.0013232717043887572,0.0003808995512522185,nan,0.5544169687027825,0.5544169687027825,0.0,0.0,0.0,nan,0,1,1.0,0.0,-0.001712352270213401,0.0005016224523580779,nan,-0.001712352270213401,0.0005016224523580779,nan,0.5151711905751936,0.5151711905751936,0.0,0.0,0.0,nan,0
257,0.22000000000000017,0.45,,scientific,0,1,0.1664516129032258,1.0,0.0,-0.0017141254432377618,0.0005021081942505458,nan,-0.0017141254432377618,0.0005021081942505458,nan,0.5150897081102608,0.5150897081102608,0.0,0.0,0.0,nan,0,1,1.0,0.0,-0.0013232717043887572,0.0003808995512522185,nan,-0.0013232717043887572,0.0003808995512522185,nan,0.5544169687027825,0.5544169687027825,0.0,0.0,0.0,nan,0,1,1.0,0.0,-0.0017141254432377618,0.0005021081942505458,nan,-0.0017141254432377618,0.0005021081942505458,nan,0.5150897081102608,0.5150897081102608,0.0,0.0,0.0,nan,0
258,0.22100000000000017,0.45,,scientific,0,1,0.1664516129032258,1.0,0.0,-0.001715897841062692,0.0005025940292769136,nan,-0.001715897841062692,0.0005025940292769136,nan,0.5150077232111283,0.5150077232111283,0.0,0.0,0.0,nan,0,1,1.0,0.0,-0.0013232717043887572,0.0003808995512522185,nan,-0.0013232717043887572,0.0003808995512522185,nan,0.5544169687027825,0.5544169687027825,0.0,0.0,0.0,nan,0,1,1.0,0.0,-0.001715897841062692,0.0005025940292769136,nan,-0.001715897841062692,0.0005025940292769136,nan,0.5150077232111283,0.5150077232111283,0.0,0.0,0.0,nan,0
259,0.22200000000000017,0.45,,scientific,0,1,0.1664516129032258,1.0,0.0,-0.0017176694321513891,0.000503079945218868,nan,-0.0017176694321513891,0.000503079945218868,nan,0.5149252369683585,0.5149252369683585,0.0,0.0,0.0,nan,0,1,1.0,0.0,-0.0013232717043887572,0.0003808995512522185,nan,-0.0013232717043887572,0.0003808995512522185,nan,0.5544169687027825,0.5544169687027825,0.0,0.0,0.0,nan,0,1,1.0,0.0,-0.0017176694321513891,0.000503079945218868,nan,-0.0017176694321513891,0.000503079945218868,nan,0.5149252369683585,0.5149252369683585,0.0,0.0,0.0,nan,0
260,0.22300000000000017,0.45,,scientific,0,1,0.1664516129032258,1.0,0.0,-0.001840491216837103,-0.0004810065362861935,nan,-0.001840491216837103,-0.0004810065362861935,nan,0.5161082254671341,0.5161082254671341,0.0,0.0,0.0,nan,0,1,1.0,0.0,-0.0014235593429437708,-0.00042643020108043577,nan,-0.0014235593429437708,-0.00042643020108043577,nan,0.5554935065060822,0.5554935065060822,0.0,0.0,0.0,nan,0,1,1.0,0.0,-0.001840491216837103,-0.0004810065362861935,nan,-0.001840491216837103,-0.0004810065362861935,nan,0.5161082254671341,0.5161082254671341,0.0,0.0,0.0,nan,0
261,0.22400000000000017,0.45,,scientific,0,1,0.1664516129032258,1.0,0.0,-0.0017211385745579079,0.0005394097342327383,nan,-0.0017211385745579079,0.0005394097342327383,nan,0.5173404720172035,0.5173404720172035,0.0,0.0,0.0,nan,0,1,1.0,0.0,-0.0013285539819289794,0.00038004739016656816,nan,-0.0013285539819289794,0.00038004739016656816,nan,0.5565700443094008,0.5565700443094008,0.0,0.0,0.0,nan,0,1,1.0,0.0,-0.0017211385745579079,0.0005394097342327383,nan,-0.0017211385745579079,0.0005394097342327383,nan,0.5173404720172035,0.5173404720172035,0.0,0.0,0.0,nan,0
262,0.22500000000000017,0.45,,scientific,0,1,0.1664516129032258,1.0,0.0,-0.0017228871939562016,0.000540016785088413,nan,-0.0017228871939562016,0.000540016785088413,nan,0.5172584780197604,0.5172584780197604,0.0,0.0,0.0,nan,0,1,1.0,0.0,-0.0013285539819289794,0.00038004739016656816,nan,-0.0013285539819289794,0.00038004739016656816,nan,0.5565700443094008,0.5565700443094008,0.0,0.0,0.0,nan,0,1,1.0,0.0,-0.0017228871939562016,0.000540016785088413,nan,-0.0017228871939562016,0.000540016785088413,nan,0.5172584780197604,0.5172584780197604,0.0,0.0,0.0,nan,0
263,0.22600000000000017,0.45,,scientific,0,1,0.1664516129032258,1.0,0.0,-0.0017246349133282159,0.0005406234615320988,nan,-0.0017246349133282159,0.0005406234615320988,nan,0.5171759858399019,0.5171759858399019,0.0,0.0,0.0,nan,0,1,1.0,0.0,-0.0013285539819289794,0.00038004739016656816,nan,-0.0013285539819289794,0.00038004739016656816,nan,0.5565700443094008,0.5565700443094008,0.0,0.0,0.0,nan,0,1,1.0,0.0,-0.0017246349133282159,0.0005406234615320988,nan,-0.0017246349133282159,0.0005406234615320988,nan,0.5171759858399019,0.5171759858399019,0.0,0.0,0.0,nan,0
264,0.22700000000000017,0.45,,scientific,0,1,0.1664516129032258,1.0,0.0,-0.0017263816985737636,0.0005412297451251953,nan,-0.0017263816985737636,0.0005412297451251953,nan,0.5170929965644419,0.5170929965644419,0.0,0.0,0.0,nan,0,1,1.0,0.0,-0.0013285539819289794,0.00038004739016656816,nan,-0.0013285539819289794,0.00038004739016656816,nan,0.5565700443094008,0.5565700443094008,0.0,0.0,0.0,nan,0,1,1.0,0.0,-0.0017263816985737636,0.0005412297451251953,nan,-0.0017263816985737636,0.0005412297451251953,nan,0.5170929965644419,0.5170929965644419,0.0,0.0,0.0,nan,0
265,0.22800000000000017,0.45,,scientific,0,1,0.1664516129032258,1.0,0.0,-0.0017281275183453641,0.0005418356187465975,nan,-0.0017281275183453641,0.0005418356187465975,nan,0.5170095112778309,0.5170095112778309,0.0,0.0,0.0,nan,0,1,1.0,0.0,-0.0013285539819289794,0.00038004739016656816,nan,-0.0013285539819289794,0.00038004739016656816,nan,0.5565700443094008,0.5565700443094008,0.0,0.0,0.0,nan,0,1,1.0,0.0,-0.0017281275183453641,0.0005418356187465975,nan,-0.0017281275183453641,0.0005418356187465975,nan,0.5170095112778309,0.5170095112778309,0.0,0.0,0.0,nan,0
266,0.22900000000000018,0.45,,scientific,0,1,0.1664516129032258,1.0,0.0,-0.001729872346202347,0.0005424410675969873,nan,-0.001729872346202347,0.0005424410675969873,nan,0.5169255310594046,0.5169255310594046,0.0,0.0,0.0,nan,0,1,1.0,0.0,-0.0013285539819289794,0.00038004739016656816,nan,-0.0013285539819289794,0.00038004739016656816,nan,0.5565700443094008,0.5565700443094008,0.0,0.0,0.0,nan,0,1,1.0,0.0,-0.001729872346202347,0.0005424410675969873,nan,-0.001729872346202347,0.0005424410675969873,nan,0.5169255310594046,0.5169255310594046,0.0,0.0,0.0,nan,0
267,0.23000000000000018,0.45,,scientific,0,1,0.1664516129032258,1.0,0.0,-0.0017316161536873017,0.0005430460759723117,nan,-0.0017316161536873017,0.0005430460759723117,nan,0.5168410569945219,0.5168410569945219,0.0,0.0,0.0,nan,0,1,1.0,0.0,-0.0013285539819289794,0.00038004739016656816,nan,-0.0013285539819289794,0.00038004739016656816,nan,0.5565700443094008,0.5565700443094008,0.0,0.0,0.0,nan,0,1,1.0,0.0,-0.0017316161536873017,0.0005430460759723117,nan,-0.0017316161536873017,0.0005430460759723117,nan,0.5168410569945219,0.5168410569945219,0.0,0.0,0.0,nan,0
268,0.23100000000000018,0.45,,scientific,0,1,0.1664516129032258,1.0,0.0,-0.0021451770332987174,0.0014538940775544078,nan,-0.0021451770332987174,0.0014538940775544078,nan,0.5180392621254711,0.5180392621254711,0.0,0.0,0.0,nan,0,1,1.0,0.0,-0.0016628792431259538,0.0011171641326698186,nan,-0.0016628792431259538,0.0011171641326698186,nan,0.5576465821127194,0.5576465821127194,0.0,0.0,0.0,nan,0,1,1.0,0.0,-0.0021451770332987174,0.0014538940775544078,nan,-0.0021451770332987174,0.0014538940775544078,nan,0.5180392621254711,0.5180392621254711,0.0,0.0,0.0,nan,0
269,0.23200000000000018,0.45,,scientific,0,1,0.1664516129032258,1.0,0.0,-0.0021472518484082336,0.0014552453515367582,nan,-0.0021472518484082336,0.0014552453515367582,nan,0.5179547585353499,0.5179547585353499,0.0,0.0,0.0,nan,0,1,1.0,0.0,-0.0016628792431259538,0.0011171641326698186,nan,-0.0016628792431259538,0.0011171641326698186,nan,0.5576465821127194,0.5576465821127194,0.0,0.0,0.0,nan,0,1,1.0,0.0,-0.0021472518484082336,0.0014552453515367582,nan,-0.0021472518484082336,0.0014552453515367582,nan,0.5179547585353499,0.5179547585353499,0.0,0.0,0.0,nan,0
270,0.23300000000000018,0.45,,scientific,0,1,0.1664516129032258,1.0,0.0,-0.00214932567088616,0.0014565964338783082,nan,-0.00214932567088616,0.0014565964338783082,nan,0.5178697639937273,0.5178697639937273,0.0,0.0,0.0,nan,0,1,1.0,0.0,-0.0016628792431259538,0.0011171641326698186,nan,-0.0016628792431259538,0.0011171641326698186,nan,0.5576465821127194,0.5576465821127194,0.0,0.0,0.0,nan,0,1,1.0,0.0,-0.00214932567088616,0.0014565964338783082,nan,-0.00214932567088616,0.0014565964338783082,nan,0.5178697639937273,0.5178697639937273,0.0,0.0,0.0,nan,0
271,0.23400000000000018,0.45,,scientific,0,1,0.1664516129032258,1.0,0.0,-0.0021513984695280754,0.001457947303300399,nan,-0.0021513984695280754,0.001457947303300399,nan,0.5177842795871112,0.5177842795871112,0.0,0.0,0.0,nan,0,1,1.0,0.0,-0.0016628792431259538,0.0011171641326698186,nan,-0.0016628792431259538,0.0011171641326698186,nan,0.5576465821127194,0.5576465821127194,0.0,0.0,0.0,nan,0,1,1.0,0.0,-0.0021513984695280754,0.001457947303300399,nan,-0.0021513984695280754,0.001457947303300399,nan,0.5177842795871112,0.5177842795871112,0.0,0.0,0.0,nan,0
272,0.23500000000000018,0.45,,scientific,0,1,0.1664516129032258,1.0,0.0,-0.0021534702134105316,0.0014592979386595494,nan,-0.0021534702134105316,0.0014592979386595494,nan,0.5176983064041207,0.5176983064041207,0.0,0.0,0.0,nan,0,1,1.0,0.0,-0.0016628792431259538,0.0011171641326698186,nan,-0.0016628792431259538,0.0011171641326698186,nan,0.5576465821127194,0.5576465821127194,0.0,0.0,0.0,nan,0,1,1.0,0.0,-0.0021534702134105316,0.0014592979386595494,nan,-0.0021534702134105316,0.0014592979386595494,nan,0.5176983064041207,0.5176983064041207,0.0,0.0,0.0,nan,0
273,0.23600000000000018,0.45,,scientific,0,1,0.16709677419354838,1.0,0.0,-0.0021555408719136477,0.0014606483189659515,nan,-0.0021555408719136477,0.0014606483189659515,nan,0.5176118455355085,0.5176118455355085,0.0,0.0,0.0,nan,0,1,1.0,0.0,-0.0016628792431259538,0.0011171641326698186,nan,-0.0016628792431259538,0.0011171641326698186,nan,0.5576465821127194,0.5576465821127194,0.0,0.0,0.0,nan,0,1,1.0,0.0,-0.0021555408719136477,0.0014606483189659515,nan,-0.0021555408719136477,0.0014606483189659515,nan,0.5176118455355085,0.5176118455355085,0.0,0.0,0.0,nan,0
274,0.23700000000000018,0.45,,scientific,0,1,0.16709677419354838,1.0,0.0,-0.0021576104147359937,0.0014619984233903568,nan,-0.0021576104147359937,0.0014619984233903568,nan,0.5175248980741715,0.5175248980741715,0.0,0.0,0.0,nan,0,1,1.0,0.0,-0.0016628792431259538,0.0011171641326698186,nan,-0.0016628792431259538,0.0011171641326698186,nan,0.5576465821127194,0.5576465821127194,0.0,0.0,0.0,nan,0,1,1.0,0.0,-0.0021576104147359937,0.0014619984233903568,nan,-0.0021576104147359937,0.0014619984233903568,nan,0.5175248980741715,0.5175248980741715,0.0,0.0,0.0,nan,0
275,0.23800000000000018,0.45,,scientific,0,1,0.16709677419354838,1.0,0.0,-0.0021596788119120063,0.001463348231268963,nan,-0.0021596788119120063,0.001463348231268963,nan,0.5174374651151756,0.5174374651151756,0.0,0.0,0.0,nan,0,1,1.0,0.0,-0.0016628792431259538,0.0011171641326698186,nan,-0.0016628792431259538,0.0011171641326698186,nan,0.5576465821127194,0.5576465821127194,0.0,0.0,0.0,nan,0,1,1.0,0.0,-0.0021596788119120063,0.001463348231268963,nan,-0.0021596788119120063,0.001463348231268963,nan,0.5174374651151756,0.5174374651151756,0.0,0.0,0.0,nan,0
276,0.23900000000000018,0.45,,scientific,0,1,0.16774193548387098,1.0,0.0,-0.0021617460338297944,0.0014646977221203401,nan,-0.0021617460338297944,0.0014646977221203401,nan,0.517349547755787,0.517349547755787,0.0,0.0,0.0,nan,0,1,1.0,0.0,-0.0016628792431259538,0.0011171641326698186,nan,-0.0016628792431259538,0.0011171641326698186,nan,0.5576465821127194,0.5576465821127194,0.0,0.0,0.0,nan,0,1,1.0,0.0,-0.0021617460338297944,0.0014646977221203401,nan,-0.0021617460338297944,0.0014646977221203401,nan,0.517349547755787,0.517349547755787,0.0,0.0,0.0,nan,0
277,0.24000000000000019,0.45,,scientific,0,1,0.16774193548387098,1.0,0.0,-0.0021638120512440942,0.0014660468756495454,nan,-0.0021638120512440942,0.0014660468756495454,nan,0.5172611470954722,0.5172611470954722,0.0,0.0,0.0,nan,0,1,1.0,0.0,-0.0016628792431259538,0.0011171641326698186,nan,-0.0016628792431259538,0.0011171641326698186,nan,0.5576465821127194,0.5576465821127194,0.0,0.0,0.0,nan,0,1,1.0,0.0,-0.0021638120512440942,0.0014660468756495454,nan,-0.0021638120512440942,0.0014660468756495454,nan,0.5172611470954722,0.5172611470954722,0.0,0.0,0.0,nan,0
278,0.2410000000000002,0.45,,scientific,0,1,0.16774193548387098,1.0,0.0,-0.0021658768353004097,0.00146739567176545,nan,-0.0021658768353004097,0.00146739567176545,nan,0.5171722642359349,0.5171722642359349,0.0,0.0,0.0,nan,0,1,1.0,0.0,-0.0016628792431259538,0.0011171641326698186,nan,-0.0016628792431259538,0.0011171641326698186,nan,0.5576465821127194,0.5576465821127194,0.0,0.0,0.0,nan,0,1,1.0,0.0,-0.0021658768353004097,0.00146739567176545,nan,-0.0021658768353004097,0.00146739567176545,nan,0.5171722642359349,0.5171722642359349,0.0,0.0,0.0,nan,0
279,0.2420000000000002,0.45,,scientific,0,1,0.16774193548387098,1.0,0.0,-0.00216794034659869,0.0014687440199112666,nan,-0.00216794034659869,0.0014687440199112666,nan,0.5170829005521342,0.5170829005521342,0.0,0.0,0.0,nan,0,1,1.0,0.0,-0.0016628792431259538,0.0011171641326698186,nan,-0.0016628792431259538,0.0011171641326698186,nan,0.5576465821127194,0.5576465821127194,0.0,0.0,0.0,nan,0,1,1.0,0.0,-0.00216794034659869,0.0014687440199112666,nan,-0.00216794034659869,0.0014687440199112666,nan,0.5170829005521342,0.5170829005521342,0.0,0.0,0.0,nan,0
280,0.2430000000000002,0.45,,scientific,0,1,0.16774193548387098,1.0,0.0,-0.0021700025785532594,0.001470092040683696,nan,-0.0021700025785532594,0.001470092040683696,nan,0.51699305660867,0.51699305660867,0.0,0.0,0.0,nan,0,1,1.0,0.0,-0.0016628792431259538,0.0011171641326698186,nan,-0.0016628792431259538,0.0011171641326698186,nan,0.5576465821127194,0.5576465821127194,0.0,0.0,0.0,nan,0,1,1.0,0.0,-0.0021700025785532594,0.001470092040683696,nan,-0.0021700025785532594,0.001470092040683696,nan,0.51699305660867,0.51699305660867,0.0,0.0,0.0,nan,0
281,0.2440000000000002,0.45,,scientific,0,1,0.16774193548387098,1.0,0.0,-0.0021720634930965884,0.0014714396451108436,nan,-0.0021720634930965884,0.0014714396451108436,nan,0.5169027337846516,0.5169027337846516,0.0,0.0,0.0,nan,0,1,1.0,0.0,-0.0016628792431259538,0.0011171641326698186,nan,-0.0016628792431259538,0.0011171641326698186,nan,0.5576465821127194,0.5576465821127194,0.0,0.0,0.0,nan,0,1,1.0,0.0,-0.0021720634930965884,0.0014714396451108436,nan,-0.0021720634930965884,0.0014714396451108436,nan,0.5169027337846516,0.5169027337846516,0.0,0.0,0.0,nan,0
282,0.2450000000000002,0.45,,scientific,0,1,0.16774193548387098,1.0,0.0,-0.00217412306308641,0.0014727868139646284,nan,-0.00217412306308641,0.0014727868139646284,nan,0.5168119331910301,0.5168119331910301,0.0,0.0,0.0,nan,0,1,1.0,0.0,-0.0016628792431259538,0.0011171641326698186,nan,-0.0016628792431259538,0.0011171641326698186,nan,0.5576465821127194,0.5576465821127194,0.0,0.0,0.0,nan,0,1,1.0,0.0,-0.00217412306308641,0.0014727868139646284,nan,-0.00217412306308641,0.0014727868139646284,nan,0.5168119331910301,0.5168119331910301,0.0,0.0,0.0,nan,0
283,0.2460000000000002,0.45,,scientific,0,1,0.16774193548387098,1.0,0.0,-0.0031469283288163776,0.0011926063065289848,nan,-0.0031469283288163776,0.0011926063065289848,nan,0.5180168532842535,0.5180168532842535,0.0,0.0,0.0,nan,0,1,1.0,0.0,-0.002440719318597985,0.0008928162430743855,nan,-0.002440719318597985,0.0008928162430743855,nan,0.5587231199160381,0.5587231199160381,0.0,0.0,0.0,nan,0,1,1.0,0.0,-0.0031469283288163776,0.0011926063065289848,nan,-0.0031469283288163776,0.0011926063065289848,nan,0.5180168532842535,0.5180168532842535,0.0,0.0,0.0,nan,0
284,0.2470000000000002,0.45,,scientific,0,1,0.16774193548387098,1.0,0.0,-0.003856503137895929,0.0004288389102228493,nan,-0.003856503137895929,0.0004288389102228493,nan,0.5192645448486617,0.5192645448486617,0.0,0.0,0.0,nan,0,1,1.0,0.0,-0.002990048195918782,0.0003004231978556187,nan,-0.002990048195918782,0.0003004231978556187,nan,0.5597996577193567,0.5597996577193567,0.0,0.0,0.0,nan,0,1,1.0,0.0,-0.003856503137895929,0.0004288389102228493,nan,-0.003856503137895929,0.0004288389102228493,nan,0.5192645448486617,0.5192645448486617,0.0,0.0,0.0,nan,0
285,0.2480000000000002,0.45,,scientific,0,1,0.16774193548387098,1.0,0.0,-0.003859964336971011,0.00042927339135640977,nan,-0.003859964336971011,0.00042927339135640977,nan,0.5191743305457712,0.5191743305457712,0.0,0.0,0.0,nan,0,1,1.0,0.0,-0.002990048195918782,0.0003004231978556187,nan,-0.002990048195918782,0.0003004231978556187,nan,0.5597996577193567,0.5597996577193567,0.0,0.0,0.0,nan,0,1,1.0,0.0,-0.003859964336971011,0.00042927339135640977,nan,-0.003859964336971011,0.00042927339135640977,nan,0.5191743305457712,0.5191743305457712,0.0,0.0,0.0,nan,0
286,0.2490000000000002,0.45,,scientific,0,1,0.16774193548387098,1.0,0.0,-0.00386342426721035,0.000429707359230147,nan,-0.00386342426721035,0.000429707359230147,nan,0.5190836415004261,0.5190836415004261,0.0,0.0,0.0,nan,0,1,1.0,0.0,-0.002990048195918782,0.0003004231978556187,nan,-0.002990048195918782,0.0003004231978556187,nan,0.5597996577193567,0.5597996577193567,0.0,0.0,0.0,nan,0,1,1.0,0.0,-0.00386342426721035,0.000429707359230147,nan,-0.00386342426721035,0.000429707359230147,nan,0.5190836415004261,0.5190836415004261,0.0,0.0,0.0,nan,0
287,0.25000000000000017,0.45,,scientific,0,1,0.16774193548387098,1.0,0.0,-0.0038668828832273128,0.0004301408081341009,nan,-0.0038668828832273128,0.0004301408081341009,nan,0.518992478803678,0.518992478803678,0.0,0.0,0.0,nan,0,1,1.0,0.0,-0.002990048195918782,0.0003004231978556187,nan,-0.002990048195918782,0.0003004231978556187,nan,0.5597996577193567,0.5597996577193567,0.0,0.0,0.0,nan,0,1,1.0,0.0,-0.0038668828832273128,0.0004301408081341009,nan,-0.0038668828832273128,0.0004301408081341009,nan,0.518992478803678,0.518992478803678,0.0,0.0,0.0,nan,0
288,0.25100000000000017,0.45,,scientific,0,1,0.16774193548387098,1.0,0.0,-0.00387034014492275,0.00043057373114741964,nan,-0.00387034014492275,0.00043057373114741964,nan,0.5189008435541982,0.5189008435541982,0.0,0.0,0.0,nan,0,1,1.0,0.0,-0.002990048195918782,0.0003004231978556187,nan,-0.002990048195918782,0.0003004231978556187,nan,0.5597996577193567,0.5597996577193567,0.0,0.0,0.0,nan,0,1,1.0,0.0,-0.00387034014492275,0.00043057373114741964,nan,-0.00387034014492275,0.00043057373114741964,nan,0.5189008435541982,0.5189008435541982,0.0,0.0,0.0,nan,0
289,0.25200000000000017,0.45,,scientific,0,1,0.16774193548387098,1.0,0.0,-0.003873796015504694,0.00043100601492058793,nan,-0.003873796015504694,0.00043100601492058793,nan,0.5188087371789905,0.5188087371789905,0.0,0.0,0.0,nan,0,1,1.0,0.0,-0.002990048195918782,0.0003004231978556187,nan,-0.002990048195918782,0.0003004231978556187,nan,0.5597996577193567,0.5597996577193567,0.0,0.0,0.0,nan,0,1,1.0,0.0,-0.003873796015504694,0.00043100601492058793,nan,-0.003873796015504694,0.00043100601492058793,nan,0.5188087371789905,0.5188087371789905,0.0,0.0,0.0,nan,0
290,0.25300000000000017,0.45,,scientific,0,1,0.16838709677419356,1.0,0.0,-0.003877250500133077,0.00043143775487628356,nan,-0.003877250500133077,0.00043143775487628356,nan,0.5187161603715194,0.5187161603715194,0.0,0.0,0.0,nan,0,1,1.0,0.0,-0.002990048195918782,0.0003004231978556187,nan,-0.002990048195918782,0.0003004231978556187,nan,0.5597996577193567,0.5597996577193567,0.0,0.0,0.0,nan,0,1,1.0,0.0,-0.003877250500133077,0.00043143775487628356,nan,-0.003877250500133077,0.00043143775487628356,nan,0.5187161603715194,0.5187161603715194,0.0,0.0,0.0,nan,0
291,0.25400000000000017,0.45,,scientific,0,1,0.16838709677419356,1.0,0.0,-0.0038807034447544885,0.0004318689071653671,nan,-0.0038807034447544885,0.0004318689071653671,nan,0.5186231145595113,0.5186231145595113,0.0,0.0,0.0,nan,0,1,1.0,0.0,-0.002990048195918782,0.0003004231978556187,nan,-0.002990048195918782,0.0003004231978556187,nan,0.5597996577193567,0.5597996577193567,0.0,0.0,0.0,nan,0,1,1.0,0.0,-0.0038807034447544885,0.0004318689071653671,nan,-0.0038807034447544885,0.0004318689071653671,nan,0.5186231145595113,0.5186231145595113,0.0,0.0,0.0,nan,0
292,0.25500000000000017,0.45,,scientific,0,1,0.16838709677419356,1.0,0.0,-0.003884154832165543,0.0004322995110255241,nan,-0.003884154832165543,0.0004322995110255241,nan,0.5185296007561352,0.5185296007561352,0.0,0.0,0.0,nan,0,1,1.0,0.0,-0.002990048195918782,0.0003004231978556187,nan,-0.002990048195918782,0.0003004231978556187,nan,0.5597996577193567,0.5597996577193567,0.0,0.0,0.0,nan,0,1,1.0,0.0,-0.003884154832165543,0.0004322995110255241,nan,-0.003884154832165543,0.0004322995110255241,nan,0.5185296007561352,0.5185296007561352,0.0,0.0,0.0,nan,0
293,0.25600000000000017,0.45,,scientific,0,1,0.16838709677419356,1.0,0.0,-0.003887604668582968,0.0004327295668166332,nan,-0.003887604668582968,0.0004327295668166332,nan,0.5184356199998892,0.5184356199998892,0.0,0.0,0.0,nan,0,1,1.0,0.0,-0.002990048195918782,0.0003004231978556187,nan,-0.002990048195918782,0.0003004231978556187,nan,0.5597996577193567,0.5597996577193567,0.0,0.0,0.0,nan,0,1,1.0,0.0,-0.003887604668582968,0.0004327295668166332,nan,-0.003887604668582968,0.0004327295668166332,nan,0.5184356199998892,0.5184356199998892,0.0,0.0,0.0,nan,0
294,0.2570000000000002,0.45,,scientific,0,1,0.16838709677419356,1.0,0.0,-0.003891052912530901,0.00043315914427395635,nan,-0.003891052912530901,0.00043315914427395635,nan,0.5183411735152941,0.5183411735152941,0.0,0.0,0.0,nan,0,1,1.0,0.0,-0.002990048195918782,0.0003004231978556187,nan,-0.002990048195918782,0.0003004231978556187,nan,0.5597996577193567,0.5597996577193567,0.0,0.0,0.0,nan,0,1,1.0,0.0,-0.003891052912530901,0.00043315914427395635,nan,-0.003891052912530901,0.00043315914427395635,nan,0.5183411735152941,0.5183411735152941,0.0,0.0,0.0,nan,0
295,0.2580000000000002,0.45,,scientific,0,1,0.16838709677419356,1.0,0.0,-0.003894499547211092,0.0004335881868800948,nan,-0.003894499547211092,0.0004335881868800948,nan,0.518246262324283,0.518246262324283,0.0,0.0,0.0,nan,0,1,1.0,0.0,-0.002990048195918782,0.0003004231978556187,nan,-0.002990048195918782,0.0003004231978556187,nan,0.5597996577193567,0.5597996577193567,0.0,0.0,0.0,nan,0,1,1.0,0.0,-0.003894499547211092,0.0004335881868800948,nan,-0.003894499547211092,0.0004335881868800948,nan,0.518246262324283,0.518246262324283,0.0,0.0,0.0,nan,0
296,0.2590000000000002,0.45,,scientific,0,1,0.16838709677419356,1.0,0.0,-0.0038979445673572484,0.0004340166445678335,nan,-0.0038979445673572484,0.0004340166445678335,nan,0.5181508875684367,0.5181508875684367,0.0,0.0,0.0,nan,0,1,1.0,0.0,-0.002990048195918782,0.0003004231978556187,nan,-0.002990048195918782,0.0003004231978556187,nan,0.5597996577193567,0.5597996577193567,0.0,0.0,0.0,nan,0,1,1.0,0.0,-0.0038979445673572484,0.0004340166445678335,nan,-0.0038979445673572484,0.0004340166445678335,nan,0.5181508875684367,0.5181508875684367,0.0,0.0,0.0,nan,0
297,0.2600000000000002,0.45,,scientific,0,1,0.16838709677419356,1.0,0.0,-0.0039013879731820736,0.0004344444744858922,nan,-0.0039013879731820736,0.0004344444744858922,nan,0.5180550504377563,0.5180550504377563,0.0,0.0,0.0,nan,0,1,1.0,0.0,-0.002990048195918782,0.0003004231978556187,nan,-0.002990048195918782,0.0003004231978556187,nan,0.5597996577193567,0.5597996577193567,0.0,0.0,0.0,nan,0,1,1.0,0.0,-0.0039013879731820736,0.0004344444744858922,nan,-0.0039013879731820736,0.0004344444744858922,nan,0.5180550504377563,0.5180550504377563,0.0,0.0,0.0,nan,0
298,0.2610000000000002,0.45,,scientific,0,1,0.16838709677419356,1.0,0.0,-0.003904829649359543,0.00043487164467987196,nan,-0.003904829649359543,0.00043487164467987196,nan,0.517958752147067,0.517958752147067,0.0,0.0,0.0,nan,0,1,1.0,0.0,-0.002990048195918782,0.0003004231978556187,nan,-0.002990048195918782,0.0003004231978556187,nan,0.5597996577193567,0.5597996577193567,0.0,0.0,0.0,nan,0,1,1.0,0.0,-0.003904829649359543,0.00043487164467987196,nan,-0.003904829649359543,0.00043487164467987196,nan,0.517958752147067,0.517958752147067,0.0,0.0,0.0,nan,0
299,0.2620000000000002,0.45,,scientific,0,1,0.16838709677419356,1.0,0.0,-0.0039082695216481516,0.00043529811334850347,nan,-0.0039082695216481516,0.00043529811334850347,nan,0.5178619939137932,0.5178619939137932,0.0,0.0,0.0,nan,0,1,1.0,0.0,-0.002990048195918782,0.0003004231978556187,nan,-0.002990048195918782,0.0003004231978556187,nan,0.5597996577193567,0.5597996577193567,0.0,0.0,0.0,nan,0,1,1.0,0.0,-0.0039082695216481516,0.00043529811334850347,nan,-0.0039082695216481516,0.00043529811334850347,nan,0.5178619939137932,0.5178619939137932,0.0,0.0,0.0,nan,0
300,0.2630000000000002,0.45,,scientific,0,1,0.16838709677419356,1.0,0.0,-0.003911707580786291,0.0004357239805048219,nan,-0.003911707580786291,0.0004357239805048219,nan,0.5177647767305813,0.5177647767305813,0.0,0.0,0.0,nan,0,1,1.0,0.0,-0.002990048195918782,0.0003004231978556187,nan,-0.002990048195918782,0.0003004231978556187,nan,0.5597996577193567,0.5597996577193567,0.0,0.0,0.0,nan,0,1,1.0,0.0,-0.003911707580786291,0.0004357239805048219,nan,-0.003911707580786291,0.0004357239805048219,nan,0.5177647767305813,0.5177647767305813,0.0,0.0,0.0,nan,0
301,0.2640000000000002,0.45,,scientific,0,1,0.16838709677419356,1.0,0.0,-0.0039151438193787335,0.0004361493066471823,nan,-0.0039151438193787335,0.0004361493066471823,nan,0.5176671017127445,0.5176671017127445,0.0,0.0,0.0,nan,0,1,1.0,0.0,-0.002990048195918782,0.0003004231978556187,nan,-0.002990048195918782,0.0003004231978556187,nan,0.5597996577193567,0.5597996577193567,0.0,0.0,0.0,nan,0,1,1.0,0.0,-0.0039151438193787335,0.0004361493066471823,nan,-0.0039151438193787335,0.0004361493066471823,nan,0.5176671017127445,0.5176671017127445,0.0,0.0,0.0,nan,0
302,0.2650000000000002,0.45,,scientific,0,1,0.16838709677419356,1.0,0.0,-0.0029466812023427025,0.0007849941188342186,nan,-0.0029466812023427025,0.0007849941188342186,nan,0.5188747796466215,0.5188747796466215,0.0,0.0,0.0,nan,0,1,1.0,0.0,-0.00222150484167104,0.0005768403363395089,nan,-0.00222150484167104,0.0005768403363395089,nan,0.5608761955226753,0.5608761955226753,0.0,0.0,0.0,nan,0,1,1.0,0.0,-0.0029466812023427025,0.0007849941188342186,nan,-0.0029466812023427025,0.0007849941188342186,nan,0.5188747796466215,0.5188747796466215,0.0,0.0,0.0,nan,0
303,0.2660000000000002,0.45,,scientific,0,1,0.16838709677419356,1.0,0.0,-0.002949325162345069,0.0007856980699141881,nan,-0.002949325162345069,0.0007856980699141881,nan,0.5187771151750751,0.5187771151750751,0.0,0.0,0.0,nan,0,1,1.0,0.0,-0.00222150484167104,0.0005768403363395089,nan,-0.00222150484167104,0.0005768403363395089,nan,0.5608761955226753,0.5608761955226753,0.0,0.0,0.0,nan,0,1,1.0,0.0,-0.002949325162345069,0.0007856980699141881,nan,-0.002949325162345069,0.0007856980699141881,nan,0.5187771151750751,0.5187771151750751,0.0,0.0,0.0,nan,0
304,0.2670000000000002,0.45,,scientific,0,1,0.16903225806451613,1.0,0.0,-0.002951966941288721,0.0007864015957788818,nan,-0.002951966941288721,0.0007864015957788818,nan,0.5186789958387255,0.5186789958387255,0.0,0.0,0.0,nan,0,1,1.0,0.0,-0.00222150484167104,0.0005768403363395089,nan,-0.00222150484167104,0.0005768403363395089,nan,0.5608761955226753,0.5608761955226753,0.0,0.0,0.0,nan,0,1,1.0,0.0,-0.002951966941288721,0.0007864015957788818,nan,-0.002951966941288721,0.0007864015957788818,nan,0.5186789958387255,0.5186789958387255,0.0,0.0,0.0,nan,0
305,0.2680000000000002,0.45,,scientific,0,1,0.16903225806451613,1.0,0.0,-0.002512908543502862,0.001735591253300667,nan,-0.002512908543502862,0.001735591253300667,nan,0.5199165870451508,0.5199165870451508,0.0,0.0,0.0,nan,0,1,1.0,0.0,-0.0018806637512953253,0.0013125407492839,nan,-0.0018806637512953253,0.0013125407492839,nan,0.5619527333259939,0.5619527333259939,0.0,0.0,0.0,nan,0,1,1.0,0.0,-0.002512908543502862,0.001735591253300667,nan,-0.002512908543502862,0.001735591253300667,nan,0.5199165870451508,0.5199165870451508,0.0,0.0,0.0,nan,0
306,0.2690000000000002,0.45,,scientific,0,1,0.16903225806451613,1.0,0.0,-0.002515165941918311,0.0017370928128408439,nan,-0.002515165941918311,0.0017370928128408439,nan,0.5198185637504555,0.5198185637504555,0.0,0.0,0.0,nan,0,1,1.0,0.0,-0.0018806637512953253,0.0013125407492839,nan,-0.0018806637512953253,0.0013125407492839,nan,0.5619527333259939,0.5619527333259939,0.0,0.0,0.0,nan,0,1,1.0,0.0,-0.002515165941918311,0.0017370928128408439,nan,-0.002515165941918311,0.0017370928128408439,nan,0.5198185637504555,0.5198185637504555,0.0,0.0,0.0,nan,0
307,0.2700000000000002,0.45,,scientific,0,1,0.16903225806451613,1.0,0.0,-0.0025174211264459736,0.0017385939598092738,nan,-0.0025174211264459736,0.0017385939598092738,nan,0.5197200883582423,0.5197200883582423,0.0,0.0,0.0,nan,0,1,1.0,0.0,-0.0018806637512953253,0.0013125407492839,nan,-0.0018806637512953253,0.0013125407492839,nan,0.5619527333259939,0.5619527333259939,0.0,0.0,0.0,nan,0,1,1.0,0.0,-0.0025174211264459736,0.0017385939598092738,nan,-0.0025174211264459736,0.0017385939598092738,nan,0.5197200883582423,0.5197200883582423,0.0,0.0,0.0,nan,0
308,0.2710000000000002,0.45,,scientific,0,1,0.16903225806451613,1.0,0.0,-0.001660896512448602,0.0023782191207862863,nan,-0.001660896512448602,0.0023782191207862863,nan,0.5209889484247097,0.5209889484247097,0.0,0.0,0.0,nan,0,1,1.0,0.0,-0.0012317441478530177,0.001796773760634679,nan,-0.0012317441478530177,0.001796773760634679,nan,0.5630292711293124,0.5630292711293124,0.0,0.0,0.0,nan,0,1,1.0,0.0,-0.001660896512448602,0.0023782191207862863,nan,-0.001660896512448602,0.0023782191207862863,nan,0.5209889484247097,0.5209889484247097,0.0,0.0,0.0,nan,0
309,0.2720000000000002,0.45,,scientific,0,1,0.16903225806451613,1.0,0.0,-0.001662393235044416,0.002380269936252026,nan,-0.001662393235044416,0.002380269936252026,nan,0.520890630532787,0.520890630532787,0.0,0.0,0.0,nan,0,1,1.0,0.0,-0.0012317441478530177,0.001796773760634679,nan,-0.0012317441478530177,0.001796773760634679,nan,0.5630292711293124,0.5630292711293124,0.0,0.0,0.0,nan,0,1,1.0,0.0,-0.001662393235044416,0.002380269936252026,nan,-0.001662393235044416,0.002380269936252026,nan,0.520890630532787,0.520890630532787,0.0,0.0,0.0,nan,0
310,0.2730000000000002,0.45,,scientific,0,1,0.16903225806451613,1.0,0.0,-0.0016638879153362276,0.002382320206013991,nan,-0.0016638879153362276,0.002382320206013991,nan,0.5207918624299226,0.5207918624299226,0.0,0.0,0.0,nan,0,1,1.0,0.0,-0.0012317441478530177,0.001796773760634679,nan,-0.0012317441478530177,0.001796773760634679,nan,0.5630292711293124,0.5630292711293124,0.0,0.0,0.0,nan,0,1,1.0,0.0,-0.0016638879153362276,0.002382320206013991,nan,-0.0016638879153362276,0.002382320206013991,nan,0.5207918624299226,0.5207918624299226,0.0,0.0,0.0,nan,0
311,0.2740000000000002,0.45,,scientific,0,1,0.16903225806451613,1.0,0.0,-0.0016653805442716294,0.0023843697676149056,nan,-0.0016653805442716294,0.0023843697676149056,nan,0.5206926457683767,0.5206926457683767,0.0,0.0,0.0,nan,0,1,1.0,0.0,-0.0012317441478530177,0.001796773760634679,nan,-0.0012317441478530177,0.001796773760634679,nan,0.5630292711293124,0.5630292711293124,0.0,0.0,0.0,nan,0,1,1.0,0.0,-0.0016653805442716294,0.0023843697676149056,nan,-0.0016653805442716294,0.0023843697676149056,nan,0.5206926457683767,0.5206926457683767,0.0,0.0,0.0,nan,0
312,0.2750000000000002,0.45,,scientific,0,1,0.16903225806451613,1.0,0.0,-0.001666871104744245,0.002386418666823032,nan,-0.001666871104744245,0.002386418666823032,nan,0.5205929813099466,0.5205929813099466,0.0,0.0,0.0,nan,0,1,1.0,0.0,-0.0012317441478530177,0.001796773760634679,nan,-0.0012317441478530177,0.001796773760634679,nan,0.5630292711293124,0.5630292711293124,0.0,0.0,0.0,nan,0,1,1.0,0.0,-0.001666871104744245,0.002386418666823032,nan,-0.001666871104744245,0.002386418666823032,nan,0.5205929813099466,0.5205929813099466,0.0,0.0,0.0,nan,0
313,0.2760000000000002,0.45,,scientific,0,1,0.16903225806451613,1.0,0.0,-0.0016683595783110244,0.0023884668758022334,nan,-0.0016683595783110244,0.0023884668758022334,nan,0.5204928701509646,0.5204928701509646,0.0,0.0,0.0,nan,0,1,1.0,0.0,-0.0012317441478530177,0.001796773760634679,nan,-0.0012317441478530177,0.001796773760634679,nan,0.5630292711293124,0.5630292711293124,0.0,0.0,0.0,nan,0,1,1.0,0.0,-0.0016683595783110244,0.0023884668758022334,nan,-0.0016683595783110244,0.0023884668758022334,nan,0.5204928701509646,0.5204928701509646,0.0,0.0,0.0,nan,0
314,0.2770000000000002,0.45,,scientific,0,1,0.1696774193548387,1.0,0.0,-0.001669845909524837,0.002390514451395792,nan,-0.001669845909524837,0.002390514451395792,nan,0.5203923135749873,0.5203923135749873,0.0,0.0,0.0,nan,0,1,1.0,0.0,-0.0012317441478530177,0.001796773760634679,nan,-0.0012317441478530177,0.001796773760634679,nan,0.5630292711293124,0.5630292711293124,0.0,0.0,0.0,nan,0,1,1.0,0.0,-0.001669845909524837,0.002390514451395792,nan,-0.001669845909524837,0.002390514451395792,nan,0.5203923135749873,0.5203923135749873,0.0,0.0,0.0,nan,0
315,0.2780000000000002,0.45,,scientific,0,1,0.1696774193548387,1.0,0.0,-0.0016713300992763863,0.002392561376696186,nan,-0.0016713300992763863,0.002392561376696186,nan,0.5202913127034734,0.5202913127034734,0.0,0.0,0.0,nan,0,1,1.0,0.0,-0.0012317441478530177,0.001796773760634679,nan,-0.0012317441478530177,0.001796773760634679,nan,0.5630292711293124,0.5630292711293124,0.0,0.0,0.0,nan,0,1,1.0,0.0,-0.0016713300992763863,0.002392561376696186,nan,-0.0016713300992763863,0.002392561376696186,nan,0.5202913127034734,0.5202913127034734,0.0,0.0,0.0,nan,0
316,0.2790000000000002,0.45,,scientific,0,1,0.1696774193548387,1.0,0.0,-0.001165399609979268,0.0033166538474022162,nan,-0.001165399609979268,0.0033166538474022162,nan,0.5215420611169417,0.5215420611169417,0.0,0.0,0.0,nan,0,1,1.0,0.0,-0.0008442582193825002,0.0025042146965547846,nan,-0.0008442582193825002,0.0025042146965547846,nan,0.5641058089326312,0.5641058089326312,0.0,0.0,0.0,nan,0,1,1.0,0.0,-0.001165399609979268,0.0033166538474022162,nan,-0.001165399609979268,0.0033166538474022162,nan,0.5215420611169417,0.5215420611169417,0.0,0.0,0.0,nan,0
317,0.2800000000000002,0.45,,scientific,0,1,0.1696774193548387,1.0,0.0,-0.0011664458204927062,0.0033194725474149315,nan,-0.0011664458204927062,0.0033194725474149315,nan,0.5214411869559146,0.5214411869559146,0.0,0.0,0.0,nan,0,1,1.0,0.0,-0.0008442582193825002,0.0025042146965547846,nan,-0.0008442582193825002,0.0025042146965547846,nan,0.5641058089326312,0.5641058089326312,0.0,0.0,0.0,nan,0,1,1.0,0.0,-0.0011664458204927062,0.0033194725474149315,nan,-0.0011664458204927062,0.0033194725474149315,nan,0.5214411869559146,0.5214411869559146,0.0,0.0,0.0,nan,0
318,0.2810000000000002,0.45,,scientific,0,1,0.1696774193548387,1.0,0.0,-0.001167489943514602,0.003322290627670147,nan,-0.001167489943514602,0.003322290627670147,nan,0.5213398714414315,0.5213398714414315,0.0,0.0,0.0,nan,0,1,1.0,0.0,-0.0008442582193825002,0.0025042146965547846,nan,-0.0008442582193825002,0.0025042146965547846,nan,0.5641058089326312,0.5641058089326312,0.0,0.0,0.0,nan,0,1,1.0,0.0,-0.001167489943514602,0.003322290627670147,nan,-0.001167489943514602,0.003322290627670147,nan,0.5213398714414315,0.5213398714414315,0.0,0.0,0.0,nan,0
319,0.2820000000000002,0.45,,scientific,0,1,0.1696774193548387,1.0,0.0,-0.0008122362813467521,0.0023490276142977386,nan,-0.0008122362813467521,0.0023490276142977386,nan,0.5225580546834689,0.5225580546834689,0.0,0.0,0.0,nan,0,1,1.0,0.0,-0.000565351863686126,0.0017405080275641354,nan,-0.000565351863686126,0.0017405080275641354,nan,0.5651823467361331,0.5651823467361331,0.0,0.0,0.0,nan,0,1,1.0,0.0,-0.0008122362813467521,0.0023490276142977386,nan,-0.0008122362813467521,0.0023490276142977386,nan,0.5225580546834689,0.5225580546834689,0.0,0.0,0.0,nan,0
320,0.2830000000000002,0.45,,scientific,0,1,0.1696774193548387,1.0,0.0,-0.0016048870828543563,0.003055679300430845,nan,-0.0016048870828543563,0.003055679300430845,nan,0.5238265582556845,0.5238265582556845,0.0,0.0,0.0,nan,0,1,1.0,0.0,-0.0011646742339227842,0.0022749700473523216,nan,-0.0011646742339227842,0.0022749700473523216,nan,0.5662588845394516,0.5662588845394516,0.0,0.0,0.0,nan,0,1,1.0,0.0,-0.0016048870828543563,0.003055679300430845,nan,-0.0016048870828543563,0.003055679300430845,nan,0.5238265582556845,0.5238265582556845,0.0,0.0,0.0,nan,0
321,0.2840000000000002,0.45,,scientific,0,1,0.1703225806451613,1.0,0.0,-0.0016063162072549844,0.00305830469506016,nan,-0.0016063162072549844,0.00305830469506016,nan,0.5237258802036401,0.5237258802036401,0.0,0.0,0.0,nan,0,1,1.0,0.0,-0.0011646742339227842,0.0022749700473523216,nan,-0.0011646742339227842,0.0022749700473523216,nan,0.5662588845394516,0.5662588845394516,0.0,0.0,0.0,nan,0,1,1.0,0.0,-0.0016063162072549844,0.00305830469506016,nan,-0.0016063162072549844,0.00305830469506016,nan,0.5237258802036401,0.5237258802036401,0.0,0.0,0.0,nan,0
322,0.2850000000000002,0.45,,scientific,0,1,0.1703225806451613,1.0,0.0,-0.0016077430125693963,0.0030609286713966927,nan,-0.0016077430125693963,0.0030609286713966927,nan,0.5236247637645044,0.5236247637645044,0.0,0.0,0.0,nan,0,1,1.0,0.0,-0.0011646742339227842,0.0022749700473523216,nan,-0.0011646742339227842,0.0022749700473523216,nan,0.5662588845394516,0.5662588845394516,0.0,0.0,0.0,nan,0,1,1.0,0.0,-0.0016077430125693963,0.0030609286713966927,nan,-0.0016077430125693963,0.0030609286713966927,nan,0.5236247637645044,0.5236247637645044,0.0,0.0,0.0,nan,0
323,0.2860000000000002,0.45,,scientific,0,1,0.1703225806451613,1.0,0.0,-0.0016091675512609279,0.003063551317567994,nan,-0.0016091675512609279,0.003063551317567994,nan,0.5235232099007938,0.5235232099007938,0.0,0.0,0.0,nan,0,1,1.0,0.0,-0.0011646742339227842,0.0022749700473523216,nan,-0.0011646742339227842,0.0022749700473523216,nan,0.5662588845394516,0.5662588845394516,0.0,0.0,0.0,nan,0,1,1.0,0.0,-0.0016091675512609279,0.003063551317567994,nan,-0.0016091675512609279,0.003063551317567994,nan,0.5235232099007938,0.5235232099007938,0.0,0.0,0.0,nan,0
324,0.2870000000000002,0.45,,scientific,0,1,0.17096774193548386,1.0,0.0,-0.0006785891706659726,0.0035998762174842846,nan,-0.0006785891706659726,0.0035998762174842846,nan,0.5248046343847659,0.5248046343847659,0.0,0.0,0.0,nan,0,1,1.0,0.0,-0.0004676236470772891,0.002676301496983307,nan,-0.0004676236470772891,0.002676301496983307,nan,0.5673354223427702,0.5673354223427702,0.0,0.0,0.0,nan,0,1,1.0,0.0,-0.0006785891706659726,0.0035998762174842846,nan,-0.0006785891706659726,0.0035998762174842846,nan,0.5248046343847659,0.5248046343847659,0.0,0.0,0.0,nan,0
325,0.2880000000000002,0.45,,scientific,0,1,0.17096774193548386,1.0,0.0,-0.0006792083145651347,0.003602945839985673,nan,-0.0006792083145651347,0.003602945839985673,nan,0.5247032577296344,0.5247032577296344,0.0,0.0,0.0,nan,0,1,1.0,0.0,-0.0004676236470772891,0.002676301496983307,nan,-0.0004676236470772891,0.002676301496983307,nan,0.5673354223427702,0.5673354223427702,0.0,0.0,0.0,nan,0,1,1.0,0.0,-0.0006792083145651347,0.003602945839985673,nan,-0.0006792083145651347,0.003602945839985673,nan,0.5247032577296344,0.5247032577296344,0.0,0.0,0.0,nan,0
326,0.2890000000000002,0.45,,scientific,0,1,0.17161290322580644,1.0,0.0,-0.0006798255845069922,0.0036060139433760964,nan,-0.0006798255845069922,0.0036060139433760964,nan,0.5246014456369319,0.5246014456369319,0.0,0.0,0.0,nan,0,1,1.0,0.0,-0.0004676236470772891,0.002676301496983307,nan,-0.0004676236470772891,0.002676301496983307,nan,0.5673354223427702,0.5673354223427702,0.0,0.0,0.0,nan,0,1,1.0,0.0,-0.0006798255845069922,0.0036060139433760964,nan,-0.0006798255845069922,0.0036060139433760964,nan,0.5246014456369319,0.5246014456369319,0.0,0.0,0.0,nan,0
327,0.2900000000000002,0.45,,scientific,0,1,0.17161290322580644,1.0,0.0,-0.0017369477389408434,0.003742598957936654,nan,-0.0017369477389408434,0.003742598957936654,nan,0.5258756417735863,0.5258756417735863,0.0,0.0,0.0,nan,0,1,1.0,0.0,-0.001263597896427696,0.0027786558298794816,nan,-0.001263597896427696,0.0027786558298794816,nan,0.568411960146089,0.568411960146089,0.0,0.0,0.0,nan,0,1,1.0,0.0,-0.0017369477389408434,0.003742598957936654,nan,-0.0017369477389408434,0.003742598957936654,nan,0.5258756417735863,0.5258756417735863,0.0,0.0,0.0,nan,0
328,0.2910000000000002,0.45,,scientific,0,1,0.17161290322580644,1.0,0.0,-0.0017384535046820085,0.0037457696507330906,nan,-0.0017384535046820085,0.0037457696507330906,nan,0.5257739950157784,0.5257739950157784,0.0,0.0,0.0,nan,0,1,1.0,0.0,-0.001263597896427696,0.0027786558298794816,nan,-0.001263597896427696,0.0027786558298794816,nan,0.568411960146089,0.568411960146089,0.0,0.0,0.0,nan,0,1,1.0,0.0,-0.0017384535046820085,0.0037457696507330906,nan,-0.0017384535046820085,0.0037457696507330906,nan,0.5257739950157784,0.5257739950157784,0.0,0.0,0.0,nan,0
329,0.2920000000000002,0.45,,scientific,0,1,0.17161290322580644,1.0,0.0,-0.0021209730354947087,0.0017089897846196938,nan,-0.0021209730354947087,0.0017089897846196938,nan,0.5284199310201823,0.5284199310201823,0.0,0.0,0.0,nan,0,1,1.0,0.0,-0.001557641041150753,0.0012433227107195705,nan,-0.001557641041150753,0.0012433227107195705,nan,0.5705650357517879,0.5705650357517879,0.0,0.0,0.0,nan,0,1,1.0,0.0,-0.0021209730354947087,0.0017089897846196938,nan,-0.0021209730354947087,0.0017089897846196938,nan,0.5284199310201823,0.5284199310201823,0.0,0.0,0.0,nan,0
330,0.2930000000000002,0.45,,scientific,0,1,0.17161290322580644,1.0,0.0,-0.002122778679841851,0.0017104333059287501,nan,-0.002122778679841851,0.0017104333059287501,nan,0.5283194608791639,0.5283194608791639,0.0,0.0,0.0,nan,0,1,1.0,0.0,-0.001557641041150753,0.0012433227107195705,nan,-0.001557641041150753,0.0012433227107195705,nan,0.5705650357517879,0.5705650357517879,0.0,0.0,0.0,nan,0,1,1.0,0.0,-0.002122778679841851,0.0017104333059287501,nan,-0.002122778679841851,0.0017104333059287501,nan,0.5283194608791639,0.5283194608791639,0.0,0.0,0.0,nan,0
331,0.2940000000000002,0.45,,scientific,0,1,0.17161290322580644,1.0,0.0,-0.0021245822302335027,0.001711875739294761,nan,-0.0021245822302335027,0.001711875739294761,nan,0.528218558459121,0.528218558459121,0.0,0.0,0.0,nan,0,1,1.0,0.0,-0.001557641041150753,0.0012433227107195705,nan,-0.001557641041150753,0.0012433227107195705,nan,0.5705650357517879,0.5705650357517879,0.0,0.0,0.0,nan,0,1,1.0,0.0,-0.0021245822302335027,0.001711875739294761,nan,-0.0021245822302335027,0.001711875739294761,nan,0.528218558459121,0.528218558459121,0.0,0.0,0.0,nan,0
332,0.2950000000000002,0.45,,scientific,0,1,0.17161290322580644,1.0,0.0,-0.002126383756871759,0.0017133170716082074,nan,-0.002126383756871759,0.0017133170716082074,nan,0.5281172244313417,0.5281172244313417,0.0,0.0,0.0,nan,0,1,1.0,0.0,-0.001557641041150753,0.0012433227107195705,nan,-0.001557641041150753,0.0012433227107195705,nan,0.5705650357517879,0.5705650357517879,0.0,0.0,0.0,nan,0,1,1.0,0.0,-0.002126383756871759,0.0017133170716082074,nan,-0.002126383756871759,0.0017133170716082074,nan,0.5281172244313417,0.5281172244313417,0.0,0.0,0.0,nan,0
333,0.2960000000000002,0.45,,scientific,0,1,0.17161290322580644,1.0,0.0,-0.002128183380107969,0.0017147570957379659,nan,-0.002128183380107969,0.0017147570957379659,nan,0.5280154606731615,0.5280154606731615,0.0,0.0,0.0,nan,0,1,1.0,0.0,-0.001557641041150753,0.0012433227107195705,nan,-0.001557641041150753,0.0012433227107195705,nan,0.5705650357517879,0.5705650357517879,0.0,0.0,0.0,nan,0,1,1.0,0.0,-0.002128183380107969,0.0017147570957379659,nan,-0.002128183380107969,0.0017147570957379659,nan,0.5280154606731615,0.5280154606731615,0.0,0.0,0.0,nan,0
334,0.2970000000000002,0.45,,scientific,0,1,0.17161290322580644,1.0,0.0,-0.0021299810438919473,0.0017161957681050969,nan,-0.0021299810438919473,0.0017161957681050969,nan,0.5279132681710847,0.5279132681710847,0.0,0.0,0.0,nan,0,1,1.0,0.0,-0.001557641041150753,0.0012433227107195705,nan,-0.001557641041150753,0.0012433227107195705,nan,0.5705650357517879,0.5705650357517879,0.0,0.0,0.0,nan,0,1,1.0,0.0,-0.0021299810438919473,0.0017161957681050969,nan,-0.0021299810438919473,0.0017161957681050969,nan,0.5279132681710847,0.5279132681710847,0.0,0.0,0.0,nan,0
335,0.2980000000000002,0.45,,scientific,0,1,0.17161290322580644,1.0,0.0,-0.0021317767731852373,0.0017176331551485861,nan,-0.0021317767731852373,0.0017176331551485861,nan,0.5278106473458588,0.5278106473458588,0.0,0.0,0.0,nan,0,1,1.0,0.0,-0.001557641041150753,0.0012433227107195705,nan,-0.001557641041150753,0.0012433227107195705,nan,0.5705650357517879,0.5705650357517879,0.0,0.0,0.0,nan,0,1,1.0,0.0,-0.0021317767731852373,0.0017176331551485861,nan,-0.0021317767731852373,0.0017176331551485861,nan,0.5278106473458588,0.5278106473458588,0.0,0.0,0.0,nan,0
336,0.2990000000000002,0.45,,scientific,0,1,0.17161290322580644,1.0,0.0,-0.002133570779491056,0.0017190692458130981,nan,-0.002133570779491056,0.0017190692458130981,nan,0.5277075994562483,0.5277075994562483,0.0,0.0,0.0,nan,0,1,1.0,0.0,-0.001557641041150753,0.0012433227107195705,nan,-0.001557641041150753,0.0012433227107195705,nan,0.5705650357517879,0.5705650357517879,0.0,0.0,0.0,nan,0,1,1.0,0.0,-0.002133570779491056,0.0017190692458130981,nan,-0.002133570779491056,0.0017190692458130981,nan,0.5277075994562483,0.5277075994562483,0.0,0.0,0.0,nan,0
337,0.3000000000000002,0.45,,scientific,0,1,0.17161290322580644,1.0,0.0,-0.0021353632336920236,0.0017205041813232488,nan,-0.0021353632336920236,0.0017205041813232488,nan,0.5276041259128847,0.5276041259128847,0.0,0.0,0.0,nan,0,1,1.0,0.0,-0.001557641041150753,0.0012433227107195705,nan,-0.001557641041150753,0.0012433227107195705,nan,0.5705650357517879,0.5705650357517879,0.0,0.0,0.0,nan,0,1,1.0,0.0,-0.0021353632336920236,0.0017205041813232488,nan,-0.0021353632336920236,0.0017205041813232488,nan,0.5276041259128847,0.5276041259128847,0.0,0.0,0.0,nan,0
338,0.3010000000000002,0.45,,scientific,0,1,0.17161290322580644,1.0,0.0,-0.002137153928721805,0.00172193790304324,nan,-0.002137153928721805,0.00172193790304324,nan,0.5275002272746554,0.5275002272746554,0.0,0.0,0.0,nan,0,1,1.0,0.0,-0.001557641041150753,0.0012433227107195705,nan,-0.001557641041150753,0.0012433227107195705,nan,0.5705650357517879,0.5705650357517879,0.0,0.0,0.0,nan,0,1,1.0,0.0,-0.002137153928721805,0.00172193790304324,nan,-0.002137153928721805,0.00172193790304324,nan,0.5275002272746554,0.5275002272746554,0.0,0.0,0.0,nan,0
339,0.3020000000000002,0.45,,scientific,0,1,0.17161290322580644,1.0,0.0,-0.0021389427609265813,0.0017233704538011671,nan,-0.0021389427609265813,0.0017233704538011671,nan,0.5273959045723832,0.5273959045723832,0.0,0.0,0.0,nan,0,1,1.0,0.0,-0.001557641041150753,0.0012433227107195705,nan,-0.001557641041150753,0.0012433227107195705,nan,0.5705650357517879,0.5705650357517879,0.0,0.0,0.0,nan,0,1,1.0,0.0,-0.0021389427609265813,0.0017233704538011671,nan,-0.0021389427609265813,0.0017233704538011671,nan,0.5273959045723832,0.5273959045723832,0.0,0.0,0.0,nan,0
340,0.3030000000000002,0.45,,scientific,0,1,0.17161290322580644,1.0,0.0,-0.002522144956709634,0.0007299440100799425,nan,-0.002522144956709634,0.0007299440100799425,nan,0.5286662268809791,0.5286662268809791,0.0,0.0,0.0,nan,0,1,1.0,0.0,-0.0018465375499165282,0.0004944504348125495,nan,-0.0018465375499165282,0.0004944504348125495,nan,0.5716415735551064,0.5716415735551064,0.0,0.0,0.0,nan,0,1,1.0,0.0,-0.002522144956709634,0.0007299440100799425,nan,-0.002522144956709634,0.0007299440100799425,nan,0.5286662268809791,0.5286662268809791,0.0,0.0,0.0,nan,0
341,0.3040000000000002,0.45,,scientific,0,1,0.17161290322580644,1.0,0.0,-0.002524239213728888,0.0007305479731585377,nan,-0.002524239213728888,0.0007305479731585377,nan,0.5285620624353582,0.5285620624353582,0.0,0.0,0.0,nan,0,1,1.0,0.0,-0.0018465375499165282,0.0004944504348125495,nan,-0.0018465375499165282,0.0004944504348125495,nan,0.5716415735551064,0.5716415735551064,0.0,0.0,0.0,nan,0,1,1.0,0.0,-0.002524239213728888,0.0007305479731585377,nan,-0.002524239213728888,0.0007305479731585377,nan,0.5285620624353582,0.5285620624353582,0.0,0.0,0.0,nan,0
342,0.3050000000000002,0.45,,scientific,0,1,0.17161290322580644,1.0,0.0,-0.0025263313799362883,0.0007311509521748559,nan,-0.0025263313799362883,0.0007311509521748559,nan,0.5284574771414906,0.5284574771414906,0.0,0.0,0.0,nan,0,1,1.0,0.0,-0.0018465375499165282,0.0004944504348125495,nan,-0.0018465375499165282,0.0004944504348125495,nan,0.5716415735551064,0.5716415735551064,0.0,0.0,0.0,nan,0,1,1.0,0.0,-0.0025263313799362883,0.0007311509521748559,nan,-0.0025263313799362883,0.0007311509521748559,nan,0.5284574771414906,0.5284574771414906,0.0,0.0,0.0,nan,0
343,0.3060000000000002,0.45,,scientific,0,1,0.17161290322580644,1.0,0.0,-0.002528421493801133,0.0007317531060399448,nan,-0.002528421493801133,0.0007317531060399448,nan,0.52835247242491,0.52835247242491,0.0,0.0,0.0,nan,0,1,1.0,0.0,-0.0018465375499165282,0.0004944504348125495,nan,-0.0018465375499165282,0.0004944504348125495,nan,0.5716415735551064,0.5716415735551064,0.0,0.0,0.0,nan,0,1,1.0,0.0,-0.002528421493801133,0.0007317531060399448,nan,-0.002528421493801133,0.0007317531060399448,nan,0.52835247242491,0.52835247242491,0.0,0.0,0.0,nan,0
344,0.3070000000000002,0.45,,scientific,0,1,0.17225806451612904,1.0,0.0,-0.0023397342812655044,-0.0003374563793778765,nan,-0.0023397342812655044,-0.0003374563793778765,nan,0.5296507962219199,0.5296507962219199,0.0,0.0,0.0,nan,0,1,1.0,0.0,-0.0017070360120713217,-0.0002948965597554296,nan,-0.0017070360120713217,-0.0002948965597554296,nan,0.5727181113570247,0.5727181113570247,0.0,0.0,0.0,nan,0,1,1.0,0.0,-0.0023397342812655044,-0.0003374563793778765,nan,-0.0023397342812655044,-0.0003374563793778765,nan,0.5296507962219199,0.5296507962219199,0.0,0.0,0.0,nan,0
345,0.3080000000000002,0.45,,scientific,0,1,0.17290322580645162,1.0,0.0,-0.002341655521645044,-0.00033775368617958325,nan,-0.002341655521645044,-0.00033775368617958325,nan,0.5295459924103814,0.5295459924103814,0.0,0.0,0.0,nan,0,1,1.0,0.0,-0.0017070360120713217,-0.0002948965597554296,nan,-0.0017070360120713217,-0.0002948965597554296,nan,0.5727181113570247,0.5727181113570247,0.0,0.0,0.0,nan,0,1,1.0,0.0,-0.002341655521645044,-0.00033775368617958325,nan,-0.002341655521645044,-0.00033775368617958325,nan,0.5295459924103814,0.5295459924103814,0.0,0.0,0.0,nan,0
346,0.3090000000000002,0.45,,scientific,0,1,0.17290322580645162,1.0,0.0,-0.0023435748324085065,-0.0003380517087516455,nan,-0.0023435748324085065,-0.0003380517087516455,nan,0.5294407703658572,0.5294407703658572,0.0,0.0,0.0,nan,0,1,1.0,0.0,-0.0017070360120713217,-0.0002948965597554296,nan,-0.0017070360120713217,-0.0002948965597554296,nan,0.5727181113570247,0.5727181113570247,0.0,0.0,0.0,nan,0,1,1.0,0.0,-0.0023435748324085065,-0.0003380517087516455,nan,-0.0023435748324085065,-0.0003380517087516455,nan,0.5294407703658572,0.5294407703658572,0.0,0.0,0.0,nan,0
347,0.3100000000000002,0.45,,scientific,0,1,0.17290322580645162,1.0,0.0,-0.0023454923741936303,-0.00033835049151301574,nan,-0.0023454923741936303,-0.00033835049151301574,nan,0.52933513106198,0.52933513106198,0.0,0.0,0.0,nan,0,1,1.0,0.0,-0.0017070360120713217,-0.0002948965597554296,nan,-0.0017070360120713217,-0.0002948965597554296,nan,0.5727181113570247,0.5727181113570247,0.0,0.0,0.0,nan,0,1,1.0,0.0,-0.0023454923741936303,-0.00033835049151301574,nan,-0.0023454923741936303,-0.00033835049151301574,nan,0.52933513106198,0.52933513106198,0.0,0.0,0.0,nan,0
348,0.3110000000000002,0.45,,scientific,0,1,0.17290322580645162,1.0,0.0,-0.0023474081043505153,-0.0003386500762623594,nan,-0.0023474081043505153,-0.0003386500762623594,nan,0.5292290759322023,0.5292290759322023,0.0,0.0,0.0,nan,0,1,1.0,0.0,-0.0017070360120713217,-0.0002948965597554296,nan,-0.0017070360120713217,-0.0002948965597554296,nan,0.5727181113570247,0.5727181113570247,0.0,0.0,0.0,nan,0,1,1.0,0.0,-0.0023474081043505153,-0.0003386500762623594,nan,-0.0023474081043505153,-0.0003386500762623594,nan,0.5292290759322023,0.5292290759322023,0.0,0.0,0.0,nan,0
349,0.3120000000000002,0.45,,scientific,0,1,0.17290322580645162,1.0,0.0,-0.001327882742678276,-0.0005450532127725132,nan,-0.001327882742678276,-0.0005450532127725132,nan,0.5304646268580231,0.5304646268580231,0.0,0.0,0.0,nan,0,1,1.0,0.0,-0.0009197284312666268,-0.00045395170210186457,nan,-0.0009197284312666268,-0.00045395170210186457,nan,0.5737946491603434,0.5737946491603434,0.0,0.0,0.0,nan,0,1,1.0,0.0,-0.001327882742678276,-0.0005450532127725132,nan,-0.001327882742678276,-0.0005450532127725132,nan,0.5304646268580231,0.5304646268580231,0.0,0.0,0.0,nan,0
350,0.3130000000000002,0.45,,scientific,0,1,0.17290322580645162,1.0,0.0,-0.0013290034840936675,-0.0005455140689150603,nan,-0.0013290034840936675,-0.0005455140689150603,nan,0.5303586450071489,0.5303586450071489,0.0,0.0,0.0,nan,0,1,1.0,0.0,-0.0009197284312666268,-0.00045395170210186457,nan,-0.0009197284312666268,-0.00045395170210186457,nan,0.5737946491603434,0.5737946491603434,0.0,0.0,0.0,nan,0,1,1.0,0.0,-0.0013290034840936675,-0.0005455140689150603,nan,-0.0013290034840936675,-0.0005455140689150603,nan,0.5303586450071489,0.5303586450071489,0.0,0.0,0.0,nan,0
351,0.3140000000000002,0.45,,scientific,0,1,0.17290322580645162,1.0,0.0,-0.001330122538818702,-0.0005459756990661814,nan,-0.001330122538818702,-0.0005459756990661814,nan,0.5302522501506854,0.5302522501506854,0.0,0.0,0.0,nan,0,1,1.0,0.0,-0.0009197284312666268,-0.00045395170210186457,nan,-0.0009197284312666268,-0.00045395170210186457,nan,0.5737946491603434,0.5737946491603434,0.0,0.0,0.0,nan,0,1,1.0,0.0,-0.001330122538818702,-0.0005459756990661814,nan,-0.001330122538818702,-0.0005459756990661814,nan,0.5302522501506854,0.5302522501506854,0.0,0.0,0.0,nan,0
352,0.3150000000000002,0.45,,scientific,0,1,0.17290322580645162,1.0,0.0,-0.001710034960743225,0.00046580238272858523,nan,-0.001710034960743225,0.00046580238272858523,nan,0.5315485360969563,0.5315485360969563,0.0,0.0,0.0,nan,0,1,1.0,0.0,-0.0012007009611607888,0.0002936456199432183,nan,-0.0012007009611607888,0.0002936456199432183,nan,0.574871186963662,0.574871186963662,0.0,0.0,0.0,nan,0,1,1.0,0.0,-0.001710034960743225,0.00046580238272858523,nan,-0.001710034960743225,0.00046580238272858523,nan,0.5315485360969563,0.5315485360969563,0.0,0.0,0.0,nan,0
353,0.3160000000000002,0.45,,scientific,0,1,0.17290322580645162,1.0,0.0,-0.001711458816637764,0.00046617887415598293,nan,-0.001711458816637764,0.00046617887415598293,nan,0.5314423446486551,0.5314423446486551,0.0,0.0,0.0,nan,0,1,1.0,0.0,-0.0012007009611607888,0.0002936456199432183,nan,-0.0012007009611607888,0.0002936456199432183,nan,0.574871186963662,0.574871186963662,0.0,0.0,0.0,nan,0,1,1.0,0.0,-0.001711458816637764,0.00046617887415598293,nan,-0.001711458816637764,0.00046617887415598293,nan,0.5314423446486551,0.5314423446486551,0.0,0.0,0.0,nan,0
354,0.3170000000000002,0.45,,scientific,0,1,0.17290322580645162,1.0,0.0,-0.0017128812586119128,0.00046655465848122744,nan,-0.0017128812586119128,0.00046655465848122744,nan,0.5313357429582054,0.5313357429582054,0.0,0.0,0.0,nan,0,1,1.0,0.0,-0.0012007009611607888,0.0002936456199432183,nan,-0.0012007009611607888,0.0002936456199432183,nan,0.574871186963662,0.574871186963662,0.0,0.0,0.0,nan,0,1,1.0,0.0,-0.0017128812586119128,0.00046655465848122744,nan,-0.0017128812586119128,0.00046655465848122744,nan,0.5313357429582054,0.5313357429582054,0.0,0.0,0.0,nan,0
355,0.3180000000000002,0.45,,scientific,0,1,0.1735483870967742,1.0,0.0,-0.0008984168169803976,-0.00018031513602272773,nan,-0.0008984168169803976,-0.00018031513602272773,nan,0.5325761604605068,0.5325761604605068,0.0,0.0,0.0,nan,0,1,1.0,0.0,-0.000574192328336625,-0.0002040804473222779,nan,-0.000574192328336625,-0.0002040804473222779,nan,0.5759477247669806,0.5759477247669806,0.0,0.0,0.0,nan,0,1,1.0,0.0,-0.0008984168169803976,-0.00018031513602272773,nan,-0.0008984168169803976,-0.00018031513602272773,nan,0.5325761604605068,0.5325761604605068,0.0,0.0,0.0,nan,0
356,0.31900000000000023,0.45,,scientific,0,1,0.1735483870967742,1.0,0.0,-0.0008992049819642637,-0.00018043638883885385,nan,-0.0008992049819642637,-0.00018043638883885385,nan,0.5324696450545034,0.5324696450545034,0.0,0.0,0.0,nan,0,1,1.0,0.0,-0.000574192328336625,-0.0002040804473222779,nan,-0.000574192328336625,-0.0002040804473222779,nan,0.5759477247669806,0.5759477247669806,0.0,0.0,0.0,nan,0,1,1.0,0.0,-0.0008992049819642637,-0.00018043638883885385,nan,-0.0008992049819642637,-0.00018043638883885385,nan,0.5324696450545034,0.5324696450545034,0.0,0.0,0.0,nan,0
357,0.32000000000000023,0.45,,scientific,0,1,0.1735483870967742,1.0,0.0,-0.0005943153915950068,0.000825040987965563,nan,-0.0005943153915950068,0.000825040987965563,nan,0.5337294507723545,0.5337294507723545,0.0,0.0,0.0,nan,0,1,1.0,0.0,-0.0003427649764883343,0.0005590721641759292,nan,-0.0003427649764883343,0.0005590721641759292,nan,0.5770242625702992,0.5770242625702992,0.0,0.0,0.0,nan,0,1,1.0,0.0,-0.0005943153915950068,0.000825040987965563,nan,-0.0005943153915950068,0.000825040987965563,nan,0.5337294507723545,0.5337294507723545,0.0,0.0,0.0,nan,0
358,0.32100000000000023,0.45,,scientific,0,1,0.1735483870967742,1.0,0.0,-0.0005948568020119258,0.0008257128869055123,nan,-0.0005948568020119258,0.0008257128869055123,nan,0.5336230735219166,0.5336230735219166,0.0,0.0,0.0,nan,0,1,1.0,0.0,-0.0003427649764883343,0.0005590721641759292,nan,-0.0003427649764883343,0.0005590721641759292,nan,0.5770242625702992,0.5770242625702992,0.0,0.0,0.0,nan,0,1,1.0,0.0,-0.0005948568020119258,0.0008257128869055123,nan,-0.0005948568020119258,0.0008257128869055123,nan,0.5336230735219166,0.5336230735219166,0.0,0.0,0.0,nan,0
359,0.32200000000000023,0.45,,scientific,0,1,0.1735483870967742,1.0,0.0,-0.000595396033091662,0.0008263837227160623,nan,-0.000595396033091662,0.0008263837227160623,nan,0.5335162908689902,0.5335162908689902,0.0,0.0,0.0,nan,0,1,1.0,0.0,-0.0003427649764883343,0.0005590721641759292,nan,-0.0003427649764883343,0.0005590721641759292,nan,0.5770242625702992,0.5770242625702992,0.0,0.0,0.0,nan,0,1,1.0,0.0,-0.000595396033091662,0.0008263837227160623,nan,-0.000595396033091662,0.0008263837227160623,nan,0.5335162908689902,0.5335162908689902,0.0,0.0,0.0,nan,0
360,0.32300000000000023,0.45,,scientific,0,1,0.1735483870967742,1.0,0.0,-0.0005959330693736383,0.0008270539642464478,nan,-0.0005959330693736383,0.0008270539642464478,nan,0.5334091039060858,0.5334091039060858,0.0,0.0,0.0,nan,0,1,1.0,0.0,-0.0003427649764883343,0.0005590721641759292,nan,-0.0003427649764883343,0.0005590721641759292,nan,0.5770242625702992,0.5770242625702992,0.0,0.0,0.0,nan,0,1,1.0,0.0,-0.0005959330693736383,0.0008270539642464478,nan,-0.0005959330693736383,0.0008270539642464478,nan,0.5334091039060858,0.5334091039060858,0.0,0.0,0.0,nan,0
361,0.32400000000000023,0.45,,scientific,0,1,0.1735483870967742,1.0,0.0,-0.0005964682348676997,0.0008277235675694926,nan,-0.0005964682348676997,0.0008277235675694926,nan,0.5333015133325518,0.5333015133325518,0.0,0.0,0.0,nan,0,1,1.0,0.0,-0.0003427649764883343,0.0005590721641759292,nan,-0.0003427649764883343,0.0005590721641759292,nan,0.5770242625702992,0.5770242625702992,0.0,0.0,0.0,nan,0,1,1.0,0.0,-0.0005964682348676997,0.0008277235675694926,nan,-0.0005964682348676997,0.0008277235675694926,nan,0.5333015133325518,0.5333015133325518,0.0,0.0,0.0,nan,0
362,0.32500000000000023,0.45,,scientific,0,1,0.1735483870967742,1.0,0.0,-0.0005970016718402993,0.0008283925378004997,nan,-0.0005970016718402993,0.0008283925378004997,nan,0.5331935203761355,0.5331935203761355,0.0,0.0,0.0,nan,0,1,1.0,0.0,-0.0003427649764883343,0.0005590721641759292,nan,-0.0003427649764883343,0.0005590721641759292,nan,0.5770242625702992,0.5770242625702992,0.0,0.0,0.0,nan,0,1,1.0,0.0,-0.0005970016718402993,0.0008283925378004997,nan,-0.0005970016718402993,0.0008283925378004997,nan,0.5331935203761355,0.5331935203761355,0.0,0.0,0.0,nan,0
363,0.32600000000000023,0.45,,scientific,0,1,0.1735483870967742,1.0,0.0,-0.0005975333183641875,0.0008290611119399765,nan,-0.0005975333183641875,0.0008290611119399765,nan,0.5330851267921539,0.5330851267921539,0.0,0.0,0.0,nan,0,1,1.0,0.0,-0.0003427649764883343,0.0005590721641759292,nan,-0.0003427649764883343,0.0005590721641759292,nan,0.5770242625702992,0.5770242625702992,0.0,0.0,0.0,nan,0,1,1.0,0.0,-0.0005975333183641875,0.0008290611119399765,nan,-0.0005975333183641875,0.0008290611119399765,nan,0.5330851267921539,0.5330851267921539,0.0,0.0,0.0,nan,0
364,0.32700000000000023,0.45,,scientific,0,1,0.1735483870967742,1.0,0.0,-0.000598063391824417,0.0008297293312651418,nan,-0.000598063391824417,0.0008297293312651418,nan,0.5329763333684419,0.5329763333684419,0.0,0.0,0.0,nan,0,1,1.0,0.0,-0.0003427649764883343,0.0005590721641759292,nan,-0.0003427649764883343,0.0005590721641759292,nan,0.5770242625702992,0.5770242625702992,0.0,0.0,0.0,nan,0,1,1.0,0.0,-0.000598063391824417,0.0008297293312651418,nan,-0.000598063391824417,0.0008297293312651418,nan,0.5329763333684419,0.5329763333684419,0.0,0.0,0.0,nan,0
365,0.32800000000000024,0.45,,scientific,0,1,0.1735483870967742,1.0,0.0,-0.0005985921516188465,0.000830397028369781,nan,-0.0005985921516188465,0.000830397028369781,nan,0.532867140640794,0.532867140640794,0.0,0.0,0.0,nan,0,1,1.0,0.0,-0.0003427649764883343,0.0005590721641759292,nan,-0.0003427649764883343,0.0005590721641759292,nan,0.5770242625702992,0.5770242625702992,0.0,0.0,0.0,nan,0,1,1.0,0.0,-0.0005985921516188465,0.000830397028369781,nan,-0.0005985921516188465,0.000830397028369781,nan,0.532867140640794,0.532867140640794,0.0,0.0,0.0,nan,0
366,0.32900000000000024,0.45,,scientific,0,1,0.1735483870967742,1.0,0.0,0.00019267722636368744,0.0015842043025174153,nan,0.00019267722636368744,0.0015842043025174153,nan,0.5341812034760344,0.5341812034760344,0.0,0.0,0.0,nan,0,1,1.0,0.0,0.00023297125748144714,0.0011080425463087728,nan,0.00023297125748144714,0.0011080425463087728,nan,0.5781008003736178,0.5781008003736178,0.0,0.0,0.0,nan,0,1,1.0,0.0,0.00019267722636368744,0.0015842043025174153,nan,0.00019267722636368744,0.0015842043025174153,nan,0.5341812034760344,0.5341812034760344,0.0,0.0,0.0,nan,0
367,0.33000000000000024,0.45,,scientific,0,1,0.1735483870967742,1.0,0.0,0.00019280246308746473,0.001585484578999461,nan,0.00019280246308746473,0.001585484578999461,nan,0.5340722384910257,0.5340722384910257,0.0,0.0,0.0,nan,0,1,1.0,0.0,0.00023297125748144714,0.0011080425463087728,nan,0.00023297125748144714,0.0011080425463087728,nan,0.5781008003736178,0.5781008003736178,0.0,0.0,0.0,nan,0,1,1.0,0.0,0.00019280246308746473,0.001585484578999461,nan,0.00019280246308746473,0.001585484578999461,nan,0.5340722384910257,0.5340722384910257,0.0,0.0,0.0,nan,0
368,0.33100000000000024,0.45,,scientific,0,1,0.1735483870967742,1.0,0.0,0.00019292852381912152,0.001586763267392281,nan,0.00019292852381912152,0.001586763267392281,nan,0.533962877953591,0.533962877953591,0.0,0.0,0.0,nan,0,1,1.0,0.0,0.00023297125748144714,0.0011080425463087728,nan,0.00023297125748144714,0.0011080425463087728,nan,0.5781008003736178,0.5781008003736178,0.0,0.0,0.0,nan,0,1,1.0,0.0,0.00019292852381912152,0.001586763267392281,nan,0.00019292852381912152,0.001586763267392281,nan,0.533962877953591,0.533962877953591,0.0,0.0,0.0,nan,0
369,0.33200000000000024,0.45,,scientific,0,1,0.1735483870967742,1.0,0.0,-0.0008327862535004319,0.0012168797646435919,nan,-0.0008327862535004319,0.0012168797646435919,nan,0.535273121292905,0.535273121292905,0.0,0.0,0.0,nan,0,1,1.0,0.0,-0.000516157908918983,0.0008383388974492643,nan,-0.000516157908918983,0.0008383388974492643,nan,0.5791773381769364,0.5791773381769364,0.0,0.0,0.0,nan,0,1,1.0,0.0,-0.0008327862535004319,0.0012168797646435919,nan,-0.0008327862535004319,0.0012168797646435919,nan,0.535273121292905,0.535273121292905,0.0,0.0,0.0,nan,0
370,0.33300000000000024,0.45,,scientific,0,1,0.1735483870967742,1.0,0.0,-0.0008334943351312752,0.0012178473359590594,nan,-0.0008334943351312752,0.0012178473359590594,nan,0.5351639890831534,0.5351639890831534,0.0,0.0,0.0,nan,0,1,1.0,0.0,-0.000516157908918983,0.0008383388974492643,nan,-0.000516157908918983,0.0008383388974492643,nan,0.5791773381769364,0.5791773381769364,0.0,0.0,0.0,nan,0,1,1.0,0.0,-0.0008334943351312752,0.0012178473359590594,nan,-0.0008334943351312752,0.0012178473359590594,nan,0.5351639890831534,0.5351639890831534,0.0,0.0,0.0,nan,0
371,0.33400000000000024,0.45,,scientific,0,1,0.1735483870967742,1.0,0.0,-0.0008342015558779032,0.0012188137361510496,nan,-0.0008342015558779032,0.0012188137361510496,nan,0.5350544629486857,0.5350544629486857,0.0,0.0,0.0,nan,0,1,1.0,0.0,-0.000516157908918983,0.0008383388974492643,nan,-0.000516157908918983,0.0008383388974492643,nan,0.5791773381769364,0.5791773381769364,0.0,0.0,0.0,nan,0,1,1.0,0.0,-0.0008342015558779032,0.0012188137361510496,nan,-0.0008342015558779032,0.0012188137361510496,nan,0.5350544629486857,0.5350544629486857,0.0,0.0,0.0,nan,0
372,0.33500000000000024,0.45,,scientific,0,1,0.1735483870967742,1.0,0.0,-0.0008349075301984646,0.0012197792981522861,nan,-0.0008349075301984646,0.0012197792981522861,nan,0.5349445464667058,0.5349445464667058,0.0,0.0,0.0,nan,0,1,1.0,0.0,-0.000516157908918983,0.0008383388974492643,nan,-0.000516157908918983,0.0008383388974492643,nan,0.5791773381769364,0.5791773381769364,0.0,0.0,0.0,nan,0,1,1.0,0.0,-0.0008349075301984646,0.0012197792981522861,nan,-0.0008349075301984646,0.0012197792981522861,nan,0.5349445464667058,0.5349445464667058,0.0,0.0,0.0,nan,0
373,0.33600000000000024,0.45,,scientific,0,1,0.1735483870967742,1.0,0.0,-0.0008356122875176631,0.0012207445838473196,nan,-0.0008356122875176631,0.0012207445838473196,nan,0.5348342410126334,0.5348342410126334,0.0,0.0,0.0,nan,0,1,1.0,0.0,-0.000516157908918983,0.0008383388974492643,nan,-0.000516157908918983,0.0008383388974492643,nan,0.5791773381769364,0.5791773381769364,0.0,0.0,0.0,nan,0,1,1.0,0.0,-0.0008356122875176631,0.0012207445838473196,nan,-0.0008356122875176631,0.0012207445838473196,nan,0.5348342410126334,0.5348342410126334,0.0,0.0,0.0,nan,0
374,0.33700000000000024,0.45,,scientific,0,1,0.1735483870967742,1.0,0.0,-0.0008363159919929241,0.0012217095138611074,nan,-0.0008363159919929241,0.0012217095138611074,nan,0.5347235456910274,0.5347235456910274,0.0,0.0,0.0,nan,0,1,1.0,0.0,-0.000516157908918983,0.0008383388974492643,nan,-0.000516157908918983,0.0008383388974492643,nan,0.5791773381769364,0.5791773381769364,0.0,0.0,0.0,nan,0,1,1.0,0.0,-0.0008363159919929241,0.0012217095138611074,nan,-0.0008363159919929241,0.0012217095138611074,nan,0.5347235456910274,0.5347235456910274,0.0,0.0,0.0,nan,0
375,0.33800000000000024,0.45,,scientific,0,1,0.1735483870967742,1.0,0.0,-0.0008370187109369736,0.0012226742706253975,nan,-0.0008370187109369736,0.0012226742706253975,nan,0.5346124613049713,0.5346124613049713,0.0,0.0,0.0,nan,0,1,1.0,0.0,-0.000516157908918983,0.0008383388974492643,nan,-0.000516157908918983,0.0008383388974492643,nan,0.5791773381769364,0.5791773381769364,0.0,0.0,0.0,nan,0,1,1.0,0.0,-0.0008370187109369736,0.0012226742706253975,nan,-0.0008370187109369736,0.0012226742706253975,nan,0.5346124613049713,0.5346124613049713,0.0,0.0,0.0,nan,0
376,0.33900000000000025,0.45,,scientific,0,1,0.1735483870967742,1.0,0.0,-0.0008377205547214668,0.0012236388382301264,nan,-0.0008377205547214668,0.0012236388382301264,nan,0.534500988867007,0.534500988867007,0.0,0.0,0.0,nan,0,1,1.0,0.0,-0.000516157908918983,0.0008383388974492643,nan,-0.000516157908918983,0.0008383388974492643,nan,0.5791773381769364,0.5791773381769364,0.0,0.0,0.0,nan,0,1,1.0,0.0,-0.0008377205547214668,0.0012236388382301264,nan,-0.0008377205547214668,0.0012236388382301264,nan,0.534500988867007,0.534500988867007,0.0,0.0,0.0,nan,0
377,0.34000000000000025,0.45,,scientific,0,1,0.17419354838709677,1.0,0.0,-0.0008384212899637865,0.0012246032558487262,nan,-0.0008384212899637865,0.0012246032558487262,nan,0.5343891312128886,0.5343891312128886,0.0,0.0,0.0,nan,0,1,1.0,0.0,-0.000516157908918983,0.0008383388974492643,nan,-0.000516157908918983,0.0008383388974492643,nan,0.5791773381769364,0.5791773381769364,0.0,0.0,0.0,nan,0,1,1.0,0.0,-0.0008384212899637865,0.0012246032558487262,nan,-0.0008384212899637865,0.0012246032558487262,nan,0.5343891312128886,0.5343891312128886,0.0,0.0,0.0,nan,0
378,0.34100000000000025,0.45,,scientific,0,1,0.17419354838709677,1.0,0.0,-0.0008391216200143711,0.0012255672573448708,nan,-0.0008391216200143711,0.0012255672573448708,nan,0.5342768897205356,0.5342768897205356,0.0,0.0,0.0,nan,0,1,1.0,0.0,-0.000516157908918983,0.0008383388974492643,nan,-0.000516157908918983,0.0008383388974492643,nan,0.5791773381769364,0.5791773381769364,0.0,0.0,0.0,nan,0,1,1.0,0.0,-0.0008391216200143711,0.0012255672573448708,nan,-0.0008391216200143711,0.0012255672573448708,nan,0.5342768897205356,0.5342768897205356,0.0,0.0,0.0,nan,0
379,0.34200000000000025,0.45,,scientific,0,1,0.17419354838709677,1.0,0.0,-0.0008398215022245181,0.0012265307602907524,nan,-0.0008398215022245181,0.0012265307602907524,nan,0.5341642640082651,0.5341642640082651,0.0,0.0,0.0,nan,0,1,1.0,0.0,-0.000516157908918983,0.0008383388974492643,nan,-0.000516157908918983,0.0008383388974492643,nan,0.5791773381769364,0.5791773381769364,0.0,0.0,0.0,nan,0,1,1.0,0.0,-0.0008398215022245181,0.0012265307602907524,nan,-0.0008398215022245181,0.0012265307602907524,nan,0.5341642640082651,0.5341642640082651,0.0,0.0,0.0,nan,0
380,0.34300000000000025,0.45,,scientific,0,1,0.17419354838709677,1.0,0.0,-0.0008405208791943376,0.0012274933575292628,nan,-0.0008405208791943376,0.0012274933575292628,nan,0.5340512562383688,0.5340512562383688,0.0,0.0,0.0,nan,0,1,1.0,0.0,-0.000516157908918983,0.0008383388974492643,nan,-0.000516157908918983,0.0008383388974492643,nan,0.5791773381769364,0.5791773381769364,0.0,0.0,0.0,nan,0,1,1.0,0.0,-0.0008405208791943376,0.0012274933575292628,nan,-0.0008405208791943376,0.0012274933575292628,nan,0.5340512562383688,0.5340512562383688,0.0,0.0,0.0,nan,0
381,0.34400000000000025,0.45,,scientific,0,1,0.17419354838709677,1.0,0.0,-0.0014193516184594786,0.0003300176890171337,nan,-0.0014193516184594786,0.0003300176890171337,nan,0.5353256011665742,0.5353256011665742,0.0,0.0,0.0,nan,0,1,1.0,0.0,-0.0009480420339584303,0.0001687724789657529,nan,-0.0009480420339584303,0.0001687724789657529,nan,0.5802538759802551,0.5802538759802551,0.0,0.0,0.0,nan,0,1,1.0,0.0,-0.0014193516184594786,0.0003300176890171337,nan,-0.0014193516184594786,0.0003300176890171337,nan,0.5353256011665742,0.5353256011665742,0.0,0.0,0.0,nan,0
382,0.34500000000000025,0.45,,scientific,0,1,0.17483870967741935,1.0,0.0,-0.0014205015281770542,0.0003302731630145306,nan,-0.0014205015281770542,0.0003302731630145306,nan,0.5352127788735986,0.5352127788735986,0.0,0.0,0.0,nan,0,1,1.0,0.0,-0.0009480420339584303,0.0001687724789657529,nan,-0.0009480420339584303,0.0001687724789657529,nan,0.5802538759802551,0.5802538759802551,0.0,0.0,0.0,nan,0,1,1.0,0.0,-0.0014205015281770542,0.0003302731630145306,nan,-0.0014205015281770542,0.0003302731630145306,nan,0.5352127788735986,0.5352127788735986,0.0,0.0,0.0,nan,0
383,0.34600000000000025,0.45,,scientific,0,1,0.17483870967741935,1.0,0.0,-0.0014216512882865402,0.0003305281613621826,nan,-0.0014216512882865402,0.0003305281613621826,nan,0.5350995789649753,0.5350995789649753,0.0,0.0,0.0,nan,0,1,1.0,0.0,-0.0009480420339584303,0.0001687724789657529,nan,-0.0009480420339584303,0.0001687724789657529,nan,0.5802538759802551,0.5802538759802551,0.0,0.0,0.0,nan,0,1,1.0,0.0,-0.0014216512882865402,0.0003305281613621826,nan,-0.0014216512882865402,0.0003305281613621826,nan,0.5350995789649753,0.5350995789649753,0.0,0.0,0.0,nan,0
384,0.34700000000000025,0.45,,scientific,0,1,0.17483870967741935,1.0,0.0,-0.0014228006731666473,0.0003307832915481888,nan,-0.0014228006731666473,0.0003307832915481888,nan,0.5349860027378668,0.5349860027378668,0.0,0.0,0.0,nan,0,1,1.0,0.0,-0.0009480420339584303,0.0001687724789657529,nan,-0.0009480420339584303,0.0001687724789657529,nan,0.5802538759802551,0.5802538759802551,0.0,0.0,0.0,nan,0,1,1.0,0.0,-0.0014228006731666473,0.0003307832915481888,nan,-0.0014228006731666473,0.0003307832915481888,nan,0.5349860027378668,0.5349860027378668,0.0,0.0,0.0,nan,0
385,0.34800000000000025,0.45,,scientific,0,1,0.17483870967741935,1.0,0.0,-0.0014239497072630412,0.0003310380682341282,nan,-0.0014239497072630412,0.0003310380682341282,nan,0.5348720512546685,0.5348720512546685,0.0,0.0,0.0,nan,0,1,1.0,0.0,-0.0009480420339584303,0.0001687724789657529,nan,-0.0009480420339584303,0.0001687724789657529,nan,0.5802538759802551,0.5802538759802551,0.0,0.0,0.0,nan,0,1,1.0,0.0,-0.0014239497072630412,0.0003310380682341282,nan,-0.0014239497072630412,0.0003310380682341282,nan,0.5348720512546685,0.5348720512546685,0.0,0.0,0.0,nan,0
386,0.34900000000000025,0.45,,scientific,0,1,0.17483870967741935,1.0,0.0,-0.001425098578183271,0.0003312925800839084,nan,-0.001425098578183271,0.0003312925800839084,nan,0.5347577250393724,0.5347577250393724,0.0,0.0,0.0,nan,0,1,1.0,0.0,-0.0009480420339584303,0.0001687724789657529,nan,-0.0009480420339584303,0.0001687724789657529,nan,0.5802538759802551,0.5802538759802551,0.0,0.0,0.0,nan,0,1,1.0,0.0,-0.001425098578183271,0.0003312925800839084,nan,-0.001425098578183271,0.0003312925800839084,nan,0.5347577250393724,0.5347577250393724,0.0,0.0,0.0,nan,0
387,0.35000000000000026,0.45,,scientific,0,1,0.17483870967741935,1.0,0.0,-0.0014262472499108054,0.000331546826488113,nan,-0.0014262472499108054,0.000331546826488113,nan,0.5346430230688448,0.5346430230688448,0.0,0.0,0.0,nan,0,1,1.0,0.0,-0.0009480420339584303,0.0001687724789657529,nan,-0.0009480420339584303,0.0001687724789657529,nan,0.5802538759802551,0.5802538759802551,0.0,0.0,0.0,nan,0,1,1.0,0.0,-0.0014262472499108054,0.000331546826488113,nan,-0.0014262472499108054,0.000331546826488113,nan,0.5346430230688448,0.5346430230688448,0.0,0.0,0.0,nan,0
388,0.35100000000000026,0.45,,scientific,0,1,0.17548387096774193,1.0,0.0,-0.001427395783403661,0.00033180082272010324,nan,-0.001427395783403661,0.00033180082272010324,nan,0.5345279477230105,0.5345279477230105,0.0,0.0,0.0,nan,0,1,1.0,0.0,-0.0009480420339584303,0.0001687724789657529,nan,-0.0009480420339584303,0.0001687724789657529,nan,0.5802538759802551,0.5802538759802551,0.0,0.0,0.0,nan,0,1,1.0,0.0,-0.001427395783403661,0.00033180082272010324,nan,-0.001427395783403661,0.00033180082272010324,nan,0.5345279477230105,0.5345279477230105,0.0,0.0,0.0,nan,0
389,0.35200000000000026,0.45,,scientific,0,1,0.17548387096774193,1.0,0.0,-0.0014941923898473821,-0.000777670188096467,nan,-0.0014941923898473821,-0.000777670188096467,nan,0.5358588369962186,0.5358588369962186,0.0,0.0,0.0,nan,0,1,1.0,0.0,-0.0009962092804849702,-0.0006247213297990419,nan,-0.0009962092804849702,-0.0006247213297990419,nan,0.581330413783308,0.581330413783308,0.0,0.0,0.0,nan,0,1,1.0,0.0,-0.0014941923898473821,-0.000777670188096467,nan,-0.0014941923898473821,-0.000777670188096467,nan,0.5358588369962186,0.5358588369962186,0.0,0.0,0.0,nan,0
390,0.35300000000000026,0.45,,scientific,0,1,0.17548387096774193,1.0,0.0,-0.0014953879126693725,-0.0007783115861641608,nan,-0.0014953879126693725,-0.0007783115861641608,nan,0.5357440272305822,0.5357440272305822,0.0,0.0,0.0,nan,0,1,1.0,0.0,-0.0009962092804849702,-0.0006247213297990419,nan,-0.0009962092804849702,-0.0006247213297990419,nan,0.581330413783308,0.581330413783308,0.0,0.0,0.0,nan,0,1,1.0,0.0,-0.0014953879126693725,-0.0007783115861641608,nan,-0.0014953879126693725,-0.0007783115861641608,nan,0.5357440272305822,0.5357440272305822,0.0,0.0,0.0,nan,0
391,0.35400000000000026,0.45,,scientific,0,1,0.17548387096774193,1.0,0.0,-0.0014965830914876316,-0.0007789523561222086,nan,-0.0014965830914876316,-0.0007789523561222086,nan,0.5356288442907775,0.5356288442907775,0.0,0.0,0.0,nan,0,1,1.0,0.0,-0.0009962092804849702,-0.0006247213297990419,nan,-0.0009962092804849702,-0.0006247213297990419,nan,0.581330413783308,0.581330413783308,0.0,0.0,0.0,nan,0,1,1.0,0.0,-0.0014965830914876316,-0.0007789523561222086,nan,-0.0014965830914876316,-0.0007789523561222086,nan,0.5356288442907775,0.5356288442907775,0.0,0.0,0.0,nan,0
392,0.35500000000000026,0.45,,scientific,0,1,0.17548387096774193,1.0,0.0,-0.0014977781739818979,-0.000779592232849025,nan,-0.0014977781739818979,-0.000779592232849025,nan,0.5355132908241408,0.5355132908241408,0.0,0.0,0.0,nan,0,1,1.0,0.0,-0.0009962092804849702,-0.0006247213297990419,nan,-0.0009962092804849702,-0.0006247213297990419,nan,0.581330413783308,0.581330413783308,0.0,0.0,0.0,nan,0,1,1.0,0.0,-0.0014977781739818979,-0.000779592232849025,nan,-0.0014977781739818979,-0.000779592232849025,nan,0.5355132908241408,0.5355132908241408,0.0,0.0,0.0,nan,0
393,0.35600000000000026,0.45,,scientific,0,1,0.17548387096774193,1.0,0.0,-0.0014989732343538154,-0.0007802315498604827,nan,-0.0014989732343538154,-0.0007802315498604827,nan,0.5353973705779298,0.5353973705779298,0.0,0.0,0.0,nan,0,1,1.0,0.0,-0.0009962092804849702,-0.0006247213297990419,nan,-0.0009962092804849702,-0.0006247213297990419,nan,0.581330413783308,0.581330413783308,0.0,0.0,0.0,nan,0,1,1.0,0.0,-0.0014989732343538154,-0.0007802315498604827,nan,-0.0014989732343538154,-0.0007802315498604827,nan,0.5353973705779298,0.5353973705779298,0.0,0.0,0.0,nan,0
394,0.35700000000000026,0.45,,scientific,0,1,0.17548387096774193,1.0,0.0,-0.00150016835724561,-0.0007808712721911009,nan,-0.00150016835724561,-0.0007808712721911009,nan,0.5352810873622385,0.5352810873622385,0.0,0.0,0.0,nan,0,1,1.0,0.0,-0.0009962092804849702,-0.0006247213297990419,nan,-0.0009962092804849702,-0.0006247213297990419,nan,0.581330413783308,0.581330413783308,0.0,0.0,0.0,nan,0,1,1.0,0.0,-0.00150016835724561,-0.0007808712721911009,nan,-0.00150016835724561,-0.0007808712721911009,nan,0.5352810873622385,0.5352810873622385,0.0,0.0,0.0,nan,0
395,0.35800000000000026,0.45,,scientific,0,1,0.17548387096774193,1.0,0.0,-0.0015013631265973775,-0.0007815111471515368,nan,-0.0015013631265973775,-0.0007815111471515368,nan,0.5351644403338709,0.5351644403338709,0.0,0.0,0.0,nan,0,1,1.0,0.0,-0.0009962092804849702,-0.0006247213297990419,nan,-0.0009962092804849702,-0.0006247213297990419,nan,0.581330413783308,0.581330413783308,0.0,0.0,0.0,nan,0,1,1.0,0.0,-0.0015013631265973775,-0.0007815111471515368,nan,-0.0015013631265973775,-0.0007815111471515368,nan,0.5351644403338709,0.5351644403338709,0.0,0.0,0.0,nan,0
396,0.35900000000000026,0.45,,scientific,0,1,0.17548387096774193,1.0,0.0,-0.001502557423072957,-0.0007821502881077528,nan,-0.001502557423072957,-0.0007821502881077528,nan,0.5350474323434179,0.5350474323434179,0.0,0.0,0.0,nan,0,1,1.0,0.0,-0.0009962092804849702,-0.0006247213297990419,nan,-0.0009962092804849702,-0.0006247213297990419,nan,0.581330413783308,0.581330413783308,0.0,0.0,0.0,nan,0,1,1.0,0.0,-0.001502557423072957,-0.0007821502881077528,nan,-0.001502557423072957,-0.0007821502881077528,nan,0.5350474323434179,0.5350474323434179,0.0,0.0,0.0,nan,0
397,0.36000000000000026,0.45,,scientific,0,1,0.17548387096774193,1.0,0.0,-0.001503751608221863,-0.0007827889135889823,nan,-0.001503751608221863,-0.0007827889135889823,nan,0.5349300647141964,0.5349300647141964,0.0,0.0,0.0,nan,0,1,1.0,0.0,-0.0009962092804849702,-0.0006247213297990419,nan,-0.0009962092804849702,-0.0006247213297990419,nan,0.581330413783308,0.581330413783308,0.0,0.0,0.0,nan,0,1,1.0,0.0,-0.001503751608221863,-0.0007827889135889823,nan,-0.001503751608221863,-0.0007827889135889823,nan,0.5349300647141964,0.5349300647141964,0.0,0.0,0.0,nan,0
398,0.36100000000000027,0.45,,scientific,0,1,0.17548387096774193,1.0,0.0,-0.0015049458834408688,-0.0007834266851705135,nan,-0.0015049458834408688,-0.0007834266851705135,nan,0.5348123365785462,0.5348123365785462,0.0,0.0,0.0,nan,0,1,1.0,0.0,-0.0009962092804849702,-0.0006247213297990419,nan,-0.0009962092804849702,-0.0006247213297990419,nan,0.581330413783308,0.581330413783308,0.0,0.0,0.0,nan,0,1,1.0,0.0,-0.0015049458834408688,-0.0007834266851705135,nan,-0.0015049458834408688,-0.0007834266851705135,nan,0.5348123365785462,0.5348123365785462,0.0,0.0,0.0,nan,0
399,0.36200000000000027,0.45,,scientific,0,1,0.17548387096774193,1.0,0.0,-0.0015061400198910432,-0.0007840635844513563,nan,-0.0015061400198910432,-0.0007840635844513563,nan,0.5346942504966583,0.5346942504966583,0.0,0.0,0.0,nan,0,1,1.0,0.0,-0.0009962092804849702,-0.0006247213297990419,nan,-0.0009962092804849702,-0.0006247213297990419,nan,0.581330413783308,0.581330413783308,0.0,0.0,0.0,nan,0,1,1.0,0.0,-0.0015061400198910432,-0.0007840635844513563,nan,-0.0015061400198910432,-0.0007840635844513563,nan,0.5346942504966583,0.5346942504966583,0.0,0.0,0.0,nan,0
400,0.36300000000000027,0.45,,scientific,0,1,0.17548387096774193,1.0,0.0,-0.0015073341737525641,-0.0007847000147796412,nan,-0.0015073341737525641,-0.0007847000147796412,nan,0.5345758086170491,0.5345758086170491,0.0,0.0,0.0,nan,0,1,1.0,0.0,-0.0009962092804849702,-0.0006247213297990419,nan,-0.0009962092804849702,-0.0006247213297990419,nan,0.581330413783308,0.581330413783308,0.0,0.0,0.0,nan,0,1,1.0,0.0,-0.0015073341737525641,-0.0007847000147796412,nan,-0.0015073341737525641,-0.0007847000147796412,nan,0.5345758086170491,0.5345758086170491,0.0,0.0,0.0,nan,0
401,0.36400000000000027,0.45,,scientific,0,1,0.17548387096774193,1.0,0.0,-0.001508528445948376,-0.0007853356729557233,nan,-0.001508528445948376,-0.0007853356729557233,nan,0.5344570126524371,0.5344570126524371,0.0,0.0,0.0,nan,0,1,1.0,0.0,-0.0009962092804849702,-0.0006247213297990419,nan,-0.0009962092804849702,-0.0006247213297990419,nan,0.581330413783308,0.581330413783308,0.0,0.0,0.0,nan,0,1,1.0,0.0,-0.001508528445948376,-0.0007853356729557233,nan,-0.001508528445948376,-0.0007853356729557233,nan,0.5344570126524371,0.5344570126524371,0.0,0.0,0.0,nan,0
402,0.36500000000000027,0.45,,scientific,0,1,0.17548387096774193,1.0,0.0,-0.0004605899722797624,-0.0011998453292515368,nan,-0.0004605899722797624,-0.0011998453292515368,nan,0.5357998761761791,0.5357998761761791,0.0,0.0,0.0,nan,0,1,1.0,0.0,-0.0002559119602507768,-0.00091741878692875,nan,-0.0002559119602507768,-0.00091741878692875,nan,0.5824069515866266,0.5824069515866266,0.0,0.0,0.0,nan,0,1,1.0,0.0,-0.0004605899722797624,-0.0011998453292515368,nan,-0.0004605899722797624,-0.0011998453292515368,nan,0.5357998761761791,0.5357998761761791,0.0,0.0,0.0,nan,0
403,0.36600000000000027,0.45,,scientific,0,1,0.17548387096774193,1.0,0.0,0.0005286681224116015,-0.001730608937535435,nan,0.0005286681224116015,-0.001730608937535435,nan,0.5371442926953823,0.5371442926953823,0.0,0.0,0.0,nan,0,1,1.0,0.0,0.0004429329312384706,-0.0012924856782280422,nan,0.0004429329312384706,-0.0012924856782280422,nan,0.5834834893899452,0.5834834893899452,0.0,0.0,0.0,nan,0,1,1.0,0.0,0.0005286681224116015,-0.001730608937535435,nan,0.0005286681224116015,-0.001730608937535435,nan,0.5371442926953823,0.5371442926953823,0.0,0.0,0.0,nan,0
404,0.36700000000000027,0.45,,scientific,0,1,0.17548387096774193,1.0,0.0,0.0005290991433941432,-0.0017319870531764914,nan,0.0005290991433941432,-0.0017319870531764914,nan,0.5370264547751343,0.5370264547751343,0.0,0.0,0.0,nan,0,1,1.0,0.0,0.0004429329312384706,-0.0012924856782280422,nan,0.0004429329312384706,-0.0012924856782280422,nan,0.5834834893899452,0.5834834893899452,0.0,0.0,0.0,nan,0,1,1.0,0.0,0.0005290991433941432,-0.0017319870531764914,nan,0.0005290991433941432,-0.0017319870531764914,nan,0.5370264547751343,0.5370264547751343,0.0,0.0,0.0,nan,0
405,0.36800000000000027,0.45,,scientific,0,1,0.17548387096774193,1.0,0.0,0.0005295280515410344,-0.00173336255767254,nan,0.0005295280515410344,-0.00173336255767254,nan,0.5369082663609512,0.5369082663609512,0.0,0.0,0.0,nan,0,1,1.0,0.0,0.0004429329312384706,-0.0012924856782280422,nan,0.0004429329312384706,-0.0012924856782280422,nan,0.5834834893899452,0.5834834893899452,0.0,0.0,0.0,nan,0,1,1.0,0.0,0.0005295280515410344,-0.00173336255767254,nan,0.0005295280515410344,-0.00173336255767254,nan,0.5369082663609512,0.5369082663609512,0.0,0.0,0.0,nan,0
406,0.36900000000000027,0.45,,scientific,0,1,0.17548387096774193,1.0,0.0,0.0005299556842221586,-0.0017347367190664257,nan,0.0005299556842221586,-0.0017347367190664257,nan,0.5367897302394278,0.5367897302394278,0.0,0.0,0.0,nan,0,1,1.0,0.0,0.0004429329312384706,-0.0012924856782280422,nan,0.0004429329312384706,-0.0012924856782280422,nan,0.5834834893899452,0.5834834893899452,0.0,0.0,0.0,nan,0,1,1.0,0.0,0.0005299556842221586,-0.0017347367190664257,nan,0.0005299556842221586,-0.0017347367190664257,nan,0.5367897302394278,0.5367897302394278,0.0,0.0,0.0,nan,0
407,0.3700000000000003,0.45,,scientific,0,1,0.17548387096774193,1.0,0.0,0.0005303819642993961,-0.0017361107393272174,nan,0.0005303819642993961,-0.0017361107393272174,nan,0.5366708477233425,0.5366708477233425,0.0,0.0,0.0,nan,0,1,1.0,0.0,0.0004429329312384706,-0.0012924856782280422,nan,0.0004429329312384706,-0.0012924856782280422,nan,0.5834834893899452,0.5834834893899452,0.0,0.0,0.0,nan,0,1,1.0,0.0,0.0005303819642993961,-0.0017361107393272174,nan,0.0005303819642993961,-0.0017361107393272174,nan,0.5366708477233425,0.5366708477233425,0.0,0.0,0.0,nan,0
408,0.3710000000000003,0.45,,scientific,0,1,0.17548387096774193,1.0,0.0,0.0011645220387946878,-0.000862746540626112,nan,0.0011645220387946878,-0.000862746540626112,nan,0.5379543904515323,0.5379543904515323,0.0,0.0,0.0,nan,0,1,1.0,0.0,0.0009099580242640539,-0.0006487378947265148,nan,0.0009099580242640539,-0.0006487378947265148,nan,0.5845600271932638,0.5845600271932638,0.0,0.0,0.0,nan,0,1,1.0,0.0,0.0011645220387946878,-0.000862746540626112,nan,0.0011645220387946878,-0.000862746540626112,nan,0.5379543904515323,0.5379543904515323,0.0,0.0,0.0,nan,0
409,0.3720000000000003,0.45,,scientific,0,1,0.17548387096774193,1.0,0.0,0.001165431995487207,-0.0008634442738540864,nan,0.001165431995487207,-0.0008634442738540864,nan,0.5378357394067085,0.5378357394067085,0.0,0.0,0.0,nan,0,1,1.0,0.0,0.0009099580242640539,-0.0006487378947265148,nan,0.0009099580242640539,-0.0006487378947265148,nan,0.5845600271932638,0.5845600271932638,0.0,0.0,0.0,nan,0,1,1.0,0.0,0.001165431995487207,-0.0008634442738540864,nan,0.001165431995487207,-0.0008634442738540864,nan,0.5378357394067085,0.5378357394067085,0.0,0.0,0.0,nan,0
410,0.3730000000000003,0.45,,scientific,0,1,0.17548387096774193,1.0,0.0,0.0011663395625083034,-0.0008641397579197656,nan,0.0011663395625083034,-0.0008641397579197656,nan,0.5377167460487089,0.5377167460487089,0.0,0.0,0.0,nan,0,1,1.0,0.0,0.0009099580242640539,-0.0006487378947265148,nan,0.0009099580242640539,-0.0006487378947265148,nan,0.5845600271932638,0.5845600271932638,0.0,0.0,0.0,nan,0,1,1.0,0.0,0.0011663395625083034,-0.0008641397579197656,nan,0.0011663395625083034,-0.0008641397579197656,nan,0.5377167460487089,0.5377167460487089,0.0,0.0,0.0,nan,0
411,0.3740000000000003,0.45,,scientific,0,1,0.17548387096774193,1.0,0.0,0.001167244404268365,-0.0008648330732713602,nan,0.001167244404268365,-0.0008648330732713602,nan,0.537597411578428,0.537597411578428,0.0,0.0,0.0,nan,0,1,1.0,0.0,0.0009099580242640539,-0.0006487378947265148,nan,0.0009099580242640539,-0.0006487378947265148,nan,0.5845600271932638,0.5845600271932638,0.0,0.0,0.0,nan,0,1,1.0,0.0,0.001167244404268365,-0.0008648330732713602,nan,0.001167244404268365,-0.0008648330732713602,nan,0.537597411578428,0.537597411578428,0.0,0.0,0.0,nan,0
412,0.3750000000000003,0.45,,scientific,0,1,0.17548387096774193,1.0,0.0,0.001168146513276237,-0.0008655237315123666,nan,0.001168146513276237,-0.0008655237315123666,nan,0.5374777359116826,0.5374777359116826,0.0,0.0,0.0,nan,0,1,1.0,0.0,0.0009099580242640539,-0.0006487378947265148,nan,0.0009099580242640539,-0.0006487378947265148,nan,0.5845600271932638,0.5845600271932638,0.0,0.0,0.0,nan,0,1,1.0,0.0,0.001168146513276237,-0.0008655237315123666,nan,0.001168146513276237,-0.0008655237315123666,nan,0.5374777359116826,0.5374777359116826,0.0,0.0,0.0,nan,0
413,0.3760000000000003,0.45,,scientific,0,1,0.17548387096774193,1.0,0.0,0.001169046558215223,-0.0008662127973531592,nan,0.001169046558215223,-0.0008662127973531592,nan,0.5373577199324469,0.5373577199324469,0.0,0.0,0.0,nan,0,1,1.0,0.0,0.0009099580242640539,-0.0006487378947265148,nan,0.0009099580242640539,-0.0006487378947265148,nan,0.5845600271932638,0.5845600271932638,0.0,0.0,0.0,nan,0,1,1.0,0.0,0.001169046558215223,-0.0008662127973531592,nan,0.001169046558215223,-0.0008662127973531592,nan,0.5373577199324469,0.5373577199324469,0.0,0.0,0.0,nan,0
414,0.3770000000000003,0.45,,scientific,0,1,0.17548387096774193,1.0,0.0,0.0011699447735329046,-0.000866900866202995,nan,0.0011699447735329046,-0.000866900866202995,nan,0.5372373677720668,0.5372373677720668,0.0,0.0,0.0,nan,0,1,1.0,0.0,0.0009099580242640539,-0.0006487378947265148,nan,0.0009099580242640539,-0.0006487378947265148,nan,0.5845600271932638,0.5845600271932638,0.0,0.0,0.0,nan,0,1,1.0,0.0,0.0011699447735329046,-0.000866900866202995,nan,0.0011699447735329046,-0.000866900866202995,nan,0.5372373677720668,0.5372373677720668,0.0,0.0,0.0,nan,0
415,0.3780000000000003,0.45,,scientific,0,1,0.17548387096774193,1.0,0.0,0.00219959560853282,-0.0004126612577474511,nan,0.00219959560853282,-0.0004126612577474511,nan,0.5385859155925834,0.5385859155925834,0.0,0.0,0.0,nan,0,1,1.0,0.0,0.001634126633079806,-0.0003295547693301824,nan,0.001634126633079806,-0.0003295547693301824,nan,0.5856365649965826,0.5856365649965826,0.0,0.0,0.0,nan,0,1,1.0,0.0,0.00219959560853282,-0.0004126612577474511,nan,0.00219959560853282,-0.0004126612577474511,nan,0.5385859155925834,0.5385859155925834,0.0,0.0,0.0,nan,0
416,0.3790000000000003,0.45,,scientific,0,1,0.17548387096774193,1.0,0.0,0.002201298724402162,-0.0004129834647529847,nan,0.002201298724402162,-0.0004129834647529847,nan,0.5384658985806006,0.5384658985806006,0.0,0.0,0.0,nan,0,1,1.0,0.0,0.001634126633079806,-0.0003295547693301824,nan,0.001634126633079806,-0.0003295547693301824,nan,0.5856365649965826,0.5856365649965826,0.0,0.0,0.0,nan,0,1,1.0,0.0,0.002201298724402162,-0.0004129834647529847,nan,0.002201298724402162,-0.0004129834647529847,nan,0.5384658985806006,0.5384658985806006,0.0,0.0,0.0,nan,0
417,0.3800000000000003,0.45,,scientific,0,1,0.17548387096774193,1.0,0.0,0.0022029986985062345,-0.00041330354946552116,nan,0.0022029986985062345,-0.00041330354946552116,nan,0.5383455588401396,0.5383455588401396,0.0,0.0,0.0,nan,0,1,1.0,0.0,0.001634126633079806,-0.0003295547693301824,nan,0.001634126633079806,-0.0003295547693301824,nan,0.5856365649965826,0.5856365649965826,0.0,0.0,0.0,nan,0,1,1.0,0.0,0.0022029986985062345,-0.00041330354946552116,nan,0.0022029986985062345,-0.00041330354946552116,nan,0.5383455588401396,0.5383455588401396,0.0,0.0,0.0,nan,0
418,0.3810000000000003,0.45,,scientific,0,1,0.17548387096774193,1.0,0.0,0.002204694817703768,-0.0004136210616951626,nan,0.002204694817703768,-0.0004136210616951626,nan,0.5382248982803062,0.5382248982803062,0.0,0.0,0.0,nan,0,1,1.0,0.0,0.001634126633079806,-0.0003295547693301824,nan,0.001634126633079806,-0.0003295547693301824,nan,0.5856365649965826,0.5856365649965826,0.0,0.0,0.0,nan,0,1,1.0,0.0,0.002204694817703768,-0.0004136210616951626,nan,0.002204694817703768,-0.0004136210616951626,nan,0.5382248982803062,0.5382248982803062,0.0,0.0,0.0,nan,0
419,0.3820000000000003,0.45,,scientific,0,1,0.17548387096774193,1.0,0.0,0.002206387181819166,-0.0004139358342061548,nan,0.002206387181819166,-0.0004139358342061548,nan,0.5381039125329663,0.5381039125329663,0.0,0.0,0.0,nan,0,1,1.0,0.0,0.001634126633079806,-0.0003295547693301824,nan,0.001634126633079806,-0.0003295547693301824,nan,0.5856365649965826,0.5856365649965826,0.0,0.0,0.0,nan,0,1,1.0,0.0,0.002206387181819166,-0.0004139358342061548,nan,0.002206387181819166,-0.0004139358342061548,nan,0.5381039125329663,0.5381039125329663,0.0,0.0,0.0,nan,0
420,0.3830000000000003,0.45,,scientific,0,1,0.17548387096774193,1.0,0.0,0.002208076107039137,-0.000414248747465663,nan,0.002208076107039137,-0.000414248747465663,nan,0.5379826018748779,0.5379826018748779,0.0,0.0,0.0,nan,0,1,1.0,0.0,0.001634126633079806,-0.0003295547693301824,nan,0.001634126633079806,-0.0003295547693301824,nan,0.5856365649965826,0.5856365649965826,0.0,0.0,0.0,nan,0,1,1.0,0.0,0.002208076107039137,-0.000414248747465663,nan,0.002208076107039137,-0.000414248747465663,nan,0.5379826018748779,0.5379826018748779,0.0,0.0,0.0,nan,0
421,0.3840000000000003,0.45,,scientific,0,1,0.17548387096774193,1.0,0.0,0.002209760909069799,-0.0004145601023921453,nan,0.002209760909069799,-0.0004145601023921453,nan,0.5378609742079764,0.5378609742079764,0.0,0.0,0.0,nan,0,1,1.0,0.0,0.001634126633079806,-0.0003295547693301824,nan,0.001634126633079806,-0.0003295547693301824,nan,0.5856365649965826,0.5856365649965826,0.0,0.0,0.0,nan,0,1,1.0,0.0,0.002209760909069799,-0.0004145601023921453,nan,0.002209760909069799,-0.0004145601023921453,nan,0.5378609742079764,0.5378609742079764,0.0,0.0,0.0,nan,0
422,0.3850000000000003,0.45,,scientific,0,1,0.1761290322580645,1.0,0.0,0.002211441407410975,-0.0004148695131636236,nan,0.002211441407410975,-0.0004148695131636236,nan,0.5377390360042291,0.5377390360042291,0.0,0.0,0.0,nan,0,1,1.0,0.0,0.001634126633079806,-0.0003295547693301824,nan,0.001634126633079806,-0.0003295547693301824,nan,0.5856365649965826,0.5856365649965826,0.0,0.0,0.0,nan,0,1,1.0,0.0,0.002211441407410975,-0.0004148695131636236,nan,0.002211441407410975,-0.0004148695131636236,nan,0.5377390360042291,0.5377390360042291,0.0,0.0,0.0,nan,0
423,0.3860000000000003,0.45,,scientific,0,1,0.1761290322580645,1.0,0.0,0.0022131175097138936,-0.0004151771133899326,nan,0.0022131175097138936,-0.0004151771133899326,nan,0.5376167924222048,0.5376167924222048,0.0,0.0,0.0,nan,0,1,1.0,0.0,0.001634126633079806,-0.0003295547693301824,nan,0.001634126633079806,-0.0003295547693301824,nan,0.5856365649965826,0.5856365649965826,0.0,0.0,0.0,nan,0,1,1.0,0.0,0.0022131175097138936,-0.0004151771133899326,nan,0.0022131175097138936,-0.0004151771133899326,nan,0.5376167924222048,0.5376167924222048,0.0,0.0,0.0,nan,0
424,0.3870000000000003,0.45,,scientific,0,1,0.1761290322580645,1.0,0.0,0.002214790989237811,-0.0004154826450921245,nan,0.002214790989237811,-0.0004154826450921245,nan,0.5374942444549085,0.5374942444549085,0.0,0.0,0.0,nan,0,1,1.0,0.0,0.001634126633079806,-0.0003295547693301824,nan,0.001634126633079806,-0.0003295547693301824,nan,0.5856365649965826,0.5856365649965826,0.0,0.0,0.0,nan,0,1,1.0,0.0,0.002214790989237811,-0.0004154826450921245,nan,0.002214790989237811,-0.0004154826450921245,nan,0.5374942444549085,0.5374942444549085,0.0,0.0,0.0,nan,0
425,0.3880000000000003,0.45,,scientific,0,1,0.1761290322580645,1.0,0.0,0.0022164613550430226,-0.0004157862072071975,nan,0.0022164613550430226,-0.0004157862072071975,nan,0.5373713927928195,0.5373713927928195,0.0,0.0,0.0,nan,0,1,1.0,0.0,0.001634126633079806,-0.0003295547693301824,nan,0.001634126633079806,-0.0003295547693301824,nan,0.5856365649965826,0.5856365649965826,0.0,0.0,0.0,nan,0,1,1.0,0.0,0.0022164613550430226,-0.0004157862072071975,nan,0.0022164613550430226,-0.0004157862072071975,nan,0.5373713927928195,0.5373713927928195,0.0,0.0,0.0,nan,0
426,0.3890000000000003,0.45,,scientific,0,1,0.1761290322580645,1.0,0.0,0.002218126813016381,-0.00041608680905749485,nan,0.002218126813016381,-0.00041608680905749485,nan,0.5372482396393583,0.5372482396393583,0.0,0.0,0.0,nan,0,1,1.0,0.0,0.001634126633079806,-0.0003295547693301824,nan,0.001634126633079806,-0.0003295547693301824,nan,0.5856365649965826,0.5856365649965826,0.0,0.0,0.0,nan,0,1,1.0,0.0,0.002218126813016381,-0.00041608680905749485,nan,0.002218126813016381,-0.00041608680905749485,nan,0.5372482396393583,0.5372482396393583,0.0,0.0,0.0,nan,0
427,0.3900000000000003,0.45,,scientific,0,1,0.1761290322580645,1.0,0.0,0.0024680359026693936,0.0006866219976051565,nan,0.0024680359026693936,0.0006866219976051565,nan,0.5385967981063647,0.5385967981063647,0.0,0.0,0.0,nan,0,1,1.0,0.0,0.0018097659057273595,0.00044345790185456923,nan,0.0018097659057273595,0.00044345790185456923,nan,0.5867131027999012,0.5867131027999012,0.0,0.0,0.0,nan,0,1,1.0,0.0,0.0024680359026693936,0.0006866219976051565,nan,0.0024680359026693936,0.0006866219976051565,nan,0.5385967981063647,0.5385967981063647,0.0,0.0,0.0,nan,0
428,0.3910000000000003,0.45,,scientific,0,1,0.1761290322580645,1.0,0.0,0.0024698776540223203,0.0006871942133402933,nan,0.0024698776540223203,0.0006871942133402933,nan,0.53847404408801,0.53847404408801,0.0,0.0,0.0,nan,0,1,1.0,0.0,0.0018097659057273595,0.00044345790185456923,nan,0.0018097659057273595,0.00044345790185456923,nan,0.5867131027999012,0.5867131027999012,0.0,0.0,0.0,nan,0,1,1.0,0.0,0.0024698776540223203,0.0006871942133402933,nan,0.0024698776540223203,0.0006871942133402933,nan,0.53847404408801,0.53847404408801,0.0,0.0,0.0,nan,0
429,0.3920000000000003,0.45,,scientific,0,1,0.1761290322580645,1.0,0.0,0.002471714408479201,0.0006877682330731962,nan,0.002471714408479201,0.0006877682330731962,nan,0.5383510027846287,0.5383510027846287,0.0,0.0,0.0,nan,0,1,1.0,0.0,0.0018097659057273595,0.00044345790185456923,nan,0.0018097659057273595,0.00044345790185456923,nan,0.5867131027999012,0.5867131027999012,0.0,0.0,0.0,nan,0,1,1.0,0.0,0.002471714408479201,0.0006877682330731962,nan,0.002471714408479201,0.0006877682330731962,nan,0.5383510027846287,0.5383510027846287,0.0,0.0,0.0,nan,0
430,0.3930000000000003,0.45,,scientific,0,1,0.1761290322580645,1.0,0.0,0.0024735469036029326,0.0006883436391623163,nan,0.0024735469036029326,0.0006883436391623163,nan,0.5382276832054125,0.5382276832054125,0.0,0.0,0.0,nan,0,1,1.0,0.0,0.0018097659057273595,0.00044345790185456923,nan,0.0018097659057273595,0.00044345790185456923,nan,0.5867131027999012,0.5867131027999012,0.0,0.0,0.0,nan,0,1,1.0,0.0,0.0024735469036029326,0.0006883436391623163,nan,0.0024735469036029326,0.0006883436391623163,nan,0.5382276832054125,0.5382276832054125,0.0,0.0,0.0,nan,0
431,0.3940000000000003,0.45,,scientific,0,1,0.1761290322580645,1.0,0.0,0.0024753748511144977,0.0006889210796898549,nan,0.0024753748511144977,0.0006889210796898549,nan,0.5381040913100144,0.5381040913100144,0.0,0.0,0.0,nan,0,1,1.0,0.0,0.0018097659057273595,0.00044345790185456923,nan,0.0018097659057273595,0.00044345790185456923,nan,0.5867131027999012,0.5867131027999012,0.0,0.0,0.0,nan,0,1,1.0,0.0,0.0024753748511144977,0.0006889210796898549,nan,0.0024753748511144977,0.0006889210796898549,nan,0.5381040913100144,0.5381040913100144,0.0,0.0,0.0,nan,0
432,0.3950000000000003,0.45,,scientific,0,1,0.1761290322580645,1.0,0.0,0.0024771985984477453,0.0006894994981120794,nan,0.0024771985984477453,0.0006894994981120794,nan,0.5379802311495903,0.5379802311495903,0.0,0.0,0.0,nan,0,1,1.0,0.0,0.0018097659057273595,0.00044345790185456923,nan,0.0018097659057273595,0.00044345790185456923,nan,0.5867131027999012,0.5867131027999012,0.0,0.0,0.0,nan,0,1,1.0,0.0,0.0024771985984477453,0.0006894994981120794,nan,0.0024771985984477453,0.0006894994981120794,nan,0.5379802311495903,0.5379802311495903,0.0,0.0,0.0,nan,0
433,0.3960000000000003,0.45,,scientific,0,1,0.1767741935483871,1.0,0.0,0.0022130456660803075,-0.00037520266519937273,nan,0.0022130456660803075,-0.00037520266519937273,nan,0.539279831118372,0.539279831118372,0.0,0.0,0.0,nan,0,1,1.0,0.0,0.0016182919551243477,-0.00032775927235760376,nan,0.0016182919551243477,-0.00032775927235760376,nan,0.5877896406032198,0.5877896406032198,0.0,0.0,0.0,nan,0,1,1.0,0.0,0.0022130456660803075,-0.00037520266519937273,nan,0.0022130456660803075,-0.00037520266519937273,nan,0.539279831118372,0.539279831118372,0.0,0.0,0.0,nan,0
434,0.3970000000000003,0.45,,scientific,0,1,0.1767741935483871,1.0,0.0,0.002529633974867115,-0.0014680825633743727,nan,0.002529633974867115,-0.0014680825633743727,nan,0.5406440919677082,0.5406440919677082,0.0,0.0,0.0,nan,0,1,1.0,0.0,0.0018384259708437017,-0.0010858406713344045,nan,0.0018384259708437017,-0.0010858406713344045,nan,0.5888661784060614,0.5888661784060614,0.0,0.0,0.0,nan,0,1,1.0,0.0,0.002529633974867115,-0.0014680825633743727,nan,0.002529633974867115,-0.0014680825633743727,nan,0.5406440919677082,0.5406440919677082,0.0,0.0,0.0,nan,0
435,0.3980000000000003,0.45,,scientific,0,1,0.1767741935483871,1.0,0.0,0.002531475321571641,-0.0014691560757685998,nan,0.002531475321571641,-0.0014691560757685998,nan,0.5405214023855315,0.5405214023855315,0.0,0.0,0.0,nan,0,1,1.0,0.0,0.0018384259708437017,-0.0010858406713344045,nan,0.0018384259708437017,-0.0010858406713344045,nan,0.5888661784060614,0.5888661784060614,0.0,0.0,0.0,nan,0,1,1.0,0.0,0.002531475321571641,-0.0014691560757685998,nan,0.002531475321571641,-0.0014691560757685998,nan,0.5405214023855315,0.5405214023855315,0.0,0.0,0.0,nan,0
436,0.3990000000000003,0.45,,scientific,0,1,0.1767741935483871,1.0,0.0,0.0025333102353928692,-0.0014702261493424998,nan,0.0025333102353928692,-0.0014702261493424998,nan,0.5403985001308127,0.5403985001308127,0.0,0.0,0.0,nan,0,1,1.0,0.0,0.0018384259708437017,-0.0010858406713344045,nan,0.0018384259708437017,-0.0010858406713344045,nan,0.5888661784060614,0.5888661784060614,0.0,0.0,0.0,nan,0,1,1.0,0.0,0.0025333102353928692,-0.0014702261493424998,nan,0.0025333102353928692,-0.0014702261493424998,nan,0.5403985001308127,0.5403985001308127,0.0,0.0,0.0,nan,0
437,0.4000000000000003,0.45,,scientific,0,1,0.1767741935483871,1.0,0.0,0.0025351393417925292,-0.0014712930250461182,nan,0.0025351393417925292,-0.0014712930250461182,nan,0.5402754111746902,0.5402754111746902,0.0,0.0,0.0,nan,0,1,1.0,0.0,0.0018384259708437017,-0.0010858406713344045,nan,0.0018384259708437017,-0.0010858406713344045,nan,0.5888661784060614,0.5888661784060614,0.0,0.0,0.0,nan,0,1,1.0,0.0,0.0025351393417925292,-0.0014712930250461182,nan,0.0025351393417925292,-0.0014712930250461182,nan,0.5402754111746902,0.5402754111746902,0.0,0.0,0.0,nan,0
438,0.4010000000000003,0.45,,scientific,0,1,0.1767741935483871,1.0,0.0,0.0025369623715494694,-0.0014723566378137265,nan,0.0025369623715494694,-0.0014723566378137265,nan,0.540152184305385,0.540152184305385,0.0,0.0,0.0,nan,0,1,1.0,0.0,0.0018384259708437017,-0.0010858406713344045,nan,0.0018384259708437017,-0.0010858406713344045,nan,0.5888661784060614,0.5888661784060614,0.0,0.0,0.0,nan,0,1,1.0,0.0,0.0025369623715494694,-0.0014723566378137265,nan,0.0025369623715494694,-0.0014723566378137265,nan,0.540152184305385,0.540152184305385,0.0,0.0,0.0,nan,0
439,0.4020000000000003,0.45,,scientific,0,1,0.1767741935483871,1.0,0.0,0.0025387785681198587,-0.0014734165929075381,nan,0.0025387785681198587,-0.0014734165929075381,nan,0.540028898675412,0.540028898675412,0.0,0.0,0.0,nan,0,1,1.0,0.0,0.0018384259708437017,-0.0010858406713344045,nan,0.0018384259708437017,-0.0010858406713344045,nan,0.5888661784060614,0.5888661784060614,0.0,0.0,0.0,nan,0,1,1.0,0.0,0.0025387785681198587,-0.0014734165929075381,nan,0.0025387785681198587,-0.0014734165929075381,nan,0.540028898675412,0.540028898675412,0.0,0.0,0.0,nan,0
440,0.4030000000000003,0.45,,scientific,0,1,0.1767741935483871,1.0,0.0,0.0025405878089873736,-0.0014744726546049355,nan,0.0025405878089873736,-0.0014744726546049355,nan,0.5399054944901327,0.5399054944901327,0.0,0.0,0.0,nan,0,1,1.0,0.0,0.0018384259708437017,-0.0010858406713344045,nan,0.0018384259708437017,-0.0010858406713344045,nan,0.5888661784060614,0.5888661784060614,0.0,0.0,0.0,nan,0,1,1.0,0.0,0.0025405878089873736,-0.0014744726546049355,nan,0.0025405878089873736,-0.0014744726546049355,nan,0.5399054944901327,0.5399054944901327,0.0,0.0,0.0,nan,0
441,0.4040000000000003,0.45,,scientific,0,1,0.1774193548387097,1.0,0.0,0.002542390677658215,-0.0014755250785775515,nan,0.002542390677658215,-0.0014755250785775515,nan,0.5397818838566828,0.5397818838566828,0.0,0.0,0.0,nan,0,1,1.0,0.0,0.0018384259708437017,-0.0010858406713344045,nan,0.0018384259708437017,-0.0010858406713344045,nan,0.5888661784060614,0.5888661784060614,0.0,0.0,0.0,nan,0,1,1.0,0.0,0.002542390677658215,-0.0014755250785775515,nan,0.002542390677658215,-0.0014755250785775515,nan,0.5397818838566828,0.5397818838566828,0.0,0.0,0.0,nan,0
442,0.4050000000000003,0.45,,scientific,0,1,0.1774193548387097,1.0,0.0,0.002544187697436406,-0.001476574190011998,nan,0.002544187697436406,-0.001476574190011998,nan,0.5396580194551646,0.5396580194551646,0.0,0.0,0.0,nan,0,1,1.0,0.0,0.0018384259708437017,-0.0010858406713344045,nan,0.0018384259708437017,-0.0010858406713344045,nan,0.5888661784060614,0.5888661784060614,0.0,0.0,0.0,nan,0,1,1.0,0.0,0.002544187697436406,-0.001476574190011998,nan,0.002544187697436406,-0.001476574190011998,nan,0.5396580194551646,0.5396580194551646,0.0,0.0,0.0,nan,0
443,0.4060000000000003,0.45,,scientific,0,1,0.1774193548387097,1.0,0.0,0.0025459791340666635,-0.0014776201824144072,nan,0.0025459791340666635,-0.0014776201824144072,nan,0.5395338790840215,0.5395338790840215,0.0,0.0,0.0,nan,0,1,1.0,0.0,0.0018384259708437017,-0.0010858406713344045,nan,0.0018384259708437017,-0.0010858406713344045,nan,0.5888661784060614,0.5888661784060614,0.0,0.0,0.0,nan,0,1,1.0,0.0,0.0025459791340666635,-0.0014776201824144072,nan,0.0025459791340666635,-0.0014776201824144072,nan,0.5395338790840215,0.5395338790840215,0.0,0.0,0.0,nan,0
444,0.4070000000000003,0.45,,scientific,0,1,0.1774193548387097,1.0,0.0,0.0025477650926517413,-0.0014786631498459467,nan,0.0025477650926517413,-0.0014786631498459467,nan,0.5394094529891154,0.5394094529891154,0.0,0.0,0.0,nan,0,1,1.0,0.0,0.0018384259708437017,-0.0010858406713344045,nan,0.0018384259708437017,-0.0010858406713344045,nan,0.5888661784060614,0.5888661784060614,0.0,0.0,0.0,nan,0,1,1.0,0.0,0.0025477650926517413,-0.0014786631498459467,nan,0.0025477650926517413,-0.0014786631498459467,nan,0.5394094529891154,0.5394094529891154,0.0,0.0,0.0,nan,0
445,0.4080000000000003,0.45,,scientific,0,1,0.1774193548387097,1.0,0.0,0.0025495455990662977,-0.0014797031302935747,nan,0.0025495455990662977,-0.0014797031302935747,nan,0.5392847370038183,0.5392847370038183,0.0,0.0,0.0,nan,0,1,1.0,0.0,0.0018384259708437017,-0.0010858406713344045,nan,0.0018384259708437017,-0.0010858406713344045,nan,0.5888661784060614,0.5888661784060614,0.0,0.0,0.0,nan,0,1,1.0,0.0,0.0025495455990662977,-0.0014797031302935747,nan,0.0025495455990662977,-0.0014797031302935747,nan,0.5392847370038183,0.5392847370038183,0.0,0.0,0.0,nan,0
446,0.4090000000000003,0.45,,scientific,0,1,0.1774193548387097,1.0,0.0,0.00255132064424976,-0.0014807401333196515,nan,0.00255132064424976,-0.0014807401333196515,nan,0.5391597293688546,0.5391597293688546,0.0,0.0,0.0,nan,0,1,1.0,0.0,0.0018384259708437017,-0.0010858406713344045,nan,0.0018384259708437017,-0.0010858406713344045,nan,0.5888661784060614,0.5888661784060614,0.0,0.0,0.0,nan,0,1,1.0,0.0,0.00255132064424976,-0.0014807401333196515,nan,0.00255132064424976,-0.0014807401333196515,nan,0.5391597293688546,0.5391597293688546,0.0,0.0,0.0,nan,0
447,0.4100000000000003,0.45,,scientific,0,1,0.1774193548387097,1.0,0.0,0.00366698778009769,-0.0013575801609665304,nan,0.00366698778009769,-0.0013575801609665304,nan,0.5405027133531614,0.5405027133531614,0.0,0.0,0.0,nan,0,1,1.0,0.0,0.002621977112960481,-0.0009995932782828724,nan,0.002621977112960481,-0.0009995932782828724,nan,0.58994271620938,0.58994271620938,0.0,0.0,0.0,nan,0,1,1.0,0.0,0.00366698778009769,-0.0013575801609665304,nan,0.00366698778009769,-0.0013575801609665304,nan,0.5405027133531614,0.5405027133531614,0.0,0.0,0.0,nan,0
448,0.4110000000000003,0.45,,scientific,0,1,0.17806451612903226,1.0,0.0,0.003669601506666551,-0.0013585120978373568,nan,0.003669601506666551,-0.0013585120978373568,nan,0.5403780768560871,0.5403780768560871,0.0,0.0,0.0,nan,0,1,1.0,0.0,0.002621977112960481,-0.0009995932782828724,nan,0.002621977112960481,-0.0009995932782828724,nan,0.58994271620938,0.58994271620938,0.0,0.0,0.0,nan,0,1,1.0,0.0,0.003669601506666551,-0.0013585120978373568,nan,0.003669601506666551,-0.0013585120978373568,nan,0.5403780768560871,0.5403780768560871,0.0,0.0,0.0,nan,0
449,0.4120000000000003,0.45,,scientific,0,1,0.17806451612903226,1.0,0.0,0.003672209208473619,-0.001359441070584787,nan,0.003672209208473619,-0.001359441070584787,nan,0.5402531455067494,0.5402531455067494,0.0,0.0,0.0,nan,0,1,1.0,0.0,0.002621977112960481,-0.0009995932782828724,nan,0.002621977112960481,-0.0009995932782828724,nan,0.58994271620938,0.58994271620938,0.0,0.0,0.0,nan,0,1,1.0,0.0,0.003672209208473619,-0.001359441070584787,nan,0.003672209208473619,-0.001359441070584787,nan,0.5402531455067494,0.5402531455067494,0.0,0.0,0.0,nan,0
450,0.4130000000000003,0.45,,scientific,0,1,0.17806451612903226,1.0,0.0,0.0036748108521678325,-0.0013603670692293836,nan,0.0036748108521678325,-0.0013603670692293836,nan,0.5401279186604224,0.5401279186604224,0.0,0.0,0.0,nan,0,1,1.0,0.0,0.002621977112960481,-0.0009995932782828724,nan,0.002621977112960481,-0.0009995932782828724,nan,0.58994271620938,0.58994271620938,0.0,0.0,0.0,nan,0,1,1.0,0.0,0.0036748108521678325,-0.0013603670692293836,nan,0.0036748108521678325,-0.0013603670692293836,nan,0.5401279186604224,0.5401279186604224,0.0,0.0,0.0,nan,0
451,0.4140000000000003,0.45,,scientific,0,1,0.17870967741935484,1.0,0.0,0.0036774063974263378,-0.0013612900791067552,nan,0.0036774063974263378,-0.0013612900791067552,nan,0.5400023960194336,0.5400023960194336,0.0,0.0,0.0,nan,0,1,1.0,0.0,0.002621977112960481,-0.0009995932782828724,nan,0.002621977112960481,-0.0009995932782828724,nan,0.58994271620938,0.58994271620938,0.0,0.0,0.0,nan,0,1,1.0,0.0,0.0036774063974263378,-0.0013612900791067552,nan,0.0036774063974263378,-0.0013612900791067552,nan,0.5400023960194336,0.5400023960194336,0.0,0.0,0.0,nan,0
452,0.4150000000000003,0.45,,scientific,0,1,0.17870967741935484,1.0,0.0,0.002983725759689665,-0.0022777869582792554,nan,0.002983725759689665,-0.0022777869582792554,nan,0.5413720352106897,0.5413720352106897,0.0,0.0,0.0,nan,0,1,1.0,0.0,0.0021446783580337456,-0.0016315454379853217,nan,0.0021446783580337456,-0.0016315454379853217,nan,0.5910192540126986,0.5910192540126986,0.0,0.0,0.0,nan,0,1,1.0,0.0,0.002983725759689665,-0.0022777869582792554,nan,0.002983725759689665,-0.0022777869582792554,nan,0.5413720352106897,0.5413720352106897,0.0,0.0,0.0,nan,0
453,0.4160000000000003,0.45,,scientific,0,1,0.17870967741935484,1.0,0.0,0.002985763471016608,-0.0022794036651340214,nan,0.002985763471016608,-0.0022794036651340214,nan,0.5412468920212916,0.5412468920212916,0.0,0.0,0.0,nan,0,1,1.0,0.0,0.0021446783580337456,-0.0016315454379853217,nan,0.0021446783580337456,-0.0016315454379853217,nan,0.5910192540126986,0.5910192540126986,0.0,0.0,0.0,nan,0,1,1.0,0.0,0.002985763471016608,-0.0022794036651340214,nan,0.002985763471016608,-0.0022794036651340214,nan,0.5412468920212916,0.5412468920212916,0.0,0.0,0.0,nan,0
454,0.4170000000000003,0.45,,scientific,0,1,0.17870967741935484,1.0,0.0,0.004110678770745468,-0.0022294124240043317,nan,0.004110678770745468,-0.0022294124240043317,nan,0.5426004185245943,0.5426004185245943,0.0,0.0,0.0,nan,0,1,1.0,0.0,0.0029294840519269957,-0.0015967524449189373,nan,0.0029294840519269957,-0.0015967524449189373,nan,0.5920957918160172,0.5920957918160172,0.0,0.0,0.0,nan,0,1,1.0,0.0,0.004110678770745468,-0.0022294124240043317,nan,0.004110678770745468,-0.0022294124240043317,nan,0.5426004185245943,0.5426004185245943,0.0,0.0,0.0,nan,0
455,0.4180000000000003,0.45,,scientific,0,1,0.17870967741935484,1.0,0.0,0.004113555187886392,-0.0022309785586652666,nan,0.004113555187886392,-0.0022309785586652666,nan,0.5424756389766516,0.5424756389766516,0.0,0.0,0.0,nan,0,1,1.0,0.0,0.0029294840519269957,-0.0015967524449189373,nan,0.0029294840519269957,-0.0015967524449189373,nan,0.5920957918160172,0.5920957918160172,0.0,0.0,0.0,nan,0,1,1.0,0.0,0.004113555187886392,-0.0022309785586652666,nan,0.004113555187886392,-0.0022309785586652666,nan,0.5424756389766516,0.5424756389766516,0.0,0.0,0.0,nan,0
456,0.4190000000000003,0.45,,scientific,0,1,0.17870967741935484,1.0,0.0,0.004116425197996616,-0.002232541131517938,nan,0.004116425197996616,-0.002232541131517938,nan,0.5423505615135806,0.5423505615135806,0.0,0.0,0.0,nan,0,1,1.0,0.0,0.0029294840519269957,-0.0015967524449189373,nan,0.0029294840519269957,-0.0015967524449189373,nan,0.5920957918160172,0.5920957918160172,0.0,0.0,0.0,nan,0,1,1.0,0.0,0.004116425197996616,-0.002232541131517938,nan,0.004116425197996616,-0.002232541131517938,nan,0.5423505615135806,0.5423505615135806,0.0,0.0,0.0,nan,0
457,0.4200000000000003,0.45,,scientific,0,1,0.17870967741935484,1.0,0.0,0.004119288764848866,-0.0022341001250877784,nan,0.004119288764848866,-0.0022341001250877784,nan,0.5422251865799481,0.5422251865799481,0.0,0.0,0.0,nan,0,1,1.0,0.0,0.0029294840519269957,-0.0015967524449189373,nan,0.0029294840519269957,-0.0015967524449189373,nan,0.5920957918160172,0.5920957918160172,0.0,0.0,0.0,nan,0,1,1.0,0.0,0.004119288764848866,-0.0022341001250877784,nan,0.004119288764848866,-0.0022341001250877784,nan,0.5422251865799481,0.5422251865799481,0.0,0.0,0.0,nan,0
458,0.4210000000000003,0.45,,scientific,0,1,0.17935483870967742,1.0,0.0,0.003158158034470944,-0.0017221871986028527,nan,0.003158158034470944,-0.0017221871986028527,nan,0.543509264618638,0.543509264618638,0.0,0.0,0.0,nan,0,1,1.0,0.0,0.0022274423383578895,-0.0012226659510449094,nan,0.0022274423383578895,-0.0012226659510449094,nan,0.5931723296193359,0.5931723296193359,0.0,0.0,0.0,nan,0,1,1.0,0.0,0.003158158034470944,-0.0017221871986028527,nan,0.003158158034470944,-0.0017221871986028527,nan,0.543509264618638,0.543509264618638,0.0,0.0,0.0,nan,0
459,0.4220000000000003,0.45,,scientific,0,1,0.17935483870967742,1.0,0.0,0.0031603237484647915,-0.0017233753810034637,nan,0.0031603237484647915,-0.0017233753810034637,nan,0.5433841167299996,0.5433841167299996,0.0,0.0,0.0,nan,0,1,1.0,0.0,0.0022274423383578895,-0.0012226659510449094,nan,0.0022274423383578895,-0.0012226659510449094,nan,0.5931723296193359,0.5931723296193359,0.0,0.0,0.0,nan,0,1,1.0,0.0,0.0031603237484647915,-0.0017233753810034637,nan,0.0031603237484647915,-0.0017233753810034637,nan,0.5433841167299996,0.5433841167299996,0.0,0.0,0.0,nan,0
460,0.4230000000000003,0.45,,scientific,0,1,0.17935483870967742,1.0,0.0,0.0021500612928586544,-0.00132486403866308,nan,0.0021500612928586544,-0.00132486403866308,nan,0.5446701087813273,0.5446701087813273,0.0,0.0,0.0,nan,0,1,1.0,0.0,0.0014899250119044995,-0.0009318725753266196,nan,0.0014899250119044995,-0.0009318725753266196,nan,0.5942488674226545,0.5942488674226545,0.0,0.0,0.0,nan,0,1,1.0,0.0,0.0021500612928586544,-0.00132486403866308,nan,0.0021500612928586544,-0.00132486403866308,nan,0.5446701087813273,0.5446701087813273,0.0,0.0,0.0,nan,0
461,0.4240000000000003,0.45,,scientific,0,1,0.17935483870967742,1.0,0.0,0.0027742408789934014,-0.002258617675799883,nan,0.0027742408789934014,-0.002258617675799883,nan,0.5460265473462445,0.5460265473462445,0.0,0.0,0.0,nan,0,1,1.0,0.0,0.0019254673829448437,-0.0015827894845700783,nan,0.0019254673829448437,-0.0015827894845700783,nan,0.5953254052259731,0.5953254052259731,0.0,0.0,0.0,nan,0,1,1.0,0.0,0.0027742408789934014,-0.002258617675799883,nan,0.0027742408789934014,-0.002258617675799883,nan,0.5460265473462445,0.5460265473462445,0.0,0.0,0.0,nan,0
462,0.4250000000000003,0.45,,scientific,0,1,0.18,1.0,0.0,0.0027761376665467823,-0.0022602123694984476,nan,0.0027761376665467823,-0.0022602123694984476,nan,0.5459022825768441,0.5459022825768441,0.0,0.0,0.0,nan,0,1,1.0,0.0,0.0019254673829448437,-0.0015827894845700783,nan,0.0019254673829448437,-0.0015827894845700783,nan,0.5953254052259731,0.5953254052259731,0.0,0.0,0.0,nan,0,1,1.0,0.0,0.0027761376665467823,-0.0022602123694984476,nan,0.0027761376665467823,-0.0022602123694984476,nan,0.5459022825768441,0.5459022825768441,0.0,0.0,0.0,nan,0
463,0.4260000000000003,0.45,,scientific,0,1,0.18,1.0,0.0,0.0027780275934715603,-0.0022618029787866965,nan,0.0027780275934715603,-0.0022618029787866965,nan,0.54577772134997,0.54577772134997,0.0,0.0,0.0,nan,0,1,1.0,0.0,0.0019254673829448437,-0.0015827894845700783,nan,0.0019254673829448437,-0.0015827894845700783,nan,0.5953254052259731,0.5953254052259731,0.0,0.0,0.0,nan,0,1,1.0,0.0,0.0027780275934715603,-0.0022618029787866965,nan,0.0027780275934715603,-0.0022618029787866965,nan,0.54577772134997,0.54577772134997,0.0,0.0,0.0,nan,0
464,0.4270000000000003,0.45,,scientific,0,1,0.18,1.0,0.0,0.002779910635010384,-0.002263389487108202,nan,0.002779910635010384,-0.002263389487108202,nan,0.545652864399986,0.545652864399986,0.0,0.0,0.0,nan,0,1,1.0,0.0,0.0019254673829448437,-0.0015827894845700783,nan,0.0019254673829448437,-0.0015827894845700783,nan,0.5953254052259731,0.5953254052259731,0.0,0.0,0.0,nan,0,1,1.0,0.0,0.002779910635010384,-0.002263389487108202,nan,0.002779910635010384,-0.002263389487108202,nan,0.545652864399986,0.545652864399986,0.0,0.0,0.0,nan,0
465,0.4280000000000003,0.45,,scientific,0,1,0.18,1.0,0.0,0.002781786766597,-0.002264971876897762,nan,0.002781786766597,-0.002264971876897762,nan,0.5455277124882216,0.5455277124882216,0.0,0.0,0.0,nan,0,1,1.0,0.0,0.0019254673829448437,-0.0015827894845700783,nan,0.0019254673829448437,-0.0015827894845700783,nan,0.5953254052259731,0.5953254052259731,0.0,0.0,0.0,nan,0,1,1.0,0.0,0.002781786766597,-0.002264971876897762,nan,0.002781786766597,-0.002264971876897762,nan,0.5455277124882216,0.5455277124882216,0.0,0.0,0.0,nan,0
466,0.4290000000000003,0.45,,scientific,0,1,0.18,1.0,0.0,0.0034685381395010467,-0.003156816302388478,nan,0.0034685381395010467,-0.003156816302388478,nan,0.5468915004811812,0.5468915004811812,0.0,0.0,0.0,nan,0,1,1.0,0.0,0.0024019463878222507,-0.0022014711373508447,nan,0.0024019463878222507,-0.0022014711373508447,nan,0.5964019430292917,0.5964019430292917,0.0,0.0,0.0,nan,0,1,1.0,0.0,0.0034685381395010467,-0.003156816302388478,nan,0.0034685381395010467,-0.003156816302388478,nan,0.5468915004811812,0.5468915004811812,0.0,0.0,0.0,nan,0
467,0.4300000000000003,0.45,,scientific,0,1,0.18,1.0,0.0,0.0034709100426282054,-0.0031590543800483943,nan,0.0034709100426282054,-0.0031590543800483943,nan,0.5467667133003482,0.5467667133003482,0.0,0.0,0.0,nan,0,1,1.0,0.0,0.0024019463878222507,-0.0022014711373508447,nan,0.0024019463878222507,-0.0022014711373508447,nan,0.5964019430292917,0.5964019430292917,0.0,0.0,0.0,nan,0,1,1.0,0.0,0.0034709100426282054,-0.0031590543800483943,nan,0.0034709100426282054,-0.0031590543800483943,nan,0.5467667133003482,0.5467667133003482,0.0,0.0,0.0,nan,0
468,0.4310000000000003,0.45,,scientific,0,1,0.18,1.0,0.0,0.003473274636985944,-0.0031612878278285605,nan,0.003473274636985944,-0.0031612878278285605,nan,0.5466416320672178,0.5466416320672178,0.0,0.0,0.0,nan,0,1,1.0,0.0,0.0024019463878222507,-0.0022014711373508447,nan,0.0024019463878222507,-0.0022014711373508447,nan,0.5964019430292917,0.5964019430292917,0.0,0.0,0.0,nan,0,1,1.0,0.0,0.003473274636985944,-0.0031612878278285605,nan,0.003473274636985944,-0.0031612878278285605,nan,0.5466416320672178,0.5466416320672178,0.0,0.0,0.0,nan,0
469,0.43200000000000033,0.45,,scientific,0,1,0.18,1.0,0.0,0.0034756319010858807,-0.0031635166243439063,nan,0.0034756319010858807,-0.0031635166243439063,nan,0.5465162575894902,0.5465162575894902,0.0,0.0,0.0,nan,0,1,1.0,0.0,0.0024019463878222507,-0.0022014711373508447,nan,0.0024019463878222507,-0.0022014711373508447,nan,0.5964019430292917,0.5964019430292917,0.0,0.0,0.0,nan,0,1,1.0,0.0,0.0034756319010858807,-0.0031635166243439063,nan,0.0034756319010858807,-0.0031635166243439063,nan,0.5465162575894902,0.5465162575894902,0.0,0.0,0.0,nan,0
470,0.43300000000000033,0.45,,scientific,0,1,0.18,1.0,0.0,0.0034779818149712188,-0.003165740750419929,nan,0.0034779818149712188,-0.003165740750419929,nan,0.5463905906874742,0.5463905906874742,0.0,0.0,0.0,nan,0,1,1.0,0.0,0.0024019463878222507,-0.0022014711373508447,nan,0.0024019463878222507,-0.0022014711373508447,nan,0.5964019430292917,0.5964019430292917,0.0,0.0,0.0,nan,0,1,1.0,0.0,0.0034779818149712188,-0.003165740750419929,nan,0.0034779818149712188,-0.003165740750419929,nan,0.5463905906874742,0.5463905906874742,0.0,0.0,0.0,nan,0
471,0.43400000000000033,0.45,,scientific,0,1,0.18,1.0,0.0,0.0034803243615077048,-0.003167960186404198,nan,0.0034803243615077048,-0.003167960186404198,nan,0.5462646321877362,0.5462646321877362,0.0,0.0,0.0,nan,0,1,1.0,0.0,0.0024019463878222507,-0.0022014711373508447,nan,0.0024019463878222507,-0.0022014711373508447,nan,0.5964019430292917,0.5964019430292917,0.0,0.0,0.0,nan,0,1,1.0,0.0,0.0034803243615077048,-0.003167960186404198,nan,0.0034803243615077048,-0.003167960186404198,nan,0.5462646321877362,0.5462646321877362,0.0,0.0,0.0,nan,0
472,0.43500000000000033,0.45,,scientific,0,1,0.18064516129032257,1.0,0.0,0.0034826595256822316,-0.0031701749139398786,nan,0.0034826595256822316,-0.0031701749139398786,nan,0.5461383829352834,0.5461383829352834,0.0,0.0,0.0,nan,0,1,1.0,0.0,0.0024019463878222507,-0.0022014711373508447,nan,0.0024019463878222507,-0.0022014711373508447,nan,0.5964019430292917,0.5964019430292917,0.0,0.0,0.0,nan,0,1,1.0,0.0,0.0034826595256822316,-0.0031701749139398786,nan,0.0034826595256822316,-0.0031701749139398786,nan,0.5461383829352834,0.5461383829352834,0.0,0.0,0.0,nan,0
473,0.43600000000000033,0.45,,scientific,0,1,0.18064516129032257,1.0,0.0,0.003484987294157312,-0.0031723849154706475,nan,0.003484987294157312,-0.0031723849154706475,nan,0.5460118437775932,0.5460118437775932,0.0,0.0,0.0,nan,0,1,1.0,0.0,0.0024019463878222507,-0.0022014711373508447,nan,0.0024019463878222507,-0.0022014711373508447,nan,0.5964019430292917,0.5964019430292917,0.0,0.0,0.0,nan,0,1,1.0,0.0,0.003484987294157312,-0.0031723849154706475,nan,0.003484987294157312,-0.0031723849154706475,nan,0.5460118437775932,0.5460118437775932,0.0,0.0,0.0,nan,0
474,0.43700000000000033,0.45,,scientific,0,1,0.18064516129032257,1.0,0.0,0.0034873076563853335,-0.0031745901751188787,nan,0.0034873076563853335,-0.0031745901751188787,nan,0.5458850155612578,0.5458850155612578,0.0,0.0,0.0,nan,0,1,1.0,0.0,0.0024019463878222507,-0.0022014711373508447,nan,0.0024019463878222507,-0.0022014711373508447,nan,0.5964019430292917,0.5964019430292917,0.0,0.0,0.0,nan,0,1,1.0,0.0,0.0034873076563853335,-0.0031745901751188787,nan,0.0034873076563853335,-0.0031745901751188787,nan,0.5458850155612578,0.5458850155612578,0.0,0.0,0.0,nan,0
475,0.43800000000000033,0.45,,scientific,0,1,0.18064516129032257,1.0,0.0,0.0034896206026869834,-0.0031767906785544276,nan,0.0034896206026869834,-0.0031767906785544276,nan,0.5457578991487279,0.5457578991487279,0.0,0.0,0.0,nan,0,1,1.0,0.0,0.0024019463878222507,-0.0022014711373508447,nan,0.0024019463878222507,-0.0022014711373508447,nan,0.5964019430292917,0.5964019430292917,0.0,0.0,0.0,nan,0,1,1.0,0.0,0.0034896206026869834,-0.0031767906785544276,nan,0.0034896206026869834,-0.0031767906785544276,nan,0.5457578991487279,0.5457578991487279,0.0,0.0,0.0,nan,0
476,0.43900000000000033,0.45,,scientific,0,1,0.18064516129032257,1.0,0.0,0.003491926125222278,-0.0031789864119838385,nan,0.003491926125222278,-0.0031789864119838385,nan,0.5456304954168207,0.5456304954168207,0.0,0.0,0.0,nan,0,1,1.0,0.0,0.0024019463878222507,-0.0022014711373508447,nan,0.0024019463878222507,-0.0022014711373508447,nan,0.5964019430292917,0.5964019430292917,0.0,0.0,0.0,nan,0,1,1.0,0.0,0.003491926125222278,-0.0031789864119838385,nan,0.003491926125222278,-0.0031789864119838385,nan,0.5456304954168207,0.5456304954168207,0.0,0.0,0.0,nan,0
477,0.44000000000000034,0.45,,scientific,0,1,0.18064516129032257,1.0,0.0,0.003494224218464648,-0.00318117736229015,nan,0.003494224218464648,-0.00318117736229015,nan,0.545502805252277,0.545502805252277,0.0,0.0,0.0,nan,0,1,1.0,0.0,0.0024019463878222507,-0.0022014711373508447,nan,0.0024019463878222507,-0.0022014711373508447,nan,0.5964019430292917,0.5964019430292917,0.0,0.0,0.0,nan,0,1,1.0,0.0,0.003494224218464648,-0.00318117736229015,nan,0.003494224218464648,-0.00318117736229015,nan,0.545502805252277,0.545502805252277,0.0,0.0,0.0,nan,0
478,0.44100000000000034,0.45,,scientific,0,1,0.18064516129032257,1.0,0.0,0.004612077083499271,-0.0034794215162666747,nan,0.004612077083499271,-0.0034794215162666747,nan,0.5469059077405001,0.5469059077405001,0.0,0.0,0.0,nan,0,1,1.0,0.0,0.0031552604712777443,-0.0024024494189102256,nan,0.0031552604712777443,-0.0024024494189102256,nan,0.5974784808326103,0.5974784808326103,0.0,0.0,0.0,nan,0,1,1.0,0.0,0.004612077083499271,-0.0034794215162666747,nan,0.004612077083499271,-0.0034794215162666747,nan,0.5469059077405001,0.5469059077405001,0.0,0.0,0.0,nan,0
479,0.44200000000000034,0.45,,scientific,0,1,0.18064516129032257,1.0,0.0,0.004615178158833861,-0.0034818176008642797,nan,0.004615178158833861,-0.0034818176008642797,nan,0.5467785997894323,0.5467785997894323,0.0,0.0,0.0,nan,0,1,1.0,0.0,0.0031552604712777443,-0.0024024494189102256,nan,0.0031552604712777443,-0.0024024494189102256,nan,0.5974784808326103,0.5974784808326103,0.0,0.0,0.0,nan,0,1,1.0,0.0,0.004615178158833861,-0.0034818176008642797,nan,0.004615178158833861,-0.0034818176008642797,nan,0.5467785997894323,0.5467785997894323,0.0,0.0,0.0,nan,0
480,0.44300000000000034,0.45,,scientific,0,1,0.18193548387096775,1.0,0.0,0.004618270795724324,-0.0034842086103963783,nan,0.004618270795724324,-0.0034842086103963783,nan,0.5466510059526708,0.5466510059526708,0.0,0.0,0.0,nan,0,1,1.0,0.0,0.0031552604712777443,-0.0024024494189102256,nan,0.0031552604712777443,-0.0024024494189102256,nan,0.5974784808326103,0.5974784808326103,0.0,0.0,0.0,nan,0,1,1.0,0.0,0.004618270795724324,-0.0034842086103963783,nan,0.004618270795724324,-0.0034842086103963783,nan,0.5466510059526708,0.5466510059526708,0.0,0.0,0.0,nan,0
481,0.44400000000000034,0.45,,scientific,0,1,0.18193548387096775,1.0,0.0,0.004621354981660423,-0.0034865945319261025,nan,0.004621354981660423,-0.0034865945319261025,nan,0.5465231271020681,0.5465231271020681,0.0,0.0,0.0,nan,0,1,1.0,0.0,0.0031552604712777443,-0.0024024494189102256,nan,0.0031552604712777443,-0.0024024494189102256,nan,0.5974784808326103,0.5974784808326103,0.0,0.0,0.0,nan,0,1,1.0,0.0,0.004621354981660423,-0.0034865945319261025,nan,0.004621354981660423,-0.0034865945319261025,nan,0.5465231271020681,0.5465231271020681,0.0,0.0,0.0,nan,0
482,0.44500000000000034,0.45,,scientific,0,1,0.18193548387096775,1.0,0.0,0.0046244307066227,-0.0034889753532460063,nan,0.0046244307066227,-0.0034889753532460063,nan,0.5463949641064632,0.5463949641064632,0.0,0.0,0.0,nan,0,1,1.0,0.0,0.0031552604712777443,-0.0024024494189102256,nan,0.0031552604712777443,-0.0024024494189102256,nan,0.5974784808326103,0.5974784808326103,0.0,0.0,0.0,nan,0,1,1.0,0.0,0.0046244307066227,-0.0034889753532460063,nan,0.0046244307066227,-0.0034889753532460063,nan,0.5463949641064632,0.5463949641064632,0.0,0.0,0.0,nan,0
483,0.44600000000000034,0.45,,scientific,0,1,0.18193548387096775,1.0,0.0,0.005572792538736858,-0.004149525652821806,nan,0.005572792538736858,-0.004149525652821806,nan,0.5478020642404612,0.5478020642404612,0.0,0.0,0.0,nan,0,1,1.0,0.0,0.003792627624185035,-0.0028467495136701077,nan,0.003792627624185035,-0.0028467495136701077,nan,0.598555018635929,0.598555018635929,0.0,0.0,0.0,nan,0,1,1.0,0.0,0.005572792538736858,-0.004149525652821806,nan,0.005572792538736858,-0.004149525652821806,nan,0.5478020642404612,0.5478020642404612,0.0,0.0,0.0,nan,0
484,0.44700000000000034,0.45,,scientific,0,1,0.18258064516129033,1.0,0.0,0.005576538505187085,-0.004152370887511877,nan,0.005576538505187085,-0.004152370887511877,nan,0.5476742841185578,0.5476742841185578,0.0,0.0,0.0,nan,0,1,1.0,0.0,0.003792627624185035,-0.0028467495136701077,nan,0.003792627624185035,-0.0028467495136701077,nan,0.598555018635929,0.598555018635929,0.0,0.0,0.0,nan,0,1,1.0,0.0,0.005576538505187085,-0.004152370887511877,nan,0.005576538505187085,-0.004152370887511877,nan,0.5476742841185578,0.5476742841185578,0.0,0.0,0.0,nan,0
485,0.44800000000000034,0.45,,scientific,0,1,0.1832258064516129,1.0,0.0,0.005580275133518942,-0.0041552103821108485,nan,0.005580275133518942,-0.0041552103821108485,nan,0.5475462203644218,0.5475462203644218,0.0,0.0,0.0,nan,0,1,1.0,0.0,0.003792627624185035,-0.0028467495136701077,nan,0.003792627624185035,-0.0028467495136701077,nan,0.598555018635929,0.598555018635929,0.0,0.0,0.0,nan,0,1,1.0,0.0,0.005580275133518942,-0.0041552103821108485,nan,0.005580275133518942,-0.0041552103821108485,nan,0.5475462203644218,0.5475462203644218,0.0,0.0,0.0,nan,0
486,0.44900000000000034,0.45,,scientific,0,1,0.1832258064516129,1.0,0.0,0.005584002411831097,-0.004158044121875103,nan,0.005584002411831097,-0.004158044121875103,nan,0.5474178738531559,0.5474178738531559,0.0,0.0,0.0,nan,0,1,1.0,0.0,0.003792627624185035,-0.0028467495136701077,nan,0.003792627624185035,-0.0028467495136701077,nan,0.598555018635929,0.598555018635929,0.0,0.0,0.0,nan,0,1,1.0,0.0,0.005584002411831097,-0.004158044121875103,nan,0.005584002411831097,-0.004158044121875103,nan,0.5474178738531559,0.5474178738531559,0.0,0.0,0.0,nan,0
487,0.45000000000000034,0.45,,scientific,0,1,0.1832258064516129,1.0,0.0,0.005587720330266375,-0.004160872093145293,nan,0.005587720330266375,-0.004160872093145293,nan,0.5472892454556977,0.5472892454556977,0.0,0.0,0.0,nan,0,1,1.0,0.0,0.003792627624185035,-0.0028467495136701077,nan,0.003792627624185035,-0.0028467495136701077,nan,0.598555018635929,0.598555018635929,0.0,0.0,0.0,nan,0,1,1.0,0.0,0.005587720330266375,-0.004160872093145293,nan,0.005587720330266375,-0.004160872093145293,nan,0.5472892454556977,0.5472892454556977,0.0,0.0,0.0,nan,0
488,0.45100000000000035,0.45,,scientific,0,1,0.1832258064516129,1.0,0.0,0.0055914288796500115,-0.00416369428314296,nan,0.0055914288796500115,-0.00416369428314296,nan,0.5471603360391467,0.5471603360391467,0.0,0.0,0.0,nan,0,1,1.0,0.0,0.003792627624185035,-0.0028467495136701077,nan,0.003792627624185035,-0.0028467495136701077,nan,0.598555018635929,0.598555018635929,0.0,0.0,0.0,nan,0,1,1.0,0.0,0.0055914288796500115,-0.00416369428314296,nan,0.0055914288796500115,-0.00416369428314296,nan,0.5471603360391467,0.5471603360391467,0.0,0.0,0.0,nan,0
489,0.45200000000000035,0.45,,scientific,0,1,0.1832258064516129,1.0,0.0,0.005595128053111797,-0.004166510680794369,nan,0.005595128053111797,-0.004166510680794369,nan,0.5470311464717235,0.5470311464717235,0.0,0.0,0.0,nan,0,1,1.0,0.0,0.003792627624185035,-0.0028467495136701077,nan,0.003792627624185035,-0.0028467495136701077,nan,0.598555018635929,0.598555018635929,0.0,0.0,0.0,nan,0,1,1.0,0.0,0.005595128053111797,-0.004166510680794369,nan,0.005595128053111797,-0.004166510680794369,nan,0.5470311464717235,0.5470311464717235,0.0,0.0,0.0,nan,0
490,0.45300000000000035,0.45,,scientific,0,1,0.1832258064516129,1.0,0.0,0.005598817846545282,-0.004169321276331208,nan,0.005598817846545282,-0.004169321276331208,nan,0.5469016776311435,0.5469016776311435,0.0,0.0,0.0,nan,0,1,1.0,0.0,0.003792627624185035,-0.0028467495136701077,nan,0.003792627624185035,-0.0028467495136701077,nan,0.598555018635929,0.598555018635929,0.0,0.0,0.0,nan,0,1,1.0,0.0,0.005598817846545282,-0.004169321276331208,nan,0.005598817846545282,-0.004169321276331208,nan,0.5469016776311435,0.5469016776311435,0.0,0.0,0.0,nan,0
491,0.45400000000000035,0.45,,scientific,0,1,0.1832258064516129,1.0,0.0,0.005602498258202449,-0.0041721260612382115,nan,0.005602498258202449,-0.0041721260612382115,nan,0.5467719303948406,0.5467719303948406,0.0,0.0,0.0,nan,0,1,1.0,0.0,0.003792627624185035,-0.0028467495136701077,nan,0.003792627624185035,-0.0028467495136701077,nan,0.598555018635929,0.598555018635929,0.0,0.0,0.0,nan,0,1,1.0,0.0,0.005602498258202449,-0.0041721260612382115,nan,0.005602498258202449,-0.0041721260612382115,nan,0.5467719303948406,0.5467719303948406,0.0,0.0,0.0,nan,0
492,0.45500000000000035,0.45,,scientific,0,1,0.1832258064516129,1.0,0.0,0.005606169288349718,-0.004174925028230057,nan,0.005606169288349718,-0.004174925028230057,nan,0.5466419056439211,0.5466419056439211,0.0,0.0,0.0,nan,0,1,1.0,0.0,0.003792627624185035,-0.0028467495136701077,nan,0.003792627624185035,-0.0028467495136701077,nan,0.598555018635929,0.598555018635929,0.0,0.0,0.0,nan,0,1,1.0,0.0,0.005606169288349718,-0.004174925028230057,nan,0.005606169288349718,-0.004174925028230057,nan,0.5466419056439211,0.5466419056439211,0.0,0.0,0.0,nan,0
493,0.45600000000000035,0.45,,scientific,0,1,0.1832258064516129,1.0,0.0,0.0056098309385682376,-0.004177718170261247,nan,0.0056098309385682376,-0.004177718170261247,nan,0.5465116042575646,0.5465116042575646,0.0,0.0,0.0,nan,0,1,1.0,0.0,0.003792627624185035,-0.0028467495136701077,nan,0.003792627624185035,-0.0028467495136701077,nan,0.598555018635929,0.598555018635929,0.0,0.0,0.0,nan,0,1,1.0,0.0,0.0056098309385682376,-0.004177718170261247,nan,0.0056098309385682376,-0.004177718170261247,nan,0.5465116042575646,0.5465116042575646,0.0,0.0,0.0,nan,0
494,0.45700000000000035,0.45,,scientific,0,1,0.1832258064516129,1.0,0.0,0.005613483212469699,-0.004180505480780648,nan,0.005613483212469699,-0.004180505480780648,nan,0.5463810271141316,0.5463810271141316,0.0,0.0,0.0,nan,0,1,1.0,0.0,0.003792627624185035,-0.0028467495136701077,nan,0.003792627624185035,-0.0028467495136701077,nan,0.598555018635929,0.598555018635929,0.0,0.0,0.0,nan,0,1,1.0,0.0,0.005613483212469699,-0.004180505480780648,nan,0.005613483212469699,-0.004180505480780648,nan,0.5463810271141316,0.5463810271141316,0.0,0.0,0.0,nan,0
495,0.45800000000000035,0.45,,scientific,0,1,0.1832258064516129,1.0,0.0,0.005617126115924004,-0.004183286955710358,nan,0.005617126115924004,-0.004183286955710358,nan,0.5462501750956463,0.5462501750956463,0.0,0.0,0.0,nan,0,1,1.0,0.0,0.003792627624185035,-0.0028467495136701077,nan,0.003792627624185035,-0.0028467495136701077,nan,0.598555018635929,0.598555018635929,0.0,0.0,0.0,nan,0,1,1.0,0.0,0.005617126115924004,-0.004183286955710358,nan,0.005617126115924004,-0.004183286955710358,nan,0.5462501750956463,0.5462501750956463,0.0,0.0,0.0,nan,0
496,0.45900000000000035,0.45,,scientific,0,1,0.1832258064516129,1.0,0.0,0.005620759657433854,-0.004186062592153495,nan,0.005620759657433854,-0.004186062592153495,nan,0.546119049083708,0.546119049083708,0.0,0.0,0.0,nan,0,1,1.0,0.0,0.003792627624185035,-0.0028467495136701077,nan,0.003792627624185035,-0.0028467495136701077,nan,0.598555018635929,0.598555018635929,0.0,0.0,0.0,nan,0,1,1.0,0.0,0.005620759657433854,-0.004186062592153495,nan,0.005620759657433854,-0.004186062592153495,nan,0.546119049083708,0.546119049083708,0.0,0.0,0.0,nan,0
497,0.46000000000000035,0.45,,scientific,0,1,0.1832258064516129,1.0,0.0,0.005624383848364388,-0.0041888323880379325,nan,0.005624383848364388,-0.0041888323880379325,nan,0.5459876499566891,0.5459876499566891,0.0,0.0,0.0,nan,0,1,1.0,0.0,0.003792627624185035,-0.0028467495136701077,nan,0.003792627624185035,-0.0028467495136701077,nan,0.598555018635929,0.598555018635929,0.0,0.0,0.0,nan,0,1,1.0,0.0,0.005624383848364388,-0.0041888323880379325,nan,0.005624383848364388,-0.0041888323880379325,nan,0.5459876499566891,0.5459876499566891,0.0,0.0,0.0,nan,0
498,0.46100000000000035,0.45,,scientific,0,1,0.1832258064516129,1.0,0.0,0.00562799870269466,-0.004191596342580328,nan,0.00562799870269466,-0.004191596342580328,nan,0.5458559786000865,0.5458559786000865,0.0,0.0,0.0,nan,0,1,1.0,0.0,0.003792627624185035,-0.0028467495136701077,nan,0.003792627624185035,-0.0028467495136701077,nan,0.598555018635929,0.598555018635929,0.0,0.0,0.0,nan,0,1,1.0,0.0,0.00562799870269466,-0.004191596342580328,nan,0.00562799870269466,-0.004191596342580328,nan,0.5458559786000865,0.5458559786000865,0.0,0.0,0.0,nan,0
499,0.46200000000000035,0.45,,scientific,0,1,0.1832258064516129,1.0,0.0,0.005631604236035471,-0.004194354457152519,nan,0.005631604236035471,-0.004194354457152519,nan,0.5457240358980351,0.5457240358980351,0.0,0.0,0.0,nan,0,1,1.0,0.0,0.003792627624185035,-0.0028467495136701077,nan,0.003792627624185035,-0.0028467495136701077,nan,0.598555018635929,0.598555018635929,0.0,0.0,0.0,nan,0,1,1.0,0.0,0.005631604236035471,-0.004194354457152519,nan,0.005631604236035471,-0.004194354457152519,nan,0.5457240358980351,0.5457240358980351,0.0,0.0,0.0,nan,0
500,0.46300000000000036,0.45,,scientific,0,1,0.1832258064516129,1.0,0.0,0.005635200467101914,-0.004197106734693821,nan,0.005635200467101914,-0.004197106734693821,nan,0.5455918227325302,0.5455918227325302,0.0,0.0,0.0,nan,0,1,1.0,0.0,0.003792627624185035,-0.0028467495136701077,nan,0.003792627624185035,-0.0028467495136701077,nan,0.598555018635929,0.598555018635929,0.0,0.0,0.0,nan,0,1,1.0,0.0,0.005635200467101914,-0.004197106734693821,nan,0.005635200467101914,-0.004197106734693821,nan,0.5455918227325302,0.5455918227325302,0.0,0.0,0.0,nan,0
501,0.46400000000000036,0.45,,scientific,0,1,0.1832258064516129,1.0,0.0,0.00563878741533231,-0.004199853178834952,nan,0.00563878741533231,-0.004199853178834952,nan,0.5454593399905716,0.5454593399905716,0.0,0.0,0.0,nan,0,1,1.0,0.0,0.003792627624185035,-0.0028467495136701077,nan,0.003792627624185035,-0.0028467495136701077,nan,0.598555018635929,0.598555018635929,0.0,0.0,0.0,nan,0,1,1.0,0.0,0.00563878741533231,-0.004199853178834952,nan,0.00563878741533231,-0.004199853178834952,nan,0.5454593399905716,0.5454593399905716,0.0,0.0,0.0,nan,0
502,0.46500000000000036,0.45,,scientific,0,1,0.1832258064516129,1.0,0.0,0.005642365101938903,-0.004202593793636991,nan,0.005642365101938903,-0.004202593793636991,nan,0.5453265885673864,0.5453265885673864,0.0,0.0,0.0,nan,0,1,1.0,0.0,0.003792627624185035,-0.0028467495136701077,nan,0.003792627624185035,-0.0028467495136701077,nan,0.598555018635929,0.598555018635929,0.0,0.0,0.0,nan,0,1,1.0,0.0,0.005642365101938903,-0.004202593793636991,nan,0.005642365101938903,-0.004202593793636991,nan,0.5453265885673864,0.5453265885673864,0.0,0.0,0.0,nan,0
503,0.46600000000000036,0.45,,scientific,0,1,0.1832258064516129,1.0,0.0,0.005645933550756672,-0.0042053285836053346,nan,0.005645933550756672,-0.0042053285836053346,nan,0.5451935693521025,0.5451935693521025,0.0,0.0,0.0,nan,0,1,1.0,0.0,0.003792627624185035,-0.0028467495136701077,nan,0.003792627624185035,-0.0028467495136701077,nan,0.598555018635929,0.598555018635929,0.0,0.0,0.0,nan,0,1,1.0,0.0,0.005645933550756672,-0.0042053285836053346,nan,0.005645933550756672,-0.0042053285836053346,nan,0.5451935693521025,0.5451935693521025,0.0,0.0,0.0,nan,0
504,0.46700000000000036,0.45,,scientific,0,1,0.18387096774193548,1.0,0.0,0.005649492786991326,-0.004208057554739003,nan,0.005649492786991326,-0.004208057554739003,nan,0.5450602832441076,0.5450602832441076,0.0,0.0,0.0,nan,0,1,1.0,0.0,0.003792627624185035,-0.0028467495136701077,nan,0.003792627624185035,-0.0028467495136701077,nan,0.598555018635929,0.598555018635929,0.0,0.0,0.0,nan,0,1,1.0,0.0,0.005649492786991326,-0.004208057554739003,nan,0.005649492786991326,-0.004208057554739003,nan,0.5450602832441076,0.5450602832441076,0.0,0.0,0.0,nan,0
505,0.46800000000000036,0.45,,scientific,0,1,0.18387096774193548,1.0,0.0,0.005653042838574037,-0.004210780715451335,nan,0.005653042838574037,-0.004210780715451335,nan,0.544926731142396,0.544926731142396,0.0,0.0,0.0,nan,0,1,1.0,0.0,0.003792627624185035,-0.0028467495136701077,nan,0.003792627624185035,-0.0028467495136701077,nan,0.598555018635929,0.598555018635929,0.0,0.0,0.0,nan,0,1,1.0,0.0,0.005653042838574037,-0.004210780715451335,nan,0.005653042838574037,-0.004210780715451335,nan,0.544926731142396,0.544926731142396,0.0,0.0,0.0,nan,0
506,0.46900000000000036,0.45,,scientific,0,1,0.18387096774193548,1.0,0.0,0.006400342486782816,-0.00329092117750334,nan,0.006400342486782816,-0.00329092117750334,nan,0.5463435004988053,0.5463435004988053,0.0,0.0,0.0,nan,0,1,1.0,0.0,0.00428878250543522,-0.002238145063820216,nan,0.00428878250543522,-0.002238145063820216,nan,0.5996315564392477,0.5996315564392477,0.0,0.0,0.0,nan,0,1,1.0,0.0,0.006400342486782816,-0.00329092117750334,nan,0.006400342486782816,-0.00329092117750334,nan,0.5463435004988053,0.5463435004988053,0.0,0.0,0.0,nan,0
507,0.47000000000000036,0.45,,scientific,0,1,0.18387096774193548,1.0,0.0,0.00640441042677221,-0.0032929488370263458,nan,0.00640441042677221,-0.0032929488370263458,nan,0.5462103577029833,0.5462103577029833,0.0,0.0,0.0,nan,0,1,1.0,0.0,0.00428878250543522,-0.002238145063820216,nan,0.00428878250543522,-0.002238145063820216,nan,0.5996315564392477,0.5996315564392477,0.0,0.0,0.0,nan,0,1,1.0,0.0,0.00640441042677221,-0.0032929488370263458,nan,0.00640441042677221,-0.0032929488370263458,nan,0.5462103577029833,0.5462103577029833,0.0,0.0,0.0,nan,0
508,0.47100000000000036,0.45,,scientific,0,1,0.18387096774193548,1.0,0.0,0.0064084687115889705,-0.0032949714273871563,nan,0.0064084687115889705,-0.0032949714273871563,nan,0.5460769496468667,0.5460769496468667,0.0,0.0,0.0,nan,0,1,1.0,0.0,0.00428878250543522,-0.002238145063820216,nan,0.00428878250543522,-0.002238145063820216,nan,0.5996315564392477,0.5996315564392477,0.0,0.0,0.0,nan,0,1,1.0,0.0,0.0064084687115889705,-0.0032949714273871563,nan,0.0064084687115889705,-0.0032949714273871563,nan,0.5460769496468667,0.5460769496468667,0.0,0.0,0.0,nan,0
509,0.47200000000000036,0.45,,scientific,0,1,0.18387096774193548,1.0,0.0,0.006412517370821878,-0.003296988968940149,nan,0.006412517370821878,-0.003296988968940149,nan,0.5459432772126878,0.5459432772126878,0.0,0.0,0.0,nan,0,1,1.0,0.0,0.00428878250543522,-0.002238145063820216,nan,0.00428878250543522,-0.002238145063820216,nan,0.5996315564392477,0.5996315564392477,0.0,0.0,0.0,nan,0,1,1.0,0.0,0.006412517370821878,-0.003296988968940149,nan,0.006412517370821878,-0.003296988968940149,nan,0.5459432772126878,0.5459432772126878,0.0,0.0,0.0,nan,0
510,0.47300000000000036,0.45,,scientific,0,1,0.18451612903225806,1.0,0.0,0.006416556436101856,-0.0032990014833005495,nan,0.006416556436101856,-0.0032990014833005495,nan,0.5458093412799758,0.5458093412799758,0.0,0.0,0.0,nan,0,1,1.0,0.0,0.00428878250543522,-0.002238145063820216,nan,0.00428878250543522,-0.002238145063820216,nan,0.5996315564392477,0.5996315564392477,0.0,0.0,0.0,nan,0,1,1.0,0.0,0.006416556436101856,-0.0032990014833005495,nan,0.006416556436101856,-0.0032990014833005495,nan,0.5458093412799758,0.5458093412799758,0.0,0.0,0.0,nan,0
511,0.47400000000000037,0.45,,scientific,0,1,0.18451612903225806,1.0,0.0,0.0064205859413618074,-0.003301008994270808,nan,0.0064205859413618074,-0.003301008994270808,nan,0.5456751427312212,0.5456751427312212,0.0,0.0,0.0,nan,0,1,1.0,0.0,0.00428878250543522,-0.002238145063820216,nan,0.00428878250543522,-0.002238145063820216,nan,0.5996315564392477,0.5996315564392477,0.0,0.0,0.0,nan,0,1,1.0,0.0,0.0064205859413618074,-0.003301008994270808,nan,0.0064205859413618074,-0.003301008994270808,nan,0.5456751427312212,0.5456751427312212,0.0,0.0,0.0,nan,0
512,0.47500000000000037,0.45,,scientific,0,1,0.18451612903225806,1.0,0.0,0.007519783263500168,-0.0030232441624478655,nan,0.007519783263500168,-0.0030232441624478655,nan,0.5470371618262104,0.5470371618262104,0.0,0.0,0.0,nan,0,1,1.0,0.0,0.005044712528819002,-0.002048607186168816,nan,0.005044712528819002,-0.002048607186168816,nan,0.6007080942425662,0.6007080942425662,0.0,0.0,0.0,nan,0,1,1.0,0.0,0.007519783263500168,-0.0030232441624478655,nan,0.007519783263500168,-0.0030232441624478655,nan,0.5470371618262104,0.5470371618262104,0.0,0.0,0.0,nan,0
513,0.47600000000000037,0.45,,scientific,0,1,0.18451612903225806,1.0,0.0,0.007524575181634404,-0.003025029901722119,nan,0.007524575181634404,-0.003025029901722119,nan,0.5469033404446935,0.5469033404446935,0.0,0.0,0.0,nan,0,1,1.0,0.0,0.005044712528819002,-0.002048607186168816,nan,0.005044712528819002,-0.002048607186168816,nan,0.6007080942425662,0.6007080942425662,0.0,0.0,0.0,nan,0,1,1.0,0.0,0.007524575181634404,-0.003025029901722119,nan,0.007524575181634404,-0.003025029901722119,nan,0.5469033404446935,0.5469033404446935,0.0,0.0,0.0,nan,0
514,0.47700000000000037,0.45,,scientific,0,1,0.18451612903225806,1.0,0.0,0.007529357163758289,-0.003026810837679233,nan,0.007529357163758289,-0.003026810837679233,nan,0.5467692577878762,0.5467692577878762,0.0,0.0,0.0,nan,0,1,1.0,0.0,0.005044712528819002,-0.002048607186168816,nan,0.005044712528819002,-0.002048607186168816,nan,0.6007080942425662,0.6007080942425662,0.0,0.0,0.0,nan,0,1,1.0,0.0,0.007529357163758289,-0.003026810837679233,nan,0.007529357163758289,-0.003026810837679233,nan,0.5467692577878762,0.5467692577878762,0.0,0.0,0.0,nan,0
515,0.47800000000000037,0.45,,scientific,0,1,0.18516129032258064,1.0,0.0,0.007534129241328089,-0.0030285870005720182,nan,0.007534129241328089,-0.0030285870005720182,nan,0.5466349147373979,0.5466349147373979,0.0,0.0,0.0,nan,0,1,1.0,0.0,0.005044712528819002,-0.002048607186168816,nan,0.005044712528819002,-0.002048607186168816,nan,0.6007080942425662,0.6007080942425662,0.0,0.0,0.0,nan,0,1,1.0,0.0,0.007534129241328089,-0.0030285870005720182,nan,0.007534129241328089,-0.0030285870005720182,nan,0.5466349147373979,0.5466349147373979,0.0,0.0,0.0,nan,0
516,0.47900000000000037,0.45,,scientific,0,1,0.18516129032258064,1.0,0.0,0.007538891448270131,-0.003030358422245927,nan,0.007538891448270131,-0.003030358422245927,nan,0.5465003121729899,0.5465003121729899,0.0,0.0,0.0,nan,0,1,1.0,0.0,0.005044712528819002,-0.002048607186168816,nan,0.005044712528819002,-0.002048607186168816,nan,0.6007080942425662,0.6007080942425662,0.0,0.0,0.0,nan,0,1,1.0,0.0,0.007538891448270131,-0.003030358422245927,nan,0.007538891448270131,-0.003030358422245927,nan,0.5465003121729899,0.5465003121729899,0.0,0.0,0.0,nan,0
517,0.48000000000000037,0.45,,scientific,0,1,0.18516129032258064,1.0,0.0,0.006805362733977442,-0.0021124686723412436,nan,0.006805362733977442,-0.0021124686723412436,nan,0.5478834276210229,0.5478834276210229,0.0,0.0,0.0,nan,0,1,1.0,0.0,0.004550406572626887,-0.0014283884668134228,nan,0.004550406572626887,-0.0014283884668134228,nan,0.6017846320458848,0.6017846320458848,0.0,0.0,0.0,nan,0,1,1.0,0.0,0.006805362733977442,-0.0021124686723412436,nan,0.006805362733977442,-0.0021124686723412436,nan,0.5478834276210229,0.5478834276210229,0.0,0.0,0.0,nan,0
518,0.48100000000000037,0.45,,scientific,0,1,0.18516129032258064,1.0,0.0,0.006809551023880471,-0.0021135553113241596,nan,0.006809551023880471,-0.0021135553113241596,nan,0.5477492206266971,0.5477492206266971,0.0,0.0,0.0,nan,0,1,1.0,0.0,0.004550406572626887,-0.0014283884668134228,nan,0.004550406572626887,-0.0014283884668134228,nan,0.6017846320458848,0.6017846320458848,0.0,0.0,0.0,nan,0,1,1.0,0.0,0.006809551023880471,-0.0021135553113241596,nan,0.006809551023880471,-0.0021135553113241596,nan,0.5477492206266971,0.5477492206266971,0.0,0.0,0.0,nan,0
519,0.4820000000000004,0.45,,scientific,0,1,0.18516129032258064,1.0,0.0,0.006813729895039008,-0.0021146377488208386,nan,0.006813729895039008,-0.0021146377488208386,nan,0.547614755314808,0.547614755314808,0.0,0.0,0.0,nan,0,1,1.0,0.0,0.004550406572626887,-0.0014283884668134228,nan,0.004550406572626887,-0.0014283884668134228,nan,0.6017846320458848,0.6017846320458848,0.0,0.0,0.0,nan,0,1,1.0,0.0,0.006813729895039008,-0.0021146377488208386,nan,0.006813729895039008,-0.0021146377488208386,nan,0.547614755314808,0.547614755314808,0.0,0.0,0.0,nan,0
520,0.4830000000000004,0.45,,scientific,0,1,0.18516129032258064,1.0,0.0,0.006817899395448538,-0.0021157160293668285,nan,0.006817899395448538,-0.0021157160293668285,nan,0.5474800325597663,0.5474800325597663,0.0,0.0,0.0,nan,0,1,1.0,0.0,0.004550406572626887,-0.0014283884668134228,nan,0.004550406572626887,-0.0014283884668134228,nan,0.6017846320458848,0.6017846320458848,0.0,0.0,0.0,nan,0,1,1.0,0.0,0.006817899395448538,-0.0021157160293668285,nan,0.006817899395448538,-0.0021157160293668285,nan,0.5474800325597663,0.5474800325597663,0.0,0.0,0.0,nan,0
521,0.4840000000000004,0.45,,scientific,0,1,0.18516129032258064,1.0,0.0,0.006822059576004555,-0.002116790199269859,nan,0.006822059576004555,-0.002116790199269859,nan,0.5473450532347378,0.5473450532347378,0.0,0.0,0.0,nan,0,1,1.0,0.0,0.004550406572626887,-0.0014283884668134228,nan,0.004550406572626887,-0.0014283884668134228,nan,0.6017846320458848,0.6017846320458848,0.0,0.0,0.0,nan,0,1,1.0,0.0,0.006822059576004555,-0.002116790199269859,nan,0.006822059576004555,-0.002116790199269859,nan,0.5473450532347378,0.5473450532347378,0.0,0.0,0.0,nan,0
522,0.4850000000000004,0.45,,scientific,0,1,0.18516129032258064,1.0,0.0,0.006826210488939024,-0.0021178603048934304,nan,0.006826210488939024,-0.0021178603048934304,nan,0.5472098182154191,0.5472098182154191,0.0,0.0,0.0,nan,0,1,1.0,0.0,0.004550406572626887,-0.0014283884668134228,nan,0.004550406572626887,-0.0014283884668134228,nan,0.6017846320458848,0.6017846320458848,0.0,0.0,0.0,nan,0,1,1.0,0.0,0.006826210488939024,-0.0021178603048934304,nan,0.006826210488939024,-0.0021178603048934304,nan,0.5472098182154191,0.5472098182154191,0.0,0.0,0.0,nan,0
523,0.4860000000000004,0.45,,scientific,0,1,0.18516129032258064,1.0,0.0,0.006830352187917039,-0.002118926393641038,nan,0.006830352187917039,-0.002118926393641038,nan,0.5470743283802733,0.5470743283802733,0.0,0.0,0.0,nan,0,1,1.0,0.0,0.004550406572626887,-0.0014283884668134228,nan,0.004550406572626887,-0.0014283884668134228,nan,0.6017846320458848,0.6017846320458848,0.0,0.0,0.0,nan,0,1,1.0,0.0,0.006830352187917039,-0.002118926393641038,nan,0.006830352187917039,-0.002118926393641038,nan,0.5470743283802733,0.5470743283802733,0.0,0.0,0.0,nan,0
524,0.4870000000000004,0.45,,scientific,0,1,0.18516129032258064,1.0,0.0,0.00683448472827334,-0.0021199885133155925,nan,0.00683448472827334,-0.0021199885133155925,nan,0.5469385846005679,0.5469385846005679,0.0,0.0,0.0,nan,0,1,1.0,0.0,0.004550406572626887,-0.0014283884668134228,nan,0.004550406572626887,-0.0014283884668134228,nan,0.6017846320458848,0.6017846320458848,0.0,0.0,0.0,nan,0,1,1.0,0.0,0.00683448472827334,-0.0021199885133155925,nan,0.00683448472827334,-0.0021199885133155925,nan,0.5469385846005679,0.5469385846005679,0.0,0.0,0.0,nan,0
525,0.4880000000000004,0.45,,scientific,0,1,0.18516129032258064,1.0,0.0,0.006838608167325939,-0.0021210467133292005,nan,0.006838608167325939,-0.0021210467133292005,nan,0.5468025877487076,0.5468025877487076,0.0,0.0,0.0,nan,0,1,1.0,0.0,0.004550406572626887,-0.0014283884668134228,nan,0.004550406572626887,-0.0014283884668134228,nan,0.6017846320458848,0.6017846320458848,0.0,0.0,0.0,nan,0,1,1.0,0.0,0.006838608167325939,-0.0021210467133292005,nan,0.006838608167325939,-0.0021210467133292005,nan,0.5468025877487076,0.5468025877487076,0.0,0.0,0.0,nan,0
526,0.4890000000000004,0.45,,scientific,0,1,0.18516129032258064,1.0,0.0,0.006230259952079885,-0.0011158915017562576,nan,0.006230259952079885,-0.0011158915017562576,nan,0.548187640241037,0.548187640241037,0.0,0.0,0.0,nan,0,1,1.0,0.0,0.004141973065877689,-0.0007512544633778093,nan,0.004141973065877689,-0.0007512544633778093,nan,0.6028611698492035,0.6028611698492035,0.0,0.0,0.0,nan,0,1,1.0,0.0,0.006230259952079885,-0.0011158915017562576,nan,0.006230259952079885,-0.0011158915017562576,nan,0.548187640241037,0.548187640241037,0.0,0.0,0.0,nan,0
527,0.4900000000000004,0.45,,scientific,0,1,0.18516129032258064,1.0,0.0,0.006080266334899721,-8.60071157537867e-06,nan,0.006080266334899721,-8.60071157537867e-06,nan,0.5495087824581085,0.5495087824581085,0.0,0.0,0.0,nan,0,1,1.0,0.0,0.004037984198211087,2.7831340202357887e-05,nan,0.004037984198211087,2.7831340202357887e-05,nan,0.6039377076525221,0.6039377076525221,0.0,0.0,0.0,nan,0,1,1.0,0.0,0.006080266334899721,-8.60071157537867e-06,nan,0.006080266334899721,-8.60071157537867e-06,nan,0.5495087824581085,0.5495087824581085,0.0,0.0,0.0,nan,0
528,0.4910000000000004,0.45,,scientific,0,1,0.18516129032258064,1.0,0.0,0.006083792061118786,-8.166808186288825e-06,nan,0.006083792061118786,-8.166808186288825e-06,nan,0.5493737267685082,0.5493737267685082,0.0,0.0,0.0,nan,0,1,1.0,0.0,0.004037984198211087,2.7831340202357887e-05,nan,0.004037984198211087,2.7831340202357887e-05,nan,0.6039377076525221,0.6039377076525221,0.0,0.0,0.0,nan,0,1,1.0,0.0,0.006083792061118786,-8.166808186288825e-06,nan,0.006083792061118786,-8.166808186288825e-06,nan,0.5493737267685082,0.5493737267685082,0.0,0.0,0.0,nan,0
529,0.4920000000000004,0.45,,scientific,0,1,0.18516129032258064,1.0,0.0,0.005402862171676095,-0.0010809009122370388,nan,0.005402862171676095,-0.0010809009122370388,nan,0.5522768418824748,0.5522768418824748,0.0,0.0,0.0,nan,0,1,1.0,0.0,0.0035903885270357635,-0.0007026143996396405,nan,0.0035903885270357635,-0.0007026143996396405,nan,0.6060907832591593,0.6060907832591593,0.0,0.0,0.0,nan,0,1,1.0,0.0,0.005402862171676095,-0.0010809009122370388,nan,0.005402862171676095,-0.0010809009122370388,nan,0.5522768418824748,0.5522768418824748,0.0,0.0,0.0,nan,0
530,0.4930000000000004,0.45,,scientific,0,1,0.18516129032258064,1.0,0.0,0.005405849753598935,-0.0010812284114000178,nan,0.005405849753598935,-0.0010812284114000178,nan,0.5521430848257269,0.5521430848257269,0.0,0.0,0.0,nan,0,1,1.0,0.0,0.0035903885270357635,-0.0007026143996396405,nan,0.0035903885270357635,-0.0007026143996396405,nan,0.6060907832591593,0.6060907832591593,0.0,0.0,0.0,nan,0,1,1.0,0.0,0.005405849753598935,-0.0010812284114000178,nan,0.005405849753598935,-0.0010812284114000178,nan,0.5521430848257269,0.5521430848257269,0.0,0.0,0.0,nan,0
531,0.4940000000000004,0.45,,scientific,0,1,0.18516129032258064,1.0,0.0,0.005408829277233005,-0.0010815524103246468,nan,0.005408829277233005,-0.0010815524103246468,nan,0.552009074822333,0.552009074822333,0.0,0.0,0.0,nan,0,1,1.0,0.0,0.0035903885270357635,-0.0007026143996396405,nan,0.0035903885270357635,-0.0007026143996396405,nan,0.6060907832591593,0.6060907832591593,0.0,0.0,0.0,nan,0,1,1.0,0.0,0.005408829277233005,-0.0010815524103246468,nan,0.005408829277233005,-0.0010815524103246468,nan,0.552009074822333,0.552009074822333,0.0,0.0,0.0,nan,0
532,0.4950000000000004,0.45,,scientific,0,1,0.18516129032258064,1.0,0.0,0.005189144253237078,-0.0022535081968901587,nan,0.005189144253237078,-0.0022535081968901587,nan,0.5534490975895314,0.5534490975895314,0.0,0.0,0.0,nan,0,1,1.0,0.0,0.003448168559644351,-0.0014686696061934764,nan,0.003448168559644351,-0.0014686696061934764,nan,0.6071673210624016,0.6071673210624016,0.0,0.0,0.0,nan,0,1,1.0,0.0,0.005189144253237078,-0.0022535081968901587,nan,0.005189144253237078,-0.0022535081968901587,nan,0.5534490975895314,0.5534490975895314,0.0,0.0,0.0,nan,0
533,0.4960000000000004,0.45,,scientific,0,1,0.18516129032258064,1.0,0.0,0.005191942403398028,-0.0022546581917900336,nan,0.005191942403398028,-0.0022546581917900336,nan,0.5533155076572194,0.5533155076572194,0.0,0.0,0.0,nan,0,1,1.0,0.0,0.003448168559644351,-0.0014686696061934764,nan,0.003448168559644351,-0.0014686696061934764,nan,0.6071673210624016,0.6071673210624016,0.0,0.0,0.0,nan,0,1,1.0,0.0,0.005191942403398028,-0.0022546581917900336,nan,0.005191942403398028,-0.0022546581917900336,nan,0.5533155076572194,0.5533155076572194,0.0,0.0,0.0,nan,0
534,0.4970000000000004,0.45,,scientific,0,1,0.18516129032258064,1.0,0.0,0.005194732938451368,-0.00225580389956894,nan,0.005194732938451368,-0.00225580389956894,nan,0.553181665214604,0.553181665214604,0.0,0.0,0.0,nan,0,1,1.0,0.0,0.003448168559644351,-0.0014686696061934764,nan,0.003448168559644351,-0.0014686696061934764,nan,0.6071673210624016,0.6071673210624016,0.0,0.0,0.0,nan,0,1,1.0,0.0,0.005194732938451368,-0.00225580389956894,nan,0.005194732938451368,-0.00225580389956894,nan,0.553181665214604,0.553181665214604,0.0,0.0,0.0,nan,0
535,0.4980000000000004,0.45,,scientific,0,1,0.18516129032258064,1.0,0.0,0.005197515947169955,-0.002256945373199809,nan,0.005197515947169955,-0.002256945373199809,nan,0.5530475710856018,0.5530475710856018,0.0,0.0,0.0,nan,0,1,1.0,0.0,0.003448168559644351,-0.0014686696061934764,nan,0.003448168559644351,-0.0014686696061934764,nan,0.6071673210624016,0.6071673210624016,0.0,0.0,0.0,nan,0,1,1.0,0.0,0.005197515947169955,-0.002256945373199809,nan,0.005197515947169955,-0.002256945373199809,nan,0.5530475710856018,0.5530475710856018,0.0,0.0,0.0,nan,0
536,0.4990000000000004,0.45,,scientific,0,1,0.18580645161290324,1.0,0.0,0.005200291520242164,-0.002258082667310637,nan,0.005200291520242164,-0.002258082667310637,nan,0.5529132261024461,0.5529132261024461,0.0,0.0,0.0,nan,0,1,1.0,0.0,0.003448168559644351,-0.0014686696061934764,nan,0.003448168559644351,-0.0014686696061934764,nan,0.6071673210624016,0.6071673210624016,0.0,0.0,0.0,nan,0,1,1.0,0.0,0.005200291520242164,-0.002258082667310637,nan,0.005200291520242164,-0.002258082667310637,nan,0.5529132261024461,0.5529132261024461,0.0,0.0,0.0,nan,0
537,0.5000000000000003,0.45,,scientific,0,1,0.18580645161290324,1.0,0.0,0.005203059750444497,-0.002259215837310643,nan,0.005203059750444497,-0.002259215837310643,nan,0.5527786310928238,0.5527786310928238,0.0,0.0,0.0,nan,0,1,1.0,0.0,0.003448168559644351,-0.0014686696061934764,nan,0.003448168559644351,-0.0014686696061934764,nan,0.6071673210624016,0.6071673210624016,0.0,0.0,0.0,nan,0,1,1.0,0.0,0.005203059750444497,-0.002259215837310643,nan,0.005203059750444497,-0.002259215837310643,nan,0.5527786310928238,0.5527786310928238,0.0,0.0,0.0,nan,0
538,0.5010000000000003,0.45,,scientific,0,1,0.18580645161290324,1.0,0.0,0.005205820732123609,-0.00226034493899141,nan,0.005205820732123609,-0.00226034493899141,nan,0.552643786880976,0.552643786880976,0.0,0.0,0.0,nan,0,1,1.0,0.0,0.003448168559644351,-0.0014686696061934764,nan,0.003448168559644351,-0.0014686696061934764,nan,0.6071673210624016,0.6071673210624016,0.0,0.0,0.0,nan,0,1,1.0,0.0,0.005205820732123609,-0.00226034493899141,nan,0.005205820732123609,-0.00226034493899141,nan,0.552643786880976,0.552643786880976,0.0,0.0,0.0,nan,0
539,0.5020000000000003,0.45,,scientific,0,1,0.18580645161290324,1.0,0.0,0.005208574561947304,-0.0022614700291725518,nan,0.005208574561947304,-0.0022614700291725518,nan,0.5525086942993808,0.5525086942993808,0.0,0.0,0.0,nan,0,1,1.0,0.0,0.003448168559644351,-0.0014686696061934764,nan,0.003448168559644351,-0.0014686696061934764,nan,0.6071673210624016,0.6071673210624016,0.0,0.0,0.0,nan,0,1,1.0,0.0,0.005208574561947304,-0.0022614700291725518,nan,0.005208574561947304,-0.0022614700291725518,nan,0.5525086942993808,0.5525086942993808,0.0,0.0,0.0,nan,0
540,0.5030000000000003,0.45,,scientific,0,1,0.18580645161290324,1.0,0.0,0.005211321337374168,-0.0022625911657789353,nan,0.005211321337374168,-0.0022625911657789353,nan,0.5523733541786431,0.5523733541786431,0.0,0.0,0.0,nan,0,1,1.0,0.0,0.003448168559644351,-0.0014686696061934764,nan,0.003448168559644351,-0.0014686696061934764,nan,0.6071673210624016,0.6071673210624016,0.0,0.0,0.0,nan,0,1,1.0,0.0,0.005211321337374168,-0.0022625911657789353,nan,0.005211321337374168,-0.0022625911657789353,nan,0.5523733541786431,0.5523733541786431,0.0,0.0,0.0,nan,0
541,0.5040000000000003,0.45,,scientific,0,1,0.18580645161290324,1.0,0.0,0.004273939417599402,-0.001620970685519316,nan,0.004273939417599402,-0.001620970685519316,nan,0.5537180559602364,0.5537180559602364,0.0,0.0,0.0,nan,0,1,1.0,0.0,0.0027997490075294435,-0.001024026768104971,nan,0.0027997490075294435,-0.001024026768104971,nan,0.6082438588657202,0.6082438588657202,0.0,0.0,0.0,nan,0,1,1.0,0.0,0.004273939417599402,-0.001620970685519316,nan,0.004273939417599402,-0.001620970685519316,nan,0.5537180559602364,0.5537180559602364,0.0,0.0,0.0,nan,0
542,0.5050000000000003,0.45,,scientific,0,1,0.18580645161290324,1.0,0.0,0.0031204830861023642,-0.001813778399496457,nan,0.0031204830861023642,-0.001813778399496457,nan,0.5551170266038306,0.5551170266038306,0.0,0.0,0.0,nan,0,1,1.0,0.0,0.002027949849212829,-0.0011538953230815694,nan,0.002027949849212829,-0.0011538953230815694,nan,0.6093203966690388,0.6093203966690388,0.0,0.0,0.0,nan,0,1,1.0,0.0,0.0031204830861023642,-0.001813778399496457,nan,0.0031204830861023642,-0.001813778399496457,nan,0.5551170266038306,0.5551170266038306,0.0,0.0,0.0,nan,0
543,0.5060000000000003,0.45,,scientific,0,1,0.18580645161290324,1.0,0.0,0.003121731552359931,-0.0018145840088650779,nan,0.003121731552359931,-0.0018145840088650779,nan,0.5549826671455361,0.5549826671455361,0.0,0.0,0.0,nan,0,1,1.0,0.0,0.002027949849212829,-0.0011538953230815694,nan,0.002027949849212829,-0.0011538953230815694,nan,0.6093203966690388,0.6093203966690388,0.0,0.0,0.0,nan,0,1,1.0,0.0,0.003121731552359931,-0.0018145840088650779,nan,0.003121731552359931,-0.0018145840088650779,nan,0.5549826671455361,0.5549826671455361,0.0,0.0,0.0,nan,0
544,0.5070000000000003,0.45,,scientific,0,1,0.18580645161290324,1.0,0.0,0.004232226357146963,-0.0008002290994975519,nan,0.004232226357146963,-0.0008002290994975519,nan,0.5578354337147773,0.5578354337147773,0.0,0.0,0.0,nan,0,1,1.0,0.0,0.002785566333063091,-0.0004439976481761565,nan,0.002785566333063091,-0.0004439976481761565,nan,0.611473472275676,0.611473472275676,0.0,0.0,0.0,nan,0,1,1.0,0.0,0.004232226357146963,-0.0008002290994975519,nan,0.004232226357146963,-0.0008002290994975519,nan,0.5578354337147773,0.5578354337147773,0.0,0.0,0.0,nan,0
545,0.5080000000000003,0.45,,scientific,0,1,0.18580645161290324,1.0,0.0,0.004234227817579876,-0.0008003575532865054,nan,0.004234227817579876,-0.0008003575532865054,nan,0.5577022587402187,0.5577022587402187,0.0,0.0,0.0,nan,0,1,1.0,0.0,0.002785566333063091,-0.0004439976481761565,nan,0.002785566333063091,-0.0004439976481761565,nan,0.611473472275676,0.611473472275676,0.0,0.0,0.0,nan,0,1,1.0,0.0,0.004234227817579876,-0.0008003575532865054,nan,0.004234227817579876,-0.0008003575532865054,nan,0.5577022587402187,0.5577022587402187,0.0,0.0,0.0,nan,0
546,0.5090000000000003,0.45,,scientific,0,1,0.18580645161290324,1.0,0.0,0.0031461146095075184,-0.0005088701436198469,nan,0.0031461146095075184,-0.0005088701436198469,nan,0.5590533736834032,0.5590533736834032,0.0,0.0,0.0,nan,0,1,1.0,0.0,0.0020322195669187607,-0.00024275046564651022,nan,0.0020322195669187607,-0.00024275046564651022,nan,0.6125500100789947,0.6125500100789947,0.0,0.0,0.0,nan,0,1,1.0,0.0,0.0031461146095075184,-0.0005088701436198469,nan,0.0031461146095075184,-0.0005088701436198469,nan,0.5590533736834032,0.5590533736834032,0.0,0.0,0.0,nan,0
547,0.5100000000000003,0.45,,scientific,0,1,0.18580645161290324,1.0,0.0,0.0031473636452578643,-0.0005087915395581405,nan,0.0031473636452578643,-0.0005087915395581405,nan,0.5589205271913374,0.5589205271913374,0.0,0.0,0.0,nan,0,1,1.0,0.0,0.0020322195669187607,-0.00024275046564651022,nan,0.0020322195669187607,-0.00024275046564651022,nan,0.6125500100789947,0.6125500100789947,0.0,0.0,0.0,nan,0,1,1.0,0.0,0.0031473636452578643,-0.0005087915395581405,nan,0.0031473636452578643,-0.0005087915395581405,nan,0.5589205271913374,0.5589205271913374,0.0,0.0,0.0,nan,0
548,0.5110000000000003,0.45,,scientific,0,1,0.18580645161290324,1.0,0.0,0.0031486069140509412,-0.0005087097217587053,nan,0.0031486069140509412,-0.0005087097217587053,nan,0.5587874342003621,0.5587874342003621,0.0,0.0,0.0,nan,0,1,1.0,0.0,0.0020322195669187607,-0.00024275046564651022,nan,0.0020322195669187607,-0.00024275046564651022,nan,0.6125500100789947,0.6125500100789947,0.0,0.0,0.0,nan,0,1,1.0,0.0,0.0031486069140509412,-0.0005087097217587053,nan,0.0031486069140509412,-0.0005087097217587053,nan,0.5587874342003621,0.5587874342003621,0.0,0.0,0.0,nan,0
549,0.5120000000000003,0.45,,scientific,0,1,0.18580645161290324,1.0,0.0,0.0031498445389861857,-0.0005086247647957003,nan,0.0031498445389861857,-0.0005086247647957003,nan,0.5586540955133994,0.5586540955133994,0.0,0.0,0.0,nan,0,1,1.0,0.0,0.0020322195669187607,-0.00024275046564651022,nan,0.0020322195669187607,-0.00024275046564651022,nan,0.6125500100789947,0.6125500100789947,0.0,0.0,0.0,nan,0,1,1.0,0.0,0.0031498445389861857,-0.0005086247647957003,nan,0.0031498445389861857,-0.0005086247647957003,nan,0.5586540955133994,0.5586540955133994,0.0,0.0,0.0,nan,0
550,0.5130000000000003,0.45,,scientific,0,1,0.18580645161290324,1.0,0.0,0.00315107664520238,-0.0005085367439147853,nan,0.00315107664520238,-0.0005085367439147853,nan,0.5585205119283277,0.5585205119283277,0.0,0.0,0.0,nan,0,1,1.0,0.0,0.0020322195669187607,-0.00024275046564651022,nan,0.0020322195669187607,-0.00024275046564651022,nan,0.6125500100789947,0.6125500100789947,0.0,0.0,0.0,nan,0,1,1.0,0.0,0.00315107664520238,-0.0005085367439147853,nan,0.00315107664520238,-0.0005085367439147853,nan,0.5585205119283277,0.5585205119283277,0.0,0.0,0.0,nan,0
551,0.5140000000000003,0.45,,scientific,0,1,0.18645161290322582,1.0,0.0,0.0022177901882010007,-0.001115054460546895,nan,0.0022177901882010007,-0.001115054460546895,nan,0.5598594088460307,0.5598594088460307,0.0,0.0,0.0,nan,0,1,1.0,0.0,0.0013812944312150462,-0.0006671115037205106,nan,0.0013812944312150462,-0.0006671115037205106,nan,0.6136265478823133,0.6136265478823133,0.0,0.0,0.0,nan,0,1,1.0,0.0,0.0022177901882010007,-0.001115054460546895,nan,0.0022177901882010007,-0.001115054460546895,nan,0.5598594088460307,0.5598594088460307,0.0,0.0,0.0,nan,0
552,0.5150000000000003,0.45,,scientific,0,1,0.18645161290322582,1.0,0.0,0.0022183973150592877,-0.001115357675633151,nan,0.0022183973150592877,-0.001115357675633151,nan,0.5597261203778167,0.5597261203778167,0.0,0.0,0.0,nan,0,1,1.0,0.0,0.0013812944312150462,-0.0006671115037205106,nan,0.0013812944312150462,-0.0006671115037205106,nan,0.6136265478823133,0.6136265478823133,0.0,0.0,0.0,nan,0,1,1.0,0.0,0.0022183973150592877,-0.001115357675633151,nan,0.0022183973150592877,-0.001115357675633151,nan,0.5597261203778167,0.5597261203778167,0.0,0.0,0.0,nan,0
553,0.5160000000000003,0.45,,scientific,0,1,0.18645161290322582,1.0,0.0,0.003023888358246533,-0.001918282673628907,nan,0.003023888358246533,-0.001918282673628907,nan,0.5611168865041246,0.5611168865041246,0.0,0.0,0.0,nan,0,1,1.0,0.0,0.0019270273584118247,-0.0012109859644869713,nan,0.0019270273584118247,-0.0012109859644869713,nan,0.6147030856856319,0.6147030856856319,0.0,0.0,0.0,nan,0,1,1.0,0.0,0.003023888358246533,-0.001918282673628907,nan,0.003023888358246533,-0.001918282673628907,nan,0.5611168865041246,0.5611168865041246,0.0,0.0,0.0,nan,0
554,0.5170000000000003,0.45,,scientific,0,1,0.18645161290322582,1.0,0.0,0.0030250419734702554,-0.0019191315879817567,nan,0.0030250419734702554,-0.0019191315879817567,nan,0.5609839935411636,0.5609839935411636,0.0,0.0,0.0,nan,0,1,1.0,0.0,0.0019270273584118247,-0.0012109859644869713,nan,0.0019270273584118247,-0.0012109859644869713,nan,0.6147030856856319,0.6147030856856319,0.0,0.0,0.0,nan,0,1,1.0,0.0,0.0030250419734702554,-0.0019191315879817567,nan,0.0030250419734702554,-0.0019191315879817567,nan,0.5609839935411636,0.5609839935411636,0.0,0.0,0.0,nan,0
555,0.5180000000000003,0.45,,scientific,0,1,0.18645161290322582,1.0,0.0,0.0030261904297742667,-0.0019199772875535996,nan,0.0030261904297742667,-0.0019199772875535996,nan,0.5608508573410502,0.5608508573410502,0.0,0.0,0.0,nan,0,1,1.0,0.0,0.0019270273584118247,-0.0012109859644869713,nan,0.0019270273584118247,-0.0012109859644869713,nan,0.6147030856856319,0.6147030856856319,0.0,0.0,0.0,nan,0,1,1.0,0.0,0.0030261904297742667,-0.0019199772875535996,nan,0.0030261904297742667,-0.0019199772875535996,nan,0.5608508573410502,0.5608508573410502,0.0,0.0,0.0,nan,0
556,0.5190000000000003,0.45,,scientific,0,1,0.18645161290322582,1.0,0.0,0.0030273338574068236,-0.0019208198424968282,nan,0.0030273338574068236,-0.0019208198424968282,nan,0.5607174786842475,0.5607174786842475,0.0,0.0,0.0,nan,0,1,1.0,0.0,0.0019270273584118247,-0.0012109859644869713,nan,0.0019270273584118247,-0.0012109859644869713,nan,0.6147030856856319,0.6147030856856319,0.0,0.0,0.0,nan,0,1,1.0,0.0,0.0030273338574068236,-0.0019208198424968282,nan,0.0030273338574068236,-0.0019208198424968282,nan,0.5607174786842475,0.5607174786842475,0.0,0.0,0.0,nan,0
557,0.5200000000000004,0.45,,scientific,0,1,0.18645161290322582,1.0,0.0,0.0030284723878337694,-0.001921659323560964,nan,0.0030284723878337694,-0.001921659323560964,nan,0.5605838583454138,0.5605838583454138,0.0,0.0,0.0,nan,0,1,1.0,0.0,0.0019270273584118247,-0.0012109859644869713,nan,0.0019270273584118247,-0.0012109859644869713,nan,0.6147030856856319,0.6147030856856319,0.0,0.0,0.0,nan,0,1,1.0,0.0,0.0030284723878337694,-0.001921659323560964,nan,0.0030284723878337694,-0.001921659323560964,nan,0.5605838583454138,0.5605838583454138,0.0,0.0,0.0,nan,0
558,0.5210000000000004,0.45,,scientific,0,1,0.18645161290322582,1.0,0.0,0.002230023754172775,-0.0010376598184727306,nan,0.002230023754172775,-0.0010376598184727306,nan,0.5620314815909744,0.5620314815909744,0.0,0.0,0.0,nan,0,1,1.0,0.0,0.001408234833536489,-0.0006352724249134156,nan,0.001408234833536489,-0.0006352724249134156,nan,0.6157796234889505,0.6157796234889505,0.0,0.0,0.0,nan,0,1,1.0,0.0,0.002230023754172775,-0.0010376598184727306,nan,0.002230023754172775,-0.0010376598184727306,nan,0.5620314815909744,0.5620314815909744,0.0,0.0,0.0,nan,0
559,0.5220000000000004,0.45,,scientific,0,1,0.18645161290322582,1.0,0.0,0.0022305903037112534,-0.0010378760320860117,nan,0.0022305903037112534,-0.0010378760320860117,nan,0.5618982923338498,0.5618982923338498,0.0,0.0,0.0,nan,0,1,1.0,0.0,0.001408234833536489,-0.0006352724249134156,nan,0.001408234833536489,-0.0006352724249134156,nan,0.6157796234889505,0.6157796234889505,0.0,0.0,0.0,nan,0,1,1.0,0.0,0.0022305903037112534,-0.0010378760320860117,nan,0.0022305903037112534,-0.0010378760320860117,nan,0.5618982923338498,0.5618982923338498,0.0,0.0,0.0,nan,0
560,0.5230000000000004,0.45,,scientific,0,1,0.18645161290322582,1.0,0.0,0.0022311529406522333,-0.0010380900420697385,nan,0.0022311529406522333,-0.0010380900420697385,nan,0.5617648618779495,0.5617648618779495,0.0,0.0,0.0,nan,0,1,1.0,0.0,0.001408234833536489,-0.0006352724249134156,nan,0.001408234833536489,-0.0006352724249134156,nan,0.6157796234889505,0.6157796234889505,0.0,0.0,0.0,nan,0,1,1.0,0.0,0.0022311529406522333,-0.0010380900420697385,nan,0.0022311529406522333,-0.0010380900420697385,nan,0.5617648618779495,0.5617648618779495,0.0,0.0,0.0,nan,0
561,0.5240000000000004,0.45,,scientific,0,1,0.18645161290322582,1.0,0.0,0.0022317118093577587,-0.0010383019305383104,nan,0.0022317118093577587,-0.0010383019305383104,nan,0.5616311909830671,0.5616311909830671,0.0,0.0,0.0,nan,0,1,1.0,0.0,0.001408234833536489,-0.0006352724249134156,nan,0.001408234833536489,-0.0006352724249134156,nan,0.6157796234889505,0.6157796234889505,0.0,0.0,0.0,nan,0,1,1.0,0.0,0.0022317118093577587,-0.0010383019305383104,nan,0.0022317118093577587,-0.0010383019305383104,nan,0.5616311909830671,0.5616311909830671,0.0,0.0,0.0,nan,0
562,0.5250000000000004,0.45,,scientific,0,1,0.18645161290322582,1.0,0.0,0.002232267055737369,-0.0010385117807341052,nan,0.002232267055737369,-0.0010385117807341052,nan,0.5614972804138796,0.5614972804138796,0.0,0.0,0.0,nan,0,1,1.0,0.0,0.001408234833536489,-0.0006352724249134156,nan,0.001408234833536489,-0.0006352724249134156,nan,0.6157796234889505,0.6157796234889505,0.0,0.0,0.0,nan,0,1,1.0,0.0,0.002232267055737369,-0.0010385117807341052,nan,0.002232267055737369,-0.0010385117807341052,nan,0.5614972804138796,0.5614972804138796,0.0,0.0,0.0,nan,0
563,0.5260000000000004,0.45,,scientific,0,1,0.18645161290322582,1.0,0.0,0.0022328188274757833,-0.0010387196764959983,nan,0.0022328188274757833,-0.0010387196764959983,nan,0.5613631309398731,0.5613631309398731,0.0,0.0,0.0,nan,0,1,1.0,0.0,0.001408234833536489,-0.0006352724249134156,nan,0.001408234833536489,-0.0006352724249134156,nan,0.6157796234889505,0.6157796234889505,0.0,0.0,0.0,nan,0,1,1.0,0.0,0.0022328188274757833,-0.0010387196764959983,nan,0.0022328188274757833,-0.0010387196764959983,nan,0.5613631309398731,0.5613631309398731,0.0,0.0,0.0,nan,0
564,0.5270000000000004,0.45,,scientific,0,1,0.18645161290322582,1.0,0.0,0.002233367273532318,-0.0010389257021607124,nan,0.002233367273532318,-0.0010389257021607124,nan,0.5612287433282309,0.5612287433282309,0.0,0.0,0.0,nan,0,1,1.0,0.0,0.001408234833536489,-0.0006352724249134156,nan,0.001408234833536489,-0.0006352724249134156,nan,0.6157796234889505,0.6157796234889505,0.0,0.0,0.0,nan,0,1,1.0,0.0,0.002233367273532318,-0.0010389257021607124,nan,0.002233367273532318,-0.0010389257021607124,nan,0.5612287433282309,0.5612287433282309,0.0,0.0,0.0,nan,0
565,0.5280000000000004,0.45,,scientific,0,1,0.18645161290322582,1.0,0.0,0.002233912543735772,-0.0010391299433515325,nan,0.002233912543735772,-0.0010391299433515325,nan,0.5610941183485241,0.5610941183485241,0.0,0.0,0.0,nan,0,1,1.0,0.0,0.001408234833536489,-0.0006352724249134156,nan,0.001408234833536489,-0.0006352724249134156,nan,0.6157796234889505,0.6157796234889505,0.0,0.0,0.0,nan,0,1,1.0,0.0,0.002233912543735772,-0.0010391299433515325,nan,0.002233912543735772,-0.0010391299433515325,nan,0.5610941183485241,0.5610941183485241,0.0,0.0,0.0,nan,0
566,0.5290000000000004,0.45,,scientific,0,1,0.18645161290322582,1.0,0.0,0.0022344547893346205,-0.0010393324866379955,nan,0.0022344547893346205,-0.0010393324866379955,nan,0.5609592567764002,0.5609592567764002,0.0,0.0,0.0,nan,0,1,1.0,0.0,0.001408234833536489,-0.0006352724249134156,nan,0.001408234833536489,-0.0006352724249134156,nan,0.6157796234889505,0.6157796234889505,0.0,0.0,0.0,nan,0,1,1.0,0.0,0.0022344547893346205,-0.0010393324866379955,nan,0.0022344547893346205,-0.0010393324866379955,nan,0.5609592567764002,0.5609592567764002,0.0,0.0,0.0,nan,0
567,0.5300000000000004,0.45,,scientific,0,1,0.18645161290322582,1.0,0.0,0.00223499416344713,-0.0010395334188687047,nan,0.00223499416344713,-0.0010395334188687047,nan,0.560824159385839,0.560824159385839,0.0,0.0,0.0,nan,0,1,1.0,0.0,0.001408234833536489,-0.0006352724249134156,nan,0.001408234833536489,-0.0006352724249134156,nan,0.6157796234889505,0.6157796234889505,0.0,0.0,0.0,nan,0,1,1.0,0.0,0.00223499416344713,-0.0010395334188687047,nan,0.00223499416344713,-0.0010395334188687047,nan,0.560824159385839,0.560824159385839,0.0,0.0,0.0,nan,0
568,0.5310000000000004,0.45,,scientific,0,1,0.18645161290322582,1.0,0.0,0.0022355308207171625,-0.0010397328279180356,nan,0.0022355308207171625,-0.0010397328279180356,nan,0.5606888269487011,0.5606888269487011,0.0,0.0,0.0,nan,0,1,1.0,0.0,0.001408234833536489,-0.0006352724249134156,nan,0.001408234833536489,-0.0006352724249134156,nan,0.6157796234889505,0.6157796234889505,0.0,0.0,0.0,nan,0,1,1.0,0.0,0.0022355308207171625,-0.0010397328279180356,nan,0.0022355308207171625,-0.0010397328279180356,nan,0.5606888269487011,0.5606888269487011,0.0,0.0,0.0,nan,0
569,0.5320000000000004,0.45,,scientific,0,1,0.18645161290322582,1.0,0.0,0.002236064917164225,-0.001039930802207469,nan,0.002236064917164225,-0.001039930802207469,nan,0.5605532602362409,0.5605532602362409,0.0,0.0,0.0,nan,0,1,1.0,0.0,0.001408234833536489,-0.0006352724249134156,nan,0.001408234833536489,-0.0006352724249134156,nan,0.6157796234889505,0.6157796234889505,0.0,0.0,0.0,nan,0,1,1.0,0.0,0.002236064917164225,-0.001039930802207469,nan,0.002236064917164225,-0.001039930802207469,nan,0.5605532602362409,0.5605532602362409,0.0,0.0,0.0,nan,0
570,0.5330000000000004,0.45,,scientific,0,1,0.18645161290322582,1.0,0.0,0.00017844596599685288,-0.001715486497716469,nan,0.00017844596599685288,-0.001715486497716469,nan,0.5634975324423248,0.5634975324423248,0.0,0.0,0.0,nan,0,1,1.0,0.0,4.0876766791709595e-05,-0.0011059309579598104,nan,4.0876766791709595e-05,-0.0011059309579598104,nan,0.6179326990955878,0.6179326990955878,0.0,0.0,0.0,nan,0,1,1.0,0.0,0.00017844596599685288,-0.001715486497716469,nan,0.00017844596599685288,-0.001715486497716469,nan,0.5634975324423248,0.5634975324423248,0.0,0.0,0.0,nan,0
571,0.5340000000000004,0.45,,scientific,0,1,0.18645161290322582,1.0,0.0,0.00017758767621593965,-0.001716112343585278,nan,0.00017758767621593965,-0.001716112343585278,nan,0.5633631881053691,0.5633631881053691,0.0,0.0,0.0,nan,0,1,1.0,0.0,4.0876766791709595e-05,-0.0011059309579598104,nan,4.0876766791709595e-05,-0.0011059309579598104,nan,0.6179326990955878,0.6179326990955878,0.0,0.0,0.0,nan,0,1,1.0,0.0,0.00017758767621593965,-0.001716112343585278,nan,0.00017758767621593965,-0.001716112343585278,nan,0.5633631881053691,0.5633631881053691,0.0,0.0,0.0,nan,0
572,0.5350000000000004,0.45,,scientific,0,1,0.18645161290322582,1.0,0.0,0.0001767283550521324,-0.0017167369053723747,nan,0.0001767283550521324,-0.0017167369053723747,nan,0.5632286090669752,0.5632286090669752,0.0,0.0,0.0,nan,0,1,1.0,0.0,4.0876766791709595e-05,-0.0011059309579598104,nan,4.0876766791709595e-05,-0.0011059309579598104,nan,0.6179326990955878,0.6179326990955878,0.0,0.0,0.0,nan,0,1,1.0,0.0,0.0001767283550521324,-0.0017167369053723747,nan,0.0001767283550521324,-0.0017167369053723747,nan,0.5632286090669752,0.5632286090669752,0.0,0.0,0.0,nan,0
573,0.5360000000000004,0.45,,scientific,0,1,0.18645161290322582,1.0,0.0,0.00017586817621673912,-0.0017173602711324626,nan,0.00017586817621673912,-0.0017173602711324626,nan,0.5630937960817872,0.5630937960817872,0.0,0.0,0.0,nan,0,1,1.0,0.0,4.0876766791709595e-05,-0.0011059309579598104,nan,4.0876766791709595e-05,-0.0011059309579598104,nan,0.6179326990955878,0.6179326990955878,0.0,0.0,0.0,nan,0,1,1.0,0.0,0.00017586817621673912,-0.0017173602711324626,nan,0.00017586817621673912,-0.0017173602711324626,nan,0.5630937960817872,0.5630937960817872,0.0,0.0,0.0,nan,0
574,0.5370000000000004,0.45,,scientific,0,1,0.18645161290322582,1.0,0.0,0.00017500731508225448,-0.001717982529582255,nan,0.00017500731508225448,-0.001717982529582255,nan,0.5629587499070838,0.5629587499070838,0.0,0.0,0.0,nan,0,1,1.0,0.0,4.0876766791709595e-05,-0.0011059309579598104,nan,4.0876766791709595e-05,-0.0011059309579598104,nan,0.6179326990955878,0.6179326990955878,0.0,0.0,0.0,nan,0,1,1.0,0.0,0.00017500731508225448,-0.001717982529582255,nan,0.00017500731508225448,-0.001717982529582255,nan,0.5629587499070838,0.5629587499070838,0.0,0.0,0.0,nan,0
575,0.5380000000000004,0.45,,scientific,0,1,0.18645161290322582,1.0,0.0,0.00017414594784438933,-0.0017186037698025565,nan,0.00017414594784438933,-0.0017186037698025565,nan,0.5628234713037941,0.5628234713037941,0.0,0.0,0.0,nan,0,1,1.0,0.0,4.0876766791709595e-05,-0.0011059309579598104,nan,4.0876766791709595e-05,-0.0011059309579598104,nan,0.6179326990955878,0.6179326990955878,0.0,0.0,0.0,nan,0,1,1.0,0.0,0.00017414594784438933,-0.0017186037698025565,nan,0.00017414594784438933,-0.0017186037698025565,nan,0.5628234713037941,0.5628234713037941,0.0,0.0,0.0,nan,0
576,0.5390000000000004,0.45,,scientific,0,1,0.18645161290322582,1.0,0.0,0.00017328425184303246,-0.0017192240815641366,nan,0.00017328425184303246,-0.0017192240815641366,nan,0.5626879610397509,0.5626879610397509,0.0,0.0,0.0,nan,0,1,1.0,0.0,4.0876766791709595e-05,-0.0011059309579598104,nan,4.0876766791709595e-05,-0.0011059309579598104,nan,0.6179326990955878,0.6179326990955878,0.0,0.0,0.0,nan,0,1,1.0,0.0,0.00017328425184303246,-0.0017192240815641366,nan,0.00017328425184303246,-0.0017192240815641366,nan,0.5626879610397509,0.5626879610397509,0.0,0.0,0.0,nan,0
577,0.5400000000000004,0.45,,scientific,0,1,0.18645161290322582,1.0,0.0,0.00017242240574236615,-0.0017198435551671696,nan,0.00017242240574236615,-0.0017198435551671696,nan,0.5625522198771737,0.5625522198771737,0.0,0.0,0.0,nan,0,1,1.0,0.0,4.0876766791709595e-05,-0.0011059309579598104,nan,4.0876766791709595e-05,-0.0011059309579598104,nan,0.6179326990955878,0.6179326990955878,0.0,0.0,0.0,nan,0,1,1.0,0.0,0.00017242240574236615,-0.0017198435551671696,nan,0.00017242240574236615,-0.0017198435551671696,nan,0.5625522198771737,0.5625522198771737,0.0,0.0,0.0,nan,0
578,0.5410000000000004,0.45,,scientific,0,1,0.18645161290322582,1.0,0.0,0.00017156058967870714,-0.0017204622818929255,nan,0.00017156058967870714,-0.0017204622818929255,nan,0.5624162485778735,0.5624162485778735,0.0,0.0,0.0,nan,0,1,1.0,0.0,4.0876766791709595e-05,-0.0011059309579598104,nan,4.0876766791709595e-05,-0.0011059309579598104,nan,0.6179326990955878,0.6179326990955878,0.0,0.0,0.0,nan,0,1,1.0,0.0,0.00017156058967870714,-0.0017204622818929255,nan,0.00017156058967870714,-0.0017204622818929255,nan,0.5624162485778735,0.5624162485778735,0.0,0.0,0.0,nan,0
579,0.5420000000000004,0.45,,scientific,0,1,0.18645161290322582,1.0,0.0,0.00017069898500799774,-0.001721080353713423,nan,0.00017069898500799774,-0.001721080353713423,nan,0.562280047906415,0.562280047906415,0.0,0.0,0.0,nan,0,1,1.0,0.0,4.0876766791709595e-05,-0.0011059309579598104,nan,4.0876766791709595e-05,-0.0011059309579598104,nan,0.6179326990955878,0.6179326990955878,0.0,0.0,0.0,nan,0,1,1.0,0.0,0.00017069898500799774,-0.001721080353713423,nan,0.00017069898500799774,-0.001721080353713423,nan,0.562280047906415,0.562280047906415,0.0,0.0,0.0,nan,0
580,0.5430000000000004,0.45,,scientific,0,1,0.18645161290322582,1.0,0.0,-0.0003736893722760383,-0.0006481289666510884,nan,-0.0003736893722760383,-0.0006481289666510884,nan,0.5637476727805081,0.5637476727805081,0.0,0.0,0.0,nan,0,1,1.0,0.0,-0.0003081028055313645,-0.0004182282054784319,nan,-0.0003081028055313645,-0.0004182282054784319,nan,0.6190092368989064,0.6190092368989064,0.0,0.0,0.0,nan,0,1,1.0,0.0,-0.0003736893722760383,-0.0006481289666510884,nan,-0.0003736893722760383,-0.0006481289666510884,nan,0.5637476727805081,0.5637476727805081,0.0,0.0,0.0,nan,0
581,0.5440000000000004,0.45,,scientific,0,1,0.18645161290322582,1.0,0.0,-0.0003749179901427518,-0.000648007640013841,nan,-0.0003749179901427518,-0.000648007640013841,nan,0.5636119170204129,0.5636119170204129,0.0,0.0,0.0,nan,0,1,1.0,0.0,-0.0003081028055313645,-0.0004182282054784319,nan,-0.0003081028055313645,-0.0004182282054784319,nan,0.6190092368989064,0.6190092368989064,0.0,0.0,0.0,nan,0,1,1.0,0.0,-0.0003749179901427518,-0.000648007640013841,nan,-0.0003749179901427518,-0.000648007640013841,nan,0.5636119170204129,0.5636119170204129,0.0,0.0,0.0,nan,0
582,0.5450000000000004,0.45,,scientific,0,1,0.1870967741935484,1.0,0.0,-0.00037614541783647195,-0.0006478867672095976,nan,-0.00037614541783647195,-0.0006478867672095976,nan,0.5634759322727078,0.5634759322727078,0.0,0.0,0.0,nan,0,1,1.0,0.0,-0.0003081028055313645,-0.0004182282054784319,nan,-0.0003081028055313645,-0.0004182282054784319,nan,0.6190092368989064,0.6190092368989064,0.0,0.0,0.0,nan,0,1,1.0,0.0,-0.00037614541783647195,-0.0006478867672095976,nan,-0.00037614541783647195,-0.0006478867672095976,nan,0.5634759322727078,0.5634759322727078,0.0,0.0,0.0,nan,0
583,0.5460000000000004,0.45,,scientific,0,1,0.1870967741935484,1.0,0.0,-0.0003773714654967567,-0.0006477664515915997,nan,-0.0003773714654967567,-0.0006477664515915997,nan,0.5633397192986844,0.5633397192986844,0.0,0.0,0.0,nan,0,1,1.0,0.0,-0.0003081028055313645,-0.0004182282054784319,nan,-0.0003081028055313645,-0.0004182282054784319,nan,0.6190092368989064,0.6190092368989064,0.0,0.0,0.0,nan,0,1,1.0,0.0,-0.0003773714654967567,-0.0006477664515915997,nan,-0.0003773714654967567,-0.0006477664515915997,nan,0.5633397192986844,0.5633397192986844,0.0,0.0,0.0,nan,0
584,0.5470000000000004,0.45,,scientific,0,1,0.1870967741935484,1.0,0.0,-0.00037859594204377335,-0.0006476467971015492,nan,-0.00037859594204377335,-0.0006476467971015492,nan,0.5632032788554973,0.5632032788554973,0.0,0.0,0.0,nan,0,1,1.0,0.0,-0.0003081028055313645,-0.0004182282054784319,nan,-0.0003081028055313645,-0.0004182282054784319,nan,0.6190092368989064,0.6190092368989064,0.0,0.0,0.0,nan,0,1,1.0,0.0,-0.00037859594204377335,-0.0006476467971015492,nan,-0.00037859594204377335,-0.0006476467971015492,nan,0.5632032788554973,0.5632032788554973,0.0,0.0,0.0,nan,0
585,0.5480000000000004,0.45,,scientific,0,1,0.1870967741935484,1.0,0.0,-0.00037981865510728686,-0.0006475279085271112,nan,-0.00037981865510728686,-0.0006475279085271112,nan,0.5630666116985029,0.5630666116985029,0.0,0.0,0.0,nan,0,1,1.0,0.0,-0.0003081028055313645,-0.0004182282054784319,nan,-0.0003081028055313645,-0.0004182282054784319,nan,0.6190092368989064,0.6190092368989064,0.0,0.0,0.0,nan,0,1,1.0,0.0,-0.00037981865510728686,-0.0006475279085271112,nan,-0.00037981865510728686,-0.0006475279085271112,nan,0.5630666116985029,0.5630666116985029,0.0,0.0,0.0,nan,0
586,0.5490000000000004,0.45,,scientific,0,1,0.18774193548387097,1.0,0.0,-0.00038103941059126477,-0.0006474098909457604,nan,-0.00038103941059126477,-0.0006474098909457604,nan,0.5629297185812061,0.5629297185812061,0.0,0.0,0.0,nan,0,1,1.0,0.0,-0.0003081028055313645,-0.0004182282054784319,nan,-0.0003081028055313645,-0.0004182282054784319,nan,0.6190092368989064,0.6190092368989064,0.0,0.0,0.0,nan,0,1,1.0,0.0,-0.00038103941059126477,-0.0006474098909457604,nan,-0.00038103941059126477,-0.0006474098909457604,nan,0.5629297185812061,0.5629297185812061,0.0,0.0,0.0,nan,0
587,0.5500000000000004,0.45,,scientific,0,1,0.18774193548387097,1.0,0.0,-0.0003822580138799273,-0.0006472928502364452,nan,-0.0003822580138799273,-0.0006472928502364452,nan,0.5627926002585596,0.5627926002585596,0.0,0.0,0.0,nan,0,1,1.0,0.0,-0.0003081028055313645,-0.0004182282054784319,nan,-0.0003081028055313645,-0.0004182282054784319,nan,0.6190092368989064,0.6190092368989064,0.0,0.0,0.0,nan,0,1,1.0,0.0,-0.0003822580138799273,-0.0006472928502364452,nan,-0.0003822580138799273,-0.0006472928502364452,nan,0.5627926002585596,0.5627926002585596,0.0,0.0,0.0,nan,0
588,0.5510000000000004,0.45,,scientific,0,1,0.18774193548387097,1.0,0.0,-0.0003834742696802079,-0.0006471768926781513,nan,-0.0003834742696802079,-0.0006471768926781513,nan,0.5626552574907714,0.5626552574907714,0.0,0.0,0.0,nan,0,1,1.0,0.0,-0.0003081028055313645,-0.0004182282054784319,nan,-0.0003081028055313645,-0.0004182282054784319,nan,0.6190092368989064,0.6190092368989064,0.0,0.0,0.0,nan,0,1,1.0,0.0,-0.0003834742696802079,-0.0006471768926781513,nan,-0.0003834742696802079,-0.0006471768926781513,nan,0.5626552574907714,0.5626552574907714,0.0,0.0,0.0,nan,0
589,0.5520000000000004,0.45,,scientific,0,1,0.18774193548387097,1.0,0.0,-0.0003846879821052415,-0.000647062125220278,nan,-0.0003846879821052415,-0.000647062125220278,nan,0.5625176910418389,0.5625176910418389,0.0,0.0,0.0,nan,0,1,1.0,0.0,-0.0003081028055313645,-0.0004182282054784319,nan,-0.0003081028055313645,-0.0004182282054784319,nan,0.6190092368989064,0.6190092368989064,0.0,0.0,0.0,nan,0,1,1.0,0.0,-0.0003846879821052415,-0.000647062125220278,nan,-0.0003846879821052415,-0.000647062125220278,nan,0.5625176910418389,0.5625176910418389,0.0,0.0,0.0,nan,0
590,0.5530000000000004,0.45,,scientific,0,1,0.18838709677419355,1.0,0.0,-0.00038589895407284403,-0.0006469486551618651,nan,-0.00038589895407284403,-0.0006469486551618651,nan,0.5623799016748905,0.5623799016748905,0.0,0.0,0.0,nan,0,1,1.0,0.0,-0.0003081028055313645,-0.0004182282054784319,nan,-0.0003081028055313645,-0.0004182282054784319,nan,0.6190092368989064,0.6190092368989064,0.0,0.0,0.0,nan,0,1,1.0,0.0,-0.00038589895407284403,-0.0006469486551618651,nan,-0.00038589895407284403,-0.0006469486551618651,nan,0.5623799016748905,0.5623799016748905,0.0,0.0,0.0,nan,0
591,0.5540000000000004,0.45,,scientific,0,1,0.18838709677419355,1.0,0.0,-0.0003871069877144083,-0.000646836590185027,nan,-0.0003871069877144083,-0.000646836590185027,nan,0.562241890144261,0.562241890144261,0.0,0.0,0.0,nan,0,1,1.0,0.0,-0.0003081028055313645,-0.0004182282054784319,nan,-0.0003081028055313645,-0.0004182282054784319,nan,0.6190092368989064,0.6190092368989064,0.0,0.0,0.0,nan,0,1,1.0,0.0,-0.0003871069877144083,-0.000646836590185027,nan,-0.0003871069877144083,-0.000646836590185027,nan,0.562241890144261,0.562241890144261,0.0,0.0,0.0,nan,0
592,0.5550000000000004,0.45,,scientific,0,1,0.18903225806451612,1.0,0.0,-0.0003883118847622777,-0.0006467260386138181,nan,-0.0003883118847622777,-0.0006467260386138181,nan,0.562103657212994,0.562103657212994,0.0,0.0,0.0,nan,0,1,1.0,0.0,-0.0003081028055313645,-0.0004182282054784319,nan,-0.0003081028055313645,-0.0004182282054784319,nan,0.6190092368989064,0.6190092368989064,0.0,0.0,0.0,nan,0,1,1.0,0.0,-0.0003883118847622777,-0.0006467260386138181,nan,-0.0003883118847622777,-0.0006467260386138181,nan,0.562103657212994,0.562103657212994,0.0,0.0,0.0,nan,0
593,0.5560000000000004,0.45,,scientific,0,1,0.1896774193548387,1.0,0.0,-0.000389513446007806,-0.0006466171087032688,nan,-0.000389513446007806,-0.0006466171087032688,nan,0.5619652036494281,0.5619652036494281,0.0,0.0,0.0,nan,0,1,1.0,0.0,-0.0003081028055313645,-0.0004182282054784319,nan,-0.0003081028055313645,-0.0004182282054784319,nan,0.6190092368989064,0.6190092368989064,0.0,0.0,0.0,nan,0,1,1.0,0.0,-0.000389513446007806,-0.0006466171087032688,nan,-0.000389513446007806,-0.0006466171087032688,nan,0.5619652036494281,0.5619652036494281,0.0,0.0,0.0,nan,0
594,0.5570000000000004,0.45,,scientific,0,1,0.1896774193548387,1.0,0.0,-0.0003907114714543487,-0.0006465099090363019,nan,-0.0003907114714543487,-0.0006465099090363019,nan,0.561826530223967,0.561826530223967,0.0,0.0,0.0,nan,0,1,1.0,0.0,-0.0003081028055313645,-0.0004182282054784319,nan,-0.0003081028055313645,-0.0004182282054784319,nan,0.6190092368989064,0.6190092368989064,0.0,0.0,0.0,nan,0,1,1.0,0.0,-0.0003907114714543487,-0.0006465099090363019,nan,-0.0003907114714543487,-0.0006465099090363019,nan,0.561826530223967,0.561826530223967,0.0,0.0,0.0,nan,0
595,0.5580000000000004,0.45,,scientific,0,1,0.1896774193548387,1.0,0.0,-0.0003919057608123325,-0.0006464045488600149,nan,-0.0003919057608123325,-0.0006464045488600149,nan,0.5616876377019372,0.5616876377019372,0.0,0.0,0.0,nan,0,1,1.0,0.0,-0.0003081028055313645,-0.0004182282054784319,nan,-0.0003081028055313645,-0.0004182282054784319,nan,0.6190092368989064,0.6190092368989064,0.0,0.0,0.0,nan,0,1,1.0,0.0,-0.0003919057608123325,-0.0006464045488600149,nan,-0.0003919057608123325,-0.0006464045488600149,nan,0.5616876377019372,0.5616876377019372,0.0,0.0,0.0,nan,0
596,0.5590000000000004,0.45,,scientific,0,1,0.1896774193548387,1.0,0.0,-0.0003930961132542235,-0.0006463011385048098,nan,-0.0003930961132542235,-0.0006463011385048098,nan,0.5615485268527085,0.5615485268527085,0.0,0.0,0.0,nan,0,1,1.0,0.0,-0.0003081028055313645,-0.0004182282054784319,nan,-0.0003081028055313645,-0.0004182282054784319,nan,0.6190092368989064,0.6190092368989064,0.0,0.0,0.0,nan,0,1,1.0,0.0,-0.0003930961132542235,-0.0006463011385048098,nan,-0.0003930961132542235,-0.0006463011385048098,nan,0.5615485268527085,0.5615485268527085,0.0,0.0,0.0,nan,0
597,0.5600000000000004,0.45,,scientific,0,1,0.1896774193548387,1.0,0.0,0.0007721945960940796,-0.00027973354459441205,nan,0.0007721945960940796,-0.00027973354459441205,nan,0.5630371975907154,0.5630371975907154,0.0,0.0,0.0,nan,0,1,1.0,0.0,0.00042773483372297676,-0.00018799322484745347,nan,0.00042773483372297676,-0.00018799322484745347,nan,0.6200857747022249,0.6200857747022249,0.0,0.0,0.0,nan,0,1,1.0,0.0,0.0007721945960940796,-0.00027973354459441205,nan,0.0007721945960940796,-0.00027973354459441205,nan,0.5630371975907154,0.5630371975907154,0.0,0.0,0.0,nan,0
598,0.5610000000000004,0.45,,scientific,0,1,0.1896774193548387,1.0,0.0,0.0005045269158041883,0.0008265816696992386,nan,0.0005045269158041883,0.0008265816696992386,nan,0.5644148148453736,0.5644148148453736,0.0,0.0,0.0,nan,0,1,1.0,0.0,0.0002469950859709874,0.0005608178809039174,nan,0.0002469950859709874,0.0005608178809039174,nan,0.6211623125055435,0.6211623125055435,0.0,0.0,0.0,nan,0,1,1.0,0.0,0.0005045269158041883,0.0008265816696992386,nan,0.0005045269158041883,0.0008265816696992386,nan,0.5644148148453736,0.5644148148453736,0.0,0.0,0.0,nan,0
599,0.5620000000000004,0.45,,scientific,0,1,0.1896774193548387,1.0,0.0,-0.0006735454620556482,0.0005432244955958305,nan,-0.0006735454620556482,0.0005432244955958305,nan,0.5658978586952188,0.5658978586952188,0.0,0.0,0.0,nan,0,1,1.0,0.0,-0.0004999291554423834,0.00038129612184141043,nan,-0.0004999291554423834,0.00038129612184141043,nan,0.6222388503088622,0.6222388503088622,0.0,0.0,0.0,nan,0,1,1.0,0.0,-0.0006735454620556482,0.0005432244955958305,nan,-0.0006735454620556482,0.0005432244955958305,nan,0.5658978586952188,0.5658978586952188,0.0,0.0,0.0,nan,0
600,0.5630000000000004,0.45,,scientific,0,1,0.1896774193548387,1.0,0.0,-0.0006748933322835808,0.0005440884845619773,nan,-0.0006748933322835808,0.0005440884845619773,nan,0.5657604534358913,0.5657604534358913,0.0,0.0,0.0,nan,0,1,1.0,0.0,-0.0004999291554423834,0.00038129612184141043,nan,-0.0004999291554423834,0.00038129612184141043,nan,0.6222388503088622,0.6222388503088622,0.0,0.0,0.0,nan,0,1,1.0,0.0,-0.0006748933322835808,0.0005440884845619773,nan,-0.0006748933322835808,0.0005440884845619773,nan,0.5657604534358913,0.5657604534358913,0.0,0.0,0.0,nan,0
601,0.5640000000000004,0.45,,scientific,0,1,0.1896774193548387,1.0,0.0,-0.0006762363142921249,0.0005449495879058395,nan,-0.0006762363142921249,0.0005449495879058395,nan,0.5656228285289207,0.5656228285289207,0.0,0.0,0.0,nan,0,1,1.0,0.0,-0.0004999291554423834,0.00038129612184141043,nan,-0.0004999291554423834,0.00038129612184141043,nan,0.6222388503088622,0.6222388503088622,0.0,0.0,0.0,nan,0,1,1.0,0.0,-0.0006762363142921249,0.0005449495879058395,nan,-0.0006762363142921249,0.0005449495879058395,nan,0.5656228285289207,0.5656228285289207,0.0,0.0,0.0,nan,0
602,0.5650000000000004,0.45,,scientific,0,1,0.1896774193548387,1.0,0.0,-0.0006775742029757818,0.0005458076886482949,nan,-0.0006775742029757818,0.0005458076886482949,nan,0.5654849847121098,0.5654849847121098,0.0,0.0,0.0,nan,0,1,1.0,0.0,-0.0004999291554423834,0.00038129612184141043,nan,-0.0004999291554423834,0.00038129612184141043,nan,0.6222388503088622,0.6222388503088622,0.0,0.0,0.0,nan,0,1,1.0,0.0,-0.0006775742029757818,0.0005458076886482949,nan,-0.0006775742029757818,0.0005458076886482949,nan,0.5654849847121098,0.5654849847121098,0.0,0.0,0.0,nan,0
603,0.5660000000000004,0.45,,scientific,0,1,0.1896774193548387,1.0,0.0,-0.0006789067927461043,0.0005466626696329193,nan,-0.0006789067927461043,0.0005466626696329193,nan,0.5653469227279835,0.5653469227279835,0.0,0.0,0.0,nan,0,1,1.0,0.0,-0.0004999291554423834,0.00038129612184141043,nan,-0.0004999291554423834,0.00038129612184141043,nan,0.6222388503088622,0.6222388503088622,0.0,0.0,0.0,nan,0,1,1.0,0.0,-0.0006789067927461043,0.0005466626696329193,nan,-0.0006789067927461043,0.0005466626696329193,nan,0.5653469227279835,0.5653469227279835,0.0,0.0,0.0,nan,0
604,0.5670000000000004,0.45,,scientific,0,1,0.1896774193548387,1.0,0.0,-0.0006802338772094956,0.0005475144134496284,nan,-0.0006802338772094956,0.0005475144134496284,nan,0.5652086433218447,0.5652086433218447,0.0,0.0,0.0,nan,0,1,1.0,0.0,-0.0004999291554423834,0.00038129612184141043,nan,-0.0004999291554423834,0.00038129612184141043,nan,0.6222388503088622,0.6222388503088622,0.0,0.0,0.0,nan,0,1,1.0,0.0,-0.0006802338772094956,0.0005475144134496284,nan,-0.0006802338772094956,0.0005475144134496284,nan,0.5652086433218447,0.5652086433218447,0.0,0.0,0.0,nan,0
605,0.5680000000000004,0.45,,scientific,0,1,0.1896774193548387,1.0,0.0,-0.0006815552497733329,0.0005483628021801512,nan,-0.0006815552497733329,0.0005483628021801512,nan,0.565070147240464,0.565070147240464,0.0,0.0,0.0,nan,0,1,1.0,0.0,-0.0004999291554423834,0.00038129612184141043,nan,-0.0004999291554423834,0.00038129612184141043,nan,0.6222388503088622,0.6222388503088622,0.0,0.0,0.0,nan,0,1,1.0,0.0,-0.0006815552497733329,0.0005483628021801512,nan,-0.0006815552497733329,0.0005483628021801512,nan,0.565070147240464,0.565070147240464,0.0,0.0,0.0,nan,0
606,0.5690000000000004,0.45,,scientific,0,1,0.1896774193548387,1.0,0.0,-0.0006828707033857444,0.0005492077175792903,nan,-0.0006828707033857444,0.0005492077175792903,nan,0.5649314352295565,0.5649314352295565,0.0,0.0,0.0,nan,0,1,1.0,0.0,-0.0004999291554423834,0.00038129612184141043,nan,-0.0004999291554423834,0.00038129612184141043,nan,0.6222388503088622,0.6222388503088622,0.0,0.0,0.0,nan,0,1,1.0,0.0,-0.0006828707033857444,0.0005492077175792903,nan,-0.0006828707033857444,0.0005492077175792903,nan,0.5649314352295565,0.5649314352295565,0.0,0.0,0.0,nan,0
607,0.5700000000000004,0.45,,scientific,0,1,0.1896774193548387,1.0,0.0,-0.0006841800303224069,0.0005500490407996434,nan,-0.0006841800303224069,0.0005500490407996434,nan,0.5647925080378196,0.5647925080378196,0.0,0.0,0.0,nan,0,1,1.0,0.0,-0.0004999291554423834,0.00038129612184141043,nan,-0.0004999291554423834,0.00038129612184141043,nan,0.6222388503088622,0.6222388503088622,0.0,0.0,0.0,nan,0,1,1.0,0.0,-0.0006841800303224069,0.0005500490407996434,nan,-0.0006841800303224069,0.0005500490407996434,nan,0.5647925080378196,0.5647925080378196,0.0,0.0,0.0,nan,0
608,0.5710000000000004,0.45,,scientific,0,1,0.1896774193548387,1.0,0.0,-0.0006854830222906189,0.0005508866525394912,nan,-0.0006854830222906189,0.0005508866525394912,nan,0.5646533664163507,0.5646533664163507,0.0,0.0,0.0,nan,0,1,1.0,0.0,-0.0004999291554423834,0.00038129612184141043,nan,-0.0004999291554423834,0.00038129612184141043,nan,0.6222388503088622,0.6222388503088622,0.0,0.0,0.0,nan,0,1,1.0,0.0,-0.0006854830222906189,0.0005508866525394912,nan,-0.0006854830222906189,0.0005508866525394912,nan,0.5646533664163507,0.5646533664163507,0.0,0.0,0.0,nan,0
609,0.5720000000000004,0.45,,scientific,0,1,0.1896774193548387,1.0,0.0,-0.0006867794705905769,0.000551720433252022,nan,-0.0006867794705905769,0.000551720433252022,nan,0.5645140111143101,0.5645140111143101,0.0,0.0,0.0,nan,0,1,1.0,0.0,-0.0004999291554423834,0.00038129612184141043,nan,-0.0004999291554423834,0.00038129612184141043,nan,0.6222388503088622,0.6222388503088622,0.0,0.0,0.0,nan,0,1,1.0,0.0,-0.0006867794705905769,0.000551720433252022,nan,-0.0006867794705905769,0.000551720433252022,nan,0.5645140111143101,0.5645140111143101,0.0,0.0,0.0,nan,0
610,0.5730000000000004,0.45,,scientific,0,1,0.1896774193548387,1.0,0.0,-0.0006880691660730116,0.000552550263505239,nan,-0.0006880691660730116,0.000552550263505239,nan,0.5643744428832682,0.5643744428832682,0.0,0.0,0.0,nan,0,1,1.0,0.0,-0.0004999291554423834,0.00038129612184141043,nan,-0.0004999291554423834,0.00038129612184141043,nan,0.6222388503088622,0.6222388503088622,0.0,0.0,0.0,nan,0,1,1.0,0.0,-0.0006880691660730116,0.000552550263505239,nan,-0.0006880691660730116,0.000552550263505239,nan,0.5643744428832682,0.5643744428832682,0.0,0.0,0.0,nan,0
611,0.5740000000000004,0.45,,scientific,0,1,0.1896774193548387,1.0,0.0,-0.0006893518990987752,0.0005533760239490074,nan,-0.0006893518990987752,0.0005533760239490074,nan,0.5642346624760066,0.5642346624760066,0.0,0.0,0.0,nan,0,1,1.0,0.0,-0.0004999291554423834,0.00038129612184141043,nan,-0.0004999291554423834,0.00038129612184141043,nan,0.6222388503088622,0.6222388503088622,0.0,0.0,0.0,nan,0,1,1.0,0.0,-0.0006893518990987752,0.0005533760239490074,nan,-0.0006893518990987752,0.0005533760239490074,nan,0.5642346624760066,0.5642346624760066,0.0,0.0,0.0,nan,0
612,0.5750000000000004,0.45,,scientific,0,1,0.1896774193548387,1.0,0.0,-0.0006906274598400371,0.000554197595103,nan,-0.0006906274598400371,0.000554197595103,nan,0.5640946706512027,0.5640946706512027,0.0,0.0,0.0,nan,0,1,1.0,0.0,-0.0004999291554423834,0.00038129612184141043,nan,-0.0004999291554423834,0.00038129612184141043,nan,0.6222388503088622,0.6222388503088622,0.0,0.0,0.0,nan,0,1,1.0,0.0,-0.0006906274598400371,0.000554197595103,nan,-0.0006906274598400371,0.000554197595103,nan,0.5640946706512027,0.5640946706512027,0.0,0.0,0.0,nan,0
613,0.5760000000000004,0.45,,scientific,0,1,0.19032258064516128,1.0,0.0,-0.0006918956382224023,0.0005550148573232214,nan,-0.0006918956382224023,0.0005550148573232214,nan,0.5639544681695257,0.5639544681695257,0.0,0.0,0.0,nan,0,1,1.0,0.0,-0.0004999291554423834,0.00038129612184141043,nan,-0.0004999291554423834,0.00038129612184141043,nan,0.6222388503088622,0.6222388503088622,0.0,0.0,0.0,nan,0,1,1.0,0.0,-0.0006918956382224023,0.0005550148573232214,nan,-0.0006918956382224023,0.0005550148573232214,nan,0.5639544681695257,0.5639544681695257,0.0,0.0,0.0,nan,0
614,0.5770000000000004,0.45,,scientific,0,1,0.19096774193548388,1.0,0.0,-0.000693156224019782,0.000555827690929113,nan,-0.000693156224019782,0.000555827690929113,nan,0.5638140557896905,0.5638140557896905,0.0,0.0,0.0,nan,0,1,1.0,0.0,-0.0004999291554423834,0.00038129612184141043,nan,-0.0004999291554423834,0.00038129612184141043,nan,0.6222388503088622,0.6222388503088622,0.0,0.0,0.0,nan,0,1,1.0,0.0,-0.000693156224019782,0.000555827690929113,nan,-0.000693156224019782,0.000555827690929113,nan,0.5638140557896905,0.5638140557896905,0.0,0.0,0.0,nan,0
615,0.5780000000000004,0.45,,scientific,0,1,0.19096774193548388,1.0,0.0,-0.0006944090070833977,0.0005566359761174653,nan,-0.0006944090070833977,0.0005566359761174653,nan,0.5636734342727434,0.5636734342727434,0.0,0.0,0.0,nan,0,1,1.0,0.0,-0.0004999291554423834,0.00038129612184141043,nan,-0.0004999291554423834,0.00038129612184141043,nan,0.6222388503088622,0.6222388503088622,0.0,0.0,0.0,nan,0,1,1.0,0.0,-0.0006944090070833977,0.0005566359761174653,nan,-0.0006944090070833977,0.0005566359761174653,nan,0.5636734342727434,0.5636734342727434,0.0,0.0,0.0,nan,0
616,0.5790000000000004,0.45,,scientific,0,1,0.19096774193548388,1.0,0.0,-0.00021915435296850612,-0.0005812469170058703,nan,-0.00021915435296850612,-0.0005812469170058703,nan,0.565177621445965,0.565177621445965,0.0,0.0,0.0,nan,0,1,1.0,0.0,-0.00020252873110886626,-0.00032844431735383944,nan,-0.00020252873110886626,-0.00032844431735383944,nan,0.6233153881121808,0.6233153881121808,0.0,0.0,0.0,nan,0,1,1.0,0.0,-0.00021915435296850612,-0.0005812469170058703,nan,-0.00021915435296850612,-0.0005812469170058703,nan,0.565177621445965,0.565177621445965,0.0,0.0,0.0,nan,0
617,0.5800000000000004,0.45,,scientific,0,1,0.19096774193548388,1.0,0.0,-0.00022007419299002417,-0.0005812049056696884,nan,-0.00022007419299002417,-0.0005812049056696884,nan,0.5650374625244068,0.5650374625244068,0.0,0.0,0.0,nan,0,1,1.0,0.0,-0.00020252873110886626,-0.00032844431735383944,nan,-0.00020252873110886626,-0.00032844431735383944,nan,0.6233153881121808,0.6233153881121808,0.0,0.0,0.0,nan,0,1,1.0,0.0,-0.00022007419299002417,-0.0005812049056696884,nan,-0.00022007419299002417,-0.0005812049056696884,nan,0.5650374625244068,0.5650374625244068,0.0,0.0,0.0,nan,0
618,0.5810000000000004,0.45,,scientific,0,1,0.19096774193548388,1.0,0.0,-0.00022098606395405952,-0.0005811667121902222,nan,-0.00022098606395405952,-0.0005811667121902222,nan,0.564897094446386,0.564897094446386,0.0,0.0,0.0,nan,0,1,1.0,0.0,-0.00020252873110886626,-0.00032844431735383944,nan,-0.00020252873110886626,-0.00032844431735383944,nan,0.6233153881121808,0.6233153881121808,0.0,0.0,0.0,nan,0,1,1.0,0.0,-0.00022098606395405952,-0.0005811667121902222,nan,-0.00022098606395405952,-0.0005811667121902222,nan,0.564897094446386,0.564897094446386,0.0,0.0,0.0,nan,0
619,0.5820000000000004,0.45,,scientific,0,1,0.19096774193548388,1.0,0.0,-0.0002218897587292765,-0.0005811324468936449,nan,-0.0002218897587292765,-0.0005811324468936449,nan,0.5647565179583842,0.5647565179583842,0.0,0.0,0.0,nan,0,1,1.0,0.0,-0.00020252873110886626,-0.00032844431735383944,nan,-0.00020252873110886626,-0.00032844431735383944,nan,0.6233153881121808,0.6233153881121808,0.0,0.0,0.0,nan,0,1,1.0,0.0,-0.0002218897587292765,-0.0005811324468936449,nan,-0.0002218897587292765,-0.0005811324468936449,nan,0.5647565179583842,0.5647565179583842,0.0,0.0,0.0,nan,0
620,0.5830000000000004,0.45,,scientific,0,1,0.19096774193548388,1.0,0.0,-0.00022278507028943657,-0.0005811022200196527,nan,-0.00022278507028943657,-0.0005811022200196527,nan,0.564615733805053,0.564615733805053,0.0,0.0,0.0,nan,0,1,1.0,0.0,-0.00020252873110886626,-0.00032844431735383944,nan,-0.00020252873110886626,-0.00032844431735383944,nan,0.6233153881121808,0.6233153881121808,0.0,0.0,0.0,nan,0,1,1.0,0.0,-0.00022278507028943657,-0.0005811022200196527,nan,-0.00022278507028943657,-0.0005811022200196527,nan,0.564615733805053,0.564615733805053,0.0,0.0,0.0,nan,0
621,0.5840000000000004,0.45,,scientific,0,1,0.19161290322580646,1.0,0.0,-0.0002236717915580302,-0.0005810761422560967,nan,-0.0002236717915580302,-0.0005810761422560967,nan,0.564474742730317,0.564474742730317,0.0,0.0,0.0,nan,0,1,1.0,0.0,-0.00020252873110886626,-0.00032844431735383944,nan,-0.00020252873110886626,-0.00032844431735383944,nan,0.6233153881121808,0.6233153881121808,0.0,0.0,0.0,nan,0,1,1.0,0.0,-0.0002236717915580302,-0.0005810761422560967,nan,-0.0002236717915580302,-0.0005810761422560967,nan,0.564474742730317,0.564474742730317,0.0,0.0,0.0,nan,0
622,0.5850000000000004,0.45,,scientific,0,1,0.19161290322580646,1.0,0.0,-0.0012483340479090427,-0.0010989015899971362,nan,-0.0012483340479090427,-0.0010989015899971362,nan,0.5658655699090817,0.5658655699090817,0.0,0.0,0.0,nan,0,1,1.0,0.0,-0.0008878205849672299,-0.0006750138624702076,nan,-0.0008878205849672299,-0.0006750138624702076,nan,0.6243919259154994,0.6243919259154994,0.0,0.0,0.0,nan,0,1,1.0,0.0,-0.0012483340479090427,-0.0010989015899971362,nan,-0.0012483340479090427,-0.0010989015899971362,nan,0.5658655699090817,0.5658655699090817,0.0,0.0,0.0,nan,0
623,0.5860000000000004,0.45,,scientific,0,1,0.19161290322580646,1.0,0.0,-0.001249855640918749,-0.0010992195807888049,nan,-0.001249855640918749,-0.0010992195807888049,nan,0.5657249534769903,0.5657249534769903,0.0,0.0,0.0,nan,0,1,1.0,0.0,-0.0008878205849672299,-0.0006750138624702076,nan,-0.0008878205849672299,-0.0006750138624702076,nan,0.6243919259154994,0.6243919259154994,0.0,0.0,0.0,nan,0,1,1.0,0.0,-0.001249855640918749,-0.0010992195807888049,nan,-0.001249855640918749,-0.0010992195807888049,nan,0.5657249534769903,0.5657249534769903,0.0,0.0,0.0,nan,0
624,0.5870000000000004,0.45,,scientific,0,1,0.19161290322580646,1.0,0.0,-0.001251367745014833,-0.001099541909467109,nan,-0.001251367745014833,-0.001099541909467109,nan,0.5655841313962454,0.5655841313962454,0.0,0.0,0.0,nan,0,1,1.0,0.0,-0.0008878205849672299,-0.0006750138624702076,nan,-0.0008878205849672299,-0.0006750138624702076,nan,0.6243919259154994,0.6243919259154994,0.0,0.0,0.0,nan,0,1,1.0,0.0,-0.001251367745014833,-0.001099541909467109,nan,-0.001251367745014833,-0.001099541909467109,nan,0.5655841313962454,0.5655841313962454,0.0,0.0,0.0,nan,0
625,0.5880000000000004,0.45,,scientific,0,1,0.19161290322580646,1.0,0.0,-0.001252870148608601,-0.0010998686835335188,nan,-0.001252870148608601,-0.0010998686835335188,nan,0.5654431044139768,0.5654431044139768,0.0,0.0,0.0,nan,0,1,1.0,0.0,-0.0008878205849672299,-0.0006750138624702076,nan,-0.0008878205849672299,-0.0006750138624702076,nan,0.6243919259154994,0.6243919259154994,0.0,0.0,0.0,nan,0,1,1.0,0.0,-0.001252870148608601,-0.0010998686835335188,nan,-0.001252870148608601,-0.0010998686835335188,nan,0.5654431044139768,0.5654431044139768,0.0,0.0,0.0,nan,0
626,0.5890000000000004,0.45,,scientific,0,1,0.19161290322580646,1.0,0.0,-0.0012543626396290266,-0.0011002000107529846,nan,-0.0012543626396290266,-0.0011002000107529846,nan,0.5653018732782051,0.5653018732782051,0.0,0.0,0.0,nan,0,1,1.0,0.0,-0.0008878205849672299,-0.0006750138624702076,nan,-0.0008878205849672299,-0.0006750138624702076,nan,0.6243919259154994,0.6243919259154994,0.0,0.0,0.0,nan,0,1,1.0,0.0,-0.0012543626396290266,-0.0011002000107529846,nan,-0.0012543626396290266,-0.0011002000107529846,nan,0.5653018732782051,0.5653018732782051,0.0,0.0,0.0,nan,0
627,0.5900000000000004,0.45,,scientific,0,1,0.19161290322580646,1.0,0.0,-0.0012558450061530607,-0.001100535998549076,nan,-0.0012558450061530607,-0.001100535998549076,nan,0.5651604387437881,0.5651604387437881,0.0,0.0,0.0,nan,0,1,1.0,0.0,-0.0008878205849672299,-0.0006750138624702076,nan,-0.0008878205849672299,-0.0006750138624702076,nan,0.6243919259154994,0.6243919259154994,0.0,0.0,0.0,nan,0,1,1.0,0.0,-0.0012558450061530607,-0.001100535998549076,nan,-0.0012558450061530607,-0.001100535998549076,nan,0.5651604387437881,0.5651604387437881,0.0,0.0,0.0,nan,0
628,0.5910000000000004,0.45,,scientific,0,1,0.19161290322580646,1.0,0.0,-0.0012573170363087795,-0.0011008767541686442,nan,-0.0012573170363087795,-0.0011008767541686442,nan,0.5650188015690321,0.5650188015690321,0.0,0.0,0.0,nan,0,1,1.0,0.0,-0.0008878205849672299,-0.0006750138624702076,nan,-0.0008878205849672299,-0.0006750138624702076,nan,0.6243919259154994,0.6243919259154994,0.0,0.0,0.0,nan,0,1,1.0,0.0,-0.0012573170363087795,-0.0011008767541686442,nan,-0.0012573170363087795,-0.0011008767541686442,nan,0.5650188015690321,0.5650188015690321,0.0,0.0,0.0,nan,0
629,0.5920000000000004,0.45,,scientific,0,1,0.19161290322580646,1.0,0.0,-0.0012587785184541298,-0.0011012223845785986,nan,-0.0012587785184541298,-0.0011012223845785986,nan,0.5648769625115919,0.5648769625115919,0.0,0.0,0.0,nan,0,1,1.0,0.0,-0.0008878205849672299,-0.0006750138624702076,nan,-0.0008878205849672299,-0.0006750138624702076,nan,0.6243919259154994,0.6243919259154994,0.0,0.0,0.0,nan,0,1,1.0,0.0,-0.0012587785184541298,-0.0011012223845785986,nan,-0.0012587785184541298,-0.0011012223845785986,nan,0.5648769625115919,0.5648769625115919,0.0,0.0,0.0,nan,0
630,0.5930000000000004,0.45,,scientific,0,1,0.19161290322580646,1.0,0.0,-0.0012602292406494002,-0.0011015729966954342,nan,-0.0012602292406494002,-0.0011015729966954342,nan,0.5647349223279738,0.5647349223279738,0.0,0.0,0.0,nan,0,1,1.0,0.0,-0.0008878205849672299,-0.0006750138624702076,nan,-0.0008878205849672299,-0.0006750138624702076,nan,0.6243919259154994,0.6243919259154994,0.0,0.0,0.0,nan,0,1,1.0,0.0,-0.0012602292406494002,-0.0011015729966954342,nan,-0.0012602292406494002,-0.0011015729966954342,nan,0.5647349223279738,0.5647349223279738,0.0,0.0,0.0,nan,0
631,0.5940000000000004,0.45,,scientific,0,1,0.19161290322580646,1.0,0.0,-0.001261668990970411,-0.0011019286973629856,nan,-0.001261668990970411,-0.0011019286973629856,nan,0.5645926817779724,0.5645926817779724,0.0,0.0,0.0,nan,0,1,1.0,0.0,-0.0008878205849672299,-0.0006750138624702076,nan,-0.0008878205849672299,-0.0006750138624702076,nan,0.6243919259154994,0.6243919259154994,0.0,0.0,0.0,nan,0,1,1.0,0.0,-0.001261668990970411,-0.0011019286973629856,nan,-0.001261668990970411,-0.0011019286973629856,nan,0.5645926817779724,0.5645926817779724,0.0,0.0,0.0,nan,0
632,0.5950000000000004,0.45,,scientific,0,1,0.19161290322580646,1.0,0.0,-0.0012630975577553928,-0.001102289592865977,nan,-0.0012630975577553928,-0.001102289592865977,nan,0.5644502416177651,0.5644502416177651,0.0,0.0,0.0,nan,0,1,1.0,0.0,-0.0008878205849672299,-0.0006750138624702076,nan,-0.0008878205849672299,-0.0006750138624702076,nan,0.6243919259154994,0.6243919259154994,0.0,0.0,0.0,nan,0,1,1.0,0.0,-0.0012630975577553928,-0.001102289592865977,nan,-0.0012630975577553928,-0.001102289592865977,nan,0.5644502416177651,0.5644502416177651,0.0,0.0,0.0,nan,0
633,0.5960000000000004,0.45,,scientific,0,1,0.19161290322580646,1.0,0.0,-0.0012645147298879866,-0.001102655789310354,nan,-0.0012645147298879866,-0.001102655789310354,nan,0.5643076026066352,0.5643076026066352,0.0,0.0,0.0,nan,0,1,1.0,0.0,-0.0008878205849672299,-0.0006750138624702076,nan,-0.0008878205849672299,-0.0006750138624702076,nan,0.6243919259154994,0.6243919259154994,0.0,0.0,0.0,nan,0,1,1.0,0.0,-0.0012645147298879866,-0.001102655789310354,nan,-0.0012645147298879866,-0.001102655789310354,nan,0.5643076026066352,0.5643076026066352,0.0,0.0,0.0,nan,0
634,0.5970000000000004,0.45,,scientific,0,1,0.19225806451612903,1.0,0.0,-0.0012659202963245632,-0.0011030273926355186,nan,-0.0012659202963245632,-0.0011030273926355186,nan,0.564164765501327,0.564164765501327,0.0,0.0,0.0,nan,0,1,1.0,0.0,-0.0008878205849672299,-0.0006750138624702076,nan,-0.0008878205849672299,-0.0006750138624702076,nan,0.6243919259154994,0.6243919259154994,0.0,0.0,0.0,nan,0,1,1.0,0.0,-0.0012659202963245632,-0.0011030273926355186,nan,-0.0012659202963245632,-0.0011030273926355186,nan,0.564164765501327,0.564164765501327,0.0,0.0,0.0,nan,0
635,0.5980000000000004,0.45,,scientific,0,1,0.19225806451612903,1.0,0.0,-0.0012673140457472164,-0.0011034045084848236,nan,-0.0012673140457472164,-0.0011034045084848236,nan,0.5640217310586926,0.5640217310586926,0.0,0.0,0.0,nan,0,1,1.0,0.0,-0.0008878205849672299,-0.0006750138624702076,nan,-0.0008878205849672299,-0.0006750138624702076,nan,0.6243919259154994,0.6243919259154994,0.0,0.0,0.0,nan,0,1,1.0,0.0,-0.0012673140457472164,-0.0011034045084848236,nan,-0.0012673140457472164,-0.0011034045084848236,nan,0.5640217310586926,0.5640217310586926,0.0,0.0,0.0,nan,0
636,0.5990000000000004,0.45,,scientific,0,1,0.19225806451612903,1.0,0.0,-0.0012686957671061915,-0.0011037872426096086,nan,-0.0012686957671061915,-0.0011037872426096086,nan,0.5638785000391098,0.5638785000391098,0.0,0.0,0.0,nan,0,1,1.0,0.0,-0.0008878205849672299,-0.0006750138624702076,nan,-0.0008878205849672299,-0.0006750138624702076,nan,0.6243919259154994,0.6243919259154994,0.0,0.0,0.0,nan,0,1,1.0,0.0,-0.0012686957671061915,-0.0011037872426096086,nan,-0.0012686957671061915,-0.0011037872426096086,nan,0.5638785000391098,0.5638785000391098,0.0,0.0,0.0,nan,0
637,0.6000000000000004,0.45,,scientific,0,1,0.19225806451612903,1.0,0.0,-0.0012700652500775805,-0.0011041757001274194,nan,-0.0012700652500775805,-0.0011041757001274194,nan,0.5637350732017268,0.5637350732017268,0.0,0.0,0.0,nan,0,1,1.0,0.0,-0.0008878205849672299,-0.0006750138624702076,nan,-0.0008878205849672299,-0.0006750138624702076,nan,0.6243919259154994,0.6243919259154994,0.0,0.0,0.0,nan,0,1,1.0,0.0,-0.0012700652500775805,-0.0011041757001274194,nan,-0.0012700652500775805,-0.0011041757001274194,nan,0.5637350732017268,0.5637350732017268,0.0,0.0,0.0,nan,0
638,0.6010000000000004,0.45,,scientific,0,1,0.19225806451612903,1.0,0.0,-0.001271422284750737,-0.001104569986389307,nan,-0.001271422284750737,-0.001104569986389307,nan,0.5635914513096154,0.5635914513096154,0.0,0.0,0.0,nan,0,1,1.0,0.0,-0.0008878205849672299,-0.0006750138624702076,nan,-0.0008878205849672299,-0.0006750138624702076,nan,0.6243919259154994,0.6243919259154994,0.0,0.0,0.0,nan,0,1,1.0,0.0,-0.001271422284750737,-0.001104569986389307,nan,-0.001271422284750737,-0.001104569986389307,nan,0.5635914513096154,0.5635914513096154,0.0,0.0,0.0,nan,0
639,0.6020000000000004,0.45,,scientific,0,1,0.19225806451612903,1.0,0.0,-0.0012727666613603372,-0.0011049702069712876,nan,-0.0012727666613603372,-0.0011049702069712876,nan,0.5634476351274154,0.5634476351274154,0.0,0.0,0.0,nan,0,1,1.0,0.0,-0.0008878205849672299,-0.0006750138624702076,nan,-0.0008878205849672299,-0.0006750138624702076,nan,0.6243919259154994,0.6243919259154994,0.0,0.0,0.0,nan,0,1,1.0,0.0,-0.0012727666613603372,-0.0011049702069712876,nan,-0.0012727666613603372,-0.0011049702069712876,nan,0.5634476351274154,0.5634476351274154,0.0,0.0,0.0,nan,0
640,0.6030000000000004,0.45,,scientific,0,1,0.19225806451612903,1.0,0.0,-0.0012740981711464934,-0.0011053764662224965,nan,-0.0012740981711464934,-0.0011053764662224965,nan,0.5633036254233426,0.5633036254233426,0.0,0.0,0.0,nan,0,1,1.0,0.0,-0.0008878205849672299,-0.0006750138624702076,nan,-0.0008878205849672299,-0.0006750138624702076,nan,0.6243919259154994,0.6243919259154994,0.0,0.0,0.0,nan,0,1,1.0,0.0,-0.0012740981711464934,-0.0011053764662224965,nan,-0.0012740981711464934,-0.0011053764662224965,nan,0.5633036254233426,0.5633036254233426,0.0,0.0,0.0,nan,0
641,0.6040000000000004,0.45,,scientific,0,1,0.19225806451612903,1.0,0.0,-0.0012754166057418197,-0.0011057888685175807,nan,-0.0012754166057418197,-0.0011057888685175807,nan,0.5631594229671415,0.5631594229671415,0.0,0.0,0.0,nan,0,1,1.0,0.0,-0.0008878205849672299,-0.0006750138624702076,nan,-0.0008878205849672299,-0.0006750138624702076,nan,0.6243919259154994,0.6243919259154994,0.0,0.0,0.0,nan,0,1,1.0,0.0,-0.0012754166057418197,-0.0011057888685175807,nan,-0.0012754166057418197,-0.0011057888685175807,nan,0.5631594229671415,0.5631594229671415,0.0,0.0,0.0,nan,0
642,0.6050000000000004,0.45,,scientific,0,1,0.19225806451612903,1.0,0.0,-0.0012767217563680274,-0.0011062075187978828,nan,-0.0012767217563680274,-0.0011062075187978828,nan,0.5630150285305713,0.5630150285305713,0.0,0.0,0.0,nan,0,1,1.0,0.0,-0.0008878205849672299,-0.0006750138624702076,nan,-0.0008878205849672299,-0.0006750138624702076,nan,0.6243919259154994,0.6243919259154994,0.0,0.0,0.0,nan,0,1,1.0,0.0,-0.0012767217563680274,-0.0011062075187978828,nan,-0.0012767217563680274,-0.0011062075187978828,nan,0.5630150285305713,0.5630150285305713,0.0,0.0,0.0,nan,0
643,0.6060000000000004,0.45,,scientific,0,1,0.19225806451612903,1.0,0.0,-0.0012780134145132245,-0.001106632521740109,nan,-0.0012780134145132245,-0.001106632521740109,nan,0.5628704428900795,0.5628704428900795,0.0,0.0,0.0,nan,0,1,1.0,0.0,-0.0008878205849672299,-0.0006750138624702076,nan,-0.0008878205849672299,-0.0006750138624702076,nan,0.6243919259154994,0.6243919259154994,0.0,0.0,0.0,nan,0,1,1.0,0.0,-0.0012780134145132245,-0.001106632521740109,nan,-0.0012780134145132245,-0.001106632521740109,nan,0.5628704428900795,0.5628704428900795,0.0,0.0,0.0,nan,0
644,0.6070000000000004,0.45,,scientific,0,1,0.19225806451612903,1.0,0.0,-3.279834645049655e-05,-0.0012977671143762227,nan,-3.279834645049655e-05,-0.0012977671143762227,nan,0.5643977331283465,0.5643977331283465,0.0,0.0,0.0,nan,0,1,1.0,0.0,-0.0001264338293223749,-0.0007917776753895177,nan,-0.0001264338293223749,-0.0007917776753895177,nan,0.625468463718818,0.625468463718818,0.0,0.0,0.0,nan,0,1,1.0,0.0,-3.279834645049655e-05,-0.0012977671143762227,nan,-3.279834645049655e-05,-0.0012977671143762227,nan,0.5643977331283465,0.5643977331283465,0.0,0.0,0.0,nan,0
645,0.6080000000000004,0.45,,scientific,0,1,0.19225806451612903,1.0,0.0,-3.325420343706231e-05,-0.0012983299955058698,nan,-3.325420343706231e-05,-0.0012983299955058698,nan,0.564253622222302,0.564253622222302,0.0,0.0,0.0,nan,0,1,1.0,0.0,-0.0001264338293223749,-0.0007917776753895177,nan,-0.0001264338293223749,-0.0007917776753895177,nan,0.625468463718818,0.625468463718818,0.0,0.0,0.0,nan,0,1,1.0,0.0,-3.325420343706231e-05,-0.0012983299955058698,nan,-3.325420343706231e-05,-0.0012983299955058698,nan,0.564253622222302,0.564253622222302,0.0,0.0,0.0,nan,0
646,0.6090000000000004,0.45,,scientific,0,1,0.19225806451612903,1.0,0.0,-3.369723818311693e-05,-0.0012988993235958663,nan,-3.369723818311693e-05,-0.0012988993235958663,nan,0.5641093200002222,0.5641093200002222,0.0,0.0,0.0,nan,0,1,1.0,0.0,-0.0001264338293223749,-0.0007917776753895177,nan,-0.0001264338293223749,-0.0007917776753895177,nan,0.625468463718818,0.625468463718818,0.0,0.0,0.0,nan,0,1,1.0,0.0,-3.369723818311693e-05,-0.0012988993235958663,nan,-3.369723818311693e-05,-0.0012988993235958663,nan,0.5641093200002222,0.5641093200002222,0.0,0.0,0.0,nan,0
647,0.6100000000000004,0.45,,scientific,0,1,0.19225806451612903,1.0,0.0,-3.412725326077752e-05,-0.0012994751999770085,nan,-3.412725326077752e-05,-0.0012994751999770085,nan,0.5639648272257445,0.5639648272257445,0.0,0.0,0.0,nan,0,1,1.0,0.0,-0.0001264338293223749,-0.0007917776753895177,nan,-0.0001264338293223749,-0.0007917776753895177,nan,0.625468463718818,0.625468463718818,0.0,0.0,0.0,nan,0,1,1.0,0.0,-3.412725326077752e-05,-0.0012994751999770085,nan,-3.412725326077752e-05,-0.0012994751999770085,nan,0.5639648272257445,0.5639648272257445,0.0,0.0,0.0,nan,0
648,0.6110000000000004,0.45,,scientific,0,1,0.19225806451612903,1.0,0.0,-3.454405216961021e-05,-0.0013000577251745258,nan,-3.454405216961021e-05,-0.0013000577251745258,nan,0.5638201446671667,0.5638201446671667,0.0,0.0,0.0,nan,0,1,1.0,0.0,-0.0001264338293223749,-0.0007917776753895177,nan,-0.0001264338293223749,-0.0007917776753895177,nan,0.625468463718818,0.625468463718818,0.0,0.0,0.0,nan,0,1,1.0,0.0,-3.454405216961021e-05,-0.0013000577251745258,nan,-3.454405216961021e-05,-0.0013000577251745258,nan,0.5638201446671667,0.5638201446671667,0.0,0.0,0.0,nan,0
649,0.6120000000000004,0.45,,scientific,0,1,0.19225806451612903,1.0,0.0,-3.4947438954544895e-05,-0.0013006469991425089,nan,-3.4947438954544895e-05,-0.0013006469991425089,nan,0.5636752730958148,0.5636752730958148,0.0,0.0,0.0,nan,0,1,1.0,0.0,-0.0001264338293223749,-0.0007917776753895177,nan,-0.0001264338293223749,-0.0007917776753895177,nan,0.625468463718818,0.625468463718818,0.0,0.0,0.0,nan,0,1,1.0,0.0,-3.4947438954544895e-05,-0.0013006469991425089,nan,-3.4947438954544895e-05,-0.0013006469991425089,nan,0.5636752730958148,0.5636752730958148,0.0,0.0,0.0,nan,0
650,0.6130000000000004,0.45,,scientific,0,1,0.19225806451612903,1.0,0.0,-3.533721782333673e-05,-0.00130124312142043,nan,-3.533721782333673e-05,-0.00130124312142043,nan,0.5635302132862162,0.5635302132862162,0.0,0.0,0.0,nan,0,1,1.0,0.0,-0.0001264338293223749,-0.0007917776753895177,nan,-0.0001264338293223749,-0.0007917776753895177,nan,0.625468463718818,0.625468463718818,0.0,0.0,0.0,nan,0,1,1.0,0.0,-3.533721782333673e-05,-0.00130124312142043,nan,-3.533721782333673e-05,-0.00130124312142043,nan,0.5635302132862162,0.5635302132862162,0.0,0.0,0.0,nan,0
651,0.6140000000000004,0.45,,scientific,0,1,0.1929032258064516,1.0,0.0,-3.57131932250755e-05,-0.0013018461916466302,nan,-3.57131932250755e-05,-0.0013018461916466302,nan,0.5633849660176364,0.5633849660176364,0.0,0.0,0.0,nan,0,1,1.0,0.0,-0.0001264338293223749,-0.0007917776753895177,nan,-0.0001264338293223749,-0.0007917776753895177,nan,0.625468463718818,0.625468463718818,0.0,0.0,0.0,nan,0,1,1.0,0.0,-3.57131932250755e-05,-0.0013018461916466302,nan,-3.57131932250755e-05,-0.0013018461916466302,nan,0.5633849660176364,0.5633849660176364,0.0,0.0,0.0,nan,0
652,0.6150000000000004,0.45,,scientific,0,1,0.1929032258064516,1.0,0.0,0.001029535080528964,-0.0009571449188921495,nan,0.001029535080528964,-0.0009571449188921495,nan,0.5664797248299462,0.5664797248299462,0.0,0.0,0.0,nan,0,1,1.0,0.0,0.0005286750858753404,-0.0005308578821498331,nan,0.0005286750858753404,-0.0005308578821498331,nan,0.6276215393254553,0.6276215393254553,0.0,0.0,0.0,nan,0,1,1.0,0.0,0.001029535080528964,-0.0009571449188921495,nan,0.001029535080528964,-0.0009571449188921495,nan,0.5664797248299462,0.5664797248299462,0.0,0.0,0.0,nan,0
653,0.6160000000000004,0.45,,scientific,0,1,0.1929032258064516,1.0,0.0,0.0010298684507255495,-0.0009575332786227546,nan,0.0010298684507255495,-0.0009575332786227546,nan,0.5663357504509934,0.5663357504509934,0.0,0.0,0.0,nan,0,1,1.0,0.0,0.0005286750858753404,-0.0005308578821498331,nan,0.0005286750858753404,-0.0005308578821498331,nan,0.6276215393254553,0.6276215393254553,0.0,0.0,0.0,nan,0,1,1.0,0.0,0.0010298684507255495,-0.0009575332786227546,nan,0.0010298684507255495,-0.0009575332786227546,nan,0.5663357504509934,0.5663357504509934,0.0,0.0,0.0,nan,0
654,0.6170000000000004,0.45,,scientific,0,1,0.1929032258064516,1.0,0.0,0.0010302151005415494,-0.0009579284643147722,nan,0.0010302151005415494,-0.0009579284643147722,nan,0.5661915873476794,0.5661915873476794,0.0,0.0,0.0,nan,0,1,1.0,0.0,0.0005286750858753404,-0.0005308578821498331,nan,0.0005286750858753404,-0.0005308578821498331,nan,0.6276215393254553,0.6276215393254553,0.0,0.0,0.0,nan,0,1,1.0,0.0,0.0010302151005415494,-0.0009579284643147722,nan,0.0010302151005415494,-0.0009579284643147722,nan,0.5661915873476794,0.5661915873476794,0.0,0.0,0.0,nan,0
655,0.6180000000000004,0.45,,scientific,0,1,0.1929032258064516,1.0,0.0,0.0010305752142987029,-0.0009583305759572992,nan,0.0010305752142987029,-0.0009583305759572992,nan,0.566047236275622,0.566047236275622,0.0,0.0,0.0,nan,0,1,1.0,0.0,0.0005286750858753404,-0.0005308578821498331,nan,0.0005286750858753404,-0.0005308578821498331,nan,0.6276215393254553,0.6276215393254553,0.0,0.0,0.0,nan,0,1,1.0,0.0,0.0010305752142987029,-0.0009583305759572992,nan,0.0010305752142987029,-0.0009583305759572992,nan,0.566047236275622,0.566047236275622,0.0,0.0,0.0,nan,0
656,0.6190000000000004,0.45,,scientific,0,1,0.1929032258064516,1.0,0.0,0.001030948975758574,-0.000958739713378708,nan,0.001030948975758574,-0.000958739713378708,nan,0.5659026979921924,0.5659026979921924,0.0,0.0,0.0,nan,0,1,1.0,0.0,0.0005286750858753404,-0.0005308578821498331,nan,0.0005286750858753404,-0.0005308578821498331,nan,0.6276215393254553,0.6276215393254553,0.0,0.0,0.0,nan,0,1,1.0,0.0,0.001030948975758574,-0.000958739713378708,nan,0.001030948975758574,-0.000958739713378708,nan,0.5659026979921924,0.5659026979921924,0.0,0.0,0.0,nan,0
657,0.6200000000000004,0.45,,scientific,0,1,0.1929032258064516,1.0,0.0,0.0010313365676012584,-0.0009591559759273392,nan,0.0010313365676012584,-0.0009591559759273392,nan,0.5657579732560691,0.5657579732560691,0.0,0.0,0.0,nan,0,1,1.0,0.0,0.0005286750858753404,-0.0005308578821498331,nan,0.0005286750858753404,-0.0005308578821498331,nan,0.6276215393254553,0.6276215393254553,0.0,0.0,0.0,nan,0,1,1.0,0.0,0.0010313365676012584,-0.0009591559759273392,nan,0.0010313365676012584,-0.0009591559759273392,nan,0.5657579732560691,0.5657579732560691,0.0,0.0,0.0,nan,0
658,0.6210000000000004,0.45,,scientific,0,1,0.1929032258064516,1.0,0.0,0.0010317381721190728,-0.0009595794624471398,nan,0.0010317381721190728,-0.0009595794624471398,nan,0.5656130628331546,0.5656130628331546,0.0,0.0,0.0,nan,0,1,1.0,0.0,0.0005286750858753404,-0.0005308578821498331,nan,0.0005286750858753404,-0.0005308578821498331,nan,0.6276215393254553,0.6276215393254553,0.0,0.0,0.0,nan,0,1,1.0,0.0,0.0010317381721190728,-0.0009595794624471398,nan,0.0010317381721190728,-0.0009595794624471398,nan,0.5656130628331546,0.5656130628331546,0.0,0.0,0.0,nan,0
659,0.6220000000000004,0.45,,scientific,0,1,0.1929032258064516,1.0,0.0,0.0010321539707203113,-0.0009600102707599488,nan,0.0010321539707203113,-0.0009600102707599488,nan,0.5654679674894694,0.5654679674894694,0.0,0.0,0.0,nan,0,1,1.0,0.0,0.0005286750858753404,-0.0005308578821498331,nan,0.0005286750858753404,-0.0005308578821498331,nan,0.6276215393254553,0.6276215393254553,0.0,0.0,0.0,nan,0,1,1.0,0.0,0.0010321539707203113,-0.0009600102707599488,nan,0.0010321539707203113,-0.0009600102707599488,nan,0.5654679674894694,0.5654679674894694,0.0,0.0,0.0,nan,0
660,0.6230000000000004,0.45,,scientific,0,1,0.1929032258064516,1.0,0.0,0.0010325841440111678,-0.0009604484981819556,nan,0.0010325841440111678,-0.0009604484981819556,nan,0.5653226879971478,0.5653226879971478,0.0,0.0,0.0,nan,0,1,1.0,0.0,0.0005286750858753404,-0.0005308578821498331,nan,0.0005286750858753404,-0.0005308578821498331,nan,0.6276215393254553,0.6276215393254553,0.0,0.0,0.0,nan,0,1,1.0,0.0,0.0010325841440111678,-0.0009604484981819556,nan,0.0010325841440111678,-0.0009604484981819556,nan,0.5653226879971478,0.5653226879971478,0.0,0.0,0.0,nan,0
661,0.6240000000000004,0.45,,scientific,0,1,0.1935483870967742,1.0,0.0,0.0010330288718814317,-0.0009608942421780537,nan,0.0010330288718814317,-0.0009608942421780537,nan,0.5651772251234752,0.5651772251234752,0.0,0.0,0.0,nan,0,1,1.0,0.0,0.0005286750858753404,-0.0005308578821498331,nan,0.0005286750858753404,-0.0005308578821498331,nan,0.6276215393254553,0.6276215393254553,0.0,0.0,0.0,nan,0,1,1.0,0.0,0.0010330288718814317,-0.0009608942421780537,nan,0.0010330288718814317,-0.0009608942421780537,nan,0.5651772251234752,0.5651772251234752,0.0,0.0,0.0,nan,0
662,0.6250000000000004,0.45,,scientific,0,1,0.1935483870967742,1.0,0.0,0.0010334883334308337,-0.0009613475999273102,nan,0.0010334883334308337,-0.0009613475999273102,nan,0.5650315796379805,0.5650315796379805,0.0,0.0,0.0,nan,0,1,1.0,0.0,0.0005286750858753404,-0.0005308578821498331,nan,0.0005286750858753404,-0.0005308578821498331,nan,0.6276215393254553,0.6276215393254553,0.0,0.0,0.0,nan,0,1,1.0,0.0,0.0010334883334308337,-0.0009613475999273102,nan,0.0010334883334308337,-0.0009613475999273102,nan,0.5650315796379805,0.5650315796379805,0.0,0.0,0.0,nan,0
663,0.6260000000000004,0.45,,scientific,0,1,0.1935483870967742,1.0,0.0,0.0010339627073814128,-0.000961808667994652,nan,0.0010339627073814128,-0.000961808667994652,nan,0.5648857523055546,0.5648857523055546,0.0,0.0,0.0,nan,0,1,1.0,0.0,0.0005286750858753404,-0.0005308578821498331,nan,0.0005286750858753404,-0.0005308578821498331,nan,0.6276215393254553,0.6276215393254553,0.0,0.0,0.0,nan,0,1,1.0,0.0,0.0010339627073814128,-0.000961808667994652,nan,0.0010339627073814128,-0.000961808667994652,nan,0.5648857523055546,0.5648857523055546,0.0,0.0,0.0,nan,0
664,0.6270000000000004,0.45,,scientific,0,1,0.1935483870967742,1.0,0.0,0.0010344521721346997,-0.0009622775424407122,nan,0.0010344521721346997,-0.0009622775424407122,nan,0.5647397438988064,0.5647397438988064,0.0,0.0,0.0,nan,0,1,1.0,0.0,0.0005286750858753404,-0.0005308578821498331,nan,0.0005286750858753404,-0.0005308578821498331,nan,0.6276215393254553,0.6276215393254553,0.0,0.0,0.0,nan,0,1,1.0,0.0,0.0010344521721346997,-0.0009622775424407122,nan,0.0010344521721346997,-0.0009622775424407122,nan,0.5647397438988064,0.5647397438988064,0.0,0.0,0.0,nan,0
665,0.6280000000000004,0.45,,scientific,0,1,0.1935483870967742,1.0,0.0,0.0010349569055298042,-0.0009627543189635266,nan,0.0010349569055298042,-0.0009627543189635266,nan,0.5645935551915144,0.5645935551915144,0.0,0.0,0.0,nan,0,1,1.0,0.0,0.0005286750858753404,-0.0005308578821498331,nan,0.0005286750858753404,-0.0005308578821498331,nan,0.6276215393254553,0.6276215393254553,0.0,0.0,0.0,nan,0,1,1.0,0.0,0.0010349569055298042,-0.0009627543189635266,nan,0.0010349569055298042,-0.0009627543189635266,nan,0.5645935551915144,0.5645935551915144,0.0,0.0,0.0,nan,0
666,0.6290000000000004,0.45,,scientific,0,1,0.1935483870967742,1.0,0.0,0.0010354770838531262,-0.0009632390925525964,nan,0.0010354770838531262,-0.0009632390925525964,nan,0.5644471869575414,0.5644471869575414,0.0,0.0,0.0,nan,0,1,1.0,0.0,0.0005286750858753404,-0.0005308578821498331,nan,0.0005286750858753404,-0.0005308578821498331,nan,0.6276215393254553,0.6276215393254553,0.0,0.0,0.0,nan,0,1,1.0,0.0,0.0010354770838531262,-0.0009632390925525964,nan,0.0010354770838531262,-0.0009632390925525964,nan,0.5644471869575414,0.5644471869575414,0.0,0.0,0.0,nan,0
667,0.6300000000000004,0.45,,scientific,0,1,0.1935483870967742,1.0,0.0,0.0010360128821872048,-0.0009637319580493981,nan,0.0010360128821872048,-0.0009637319580493981,nan,0.5643006399766624,0.5643006399766624,0.0,0.0,0.0,nan,0,1,1.0,0.0,0.0005286750858753404,-0.0005308578821498331,nan,0.0005286750858753404,-0.0005308578821498331,nan,0.6276215393254553,0.6276215393254553,0.0,0.0,0.0,nan,0,1,1.0,0.0,0.0010360128821872048,-0.0009637319580493981,nan,0.0010360128821872048,-0.0009637319580493981,nan,0.5643006399766624,0.5643006399766624,0.0,0.0,0.0,nan,0
668,0.6310000000000004,0.45,,scientific,0,1,0.1935483870967742,1.0,0.0,0.0015113569856998646,0.0001792793935813278,nan,0.0015113569856998646,0.0001792793935813278,nan,0.5657993686281262,0.5657993686281262,0.0,0.0,0.0,nan,0,1,1.0,0.0,0.0008242324678969494,0.00017773191879055325,nan,0.0008242324678969494,0.00017773191879055325,nan,0.6286980771287739,0.6286980771287739,0.0,0.0,0.0,nan,0,1,1.0,0.0,0.0015113569856998646,0.0001792793935813278,nan,0.0015113569856998646,0.0001792793935813278,nan,0.5657993686281262,0.5657993686281262,0.0,0.0,0.0,nan,0
669,0.6320000000000005,0.45,,scientific,0,1,0.1935483870967742,1.0,0.0,0.0015122307763052254,0.0001795163666872732,nan,0.0015122307763052254,0.0001795163666872732,nan,0.5656533140671935,0.5656533140671935,0.0,0.0,0.0,nan,0,1,1.0,0.0,0.0008242324678969494,0.00017773191879055325,nan,0.0008242324678969494,0.00017773191879055325,nan,0.6286980771287739,0.6286980771287739,0.0,0.0,0.0,nan,0,1,1.0,0.0,0.0015122307763052254,0.0001795163666872732,nan,0.0015122307763052254,0.0001795163666872732,nan,0.5656533140671935,0.5656533140671935,0.0,0.0,0.0,nan,0
670,0.6330000000000005,0.45,,scientific,0,1,0.1935483870967742,1.0,0.0,0.0015131202795945738,0.00017974410253787307,nan,0.0015131202795945738,0.00017974410253787307,nan,0.5655070811972078,0.5655070811972078,0.0,0.0,0.0,nan,0,1,1.0,0.0,0.0008242324678969494,0.00017773191879055325,nan,0.0008242324678969494,0.00017773191879055325,nan,0.6286980771287739,0.6286980771287739,0.0,0.0,0.0,nan,0,1,1.0,0.0,0.0015131202795945738,0.00017974410253787307,nan,0.0015131202795945738,0.00017974410253787307,nan,0.5655070811972078,0.5655070811972078,0.0,0.0,0.0,nan,0
671,0.6340000000000005,0.45,,scientific,0,1,0.1935483870967742,1.0,0.0,0.0015140256627206314,0.00017996249871741888,nan,0.0015140256627206314,0.00017996249871741888,nan,0.56536067079182,0.56536067079182,0.0,0.0,0.0,nan,0,1,1.0,0.0,0.0008242324678969494,0.00017773191879055325,nan,0.0008242324678969494,0.00017773191879055325,nan,0.6286980771287739,0.6286980771287739,0.0,0.0,0.0,nan,0,1,1.0,0.0,0.0015140256627206314,0.00017996249871741888,nan,0.0015140256627206314,0.00017996249871741888,nan,0.56536067079182,0.56536067079182,0.0,0.0,0.0,nan,0
672,0.6350000000000005,0.45,,scientific,0,1,0.1935483870967742,1.0,0.0,0.0015149470918924932,0.0001801714535376463,nan,0.0015149470918924932,0.0001801714535376463,nan,0.5652140836257638,0.5652140836257638,0.0,0.0,0.0,nan,0,1,1.0,0.0,0.0008242324678969494,0.00017773191879055325,nan,0.0008242324678969494,0.00017773191879055325,nan,0.6286980771287739,0.6286980771287739,0.0,0.0,0.0,nan,0,1,1.0,0.0,0.0015149470918924932,0.0001801714535376463,nan,0.0015149470918924932,0.0001801714535376463,nan,0.5652140836257638,0.5652140836257638,0.0,0.0,0.0,nan,0
673,0.6360000000000005,0.45,,scientific,0,1,0.1935483870967742,1.0,0.0,0.001515884732693092,0.00018037086571251742,nan,0.001515884732693092,0.00018037086571251742,nan,0.5650673204761689,0.5650673204761689,0.0,0.0,0.0,nan,0,1,1.0,0.0,0.0008242324678969494,0.00017773191879055325,nan,0.0008242324678969494,0.00017773191879055325,nan,0.6286980771287739,0.6286980771287739,0.0,0.0,0.0,nan,0,1,1.0,0.0,0.001515884732693092,0.00018037086571251742,nan,0.001515884732693092,0.00018037086571251742,nan,0.5650673204761689,0.5650673204761689,0.0,0.0,0.0,nan,0
674,0.6370000000000005,0.45,,scientific,0,1,0.1935483870967742,1.0,0.0,0.0015168387497497152,0.00018056063409929178,nan,0.0015168387497497152,0.00018056063409929178,nan,0.564920382123864,0.564920382123864,0.0,0.0,0.0,nan,0,1,1.0,0.0,0.0008242324678969494,0.00017773191879055325,nan,0.0008242324678969494,0.00017773191879055325,nan,0.6286980771287739,0.6286980771287739,0.0,0.0,0.0,nan,0,1,1.0,0.0,0.0015168387497497152,0.00018056063409929178,nan,0.0015168387497497152,0.00018056063409929178,nan,0.564920382123864,0.564920382123864,0.0,0.0,0.0,nan,0
675,0.6380000000000005,0.45,,scientific,0,1,0.1935483870967742,1.0,0.0,0.00151780930668037,0.00018074065788099388,nan,0.00151780930668037,0.00018074065788099388,nan,0.5647732693518581,0.5647732693518581,0.0,0.0,0.0,nan,0,1,1.0,0.0,0.0008242324678969494,0.00017773191879055325,nan,0.0008242324678969494,0.00017773191879055325,nan,0.6286980771287739,0.6286980771287739,0.0,0.0,0.0,nan,0,1,1.0,0.0,0.00151780930668037,0.00018074065788099388,nan,0.00151780930668037,0.00018074065788099388,nan,0.5647732693518581,0.5647732693518581,0.0,0.0,0.0,nan,0
676,0.6390000000000005,0.45,,scientific,0,1,0.1935483870967742,1.0,0.0,0.0015187965658877104,0.00018091083657500328,nan,0.0015187965658877104,0.00018091083657500328,nan,0.564625982945637,0.564625982945637,0.0,0.0,0.0,nan,0,1,1.0,0.0,0.0008242324678969494,0.00017773191879055325,nan,0.0008242324678969494,0.00017773191879055325,nan,0.6286980771287739,0.6286980771287739,0.0,0.0,0.0,nan,0,1,1.0,0.0,0.0015187965658877104,0.00018091083657500328,nan,0.0015187965658877104,0.00018091083657500328,nan,0.564625982945637,0.564625982945637,0.0,0.0,0.0,nan,0
677,0.6400000000000005,0.45,,scientific,0,1,0.1935483870967742,1.0,0.0,0.001519800688779123,0.00018107107082047239,nan,0.001519800688779123,0.00018107107082047239,nan,0.5644785236890302,0.5644785236890302,0.0,0.0,0.0,nan,0,1,1.0,0.0,0.0008242324678969494,0.00017773191879055325,nan,0.0008242324678969494,0.00017773191879055325,nan,0.6286980771287739,0.6286980771287739,0.0,0.0,0.0,nan,0,1,1.0,0.0,0.001519800688779123,0.00018107107082047239,nan,0.001519800688779123,0.00018107107082047239,nan,0.5644785236890302,0.5644785236890302,0.0,0.0,0.0,nan,0
678,0.6410000000000005,0.45,,scientific,0,1,0.1935483870967742,1.0,0.0,0.001520821836253842,0.00018122126213604157,nan,0.001520821836253842,0.00018122126213604157,nan,0.564330892365791,0.564330892365791,0.0,0.0,0.0,nan,0,1,1.0,0.0,0.0008242324678969494,0.00017773191879055325,nan,0.0008242324678969494,0.00017773191879055325,nan,0.6286980771287739,0.6286980771287739,0.0,0.0,0.0,nan,0,1,1.0,0.0,0.001520821836253842,0.00018122126213604157,nan,0.001520821836253842,0.00018122126213604157,nan,0.564330892365791,0.564330892365791,0.0,0.0,0.0,nan,0
679,0.6420000000000005,0.45,,scientific,0,1,0.1935483870967742,1.0,0.0,0.0015218601680309072,0.0001813613122044258,nan,0.0015218601680309072,0.0001813613122044258,nan,0.564183089759118,0.564183089759118,0.0,0.0,0.0,nan,0,1,1.0,0.0,0.0008242324678969494,0.00017773191879055325,nan,0.0008242324678969494,0.00017773191879055325,nan,0.6286980771287739,0.6286980771287739,0.0,0.0,0.0,nan,0,1,1.0,0.0,0.0015218601680309072,0.0001813613122044258,nan,0.0015218601680309072,0.0001813613122044258,nan,0.564183089759118,0.564183089759118,0.0,0.0,0.0,nan,0
680,0.6430000000000005,0.45,,scientific,0,1,0.1935483870967742,1.0,0.0,0.0015229158428266903,0.0001814911236789591,nan,0.0015229158428266903,0.0001814911236789591,nan,0.5640351166517127,0.5640351166517127,0.0,0.0,0.0,nan,0,1,1.0,0.0,0.0008242324678969494,0.00017773191879055325,nan,0.0008242324678969494,0.00017773191879055325,nan,0.6286980771287739,0.6286980771287739,0.0,0.0,0.0,nan,0,1,1.0,0.0,0.0015229158428266903,0.0001814911236789591,nan,0.0015229158428266903,0.0001814911236789591,nan,0.5640351166517127,0.5640351166517127,0.0,0.0,0.0,nan,0
681,0.6440000000000005,0.45,,scientific,0,1,0.1935483870967742,1.0,0.0,0.0015239890183558734,0.00018161059975858307,nan,0.0015239890183558734,0.00018161059975858307,nan,0.5638869738347279,0.5638869738347279,0.0,0.0,0.0,nan,0,1,1.0,0.0,0.0008242324678969494,0.00017773191879055325,nan,0.0008242324678969494,0.00017773191879055325,nan,0.6286980771287739,0.6286980771287739,0.0,0.0,0.0,nan,0,1,1.0,0.0,0.0015239890183558734,0.00018161059975858307,nan,0.0015239890183558734,0.00018161059975858307,nan,0.5638869738347279,0.5638869738347279,0.0,0.0,0.0,nan,0
682,0.6450000000000005,0.45,,scientific,0,1,0.19419354838709676,1.0,0.0,0.000691861356651657,-0.0006784155326044789,nan,0.000691861356651657,-0.0006784155326044789,nan,0.5653208722795877,0.5653208722795877,0.0,0.0,0.0,nan,0,1,1.0,0.0,0.0002901026424573336,-0.00037591901702543835,nan,0.0002901026424573336,-0.00037591901702543835,nan,0.6297746149320925,0.6297746149320925,0.0,0.0,0.0,nan,0,1,1.0,0.0,0.000691861356651657,-0.0006784155326044789,nan,0.000691861356651657,-0.0006784155326044789,nan,0.5653208722795877,0.5653208722795877,0.0,0.0,0.0,nan,0
683,0.6460000000000005,0.45,,scientific,0,1,0.19419354838709676,1.0,0.0,0.0006924347658450909,-0.0006788587910061117,nan,0.0006924347658450909,-0.0006788587910061117,nan,0.5651731767244481,0.5651731767244481,0.0,0.0,0.0,nan,0,1,1.0,0.0,0.0002901026424573336,-0.00037591901702543835,nan,0.0002901026424573336,-0.00037591901702543835,nan,0.6297746149320925,0.6297746149320925,0.0,0.0,0.0,nan,0,1,1.0,0.0,0.0006924347658450909,-0.0006788587910061117,nan,0.0006924347658450909,-0.0006788587910061117,nan,0.5651731767244481,0.5651731767244481,0.0,0.0,0.0,nan,0
684,0.6470000000000005,0.45,,scientific,0,1,0.19419354838709676,1.0,0.0,0.0006930264452971179,-0.0006793122413510241,nan,0.0006930264452971179,-0.0006793122413510241,nan,0.5650253126133251,0.5650253126133251,0.0,0.0,0.0,nan,0,1,1.0,0.0,0.0002901026424573336,-0.00037591901702543835,nan,0.0002901026424573336,-0.00037591901702543835,nan,0.6297746149320925,0.6297746149320925,0.0,0.0,0.0,nan,0,1,1.0,0.0,0.0006930264452971179,-0.0006793122413510241,nan,0.0006930264452971179,-0.0006793122413510241,nan,0.5650253126133251,0.5650253126133251,0.0,0.0,0.0,nan,0
685,0.6480000000000005,0.45,,scientific,0,1,0.19419354838709676,1.0,0.0,0.0006936365542206963,-0.0006797759718520316,nan,0.0006936365542206963,-0.0006797759718520316,nan,0.564877280732889,0.564877280732889,0.0,0.0,0.0,nan,0,1,1.0,0.0,0.0002901026424573336,-0.00037591901702543835,nan,0.0002901026424573336,-0.00037591901702543835,nan,0.6297746149320925,0.6297746149320925,0.0,0.0,0.0,nan,0,1,1.0,0.0,0.0006936365542206963,-0.0006797759718520316,nan,0.0006936365542206963,-0.0006797759718520316,nan,0.564877280732889,0.564877280732889,0.0,0.0,0.0,nan,0
686,0.6490000000000005,0.45,,scientific,0,1,0.19419354838709676,1.0,0.0,0.000694265250704653,-0.0006802500700892461,nan,0.000694265250704653,-0.0006802500700892461,nan,0.5647290818700786,0.5647290818700786,0.0,0.0,0.0,nan,0,1,1.0,0.0,0.0002901026424573336,-0.00037591901702543835,nan,0.0002901026424573336,-0.00037591901702543835,nan,0.6297746149320925,0.6297746149320925,0.0,0.0,0.0,nan,0,1,1.0,0.0,0.000694265250704653,-0.0006802500700892461,nan,0.000694265250704653,-0.0006802500700892461,nan,0.5647290818700786,0.5647290818700786,0.0,0.0,0.0,nan,0
687,0.6500000000000005,0.45,,scientific,0,1,0.19419354838709676,1.0,0.0,-0.00048411359835381267,-0.00013577265695278534,nan,-0.00048411359835381267,-0.00013577265695278534,nan,0.566303824318774,0.566303824318774,0.0,0.0,0.0,nan,0,1,1.0,0.0,-0.00040569186719209235,-5.4512316624928556e-05,nan,-0.00040569186719209235,-5.4512316624928556e-05,nan,0.6308511527354111,0.6308511527354111,0.0,0.0,0.0,nan,0,1,1.0,0.0,-0.00048411359835381267,-0.00013577265695278534,nan,-0.00048411359835381267,-0.00013577265695278534,nan,0.566303824318774,0.566303824318774,0.0,0.0,0.0,nan,0
688,0.6510000000000005,0.45,,scientific,0,1,0.19419354838709676,1.0,0.0,-0.000484130532609678,-0.00013595125215774858,nan,-0.000484130532609678,-0.00013595125215774858,nan,0.5661560485381614,0.5661560485381614,0.0,0.0,0.0,nan,0,1,1.0,0.0,-0.00040569186719209235,-5.4512316624928556e-05,nan,-0.00040569186719209235,-5.4512316624928556e-05,nan,0.6308511527354111,0.6308511527354111,0.0,0.0,0.0,nan,0,1,1.0,0.0,-0.000484130532609678,-0.00013595125215774858,nan,-0.000484130532609678,-0.00013595125215774858,nan,0.5661560485381614,0.5661560485381614,0.0,0.0,0.0,nan,0
689,0.6520000000000005,0.45,,scientific,0,1,0.19419354838709676,1.0,0.0,-0.0004841264626020884,-0.0001361413673796922,nan,-0.0004841264626020884,-0.0001361413673796922,nan,0.5660081046503636,0.5660081046503636,0.0,0.0,0.0,nan,0,1,1.0,0.0,-0.00040569186719209235,-5.4512316624928556e-05,nan,-0.00040569186719209235,-5.4512316624928556e-05,nan,0.6308511527354111,0.6308511527354111,0.0,0.0,0.0,nan,0,1,1.0,0.0,-0.0004841264626020884,-0.0001361413673796922,nan,-0.0004841264626020884,-0.0001361413673796922,nan,0.5660081046503636,0.5660081046503636,0.0,0.0,0.0,nan,0
690,0.6530000000000005,0.45,,scientific,0,1,0.19419354838709676,1.0,0.0,-0.0004841012189159305,-0.00013634309512922826,nan,-0.0004841012189159305,-0.00013634309512922826,nan,0.5658599934326196,0.5658599934326196,0.0,0.0,0.0,nan,0,1,1.0,0.0,-0.00040569186719209235,-5.4512316624928556e-05,nan,-0.00040569186719209235,-5.4512316624928556e-05,nan,0.6308511527354111,0.6308511527354111,0.0,0.0,0.0,nan,0,1,1.0,0.0,-0.0004841012189159305,-0.00013634309512922826,nan,-0.0004841012189159305,-0.00013634309512922826,nan,0.5658599934326196,0.5658599934326196,0.0,0.0,0.0,nan,0
691,0.6540000000000005,0.45,,scientific,0,1,0.19419354838709676,1.0,0.0,-0.00048405463319517445,-0.00013655652752085488,nan,-0.00048405463319517445,-0.00013655652752085488,nan,0.5657117156614823,0.5657117156614823,0.0,0.0,0.0,nan,0,1,1.0,0.0,-0.00040569186719209235,-5.4512316624928556e-05,nan,-0.00040569186719209235,-5.4512316624928556e-05,nan,0.6308511527354111,0.6308511527354111,0.0,0.0,0.0,nan,0,1,1.0,0.0,-0.00048405463319517445,-0.00013655652752085488,nan,-0.00048405463319517445,-0.00013655652752085488,nan,0.5657117156614823,0.5657117156614823,0.0,0.0,0.0,nan,0
692,0.6550000000000005,0.45,,scientific,0,1,0.19419354838709676,1.0,0.0,-0.00048398653881169925,-0.00013678175625814285,nan,-0.00048398653881169925,-0.00013678175625814285,nan,0.5655632721107422,0.5655632721107422,0.0,0.0,0.0,nan,0,1,1.0,0.0,-0.00040569186719209235,-5.4512316624928556e-05,nan,-0.00040569186719209235,-5.4512316624928556e-05,nan,0.6308511527354111,0.6308511527354111,0.0,0.0,0.0,nan,0,1,1.0,0.0,-0.00048398653881169925,-0.00013678175625814285,nan,-0.00048398653881169925,-0.00013678175625814285,nan,0.5655632721107422,0.5655632721107422,0.0,0.0,0.0,nan,0
693,0.6560000000000005,0.45,,scientific,0,1,0.19419354838709676,1.0,0.0,0.00014076284037498933,0.0009385359928470525,nan,0.00014076284037498933,0.0009385359928470525,nan,0.5670676433813611,0.5670676433813611,0.0,0.0,0.0,nan,0,1,1.0,0.0,-2.1081042445278832e-05,0.0006083613371442717,nan,-2.1081042445278832e-05,0.0006083613371442717,nan,0.6319276905387298,0.6319276905387298,0.0,0.0,0.0,nan,0,1,1.0,0.0,0.00014076284037498933,0.0009385359928470525,nan,0.00014076284037498933,0.0009385359928470525,nan,0.5670676433813611,0.5670676433813611,0.0,0.0,0.0,nan,0
694,0.6570000000000005,0.45,,scientific,0,1,0.19419354838709676,1.0,0.0,0.0001412731847568025,0.0009389716592258445,nan,0.0001412731847568025,0.0009389716592258445,nan,0.5669196945691981,0.5669196945691981,0.0,0.0,0.0,nan,0,1,1.0,0.0,-2.1081042445278832e-05,0.0006083613371442717,nan,-2.1081042445278832e-05,0.0006083613371442717,nan,0.6319276905387298,0.6319276905387298,0.0,0.0,0.0,nan,0,1,1.0,0.0,0.0001412731847568025,0.0009389716592258445,nan,0.0001412731847568025,0.0009389716592258445,nan,0.5669196945691981,0.5669196945691981,0.0,0.0,0.0,nan,0
695,0.6580000000000005,0.45,,scientific,0,1,0.19419354838709676,1.0,0.0,0.00014180495151633611,0.0009393944185609572,nan,0.00014180495151633611,0.0009393944185609572,nan,0.5667715803487956,0.5667715803487956,0.0,0.0,0.0,nan,0,1,1.0,0.0,-2.1081042445278832e-05,0.0006083613371442717,nan,-2.1081042445278832e-05,0.0006083613371442717,nan,0.6319276905387298,0.6319276905387298,0.0,0.0,0.0,nan,0,1,1.0,0.0,0.00014180495151633611,0.0009393944185609572,nan,0.00014180495151633611,0.0009393944185609572,nan,0.5667715803487956,0.5667715803487956,0.0,0.0,0.0,nan,0
696,0.6590000000000005,0.45,,scientific,0,1,0.19419354838709676,1.0,0.0,0.00014235829674178756,0.0009398041737979943,nan,0.00014235829674178756,0.0009398041737979943,nan,0.5666233014951128,0.5666233014951128,0.0,0.0,0.0,nan,0,1,1.0,0.0,-2.1081042445278832e-05,0.0006083613371442717,nan,-2.1081042445278832e-05,0.0006083613371442717,nan,0.6319276905387298,0.6319276905387298,0.0,0.0,0.0,nan,0,1,1.0,0.0,0.00014235829674178756,0.0009398041737979943,nan,0.00014235829674178756,0.0009398041737979943,nan,0.5666233014951128,0.5666233014951128,0.0,0.0,0.0,nan,0
697,0.6600000000000005,0.45,,scientific,0,1,0.19419354838709676,1.0,0.0,0.00014293337556057698,0.0009402008288390846,nan,0.00014293337556057698,0.0009402008288390846,nan,0.5664748587816355,0.5664748587816355,0.0,0.0,0.0,nan,0,1,1.0,0.0,-2.1081042445278832e-05,0.0006083613371442717,nan,-2.1081042445278832e-05,0.0006083613371442717,nan,0.6319276905387298,0.6319276905387298,0.0,0.0,0.0,nan,0,1,1.0,0.0,0.00014293337556057698,0.0009402008288390846,nan,0.00014293337556057698,0.0009402008288390846,nan,0.5664748587816355,0.5664748587816355,0.0,0.0,0.0,nan,0
698,0.6610000000000005,0.45,,scientific,0,1,0.19419354838709676,1.0,0.0,0.000143530341689399,0.0009405842882323571,nan,0.000143530341689399,0.0009405842882323571,nan,0.5663262529820988,0.5663262529820988,0.0,0.0,0.0,nan,0,1,1.0,0.0,-2.1081042445278832e-05,0.0006083613371442717,nan,-2.1081042445278832e-05,0.0006083613371442717,nan,0.6319276905387298,0.6319276905387298,0.0,0.0,0.0,nan,0,1,1.0,0.0,0.000143530341689399,0.0009405842882323571,nan,0.000143530341689399,0.0009405842882323571,nan,0.5663262529820988,0.5663262529820988,0.0,0.0,0.0,nan,0
699,0.6620000000000005,0.45,,scientific,0,1,0.19419354838709676,1.0,0.0,0.00014414934789911231,0.0009409544572155275,nan,0.00014414934789911231,0.0009409544572155275,nan,0.5661774848741856,0.5661774848741856,0.0,0.0,0.0,nan,0,1,1.0,0.0,-2.1081042445278832e-05,0.0006083613371442717,nan,-2.1081042445278832e-05,0.0006083613371442717,nan,0.6319276905387298,0.6319276905387298,0.0,0.0,0.0,nan,0,1,1.0,0.0,0.00014414934789911231,0.0009409544572155275,nan,0.00014414934789911231,0.0009409544572155275,nan,0.5661774848741856,0.5661774848741856,0.0,0.0,0.0,nan,0
700,0.6630000000000005,0.45,,scientific,0,1,0.19419354838709676,1.0,0.0,-0.00042665922327821734,-0.00017994577816980495,nan,-0.00042665922327821734,-0.00017994577816980495,nan,0.5676994633559304,0.5676994633559304,0.0,0.0,0.0,nan,0,1,1.0,0.0,-0.0003690468997205561,-7.438710449726503e-05,nan,-0.0003690468997205561,-7.438710449726503e-05,nan,0.6330042283420484,0.6330042283420484,0.0,0.0,0.0,nan,0,1,1.0,0.0,-0.00042665922327821734,-0.00017994577816980495,nan,-0.00042665922327821734,-0.00017994577816980495,nan,0.5676994633559304,0.5676994633559304,0.0,0.0,0.0,nan,0
701,0.6640000000000005,0.45,,scientific,0,1,0.19419354838709676,1.0,0.0,-0.00042636191339482266,-0.00018031672786195476,nan,-0.00042636191339482266,-0.00018031672786195476,nan,0.5675512043046579,0.5675512043046579,0.0,0.0,0.0,nan,0,1,1.0,0.0,-0.0003690468997205561,-7.438710449726503e-05,nan,-0.0003690468997205561,-7.438710449726503e-05,nan,0.6330042283420484,0.6330042283420484,0.0,0.0,0.0,nan,0,1,1.0,0.0,-0.00042636191339482266,-0.00018031672786195476,nan,-0.00042636191339482266,-0.00018031672786195476,nan,0.5675512043046579,0.5675512043046579,0.0,0.0,0.0,nan,0
702,0.6650000000000005,0.45,,scientific,0,1,0.19419354838709676,1.0,0.0,-0.00042604171624450787,-0.00018070027707842856,nan,-0.00042604171624450787,-0.00018070027707842856,nan,0.5674027832735964,0.5674027832735964,0.0,0.0,0.0,nan,0,1,1.0,0.0,-0.0003690468997205561,-7.438710449726503e-05,nan,-0.0003690468997205561,-7.438710449726503e-05,nan,0.6330042283420484,0.6330042283420484,0.0,0.0,0.0,nan,0,1,1.0,0.0,-0.00042604171624450787,-0.00018070027707842856,nan,-0.00042604171624450787,-0.00018070027707842856,nan,0.5674027832735964,0.5674027832735964,0.0,0.0,0.0,nan,0
703,0.6660000000000005,0.45,,scientific,0,1,0.19419354838709676,1.0,0.0,-0.00042569847980998364,-0.00018109650813232466,nan,-0.00042569847980998364,-0.00018109650813232466,nan,0.5672542010275725,0.5672542010275725,0.0,0.0,0.0,nan,0,1,1.0,0.0,-0.0003690468997205561,-7.438710449726503e-05,nan,-0.0003690468997205561,-7.438710449726503e-05,nan,0.6330042283420484,0.6330042283420484,0.0,0.0,0.0,nan,0,1,1.0,0.0,-0.00042569847980998364,-0.00018109650813232466,nan,-0.00042569847980998364,-0.00018109650813232466,nan,0.5672542010275725,0.5672542010275725,0.0,0.0,0.0,nan,0
704,0.6670000000000005,0.45,,scientific,0,1,0.19419354838709676,1.0,0.0,-0.0004253320526319624,-0.0001815055026310268,nan,-0.0004253320526319624,-0.0001815055026310268,nan,0.5671054583388524,0.5671054583388524,0.0,0.0,0.0,nan,0,1,1.0,0.0,-0.0003690468997205561,-7.438710449726503e-05,nan,-0.0003690468997205561,-7.438710449726503e-05,nan,0.6330042283420484,0.6330042283420484,0.0,0.0,0.0,nan,0,1,1.0,0.0,-0.0004253320526319624,-0.0001815055026310268,nan,-0.0004253320526319624,-0.0001815055026310268,nan,0.5671054583388524,0.5671054583388524,0.0,0.0,0.0,nan,0
705,0.6680000000000005,0.45,,scientific,0,1,0.19419354838709676,1.0,0.0,-0.0004249422846321542,-0.00018192734101434962,nan,-0.0004249422846321542,-0.00018192734101434962,nan,0.566956555980685,0.566956555980685,0.0,0.0,0.0,nan,0,1,1.0,0.0,-0.0003690468997205561,-7.438710449726503e-05,nan,-0.0003690468997205561,-7.438710449726503e-05,nan,0.6330042283420484,0.6330042283420484,0.0,0.0,0.0,nan,0,1,1.0,0.0,-0.0004249422846321542,-0.00018192734101434962,nan,-0.0004249422846321542,-0.00018192734101434962,nan,0.566956555980685,0.566956555980685,0.0,0.0,0.0,nan,0
706,0.6690000000000005,0.45,,scientific,0,1,0.19419354838709676,1.0,0.0,-0.0004245290277544562,-0.00018236210260458717,nan,-0.0004245290277544562,-0.00018236210260458717,nan,0.5668074947221217,0.5668074947221217,0.0,0.0,0.0,nan,0,1,1.0,0.0,-0.0003690468997205561,-7.438710449726503e-05,nan,-0.0003690468997205561,-7.438710449726503e-05,nan,0.6330042283420484,0.6330042283420484,0.0,0.0,0.0,nan,0,1,1.0,0.0,-0.0004245290277544562,-0.00018236210260458717,nan,-0.0004245290277544562,-0.00018236210260458717,nan,0.5668074947221217,0.5668074947221217,0.0,0.0,0.0,nan,0
707,0.6700000000000005,0.45,,scientific,0,1,0.19419354838709676,1.0,0.0,-5.426074097134326e-06,0.0010278752262424633,nan,-5.426074097134326e-06,0.0010278752262424633,nan,0.5683638394099559,0.5683638394099559,0.0,0.0,0.0,nan,0,1,1.0,0.0,-0.0001188093869024402,0.0006479840409730651,nan,-0.0001188093869024402,0.0006479840409730651,nan,0.6340807661453669,0.6340807661453669,0.0,0.0,0.0,nan,0,1,1.0,0.0,-5.426074097134326e-06,0.0010278752262424633,nan,-5.426074097134326e-06,0.0010278752262424633,nan,0.5683638394099559,0.5683638394099559,0.0,0.0,0.0,nan,0
708,0.6710000000000005,0.45,,scientific,0,1,0.19419354838709676,1.0,0.0,-4.707731538542647e-06,0.0010281731978619927,nan,-4.707731538542647e-06,0.0010281731978619927,nan,0.5682152905703186,0.5682152905703186,0.0,0.0,0.0,nan,0,1,1.0,0.0,-0.0001188093869024402,0.0006479840409730651,nan,-0.0001188093869024402,0.0006479840409730651,nan,0.6340807661453669,0.6340807661453669,0.0,0.0,0.0,nan,0,1,1.0,0.0,-4.707731538542647e-06,0.0010281731978619927,nan,-4.707731538542647e-06,0.0010281731978619927,nan,0.5682152905703186,0.5682152905703186,0.0,0.0,0.0,nan,0
709,0.6720000000000005,0.45,,scientific,0,1,0.19419354838709676,1.0,0.0,-3.965976634571773e-06,0.0010284568282731442,nan,-3.965976634571773e-06,0.0010284568282731442,nan,0.5680665828185681,0.5680665828185681,0.0,0.0,0.0,nan,0,1,1.0,0.0,-0.0001188093869024402,0.0006479840409730651,nan,-0.0001188093869024402,0.0006479840409730651,nan,0.6340807661453669,0.6340807661453669,0.0,0.0,0.0,nan,0,1,1.0,0.0,-3.965976634571773e-06,0.0010284568282731442,nan,-3.965976634571773e-06,0.0010284568282731442,nan,0.5680665828185681,0.5680665828185681,0.0,0.0,0.0,nan,0
710,0.6730000000000005,0.45,,scientific,0,1,0.19419354838709676,1.0,0.0,-3.2006709267684e-06,0.0010287260297051567,nan,-3.2006709267684e-06,0.0010287260297051567,nan,0.5679177169144256,0.5679177169144256,0.0,0.0,0.0,nan,0,1,1.0,0.0,-0.0001188093869024402,0.0006479840409730651,nan,-0.0001188093869024402,0.0006479840409730651,nan,0.6340807661453669,0.6340807661453669,0.0,0.0,0.0,nan,0,1,1.0,0.0,-3.2006709267684e-06,0.0010287260297051567,nan,-3.2006709267684e-06,0.0010287260297051567,nan,0.5679177169144256,0.5679177169144256,0.0,0.0,0.0,nan,0
711,0.6740000000000005,0.45,,scientific,0,1,0.19419354838709676,1.0,0.0,-2.4116773531920893e-06,0.0010289807149167025,nan,-2.4116773531920893e-06,0.0010289807149167025,nan,0.5677686936221424,0.5677686936221424,0.0,0.0,0.0,nan,0,1,1.0,0.0,-0.0001188093869024402,0.0006479840409730651,nan,-0.0001188093869024402,0.0006479840409730651,nan,0.6340807661453669,0.6340807661453669,0.0,0.0,0.0,nan,0,1,1.0,0.0,-2.4116773531920893e-06,0.0010289807149167025,nan,-2.4116773531920893e-06,0.0010289807149167025,nan,0.5677686936221424,0.5677686936221424,0.0,0.0,0.0,nan,0
712,0.6750000000000005,0.45,,scientific,0,1,0.19419354838709676,1.0,0.0,-1.598861008635103e-06,0.001029220797377101,nan,-1.598861008635103e-06,0.001029220797377101,nan,0.5676195137123072,0.5676195137123072,0.0,0.0,0.0,nan,0,1,1.0,0.0,-0.0001188093869024402,0.0006479840409730651,nan,-0.0001188093869024402,0.0006479840409730651,nan,0.6340807661453669,0.6340807661453669,0.0,0.0,0.0,nan,0,1,1.0,0.0,-1.598861008635103e-06,0.001029220797377101,nan,-1.598861008635103e-06,0.001029220797377101,nan,0.5676195137123072,0.5676195137123072,0.0,0.0,0.0,nan,0
713,0.6760000000000005,0.45,,scientific,0,1,0.19419354838709676,1.0,0.0,-7.620880780055268e-07,0.0010294461919774826,nan,-7.620880780055268e-07,0.0010294461919774826,nan,0.5674701779538839,0.5674701779538839,0.0,0.0,0.0,nan,0,1,1.0,0.0,-0.0001188093869024402,0.0006479840409730651,nan,-0.0001188093869024402,0.0006479840409730651,nan,0.6340807661453669,0.6340807661453669,0.0,0.0,0.0,nan,0,1,1.0,0.0,-7.620880780055268e-07,0.0010294461919774826,nan,-7.620880780055268e-07,0.0010294461919774826,nan,0.5674701779538839,0.5674701779538839,0.0,0.0,0.0,nan,0
714,0.6770000000000005,0.45,,scientific,0,1,0.19419354838709676,1.0,0.0,9.877447362480786e-08,0.0010296568146944353,nan,9.877447362480786e-08,0.0010296568146944353,nan,0.567320687111917,0.567320687111917,0.0,0.0,0.0,nan,0,1,1.0,0.0,-0.0001188093869024402,0.0006479840409730651,nan,-0.0001188093869024402,0.0006479840409730651,nan,0.6340807661453669,0.6340807661453669,0.0,0.0,0.0,nan,0,1,1.0,0.0,9.877447362480786e-08,0.0010296568146944353,nan,9.877447362480786e-08,0.0010296568146944353,nan,0.567320687111917,0.567320687111917,0.0,0.0,0.0,nan,0
715,0.6780000000000005,0.45,,scientific,0,1,0.19419354838709676,1.0,0.0,9.838585115280359e-07,0.001029852581423266,nan,9.838585115280359e-07,0.001029852581423266,nan,0.567171041959259,0.567171041959259,0.0,0.0,0.0,nan,0,1,1.0,0.0,-0.0001188093869024402,0.0006479840409730651,nan,-0.0001188093869024402,0.0006479840409730651,nan,0.6340807661453669,0.6340807661453669,0.0,0.0,0.0,nan,0,1,1.0,0.0,9.838585115280359e-07,0.001029852581423266,nan,9.838585115280359e-07,0.001029852581423266,nan,0.567171041959259,0.567171041959259,0.0,0.0,0.0,nan,0
716,0.6790000000000005,0.45,,scientific,0,1,0.19419354838709676,1.0,0.0,1.8932951219993004e-06,0.0010300334084645355,nan,1.8932951219993004e-06,0.0010300334084645355,nan,0.5670212432738795,0.5670212432738795,0.0,0.0,0.0,nan,0,1,1.0,0.0,-0.0001188093869024402,0.0006479840409730651,nan,-0.0001188093869024402,0.0006479840409730651,nan,0.6340807661453669,0.6340807661453669,0.0,0.0,0.0,nan,0,1,1.0,0.0,1.8932951219993004e-06,0.0010300334084645355,nan,1.8932951219993004e-06,0.0010300334084645355,nan,0.5670212432738795,0.5670212432738795,0.0,0.0,0.0,nan,0
717,0.6800000000000005,0.45,,scientific,0,1,0.19419354838709676,1.0,0.0,0.0009528822356898663,0.0017403878357438675,nan,0.0009528822356898663,0.0017403878357438675,nan,0.5684472261741567,0.5684472261741567,0.0,0.0,0.0,nan,0,1,1.0,0.0,0.0004933483726312475,0.0011064161086128085,nan,0.0004933483726312475,0.0011064161086128085,nan,0.6351573039486855,0.6351573039486855,0.0,0.0,0.0,nan,0,1,1.0,0.0,0.0009528822356898663,0.0017403878357438675,nan,0.0009528822356898663,0.0017403878357438675,nan,0.5684472261741567,0.5684472261741567,0.0,0.0,0.0,nan,0
718,0.6810000000000005,0.45,,scientific,0,1,0.19419354838709676,1.0,0.0,0.0009544044387292808,0.0017409593034120655,nan,0.0009544044387292808,0.0017409593034120655,nan,0.5682978340547268,0.5682978340547268,0.0,0.0,0.0,nan,0,1,1.0,0.0,0.0004933483726312475,0.0011064161086128085,nan,0.0004933483726312475,0.0011064161086128085,nan,0.6351573039486855,0.6351573039486855,0.0,0.0,0.0,nan,0,1,1.0,0.0,0.0009544044387292808,0.0017409593034120655,nan,0.0009544044387292808,0.0017409593034120655,nan,0.5682978340547268,0.5682978340547268,0.0,0.0,0.0,nan,0
719,0.6820000000000005,0.45,,scientific,0,1,0.19419354838709676,1.0,0.0,0.0009559510305217681,0.0017415154248617162,nan,0.0009559510305217681,0.0017415154248617162,nan,0.5681482897115687,0.5681482897115687,0.0,0.0,0.0,nan,0,1,1.0,0.0,0.0004933483726312475,0.0011064161086128085,nan,0.0004933483726312475,0.0011064161086128085,nan,0.6351573039486855,0.6351573039486855,0.0,0.0,0.0,nan,0,1,1.0,0.0,0.0009559510305217681,0.0017415154248617162,nan,0.0009559510305217681,0.0017415154248617162,nan,0.5681482897115687,0.5681482897115687,0.0,0.0,0.0,nan,0
720,0.6830000000000005,0.45,,scientific,0,1,0.19419354838709676,1.0,0.0,2.5582265038205585e-05,0.0025370256103275195,nan,2.5582265038205585e-05,0.0025370256103275195,nan,0.569630244758704,0.569630244758704,0.0,0.0,0.0,nan,0,1,1.0,0.0,-8.603505379574843e-05,0.0016036711780530104,nan,-8.603505379574843e-05,0.0016036711780530104,nan,0.6362338417520041,0.6362338417520041,0.0,0.0,0.0,nan,0,1,1.0,0.0,2.5582265038205585e-05,0.0025370256103275195,nan,2.5582265038205585e-05,0.0025370256103275195,nan,0.569630244758704,0.569630244758704,0.0,0.0,0.0,nan,0
721,0.6840000000000005,0.45,,scientific,0,1,0.19419354838709676,1.0,0.0,2.6590637305583328e-05,0.0025380380593390366,nan,2.6590637305583328e-05,0.0025380380593390366,nan,0.5694811955550041,0.5694811955550041,0.0,0.0,0.0,nan,0,1,1.0,0.0,-8.603505379574843e-05,0.0016036711780530104,nan,-8.603505379574843e-05,0.0016036711780530104,nan,0.6362338417520041,0.6362338417520041,0.0,0.0,0.0,nan,0,1,1.0,0.0,2.6590637305583328e-05,0.0025380380593390366,nan,2.6590637305583328e-05,0.0025380380593390366,nan,0.5694811955550041,0.5694811955550041,0.0,0.0,0.0,nan,0
722,0.6850000000000005,0.45,,scientific,0,1,0.19548387096774195,1.0,0.0,2.7624475195134214e-05,0.0025390342737771237,nan,2.7624475195134214e-05,0.0025390342737771237,nan,0.5693319946253317,0.5693319946253317,0.0,0.0,0.0,nan,0,1,1.0,0.0,-8.603505379574843e-05,0.0016036711780530104,nan,-8.603505379574843e-05,0.0016036711780530104,nan,0.6362338417520041,0.6362338417520041,0.0,0.0,0.0,nan,0,1,1.0,0.0,2.7624475195134214e-05,0.0025390342737771237,nan,2.7624475195134214e-05,0.0025390342737771237,nan,0.5693319946253317,0.5693319946253317,0.0,0.0,0.0,nan,0
723,0.6860000000000005,0.45,,scientific,0,1,0.19548387096774195,1.0,0.0,2.8683906231696577e-05,0.0025400141674856136,nan,2.8683906231696577e-05,0.0025400141674856136,nan,0.5691826427390447,0.5691826427390447,0.0,0.0,0.0,nan,0,1,1.0,0.0,-8.603505379574843e-05,0.0016036711780530104,nan,-8.603505379574843e-05,0.0016036711780530104,nan,0.6362338417520041,0.6362338417520041,0.0,0.0,0.0,nan,0,1,1.0,0.0,2.8683906231696577e-05,0.0025400141674856136,nan,2.8683906231696577e-05,0.0025400141674856136,nan,0.5691826427390447,0.5691826427390447,0.0,0.0,0.0,nan,0
724,0.6870000000000005,0.45,,scientific,0,1,0.19548387096774195,1.0,0.0,2.9769056605894806e-05,0.0025409776546098882,nan,2.9769056605894806e-05,0.0025409776546098882,nan,0.5690331406599215,0.5690331406599215,0.0,0.0,0.0,nan,0,1,1.0,0.0,-8.603505379574843e-05,0.0016036711780530104,nan,-8.603505379574843e-05,0.0016036711780530104,nan,0.6362338417520041,0.6362338417520041,0.0,0.0,0.0,nan,0,1,1.0,0.0,2.9769056605894806e-05,0.0025409776546098882,nan,2.9769056605894806e-05,0.0025409776546098882,nan,0.5690331406599215,0.5690331406599215,0.0,0.0,0.0,nan,0
725,0.6880000000000005,0.45,,scientific,0,1,0.19548387096774195,1.0,0.0,-0.00039327823574523073,0.0013503271699778201,nan,-0.00039327823574523073,0.0013503271699778201,nan,0.5705611611200376,0.5705611611200376,0.0,0.0,0.0,nan,0,1,1.0,0.0,-0.0003433193341906912,0.0008829200683448918,nan,-0.0003433193341906912,0.0008829200683448918,nan,0.6373103795553229,0.6373103795553229,0.0,0.0,0.0,nan,0,1,1.0,0.0,-0.00039327823574523073,0.0013503271699778201,nan,-0.00039327823574523073,0.0013503271699778201,nan,0.5705611611200376,0.5705611611200376,0.0,0.0,0.0,nan,0
726,0.6890000000000005,0.45,,scientific,0,1,0.19548387096774195,1.0,0.0,-0.0003924061789607234,0.001350514969938596,nan,-0.0003924061789607234,0.001350514969938596,nan,0.5704121679367877,0.5704121679367877,0.0,0.0,0.0,nan,0,1,1.0,0.0,-0.0003433193341906912,0.0008829200683448918,nan,-0.0003433193341906912,0.0008829200683448918,nan,0.6373103795553229,0.6373103795553229,0.0,0.0,0.0,nan,0,1,1.0,0.0,-0.0003924061789607234,0.001350514969938596,nan,-0.0003924061789607234,0.001350514969938596,nan,0.5704121679367877,0.5704121679367877,0.0,0.0,0.0,nan,0
727,0.6900000000000005,0.45,,scientific,0,1,0.19548387096774195,1.0,0.0,-0.0003915077557858869,0.001350687183197926,nan,-0.0003915077557858869,0.001350687183197926,nan,0.5702630248341729,0.5702630248341729,0.0,0.0,0.0,nan,0,1,1.0,0.0,-0.0003433193341906912,0.0008829200683448918,nan,-0.0003433193341906912,0.0008829200683448918,nan,0.6373103795553229,0.6373103795553229,0.0,0.0,0.0,nan,0,1,1.0,0.0,-0.0003915077557858869,0.001350687183197926,nan,-0.0003915077557858869,0.001350687183197926,nan,0.5702630248341729,0.5702630248341729,0.0,0.0,0.0,nan,0
728,0.6910000000000005,0.45,,scientific,0,1,0.19548387096774195,1.0,0.0,-0.0003905828437294681,0.0013508437364466708,nan,-0.0003905828437294681,0.0013508437364466708,nan,0.5701137325778411,0.5701137325778411,0.0,0.0,0.0,nan,0,1,1.0,0.0,-0.0003433193341906912,0.0008829200683448918,nan,-0.0003433193341906912,0.0008829200683448918,nan,0.6373103795553229,0.6373103795553229,0.0,0.0,0.0,nan,0,1,1.0,0.0,-0.0003905828437294681,0.0013508437364466708,nan,-0.0003905828437294681,0.0013508437364466708,nan,0.5701137325778411,0.5701137325778411,0.0,0.0,0.0,nan,0
729,0.6920000000000005,0.45,,scientific,0,1,0.19612903225806452,1.0,0.0,-0.001602607298208051,0.0015353232563690812,nan,-0.001602607298208051,0.0015353232563690812,nan,0.5716034376177016,0.5716034376177016,0.0,0.0,0.0,nan,0,1,1.0,0.0,-0.001096290743984659,0.0009975121440760776,nan,-0.001096290743984659,0.0009975121440760776,nan,0.6383869173586415,0.6383869173586415,0.0,0.0,0.0,nan,0,1,1.0,0.0,-0.001602607298208051,0.0015353232563690812,nan,-0.001602607298208051,0.0015353232563690812,nan,0.5716034376177016,0.5716034376177016,0.0,0.0,0.0,nan,0
730,0.6930000000000005,0.45,,scientific,0,1,0.19612903225806452,1.0,0.0,-0.0016023771531859124,0.0015355663232088457,nan,-0.0016023771531859124,0.0015355663232088457,nan,0.5714546433252687,0.5714546433252687,0.0,0.0,0.0,nan,0,1,1.0,0.0,-0.001096290743984659,0.0009975121440760776,nan,-0.001096290743984659,0.0009975121440760776,nan,0.6383869173586415,0.6383869173586415,0.0,0.0,0.0,nan,0,1,1.0,0.0,-0.0016023771531859124,0.0015355663232088457,nan,-0.0016023771531859124,0.0015355663232088457,nan,0.5714546433252687,0.5714546433252687,0.0,0.0,0.0,nan,0
731,0.6940000000000005,0.45,,scientific,0,1,0.19612903225806452,1.0,0.0,-0.002721030451919324,0.002208237306424229,nan,-0.002721030451919324,0.002208237306424229,nan,0.573063248789968,0.573063248789968,0.0,0.0,0.0,nan,0,1,1.0,0.0,-0.0017450492751778352,0.0013884221163112582,nan,-0.0017450492751778352,0.0013884221163112582,nan,0.63946345516196,0.63946345516196,0.0,0.0,0.0,nan,0,1,1.0,0.0,-0.002721030451919324,0.002208237306424229,nan,-0.002721030451919324,0.002208237306424229,nan,0.573063248789968,0.573063248789968,0.0,0.0,0.0,nan,0
732,0.6950000000000005,0.45,,scientific,0,1,0.19612903225806452,1.0,0.0,-0.002721357381499982,0.0022088131523182583,nan,-0.002721357381499982,0.0022088131523182583,nan,0.5729148806874627,0.5729148806874627,0.0,0.0,0.0,nan,0,1,1.0,0.0,-0.0017450492751778352,0.0013884221163112582,nan,-0.0017450492751778352,0.0013884221163112582,nan,0.63946345516196,0.63946345516196,0.0,0.0,0.0,nan,0,1,1.0,0.0,-0.002721357381499982,0.0022088131523182583,nan,-0.002721357381499982,0.0022088131523182583,nan,0.5729148806874627,0.5729148806874627,0.0,0.0,0.0,nan,0
733,0.6960000000000005,0.45,,scientific,0,1,0.19612903225806452,1.0,0.0,-0.002721654303640817,0.002209371738562842,nan,-0.002721654303640817,0.002209371738562842,nan,0.5727663617221103,0.5727663617221103,0.0,0.0,0.0,nan,0,1,1.0,0.0,-0.0017450492751778352,0.0013884221163112582,nan,-0.0017450492751778352,0.0013884221163112582,nan,0.63946345516196,0.63946345516196,0.0,0.0,0.0,nan,0,1,1.0,0.0,-0.002721654303640817,0.002209371738562842,nan,-0.002721654303640817,0.002209371738562842,nan,0.5727663617221103,0.5727663617221103,0.0,0.0,0.0,nan,0
734,0.6970000000000005,0.45,,scientific,0,1,0.19612903225806452,1.0,0.0,-0.003957506565678352,0.0026183506915816047,nan,-0.003957506565678352,0.0026183506915816047,nan,0.5743775930025163,0.5743775930025163,0.0,0.0,0.0,nan,0,1,1.0,0.0,-0.002462170371776275,0.0016259857416341694,nan,-0.002462170371776275,0.0016259857416341694,nan,0.6405399929652786,0.6405399929652786,0.0,0.0,0.0,nan,0,1,1.0,0.0,-0.003957506565678352,0.0026183506915816047,nan,-0.003957506565678352,0.0026183506915816047,nan,0.5743775930025163,0.5743775930025163,0.0,0.0,0.0,nan,0
735,0.6980000000000005,0.45,,scientific,0,1,0.19612903225806452,1.0,0.0,-0.003958414105801572,0.0026190964022060775,nan,-0.003958414105801572,0.0026190964022060775,nan,0.5742294971592001,0.5742294971592001,0.0,0.0,0.0,nan,0,1,1.0,0.0,-0.002462170371776275,0.0016259857416341694,nan,-0.002462170371776275,0.0016259857416341694,nan,0.6405399929652786,0.6405399929652786,0.0,0.0,0.0,nan,0,1,1.0,0.0,-0.003958414105801572,0.0026190964022060775,nan,-0.003958414105801572,0.0026190964022060775,nan,0.5742294971592001,0.5742294971592001,0.0,0.0,0.0,nan,0
736,0.6990000000000005,0.45,,scientific,0,1,0.19612903225806452,1.0,0.0,-0.003959289144872877,0.002619823942516114,nan,-0.003959289144872877,0.002619823942516114,nan,0.5740812490491086,0.5740812490491086,0.0,0.0,0.0,nan,0,1,1.0,0.0,-0.002462170371776275,0.0016259857416341694,nan,-0.002462170371776275,0.0016259857416341694,nan,0.6405399929652786,0.6405399929652786,0.0,0.0,0.0,nan,0,1,1.0,0.0,-0.003959289144872877,0.002619823942516114,nan,-0.003959289144872877,0.002619823942516114,nan,0.5740812490491086,0.5740812490491086,0.0,0.0,0.0,nan,0
737,0.7000000000000005,0.45,,scientific,0,1,0.19612903225806452,1.0,0.0,-0.003960131530483025,0.0026205332320038835,nan,-0.003960131530483025,0.0026205332320038835,nan,0.5739328493913709,0.5739328493913709,0.0,0.0,0.0,nan,0,1,1.0,0.0,-0.002462170371776275,0.0016259857416341694,nan,-0.002462170371776275,0.0016259857416341694,nan,0.6405399929652786,0.6405399929652786,0.0,0.0,0.0,nan,0,1,1.0,0.0,-0.003960131530483025,0.0026205332320038835,nan,-0.003960131530483025,0.0026205332320038835,nan,0.5739328493913709,0.5739328493913709,0.0,0.0,0.0,nan,0
738,0.7010000000000005,0.45,,scientific,0,1,0.19612903225806452,1.0,0.0,-0.0029270062335187536,0.003219214103748993,nan,-0.0029270062335187536,0.003219214103748993,nan,0.5753774650227861,0.5753774650227861,0.0,0.0,0.0,nan,0,1,1.0,0.0,-0.0018041281984631768,0.0020097225814392663,nan,-0.0018041281984631768,0.0020097225814392663,nan,0.6416165307685973,0.6416165307685973,0.0,0.0,0.0,nan,0,1,1.0,0.0,-0.0029270062335187536,0.003219214103748993,nan,-0.0029270062335187536,0.003219214103748993,nan,0.5753774650227861,0.5753774650227861,0.0,0.0,0.0,nan,0
739,0.7020000000000005,0.45,,scientific,0,1,0.19612903225806452,1.0,0.0,-0.00292717508827092,0.0032202367327211533,nan,-0.00292717508827092,0.0032202367327211533,nan,0.5752294773063935,0.5752294773063935,0.0,0.0,0.0,nan,0,1,1.0,0.0,-0.0018041281984631768,0.0020097225814392663,nan,-0.0018041281984631768,0.0020097225814392663,nan,0.6416165307685973,0.6416165307685973,0.0,0.0,0.0,nan,0,1,1.0,0.0,-0.00292717508827092,0.0032202367327211533,nan,-0.00292717508827092,0.0032202367327211533,nan,0.5752294773063935,0.5752294773063935,0.0,0.0,0.0,nan,0
740,0.7030000000000005,0.45,,scientific,0,1,0.19612903225806452,1.0,0.0,-0.0035753490715827144,0.0021065930785743314,nan,-0.0035753490715827144,0.0021065930785743314,nan,0.5768138036126376,0.5768138036126376,0.0,0.0,0.0,nan,0,1,1.0,0.0,-0.002187602595377951,0.0013552153566169733,nan,-0.002187602595377951,0.0013552153566169733,nan,0.6426930685719159,0.6426930685719159,0.0,0.0,0.0,nan,0,1,1.0,0.0,-0.0035753490715827144,0.0021065930785743314,nan,-0.0035753490715827144,0.0021065930785743314,nan,0.5768138036126376,0.5768138036126376,0.0,0.0,0.0,nan,0
741,0.7040000000000005,0.45,,scientific,0,1,0.19612903225806452,1.0,0.0,-0.003575842482427604,0.0021069067626310095,nan,-0.003575842482427604,0.0021069067626310095,nan,0.5766663233890996,0.5766663233890996,0.0,0.0,0.0,nan,0,1,1.0,0.0,-0.002187602595377951,0.0013552153566169733,nan,-0.002187602595377951,0.0013552153566169733,nan,0.6426930685719159,0.6426930685719159,0.0,0.0,0.0,nan,0,1,1.0,0.0,-0.003575842482427604,0.0021069067626310095,nan,-0.003575842482427604,0.0021069067626310095,nan,0.5766663233890996,0.5766663233890996,0.0,0.0,0.0,nan,0
742,0.7050000000000005,0.45,,scientific,0,1,0.19612903225806452,1.0,0.0,-0.003576302328284829,0.002107202923627634,nan,-0.003576302328284829,0.002107202923627634,nan,0.5765186917518194,0.5765186917518194,0.0,0.0,0.0,nan,0,1,1.0,0.0,-0.002187602595377951,0.0013552153566169733,nan,-0.002187602595377951,0.0013552153566169733,nan,0.6426930685719159,0.6426930685719159,0.0,0.0,0.0,nan,0,1,1.0,0.0,-0.003576302328284829,0.002107202923627634,nan,-0.003576302328284829,0.002107202923627634,nan,0.5765186917518194,0.5765186917518194,0.0,0.0,0.0,nan,0
743,0.7060000000000005,0.45,,scientific,0,1,0.19612903225806452,1.0,0.0,-0.003576728463664688,0.0021074814949290713,nan,-0.003576728463664688,0.0021074814949290713,nan,0.5763709094072944,0.5763709094072944,0.0,0.0,0.0,nan,0,1,1.0,0.0,-0.002187602595377951,0.0013552153566169733,nan,-0.002187602595377951,0.0013552153566169733,nan,0.6426930685719159,0.6426930685719159,0.0,0.0,0.0,nan,0,1,1.0,0.0,-0.003576728463664688,0.0021074814949290713,nan,-0.003576728463664688,0.0021074814949290713,nan,0.5763709094072944,0.5763709094072944,0.0,0.0,0.0,nan,0
744,0.7070000000000005,0.45,,scientific,0,1,0.19612903225806452,1.0,0.0,-0.003577120744845077,0.0021077424106950198,nan,-0.003577120744845077,0.0021077424106950198,nan,0.5762229770671464,0.5762229770671464,0.0,0.0,0.0,nan,0,1,1.0,0.0,-0.002187602595377951,0.0013552153566169733,nan,-0.002187602595377951,0.0013552153566169733,nan,0.6426930685719159,0.6426930685719159,0.0,0.0,0.0,nan,0,1,1.0,0.0,-0.003577120744845077,0.0021077424106950198,nan,-0.003577120744845077,0.0021077424106950198,nan,0.5762229770671464,0.5762229770671464,0.0,0.0,0.0,nan,0
745,0.7080000000000005,0.45,,scientific,0,1,0.19612903225806452,1.0,0.0,-0.0035774790297261956,0.002107985605754712,nan,-0.0035774790297261956,0.002107985605754712,nan,0.5760748954429976,0.5760748954429976,0.0,0.0,0.0,nan,0,1,1.0,0.0,-0.002187602595377951,0.0013552153566169733,nan,-0.002187602595377951,0.0013552153566169733,nan,0.6426930685719159,0.6426930685719159,0.0,0.0,0.0,nan,0,1,1.0,0.0,-0.0035774790297261956,0.002107985605754712,nan,-0.0035774790297261956,0.002107985605754712,nan,0.5760748954429976,0.5760748954429976,0.0,0.0,0.0,nan,0
746,0.7090000000000005,0.45,,scientific,0,1,0.19612903225806452,1.0,0.0,-0.003501578049168777,0.0009190581876321802,nan,-0.003501578049168777,0.0009190581876321802,nan,0.5775193867475665,0.5775193867475665,0.0,0.0,0.0,nan,0,1,1.0,0.0,-0.0021416896799217764,0.0005961746171881602,nan,-0.0021416896799217764,0.0005961746171881602,nan,0.6437696063731149,0.6437696063731149,0.0,0.0,0.0,nan,0,1,1.0,0.0,-0.003501578049168777,0.0009190581876321802,nan,-0.003501578049168777,0.0009190581876321802,nan,0.5775193867475665,0.5775193867475665,0.0,0.0,0.0,nan,0
747,0.7100000000000005,0.45,,scientific,0,1,0.19612903225806452,1.0,0.0,-0.0035018207114344366,0.0009185808631067909,nan,-0.0035018207114344366,0.0009185808631067909,nan,0.5773717045710837,0.5773717045710837,0.0,0.0,0.0,nan,0,1,1.0,0.0,-0.0021416896799217764,0.0005961746171881602,nan,-0.0021416896799217764,0.0005961746171881602,nan,0.6437696063731149,0.6437696063731149,0.0,0.0,0.0,nan,0,1,1.0,0.0,-0.0035018207114344366,0.0009185808631067909,nan,-0.0035018207114344366,0.0009185808631067909,nan,0.5773717045710837,0.5773717045710837,0.0,0.0,0.0,nan,0
748,0.7110000000000005,0.45,,scientific,0,1,0.19612903225806452,1.0,0.0,-0.003502029074824553,0.0009180860234354014,nan,-0.003502029074824553,0.0009180860234354014,nan,0.5772238742089137,0.5772238742089137,0.0,0.0,0.0,nan,0,1,1.0,0.0,-0.0021416896799217764,0.0005961746171881602,nan,-0.0021416896799217764,0.0005961746171881602,nan,0.6437696063731149,0.6437696063731149,0.0,0.0,0.0,nan,0,1,1.0,0.0,-0.003502029074824553,0.0009180860234354014,nan,-0.003502029074824553,0.0009180860234354014,nan,0.5772238742089137,0.5772238742089137,0.0,0.0,0.0,nan,0
749,0.7120000000000005,0.45,,scientific,0,1,0.19612903225806452,1.0,0.0,-0.003502203003285622,0.0009175736102622883,nan,-0.003502203003285622,0.0009175736102622883,nan,0.5770758963743072,0.5770758963743072,0.0,0.0,0.0,nan,0,1,1.0,0.0,-0.0021416896799217764,0.0005961746171881602,nan,-0.0021416896799217764,0.0005961746171881602,nan,0.6437696063731149,0.6437696063731149,0.0,0.0,0.0,nan,0,1,1.0,0.0,-0.003502203003285622,0.0009175736102622883,nan,-0.003502203003285622,0.0009175736102622883,nan,0.5770758963743072,0.5770758963743072,0.0,0.0,0.0,nan,0
750,0.7130000000000005,0.45,,scientific,0,1,0.19612903225806452,1.0,0.0,-0.003502342362954926,0.0009170435659487755,nan,-0.003502342362954926,0.0009170435659487755,nan,0.5769277717811963,0.5769277717811963,0.0,0.0,0.0,nan,0,1,1.0,0.0,-0.0021416896799217764,0.0005961746171881602,nan,-0.0021416896799217764,0.0005961746171881602,nan,0.6437696063731149,0.6437696063731149,0.0,0.0,0.0,nan,0,1,1.0,0.0,-0.003502342362954926,0.0009170435659487755,nan,-0.003502342362954926,0.0009170435659487755,nan,0.5769277717811963,0.5769277717811963,0.0,0.0,0.0,nan,0
751,0.7140000000000005,0.45,,scientific,0,1,0.19612903225806452,1.0,0.0,-0.003502447022119063,0.0009164958335858536,nan,-0.003502447022119063,0.0009164958335858536,nan,0.576779501151266,0.576779501151266,0.0,0.0,0.0,nan,0,1,1.0,0.0,-0.0021416896799217764,0.0005961746171881602,nan,-0.0021416896799217764,0.0005961746171881602,nan,0.6437696063731149,0.6437696063731149,0.0,0.0,0.0,nan,0,1,1.0,0.0,-0.003502447022119063,0.0009164958335858536,nan,-0.003502447022119063,0.0009164958335858536,nan,0.576779501151266,0.576779501151266,0.0,0.0,0.0,nan,0
752,0.7150000000000005,0.45,,scientific,0,1,0.19612903225806452,1.0,0.0,-0.0035025168504203247,0.0009159303571883532,nan,-0.0035025168504203247,0.0009159303571883532,nan,0.5766310852076313,0.5766310852076313,0.0,0.0,0.0,nan,0,1,1.0,0.0,-0.0021416896799217764,0.0005961746171881602,nan,-0.0021416896799217764,0.0005961746171881602,nan,0.6437696063731149,0.6437696063731149,0.0,0.0,0.0,nan,0,1,1.0,0.0,-0.0035025168504203247,0.0009159303571883532,nan,-0.0035025168504203247,0.0009159303571883532,nan,0.5766310852076313,0.5766310852076313,0.0,0.0,0.0,nan,0
753,0.7160000000000005,0.45,,scientific,0,1,0.19612903225806452,1.0,0.0,-0.003502551718421475,0.000915347082619897,nan,-0.003502551718421475,0.000915347082619897,nan,0.5764825246713596,0.5764825246713596,0.0,0.0,0.0,nan,0,1,1.0,0.0,-0.0021416896799217764,0.0005961746171881602,nan,-0.0021416896799217764,0.0005961746171881602,nan,0.6437696063731149,0.6437696063731149,0.0,0.0,0.0,nan,0,1,1.0,0.0,-0.003502551718421475,0.000915347082619897,nan,-0.003502551718421475,0.000915347082619897,nan,0.5764825246713596,0.5764825246713596,0.0,0.0,0.0,nan,0
754,0.7170000000000005,0.45,,scientific,0,1,0.1967741935483871,1.0,0.0,-0.0035025514981196267,0.0009147459568422734,nan,-0.0035025514981196267,0.0009147459568422734,nan,0.5763338202632702,0.5763338202632702,0.0,0.0,0.0,nan,0,1,1.0,0.0,-0.0021416896799217764,0.0005961746171881602,nan,-0.0021416896799217764,0.0005961746171881602,nan,0.6437696063731149,0.6437696063731149,0.0,0.0,0.0,nan,0,1,1.0,0.0,-0.0035025514981196267,0.0009147459568422734,nan,-0.0035025514981196267,0.0009147459568422734,nan,0.5763338202632702,0.5763338202632702,0.0,0.0,0.0,nan,0
755,0.7180000000000005,0.45,,scientific,0,1,0.1967741935483871,1.0,0.0,-0.0035025160631388602,0.0009141269280251218,nan,-0.0035025160631388602,0.0009141269280251218,nan,0.5761849727067725,0.5761849727067725,0.0,0.0,0.0,nan,0,1,1.0,0.0,-0.0021416896799217764,0.0005961746171881602,nan,-0.0021416896799217764,0.0005961746171881602,nan,0.6437696063731149,0.6437696063731149,0.0,0.0,0.0,nan,0,1,1.0,0.0,-0.0035025160631388602,0.0009141269280251218,nan,-0.0035025160631388602,0.0009141269280251218,nan,0.5761849727067725,0.5761849727067725,0.0,0.0,0.0,nan,0
756,0.7190000000000005,0.45,,scientific,0,1,0.1967741935483871,1.0,0.0,-0.003502445289180237,0.0009134899456260944,nan,-0.003502445289180237,0.0009134899456260944,nan,0.5760359827266825,0.5760359827266825,0.0,0.0,0.0,nan,0,1,1.0,0.0,-0.0021416896799217764,0.0005961746171881602,nan,-0.0021416896799217764,0.0005961746171881602,nan,0.6437696063731149,0.6437696063731149,0.0,0.0,0.0,nan,0,1,1.0,0.0,-0.003502445289180237,0.0009134899456260944,nan,-0.003502445289180237,0.0009134899456260944,nan,0.5760359827266825,0.5760359827266825,0.0,0.0,0.0,nan,0
757,0.7200000000000005,0.45,,scientific,0,1,0.1967741935483871,1.0,0.0,-0.0035023390539688387,0.0009128349592941264,nan,-0.0035023390539688387,0.0009128349592941264,nan,0.575886851046481,0.575886851046481,0.0,0.0,0.0,nan,0,1,1.0,0.0,-0.0021416896799217764,0.0005961746171881602,nan,-0.0021416896799217764,0.0005961746171881602,nan,0.6437696063731149,0.6437696063731149,0.0,0.0,0.0,nan,0,1,1.0,0.0,-0.0035023390539688387,0.0009128349592941264,nan,-0.0035023390539688387,0.0009128349592941264,nan,0.575886851046481,0.575886851046481,0.0,0.0,0.0,nan,0
758,0.7210000000000005,0.45,,scientific,0,1,0.1967741935483871,1.0,0.0,-0.0035021972365357422,0.0009121619190750502,nan,-0.0035021972365357422,0.0009121619190750502,nan,0.5757375783914735,0.5757375783914735,0.0,0.0,0.0,nan,0,1,1.0,0.0,-0.0021416896799217764,0.0005961746171881602,nan,-0.0021416896799217764,0.0005961746171881602,nan,0.6437696063731149,0.6437696063731149,0.0,0.0,0.0,nan,0,1,1.0,0.0,-0.0035021972365357422,0.0009121619190750502,nan,-0.0035021972365357422,0.0009121619190750502,nan,0.5757375783914735,0.5757375783914735,0.0,0.0,0.0,nan,0
759,0.7220000000000005,0.45,,scientific,0,1,0.1967741935483871,1.0,0.0,-0.0035020197174617227,0.000911470775948194,nan,-0.0035020197174617227,0.000911470775948194,nan,0.5755881654917867,0.5755881654917867,0.0,0.0,0.0,nan,0,1,1.0,0.0,-0.0021416896799217764,0.0005961746171881602,nan,-0.0021416896799217764,0.0005961746171881602,nan,0.6437696063731149,0.6437696063731149,0.0,0.0,0.0,nan,0,1,1.0,0.0,-0.0035020197174617227,0.000911470775948194,nan,-0.0035020197174617227,0.000911470775948194,nan,0.5755881654917867,0.5755881654917867,0.0,0.0,0.0,nan,0
760,0.7230000000000005,0.45,,scientific,0,1,0.1967741935483871,1.0,0.0,-0.0035018063788988174,0.0009107614818685541,nan,-0.0035018063788988174,0.0009107614818685541,nan,0.5754386130822626,0.5754386130822626,0.0,0.0,0.0,nan,0,1,1.0,0.0,-0.0021416896799217764,0.0005961746171881602,nan,-0.0021416896799217764,0.0005961746171881602,nan,0.6437696063731149,0.6437696063731149,0.0,0.0,0.0,nan,0,1,1.0,0.0,-0.0035018063788988174,0.0009107614818685541,nan,-0.0035018063788988174,0.0009107614818685541,nan,0.5754386130822626,0.5754386130822626,0.0,0.0,0.0,nan,0
761,0.7240000000000005,0.45,,scientific,0,1,0.1967741935483871,1.0,0.0,-0.0035015571044157983,0.0009100339893909608,nan,-0.0035015571044157983,0.0009100339893909608,nan,0.5752889218931223,0.5752889218931223,0.0,0.0,0.0,nan,0,1,1.0,0.0,-0.0021416896799217764,0.0005961746171881602,nan,-0.0021416896799217764,0.0005961746171881602,nan,0.6437696063731149,0.6437696063731149,0.0,0.0,0.0,nan,0,1,1.0,0.0,-0.0035015571044157983,0.0009100339893909608,nan,-0.0035015571044157983,0.0009100339893909608,nan,0.5752889218931223,0.5752889218931223,0.0,0.0,0.0,nan,0
762,0.7250000000000005,0.45,,scientific,0,1,0.1967741935483871,1.0,0.0,-0.003501271780115185,0.0009092882523472032,nan,-0.003501271780115185,0.0009092882523472032,nan,0.575139092656107,0.575139092656107,0.0,0.0,0.0,nan,0,1,1.0,0.0,-0.0021416896799217764,0.0005961746171881602,nan,-0.0021416896799217764,0.0005961746171881602,nan,0.6437696063731149,0.6437696063731149,0.0,0.0,0.0,nan,0,1,1.0,0.0,-0.003501271780115185,0.0009092882523472032,nan,-0.003501271780115185,0.0009092882523472032,nan,0.575139092656107,0.575139092656107,0.0,0.0,0.0,nan,0
763,0.7260000000000005,0.45,,scientific,0,1,0.1967741935483871,1.0,0.0,-0.0035009502938214586,0.0009085242261184184,nan,-0.0035009502938214586,0.0009085242261184184,nan,0.5749891261057596,0.5749891261057596,0.0,0.0,0.0,nan,0,1,1.0,0.0,-0.0021416896799217764,0.0005961746171881602,nan,-0.0021416896799217764,0.0005961746171881602,nan,0.6437696063731149,0.6437696063731149,0.0,0.0,0.0,nan,0,1,1.0,0.0,-0.0035009502938214586,0.0009085242261184184,nan,-0.0035009502938214586,0.0009085242261184184,nan,0.5749891261057596,0.5749891261057596,0.0,0.0,0.0,nan,0
764,0.7270000000000005,0.45,,scientific,0,1,0.1967741935483871,1.0,0.0,-0.0027623440170251624,0.001993518444956234,nan,-0.0027623440170251624,0.001993518444956234,nan,0.5766003094089254,0.5766003094089254,0.0,0.0,0.0,nan,0,1,1.0,0.0,-0.0017182908652702829,0.0012244542768196824,nan,-0.0017182908652702829,0.0012244542768196824,nan,0.6448461441764335,0.6448461441764335,0.0,0.0,0.0,nan,0,1,1.0,0.0,-0.0027623440170251624,0.001993518444956234,nan,-0.0027623440170251624,0.001993518444956234,nan,0.5766003094089254,0.5766003094089254,0.0,0.0,0.0,nan,0
765,0.7280000000000005,0.45,,scientific,0,1,0.1967741935483871,1.0,0.0,-0.0031686805066735283,0.003147011519398744,nan,-0.0031686805066735283,0.003147011519398744,nan,0.5781068168047049,0.5781068168047049,0.0,0.0,0.0,nan,0,1,1.0,0.0,-0.001971297743067706,0.0019348071000975923,nan,-0.001971297743067706,0.0019348071000975923,nan,0.6459226819797521,0.6459226819797521,0.0,0.0,0.0,nan,0,1,1.0,0.0,-0.0031686805066735283,0.003147011519398744,nan,-0.0031686805066735283,0.003147011519398744,nan,0.5781068168047049,0.5781068168047049,0.0,0.0,0.0,nan,0
766,0.7290000000000005,0.45,,scientific,0,1,0.1967741935483871,1.0,0.0,-0.0029628473763088485,0.0019600009424322533,nan,-0.0029628473763088485,0.0019600009424322533,nan,0.5795670248340058,0.5795670248340058,0.0,0.0,0.0,nan,0,1,1.0,0.0,-0.0018433394466801601,0.0011859783386044876,nan,-0.0018433394466801601,0.0011859783386044876,nan,0.6469992197769888,0.6469992197769888,0.0,0.0,0.0,nan,0,1,1.0,0.0,-0.0029628473763088485,0.0019600009424322533,nan,-0.0029628473763088485,0.0019600009424322533,nan,0.5795670248340058,0.5795670248340058,0.0,0.0,0.0,nan,0
767,0.7300000000000005,0.45,,scientific,0,1,0.1967741935483871,1.0,0.0,-0.0029620674753757835,0.001959807185409014,nan,-0.0029620674753757835,0.001959807185409014,nan,0.5794187754911071,0.5794187754911071,0.0,0.0,0.0,nan,0,1,1.0,0.0,-0.0018433394466801601,0.0011859783386044876,nan,-0.0018433394466801601,0.0011859783386044876,nan,0.6469992197769888,0.6469992197769888,0.0,0.0,0.0,nan,0,1,1.0,0.0,-0.0029620674753757835,0.001959807185409014,nan,-0.0029620674753757835,0.001959807185409014,nan,0.5794187754911071,0.5794187754911071,0.0,0.0,0.0,nan,0
768,0.7310000000000005,0.45,,scientific,0,1,0.1967741935483871,1.0,0.0,-0.0029612516668731134,0.001959593202933183,nan,-0.0029612516668731134,0.001959593202933183,nan,0.5792703870538136,0.5792703870538136,0.0,0.0,0.0,nan,0,1,1.0,0.0,-0.0018433394466801601,0.0011859783386044876,nan,-0.0018433394466801601,0.0011859783386044876,nan,0.6469992197769888,0.6469992197769888,0.0,0.0,0.0,nan,0,1,1.0,0.0,-0.0029612516668731134,0.001959593202933183,nan,-0.0029612516668731134,0.001959593202933183,nan,0.5792703870538136,0.5792703870538136,0.0,0.0,0.0,nan,0
769,0.7320000000000005,0.45,,scientific,0,1,0.1967741935483871,1.0,0.0,-0.0029603998516882562,0.001959358937705973,nan,-0.0029603998516882562,0.001959358937705973,nan,0.5791218602381414,0.5791218602381414,0.0,0.0,0.0,nan,0,1,1.0,0.0,-0.0018433394466801601,0.0011859783386044876,nan,-0.0018433394466801601,0.0011859783386044876,nan,0.6469992197769888,0.6469992197769888,0.0,0.0,0.0,nan,0,1,1.0,0.0,-0.0029603998516882562,0.001959358937705973,nan,-0.0029603998516882562,0.001959358937705973,nan,0.5791218602381414,0.5791218602381414,0.0,0.0,0.0,nan,0
770,0.7330000000000005,0.45,,scientific,0,1,0.1967741935483871,1.0,0.0,-0.0029595119318181896,0.0019591043326403317,nan,-0.0029595119318181896,0.0019591043326403317,nan,0.5789731957573321,0.5789731957573321,0.0,0.0,0.0,nan,0,1,1.0,0.0,-0.0018433394466801601,0.0011859783386044876,nan,-0.0018433394466801601,0.0011859783386044876,nan,0.6469992197769888,0.6469992197769888,0.0,0.0,0.0,nan,0,1,1.0,0.0,-0.0029595119318181896,0.0019591043326403317,nan,-0.0029595119318181896,0.0019591043326403317,nan,0.5789731957573321,0.5789731957573321,0.0,0.0,0.0,nan,0
771,0.7340000000000005,0.45,,scientific,0,1,0.1967741935483871,1.0,0.0,-0.0029585878117694138,0.0019588293320473064,nan,-0.0029585878117694138,0.0019588293320473064,nan,0.5788243943251095,0.5788243943251095,0.0,0.0,0.0,nan,0,1,1.0,0.0,-0.0018433394466801601,0.0011859783386044876,nan,-0.0018433394466801601,0.0011859783386044876,nan,0.6469992197769888,0.6469992197769888,0.0,0.0,0.0,nan,0,1,1.0,0.0,-0.0029585878117694138,0.0019588293320473064,nan,-0.0029585878117694138,0.0019588293320473064,nan,0.5788243943251095,0.5788243943251095,0.0,0.0,0.0,nan,0
772,0.7350000000000005,0.45,,scientific,0,1,0.1967741935483871,1.0,0.0,-0.0029576273989127227,0.001958533881516196,nan,-0.0029576273989127227,0.001958533881516196,nan,0.5786754566572342,0.5786754566572342,0.0,0.0,0.0,nan,0,1,1.0,0.0,-0.0018433394466801601,0.0011859783386044876,nan,-0.0018433394466801601,0.0011859783386044876,nan,0.6469992197769888,0.6469992197769888,0.0,0.0,0.0,nan,0,1,1.0,0.0,-0.0029576273989127227,0.001958533881516196,nan,-0.0029576273989127227,0.001958533881516196,nan,0.5786754566572342,0.5786754566572342,0.0,0.0,0.0,nan,0
773,0.7360000000000005,0.45,,scientific,0,1,0.1967741935483871,1.0,0.0,-0.0029566306027470706,0.001958217927400779,nan,-0.0029566306027470706,0.001958217927400779,nan,0.5785263834730141,0.5785263834730141,0.0,0.0,0.0,nan,0,1,1.0,0.0,-0.0018433394466801601,0.0011859783386044876,nan,-0.0018433394466801601,0.0011859783386044876,nan,0.6469992197769888,0.6469992197769888,0.0,0.0,0.0,nan,0,1,1.0,0.0,-0.0029566306027470706,0.001958217927400779,nan,-0.0029566306027470706,0.001958217927400779,nan,0.5785263834730141,0.5785263834730141,0.0,0.0,0.0,nan,0
774,0.7370000000000005,0.45,,scientific,0,1,0.1967741935483871,1.0,0.0,-0.002955597334060057,0.001957881417544782,nan,-0.002955597334060057,0.001957881417544782,nan,0.5783771754911136,0.5783771754911136,0.0,0.0,0.0,nan,0,1,1.0,0.0,-0.0018433394466801601,0.0011859783386044876,nan,-0.0018433394466801601,0.0011859783386044876,nan,0.6469992197769888,0.6469992197769888,0.0,0.0,0.0,nan,0,1,1.0,0.0,-0.002955597334060057,0.001957881417544782,nan,-0.002955597334060057,0.001957881417544782,nan,0.5783771754911136,0.5783771754911136,0.0,0.0,0.0,nan,0
775,0.7380000000000005,0.45,,scientific,0,1,0.1967741935483871,1.0,0.0,-0.002954527504950616,0.001957524301949784,nan,-0.002954527504950616,0.001957524301949784,nan,0.5782278334309188,0.5782278334309188,0.0,0.0,0.0,nan,0,1,1.0,0.0,-0.0018433394466801601,0.0011859783386044876,nan,-0.0018433394466801601,0.0011859783386044876,nan,0.6469992197769888,0.6469992197769888,0.0,0.0,0.0,nan,0,1,1.0,0.0,-0.002954527504950616,0.001957524301949784,nan,-0.002954527504950616,0.001957524301949784,nan,0.5782278334309188,0.5782278334309188,0.0,0.0,0.0,nan,0
776,0.7390000000000005,0.45,,scientific,0,1,0.1967741935483871,1.0,0.0,-0.0029534210297969495,0.0019571465311755912,nan,-0.0029534210297969495,0.0019571465311755912,nan,0.5780783580119926,0.5780783580119926,0.0,0.0,0.0,nan,0,1,1.0,0.0,-0.0018433394466801601,0.0011859783386044876,nan,-0.0018433394466801601,0.0011859783386044876,nan,0.6469992197769888,0.6469992197769888,0.0,0.0,0.0,nan,0,1,1.0,0.0,-0.0029534210297969495,0.0019571465311755912,nan,-0.0029534210297969495,0.0019571465311755912,nan,0.5780783580119926,0.5780783580119926,0.0,0.0,0.0,nan,0
777,0.7400000000000005,0.45,,scientific,0,1,0.1967741935483871,1.0,0.0,-0.002952277824728495,0.001956748056104748,nan,-0.002952277824728495,0.001956748056104748,nan,0.5779287499570479,0.5779287499570479,0.0,0.0,0.0,nan,0,1,1.0,0.0,-0.0018433394466801601,0.0011859783386044876,nan,-0.0018433394466801601,0.0011859783386044876,nan,0.6469992197769888,0.6469992197769888,0.0,0.0,0.0,nan,0,1,1.0,0.0,-0.002952277824728495,0.001956748056104748,nan,-0.002952277824728495,0.001956748056104748,nan,0.5779287499570479,0.5779287499570479,0.0,0.0,0.0,nan,0
778,0.7410000000000005,0.45,,scientific,0,1,0.1967741935483871,1.0,0.0,-0.002951097808258676,0.0019563288286884245,nan,-0.002951097808258676,0.0019563288286884245,nan,0.5777790099871124,0.5777790099871124,0.0,0.0,0.0,nan,0,1,1.0,0.0,-0.0018433394466801601,0.0011859783386044876,nan,-0.0018433394466801601,0.0011859783386044876,nan,0.6469992197769888,0.6469992197769888,0.0,0.0,0.0,nan,0,1,1.0,0.0,-0.002951097808258676,0.0019563288286884245,nan,-0.002951097808258676,0.0019563288286884245,nan,0.5777790099871124,0.5777790099871124,0.0,0.0,0.0,nan,0
779,0.7420000000000005,0.45,,scientific,0,1,0.1967741935483871,1.0,0.0,-0.0029498809014297835,0.001955888802011862,nan,-0.0029498809014297835,0.001955888802011862,nan,0.5776291388252991,0.5776291388252991,0.0,0.0,0.0,nan,0,1,1.0,0.0,-0.0018433394466801601,0.0011859783386044876,nan,-0.0018433394466801601,0.0011859783386044876,nan,0.6469992197769888,0.6469992197769888,0.0,0.0,0.0,nan,0,1,1.0,0.0,-0.0029498809014297835,0.001955888802011862,nan,-0.0029498809014297835,0.001955888802011862,nan,0.5776291388252991,0.5776291388252991,0.0,0.0,0.0,nan,0
780,0.7430000000000005,0.45,,scientific,0,1,0.1967741935483871,1.0,0.0,-0.003029818516404718,0.0032804693957854602,nan,-0.003029818516404718,0.0032804693957854602,nan,0.5792783473393028,0.5792783473393028,0.0,0.0,0.0,nan,0,1,1.0,0.0,-0.0018911840685420138,0.001936287975271566,nan,-0.0018911840685420138,0.001936287975271566,nan,0.6480757575803074,0.6480757575803074,0.0,0.0,0.0,nan,0,1,1.0,0.0,-0.003029818516404718,0.0032804693957854602,nan,-0.003029818516404718,0.0032804693957854602,nan,0.5792783473393028,0.5792783473393028,0.0,0.0,0.0,nan,0
781,0.7440000000000005,0.45,,scientific,0,1,0.1967741935483871,1.0,0.0,-0.00302857194307334,0.0032806467953504516,nan,-0.00302857194307334,0.0032806467953504516,nan,0.5791288683632518,0.5791288683632518,0.0,0.0,0.0,nan,0,1,1.0,0.0,-0.0018911840685420138,0.001936287975271566,nan,-0.0018911840685420138,0.001936287975271566,nan,0.6480757575803074,0.6480757575803074,0.0,0.0,0.0,nan,0,1,1.0,0.0,-0.00302857194307334,0.0032806467953504516,nan,-0.00302857194307334,0.0032806467953504516,nan,0.5791288683632518,0.5791288683632518,0.0,0.0,0.0,nan,0
782,0.7450000000000006,0.45,,scientific,0,1,0.1967741935483871,1.0,0.0,-0.003027288215755699,0.0032808006666610757,nan,-0.003027288215755699,0.0032808006666610757,nan,0.5789792563186988,0.5789792563186988,0.0,0.0,0.0,nan,0,1,1.0,0.0,-0.0018911840685420138,0.001936287975271566,nan,-0.0018911840685420138,0.001936287975271566,nan,0.6480757575803074,0.6480757575803074,0.0,0.0,0.0,nan,0,1,1.0,0.0,-0.003027288215755699,0.0032808006666610757,nan,-0.003027288215755699,0.0032808006666610757,nan,0.5789792563186988,0.5789792563186988,0.0,0.0,0.0,nan,0
783,0.7460000000000006,0.45,,scientific,0,1,0.1967741935483871,1.0,0.0,-0.003025967262336849,0.003280930948808316,nan,-0.003025967262336849,0.003280930948808316,nan,0.5788295119181917,0.5788295119181917,0.0,0.0,0.0,nan,0,1,1.0,0.0,-0.0018911840685420138,0.001936287975271566,nan,-0.0018911840685420138,0.001936287975271566,nan,0.6480757575803074,0.6480757575803074,0.0,0.0,0.0,nan,0,1,1.0,0.0,-0.003025967262336849,0.003280930948808316,nan,-0.003025967262336849,0.003280930948808316,nan,0.5788295119181917,0.5788295119181917,0.0,0.0,0.0,nan,0
784,0.7470000000000006,0.45,,scientific,0,1,0.1967741935483871,1.0,0.0,-0.003024609012457914,0.0032810375823071987,nan,-0.003024609012457914,0.0032810375823071987,nan,0.5786796358733215,0.5786796358733215,0.0,0.0,0.0,nan,0,1,1.0,0.0,-0.0018911840685420138,0.001936287975271566,nan,-0.0018911840685420138,0.001936287975271566,nan,0.6480757575803074,0.6480757575803074,0.0,0.0,0.0,nan,0,1,1.0,0.0,-0.003024609012457914,0.0032810375823071987,nan,-0.003024609012457914,0.0032810375823071987,nan,0.5786796358733215,0.5786796358733215,0.0,0.0,0.0,nan,0
785,0.7480000000000006,0.45,,scientific,0,1,0.1967741935483871,1.0,0.0,-0.0030232133966295854,0.0032811205083088995,nan,-0.0030232133966295854,0.0032811205083088995,nan,0.5785296288961016,0.5785296288961016,0.0,0.0,0.0,nan,0,1,1.0,0.0,-0.0018911840685420138,0.001936287975271566,nan,-0.0018911840685420138,0.001936287975271566,nan,0.6480757575803074,0.6480757575803074,0.0,0.0,0.0,nan,0,1,1.0,0.0,-0.0030232133966295854,0.0032811205083088995,nan,-0.0030232133966295854,0.0032811205083088995,nan,0.5785296288961016,0.5785296288961016,0.0,0.0,0.0,nan,0
786,0.7490000000000006,0.45,,scientific,0,1,0.1967741935483871,1.0,0.0,-0.0030217803473927304,0.003281179669178394,nan,-0.0030217803473927304,0.003281179669178394,nan,0.5783794917020064,0.5783794917020064,0.0,0.0,0.0,nan,0,1,1.0,0.0,-0.0018911840685420138,0.001936287975271566,nan,-0.0018911840685420138,0.001936287975271566,nan,0.6480757575803074,0.6480757575803074,0.0,0.0,0.0,nan,0,1,1.0,0.0,-0.0030217803473927304,0.003281179669178394,nan,-0.0030217803473927304,0.003281179669178394,nan,0.5783794917020064,0.5783794917020064,0.0,0.0,0.0,nan,0
787,0.7500000000000006,0.45,,scientific,0,1,0.1967741935483871,1.0,0.0,-0.0030203097995454777,0.003281215008889271,nan,-0.0030203097995454777,0.003281215008889271,nan,0.5782292250081715,0.5782292250081715,0.0,0.0,0.0,nan,0,1,1.0,0.0,-0.0018911840685420138,0.001936287975271566,nan,-0.0018911840685420138,0.001936287975271566,nan,0.6480757575803074,0.6480757575803074,0.0,0.0,0.0,nan,0,1,1.0,0.0,-0.0030203097995454777,0.003281215008889271,nan,-0.0030203097995454777,0.003281215008889271,nan,0.5782292250081715,0.5782292250081715,0.0,0.0,0.0,nan,0
788,0.7510000000000006,0.45,,scientific,0,1,0.1967741935483871,1.0,0.0,-0.0030188016902324036,0.0032812264720270116,nan,-0.0030188016902324036,0.0032812264720270116,nan,0.5780788295296484,0.5780788295296484,0.0,0.0,0.0,nan,0,1,1.0,0.0,-0.0018911840685420138,0.001936287975271566,nan,-0.0018911840685420138,0.001936287975271566,nan,0.6480757575803074,0.6480757575803074,0.0,0.0,0.0,nan,0,1,1.0,0.0,-0.0030188016902324036,0.0032812264720270116,nan,-0.0030188016902324036,0.0032812264720270116,nan,0.5780788295296484,0.5780788295296484,0.0,0.0,0.0,nan,0
789,0.7520000000000006,0.45,,scientific,0,1,0.1967741935483871,1.0,0.0,-0.003017255959187472,0.0032812140036224697,nan,-0.003017255959187472,0.0032812140036224697,nan,0.5779283059840803,0.5779283059840803,0.0,0.0,0.0,nan,0,1,1.0,0.0,-0.0018911840685420138,0.001936287975271566,nan,-0.0018911840685420138,0.001936287975271566,nan,0.6480757575803074,0.6480757575803074,0.0,0.0,0.0,nan,0,1,1.0,0.0,-0.003017255959187472,0.0032812140036224697,nan,-0.003017255959187472,0.0032812140036224697,nan,0.5779283059840803,0.5779283059840803,0.0,0.0,0.0,nan,0
790,0.7530000000000006,0.45,,scientific,0,1,0.1967741935483871,1.0,0.0,-0.004169888526567791,0.002832258861872708,nan,-0.004169888526567791,0.002832258861872708,nan,0.57944950441212,0.57944950441212,0.0,0.0,0.0,nan,0,1,1.0,0.0,-0.0025950933821247664,0.0016668264383243047,nan,-0.0025950933821247664,0.0016668264383243047,nan,0.6491522953836261,0.6491522953836261,0.0,0.0,0.0,nan,0,1,1.0,0.0,-0.004169888526567791,0.002832258861872708,nan,-0.004169888526567791,0.002832258861872708,nan,0.57944950441212,0.57944950441212,0.0,0.0,0.0,nan,0
791,0.7540000000000006,0.45,,scientific,0,1,0.1967741935483871,1.0,0.0,-0.004168939792703158,0.002831931553616983,nan,-0.004168939792703158,0.002831931553616983,nan,0.5792994856001468,0.5792994856001468,0.0,0.0,0.0,nan,0,1,1.0,0.0,-0.0025950933821247664,0.0016668264383243047,nan,-0.0025950933821247664,0.0016668264383243047,nan,0.6491522953836261,0.6491522953836261,0.0,0.0,0.0,nan,0,1,1.0,0.0,-0.004168939792703158,0.002831931553616983,nan,-0.004168939792703158,0.002831931553616983,nan,0.5792994856001468,0.5792994856001468,0.0,0.0,0.0,nan,0
792,0.7550000000000006,0.45,,scientific,0,1,0.1967741935483871,1.0,0.0,-0.004167952225117922,0.0028315806799625435,nan,-0.004167952225117922,0.0028315806799625435,nan,0.5791493388581659,0.5791493388581659,0.0,0.0,0.0,nan,0,1,1.0,0.0,-0.0025950933821247664,0.0016668264383243047,nan,-0.0025950933821247664,0.0016668264383243047,nan,0.6491522953836261,0.6491522953836261,0.0,0.0,0.0,nan,0,1,1.0,0.0,-0.004167952225117922,0.0028315806799625435,nan,-0.004167952225117922,0.0028315806799625435,nan,0.5791493388581659,0.5791493388581659,0.0,0.0,0.0,nan,0
793,0.7560000000000006,0.45,,scientific,0,1,0.1967741935483871,1.0,0.0,-0.004166925759494687,0.002831206196903672,nan,-0.004166925759494687,0.002831206196903672,nan,0.5789990648917083,0.5789990648917083,0.0,0.0,0.0,nan,0,1,1.0,0.0,-0.0025950933821247664,0.0016668264383243047,nan,-0.0025950933821247664,0.0016668264383243047,nan,0.6491522953836261,0.6491522953836261,0.0,0.0,0.0,nan,0,1,1.0,0.0,-0.004166925759494687,0.002831206196903672,nan,-0.004166925759494687,0.002831206196903672,nan,0.5789990648917083,0.5789990648917083,0.0,0.0,0.0,nan,0
794,0.7570000000000006,0.45,,scientific,0,1,0.1967741935483871,1.0,0.0,-0.0041658603325036795,0.002830808061447081,nan,-0.0041658603325036795,0.002830808061447081,nan,0.5788486644076543,0.5788486644076543,0.0,0.0,0.0,nan,0,1,1.0,0.0,-0.0025950933821247664,0.0016668264383243047,nan,-0.0025950933821247664,0.0016668264383243047,nan,0.6491522953836261,0.6491522953836261,0.0,0.0,0.0,nan,0,1,1.0,0.0,-0.0041658603325036795,0.002830808061447081,nan,-0.0041658603325036795,0.002830808061447081,nan,0.5788486644076543,0.5788486644076543,0.0,0.0,0.0,nan,0
795,0.7580000000000006,0.45,,scientific,0,1,0.1967741935483871,1.0,0.0,-0.004164755883176135,0.0028303862316998484,nan,-0.004164755883176135,0.0028303862316998484,nan,0.5786981381077052,0.5786981381077052,0.0,0.0,0.0,nan,0,1,1.0,0.0,-0.0025950933821247664,0.0016668264383243047,nan,-0.0025950933821247664,0.0016668264383243047,nan,0.6491522953836261,0.6491522953836261,0.0,0.0,0.0,nan,0,1,1.0,0.0,-0.004164755883176135,0.0028303862316998484,nan,-0.004164755883176135,0.0028303862316998484,nan,0.5786981381077052,0.5786981381077052,0.0,0.0,0.0,nan,0
796,0.7590000000000006,0.45,,scientific,0,1,0.1967741935483871,1.0,0.0,-0.004163612352976407,0.0028299406667563866,nan,-0.004163612352976407,0.0028299406667563866,nan,0.5785474866988498,0.5785474866988498,0.0,0.0,0.0,nan,0,1,1.0,0.0,-0.0025950933821247664,0.0016668264383243047,nan,-0.0025950933821247664,0.0016668264383243047,nan,0.6491522953836261,0.6491522953836261,0.0,0.0,0.0,nan,0,1,1.0,0.0,-0.004163612352976407,0.0028299406667563866,nan,-0.004163612352976407,0.0028299406667563866,nan,0.5785474866988498,0.5785474866988498,0.0,0.0,0.0,nan,0
797,0.7600000000000006,0.45,,scientific,0,1,0.1967741935483871,1.0,0.0,-0.004162429685467307,0.0028294713266444737,nan,-0.004162429685467307,0.0028294713266444737,nan,0.5783967108930474,0.5783967108930474,0.0,0.0,0.0,nan,0,1,1.0,0.0,-0.0025950933821247664,0.0016668264383243047,nan,-0.0025950933821247664,0.0016668264383243047,nan,0.6491522953836261,0.6491522953836261,0.0,0.0,0.0,nan,0,1,1.0,0.0,-0.004162429685467307,0.0028294713266444737,nan,-0.004162429685467307,0.0028294713266444737,nan,0.5783967108930474,0.5783967108930474,0.0,0.0,0.0,nan,0
798,0.7610000000000006,0.45,,scientific,0,1,0.1967741935483871,1.0,0.0,-0.004161207826155797,0.002828978172936128,nan,-0.004161207826155797,0.002828978172936128,nan,0.5782458114030539,0.5782458114030539,0.0,0.0,0.0,nan,0,1,1.0,0.0,-0.0025950933821247664,0.0016668264383243047,nan,-0.0025950933821247664,0.0016668264383243047,nan,0.6491522953836261,0.6491522953836261,0.0,0.0,0.0,nan,0,1,1.0,0.0,-0.004161207826155797,0.002828978172936128,nan,-0.004161207826155797,0.002828978172936128,nan,0.5782458114030539,0.5782458114030539,0.0,0.0,0.0,nan,0
799,0.7620000000000006,0.45,,scientific,0,1,0.1967741935483871,1.0,0.0,-0.0036121961859075123,0.0023730076023639056,nan,-0.0036121961859075123,0.0023730076023639056,nan,0.5815272530869275,0.5815272530869275,0.0,0.0,0.0,nan,0,1,1.0,0.0,-0.002245865665912014,0.0014542337032389708,nan,-0.002245865665912014,0.0014542337032389708,nan,0.6513053709902632,0.6513053709902632,0.0,0.0,0.0,nan,0,1,1.0,0.0,-0.0036121961859075123,0.0023730076023639056,nan,-0.0036121961859075123,0.0023730076023639056,nan,0.5815272530869275,0.5815272530869275,0.0,0.0,0.0,nan,0
800,0.7630000000000006,0.45,,scientific,0,1,0.1967741935483871,1.0,0.0,-0.003610584184694149,0.0023722007282748927,nan,-0.003610584184694149,0.0023722007282748927,nan,0.5813775945075921,0.5813775945075921,0.0,0.0,0.0,nan,0,1,1.0,0.0,-0.002245865665912014,0.0014542337032389708,nan,-0.002245865665912014,0.0014542337032389708,nan,0.6513053709902632,0.6513053709902632,0.0,0.0,0.0,nan,0,1,1.0,0.0,-0.003610584184694149,0.0023722007282748927,nan,-0.003610584184694149,0.0023722007282748927,nan,0.5813775945075921,0.5813775945075921,0.0,0.0,0.0,nan,0
801,0.7640000000000006,0.45,,scientific,0,1,0.1967741935483871,1.0,0.0,-0.003608933149450448,0.002371371018346143,nan,-0.003608933149450448,0.002371371018346143,nan,0.5812278106866242,0.5812278106866242,0.0,0.0,0.0,nan,0,1,1.0,0.0,-0.002245865665912014,0.0014542337032389708,nan,-0.002245865665912014,0.0014542337032389708,nan,0.6513053709902632,0.6513053709902632,0.0,0.0,0.0,nan,0,1,1.0,0.0,-0.003608933149450448,0.002371371018346143,nan,-0.003608933149450448,0.002371371018346143,nan,0.5812278106866242,0.5812278106866242,0.0,0.0,0.0,nan,0
802,0.7650000000000006,0.45,,scientific,0,1,0.1967741935483871,1.0,0.0,-0.003607243036719832,0.002370518445185723,nan,-0.003607243036719832,0.002370518445185723,nan,0.5810779023258907,0.5810779023258907,0.0,0.0,0.0,nan,0,1,1.0,0.0,-0.002245865665912014,0.0014542337032389708,nan,-0.002245865665912014,0.0014542337032389708,nan,0.6513053709902632,0.6513053709902632,0.0,0.0,0.0,nan,0,1,1.0,0.0,-0.003607243036719832,0.002370518445185723,nan,-0.003607243036719832,0.002370518445185723,nan,0.5810779023258907,0.5810779023258907,0.0,0.0,0.0,nan,0
803,0.7660000000000006,0.45,,scientific,0,1,0.1967741935483871,1.0,0.0,-0.0036055138044259554,0.0023696429836717278,nan,-0.0036055138044259554,0.0023696429836717278,nan,0.5809278701263005,0.5809278701263005,0.0,0.0,0.0,nan,0,1,1.0,0.0,-0.002245865665912014,0.0014542337032389708,nan,-0.002245865665912014,0.0014542337032389708,nan,0.6513053709902632,0.6513053709902632,0.0,0.0,0.0,nan,0,1,1.0,0.0,-0.0036055138044259554,0.0023696429836717278,nan,-0.0036055138044259554,0.0023696429836717278,nan,0.5809278701263005,0.5809278701263005,0.0,0.0,0.0,nan,0
804,0.7670000000000006,0.45,,scientific,0,1,0.19741935483870968,1.0,0.0,-0.0036037454119450807,0.0023687446092121494,nan,-0.0036037454119450807,0.0023687446092121494,nan,0.5807777147898472,0.5807777147898472,0.0,0.0,0.0,nan,0,1,1.0,0.0,-0.002245865665912014,0.0014542337032389708,nan,-0.002245865665912014,0.0014542337032389708,nan,0.6513053709902632,0.6513053709902632,0.0,0.0,0.0,nan,0,1,1.0,0.0,-0.0036037454119450807,0.0023687446092121494,nan,-0.0036037454119450807,0.0023687446092121494,nan,0.5807777147898472,0.5807777147898472,0.0,0.0,0.0,nan,0
805,0.7680000000000006,0.45,,scientific,0,1,0.19806451612903225,1.0,0.0,-0.003601937821353177,0.0023678232975574026,nan,-0.003601937821353177,0.0023678232975574026,nan,0.5806274370225764,0.5806274370225764,0.0,0.0,0.0,nan,0,1,1.0,0.0,-0.002245865665912014,0.0014542337032389708,nan,-0.002245865665912014,0.0014542337032389708,nan,0.6513053709902632,0.6513053709902632,0.0,0.0,0.0,nan,0,1,1.0,0.0,-0.003601937821353177,0.0023678232975574026,nan,-0.003601937821353177,0.0023678232975574026,nan,0.5806274370225764,0.5806274370225764,0.0,0.0,0.0,nan,0
806,0.7690000000000006,0.45,,scientific,0,1,0.19806451612903225,1.0,0.0,-0.0036000909974697897,0.0023668790261945766,nan,-0.0036000909974697897,0.0023668790261945766,nan,0.5804770375297696,0.5804770375297696,0.0,0.0,0.0,nan,0,1,1.0,0.0,-0.002245865665912014,0.0014542337032389708,nan,-0.002245865665912014,0.0014542337032389708,nan,0.6513053709902632,0.6513053709902632,0.0,0.0,0.0,nan,0,1,1.0,0.0,-0.0036000909974697897,0.0023668790261945766,nan,-0.0036000909974697897,0.0023668790261945766,nan,0.5804770375297696,0.5804770375297696,0.0,0.0,0.0,nan,0
807,0.7700000000000006,0.45,,scientific,0,1,0.19806451612903225,1.0,0.0,-0.00359820490744459,0.0023659117747668575,nan,-0.00359820490744459,0.0023659117747668575,nan,0.5803265170179343,0.5803265170179343,0.0,0.0,0.0,nan,0,1,1.0,0.0,-0.002245865665912014,0.0014542337032389708,nan,-0.002245865665912014,0.0014542337032389708,nan,0.6513053709902632,0.6513053709902632,0.0,0.0,0.0,nan,0,1,1.0,0.0,-0.00359820490744459,0.0023659117747668575,nan,-0.00359820490744459,0.0023659117747668575,nan,0.5803265170179343,0.5803265170179343,0.0,0.0,0.0,nan,0
808,0.7710000000000006,0.45,,scientific,0,1,0.19806451612903225,1.0,0.0,-0.003821902182647847,0.0036834979067324586,nan,-0.003821902182647847,0.0036834979067324586,nan,0.5819959665755807,0.5819959665755807,0.0,0.0,0.0,nan,0,1,1.0,0.0,-0.0023746829168465656,0.0021918216229708915,nan,-0.0023746829168465656,0.0021918216229708915,nan,0.6523819087935818,0.6523819087935818,0.0,0.0,0.0,nan,0,1,1.0,0.0,-0.003821902182647847,0.0036834979067324586,nan,-0.003821902182647847,0.0036834979067324586,nan,0.5819959665755807,0.5819959665755807,0.0,0.0,0.0,nan,0
809,0.7720000000000006,0.45,,scientific,0,1,0.19806451612903225,1.0,0.0,-0.003820050663352311,0.003683119147248054,nan,-0.003820050663352311,0.003683119147248054,nan,0.5818458379682292,0.5818458379682292,0.0,0.0,0.0,nan,0,1,1.0,0.0,-0.0023746829168465656,0.0021918216229708915,nan,-0.0023746829168465656,0.0021918216229708915,nan,0.6523819087935818,0.6523819087935818,0.0,0.0,0.0,nan,0,1,1.0,0.0,-0.003820050663352311,0.003683119147248054,nan,-0.003820050663352311,0.003683119147248054,nan,0.5818458379682292,0.5818458379682292,0.0,0.0,0.0,nan,0
810,0.7730000000000006,0.45,,scientific,0,1,0.19806451612903225,1.0,0.0,-0.0038181594853334733,0.003682714703343212,nan,-0.0038181594853334733,0.003682714703343212,nan,0.5816955863081784,0.5816955863081784,0.0,0.0,0.0,nan,0,1,1.0,0.0,-0.0023746829168465656,0.0021918216229708915,nan,-0.0023746829168465656,0.0021918216229708915,nan,0.6523819087935818,0.6523819087935818,0.0,0.0,0.0,nan,0,1,1.0,0.0,-0.0038181594853334733,0.003682714703343212,nan,-0.0038181594853334733,0.003682714703343212,nan,0.5816955863081784,0.5816955863081784,0.0,0.0,0.0,nan,0
811,0.7740000000000006,0.45,,scientific,0,1,0.19806451612903225,1.0,0.0,-0.004887476943329682,0.002870576701819601,nan,-0.004887476943329682,0.002870576701819601,nan,0.5833688141146707,0.5833688141146707,0.0,0.0,0.0,nan,0,1,1.0,0.0,-0.002974447441925613,0.0017420794586111273,nan,-0.002974447441925613,0.0017420794586111273,nan,0.6534584465969004,0.6534584465969004,0.0,0.0,0.0,nan,0,1,1.0,0.0,-0.004887476943329682,0.002870576701819601,nan,-0.004887476943329682,0.002870576701819601,nan,0.5833688141146707,0.5833688141146707,0.0,0.0,0.0,nan,0
812,0.7750000000000006,0.45,,scientific,0,1,0.19806451612903225,1.0,0.0,-0.004886017269038624,0.002869738954201849,nan,-0.004886017269038624,0.002869738954201849,nan,0.583218935594896,0.583218935594896,0.0,0.0,0.0,nan,0,1,1.0,0.0,-0.002974447441925613,0.0017420794586111273,nan,-0.002974447441925613,0.0017420794586111273,nan,0.6534584465969004,0.6534584465969004,0.0,0.0,0.0,nan,0,1,1.0,0.0,-0.004886017269038624,0.002869738954201849,nan,-0.004886017269038624,0.002869738954201849,nan,0.583218935594896,0.583218935594896,0.0,0.0,0.0,nan,0
813,0.7760000000000006,0.45,,scientific,0,1,0.19806451612903225,1.0,0.0,-0.004884515787732688,0.0028688771907094384,nan,-0.004884515787732688,0.0028688771907094384,nan,0.5830689319099116,0.5830689319099116,0.0,0.0,0.0,nan,0,1,1.0,0.0,-0.002974447441925613,0.0017420794586111273,nan,-0.002974447441925613,0.0017420794586111273,nan,0.6534584465969004,0.6534584465969004,0.0,0.0,0.0,nan,0,1,1.0,0.0,-0.004884515787732688,0.0028688771907094384,nan,-0.004884515787732688,0.0028688771907094384,nan,0.5830689319099116,0.5830689319099116,0.0,0.0,0.0,nan,0
814,0.7770000000000006,0.45,,scientific,0,1,0.19806451612903225,1.0,0.0,-0.004882972465300531,0.002867991392457951,nan,-0.004882972465300531,0.002867991392457951,nan,0.5829188037350023,0.5829188037350023,0.0,0.0,0.0,nan,0,1,1.0,0.0,-0.002974447441925613,0.0017420794586111273,nan,-0.002974447441925613,0.0017420794586111273,nan,0.6534584465969004,0.6534584465969004,0.0,0.0,0.0,nan,0,1,1.0,0.0,-0.004882972465300531,0.002867991392457951,nan,-0.004882972465300531,0.002867991392457951,nan,0.5829188037350023,0.5829188037350023,0.0,0.0,0.0,nan,0
815,0.7780000000000006,0.45,,scientific,0,1,0.19806451612903225,1.0,0.0,-0.004881387270770173,0.0028670815426507135,nan,-0.004881387270770173,0.0028670815426507135,nan,0.5827685517377721,0.5827685517377721,0.0,0.0,0.0,nan,0,1,1.0,0.0,-0.002974447441925613,0.0017420794586111273,nan,-0.002974447441925613,0.0017420794586111273,nan,0.6534584465969004,0.6534584465969004,0.0,0.0,0.0,nan,0,1,1.0,0.0,-0.004881387270770173,0.0028670815426507135,nan,-0.004881387270770173,0.0028670815426507135,nan,0.5827685517377721,0.5827685517377721,0.0,0.0,0.0,nan,0
816,0.7790000000000006,0.45,,scientific,0,1,0.19806451612903225,1.0,0.0,-0.0048797601758537364,0.0028661476258255614,nan,-0.0048797601758537364,0.0028661476258255614,nan,0.5826181765922915,0.5826181765922915,0.0,0.0,0.0,nan,0,1,1.0,0.0,-0.002974447441925613,0.0017420794586111273,nan,-0.002974447441925613,0.0017420794586111273,nan,0.6534584465969004,0.6534584465969004,0.0,0.0,0.0,nan,0,1,1.0,0.0,-0.0048797601758537364,0.0028661476258255614,nan,-0.0048797601758537364,0.0028661476258255614,nan,0.5826181765922915,0.5826181765922915,0.0,0.0,0.0,nan,0
817,0.7800000000000006,0.45,,scientific,0,1,0.19806451612903225,1.0,0.0,-0.004878091153985891,0.002865189627085573,nan,-0.004878091153985891,0.002865189627085573,nan,0.5824676789747745,0.5824676789747745,0.0,0.0,0.0,nan,0,1,1.0,0.0,-0.002974447441925613,0.0017420794586111273,nan,-0.002974447441925613,0.0017420794586111273,nan,0.6534584465969004,0.6534584465969004,0.0,0.0,0.0,nan,0,1,1.0,0.0,-0.004878091153985891,0.002865189627085573,nan,-0.004878091153985891,0.002865189627085573,nan,0.5824676789747745,0.5824676789747745,0.0,0.0,0.0,nan,0
818,0.7810000000000006,0.45,,scientific,0,1,0.19806451612903225,1.0,0.0,-0.004876380181195491,0.002864207532955524,nan,-0.004876380181195491,0.002864207532955524,nan,0.5823170595523119,0.5823170595523119,0.0,0.0,0.0,nan,0,1,1.0,0.0,-0.002974447441925613,0.0017420794586111273,nan,-0.002974447441925613,0.0017420794586111273,nan,0.6534584465969004,0.6534584465969004,0.0,0.0,0.0,nan,0,1,1.0,0.0,-0.004876380181195491,0.002864207532955524,nan,-0.004876380181195491,0.002864207532955524,nan,0.5823170595523119,0.5823170595523119,0.0,0.0,0.0,nan,0
819,0.7820000000000006,0.45,,scientific,0,1,0.19806451612903225,1.0,0.0,-0.004874627236428328,0.002863201331789488,nan,-0.004874627236428328,0.002863201331789488,nan,0.5821663189980232,0.5821663189980232,0.0,0.0,0.0,nan,0,1,1.0,0.0,-0.002974447441925613,0.0017420794586111273,nan,-0.002974447441925613,0.0017420794586111273,nan,0.6534584465969004,0.6534584465969004,0.0,0.0,0.0,nan,0,1,1.0,0.0,-0.004874627236428328,0.002863201331789488,nan,-0.004874627236428328,0.002863201331789488,nan,0.5821663189980232,0.5821663189980232,0.0,0.0,0.0,nan,0
820,0.7830000000000006,0.45,,scientific,0,1,0.19806451612903225,1.0,0.0,-0.004872832300911648,0.0028621710127839125,nan,-0.004872832300911648,0.0028621710127839125,nan,0.5820154579927252,0.5820154579927252,0.0,0.0,0.0,nan,0,1,1.0,0.0,-0.002974447441925613,0.0017420794586111273,nan,-0.002974447441925613,0.0017420794586111273,nan,0.6534584465969004,0.6534584465969004,0.0,0.0,0.0,nan,0,1,1.0,0.0,-0.004872832300911648,0.0028621710127839125,nan,-0.004872832300911648,0.0028621710127839125,nan,0.5820154579927252,0.5820154579927252,0.0,0.0,0.0,nan,0
821,0.7840000000000006,0.45,,scientific,0,1,0.19806451612903225,1.0,0.0,-0.004870995357725682,0.002861116566976434,nan,-0.004870995357725682,0.002861116566976434,nan,0.5818644772190646,0.5818644772190646,0.0,0.0,0.0,nan,0,1,1.0,0.0,-0.002974447441925613,0.0017420794586111273,nan,-0.002974447441925613,0.0017420794586111273,nan,0.6534584465969004,0.6534584465969004,0.0,0.0,0.0,nan,0,1,1.0,0.0,-0.004870995357725682,0.002861116566976434,nan,-0.004870995357725682,0.002861116566976434,nan,0.5818644772190646,0.5818644772190646,0.0,0.0,0.0,nan,0
822,0.7850000000000006,0.45,,scientific,0,1,0.19806451612903225,1.0,0.0,-0.004869116392371872,0.0028600379867972257,nan,-0.004869116392371872,0.0028600379867972257,nan,0.5817133773596243,0.5817133773596243,0.0,0.0,0.0,nan,0,1,1.0,0.0,-0.002974447441925613,0.0017420794586111273,nan,-0.002974447441925613,0.0017420794586111273,nan,0.6534584465969004,0.6534584465969004,0.0,0.0,0.0,nan,0,1,1.0,0.0,-0.004869116392371872,0.0028600379867972257,nan,-0.004869116392371872,0.0028600379867972257,nan,0.5817133773596243,0.5817133773596243,0.0,0.0,0.0,nan,0
823,0.7860000000000006,0.45,,scientific,0,1,0.19870967741935483,1.0,0.0,-0.0048671953934282626,0.0028589352654343875,nan,-0.0048671953934282626,0.0028589352654343875,nan,0.581562159097039,0.581562159097039,0.0,0.0,0.0,nan,0,1,1.0,0.0,-0.002974447441925613,0.0017420794586111273,nan,-0.002974447441925613,0.0017420794586111273,nan,0.6534584465969004,0.6534584465969004,0.0,0.0,0.0,nan,0,1,1.0,0.0,-0.0048671953934282626,0.0028589352654343875,nan,-0.0048671953934282626,0.0028589352654343875,nan,0.581562159097039,0.581562159097039,0.0,0.0,0.0,nan,0
824,0.7870000000000006,0.45,,scientific,0,1,0.19870967741935483,1.0,0.0,-0.0048652323516564415,0.0028578083973693734,nan,-0.0048652323516564415,0.0028578083973693734,nan,0.5814108231160815,0.5814108231160815,0.0,0.0,0.0,nan,0,1,1.0,0.0,-0.002974447441925613,0.0017420794586111273,nan,-0.002974447441925613,0.0017420794586111273,nan,0.6534584465969004,0.6534584465969004,0.0,0.0,0.0,nan,0,1,1.0,0.0,-0.0048652323516564415,0.0028578083973693734,nan,-0.0048652323516564415,0.0028578083973693734,nan,0.5814108231160815,0.5814108231160815,0.0,0.0,0.0,nan,0
825,0.7880000000000006,0.45,,scientific,0,1,0.19870967741935483,1.0,0.0,-0.00486322725972692,0.0028566573784838825,nan,-0.00486322725972692,0.0028566573784838825,nan,0.5812593700980351,0.5812593700980351,0.0,0.0,0.0,nan,0,1,1.0,0.0,-0.002974447441925613,0.0017420794586111273,nan,-0.002974447441925613,0.0017420794586111273,nan,0.6534584465969004,0.6534584465969004,0.0,0.0,0.0,nan,0,1,1.0,0.0,-0.00486322725972692,0.0028566573784838825,nan,-0.00486322725972692,0.0028566573784838825,nan,0.5812593700980351,0.5812593700980351,0.0,0.0,0.0,nan,0
826,0.7890000000000006,0.45,,scientific,0,1,0.19870967741935483,1.0,0.0,-0.0048611801135514604,0.002855482206474044,nan,-0.0048611801135514604,0.002855482206474044,nan,0.5811078007275399,0.5811078007275399,0.0,0.0,0.0,nan,0,1,1.0,0.0,-0.002974447441925613,0.0017420794586111273,nan,-0.002974447441925613,0.0017420794586111273,nan,0.6534584465969004,0.6534584465969004,0.0,0.0,0.0,nan,0,1,1.0,0.0,-0.0048611801135514604,0.002855482206474044,nan,-0.0048611801135514604,0.002855482206474044,nan,0.5811078007275399,0.5811078007275399,0.0,0.0,0.0,nan,0
827,0.7900000000000006,0.45,,scientific,0,1,0.19870967741935483,1.0,0.0,-0.004859090911319759,0.002854282880747636,nan,-0.004859090911319759,0.002854282880747636,nan,0.5809561156912135,0.5809561156912135,0.0,0.0,0.0,nan,0,1,1.0,0.0,-0.002974447441925613,0.0017420794586111273,nan,-0.002974447441925613,0.0017420794586111273,nan,0.6534584465969004,0.6534584465969004,0.0,0.0,0.0,nan,0,1,1.0,0.0,-0.004859090911319759,0.002854282880747636,nan,-0.004859090911319759,0.002854282880747636,nan,0.5809561156912135,0.5809561156912135,0.0,0.0,0.0,nan,0
828,0.7910000000000006,0.45,,scientific,0,1,0.19870967741935483,1.0,0.0,-0.004856959652465301,0.0028530594021713603,nan,-0.004856959652465301,0.0028530594021713603,nan,0.5808043156779663,0.5808043156779663,0.0,0.0,0.0,nan,0,1,1.0,0.0,-0.002974447441925613,0.0017420794586111273,nan,-0.002974447441925613,0.0017420794586111273,nan,0.6534584465969004,0.6534584465969004,0.0,0.0,0.0,nan,0,1,1.0,0.0,-0.004856959652465301,0.0028530594021713603,nan,-0.004856959652465301,0.0028530594021713603,nan,0.5808043156779663,0.5808043156779663,0.0,0.0,0.0,nan,0
829,0.7920000000000006,0.45,,scientific,0,1,0.19870967741935483,1.0,0.0,-0.004854786339467753,0.002851811772513386,nan,-0.004854786339467753,0.002851811772513386,nan,0.5806524013780648,0.5806524013780648,0.0,0.0,0.0,nan,0,1,1.0,0.0,-0.002974447441925613,0.0017420794586111273,nan,-0.002974447441925613,0.0017420794586111273,nan,0.6534584465969004,0.6534584465969004,0.0,0.0,0.0,nan,0,1,1.0,0.0,-0.004854786339467753,0.002851811772513386,nan,-0.004854786339467753,0.002851811772513386,nan,0.5806524013780648,0.5806524013780648,0.0,0.0,0.0,nan,0
830,0.7930000000000006,0.45,,scientific,0,1,0.19870967741935483,1.0,0.0,-0.004852570978307253,0.002850539994446521,nan,-0.004852570978307253,0.002850539994446521,nan,0.5805003734809331,0.5805003734809331,0.0,0.0,0.0,nan,0,1,1.0,0.0,-0.002974447441925613,0.0017420794586111273,nan,-0.002974447441925613,0.0017420794586111273,nan,0.6534584465969004,0.6534584465969004,0.0,0.0,0.0,nan,0,1,1.0,0.0,-0.004852570978307253,0.002850539994446521,nan,-0.004852570978307253,0.002850539994446521,nan,0.5805003734809331,0.5805003734809331,0.0,0.0,0.0,nan,0
831,0.7940000000000006,0.45,,scientific,0,1,0.19870967741935483,1.0,0.0,-0.0048503135772899435,0.00284924407230951,nan,-0.0048503135772899435,0.00284924407230951,nan,0.5803482326815184,0.5803482326815184,0.0,0.0,0.0,nan,0,1,1.0,0.0,-0.002974447441925613,0.0017420794586111273,nan,-0.002974447441925613,0.0017420794586111273,nan,0.6534584465969004,0.6534584465969004,0.0,0.0,0.0,nan,0,1,1.0,0.0,-0.0048503135772899435,0.00284924407230951,nan,-0.0048503135772899435,0.00284924407230951,nan,0.5803482326815184,0.5803482326815184,0.0,0.0,0.0,nan,0
832,0.7950000000000006,0.45,,scientific,0,1,0.19870967741935483,1.0,0.0,-0.004848014147113259,0.002847924011741798,nan,-0.004848014147113259,0.002847924011741798,nan,0.5801959796765139,0.5801959796765139,0.0,0.0,0.0,nan,0,1,1.0,0.0,-0.002974447441925613,0.0017420794586111273,nan,-0.002974447441925613,0.0017420794586111273,nan,0.6534584465969004,0.6534584465969004,0.0,0.0,0.0,nan,0,1,1.0,0.0,-0.004848014147113259,0.002847924011741798,nan,-0.004848014147113259,0.002847924011741798,nan,0.5801959796765139,0.5801959796765139,0.0,0.0,0.0,nan,0
833,0.7960000000000006,0.45,,scientific,0,1,0.19870967741935483,1.0,0.0,-0.004845672701155119,0.002846579819765875,nan,-0.004845672701155119,0.002846579819765875,nan,0.5800436151611598,0.5800436151611598,0.0,0.0,0.0,nan,0,1,1.0,0.0,-0.002974447441925613,0.0017420794586111273,nan,-0.002974447441925613,0.0017420794586111273,nan,0.6534584465969004,0.6534584465969004,0.0,0.0,0.0,nan,0,1,1.0,0.0,-0.004845672701155119,0.002846579819765875,nan,-0.004845672701155119,0.002846579819765875,nan,0.5800436151611598,0.5800436151611598,0.0,0.0,0.0,nan,0
834,0.7970000000000006,0.45,,scientific,0,1,0.19870967741935483,1.0,0.0,-0.004894063284056351,0.00160123402755249,nan,-0.004894063284056351,0.00160123402755249,nan,0.5815551466927011,0.5815551466927011,0.0,0.0,0.0,nan,0,1,1.0,0.0,-0.0030096786088912586,0.0009875842408973395,nan,-0.0030096786088912586,0.0009875842408973395,nan,0.654534984396976,0.654534984396976,0.0,0.0,0.0,nan,0,1,1.0,0.0,-0.004894063284056351,0.00160123402755249,nan,-0.004894063284056351,0.00160123402755249,nan,0.5815551466927011,0.5815551466927011,0.0,0.0,0.0,nan,0
835,0.7980000000000006,0.45,,scientific,0,1,0.19870967741935483,1.0,0.0,-0.0048916673207124416,0.0015991478322534272,nan,-0.0048916673207124416,0.0015991478322534272,nan,0.5814032524891727,0.5814032524891727,0.0,0.0,0.0,nan,0,1,1.0,0.0,-0.0030096786088912586,0.0009875842408973395,nan,-0.0030096786088912586,0.0009875842408973395,nan,0.654534984396976,0.654534984396976,0.0,0.0,0.0,nan,0,1,1.0,0.0,-0.0048916673207124416,0.0015991478322534272,nan,-0.0048916673207124416,0.0015991478322534272,nan,0.5814032524891727,0.5814032524891727,0.0,0.0,0.0,nan,0
836,0.7990000000000006,0.45,,scientific,0,1,0.19870967741935483,1.0,0.0,-0.004889229512001923,0.0015970381651505723,nan,-0.004889229512001923,0.0015970381651505723,nan,0.581251247597391,0.581251247597391,0.0,0.0,0.0,nan,0,1,1.0,0.0,-0.0030096786088912586,0.0009875842408973395,nan,-0.0030096786088912586,0.0009875842408973395,nan,0.654534984396976,0.654534984396976,0.0,0.0,0.0,nan,0,1,1.0,0.0,-0.004889229512001923,0.0015970381651505723,nan,-0.004889229512001923,0.0015970381651505723,nan,0.581251247597391,0.581251247597391,0.0,0.0,0.0,nan,0
837,0.8000000000000006,0.45,,scientific,0,1,0.19870967741935483,1.0,0.0,-0.00488674988202202,0.001594905043560504,nan,-0.00488674988202202,0.001594905043560504,nan,0.5810991327142013,0.5810991327142013,0.0,0.0,0.0,nan,0,1,1.0,0.0,-0.0030096786088912586,0.0009875842408973395,nan,-0.0030096786088912586,0.0009875842408973395,nan,0.654534984396976,0.654534984396976,0.0,0.0,0.0,nan,0,1,1.0,0.0,-0.00488674988202202,0.001594905043560504,nan,-0.00488674988202202,0.001594905043560504,nan,0.5810991327142013,0.5810991327142013,0.0,0.0,0.0,nan,0
838,0.8010000000000006,0.45,,scientific,0,1,0.19870967741935483,1.0,0.0,-0.006048897894133057,0.0008999402657764292,nan,-0.006048897894133057,0.0008999402657764292,nan,0.582790250223366,0.582790250223366,0.0,0.0,0.0,nan,0,1,1.0,0.0,-0.0036535189491508024,0.0006082747257873175,nan,-0.0036535189491508024,0.0006082747257873175,nan,0.6556115222002946,0.6556115222002946,0.0,0.0,0.0,nan,0,1,1.0,0.0,-0.006048897894133057,0.0008999402657764292,nan,-0.006048897894133057,0.0008999402657764292,nan,0.582790250223366,0.582790250223366,0.0,0.0,0.0,nan,0
839,0.8020000000000006,0.45,,scientific,0,1,0.19870967741935483,1.0,0.0,-0.006046874491715049,0.0008974502382136742,nan,-0.006046874491715049,0.0008974502382136742,nan,0.5826385128117525,0.5826385128117525,0.0,0.0,0.0,nan,0,1,1.0,0.0,-0.0036535189491508024,0.0006082747257873175,nan,-0.0036535189491508024,0.0006082747257873175,nan,0.6556115222002946,0.6556115222002946,0.0,0.0,0.0,nan,0,1,1.0,0.0,-0.006046874491715049,0.0008974502382136742,nan,-0.006046874491715049,0.0008974502382136742,nan,0.5826385128117525,0.5826385128117525,0.0,0.0,0.0,nan,0
840,0.8030000000000006,0.45,,scientific,0,1,0.1993548387096774,1.0,0.0,-0.0060448070271455255,0.0008949384030440051,nan,-0.0060448070271455255,0.0008949384030440051,nan,0.5824866631730841,0.5824866631730841,0.0,0.0,0.0,nan,0,1,1.0,0.0,-0.0036535189491508024,0.0006082747257873175,nan,-0.0036535189491508024,0.0006082747257873175,nan,0.6556115222002946,0.6556115222002946,0.0,0.0,0.0,nan,0,1,1.0,0.0,-0.0060448070271455255,0.0008949384030440051,nan,-0.0060448070271455255,0.0008949384030440051,nan,0.5824866631730841,0.5824866631730841,0.0,0.0,0.0,nan,0
841,0.8040000000000006,0.45,,scientific,0,1,0.1993548387096774,1.0,0.0,-0.006042695519800768,0.0008924047921781564,nan,-0.006042695519800768,0.0008924047921781564,nan,0.5823347019862845,0.5823347019862845,0.0,0.0,0.0,nan,0,1,1.0,0.0,-0.0036535189491508024,0.0006082747257873175,nan,-0.0036535189491508024,0.0006082747257873175,nan,0.6556115222002946,0.6556115222002946,0.0,0.0,0.0,nan,0,1,1.0,0.0,-0.006042695519800768,0.0008924047921781564,nan,-0.006042695519800768,0.0008924047921781564,nan,0.5823347019862845,0.5823347019862845,0.0,0.0,0.0,nan,0
842,0.8050000000000006,0.45,,scientific,0,1,0.1993548387096774,1.0,0.0,-0.0060405399909676935,0.0008898494389084148,nan,-0.0060405399909676935,0.0008898494389084148,nan,0.5821826299284398,0.5821826299284398,0.0,0.0,0.0,nan,0,1,1.0,0.0,-0.0036535189491508024,0.0006082747257873175,nan,-0.0036535189491508024,0.0006082747257873175,nan,0.6556115222002946,0.6556115222002946,0.0,0.0,0.0,nan,0,1,1.0,0.0,-0.0060405399909676935,0.0008898494389084148,nan,-0.0060405399909676935,0.0008898494389084148,nan,0.5821826299284398,0.5821826299284398,0.0,0.0,0.0,nan,0
843,0.8060000000000006,0.45,,scientific,0,1,0.1993548387096774,1.0,0.0,-0.006038340464202094,0.0008872723778564537,nan,-0.006038340464202094,0.0008872723778564537,nan,0.5820304476779594,0.5820304476779594,0.0,0.0,0.0,nan,0,1,1.0,0.0,-0.0036535189491508024,0.0006082747257873175,nan,-0.0036535189491508024,0.0006082747257873175,nan,0.6556115222002946,0.6556115222002946,0.0,0.0,0.0,nan,0,1,1.0,0.0,-0.006038340464202094,0.0008872723778564537,nan,-0.006038340464202094,0.0008872723778564537,nan,0.5820304476779594,0.5820304476779594,0.0,0.0,0.0,nan,0
844,0.8070000000000006,0.45,,scientific,0,1,0.1993548387096774,1.0,0.0,-0.006036096966309893,0.0008846736449114236,nan,-0.006036096966309893,0.0008846736449114236,nan,0.5818781559149162,0.5818781559149162,0.0,0.0,0.0,nan,0,1,1.0,0.0,-0.0036535189491508024,0.0006082747257873175,nan,-0.0036535189491508024,0.0006082747257873175,nan,0.6556115222002946,0.6556115222002946,0.0,0.0,0.0,nan,0,1,1.0,0.0,-0.006036096966309893,0.0008846736449114236,nan,-0.006036096966309893,0.0008846736449114236,nan,0.5818781559149162,0.5818781559149162,0.0,0.0,0.0,nan,0
845,0.8080000000000006,0.45,,scientific,0,1,0.1993548387096774,1.0,0.0,-0.0060338095267559195,0.0008820532769823055,nan,-0.0060338095267559195,0.0008820532769823055,nan,0.5817257553225702,0.5817257553225702,0.0,0.0,0.0,nan,0,1,1.0,0.0,-0.0036535189491508024,0.0006082747257873175,nan,-0.0036535189491508024,0.0006082747257873175,nan,0.6556115222002946,0.6556115222002946,0.0,0.0,0.0,nan,0,1,1.0,0.0,-0.0060338095267559195,0.0008820532769823055,nan,-0.0060338095267559195,0.0008820532769823055,nan,0.5817257553225702,0.5817257553225702,0.0,0.0,0.0,nan,0
846,0.8090000000000006,0.45,,scientific,0,1,0.1993548387096774,1.0,0.0,-0.006031478177406716,0.0008794113131776932,nan,-0.006031478177406716,0.0008794113131776932,nan,0.5815732465855408,0.5815732465855408,0.0,0.0,0.0,nan,0,1,1.0,0.0,-0.0036535189491508024,0.0006082747257873175,nan,-0.0036535189491508024,0.0006082747257873175,nan,0.6556115222002946,0.6556115222002946,0.0,0.0,0.0,nan,0,1,1.0,0.0,-0.006031478177406716,0.0008794113131776932,nan,-0.006031478177406716,0.0008794113131776932,nan,0.5815732465855408,0.5815732465855408,0.0,0.0,0.0,nan,0
847,0.8100000000000006,0.45,,scientific,0,1,0.1993548387096774,1.0,0.0,-0.005954323945348829,0.0022427258583417103,nan,-0.005954323945348829,0.0022427258583417103,nan,0.583269547661011,0.583269547661011,0.0,0.0,0.0,nan,0,1,1.0,0.0,-0.003616353317894169,0.001356969760934576,nan,-0.003616353317894169,0.001356969760934576,nan,0.6566880600036132,0.6566880600036132,0.0,0.0,0.0,nan,0,1,1.0,0.0,-0.005954323945348829,0.0022427258583417103,nan,-0.005954323945348829,0.0022427258583417103,nan,0.583269547661011,0.583269547661011,0.0,0.0,0.0,nan,0
848,0.8110000000000006,0.45,,scientific,0,1,0.1993548387096774,1.0,0.0,-0.005951878319083772,0.002240686275925365,nan,-0.005951878319083772,0.002240686275925365,nan,0.5831174364064629,0.5831174364064629,0.0,0.0,0.0,nan,0,1,1.0,0.0,-0.003616353317894169,0.001356969760934576,nan,-0.003616353317894169,0.001356969760934576,nan,0.6566880600036132,0.6566880600036132,0.0,0.0,0.0,nan,0,1,1.0,0.0,-0.005951878319083772,0.002240686275925365,nan,-0.005951878319083772,0.002240686275925365,nan,0.5831174364064629,0.5831174364064629,0.0,0.0,0.0,nan,0
849,0.8120000000000006,0.45,,scientific,0,1,0.1993548387096774,1.0,0.0,-0.005949389187768634,0.0022386226365509387,nan,-0.005949389187768634,0.0022386226365509387,nan,0.5829652150252966,0.5829652150252966,0.0,0.0,0.0,nan,0,1,1.0,0.0,-0.003616353317894169,0.001356969760934576,nan,-0.003616353317894169,0.001356969760934576,nan,0.6566880600036132,0.6566880600036132,0.0,0.0,0.0,nan,0,1,1.0,0.0,-0.005949389187768634,0.0022386226365509387,nan,-0.005949389187768634,0.0022386226365509387,nan,0.5829652150252966,0.5829652150252966,0.0,0.0,0.0,nan,0
850,0.8130000000000006,0.45,,scientific,0,1,0.1993548387096774,1.0,0.0,-0.0059468565959565674,0.0022365349705861415,nan,-0.0059468565959565674,0.0022365349705861415,nan,0.5828128841884128,0.5828128841884128,0.0,0.0,0.0,nan,0,1,1.0,0.0,-0.003616353317894169,0.001356969760934576,nan,-0.003616353317894169,0.001356969760934576,nan,0.6566880600036132,0.6566880600036132,0.0,0.0,0.0,nan,0,1,1.0,0.0,-0.0059468565959565674,0.0022365349705861415,nan,-0.0059468565959565674,0.0022365349705861415,nan,0.5828128841884128,0.5828128841884128,0.0,0.0,0.0,nan,0
851,0.8140000000000006,0.45,,scientific,0,1,0.1993548387096774,1.0,0.0,-0.005944280590933631,0.002234423309705923,nan,-0.005944280590933631,0.002234423309705923,nan,0.58266044456588,0.58266044456588,0.0,0.0,0.0,nan,0,1,1.0,0.0,-0.003616353317894169,0.001356969760934576,nan,-0.003616353317894169,0.001356969760934576,nan,0.6566880600036132,0.6566880600036132,0.0,0.0,0.0,nan,0,1,1.0,0.0,-0.005944280590933631,0.002234423309705923,nan,-0.005944280590933631,0.002234423309705923,nan,0.58266044456588,0.58266044456588,0.0,0.0,0.0,nan,0
852,0.8150000000000006,0.45,,scientific,0,1,0.1993548387096774,1.0,0.0,-0.005941661222941641,0.002232287686021475,nan,-0.005941661222941641,0.002232287686021475,nan,0.5825078968322769,0.5825078968322769,0.0,0.0,0.0,nan,0,1,1.0,0.0,-0.003616353317894169,0.001356969760934576,nan,-0.003616353317894169,0.001356969760934576,nan,0.6566880600036132,0.6566880600036132,0.0,0.0,0.0,nan,0,1,1.0,0.0,-0.005941661222941641,0.002232287686021475,nan,-0.005941661222941641,0.002232287686021475,nan,0.5825078968322769,0.5825078968322769,0.0,0.0,0.0,nan,0
853,0.8160000000000006,0.45,,scientific,0,1,0.1993548387096774,1.0,0.0,-0.005938998545274122,0.00223012813344424,nan,-0.005938998545274122,0.00223012813344424,nan,0.5823552416611422,0.5823552416611422,0.0,0.0,0.0,nan,0,1,1.0,0.0,-0.003616353317894169,0.001356969760934576,nan,-0.003616353317894169,0.001356969760934576,nan,0.6566880600036132,0.6566880600036132,0.0,0.0,0.0,nan,0,1,1.0,0.0,-0.005938998545274122,0.00223012813344424,nan,-0.005938998545274122,0.00223012813344424,nan,0.5823552416611422,0.5823552416611422,0.0,0.0,0.0,nan,0
854,0.8170000000000006,0.45,,scientific,0,1,0.1993548387096774,1.0,0.0,-0.004781275901044058,0.0017633080450712262,nan,-0.004781275901044058,0.0017633080450712262,nan,0.5838554091763429,0.5838554091763429,0.0,0.0,0.0,nan,0,1,1.0,0.0,-0.0029138421356886095,0.0010747313859569303,nan,-0.0029138421356886095,0.0010747313859569303,nan,0.6577645978069319,0.6577645978069319,0.0,0.0,0.0,nan,0,1,1.0,0.0,-0.004781275901044058,0.0017633080450712262,nan,-0.004781275901044058,0.0017633080450712262,nan,0.5838554091763429,0.5838554091763429,0.0,0.0,0.0,nan,0
855,0.8180000000000006,0.45,,scientific,0,1,0.1993548387096774,1.0,0.0,-0.004777914055527478,0.0017608547500018604,nan,-0.004777914055527478,0.0017608547500018604,nan,0.5837031714420122,0.5837031714420122,0.0,0.0,0.0,nan,0,1,1.0,0.0,-0.0029138421356886095,0.0010747313859569303,nan,-0.0029138421356886095,0.0010747313859569303,nan,0.6577645978069319,0.6577645978069319,0.0,0.0,0.0,nan,0,1,1.0,0.0,-0.004777914055527478,0.0017608547500018604,nan,-0.004777914055527478,0.0017608547500018604,nan,0.5837031714420122,0.5837031714420122,0.0,0.0,0.0,nan,0
856,0.8190000000000006,0.45,,scientific,0,1,0.1993548387096774,1.0,0.0,-0.004774509425792844,0.0017583778020466405,nan,-0.004774509425792844,0.0017583778020466405,nan,0.583550827290044,0.583550827290044,0.0,0.0,0.0,nan,0,1,1.0,0.0,-0.0029138421356886095,0.0010747313859569303,nan,-0.0029138421356886095,0.0010747313859569303,nan,0.6577645978069319,0.6577645978069319,0.0,0.0,0.0,nan,0,1,1.0,0.0,-0.004774509425792844,0.0017583778020466405,nan,-0.004774509425792844,0.0017583778020466405,nan,0.583550827290044,0.583550827290044,0.0,0.0,0.0,nan,0
857,0.8200000000000006,0.45,,scientific,0,1,0.1993548387096774,1.0,0.0,-0.003675833254199801,0.0011733098478522044,nan,-0.003675833254199801,0.0011733098478522044,nan,0.5850535452999681,0.5850535452999681,0.0,0.0,0.0,nan,0,1,1.0,0.0,-0.0022479186072478837,0.0007195107373110587,nan,-0.0022479186072478837,0.0007195107373110587,nan,0.6588411356102505,0.6588411356102505,0.0,0.0,0.0,nan,0,1,1.0,0.0,-0.003675833254199801,0.0011733098478522044,nan,-0.003675833254199801,0.0011733098478522044,nan,0.5850535452999681,0.5850535452999681,0.0,0.0,0.0,nan,0
858,0.8210000000000006,0.45,,scientific,0,1,0.1993548387096774,1.0,0.0,-0.0036717645102866494,0.001170483016990166,nan,-0.0036717645102866494,0.001170483016990166,nan,0.5849016201241184,0.5849016201241184,0.0,0.0,0.0,nan,0,1,1.0,0.0,-0.0022479186072478837,0.0007195107373110587,nan,-0.0022479186072478837,0.0007195107373110587,nan,0.6588411356102505,0.6588411356102505,0.0,0.0,0.0,nan,0,1,1.0,0.0,-0.0036717645102866494,0.001170483016990166,nan,-0.0036717645102866494,0.001170483016990166,nan,0.5849016201241184,0.5849016201241184,0.0,0.0,0.0,nan,0
859,0.8220000000000006,0.45,,scientific,0,1,0.1993548387096774,1.0,0.0,-0.0036676535122293717,0.0011676328472507394,nan,-0.0036676535122293717,0.0011676328472507394,nan,0.5847495895778931,0.5847495895778931,0.0,0.0,0.0,nan,0,1,1.0,0.0,-0.0022479186072478837,0.0007195107373110587,nan,-0.0022479186072478837,0.0007195107373110587,nan,0.6588411356102505,0.6588411356102505,0.0,0.0,0.0,nan,0,1,1.0,0.0,-0.0036676535122293717,0.0011676328472507394,nan,-0.0036676535122293717,0.0011676328472507394,nan,0.5847495895778931,0.5847495895778931,0.0,0.0,0.0,nan,0
860,0.8230000000000006,0.45,,scientific,0,1,0.1993548387096774,1.0,0.0,-0.003663500331090088,0.00116475938307275,nan,-0.003663500331090088,0.00116475938307275,nan,0.5845974543462449,0.5845974543462449,0.0,0.0,0.0,nan,0,1,1.0,0.0,-0.0022479186072478837,0.0007195107373110587,nan,-0.0022479186072478837,0.0007195107373110587,nan,0.6588411356102505,0.6588411356102505,0.0,0.0,0.0,nan,0,1,1.0,0.0,-0.003663500331090088,0.00116475938307275,nan,-0.003663500331090088,0.00116475938307275,nan,0.5845974543462449,0.5845974543462449,0.0,0.0,0.0,nan,0
861,0.8240000000000006,0.45,,scientific,0,1,0.1993548387096774,1.0,0.0,-0.003659305041649182,0.001161862670305564,nan,-0.003659305041649182,0.001161862670305564,nan,0.5844452151147868,0.5844452151147868,0.0,0.0,0.0,nan,0,1,1.0,0.0,-0.0022479186072478837,0.0007195107373110587,nan,-0.0022479186072478837,0.0007195107373110587,nan,0.6588411356102505,0.6588411356102505,0.0,0.0,0.0,nan,0,1,1.0,0.0,-0.003659305041649182,0.001161862670305564,nan,-0.003659305041649182,0.001161862670305564,nan,0.5844452151147868,0.5844452151147868,0.0,0.0,0.0,nan,0
862,0.8250000000000006,0.45,,scientific,0,1,0.1993548387096774,1.0,0.0,-0.0036550677209860405,0.001158942756891151,nan,-0.0036550677209860405,0.001158942756891151,nan,0.5842928725668163,0.5842928725668163,0.0,0.0,0.0,nan,0,1,1.0,0.0,-0.0022479186072478837,0.0007195107373110587,nan,-0.0022479186072478837,0.0007195107373110587,nan,0.6588411356102505,0.6588411356102505,0.0,0.0,0.0,nan,0,1,1.0,0.0,-0.0036550677209860405,0.001158942756891151,nan,-0.0036550677209860405,0.001158942756891151,nan,0.5842928725668163,0.5842928725668163,0.0,0.0,0.0,nan,0
863,0.8260000000000006,0.45,,scientific,0,1,0.1993548387096774,1.0,0.0,-0.003650788448469635,0.0011559996922585949,nan,-0.003650788448469635,0.0011559996922585949,nan,0.5841404273893536,0.5841404273893536,0.0,0.0,0.0,nan,0,1,1.0,0.0,-0.0022479186072478837,0.0007195107373110587,nan,-0.0022479186072478837,0.0007195107373110587,nan,0.6588411356102505,0.6588411356102505,0.0,0.0,0.0,nan,0,1,1.0,0.0,-0.003650788448469635,0.0011559996922585949,nan,-0.003650788448469635,0.0011559996922585949,nan,0.5841404273893536,0.5841404273893536,0.0,0.0,0.0,nan,0
864,0.8270000000000006,0.45,,scientific,0,1,0.1993548387096774,1.0,0.0,-0.0036464673066496124,0.0011530335275252946,nan,-0.0036464673066496124,0.0011530335275252946,nan,0.5839878802703605,0.5839878802703605,0.0,0.0,0.0,nan,0,1,1.0,0.0,-0.0022479186072478837,0.0007195107373110587,nan,-0.0022479186072478837,0.0007195107373110587,nan,0.6588411356102505,0.6588411356102505,0.0,0.0,0.0,nan,0,1,1.0,0.0,-0.0036464673066496124,0.0011530335275252946,nan,-0.0036464673066496124,0.0011530335275252946,nan,0.5839878802703605,0.5839878802703605,0.0,0.0,0.0,nan,0
865,0.8280000000000006,0.45,,scientific,0,1,0.1993548387096774,1.0,0.0,-0.003367904613686098,0.0024048589671670268,nan,-0.003367904613686098,0.0024048589671670268,nan,0.5855723233751453,0.5855723233751453,0.0,0.0,0.0,nan,0,1,1.0,0.0,-0.0020896117708916603,0.0014518369530840064,nan,-0.0020896117708916603,0.0014518369530840064,nan,0.6599176734135691,0.6599176734135691,0.0,0.0,0.0,nan,0,1,1.0,0.0,-0.003367904613686098,0.0024048589671670268,nan,-0.003367904613686098,0.0024048589671670268,nan,0.5855723233751453,0.5855723233751453,0.0,0.0,0.0,nan,0
866,0.8290000000000006,0.45,,scientific,0,1,0.1993548387096774,1.0,0.0,-0.00336336969069348,0.0024025405781841766,nan,-0.00336336969069348,0.0024025405781841766,nan,0.5854202988895558,0.5854202988895558,0.0,0.0,0.0,nan,0,1,1.0,0.0,-0.0020896117708916603,0.0014518369530840064,nan,-0.0020896117708916603,0.0014518369530840064,nan,0.6599176734135691,0.6599176734135691,0.0,0.0,0.0,nan,0,1,1.0,0.0,-0.00336336969069348,0.0024025405781841766,nan,-0.00336336969069348,0.0024025405781841766,nan,0.5854202988895558,0.5854202988895558,0.0,0.0,0.0,nan,0
867,0.8300000000000006,0.45,,scientific,0,1,0.1993548387096774,1.0,0.0,-0.0033587936635408938,0.002400197770654794,nan,-0.0033587936635408938,0.002400197770654794,nan,0.5852681720101487,0.5852681720101487,0.0,0.0,0.0,nan,0,1,1.0,0.0,-0.0020896117708916603,0.0014518369530840064,nan,-0.0020896117708916603,0.0014518369530840064,nan,0.6599176734135691,0.6599176734135691,0.0,0.0,0.0,nan,0,1,1.0,0.0,-0.0033587936635408938,0.002400197770654794,nan,-0.0033587936635408938,0.002400197770654794,nan,0.5852681720101487,0.5852681720101487,0.0,0.0,0.0,nan,0
868,0.8310000000000006,0.45,,scientific,0,1,0.1993548387096774,1.0,0.0,-0.004437783418898953,0.0032217216710821567,nan,-0.004437783418898953,0.0032217216710821567,nan,0.5869770121873902,0.5869770121873902,0.0,0.0,0.0,nan,0,1,1.0,0.0,-0.002681440149993763,0.0019029376484219814,nan,-0.002681440149993763,0.0019029376484219814,nan,0.6609942112168877,0.6609942112168877,0.0,0.0,0.0,nan,0,1,1.0,0.0,-0.004437783418898953,0.0032217216710821567,nan,-0.004437783418898953,0.0032217216710821567,nan,0.5869770121873902,0.5869770121873902,0.0,0.0,0.0,nan,0
869,0.8320000000000006,0.45,,scientific,0,1,0.1993548387096774,1.0,0.0,-0.004433659331139597,0.003219729324411418,nan,-0.004433659331139597,0.003219729324411418,nan,0.5868253308707891,0.5868253308707891,0.0,0.0,0.0,nan,0,1,1.0,0.0,-0.002681440149993763,0.0019029376484219814,nan,-0.002681440149993763,0.0019029376484219814,nan,0.6609942112168877,0.6609942112168877,0.0,0.0,0.0,nan,0,1,1.0,0.0,-0.004433659331139597,0.003219729324411418,nan,-0.004433659331139597,0.003219729324411418,nan,0.5868253308707891,0.5868253308707891,0.0,0.0,0.0,nan,0
870,0.8330000000000006,0.45,,scientific,0,1,0.1993548387096774,1.0,0.0,-0.004429492603363408,0.003217711290538691,nan,-0.004429492603363408,0.003217711290538691,nan,0.5866735453471768,0.5866735453471768,0.0,0.0,0.0,nan,0,1,1.0,0.0,-0.002681440149993763,0.0019029376484219814,nan,-0.002681440149993763,0.0019029376484219814,nan,0.6609942112168877,0.6609942112168877,0.0,0.0,0.0,nan,0,1,1.0,0.0,-0.004429492603363408,0.003217711290538691,nan,-0.004429492603363408,0.003217711290538691,nan,0.5866735453471768,0.5866735453471768,0.0,0.0,0.0,nan,0
871,0.8340000000000006,0.45,,scientific,0,1,0.1993548387096774,1.0,0.0,-0.0044252833310095985,0.003215667609488822,nan,-0.0044252833310095985,0.003215667609488822,nan,0.5865216562789877,0.5865216562789877,0.0,0.0,0.0,nan,0,1,1.0,0.0,-0.002681440149993763,0.0019029376484219814,nan,-0.002681440149993763,0.0019029376484219814,nan,0.6609942112168877,0.6609942112168877,0.0,0.0,0.0,nan,0,1,1.0,0.0,-0.0044252833310095985,0.003215667609488822,nan,-0.0044252833310095985,0.003215667609488822,nan,0.5865216562789877,0.5865216562789877,0.0,0.0,0.0,nan,0
872,0.8350000000000006,0.45,,scientific,0,1,0.1993548387096774,1.0,0.0,-0.004421031612065749,0.0032135983233570553,nan,-0.004421031612065749,0.0032135983233570553,nan,0.5863696643296971,0.5863696643296971,0.0,0.0,0.0,nan,0,1,1.0,0.0,-0.002681440149993763,0.0019029376484219814,nan,-0.002681440149993763,0.0019029376484219814,nan,0.6609942112168877,0.6609942112168877,0.0,0.0,0.0,nan,0,1,1.0,0.0,-0.004421031612065749,0.0032135983233570553,nan,-0.004421031612065749,0.0032135983233570553,nan,0.5863696643296971,0.5863696643296971,0.0,0.0,0.0,nan,0
873,0.8360000000000006,0.45,,scientific,0,1,0.1993548387096774,1.0,0.0,-0.004416737546950045,0.003211503475893183,nan,-0.004416737546950045,0.003211503475893183,nan,0.586217570165708,0.586217570165708,0.0,0.0,0.0,nan,0,1,1.0,0.0,-0.002681440149993763,0.0019029376484219814,nan,-0.002681440149993763,0.0019029376484219814,nan,0.6609942112168877,0.6609942112168877,0.0,0.0,0.0,nan,0,1,1.0,0.0,-0.004416737546950045,0.003211503475893183,nan,-0.004416737546950045,0.003211503475893183,nan,0.586217570165708,0.586217570165708,0.0,0.0,0.0,nan,0
874,0.8370000000000006,0.45,,scientific,0,1,0.1993548387096774,1.0,0.0,-0.003256761534343819,0.0037196958692524767,nan,-0.003256761534343819,0.0037196958692524767,nan,0.5877682486976945,0.5877682486976945,0.0,0.0,0.0,nan,0,1,1.0,0.0,-0.0019967424243599557,0.0022080440597021587,nan,-0.0019967424243599557,0.0022080440597021587,nan,0.6620707490202062,0.6620707490202062,0.0,0.0,0.0,nan,0,1,1.0,0.0,-0.003256761534343819,0.0037196958692524767,nan,-0.003256761534343819,0.0037196958692524767,nan,0.5877682486976945,0.5877682486976945,0.0,0.0,0.0,nan,0
875,0.8380000000000006,0.45,,scientific,0,1,0.1993548387096774,1.0,0.0,-0.003251759896585806,0.0037178427865395755,nan,-0.003251759896585806,0.0037178427865395755,nan,0.5876166472045846,0.5876166472045846,0.0,0.0,0.0,nan,0,1,1.0,0.0,-0.0019967424243599557,0.0022080440597021587,nan,-0.0019967424243599557,0.0022080440597021587,nan,0.6620707490202062,0.6620707490202062,0.0,0.0,0.0,nan,0,1,1.0,0.0,-0.003251759896585806,0.0037178427865395755,nan,-0.003251759896585806,0.0037178427865395755,nan,0.5876166472045846,0.5876166472045846,0.0,0.0,0.0,nan,0
876,0.8390000000000006,0.45,,scientific,0,1,0.1993548387096774,1.0,0.0,-0.004578929080096189,0.003997114241769664,nan,-0.004578929080096189,0.003997114241769664,nan,0.589331901805318,0.589331901805318,0.0,0.0,0.0,nan,0,1,1.0,0.0,-0.0027230768092197767,0.0023627536488111923,nan,-0.0027230768092197767,0.0023627536488111923,nan,0.6631472868235249,0.6631472868235249,0.0,0.0,0.0,nan,0,1,1.0,0.0,-0.004578929080096189,0.003997114241769664,nan,-0.004578929080096189,0.003997114241769664,nan,0.589331901805318,0.589331901805318,0.0,0.0,0.0,nan,0
877,0.8400000000000006,0.45,,scientific,0,1,0.2,1.0,0.0,-0.004574490487702467,0.00399535059188434,nan,-0.004574490487702467,0.00399535059188434,nan,0.5891807420998323,0.5891807420998323,0.0,0.0,0.0,nan,0,1,1.0,0.0,-0.0027230768092197767,0.0023627536488111923,nan,-0.0027230768092197767,0.0023627536488111923,nan,0.6631472868235249,0.6631472868235249,0.0,0.0,0.0,nan,0,1,1.0,0.0,-0.004574490487702467,0.00399535059188434,nan,-0.004574490487702467,0.00399535059188434,nan,0.5891807420998323,0.5891807420998323,0.0,0.0,0.0,nan,0
878,0.8410000000000006,0.45,,scientific,0,1,0.2,1.0,0.0,-0.004570008577062755,0.003993561016726351,nan,-0.004570008577062755,0.003993561016726351,nan,0.5890294782630774,0.5890294782630774,0.0,0.0,0.0,nan,0,1,1.0,0.0,-0.0027230768092197767,0.0023627536488111923,nan,-0.0027230768092197767,0.0023627536488111923,nan,0.6631472868235249,0.6631472868235249,0.0,0.0,0.0,nan,0,1,1.0,0.0,-0.004570008577062755,0.003993561016726351,nan,-0.004570008577062755,0.003993561016726351,nan,0.5890294782630774,0.5890294782630774,0.0,0.0,0.0,nan,0
879,0.8420000000000006,0.45,,scientific,0,1,0.2006451612903226,1.0,0.0,-0.0032433630348498903,0.004160142518306918,nan,-0.0032433630348498903,0.004160142518306918,nan,0.5906821030820215,0.5906821030820215,0.0,0.0,0.0,nan,0,1,1.0,0.0,-0.001981589761318506,0.0024606004483813757,nan,-0.001981589761318506,0.0024606004483813757,nan,0.6642238246268436,0.6642238246268436,0.0,0.0,0.0,nan,0,1,1.0,0.0,-0.0032433630348498903,0.004160142518306918,nan,-0.0032433630348498903,0.004160142518306918,nan,0.5906821030820215,0.5906821030820215,0.0,0.0,0.0,nan,0
880,0.8430000000000006,0.45,,scientific,0,1,0.2006451612903226,1.0,0.0,-0.0032380781488984284,0.004158399724785618,nan,-0.0032380781488984284,0.004158399724785618,nan,0.5905313655276738,0.5905313655276738,0.0,0.0,0.0,nan,0,1,1.0,0.0,-0.001981589761318506,0.0024606004483813757,nan,-0.001981589761318506,0.0024606004483813757,nan,0.6642238246268436,0.6642238246268436,0.0,0.0,0.0,nan,0,1,1.0,0.0,-0.0032380781488984284,0.004158399724785618,nan,-0.0032380781488984284,0.004158399724785618,nan,0.5905313655276738,0.5905313655276738,0.0,0.0,0.0,nan,0
881,0.8440000000000006,0.45,,scientific,0,1,0.2006451612903226,1.0,0.0,-0.003232751322149163,0.004156631136720694,nan,-0.003232751322149163,0.004156631136720694,nan,0.5903805238932249,0.5903805238932249,0.0,0.0,0.0,nan,0,1,1.0,0.0,-0.001981589761318506,0.0024606004483813757,nan,-0.001981589761318506,0.0024606004483813757,nan,0.6642238246268436,0.6642238246268436,0.0,0.0,0.0,nan,0,1,1.0,0.0,-0.003232751322149163,0.004156631136720694,nan,-0.003232751322149163,0.004156631136720694,nan,0.5903805238932249,0.5903805238932249,0.0,0.0,0.0,nan,0
882,0.8450000000000006,0.45,,scientific,0,1,0.2006451612903226,1.0,0.0,-0.004227006720674904,0.003211800725482709,nan,-0.004227006720674904,0.003211800725482709,nan,0.5921049606707833,0.5921049606707833,0.0,0.0,0.0,nan,0,1,1.0,0.0,-0.002524912518106138,0.0019524256356361126,nan,-0.002524912518106138,0.0019524256356361126,nan,0.6653003624301621,0.6653003624301621,0.0,0.0,0.0,nan,0,1,1.0,0.0,-0.004227006720674904,0.003211800725482709,nan,-0.004227006720674904,0.003211800725482709,nan,0.5921049606707833,0.5921049606707833,0.0,0.0,0.0,nan,0
883,0.8460000000000006,0.45,,scientific,0,1,0.2006451612903226,1.0,0.0,-0.004222050101457965,0.0032095762654032107,nan,-0.004222050101457965,0.0032095762654032107,nan,0.5919544876459862,0.5919544876459862,0.0,0.0,0.0,nan,0,1,1.0,0.0,-0.002524912518106138,0.0019524256356361126,nan,-0.002524912518106138,0.0019524256356361126,nan,0.6653003624301621,0.6653003624301621,0.0,0.0,0.0,nan,0,1,1.0,0.0,-0.004222050101457965,0.0032095762654032107,nan,-0.004222050101457965,0.0032095762654032107,nan,0.5919544876459862,0.5919544876459862,0.0,0.0,0.0,nan,0
884,0.8470000000000006,0.45,,scientific,0,1,0.2006451612903226,1.0,0.0,-0.004217050087193983,0.0032073281345202614,nan,-0.004217050087193983,0.0032073281345202614,nan,0.5918039083607552,0.5918039083607552,0.0,0.0,0.0,nan,0,1,1.0,0.0,-0.002524912518106138,0.0019524256356361126,nan,-0.002524912518106138,0.0019524256356361126,nan,0.6653003624301621,0.6653003624301621,0.0,0.0,0.0,nan,0,1,1.0,0.0,-0.004217050087193983,0.0032073281345202614,nan,-0.004217050087193983,0.0032073281345202614,nan,0.5918039083607552,0.5918039083607552,0.0,0.0,0.0,nan,0
885,0.8480000000000006,0.45,,scientific,0,1,0.2006451612903226,1.0,0.0,-0.004212006800331416,0.0032050563992467355,nan,-0.004212006800331416,0.0032050563992467355,nan,0.5916532234522387,0.5916532234522387,0.0,0.0,0.0,nan,0,1,1.0,0.0,-0.002524912518106138,0.0019524256356361126,nan,-0.002524912518106138,0.0019524256356361126,nan,0.6653003624301621,0.6653003624301621,0.0,0.0,0.0,nan,0,1,1.0,0.0,-0.004212006800331416,0.0032050563992467355,nan,-0.004212006800331416,0.0032050563992467355,nan,0.5916532234522387,0.5916532234522387,0.0,0.0,0.0,nan,0
886,0.8490000000000006,0.45,,scientific,0,1,0.2006451612903226,1.0,0.0,-0.0042069203668444535,0.003202761127420161,nan,-0.0042069203668444535,0.003202761127420161,nan,0.5915024335582508,0.5915024335582508,0.0,0.0,0.0,nan,0,1,1.0,0.0,-0.002524912518106138,0.0019524256356361126,nan,-0.002524912518106138,0.0019524256356361126,nan,0.6653003624301621,0.6653003624301621,0.0,0.0,0.0,nan,0,1,1.0,0.0,-0.0042069203668444535,0.003202761127420161,nan,-0.0042069203668444535,0.003202761127420161,nan,0.5915024335582508,0.5915024335582508,0.0,0.0,0.0,nan,0
887,0.8500000000000006,0.45,,scientific,0,1,0.2006451612903226,1.0,0.0,-0.004201790916375915,0.003200442389163801,nan,-0.004201790916375915,0.003200442389163801,nan,0.5913515393169225,0.5913515393169225,0.0,0.0,0.0,nan,0,1,1.0,0.0,-0.002524912518106138,0.0019524256356361126,nan,-0.002524912518106138,0.0019524256356361126,nan,0.6653003624301621,0.6653003624301621,0.0,0.0,0.0,nan,0,1,1.0,0.0,-0.004201790916375915,0.003200442389163801,nan,-0.004201790916375915,0.003200442389163801,nan,0.5913515393169225,0.5913515393169225,0.0,0.0,0.0,nan,0
888,0.8510000000000006,0.45,,scientific,0,1,0.2006451612903226,1.0,0.0,-0.004196618581769086,0.0031981002564044187,nan,-0.004196618581769086,0.0031981002564044187,nan,0.5912005413665531,0.5912005413665531,0.0,0.0,0.0,nan,0,1,1.0,0.0,-0.002524912518106138,0.0019524256356361126,nan,-0.002524912518106138,0.0019524256356361126,nan,0.6653003624301621,0.6653003624301621,0.0,0.0,0.0,nan,0,1,1.0,0.0,-0.004196618581769086,0.0031981002564044187,nan,-0.004196618581769086,0.0031981002564044187,nan,0.5912005413665531,0.5912005413665531,0.0,0.0,0.0,nan,0
889,0.8520000000000006,0.45,,scientific,0,1,0.2006451612903226,1.0,0.0,-0.004191403499089387,0.003195734802577709,nan,-0.004191403499089387,0.003195734802577709,nan,0.5910494403482677,0.5910494403482677,0.0,0.0,0.0,nan,0,1,1.0,0.0,-0.002524912518106138,0.0019524256356361126,nan,-0.002524912518106138,0.0019524256356361126,nan,0.6653003624301621,0.6653003624301621,0.0,0.0,0.0,nan,0,1,1.0,0.0,-0.004191403499089387,0.003195734802577709,nan,-0.004191403499089387,0.003195734802577709,nan,0.5910494403482677,0.5910494403482677,0.0,0.0,0.0,nan,0
890,0.8530000000000006,0.45,,scientific,0,1,0.2006451612903226,1.0,0.0,-0.004186145807977601,0.0031933461027504476,nan,-0.004186145807977601,0.0031933461027504476,nan,0.5908982369039738,0.5908982369039738,0.0,0.0,0.0,nan,0,1,1.0,0.0,-0.002524912518106138,0.0019524256356361126,nan,-0.002524912518106138,0.0019524256356361126,nan,0.6653003624301621,0.6653003624301621,0.0,0.0,0.0,nan,0,1,1.0,0.0,-0.004186145807977601,0.0031933461027504476,nan,-0.004186145807977601,0.0031933461027504476,nan,0.5908982369039738,0.5908982369039738,0.0,0.0,0.0,nan,0
891,0.8540000000000006,0.45,,scientific,0,1,0.2006451612903226,1.0,0.0,-0.004180845651854036,0.003190934233285992,nan,-0.004180845651854036,0.003190934233285992,nan,0.5907469316816581,0.5907469316816581,0.0,0.0,0.0,nan,0,1,1.0,0.0,-0.002524912518106138,0.0019524256356361126,nan,-0.002524912518106138,0.0019524256356361126,nan,0.6653003624301621,0.6653003624301621,0.0,0.0,0.0,nan,0,1,1.0,0.0,-0.004180845651854036,0.003190934233285992,nan,-0.004180845651854036,0.003190934233285992,nan,0.5907469316816581,0.5907469316816581,0.0,0.0,0.0,nan,0
892,0.8550000000000006,0.45,,scientific,0,1,0.2006451612903226,1.0,0.0,-0.0041755031767230395,0.0031884992720484263,nan,-0.0041755031767230395,0.0031884992720484263,nan,0.5905955253273414,0.5905955253273414,0.0,0.0,0.0,nan,0,1,1.0,0.0,-0.002524912518106138,0.0019524256356361126,nan,-0.002524912518106138,0.0019524256356361126,nan,0.6653003624301621,0.6653003624301621,0.0,0.0,0.0,nan,0,1,1.0,0.0,-0.0041755031767230395,0.0031884992720484263,nan,-0.0041755031767230395,0.0031884992720484263,nan,0.5905955253273414,0.5905955253273414,0.0,0.0,0.0,nan,0
893,0.8560000000000006,0.45,,scientific,0,1,0.2006451612903226,1.0,0.0,-0.004170118530832494,0.0031860412990711365,nan,-0.004170118530832494,0.0031860412990711365,nan,0.5904440184814034,0.5904440184814034,0.0,0.0,0.0,nan,0,1,1.0,0.0,-0.002524912518106138,0.0019524256356361126,nan,-0.002524912518106138,0.0019524256356361126,nan,0.6653003624301621,0.6653003624301621,0.0,0.0,0.0,nan,0,1,1.0,0.0,-0.004170118530832494,0.0031860412990711365,nan,-0.004170118530832494,0.0031860412990711365,nan,0.5904440184814034,0.5904440184814034,0.0,0.0,0.0,nan,0
894,0.8570000000000007,0.45,,scientific,0,1,0.2006451612903226,1.0,0.0,-0.004164691865908867,0.003183560396061804,nan,-0.004164691865908867,0.003183560396061804,nan,0.5902924117887866,0.5902924117887866,0.0,0.0,0.0,nan,0,1,1.0,0.0,-0.002524912518106138,0.0019524256356361126,nan,-0.002524912518106138,0.0019524256356361126,nan,0.6653003624301621,0.6653003624301621,0.0,0.0,0.0,nan,0,1,1.0,0.0,-0.004164691865908867,0.003183560396061804,nan,-0.004164691865908867,0.003183560396061804,nan,0.5902924117887866,0.5902924117887866,0.0,0.0,0.0,nan,0
895,0.8580000000000007,0.45,,scientific,0,1,0.2006451612903226,1.0,0.0,-0.0041592233370880355,0.0031810566463752557,nan,-0.0041592233370880355,0.0031810566463752557,nan,0.5901407058977823,0.5901407058977823,0.0,0.0,0.0,nan,0,1,1.0,0.0,-0.002524912518106138,0.0019524256356361126,nan,-0.002524912518106138,0.0019524256356361126,nan,0.6653003624301621,0.6653003624301621,0.0,0.0,0.0,nan,0,1,1.0,0.0,-0.0041592233370880355,0.0031810566463752557,nan,-0.0041592233370880355,0.0031810566463752557,nan,0.5901407058977823,0.5901407058977823,0.0,0.0,0.0,nan,0
896,0.8590000000000007,0.45,,scientific,0,1,0.2006451612903226,1.0,0.0,-0.004153713102472287,0.003178530134924112,nan,-0.004153713102472287,0.003178530134924112,nan,0.5899889014589417,0.5899889014589417,0.0,0.0,0.0,nan,0,1,1.0,0.0,-0.002524912518106138,0.0019524256356361126,nan,-0.002524912518106138,0.0019524256356361126,nan,0.6653003624301621,0.6653003624301621,0.0,0.0,0.0,nan,0,1,1.0,0.0,-0.004153713102472287,0.003178530134924112,nan,-0.004153713102472287,0.003178530134924112,nan,0.5899889014589417,0.5899889014589417,0.0,0.0,0.0,nan,0
897,0.8600000000000007,0.45,,scientific,0,1,0.2006451612903226,1.0,0.0,-0.00414816132364631,0.0031759809480263954,nan,-0.00414816132364631,0.0031759809480263954,nan,0.5898369991238502,0.5898369991238502,0.0,0.0,0.0,nan,0,1,1.0,0.0,-0.002524912518106138,0.0019524256356361126,nan,-0.002524912518106138,0.0019524256356361126,nan,0.6653003624301621,0.6653003624301621,0.0,0.0,0.0,nan,0,1,1.0,0.0,-0.00414816132364631,0.0031759809480263954,nan,-0.00414816132364631,0.0031759809480263954,nan,0.5898369991238502,0.5898369991238502,0.0,0.0,0.0,nan,0
898,0.8610000000000007,0.45,,scientific,0,1,0.20129032258064516,1.0,0.0,-0.004142568165836864,0.0031734091733533966,nan,-0.004142568165836864,0.0031734091733533966,nan,0.589684999546541,0.589684999546541,0.0,0.0,0.0,nan,0,1,1.0,0.0,-0.002524912518106138,0.0019524256356361126,nan,-0.002524912518106138,0.0019524256356361126,nan,0.6653003624301621,0.6653003624301621,0.0,0.0,0.0,nan,0,1,1.0,0.0,-0.004142568165836864,0.0031734091733533966,nan,-0.004142568165836864,0.0031734091733533966,nan,0.589684999546541,0.589684999546541,0.0,0.0,0.0,nan,0
899,0.8620000000000007,0.45,,scientific,0,1,0.20129032258064516,1.0,0.0,-0.0027998681911910366,0.0031759774828063058,nan,-0.0027998681911910366,0.0031759774828063058,nan,0.5913421427221259,0.5913421427221259,0.0,0.0,0.0,nan,0,1,1.0,0.0,-0.0017778591084759493,0.0019579757865284073,nan,-0.0017778591084759493,0.0019579757865284073,nan,0.6663769002334808,0.6663769002334808,0.0,0.0,0.0,nan,0,1,1.0,0.0,-0.0027998681911910366,0.0031759774828063058,nan,-0.0027998681911910366,0.0031759774828063058,nan,0.5913421427221259,0.5913421427221259,0.0,0.0,0.0,nan,0
900,0.8630000000000007,0.45,,scientific,0,1,0.20129032258064516,1.0,0.0,-0.002793487521875962,0.00317336970206486,nan,-0.002793487521875962,0.00317336970206486,nan,0.5911906561420573,0.5911906561420573,0.0,0.0,0.0,nan,0,1,1.0,0.0,-0.0017778591084759493,0.0019579757865284073,nan,-0.0017778591084759493,0.0019579757865284073,nan,0.6663769002334808,0.6663769002334808,0.0,0.0,0.0,nan,0,1,1.0,0.0,-0.002793487521875962,0.00317336970206486,nan,-0.002793487521875962,0.00317336970206486,nan,0.5911906561420573,0.5911906561420573,0.0,0.0,0.0,nan,0
901,0.8640000000000007,0.45,,scientific,0,1,0.20129032258064516,1.0,0.0,-0.002787067005565699,0.003170739694158524,nan,-0.002787067005565699,0.003170739694158524,nan,0.5910390724080536,0.5910390724080536,0.0,0.0,0.0,nan,0,1,1.0,0.0,-0.0017778591084759493,0.0019579757865284073,nan,-0.0017778591084759493,0.0019579757865284073,nan,0.6663769002334808,0.6663769002334808,0.0,0.0,0.0,nan,0,1,1.0,0.0,-0.002787067005565699,0.003170739694158524,nan,-0.002787067005565699,0.003170739694158524,nan,0.5910390724080536,0.5910390724080536,0.0,0.0,0.0,nan,0
902,0.8650000000000007,0.45,,scientific,0,1,0.20129032258064516,1.0,0.0,-0.003566241121257023,0.002139217287944568,nan,-0.003566241121257023,0.002139217287944568,nan,0.5926491990089022,0.5926491990089022,0.0,0.0,0.0,nan,0,1,1.0,0.0,-0.002231386786097651,0.0013669180397397175,nan,-0.002231386786097651,0.0013669180397397175,nan,0.6674534380367994,0.6674534380367994,0.0,0.0,0.0,nan,0,1,1.0,0.0,-0.003566241121257023,0.002139217287944568,nan,-0.003566241121257023,0.002139217287944568,nan,0.5926491990089022,0.5926491990089022,0.0,0.0,0.0,nan,0
903,0.8660000000000007,0.45,,scientific,0,1,0.20129032258064516,1.0,0.0,-0.0035601763428906225,0.002136017672337683,nan,-0.0035601763428906225,0.002136017672337683,nan,0.5924981246724896,0.5924981246724896,0.0,0.0,0.0,nan,0,1,1.0,0.0,-0.002231386786097651,0.0013669180397397175,nan,-0.002231386786097651,0.0013669180397397175,nan,0.6674534380367994,0.6674534380367994,0.0,0.0,0.0,nan,0,1,1.0,0.0,-0.0035601763428906225,0.002136017672337683,nan,-0.0035601763428906225,0.002136017672337683,nan,0.5924981246724896,0.5924981246724896,0.0,0.0,0.0,nan,0
904,0.8670000000000007,0.45,,scientific,0,1,0.20129032258064516,1.0,0.0,-0.0035540714129553563,0.0021327975356510848,nan,-0.0035540714129553563,0.0021327975356510848,nan,0.592346952510149,0.592346952510149,0.0,0.0,0.0,nan,0,1,1.0,0.0,-0.002231386786097651,0.0013669180397397175,nan,-0.002231386786097651,0.0013669180397397175,nan,0.6674534380367994,0.6674534380367994,0.0,0.0,0.0,nan,0,1,1.0,0.0,-0.0035540714129553563,0.0021327975356510848,nan,-0.0035540714129553563,0.0021327975356510848,nan,0.592346952510149,0.592346952510149,0.0,0.0,0.0,nan,0
905,0.8680000000000007,0.45,,scientific,0,1,0.20129032258064516,1.0,0.0,-0.0028304806254794103,0.0009985059998684463,nan,-0.0028304806254794103,0.0009985059998684463,nan,0.5940174712013646,0.5940174712013646,0.0,0.0,0.0,nan,0,1,1.0,0.0,-0.0018334164138983666,0.000737402787879505,nan,-0.0018334164138983666,0.000737402787879505,nan,0.6685299758401181,0.6685299758401181,0.0,0.0,0.0,nan,0,1,1.0,0.0,-0.0028304806254794103,0.0009985059998684463,nan,-0.0028304806254794103,0.0009985059998684463,nan,0.5940174712013646,0.5940174712013646,0.0,0.0,0.0,nan,0
906,0.8690000000000007,0.45,,scientific,0,1,0.20129032258064516,1.0,0.0,-0.002823926219752625,0.0009946407667607133,nan,-0.002823926219752625,0.0009946407667607133,nan,0.5938668223572883,0.5938668223572883,0.0,0.0,0.0,nan,0,1,1.0,0.0,-0.0018334164138983666,0.000737402787879505,nan,-0.0018334164138983666,0.000737402787879505,nan,0.6685299758401181,0.6685299758401181,0.0,0.0,0.0,nan,0,1,1.0,0.0,-0.002823926219752625,0.0009946407667607133,nan,-0.002823926219752625,0.0009946407667607133,nan,0.5938668223572883,0.5938668223572883,0.0,0.0,0.0,nan,0
907,0.8700000000000007,0.45,,scientific,0,1,0.20129032258064516,1.0,0.0,-0.0028173327980723518,0.0009907560801425425,nan,-0.0028173327980723518,0.0009907560801425425,nan,0.5937160758309092,0.5937160758309092,0.0,0.0,0.0,nan,0,1,1.0,0.0,-0.0018334164138983666,0.000737402787879505,nan,-0.0018334164138983666,0.000737402787879505,nan,0.6685299758401181,0.6685299758401181,0.0,0.0,0.0,nan,0,1,1.0,0.0,-0.0028173327980723518,0.0009907560801425425,nan,-0.0028173327980723518,0.0009907560801425425,nan,0.5937160758309092,0.5937160758309092,0.0,0.0,0.0,nan,0
908,0.8710000000000007,0.45,,scientific,0,1,0.20129032258064516,1.0,0.0,-0.0028107005543805243,0.0009868520562722977,nan,-0.0028107005543805243,0.0009868520562722977,nan,0.5935652322631024,0.5935652322631024,0.0,0.0,0.0,nan,0,1,1.0,0.0,-0.0018334164138983666,0.000737402787879505,nan,-0.0018334164138983666,0.000737402787879505,nan,0.6685299758401181,0.6685299758401181,0.0,0.0,0.0,nan,0,1,1.0,0.0,-0.0028107005543805243,0.0009868520562722977,nan,-0.0028107005543805243,0.0009868520562722977,nan,0.5935652322631024,0.5935652322631024,0.0,0.0,0.0,nan,0
909,0.8720000000000007,0.45,,scientific,0,1,0.20129032258064516,1.0,0.0,-0.0024579387526744534,-0.00023074410985400207,nan,-0.0024579387526744534,-0.00023074410985400207,nan,0.5951370724429248,0.5951370724429248,0.0,0.0,0.0,nan,0,1,1.0,0.0,-0.001630155364644397,2.291916162145394e-05,nan,-0.001630155364644397,2.291916162145394e-05,nan,0.6696065136389138,0.6696065136389138,0.0,0.0,0.0,nan,0,1,1.0,0.0,-0.0024579387526744534,-0.00023074410985400207,nan,-0.0024579387526744534,-0.00023074410985400207,nan,0.5951370724429248,0.5951370724429248,0.0,0.0,0.0,nan,0
910,0.8730000000000007,0.45,,scientific,0,1,0.20129032258064516,1.0,0.0,-0.0024510699344017584,-0.00023532524462626018,nan,-0.0024510699344017584,-0.00023532524462626018,nan,0.5949867101785001,0.5949867101785001,0.0,0.0,0.0,nan,0,1,1.0,0.0,-0.001630155364644397,2.291916162145394e-05,nan,-0.001630155364644397,2.291916162145394e-05,nan,0.6696065136389138,0.6696065136389138,0.0,0.0,0.0,nan,0,1,1.0,0.0,-0.0024510699344017584,-0.00023532524462626018,nan,-0.0024510699344017584,-0.00023532524462626018,nan,0.5949867101785001,0.5949867101785001,0.0,0.0,0.0,nan,0
911,0.8740000000000007,0.45,,scientific,0,1,0.20129032258064516,1.0,0.0,-0.002444163199658271,-0.00023992474582988936,nan,-0.002444163199658271,-0.00023992474582988936,nan,0.5948362514642361,0.5948362514642361,0.0,0.0,0.0,nan,0,1,1.0,0.0,-0.001630155364644397,2.291916162145394e-05,nan,-0.001630155364644397,2.291916162145394e-05,nan,0.6696065136389138,0.6696065136389138,0.0,0.0,0.0,nan,0,1,1.0,0.0,-0.002444163199658271,-0.00023992474582988936,nan,-0.002444163199658271,-0.00023992474582988936,nan,0.5948362514642361,0.5948362514642361,0.0,0.0,0.0,nan,0
912,0.8750000000000007,0.45,,scientific,0,1,0.20129032258064516,1.0,0.0,-0.00243721875652893,-0.000244542487040217,nan,-0.00243721875652893,-0.000244542487040217,nan,0.5946856969421987,0.5946856969421987,0.0,0.0,0.0,nan,0,1,1.0,0.0,-0.001630155364644397,2.291916162145394e-05,nan,-0.001630155364644397,2.291916162145394e-05,nan,0.6696065136389138,0.6696065136389138,0.0,0.0,0.0,nan,0,1,1.0,0.0,-0.00243721875652893,-0.000244542487040217,nan,-0.00243721875652893,-0.000244542487040217,nan,0.5946856969421987,0.5946856969421987,0.0,0.0,0.0,nan,0
913,0.8760000000000007,0.45,,scientific,0,1,0.20193548387096774,1.0,0.0,-0.002430236816657412,-0.00024917833955862516,nan,-0.002430236816657412,-0.00024917833955862516,nan,0.5945350472535126,0.5945350472535126,0.0,0.0,0.0,nan,0,1,1.0,0.0,-0.001630155364644397,2.291916162145394e-05,nan,-0.001630155364644397,2.291916162145394e-05,nan,0.6696065136389138,0.6696065136389138,0.0,0.0,0.0,nan,0,1,1.0,0.0,-0.002430236816657412,-0.00024917833955862516,nan,-0.002430236816657412,-0.00024917833955862516,nan,0.5945350472535126,0.5945350472535126,0.0,0.0,0.0,nan,0
914,0.8770000000000007,0.45,,scientific,0,1,0.20193548387096774,1.0,0.0,-0.002423217595236351,-0.0002538321732380651,nan,-0.002423217595236351,-0.0002538321732380651,nan,0.5943843030428294,0.5943843030428294,0.0,0.0,0.0,nan,0,1,1.0,0.0,-0.001630155364644397,2.291916162145394e-05,nan,-0.001630155364644397,2.291916162145394e-05,nan,0.6696065136389138,0.6696065136389138,0.0,0.0,0.0,nan,0,1,1.0,0.0,-0.002423217595236351,-0.0002538321732380651,nan,-0.002423217595236351,-0.0002538321732380651,nan,0.5943843030428294,0.5943843030428294,0.0,0.0,0.0,nan,0
915,0.8780000000000007,0.45,,scientific,0,1,0.20258064516129032,1.0,0.0,-0.0024161613109869025,-0.0002585038573269971,nan,-0.0024161613109869025,-0.0002585038573269971,nan,0.5942334649534774,0.5942334649534774,0.0,0.0,0.0,nan,0,1,1.0,0.0,-0.001630155364644397,2.291916162145394e-05,nan,-0.001630155364644397,2.291916162145394e-05,nan,0.6696065136389138,0.6696065136389138,0.0,0.0,0.0,nan,0,1,1.0,0.0,-0.0024161613109869025,-0.0002585038573269971,nan,-0.0024161613109869025,-0.0002585038573269971,nan,0.5942334649534774,0.5942334649534774,0.0,0.0,0.0,nan,0
916,0.8790000000000007,0.45,,scientific,0,1,0.20258064516129032,1.0,0.0,-0.0024090681859495824,-0.0002631932596434515,nan,-0.0024090681859495824,-0.0002631932596434515,nan,0.5940825336312053,0.5940825336312053,0.0,0.0,0.0,nan,0,1,1.0,0.0,-0.001630155364644397,2.291916162145394e-05,nan,-0.001630155364644397,2.291916162145394e-05,nan,0.6696065136389138,0.6696065136389138,0.0,0.0,0.0,nan,0,1,1.0,0.0,-0.0024090681859495824,-0.0002631932596434515,nan,-0.0024090681859495824,-0.0002631932596434515,nan,0.5940825336312053,0.5940825336312053,0.0,0.0,0.0,nan,0
917,0.8800000000000007,0.45,,scientific,0,1,0.20258064516129032,1.0,0.0,-0.0024019384451478246,-0.0002679002461610362,nan,-0.0024019384451478246,-0.0002679002461610362,nan,0.5939315097229849,0.5939315097229849,0.0,0.0,0.0,nan,0,1,1.0,0.0,-0.001630155364644397,2.291916162145394e-05,nan,-0.001630155364644397,2.291916162145394e-05,nan,0.6696065136389138,0.6696065136389138,0.0,0.0,0.0,nan,0,1,1.0,0.0,-0.0024019384451478246,-0.0002679002461610362,nan,-0.0024019384451478246,-0.0002679002461610362,nan,0.5939315097229849,0.5939315097229849,0.0,0.0,0.0,nan,0
918,0.8810000000000007,0.45,,scientific,0,1,0.20258064516129032,1.0,0.0,-0.0023947723170934417,-0.0002726246810458192,nan,-0.0023947723170934417,-0.0002726246810458192,nan,0.5937803938757467,0.5937803938757467,0.0,0.0,0.0,nan,0,1,1.0,0.0,-0.001630155364644397,2.291916162145394e-05,nan,-0.001630155364644397,2.291916162145394e-05,nan,0.6696065136389138,0.6696065136389138,0.0,0.0,0.0,nan,0,1,1.0,0.0,-0.0023947723170934417,-0.0002726246810458192,nan,-0.0023947723170934417,-0.0002726246810458192,nan,0.5937803938757467,0.5937803938757467,0.0,0.0,0.0,nan,0
919,0.8820000000000007,0.45,,scientific,0,1,0.20258064516129032,1.0,0.0,-0.0023875700338661914,-0.0002773664264297106,nan,-0.0023875700338661914,-0.0002773664264297106,nan,0.5936291867393024,0.5936291867393024,0.0,0.0,0.0,nan,0,1,1.0,0.0,-0.001630155364644397,2.291916162145394e-05,nan,-0.001630155364644397,2.291916162145394e-05,nan,0.6696065136389138,0.6696065136389138,0.0,0.0,0.0,nan,0,1,1.0,0.0,-0.0023875700338661914,-0.0002773664264297106,nan,-0.0023875700338661914,-0.0002773664264297106,nan,0.5936291867393024,0.5936291867393024,0.0,0.0,0.0,nan,0
920,0.8830000000000007,0.45,,scientific,0,1,0.20258064516129032,1.0,0.0,-0.002380331830611517,-0.00028212534308045325,nan,-0.002380331830611517,-0.00028212534308045325,nan,0.5934778889663251,0.5934778889663251,0.0,0.0,0.0,nan,0,1,1.0,0.0,-0.001630155364644397,2.291916162145394e-05,nan,-0.001630155364644397,2.291916162145394e-05,nan,0.6696065136389138,0.6696065136389138,0.0,0.0,0.0,nan,0,1,1.0,0.0,-0.002380331830611517,-0.00028212534308045325,nan,-0.002380331830611517,-0.00028212534308045325,nan,0.5934778889663251,0.5934778889663251,0.0,0.0,0.0,nan,0
921,0.8840000000000007,0.45,,scientific,0,1,0.20258064516129032,1.0,0.0,-0.0015227533590229094,-0.0013143316827086045,nan,-0.0015227533590229094,-0.0013143316827086045,nan,0.5951524369090414,0.5951524369090414,0.0,0.0,0.0,nan,0,1,1.0,0.0,-0.001158825782794301,-0.0005492669956903402,nan,-0.001158825782794301,-0.0005492669956903402,nan,0.6706830514422325,0.6706830514422325,0.0,0.0,0.0,nan,0,1,1.0,0.0,-0.0015227533590229094,-0.0013143316827086045,nan,-0.0015227533590229094,-0.0013143316827086045,nan,0.5951524369090414,0.5951524369090414,0.0,0.0,0.0,nan,0
922,0.8850000000000007,0.45,,scientific,0,1,0.20258064516129032,1.0,0.0,-0.0015150130264471936,-0.0013196555455358512,nan,-0.0015150130264471936,-0.0013196555455358512,nan,0.595001655388916,0.595001655388916,0.0,0.0,0.0,nan,0,1,1.0,0.0,-0.001158825782794301,-0.0005492669956903402,nan,-0.001158825782794301,-0.0005492669956903402,nan,0.6706830514422325,0.6706830514422325,0.0,0.0,0.0,nan,0,1,1.0,0.0,-0.0015150130264471936,-0.0013196555455358512,nan,-0.0015150130264471936,-0.0013196555455358512,nan,0.595001655388916,0.595001655388916,0.0,0.0,0.0,nan,0
923,0.8860000000000007,0.45,,scientific,0,1,0.20258064516129032,1.0,0.0,-0.0015072381313297441,-0.0013249954992029462,nan,-0.0015072381313297441,-0.0013249954992029462,nan,0.5948507834362983,0.5948507834362983,0.0,0.0,0.0,nan,0,1,1.0,0.0,-0.001158825782794301,-0.0005492669956903402,nan,-0.001158825782794301,-0.0005492669956903402,nan,0.6706830514422325,0.6706830514422325,0.0,0.0,0.0,nan,0,1,1.0,0.0,-0.0015072381313297441,-0.0013249954992029462,nan,-0.0015072381313297441,-0.0013249954992029462,nan,0.5948507834362983,0.5948507834362983,0.0,0.0,0.0,nan,0
924,0.8870000000000007,0.45,,scientific,0,1,0.20258064516129032,1.0,0.0,-0.0014994289241749966,-0.0013303513960681774,nan,-0.0014994289241749966,-0.0013303513960681774,nan,0.5946998217024103,0.5946998217024103,0.0,0.0,0.0,nan,0,1,1.0,0.0,-0.001158825782794301,-0.0005492669956903402,nan,-0.001158825782794301,-0.0005492669956903402,nan,0.6706830514422325,0.6706830514422325,0.0,0.0,0.0,nan,0,1,1.0,0.0,-0.0014994289241749966,-0.0013303513960681774,nan,-0.0014994289241749966,-0.0013303513960681774,nan,0.5946998217024103,0.5946998217024103,0.0,0.0,0.0,nan,0
925,0.8880000000000007,0.45,,scientific,0,1,0.20258064516129032,1.0,0.0,-0.0022894061190918765,-0.00023868367148021776,nan,-0.0022894061190918765,-0.00023868367148021776,nan,0.5964052603947654,0.5964052603947654,0.0,0.0,0.0,nan,0,1,1.0,0.0,-0.0015958079131697844,4.989334711394255e-05,nan,-0.0015958079131697844,4.989334711394255e-05,nan,0.6717595892455512,0.6717595892455512,0.0,0.0,0.0,nan,0,1,1.0,0.0,-0.0022894061190918765,-0.00023868367148021776,nan,-0.0022894061190918765,-0.00023868367148021776,nan,0.5964052603947654,0.5964052603947654,0.0,0.0,0.0,nan,0
926,0.8890000000000007,0.45,,scientific,0,1,0.20258064516129032,1.0,0.0,-0.002281947842064523,-0.00024351379336163788,nan,-0.002281947842064523,-0.00024351379336163788,nan,0.5962548185427237,0.5962548185427237,0.0,0.0,0.0,nan,0,1,1.0,0.0,-0.0015958079131697844,4.989334711394255e-05,nan,-0.0015958079131697844,4.989334711394255e-05,nan,0.6717595892455512,0.6717595892455512,0.0,0.0,0.0,nan,0,1,1.0,0.0,-0.002281947842064523,-0.00024351379336163788,nan,-0.002281947842064523,-0.00024351379336163788,nan,0.5962548185427237,0.5962548185427237,0.0,0.0,0.0,nan,0
927,0.8900000000000007,0.45,,scientific,0,1,0.20258064516129032,1.0,0.0,-0.0022744548366880413,-0.00024836115759065656,nan,-0.0022744548366880413,-0.00024836115759065656,nan,0.5961042853954679,0.5961042853954679,0.0,0.0,0.0,nan,0,1,1.0,0.0,-0.0015958079131697844,4.989334711394255e-05,nan,-0.0015958079131697844,4.989334711394255e-05,nan,0.6717595892455512,0.6717595892455512,0.0,0.0,0.0,nan,0,1,1.0,0.0,-0.0022744548366880413,-0.00024836115759065656,nan,-0.0022744548366880413,-0.00024836115759065656,nan,0.5961042853954679,0.5961042853954679,0.0,0.0,0.0,nan,0
928,0.8910000000000007,0.45,,scientific,0,1,0.20258064516129032,1.0,0.0,-0.00226692735705507,-0.0002532256214411015,nan,-0.00226692735705507,-0.0002532256214411015,nan,0.5959536615949436,0.5959536615949436,0.0,0.0,0.0,nan,0,1,1.0,0.0,-0.0015958079131697844,4.989334711394255e-05,nan,-0.0015958079131697844,4.989334711394255e-05,nan,0.6717595892455512,0.6717595892455512,0.0,0.0,0.0,nan,0,1,1.0,0.0,-0.00226692735705507,-0.0002532256214411015,nan,-0.00226692735705507,-0.0002532256214411015,nan,0.5959536615949436,0.5959536615949436,0.0,0.0,0.0,nan,0
929,0.8920000000000007,0.45,,scientific,0,1,0.20258064516129032,1.0,0.0,-0.002259365661206541,-0.000258107040513583,nan,-0.002259365661206541,-0.000258107040513583,nan,0.5958029477810471,0.5958029477810471,0.0,0.0,0.0,nan,0,1,1.0,0.0,-0.0015958079131697844,4.989334711394255e-05,nan,-0.0015958079131697844,4.989334711394255e-05,nan,0.6717595892455512,0.6717595892455512,0.0,0.0,0.0,nan,0,1,1.0,0.0,-0.002259365661206541,-0.000258107040513583,nan,-0.002259365661206541,-0.000258107040513583,nan,0.5958029477810471,0.5958029477810471,0.0,0.0,0.0,nan,0
930,0.8930000000000007,0.45,,scientific,0,1,0.20258064516129032,1.0,0.0,-0.0026343322924165537,0.0010737864010490325,nan,-0.0026343322924165537,0.0010737864010490325,nan,0.597561246011472,0.597561246011472,0.0,0.0,0.0,nan,0,1,1.0,0.0,-0.0018012105207621506,0.0007602017521813724,nan,-0.0018012105207621506,0.0007602017521813724,nan,0.6728361270488697,0.6728361270488697,0.0,0.0,0.0,nan,0,1,1.0,0.0,-0.0026343322924165537,0.0010737864010490325,nan,-0.0026343322924165537,0.0010737864010490325,nan,0.597561246011472,0.597561246011472,0.0,0.0,0.0,nan,0
931,0.8940000000000007,0.45,,scientific,0,1,0.20258064516129032,1.0,0.0,-0.0026268873650525737,0.0010694471851289183,nan,-0.0026268873650525737,0.0010694471851289183,nan,0.5974109201837294,0.5974109201837294,0.0,0.0,0.0,nan,0,1,1.0,0.0,-0.0018012105207621506,0.0007602017521813724,nan,-0.0018012105207621506,0.0007602017521813724,nan,0.6728361270488697,0.6728361270488697,0.0,0.0,0.0,nan,0,1,1.0,0.0,-0.0026268873650525737,0.0010694471851289183,nan,-0.0026268873650525737,0.0010694471851289183,nan,0.5974109201837294,0.5974109201837294,0.0,0.0,0.0,nan,0
932,0.8950000000000007,0.45,,scientific,0,1,0.20258064516129032,1.0,0.0,-0.003344760454632366,0.0022052211326661153,nan,-0.003344760454632366,0.0022052211326661153,nan,0.5991282364110493,0.5991282364110493,0.0,0.0,0.0,nan,0,1,1.0,0.0,-0.0021981505922125245,0.0013818041218684265,nan,-0.0021981505922125245,0.0013818041218684265,nan,0.6739126648521884,0.6739126648521884,0.0,0.0,0.0,nan,0,1,1.0,0.0,-0.003344760454632366,0.0022052211326661153,nan,-0.003344760454632366,0.0022052211326661153,nan,0.5991282364110493,0.5991282364110493,0.0,0.0,0.0,nan,0
933,0.8960000000000007,0.45,,scientific,0,1,0.20258064516129032,1.0,0.0,-0.003337620155074712,0.00220140837231504,nan,-0.003337620155074712,0.00220140837231504,nan,0.5989784135392593,0.5989784135392593,0.0,0.0,0.0,nan,0,1,1.0,0.0,-0.0021981505922125245,0.0013818041218684265,nan,-0.0021981505922125245,0.0013818041218684265,nan,0.6739126648521884,0.6739126648521884,0.0,0.0,0.0,nan,0,1,1.0,0.0,-0.003337620155074712,0.00220140837231504,nan,-0.003337620155074712,0.00220140837231504,nan,0.5989784135392593,0.5989784135392593,0.0,0.0,0.0,nan,0
934,0.8970000000000007,0.45,,scientific,0,1,0.20258064516129032,1.0,0.0,-0.0033304452617292793,0.0021975748879772034,nan,-0.0033304452617292793,0.0021975748879772034,nan,0.5988284959779682,0.5988284959779682,0.0,0.0,0.0,nan,0,1,1.0,0.0,-0.0021981505922125245,0.0013818041218684265,nan,-0.0021981505922125245,0.0013818041218684265,nan,0.6739126648521884,0.6739126648521884,0.0,0.0,0.0,nan,0,1,1.0,0.0,-0.0033304452617292793,0.0021975748879772034,nan,-0.0033304452617292793,0.0021975748879772034,nan,0.5988284959779682,0.5988284959779682,0.0,0.0,0.0,nan,0
935,0.8980000000000007,0.45,,scientific,0,1,0.20258064516129032,1.0,0.0,-0.0033232360415619915,0.0021937208124223908,nan,-0.0033232360415619915,0.0021937208124223908,nan,0.5986784843389494,0.5986784843389494,0.0,0.0,0.0,nan,0,1,1.0,0.0,-0.0021981505922125245,0.0013818041218684265,nan,-0.0021981505922125245,0.0013818041218684265,nan,0.6739126648521884,0.6739126648521884,0.0,0.0,0.0,nan,0,1,1.0,0.0,-0.0033232360415619915,0.0021937208124223908,nan,-0.0033232360415619915,0.0021937208124223908,nan,0.5986784843389494,0.5986784843389494,0.0,0.0,0.0,nan,0
936,0.8990000000000007,0.45,,scientific,0,1,0.20258064516129032,1.0,0.0,-0.0033159927650454986,0.0021898462800637327,nan,-0.0033159927650454986,0.0021898462800637327,nan,0.5985283792341329,0.5985283792341329,0.0,0.0,0.0,nan,0,1,1.0,0.0,-0.0021981505922125245,0.0013818041218684265,nan,-0.0021981505922125245,0.0013818041218684265,nan,0.6739126648521884,0.6739126648521884,0.0,0.0,0.0,nan,0,1,1.0,0.0,-0.0033159927650454986,0.0021898462800637327,nan,-0.0033159927650454986,0.0021898462800637327,nan,0.5985283792341329,0.5985283792341329,0.0,0.0,0.0,nan,0
937,0.9000000000000007,0.45,,scientific,0,1,0.2032258064516129,1.0,0.0,-0.0033087157062888124,0.0021859514271591316,nan,-0.0033087157062888124,0.0021859514271591316,nan,0.5983781812802595,0.5983781812802595,0.0,0.0,0.0,nan,0,1,1.0,0.0,-0.0021981505922125245,0.0013818041218684265,nan,-0.0021981505922125245,0.0013818041218684265,nan,0.6739126648521884,0.6739126648521884,0.0,0.0,0.0,nan,0,1,1.0,0.0,-0.0033087157062888124,0.0021859514271591316,nan,-0.0033087157062888124,0.0021859514271591316,nan,0.5983781812802595,0.5983781812802595,0.0,0.0,0.0,nan,0
938,0.9010000000000007,0.45,,scientific,0,1,0.2032258064516129,1.0,0.0,-0.0033014051427963887,0.002182036391505234,nan,-0.0033014051427963887,0.002182036391505234,nan,0.5982278910947969,0.5982278910947969,0.0,0.0,0.0,nan,0,1,1.0,0.0,-0.0021981505922125245,0.0013818041218684265,nan,-0.0021981505922125245,0.0013818041218684265,nan,0.6739126648521884,0.6739126648521884,0.0,0.0,0.0,nan,0,1,1.0,0.0,-0.0033014051427963887,0.002182036391505234,nan,-0.0033014051427963887,0.002182036391505234,nan,0.5982278910947969,0.5982278910947969,0.0,0.0,0.0,nan,0
939,0.9020000000000007,0.45,,scientific,0,1,0.2032258064516129,1.0,0.0,-0.0032940613554456816,0.0021781013123956757,nan,-0.0032940613554456816,0.0021781013123956757,nan,0.5980775092965538,0.5980775092965538,0.0,0.0,0.0,nan,0,1,1.0,0.0,-0.0021981505922125245,0.0013818041218684265,nan,-0.0021981505922125245,0.0013818041218684265,nan,0.6739126648521884,0.6739126648521884,0.0,0.0,0.0,nan,0,1,1.0,0.0,-0.0032940613554456816,0.0021781013123956757,nan,-0.0032940613554456816,0.0021781013123956757,nan,0.5980775092965538,0.5980775092965538,0.0,0.0,0.0,nan,0
940,0.9030000000000007,0.45,,scientific,0,1,0.2032258064516129,1.0,0.0,-0.003286684628566007,0.0021741463309573133,nan,-0.003286684628566007,0.0021741463309573133,nan,0.5979270365096296,0.5979270365096296,0.0,0.0,0.0,nan,0,1,1.0,0.0,-0.0021981505922125245,0.0013818041218684265,nan,-0.0021981505922125245,0.0013818041218684265,nan,0.6739126648521884,0.6739126648521884,0.0,0.0,0.0,nan,0,1,1.0,0.0,-0.003286684628566007,0.0021741463309573133,nan,-0.003286684628566007,0.0021741463309573133,nan,0.5979270365096296,0.5979270365096296,0.0,0.0,0.0,nan,0
941,0.9040000000000007,0.45,,scientific,0,1,0.2032258064516129,1.0,0.0,-0.0032792752502893863,0.0021701715898810566,nan,-0.0032792752502893863,0.0021701715898810566,nan,0.597776473352841,0.597776473352841,0.0,0.0,0.0,nan,0,1,1.0,0.0,-0.0021981505922125245,0.0013818041218684265,nan,-0.0021981505922125245,0.0013818041218684265,nan,0.6739126648521884,0.6739126648521884,0.0,0.0,0.0,nan,0,1,1.0,0.0,-0.0032792752502893863,0.0021701715898810566,nan,-0.0032792752502893863,0.0021701715898810566,nan,0.597776473352841,0.597776473352841,0.0,0.0,0.0,nan,0
942,0.9050000000000007,0.45,,scientific,0,1,0.2032258064516129,1.0,0.0,-0.0032718335124237398,0.0021661772331788417,nan,-0.0032718335124237398,0.0021661772331788417,nan,0.5976258204468838,0.5976258204468838,0.0,0.0,0.0,nan,0,1,1.0,0.0,-0.0021981505922125245,0.0013818041218684265,nan,-0.0021981505922125245,0.0013818041218684265,nan,0.6739126648521884,0.6739126648521884,0.0,0.0,0.0,nan,0,1,1.0,0.0,-0.0032718335124237398,0.0021661772331788417,nan,-0.0032718335124237398,0.0021661772331788417,nan,0.5976258204468838,0.5976258204468838,0.0,0.0,0.0,nan,0
943,0.9060000000000007,0.45,,scientific,0,1,0.2032258064516129,1.0,0.0,-0.003264359709560702,0.002162163407076371,nan,-0.003264359709560702,0.002162163407076371,nan,0.5974750784153217,0.5974750784153217,0.0,0.0,0.0,nan,0,1,1.0,0.0,-0.0021981505922125245,0.0013818041218684265,nan,-0.0021981505922125245,0.0013818041218684265,nan,0.6739126648521884,0.6739126648521884,0.0,0.0,0.0,nan,0,1,1.0,0.0,-0.003264359709560702,0.002162163407076371,nan,-0.003264359709560702,0.002162163407076371,nan,0.5974750784153217,0.5974750784153217,0.0,0.0,0.0,nan,0
944,0.9070000000000007,0.45,,scientific,0,1,0.2032258064516129,1.0,0.0,-0.004603833196197609,0.002053013190276258,nan,-0.004603833196197609,0.002053013190276258,nan,0.5991934685889337,0.5991934685889337,0.0,0.0,0.0,nan,0,1,1.0,0.0,-0.00293262765792623,0.0013257886971082759,nan,-0.00293262765792623,0.0013257886971082759,nan,0.674989202655507,0.674989202655507,0.0,0.0,0.0,nan,0,1,1.0,0.0,-0.004603833196197609,0.002053013190276258,nan,-0.004603833196197609,0.002053013190276258,nan,0.5991934685889337,0.5991934685889337,0.0,0.0,0.0,nan,0
945,0.9080000000000007,0.45,,scientific,0,1,0.2032258064516129,1.0,0.0,-0.0032436591331843523,0.002314369642804988,nan,-0.0032436591331843523,0.002314369642804988,nan,0.6009365634564215,0.6009365634564215,0.0,0.0,0.0,nan,0,1,1.0,0.0,-0.0022078765412733526,0.0014692306879680395,nan,-0.0022078765412733526,0.0014692306879680395,nan,0.6760657404588255,0.6760657404588255,0.0,0.0,0.0,nan,0,1,1.0,0.0,-0.0032436591331843523,0.002314369642804988,nan,-0.0032436591331843523,0.002314369642804988,nan,0.6009365634564215,0.6009365634564215,0.0,0.0,0.0,nan,0
946,0.9090000000000007,0.45,,scientific,0,1,0.2032258064516129,1.0,0.0,-0.0032360952303950997,0.0023104121590862003,nan,-0.0032360952303950997,0.0023104121590862003,nan,0.6007869198666786,0.6007869198666786,0.0,0.0,0.0,nan,0,1,1.0,0.0,-0.0022078765412733526,0.0014692306879680395,nan,-0.0022078765412733526,0.0014692306879680395,nan,0.6760657404588255,0.6760657404588255,0.0,0.0,0.0,nan,0,1,1.0,0.0,-0.0032360952303950997,0.0023104121590862003,nan,-0.0032360952303950997,0.0023104121590862003,nan,0.6007869198666786,0.6007869198666786,0.0,0.0,0.0,nan,0
947,0.9100000000000007,0.45,,scientific,0,1,0.2032258064516129,1.0,0.0,-0.00322849949910038,0.0023064359421291632,nan,-0.00322849949910038,0.0023064359421291632,nan,0.6006371840033918,0.6006371840033918,0.0,0.0,0.0,nan,0,1,1.0,0.0,-0.0022078765412733526,0.0014692306879680395,nan,-0.0022078765412733526,0.0014692306879680395,nan,0.6760657404588255,0.6760657404588255,0.0,0.0,0.0,nan,0,1,1.0,0.0,-0.00322849949910038,0.0023064359421291632,nan,-0.00322849949910038,0.0023064359421291632,nan,0.6006371840033918,0.6006371840033918,0.0,0.0,0.0,nan,0
948,0.9110000000000007,0.45,,scientific,0,1,0.2032258064516129,1.0,0.0,-0.00322087224235,0.00230244114577368,nan,-0.00322087224235,0.00230244114577368,nan,0.6004873564721032,0.6004873564721032,0.0,0.0,0.0,nan,0,1,1.0,0.0,-0.0022078765412733526,0.0014692306879680395,nan,-0.0022078765412733526,0.0014692306879680395,nan,0.6760657404588255,0.6760657404588255,0.0,0.0,0.0,nan,0,1,1.0,0.0,-0.00322087224235,0.00230244114577368,nan,-0.00322087224235,0.00230244114577368,nan,0.6004873564721032,0.6004873564721032,0.0,0.0,0.0,nan,0
949,0.9120000000000007,0.45,,scientific,0,1,0.2032258064516129,1.0,0.0,-0.0032132137674858435,0.0022984279268403046,nan,-0.0032132137674858435,0.0022984279268403046,nan,0.6003374378756126,0.6003374378756126,0.0,0.0,0.0,nan,0,1,1.0,0.0,-0.0022078765412733526,0.0014692306879680395,nan,-0.0022078765412733526,0.0014692306879680395,nan,0.6760657404588255,0.6760657404588255,0.0,0.0,0.0,nan,0,1,1.0,0.0,-0.0032132137674858435,0.0022984279268403046,nan,-0.0032132137674858435,0.0022984279268403046,nan,0.6003374378756126,0.6003374378756126,0.0,0.0,0.0,nan,0
950,0.9130000000000007,0.45,,scientific,0,1,0.2032258064516129,1.0,0.0,-0.0032055243847316883,0.002294396443288723,nan,-0.0032055243847316883,0.002294396443288723,nan,0.6001874288243269,0.6001874288243269,0.0,0.0,0.0,nan,0,1,1.0,0.0,-0.0022078765412733526,0.0014692306879680395,nan,-0.0022078765412733526,0.0014692306879680395,nan,0.6760657404588255,0.6760657404588255,0.0,0.0,0.0,nan,0,1,1.0,0.0,-0.0032055243847316883,0.002294396443288723,nan,-0.0032055243847316883,0.002294396443288723,nan,0.6001874288243269,0.6001874288243269,0.0,0.0,0.0,nan,0
951,0.9140000000000007,0.45,,scientific,0,1,0.2032258064516129,1.0,0.0,-0.0031978044072108695,0.002290346855010038,nan,-0.0031978044072108695,0.002290346855010038,nan,0.6000373299298825,0.6000373299298825,0.0,0.0,0.0,nan,0,1,1.0,0.0,-0.0022078765412733526,0.0014692306879680395,nan,-0.0022078765412733526,0.0014692306879680395,nan,0.6760657404588255,0.6760657404588255,0.0,0.0,0.0,nan,0,1,1.0,0.0,-0.0031978044072108695,0.002290346855010038,nan,-0.0031978044072108695,0.002290346855010038,nan,0.6000373299298825,0.6000373299298825,0.0,0.0,0.0,nan,0
952,0.9150000000000007,0.45,,scientific,0,1,0.2032258064516129,1.0,0.0,-0.0031900541516444187,0.002286279323881632,nan,-0.0031900541516444187,0.002286279323881632,nan,0.5998871418029792,0.5998871418029792,0.0,0.0,0.0,nan,0,1,1.0,0.0,-0.0022078765412733526,0.0014692306879680395,nan,-0.0022078765412733526,0.0014692306879680395,nan,0.6760657404588255,0.6760657404588255,0.0,0.0,0.0,nan,0,1,1.0,0.0,-0.0031900541516444187,0.002286279323881632,nan,-0.0031900541516444187,0.002286279323881632,nan,0.5998871418029792,0.5998871418029792,0.0,0.0,0.0,nan,0
953,0.9160000000000007,0.45,,scientific,0,1,0.2032258064516129,1.0,0.0,-0.004526716724102512,0.00209077273265313,nan,-0.004526716724102512,0.00209077273265313,nan,0.6016208925721411,0.6016208925721411,0.0,0.0,0.0,nan,0,1,1.0,0.0,-0.002935927473077452,0.0013676691174374835,nan,-0.002935927473077452,0.0013676691174374835,nan,0.6771422782621441,0.6771422782621441,0.0,0.0,0.0,nan,0,1,1.0,0.0,-0.004526716724102512,0.00209077273265313,nan,-0.004526716724102512,0.00209077273265313,nan,0.6016208925721411,0.6016208925721411,0.0,0.0,0.0,nan,0
954,0.9170000000000007,0.45,,scientific,0,1,0.2032258064516129,1.0,0.0,-0.004519561325481507,0.002086591350613295,nan,-0.004519561325481507,0.002086591350613295,nan,0.6014711975266513,0.6014711975266513,0.0,0.0,0.0,nan,0,1,1.0,0.0,-0.002935927473077452,0.0013676691174374835,nan,-0.002935927473077452,0.0013676691174374835,nan,0.6771422782621441,0.6771422782621441,0.0,0.0,0.0,nan,0,1,1.0,0.0,-0.004519561325481507,0.002086591350613295,nan,-0.004519561325481507,0.002086591350613295,nan,0.6014711975266513,0.6014711975266513,0.0,0.0,0.0,nan,0
955,0.9180000000000007,0.45,,scientific,0,1,0.2032258064516129,1.0,0.0,-0.0045123744057279855,0.0020823929194344675,nan,-0.0045123744057279855,0.0020823929194344675,nan,0.6013214114210833,0.6013214114210833,0.0,0.0,0.0,nan,0,1,1.0,0.0,-0.002935927473077452,0.0013676691174374835,nan,-0.002935927473077452,0.0013676691174374835,nan,0.6771422782621441,0.6771422782621441,0.0,0.0,0.0,nan,0,1,1.0,0.0,-0.0045123744057279855,0.0020823929194344675,nan,-0.0045123744057279855,0.0020823929194344675,nan,0.6013214114210833,0.6013214114210833,0.0,0.0,0.0,nan,0
956,0.9190000000000007,0.45,,scientific,0,1,0.2032258064516129,1.0,0.0,-0.004505156282834123,0.0020781776076016344,nan,-0.004505156282834123,0.0020781776076016344,nan,0.6011715348545863,0.6011715348545863,0.0,0.0,0.0,nan,0,1,1.0,0.0,-0.002935927473077452,0.0013676691174374835,nan,-0.002935927473077452,0.0013676691174374835,nan,0.6771422782621441,0.6771422782621441,0.0,0.0,0.0,nan,0,1,1.0,0.0,-0.004505156282834123,0.0020781776076016344,nan,-0.004505156282834123,0.0020781776076016344,nan,0.6011715348545863,0.6011715348545863,0.0,0.0,0.0,nan,0
957,0.9200000000000007,0.45,,scientific,0,1,0.2032258064516129,1.0,0.0,-0.004497907278871888,0.002073945585421679,nan,-0.004497907278871888,0.002073945585421679,nan,0.6010215684271005,0.6010215684271005,0.0,0.0,0.0,nan,0,1,1.0,0.0,-0.002935927473077452,0.0013676691174374835,nan,-0.002935927473077452,0.0013676691174374835,nan,0.6771422782621441,0.6771422782621441,0.0,0.0,0.0,nan,0,1,1.0,0.0,-0.004497907278871888,0.002073945585421679,nan,-0.004497907278871888,0.002073945585421679,nan,0.6010215684271005,0.6010215684271005,0.0,0.0,0.0,nan,0
958,0.9210000000000007,0.45,,scientific,0,1,0.2032258064516129,1.0,0.0,-0.005752406855689372,0.0014918103551961098,nan,-0.005752406855689372,0.0014918103551961098,nan,0.6028015256507916,0.6028015256507916,0.0,0.0,0.0,nan,0,1,1.0,0.0,-0.003603942099333968,0.0010651455969675977,nan,-0.003603942099333968,0.0010651455969675977,nan,0.6782188160654627,0.6782188160654627,0.0,0.0,0.0,nan,0,1,1.0,0.0,-0.005752406855689372,0.0014918103551961098,nan,-0.005752406855689372,0.0014918103551961098,nan,0.6028015256507916,0.6028015256507916,0.0,0.0,0.0,nan,0
959,0.9220000000000007,0.45,,scientific,0,1,0.2032258064516129,1.0,0.0,-0.005745620614554203,0.0014873297481684518,nan,-0.005745620614554203,0.0014873297481684518,nan,0.6026519189101531,0.6026519189101531,0.0,0.0,0.0,nan,0,1,1.0,0.0,-0.003603942099333968,0.0010651455969675977,nan,-0.003603942099333968,0.0010651455969675977,nan,0.6782188160654627,0.6782188160654627,0.0,0.0,0.0,nan,0,1,1.0,0.0,-0.005745620614554203,0.0014873297481684518,nan,-0.005745620614554203,0.0014873297481684518,nan,0.6026519189101531,0.6026519189101531,0.0,0.0,0.0,nan,0
960,0.9230000000000007,0.45,,scientific,0,1,0.2032258064516129,1.0,0.0,-0.0057388019854849055,0.001482834232272595,nan,-0.0057388019854849055,0.001482834232272595,nan,0.6025022197186648,0.6025022197186648,0.0,0.0,0.0,nan,0,1,1.0,0.0,-0.003603942099333968,0.0010651455969675977,nan,-0.003603942099333968,0.0010651455969675977,nan,0.6782188160654627,0.6782188160654627,0.0,0.0,0.0,nan,0,1,1.0,0.0,-0.0057388019854849055,0.001482834232272595,nan,-0.0057388019854849055,0.001482834232272595,nan,0.6025022197186648,0.6025022197186648,0.0,0.0,0.0,nan,0
961,0.9240000000000007,0.45,,scientific,0,1,0.2032258064516129,1.0,0.0,-0.005731951292335887,0.0014783239880083881,nan,-0.005731951292335887,0.0014783239880083881,nan,0.6023524286686688,0.6023524286686688,0.0,0.0,0.0,nan,0,1,1.0,0.0,-0.003603942099333968,0.0010651455969675977,nan,-0.003603942099333968,0.0010651455969675977,nan,0.6782188160654627,0.6782188160654627,0.0,0.0,0.0,nan,0,1,1.0,0.0,-0.005731951292335887,0.0014783239880083881,nan,-0.005731951292335887,0.0014783239880083881,nan,0.6023524286686688,0.6023524286686688,0.0,0.0,0.0,nan,0
962,0.9250000000000007,0.45,,scientific,0,1,0.2032258064516129,1.0,0.0,-0.005725068862525775,0.0014737991983538898,nan,-0.005725068862525775,0.0014737991983538898,nan,0.6022025463489882,0.6022025463489882,0.0,0.0,0.0,nan,0,1,1.0,0.0,-0.003603942099333968,0.0010651455969675977,nan,-0.003603942099333968,0.0010651455969675977,nan,0.6782188160654627,0.6782188160654627,0.0,0.0,0.0,nan,0,1,1.0,0.0,-0.005725068862525775,0.0014737991983538898,nan,-0.005725068862525775,0.0014737991983538898,nan,0.6022025463489882,0.6022025463489882,0.0,0.0,0.0,nan,0
963,0.9260000000000007,0.45,,scientific,0,1,0.2032258064516129,1.0,0.0,-0.0057181550274961225,0.0014692600482299836,nan,-0.0057181550274961225,0.0014692600482299836,nan,0.6020525733468436,0.6020525733468436,0.0,0.0,0.0,nan,0,1,1.0,0.0,-0.003603942099333968,0.0010651455969675977,nan,-0.003603942099333968,0.0010651455969675977,nan,0.6782188160654627,0.6782188160654627,0.0,0.0,0.0,nan,0,1,1.0,0.0,-0.0057181550274961225,0.0014692600482299836,nan,-0.0057181550274961225,0.0014692600482299836,nan,0.6020525733468436,0.6020525733468436,0.0,0.0,0.0,nan,0
964,0.9270000000000007,0.45,,scientific,0,1,0.20387096774193547,1.0,0.0,-0.005711210122249595,0.0014647067239601584,nan,-0.005711210122249595,0.0014647067239601584,nan,0.6019025102571395,0.6019025102571395,0.0,0.0,0.0,nan,0,1,1.0,0.0,-0.003603942099333968,0.0010651455969675977,nan,-0.003603942099333968,0.0010651455969675977,nan,0.6782188160654627,0.6782188160654627,0.0,0.0,0.0,nan,0,1,1.0,0.0,-0.005711210122249595,0.0014647067239601584,nan,-0.005711210122249595,0.0014647067239601584,nan,0.6019025102571395,0.6019025102571395,0.0,0.0,0.0,nan,0
965,0.9280000000000007,0.45,,scientific,0,1,0.20451612903225808,1.0,0.0,-0.005704234485007001,0.0014601394130975905,nan,-0.005704234485007001,0.0014601394130975905,nan,0.6017523576780147,0.6017523576780147,0.0,0.0,0.0,nan,0,1,1.0,0.0,-0.003603942099333968,0.0010651455969675977,nan,-0.003603942099333968,0.0010651455969675977,nan,0.6782188160654627,0.6782188160654627,0.0,0.0,0.0,nan,0,1,1.0,0.0,-0.005704234485007001,0.0014601394130975905,nan,-0.005704234485007001,0.0014601394130975905,nan,0.6017523576780147,0.6017523576780147,0.0,0.0,0.0,nan,0
966,0.9290000000000007,0.45,,scientific,0,1,0.20451612903225808,1.0,0.0,-0.005697228457655878,0.001455558303962307,nan,-0.005697228457655878,0.001455558303962307,nan,0.6016021162071757,0.6016021162071757,0.0,0.0,0.0,nan,0,1,1.0,0.0,-0.003603942099333968,0.0010651455969675977,nan,-0.003603942099333968,0.0010651455969675977,nan,0.6782188160654627,0.6782188160654627,0.0,0.0,0.0,nan,0,1,1.0,0.0,-0.005697228457655878,0.001455558303962307,nan,-0.005697228457655878,0.001455558303962307,nan,0.6016021162071757,0.6016021162071757,0.0,0.0,0.0,nan,0
967,0.9300000000000007,0.45,,scientific,0,1,0.20451612903225808,1.0,0.0,-0.005690192386149613,0.0014509635875726643,nan,-0.005690192386149613,0.0014509635875726643,nan,0.6014517864414478,0.6014517864414478,0.0,0.0,0.0,nan,0,1,1.0,0.0,-0.003603942099333968,0.0010651455969675977,nan,-0.003603942099333968,0.0010651455969675977,nan,0.6782188160654627,0.6782188160654627,0.0,0.0,0.0,nan,0,1,1.0,0.0,-0.005690192386149613,0.0014509635875726643,nan,-0.005690192386149613,0.0014509635875726643,nan,0.6014517864414478,0.6014517864414478,0.0,0.0,0.0,nan,0
968,0.9310000000000007,0.45,,scientific,0,1,0.20451612903225808,1.0,0.0,-0.005683126619601946,0.0014463554567233242,nan,-0.005683126619601946,0.0014463554567233242,nan,0.6013013689809887,0.6013013689809887,0.0,0.0,0.0,nan,0,1,1.0,0.0,-0.003603942099333968,0.0010651455969675977,nan,-0.003603942099333968,0.0010651455969675977,nan,0.6782188160654627,0.6782188160654627,0.0,0.0,0.0,nan,0,1,1.0,0.0,-0.005683126619601946,0.0014463554567233242,nan,-0.005683126619601946,0.0014463554567233242,nan,0.6013013689809887,0.6013013689809887,0.0,0.0,0.0,nan,0
969,0.9320000000000007,0.45,,scientific,0,1,0.20516129032258065,1.0,0.0,-0.005676031510180128,0.00144173410573175,nan,-0.005676031510180128,0.00144173410573175,nan,0.6011508644250099,0.6011508644250099,0.0,0.0,0.0,nan,0,1,1.0,0.0,-0.003603942099333968,0.0010651455969675977,nan,-0.003603942099333968,0.0010651455969675977,nan,0.6782188160654627,0.6782188160654627,0.0,0.0,0.0,nan,0,1,1.0,0.0,-0.005676031510180128,0.00144173410573175,nan,-0.005676031510180128,0.00144173410573175,nan,0.6011508644250099,0.6011508644250099,0.0,0.0,0.0,nan,0
970,0.9330000000000007,0.45,,scientific,0,1,0.20516129032258065,1.0,0.0,-0.00566890741340685,0.0014370997303036973,nan,-0.00566890741340685,0.0014370997303036973,nan,0.6010002733740283,0.6010002733740283,0.0,0.0,0.0,nan,0,1,1.0,0.0,-0.003603942099333968,0.0010651455969675977,nan,-0.003603942099333968,0.0010651455969675977,nan,0.6782188160654627,0.6782188160654627,0.0,0.0,0.0,nan,0,1,1.0,0.0,-0.00566890741340685,0.0014370997303036973,nan,-0.00566890741340685,0.0014370997303036973,nan,0.6010002733740283,0.6010002733740283,0.0,0.0,0.0,nan,0
971,0.9340000000000007,0.45,,scientific,0,1,0.20516129032258065,1.0,0.0,-0.00566175468876179,0.0014324525270770685,nan,-0.00566175468876179,0.0014324525270770685,nan,0.6008495964311462,0.6008495964311462,0.0,0.0,0.0,nan,0,1,1.0,0.0,-0.003603942099333968,0.0010651455969675977,nan,-0.003603942099333968,0.0010651455969675977,nan,0.6782188160654627,0.6782188160654627,0.0,0.0,0.0,nan,0,1,1.0,0.0,-0.00566175468876179,0.0014324525270770685,nan,-0.00566175468876179,0.0014324525270770685,nan,0.6008495964311462,0.6008495964311462,0.0,0.0,0.0,nan,0
972,0.9350000000000007,0.45,,scientific,0,1,0.20516129032258065,1.0,0.0,-0.0056545736995783176,0.001427792694766566,nan,-0.0056545736995783176,0.001427792694766566,nan,0.6006988342003916,0.6006988342003916,0.0,0.0,0.0,nan,0,1,1.0,0.0,-0.003603942099333968,0.0010651455969675977,nan,-0.003603942099333968,0.0010651455969675977,nan,0.6782188160654627,0.6782188160654627,0.0,0.0,0.0,nan,0,1,1.0,0.0,-0.0056545736995783176,0.001427792694766566,nan,-0.0056545736995783176,0.001427792694766566,nan,0.6006988342003916,0.6006988342003916,0.0,0.0,0.0,nan,0
973,0.9360000000000007,0.45,,scientific,0,1,0.20516129032258065,1.0,0.0,-0.005647364813285745,0.0014231204340707888,nan,-0.005647364813285745,0.0014231204340707888,nan,0.6005479872887562,0.6005479872887562,0.0,0.0,0.0,nan,0,1,1.0,0.0,-0.003603942099333968,0.0010651455969675977,nan,-0.003603942099333968,0.0010651455969675977,nan,0.6782188160654627,0.6782188160654627,0.0,0.0,0.0,nan,0,1,1.0,0.0,-0.005647364813285745,0.0014231204340707888,nan,-0.005647364813285745,0.0014231204340707888,nan,0.6005479872887562,0.6005479872887562,0.0,0.0,0.0,nan,0
974,0.9370000000000007,0.45,,scientific,0,1,0.20516129032258065,1.0,0.0,-0.005640128400150235,0.001418435946247604,nan,-0.005640128400150235,0.001418435946247604,nan,0.6003970563020822,0.6003970563020822,0.0,0.0,0.0,nan,0,1,1.0,0.0,-0.003603942099333968,0.0010651455969675977,nan,-0.003603942099333968,0.0010651455969675977,nan,0.6782188160654627,0.6782188160654627,0.0,0.0,0.0,nan,0,1,1.0,0.0,-0.005640128400150235,0.001418435946247604,nan,-0.005640128400150235,0.001418435946247604,nan,0.6003970563020822,0.6003970563020822,0.0,0.0,0.0,nan,0
975,0.9380000000000007,0.45,,scientific,0,1,0.20580645161290323,1.0,0.0,-0.005632864833398522,0.0014137394337204697,nan,-0.005632864833398522,0.0014137394337204697,nan,0.6002460418445306,0.6002460418445306,0.0,0.0,0.0,nan,0,1,1.0,0.0,-0.003603942099333968,0.0010651455969675977,nan,-0.003603942099333968,0.0010651455969675977,nan,0.6782188160654627,0.6782188160654627,0.0,0.0,0.0,nan,0,1,1.0,0.0,-0.005632864833398522,0.0014137394337204697,nan,-0.005632864833398522,0.0014137394337204697,nan,0.6002460418445306,0.6002460418445306,0.0,0.0,0.0,nan,0
976,0.9390000000000007,0.45,,scientific,0,1,0.20580645161290323,1.0,0.0,-0.005625574489928412,0.0014090311007166473,nan,-0.005625574489928412,0.0014090311007166473,nan,0.6000949445244352,0.6000949445244352,0.0,0.0,0.0,nan,0,1,1.0,0.0,-0.003603942099333968,0.0010651455969675977,nan,-0.003603942099333968,0.0010651455969675977,nan,0.6782188160654627,0.6782188160654627,0.0,0.0,0.0,nan,0,1,1.0,0.0,-0.005625574489928412,0.0014090311007166473,nan,-0.005625574489928412,0.0014090311007166473,nan,0.6000949445244352,0.6000949445244352,0.0,0.0,0.0,nan,0
977,0.9400000000000007,0.45,,scientific,0,1,0.20580645161290323,1.0,0.0,-0.005618257750261247,0.001404311152593965,nan,-0.005618257750261247,0.001404311152593965,nan,0.5999437649526107,0.5999437649526107,0.0,0.0,0.0,nan,0,1,1.0,0.0,-0.003603942099333968,0.0010651455969675977,nan,-0.003603942099333968,0.0010651455969675977,nan,0.6782188160654627,0.6782188160654627,0.0,0.0,0.0,nan,0,1,1.0,0.0,-0.005618257750261247,0.001404311152593965,nan,-0.005618257750261247,0.001404311152593965,nan,0.5999437649526107,0.5999437649526107,0.0,0.0,0.0,nan,0
978,0.9410000000000007,0.45,,scientific,0,1,0.20580645161290323,1.0,0.0,-0.00561091499849279,0.001399579796945445,nan,-0.00561091499849279,0.001399579796945445,nan,0.5997925037401102,0.5997925037401102,0.0,0.0,0.0,nan,0,1,1.0,0.0,-0.003603942099333968,0.0010651455969675977,nan,-0.003603942099333968,0.0010651455969675977,nan,0.6782188160654627,0.6782188160654627,0.0,0.0,0.0,nan,0,1,1.0,0.0,-0.00561091499849279,0.001399579796945445,nan,-0.00561091499849279,0.001399579796945445,nan,0.5997925037401102,0.5997925037401102,0.0,0.0,0.0,nan,0
979,0.9420000000000007,0.45,,scientific,0,1,0.20580645161290323,1.0,0.0,-0.005603546621298349,0.0013948372438020392,nan,-0.005603546621298349,0.0013948372438020392,nan,0.599641161497457,0.599641161497457,0.0,0.0,0.0,nan,0,1,1.0,0.0,-0.003603942099333968,0.0010651455969675977,nan,-0.003603942099333968,0.0010651455969675977,nan,0.6782188160654627,0.6782188160654627,0.0,0.0,0.0,nan,0,1,1.0,0.0,-0.005603546621298349,0.0013948372438020392,nan,-0.005603546621298349,0.0013948372438020392,nan,0.599641161497457,0.599641161497457,0.0,0.0,0.0,nan,0
980,0.9430000000000007,0.45,,scientific,0,1,0.20580645161290323,1.0,0.0,-0.00559615300918144,0.001390083704407459,nan,-0.00559615300918144,0.001390083704407459,nan,0.5994897388342496,0.5994897388342496,0.0,0.0,0.0,nan,0,1,1.0,0.0,-0.003603942099333968,0.0010651455969675977,nan,-0.003603942099333968,0.0010651455969675977,nan,0.6782188160654627,0.6782188160654627,0.0,0.0,0.0,nan,0,1,1.0,0.0,-0.00559615300918144,0.001390083704407459,nan,-0.00559615300918144,0.001390083704407459,nan,0.5994897388342496,0.5994897388342496,0.0,0.0,0.0,nan,0
981,0.9440000000000007,0.45,,scientific,0,1,0.20580645161290323,1.0,0.0,-0.004908470081315961,0.0001623943861152186,nan,-0.004908470081315961,0.0001623943861152186,nan,0.6012587498526782,0.6012587498526782,0.0,0.0,0.0,nan,0,1,1.0,0.0,-0.003247425179267045,0.0004198465522338341,nan,-0.003247425179267045,0.0004198465522338341,nan,0.6792953538687816,0.6792953538687816,0.0,0.0,0.0,nan,0,1,1.0,0.0,-0.004908470081315961,0.0001623943861152186,nan,-0.004908470081315961,0.0001623943861152186,nan,0.6012587498526782,0.6012587498526782,0.0,0.0,0.0,nan,0
982,0.9450000000000007,0.45,,scientific,0,1,0.20580645161290323,1.0,0.0,-0.004900712899010339,0.0001570216972988146,nan,-0.004900712899010339,0.0001570216972988146,nan,0.6011078332347208,0.6011078332347208,0.0,0.0,0.0,nan,0,1,1.0,0.0,-0.003247425179267045,0.0004198465522338341,nan,-0.003247425179267045,0.0004198465522338341,nan,0.6792953538687816,0.6792953538687816,0.0,0.0,0.0,nan,0,1,1.0,0.0,-0.004900712899010339,0.0001570216972988146,nan,-0.004900712899010339,0.0001570216972988146,nan,0.6011078332347208,0.6011078332347208,0.0,0.0,0.0,nan,0
983,0.9460000000000007,0.45,,scientific,0,1,0.20580645161290323,1.0,0.0,-0.004892932242105031,0.00015163952102639858,nan,-0.004892932242105031,0.00015163952102639858,nan,0.6009568361358115,0.6009568361358115,0.0,0.0,0.0,nan,0,1,1.0,0.0,-0.003247425179267045,0.0004198465522338341,nan,-0.003247425179267045,0.0004198465522338341,nan,0.6792953538687816,0.6792953538687816,0.0,0.0,0.0,nan,0,1,1.0,0.0,-0.004892932242105031,0.00015163952102639858,nan,-0.004892932242105031,0.00015163952102639858,nan,0.6009568361358115,0.6009568361358115,0.0,0.0,0.0,nan,0
984,0.9470000000000007,0.45,,scientific,0,1,0.20580645161290323,1.0,0.0,-0.004885128515925808,0.00014624807668156675,nan,-0.004885128515925808,0.00014624807668156675,nan,0.6008057591712749,0.6008057591712749,0.0,0.0,0.0,nan,0,1,1.0,0.0,-0.003247425179267045,0.0004198465522338341,nan,-0.003247425179267045,0.0004198465522338341,nan,0.6792953538687816,0.6792953538687816,0.0,0.0,0.0,nan,0,1,1.0,0.0,-0.004885128515925808,0.00014624807668156675,nan,-0.004885128515925808,0.00014624807668156675,nan,0.6008057591712749,0.6008057591712749,0.0,0.0,0.0,nan,0
985,0.9480000000000007,0.45,,scientific,0,1,0.20580645161290323,1.0,0.0,-0.004877302129498857,0.0001408475850694824,nan,-0.004877302129498857,0.0001408475850694824,nan,0.6006546029581061,0.6006546029581061,0.0,0.0,0.0,nan,0,1,1.0,0.0,-0.003247425179267045,0.0004198465522338341,nan,-0.003247425179267045,0.0004198465522338341,nan,0.6792953538687816,0.6792953538687816,0.0,0.0,0.0,nan,0,1,1.0,0.0,-0.004877302129498857,0.0001408475850694824,nan,-0.004877302129498857,0.0001408475850694824,nan,0.6006546029581061,0.6006546029581061,0.0,0.0,0.0,nan,0
986,0.9490000000000007,0.45,,scientific,0,1,0.20580645161290323,1.0,0.0,-0.004869453495145472,0.00013543826900154677,nan,-0.004869453495145472,0.00013543826900154677,nan,0.6005033681137167,0.6005033681137167,0.0,0.0,0.0,nan,0,1,1.0,0.0,-0.003247425179267045,0.0004198465522338341,nan,-0.003247425179267045,0.0004198465522338341,nan,0.6792953538687816,0.6792953538687816,0.0,0.0,0.0,nan,0,1,1.0,0.0,-0.004869453495145472,0.00013543826900154677,nan,-0.004869453495145472,0.00013543826900154677,nan,0.6005033681137167,0.6005033681137167,0.0,0.0,0.0,nan,0
987,0.9500000000000007,0.45,,scientific,0,1,0.2064516129032258,1.0,0.0,-0.004861583028676941,0.00013002035256504235,nan,-0.004861583028676941,0.00013002035256504235,nan,0.6003520552544421,0.6003520552544421,0.0,0.0,0.0,nan,0,1,1.0,0.0,-0.003247425179267045,0.0004198465522338341,nan,-0.003247425179267045,0.0004198465522338341,nan,0.6792953538687816,0.6792953538687816,0.0,0.0,0.0,nan,0,1,1.0,0.0,-0.004861583028676941,0.00013002035256504235,nan,-0.004861583028676941,0.00013002035256504235,nan,0.6003520552544421,0.6003520552544421,0.0,0.0,0.0,nan,0
988,0.9510000000000007,0.45,,scientific,0,1,0.2064516129032258,1.0,0.0,-0.004853691149436345,0.00012459406157512706,nan,-0.004853691149436345,0.00012459406157512706,nan,0.6002006649946258,0.6002006649946258,0.0,0.0,0.0,nan,0,1,1.0,0.0,-0.003247425179267045,0.0004198465522338341,nan,-0.003247425179267045,0.0004198465522338341,nan,0.6792953538687816,0.6792953538687816,0.0,0.0,0.0,nan,0,1,1.0,0.0,-0.004853691149436345,0.00012459406157512706,nan,-0.004853691149436345,0.00012459406157512706,nan,0.6002006649946258,0.6002006649946258,0.0,0.0,0.0,nan,0
989,0.9520000000000007,0.45,,scientific,0,1,0.2064516129032258,1.0,0.0,-0.004845778280437243,0.00011915962359857037,nan,-0.004845778280437243,0.00011915962359857037,nan,0.6000491979505675,0.6000491979505675,0.0,0.0,0.0,nan,0,1,1.0,0.0,-0.003247425179267045,0.0004198465522338341,nan,-0.003247425179267045,0.0004198465522338341,nan,0.6792953538687816,0.6792953538687816,0.0,0.0,0.0,nan,0,1,1.0,0.0,-0.004845778280437243,0.00011915962359857037,nan,-0.004845778280437243,0.00011915962359857037,nan,0.6000491979505675,0.6000491979505675,0.0,0.0,0.0,nan,0
990,0.9530000000000007,0.45,,scientific,0,1,0.2064516129032258,1.0,0.0,-0.004837844847786201,0.0001137172673451712,nan,-0.004837844847786201,0.0001137172673451712,nan,0.5998976547433928,0.5998976547433928,0.0,0.0,0.0,nan,0,1,1.0,0.0,-0.003247425179267045,0.0004198465522338341,nan,-0.003247425179267045,0.0004198465522338341,nan,0.6792953538687816,0.6792953538687816,0.0,0.0,0.0,nan,0,1,1.0,0.0,-0.004837844847786201,0.0001137172673451712,nan,-0.004837844847786201,0.0001137172673451712,nan,0.5998976547433928,0.5998976547433928,0.0,0.0,0.0,nan,0
991,0.9540000000000007,0.45,,scientific,0,1,0.2064516129032258,1.0,0.0,-0.004829891280822485,0.00010826722267850056,nan,-0.004829891280822485,0.00010826722267850056,nan,0.599746035996037,0.599746035996037,0.0,0.0,0.0,nan,0,1,1.0,0.0,-0.003247425179267045,0.0004198465522338341,nan,-0.003247425179267045,0.0004198465522338341,nan,0.6792953538687816,0.6792953538687816,0.0,0.0,0.0,nan,0,1,1.0,0.0,-0.004829891280822485,0.00010826722267850056,nan,-0.004829891280822485,0.00010826722267850056,nan,0.599746035996037,0.599746035996037,0.0,0.0,0.0,nan,0
992,0.9550000000000007,0.45,,scientific,0,1,0.2064516129032258,1.0,0.0,-0.004821918012140981,0.00010280972079466011,nan,-0.004821918012140981,0.00010280972079466011,nan,0.599594342328688,0.599594342328688,0.0,0.0,0.0,nan,0,1,1.0,0.0,-0.003247425179267045,0.0004198465522338341,nan,-0.003247425179267045,0.0004198465522338341,nan,0.6792953538687816,0.6792953538687816,0.0,0.0,0.0,nan,0,1,1.0,0.0,-0.004821918012140981,0.00010280972079466011,nan,-0.004821918012140981,0.00010280972079466011,nan,0.599594342328688,0.599594342328688,0.0,0.0,0.0,nan,0
993,0.9560000000000007,0.45,,scientific,0,1,0.2064516129032258,1.0,0.0,-0.004813925477649018,9.734499433230754e-05,nan,-0.004813925477649018,9.734499433230754e-05,nan,0.5994425743604589,0.5994425743604589,0.0,0.0,0.0,nan,0,1,1.0,0.0,-0.003247425179267045,0.0004198465522338341,nan,-0.003247425179267045,0.0004198465522338341,nan,0.6792953538687816,0.6792953538687816,0.0,0.0,0.0,nan,0,1,1.0,0.0,-0.004813925477649018,9.734499433230754e-05,nan,-0.004813925477649018,9.734499433230754e-05,nan,0.5994425743604589,0.5994425743604589,0.0,0.0,0.0,nan,0
994,0.9570000000000007,0.45,,scientific,0,1,0.2064516129032258,1.0,0.0,-0.0048059141165040275,9.187327734659215e-05,nan,-0.0048059141165040275,9.187327734659215e-05,nan,0.5992907327145677,0.5992907327145677,0.0,0.0,0.0,nan,0,1,1.0,0.0,-0.003247425179267045,0.0004198465522338341,nan,-0.003247425179267045,0.0004198465522338341,nan,0.6792953538687816,0.6792953538687816,0.0,0.0,0.0,nan,0,1,1.0,0.0,-0.0048059141165040275,9.187327734659215e-05,nan,-0.0048059141165040275,9.187327734659215e-05,nan,0.5992907327145677,0.5992907327145677,0.0,0.0,0.0,nan,0
995,0.9580000000000007,0.45,,scientific,0,1,0.2064516129032258,1.0,0.0,-0.0047978843710065906,8.639480523862043e-05,nan,-0.0047978843710065906,8.639480523862043e-05,nan,0.5991388180168462,0.5991388180168462,0.0,0.0,0.0,nan,0,1,1.0,0.0,-0.003247425179267045,0.0004198465522338341,nan,-0.003247425179267045,0.0004198465522338341,nan,0.6792953538687816,0.6792953538687816,0.0,0.0,0.0,nan,0,1,1.0,0.0,-0.0047978843710065906,8.639480523862043e-05,nan,-0.0047978843710065906,8.639480523862043e-05,nan,0.5991388180168462,0.5991388180168462,0.0,0.0,0.0,nan,0
996,0.9590000000000007,0.45,,scientific,0,1,0.2064516129032258,1.0,0.0,-0.004789836685593393,8.090981464763033e-05,nan,-0.004789836685593393,8.090981464763033e-05,nan,0.5989868308984687,0.5989868308984687,0.0,0.0,0.0,nan,0,1,1.0,0.0,-0.003247425179267045,0.0004198465522338341,nan,-0.003247425179267045,0.0004198465522338341,nan,0.6792953538687816,0.6792953538687816,0.0,0.0,0.0,nan,0,1,1.0,0.0,-0.004789836685593393,8.090981464763033e-05,nan,-0.004789836685593393,8.090981464763033e-05,nan,0.5989868308984687,0.5989868308984687,0.0,0.0,0.0,nan,0
997,0.9600000000000007,0.45,,scientific,0,1,0.20709677419354838,1.0,0.0,-0.00478177150944115,7.541854360958065e-05,nan,-0.00478177150944115,7.541854360958065e-05,nan,0.5988347719871856,0.5988347719871856,0.0,0.0,0.0,nan,0,1,1.0,0.0,-0.003247425179267045,0.0004198465522338341,nan,-0.003247425179267045,0.0004198465522338341,nan,0.6792953538687816,0.6792953538687816,0.0,0.0,0.0,nan,0,1,1.0,0.0,-0.00478177150944115,7.541854360958065e-05,nan,-0.00478177150944115,7.541854360958065e-05,nan,0.5988347719871856,0.5988347719871856,0.0,0.0,0.0,nan,0
998,0.9610000000000007,0.45,,scientific,0,1,0.20709677419354838,1.0,0.0,-0.004773689295239486,6.992123212493788e-05,nan,-0.004773689295239486,6.992123212493788e-05,nan,0.5986826419038376,0.5986826419038376,0.0,0.0,0.0,nan,0,1,1.0,0.0,-0.003247425179267045,0.0004198465522338341,nan,-0.003247425179267045,0.0004198465522338341,nan,0.6792953538687816,0.6792953538687816,0.0,0.0,0.0,nan,0,1,1.0,0.0,-0.004773689295239486,6.992123212493788e-05,nan,-0.004773689295239486,6.992123212493788e-05,nan,0.5986826419038376,0.5986826419038376,0.0,0.0,0.0,nan,0
999,0.9620000000000007,0.45,,scientific,0,1,0.20709677419354838,1.0,0.0,-0.0047655904981646425,6.441812068981852e-05,nan,-0.0047655904981646425,6.441812068981852e-05,nan,0.5985304412743345,0.5985304412743345,0.0,0.0,0.0,nan,0,1,1.0,0.0,-0.003247425179267045,0.0004198465522338341,nan,-0.003247425179267045,0.0004198465522338341,nan,0.6792953538687816,0.6792953538687816,0.0,0.0,0.0,nan,0,1,1.0,0.0,-0.0047655904981646425,6.441812068981852e-05,nan,-0.0047655904981646425,6.441812068981852e-05,nan,0.5985304412743345,0.5985304412743345,0.0,0.0,0.0,nan,0
1000,0.9630000000000007,0.45,,scientific,0,1,0.20709677419354838,1.0,0.0,-0.004757475575878897,5.8909451607287124e-05,nan,-0.004757475575878897,5.8909451607287124e-05,nan,0.5983781707274468,0.5983781707274468,0.0,0.0,0.0,nan,0,1,1.0,0.0,-0.003247425179267045,0.0004198465522338341,nan,-0.003247425179267045,0.0004198465522338341,nan,0.6792953538687816,0.6792953538687816,0.0,0.0,0.0,nan,0,1,1.0,0.0,-0.004757475575878897,5.8909451607287124e-05,nan,-0.004757475575878897,5.8909451607287124e-05,nan,0.5983781707274468,0.5983781707274468,0.0,0.0,0.0,nan,0
1001,0.9640000000000007,0.45,,scientific,0,1,0.20709677419354838,1.0,0.0,-0.004749344990343639,5.339546855177697e-05,nan,-0.004749344990343639,5.339546855177697e-05,nan,0.5982258308905694,0.5982258308905694,0.0,0.0,0.0,nan,0,1,1.0,0.0,-0.003247425179267045,0.0004198465522338341,nan,-0.003247425179267045,0.0004198465522338341,nan,0.6792953538687816,0.6792953538687816,0.0,0.0,0.0,nan,0,1,1.0,0.0,-0.004749344990343639,5.339546855177697e-05,nan,-0.004749344990343639,5.339546855177697e-05,nan,0.5982258308905694,0.5982258308905694,0.0,0.0,0.0,nan,0
1002,0.9650000000000007,0.45,,scientific,0,1,0.20709677419354838,1.0,0.0,-0.002456537601220731,0.0009652926930897129,nan,-0.002456537601220731,0.0009652926930897129,nan,0.6018169817409136,0.6018169817409136,0.0,0.0,0.0,nan,0,1,1.0,0.0,-0.0020267928997599193,0.0009389264468352588,nan,-0.0020267928997599193,0.0009389264468352588,nan,0.6814484294754186,0.6814484294754186,0.0,0.0,0.0,nan,0,1,1.0,0.0,-0.002456537601220731,0.0009652926930897129,nan,-0.002456537601220731,0.0009652926930897129,nan,0.6018169817409136,0.6018169817409136,0.0,0.0,0.0,nan,0
1003,0.9660000000000007,0.45,,scientific,0,1,0.20774193548387096,1.0,0.0,-0.003368204693134877,0.0019390032002747583,nan,-0.003368204693134877,0.0019390032002747583,nan,0.6035231655715787,0.6035231655715787,0.0,0.0,0.0,nan,0,1,1.0,0.0,-0.0025298036915798023,0.0014740603016344812,nan,-0.0025298036915798023,0.0014740603016344812,nan,0.6825249672787372,0.6825249672787372,0.0,0.0,0.0,nan,0,1,1.0,0.0,-0.003368204693134877,0.0019390032002747583,nan,-0.003368204693134877,0.0019390032002747583,nan,0.6035231655715787,0.6035231655715787,0.0,0.0,0.0,nan,0
1004,0.9670000000000007,0.45,,scientific,0,1,0.20774193548387096,1.0,0.0,-0.0033594116480933247,0.0019343954727005469,nan,-0.0033594116480933247,0.0019343954727005469,nan,0.6033725395739837,0.6033725395739837,0.0,0.0,0.0,nan,0,1,1.0,0.0,-0.0025298036915798023,0.0014740603016344812,nan,-0.0025298036915798023,0.0014740603016344812,nan,0.6825249672787372,0.6825249672787372,0.0,0.0,0.0,nan,0,1,1.0,0.0,-0.0033594116480933247,0.0019343954727005469,nan,-0.0033594116480933247,0.0019343954727005469,nan,0.6033725395739837,0.6033725395739837,0.0,0.0,0.0,nan,0
1005,0.9680000000000007,0.45,,scientific,0,1,0.20774193548387096,1.0,0.0,-0.0033506054286911594,0.0019297809199471819,nan,-0.0033506054286911594,0.0019297809199471819,nan,0.6032218393129292,0.6032218393129292,0.0,0.0,0.0,nan,0,1,1.0,0.0,-0.0025298036915798023,0.0014740603016344812,nan,-0.0025298036915798023,0.0014740603016344812,nan,0.6825249672787372,0.6825249672787372,0.0,0.0,0.0,nan,0,1,1.0,0.0,-0.0033506054286911594,0.0019297809199471819,nan,-0.0033506054286911594,0.0019297809199471819,nan,0.6032218393129292,0.6032218393129292,0.0,0.0,0.0,nan,0
1006,0.9690000000000007,0.45,,scientific,0,1,0.20774193548387096,1.0,0.0,-0.0033417865150720274,0.0019251597775528945,nan,-0.0033417865150720274,0.0019251597775528945,nan,0.6030710653967153,0.6030710653967153,0.0,0.0,0.0,nan,0,1,1.0,0.0,-0.0025298036915798023,0.0014740603016344812,nan,-0.0025298036915798023,0.0014740603016344812,nan,0.6825249672787372,0.6825249672787372,0.0,0.0,0.0,nan,0,1,1.0,0.0,-0.0033417865150720274,0.0019251597775528945,nan,-0.0033417865150720274,0.0019251597775528945,nan,0.6030710653967153,0.6030710653967153,0.0,0.0,0.0,nan,0
1007,0.9700000000000008,0.45,,scientific,0,1,0.20774193548387096,1.0,0.0,-0.0033329553900771115,0.0019205322822195736,nan,-0.0033329553900771115,0.0019205322822195736,nan,0.6029202184345576,0.6029202184345576,0.0,0.0,0.0,nan,0,1,1.0,0.0,-0.0025298036915798023,0.0014740603016344812,nan,-0.0025298036915798023,0.0014740603016344812,nan,0.6825249672787372,0.6825249672787372,0.0,0.0,0.0,nan,0,1,1.0,0.0,-0.0033329553900771115,0.0019205322822195736,nan,-0.0033329553900771115,0.0019205322822195736,nan,0.6029202184345576,0.6029202184345576,0.0,0.0,0.0,nan,0
1008,0.9710000000000008,0.45,,scientific,0,1,0.20774193548387096,1.0,0.0,-0.0020887981146209163,0.0015625221868030045,nan,-0.0020887981146209163,0.0015625221868030045,nan,0.6045361526125059,0.6045361526125059,0.0,0.0,0.0,nan,0,1,1.0,0.0,-0.0018225054168659524,0.0012735325702678726,nan,-0.0018225054168659524,0.0012735325702678726,nan,0.6836015050820559,0.6836015050820559,0.0,0.0,0.0,nan,0,1,1.0,0.0,-0.0020887981146209163,0.0015625221868030045,nan,-0.0020887981146209163,0.0015625221868030045,nan,0.6045361526125059,0.6045361526125059,0.0,0.0,0.0,nan,0
1009,0.9720000000000008,0.45,,scientific,0,1,0.20774193548387096,1.0,0.0,-0.002079363116070376,0.0015577179858439604,nan,-0.002079363116070376,0.0015577179858439604,nan,0.6043857527636124,0.6043857527636124,0.0,0.0,0.0,nan,0,1,1.0,0.0,-0.0018225054168659524,0.0012735325702678726,nan,-0.0018225054168659524,0.0012735325702678726,nan,0.6836015050820559,0.6836015050820559,0.0,0.0,0.0,nan,0,1,1.0,0.0,-0.002079363116070376,0.0015577179858439604,nan,-0.002079363116070376,0.0015577179858439604,nan,0.6043857527636124,0.6043857527636124,0.0,0.0,0.0,nan,0
1010,0.9730000000000008,0.45,,scientific,0,1,0.20774193548387096,1.0,0.0,-0.002069917723087064,0.0015529082833163983,nan,-0.002069917723087064,0.0015529082833163983,nan,0.6042352807123677,0.6042352807123677,0.0,0.0,0.0,nan,0,1,1.0,0.0,-0.0018225054168659524,0.0012735325702678726,nan,-0.0018225054168659524,0.0012735325702678726,nan,0.6836015050820559,0.6836015050820559,0.0,0.0,0.0,nan,0,1,1.0,0.0,-0.002069917723087064,0.0015529082833163983,nan,-0.002069917723087064,0.0015529082833163983,nan,0.6042352807123677,0.6042352807123677,0.0,0.0,0.0,nan,0
1011,0.9740000000000008,0.45,,scientific,0,1,0.20774193548387096,1.0,0.0,-0.0020604624301806818,0.0015480933205348428,nan,-0.0020604624301806818,0.0015480933205348428,nan,0.60408473707075,0.60408473707075,0.0,0.0,0.0,nan,0,1,1.0,0.0,-0.0018225054168659524,0.0012735325702678726,nan,-0.0018225054168659524,0.0012735325702678726,nan,0.6836015050820559,0.6836015050820559,0.0,0.0,0.0,nan,0,1,1.0,0.0,-0.0020604624301806818,0.0015480933205348428,nan,-0.0020604624301806818,0.0015480933205348428,nan,0.60408473707075,0.60408473707075,0.0,0.0,0.0,nan,0
1012,0.9750000000000008,0.45,,scientific,0,1,0.20774193548387096,1.0,0.0,-0.0020509977355366313,0.0015432733399370565,nan,-0.0020509977355366313,0.0015432733399370565,nan,0.6039341224480769,0.6039341224480769,0.0,0.0,0.0,nan,0,1,1.0,0.0,-0.0018225054168659524,0.0012735325702678726,nan,-0.0018225054168659524,0.0012735325702678726,nan,0.6836015050820559,0.6836015050820559,0.0,0.0,0.0,nan,0,1,1.0,0.0,-0.0020509977355366313,0.0015432733399370565,nan,-0.0020509977355366313,0.0015432733399370565,nan,0.6039341224480769,0.6039341224480769,0.0,0.0,0.0,nan,0
1013,0.9760000000000008,0.45,,scientific,0,1,0.20774193548387096,1.0,0.0,-0.002041524140765905,0.0015384485853788253,nan,-0.002041524140765905,0.0015384485853788253,nan,0.6037834374571849,0.6037834374571849,0.0,0.0,0.0,nan,0,1,1.0,0.0,-0.0018225054168659524,0.0012735325702678726,nan,-0.0018225054168659524,0.0012735325702678726,nan,0.6836015050820559,0.6836015050820559,0.0,0.0,0.0,nan,0,1,1.0,0.0,-0.002041524140765905,0.0015384485853788253,nan,-0.002041524140765905,0.0015384485853788253,nan,0.6037834374571849,0.6037834374571849,0.0,0.0,0.0,nan,0
1014,0.9770000000000008,0.45,,scientific,0,1,0.20774193548387096,1.0,0.0,-0.002032042150323787,0.0015336193020106892,nan,-0.002032042150323787,0.0015336193020106892,nan,0.6036326827142766,0.6036326827142766,0.0,0.0,0.0,nan,0,1,1.0,0.0,-0.0018225054168659524,0.0012735325702678726,nan,-0.0018225054168659524,0.0012735325702678726,nan,0.6836015050820559,0.6836015050820559,0.0,0.0,0.0,nan,0,1,1.0,0.0,-0.002032042150323787,0.0015336193020106892,nan,-0.002032042150323787,0.0015336193020106892,nan,0.6036326827142766,0.6036326827142766,0.0,0.0,0.0,nan,0
1015,0.9780000000000008,0.45,,scientific,0,1,0.20774193548387096,1.0,0.0,-0.0020225522712154897,0.001528785735676627,nan,-0.0020225522712154897,0.001528785735676627,nan,0.6034818588378841,0.6034818588378841,0.0,0.0,0.0,nan,0,1,1.0,0.0,-0.0018225054168659524,0.0012735325702678726,nan,-0.0018225054168659524,0.0012735325702678726,nan,0.6836015050820559,0.6836015050820559,0.0,0.0,0.0,nan,0,1,1.0,0.0,-0.0020225522712154897,0.001528785735676627,nan,-0.0020225522712154897,0.001528785735676627,nan,0.6034818588378841,0.6034818588378841,0.0,0.0,0.0,nan,0
1016,0.9790000000000008,0.45,,scientific,0,1,0.20774193548387096,1.0,0.0,-0.0020130550136424922,0.0015239481335575958,nan,-0.0020130550136424922,0.0015239481335575958,nan,0.6033309664423656,0.6033309664423656,0.0,0.0,0.0,nan,0,1,1.0,0.0,-0.0018225054168659524,0.0012735325702678726,nan,-0.0018225054168659524,0.0012735325702678726,nan,0.6836015050820559,0.6836015050820559,0.0,0.0,0.0,nan,0,1,1.0,0.0,-0.0020130550136424922,0.0015239481335575958,nan,-0.0020130550136424922,0.0015239481335575958,nan,0.6033309664423656,0.6033309664423656,0.0,0.0,0.0,nan,0
1017,0.9800000000000008,0.45,,scientific,0,1,0.20774193548387096,1.0,0.0,-0.002003550891830778,0.0015191067447824919,nan,-0.002003550891830778,0.0015191067447824919,nan,0.6031800061410917,0.6031800061410917,0.0,0.0,0.0,nan,0,1,1.0,0.0,-0.0018225054168659524,0.0012735325702678726,nan,-0.0018225054168659524,0.0012735325702678726,nan,0.6836015050820559,0.6836015050820559,0.0,0.0,0.0,nan,0,1,1.0,0.0,-0.002003550891830778,0.0015191067447824919,nan,-0.002003550891830778,0.0015191067447824919,nan,0.6031800061410917,0.6031800061410917,0.0,0.0,0.0,nan,0
1018,0.9810000000000008,0.45,,scientific,0,1,0.20774193548387096,1.0,0.0,-0.0033439215652736744,0.0015796358194506996,nan,-0.0033439215652736744,0.0015796358194506996,nan,0.6048976684463168,0.6048976684463168,0.0,0.0,0.0,nan,0,1,1.0,0.0,-0.0025552404509458265,0.0013086471302883116,nan,-0.0025552404509458265,0.0013086471302883116,nan,0.6846780428853745,0.6846780428853745,0.0,0.0,0.0,nan,0,1,1.0,0.0,-0.0033439215652736744,0.0015796358194506996,nan,-0.0033439215652736744,0.0015796358194506996,nan,0.6048976684463168,0.6048976684463168,0.0,0.0,0.0,nan,0
1019,0.9820000000000008,0.45,,scientific,0,1,0.20774193548387096,1.0,0.0,-0.003117279922958584,0.0029795025373840316,nan,-0.003117279922958584,0.0029795025373840316,nan,0.6067197451350461,0.6067197451350461,0.0,0.0,0.0,nan,0,1,1.0,0.0,-0.0024434098787422653,0.0020314783164563878,nan,-0.0024434098787422653,0.0020314783164563878,nan,0.6857545806886931,0.6857545806886931,0.0,0.0,0.0,nan,0,1,1.0,0.0,-0.003117279922958584,0.0029795025373840316,nan,-0.003117279922958584,0.0029795025373840316,nan,0.6067197451350461,0.6067197451350461,0.0,0.0,0.0,nan,0
1020,0.9830000000000008,0.45,,scientific,0,1,0.20774193548387096,1.0,0.0,-0.0031083375690444037,0.0029752753268661642,nan,-0.0031083375690444037,0.0029752753268661642,nan,0.6065697486117518,0.6065697486117518,0.0,0.0,0.0,nan,0,1,1.0,0.0,-0.0024434098787422653,0.0020314783164563878,nan,-0.0024434098787422653,0.0020314783164563878,nan,0.6857545806886931,0.6857545806886931,0.0,0.0,0.0,nan,0,1,1.0,0.0,-0.0031083375690444037,0.0029752753268661642,nan,-0.0031083375690444037,0.0029752753268661642,nan,0.6065697486117518,0.6065697486117518,0.0,0.0,0.0,nan,0
1021,0.9840000000000008,0.45,,scientific,0,1,0.20838709677419354,1.0,0.0,-0.0020372001426696676,0.0022470926753736147,nan,-0.0020372001426696676,0.0022470926753736147,nan,0.6081955599246224,0.6081955599246224,0.0,0.0,0.0,nan,0,1,1.0,0.0,-0.0018382560458093755,0.0016183413068354983,nan,-0.0018382560458093755,0.0016183413068354983,nan,0.6868311184920117,0.6868311184920117,0.0,0.0,0.0,nan,0,1,1.0,0.0,-0.0020372001426696676,0.0022470926753736147,nan,-0.0020372001426696676,0.0022470926753736147,nan,0.6081955599246224,0.6081955599246224,0.0,0.0,0.0,nan,0
1022,0.9850000000000008,0.45,,scientific,0,1,0.20838709677419354,1.0,0.0,-0.002027750423222477,0.00224251790383759,nan,-0.002027750423222477,0.00224251790383759,nan,0.6080460071641244,0.6080460071641244,0.0,0.0,0.0,nan,0,1,1.0,0.0,-0.0018382560458093755,0.0016183413068354983,nan,-0.0018382560458093755,0.0016183413068354983,nan,0.6868311184920117,0.6868311184920117,0.0,0.0,0.0,nan,0,1,1.0,0.0,-0.002027750423222477,0.00224251790383759,nan,-0.002027750423222477,0.00224251790383759,nan,0.6080460071641244,0.6080460071641244,0.0,0.0,0.0,nan,0
1023,0.9860000000000008,0.45,,scientific,0,1,0.20838709677419354,1.0,0.0,-0.0020182955497984097,0.0022379385595636112,nan,-0.0020182955497984097,0.0022379385595636112,nan,0.6078963819515311,0.6078963819515311,0.0,0.0,0.0,nan,0,1,1.0,0.0,-0.0018382560458093755,0.0016183413068354983,nan,-0.0018382560458093755,0.0016183413068354983,nan,0.6868311184920117,0.6868311184920117,0.0,0.0,0.0,nan,0,1,1.0,0.0,-0.0020182955497984097,0.0022379385595636112,nan,-0.0020182955497984097,0.0022379385595636112,nan,0.6078963819515311,0.6078963819515311,0.0,0.0,0.0,nan,0
1024,0.9870000000000008,0.45,,scientific,0,1,0.20838709677419354,1.0,0.0,-0.0020088360475489972,0.0022333548908391346,nan,-0.0020088360475489972,0.0022333548908391346,nan,0.6077466848870241,0.6077466848870241,0.0,0.0,0.0,nan,0,1,1.0,0.0,-0.0018382560458093755,0.0016183413068354983,nan,-0.0018382560458093755,0.0016183413068354983,nan,0.6868311184920117,0.6868311184920117,0.0,0.0,0.0,nan,0,1,1.0,0.0,-0.0020088360475489972,0.0022333548908391346,nan,-0.0020088360475489972,0.0022333548908391346,nan,0.6077466848870241,0.6077466848870241,0.0,0.0,0.0,nan,0
1025,0.9880000000000008,0.45,,scientific,0,1,0.20838709677419354,1.0,0.0,-0.00199937244450248,0.002228767147283157,nan,-0.00199937244450248,0.002228767147283157,nan,0.6075969165738245,0.6075969165738245,0.0,0.0,0.0,nan,0,1,1.0,0.0,-0.0018382560458093755,0.0016183413068354983,nan,-0.0018382560458093755,0.0016183413068354983,nan,0.6868311184920117,0.6868311184920117,0.0,0.0,0.0,nan,0,1,1.0,0.0,-0.00199937244450248,0.002228767147283157,nan,-0.00199937244450248,0.002228767147283157,nan,0.6075969165738245,0.6075969165738245,0.0,0.0,0.0,nan,0
1026,0.9890000000000008,0.45,,scientific,0,1,0.20838709677419354,1.0,0.0,-0.0019899052717803505,0.002224175579691499,nan,-0.0019899052717803505,0.002224175579691499,nan,0.6074470776168788,0.6074470776168788,0.0,0.0,0.0,nan,0,1,1.0,0.0,-0.0018382560458093755,0.0016183413068354983,nan,-0.0018382560458093755,0.0016183413068354983,nan,0.6868311184920117,0.6868311184920117,0.0,0.0,0.0,nan,0,1,1.0,0.0,-0.0019899052717803505,0.002224175579691499,nan,-0.0019899052717803505,0.002224175579691499,nan,0.6074470776168788,0.6074470776168788,0.0,0.0,0.0,nan,0
1027,0.9900000000000008,0.45,,scientific,0,1,0.20838709677419354,1.0,0.0,-0.0019804350623190002,0.002219580440000593,nan,-0.0019804350623190002,0.002219580440000593,nan,0.6072971686173951,0.6072971686173951,0.0,0.0,0.0,nan,0,1,1.0,0.0,-0.0018382560458093755,0.0016183413068354983,nan,-0.0018382560458093755,0.0016183413068354983,nan,0.6868311184920117,0.6868311184920117,0.0,0.0,0.0,nan,0,1,1.0,0.0,-0.0019804350623190002,0.002219580440000593,nan,-0.0019804350623190002,0.002219580440000593,nan,0.6072971686173951,0.6072971686173951,0.0,0.0,0.0,nan,0
1028,0.9910000000000008,0.45,,scientific,0,1,0.20838709677419354,1.0,0.0,-0.001970962351450677,0.0022149819810833257,nan,-0.001970962351450677,0.0022149819810833257,nan,0.6071471901790596,0.6071471901790596,0.0,0.0,0.0,nan,0,1,1.0,0.0,-0.0018382560458093755,0.0016183413068354983,nan,-0.0018382560458093755,0.0016183413068354983,nan,0.6868311184920117,0.6868311184920117,0.0,0.0,0.0,nan,0,1,1.0,0.0,-0.001970962351450677,0.0022149819810833257,nan,-0.001970962351450677,0.0022149819810833257,nan,0.6071471901790596,0.6071471901790596,0.0,0.0,0.0,nan,0
1029,0.9920000000000008,0.45,,scientific,0,1,0.20838709677419354,1.0,0.0,-0.001961487677722459,0.0022103804569133406,nan,-0.001961487677722459,0.0022103804569133406,nan,0.6069971429085124,0.6069971429085124,0.0,0.0,0.0,nan,0,1,1.0,0.0,-0.0018382560458093755,0.0016183413068354983,nan,-0.0018382560458093755,0.0016183413068354983,nan,0.6868311184920117,0.6868311184920117,0.0,0.0,0.0,nan,0,1,1.0,0.0,-0.001961487677722459,0.0022103804569133406,nan,-0.001961487677722459,0.0022103804569133406,nan,0.6069971429085124,0.6069971429085124,0.0,0.0,0.0,nan,0
1030,0.9930000000000008,0.45,,scientific,0,1,0.20838709677419354,1.0,0.0,-0.0019520115826967882,0.002205776122410982,nan,-0.0019520115826967882,0.002205776122410982,nan,0.6068470274138773,0.6068470274138773,0.0,0.0,0.0,nan,0,1,1.0,0.0,-0.0018382560458093755,0.0016183413068354983,nan,-0.0018382560458093755,0.0016183413068354983,nan,0.6868311184920117,0.6868311184920117,0.0,0.0,0.0,nan,0,1,1.0,0.0,-0.0019520115826967882,0.002205776122410982,nan,-0.0019520115826967882,0.002205776122410982,nan,0.6068470274138773,0.6068470274138773,0.0,0.0,0.0,nan,0
1031,0.9940000000000008,0.45,,scientific,0,1,0.20838709677419354,1.0,0.0,-0.0009814523756440292,0.0011678512528926976,nan,-0.0009814523756440292,0.0011678512528926976,nan,0.608659506305512,0.608659506305512,0.0,0.0,0.0,nan,0,1,1.0,0.0,-0.0013415480488424842,0.0010838954541156412,nan,-0.0013415480488424842,0.0010838954541156412,nan,0.6879076562953303,0.6879076562953303,0.0,0.0,0.0,nan,0,1,1.0,0.0,-0.0009814523756440292,0.0011678512528926976,nan,-0.0009814523756440292,0.0011678512528926976,nan,0.608659506305512,0.608659506305512,0.0,0.0,0.0,nan,0
1032,0.9950000000000008,0.45,,scientific,0,1,0.20838709677419354,1.0,0.0,-0.0009715337757866664,0.001162750584177752,nan,-0.0009715337757866664,0.001162750584177752,nan,0.6085099097583567,0.6085099097583567,0.0,0.0,0.0,nan,0,1,1.0,0.0,-0.0013415480488424842,0.0010838954541156412,nan,-0.0013415480488424842,0.0010838954541156412,nan,0.6879076562953303,0.6879076562953303,0.0,0.0,0.0,nan,0,1,1.0,0.0,-0.0009715337757866664,0.001162750584177752,nan,-0.0009715337757866664,0.001162750584177752,nan,0.6085099097583567,0.6085099097583567,0.0,0.0,0.0,nan,0
1033,0.9960000000000008,0.45,,scientific,0,1,0.20838709677419354,1.0,0.0,-0.0015405240412339608,0.0023686906138921304,nan,-0.0015405240412339608,0.0023686906138921304,nan,0.6102276135919473,0.6102276135919473,0.0,0.0,0.0,nan,0,1,1.0,0.0,-0.0016569295916909518,0.0017431335576253012,nan,-0.0016569295916909518,0.0017431335576253012,nan,0.6889841940986491,0.6889841940986491,0.0,0.0,0.0,nan,0,1,1.0,0.0,-0.0015405240412339608,0.0023686906138921304,nan,-0.0015405240412339608,0.0023686906138921304,nan,0.6102276135919473,0.6102276135919473,0.0,0.0,0.0,nan,0
1034,0.9970000000000008,0.45,,scientific,0,1,0.20838709677419354,1.0,0.0,-0.0015308862361887614,0.002364131534391693,nan,-0.0015308862361887614,0.002364131534391693,nan,0.6100784911177866,0.6100784911177866,0.0,0.0,0.0,nan,0,1,1.0,0.0,-0.0016569295916909518,0.0017431335576253012,nan,-0.0016569295916909518,0.0017431335576253012,nan,0.6889841940986491,0.6889841940986491,0.0,0.0,0.0,nan,0,1,1.0,0.0,-0.0015308862361887614,0.002364131534391693,nan,-0.0015308862361887614,0.002364131534391693,nan,0.6100784911177866,0.6100784911177866,0.0,0.0,0.0,nan,0
1035,0.9980000000000008,0.45,,scientific,0,1,0.20838709677419354,1.0,0.0,-0.0015212494045762084,0.002359569574160744,nan,-0.0015212494045762084,0.002359569574160744,nan,0.6099292983904336,0.6099292983904336,0.0,0.0,0.0,nan,0,1,1.0,0.0,-0.0016569295916909518,0.0017431335576253012,nan,-0.0016569295916909518,0.0017431335576253012,nan,0.6889841940986491,0.6889841940986491,0.0,0.0,0.0,nan,0,1,1.0,0.0,-0.0015212494045762084,0.002359569574160744,nan,-0.0015212494045762084,0.002359569574160744,nan,0.6099292983904336,0.6099292983904336,0.0,0.0,0.0,nan,0
1036,0.9990000000000008,0.45,,scientific,0,1,0.20838709677419354,1.0,0.0,-0.0015116141015595191,0.002355004991858499,nan,-0.0015116141015595191,0.002355004991858499,nan,0.6097800360087033,0.6097800360087033,0.0,0.0,0.0,nan,0,1,1.0,0.0,-0.0016569295916909518,0.0017431335576253012,nan,-0.0016569295916909518,0.0017431335576253012,nan,0.6889841940986491,0.6889841940986491,0.0,0.0,0.0,nan,0,1,1.0,0.0,-0.0015116141015595191,0.002355004991858499,nan,-0.0015116141015595191,0.002355004991858499,nan,0.6097800360087033,0.6097800360087033,0.0,0.0,0.0,nan,0
1037,1.0000000000000007,0.45,,scientific,0,1,0.20838709677419354,1.0,0.0,-0.0015019808843874877,0.00235043804718729,nan,-0.0015019808843874877,0.00235043804718729,nan,0.6096307045717055,0.6096307045717055,0.0,0.0,0.0,nan,0,1,1.0,0.0,-0.0016569295916909518,0.0017431335576253012,nan,-0.0016569295916909518,0.0017431335576253012,nan,0.6889841940986491,0.6889841940986491,0.0,0.0,0.0,nan,0,1,1.0,0.0,-0.0015019808843874877,0.00235043804718729,nan,-0.0015019808843874877,0.00235043804718729,nan,0.6096307045717055,0.6096307045717055,0.0,0.0,0.0,nan,0
1038,1.0010000000000006,0.45,,scientific,0,1,0.20838709677419354,1.0,0.0,-0.0014923503135852493,0.0023458690007633074,nan,-0.0014923503135852493,0.0023458690007633074,nan,0.6094813046792655,0.6094813046792655,0.0,0.0,0.0,nan,0,1,1.0,0.0,-0.0016569295916909518,0.0017431335576253012,nan,-0.0016569295916909518,0.0017431335576253012,nan,0.6889841940986491,0.6889841940986491,0.0,0.0,0.0,nan,0,1,1.0,0.0,-0.0014923503135852493,0.0023458690007633074,nan,-0.0014923503135852493,0.0023458690007633074,nan,0.6094813046792655,0.6094813046792655,0.0,0.0,0.0,nan,0
1039,1.0020000000000004,0.45,,scientific,0,1,0.20838709677419354,1.0,0.0,-0.001482722952731075,0.0023412981131723082,nan,-0.001482722952731075,0.0023412981131723082,nan,0.609331836933243,0.609331836933243,0.0,0.0,0.0,nan,0,1,1.0,0.0,-0.0016569295916909518,0.0017431335576253012,nan,-0.0016569295916909518,0.0017431335576253012,nan,0.6889841940986491,0.6889841940986491,0.0,0.0,0.0,nan,0,1,1.0,0.0,-0.001482722952731075,0.0023412981131723082,nan,-0.001482722952731075,0.0023412981131723082,nan,0.609331836933243,0.609331836933243,0.0,0.0,0.0,nan,0
1040,1.0030000000000003,0.45,,scientific,0,1,0.20838709677419354,1.0,0.0,-0.0014730993680793216,0.0023367256471005923,nan,-0.0014730993680793216,0.0023367256471005923,nan,0.6091823019329692,0.6091823019329692,0.0,0.0,0.0,nan,0,1,1.0,0.0,-0.0016569295916909518,0.0017431335576253012,nan,-0.0016569295916909518,0.0017431335576253012,nan,0.6889841940986491,0.6889841940986491,0.0,0.0,0.0,nan,0,1,1.0,0.0,-0.0014730993680793216,0.0023367256471005923,nan,-0.0014730993680793216,0.0023367256471005923,nan,0.6091823019329692,0.6091823019329692,0.0,0.0,0.0,nan,0
1041,1.0040000000000002,0.45,,scientific,0,1,0.20903225806451614,1.0,0.0,-0.001463480128651549,0.002332151868092664,nan,-0.001463480128651549,0.002332151868092664,nan,0.6090327002733876,0.6090327002733876,0.0,0.0,0.0,nan,0,1,1.0,0.0,-0.0016569295916909518,0.0017431335576253012,nan,-0.0016569295916909518,0.0017431335576253012,nan,0.6889841940986491,0.6889841940986491,0.0,0.0,0.0,nan,0,1,1.0,0.0,-0.001463480128651549,0.002332151868092664,nan,-0.001463480128651549,0.002332151868092664,nan,0.6090327002733876,0.6090327002733876,0.0,0.0,0.0,nan,0
1042,1.0050000000000001,0.45,,scientific,0,1,0.20903225806451614,1.0,0.0,-0.0014538658060740163,0.002327577043269361,nan,-0.0014538658060740163,0.002327577043269361,nan,0.6088830325517017,0.6088830325517017,0.0,0.0,0.0,nan,0,1,1.0,0.0,-0.0016569295916909518,0.0017431335576253012,nan,-0.0016569295916909518,0.0017431335576253012,nan,0.6889841940986491,0.6889841940986491,0.0,0.0,0.0,nan,0,1,1.0,0.0,-0.0014538658060740163,0.002327577043269361,nan,-0.0014538658060740163,0.002327577043269361,nan,0.6088830325517017,0.6088830325517017,0.0,0.0,0.0,nan,0
1043,1.006,0.45,,scientific,0,1,0.20903225806451614,1.0,0.0,-0.0014442569745519056,0.0023230014403441313,nan,-0.0014442569745519056,0.0023230014403441313,nan,0.6087332993697798,0.6087332993697798,0.0,0.0,0.0,nan,0,1,1.0,0.0,-0.0016569295916909518,0.0017431335576253012,nan,-0.0016569295916909518,0.0017431335576253012,nan,0.6889841940986491,0.6889841940986491,0.0,0.0,0.0,nan,0,1,1.0,0.0,-0.0014442569745519056,0.0023230014403441313,nan,-0.0014442569745519056,0.0023230014403441313,nan,0.6087332993697798,0.6087332993697798,0.0,0.0,0.0,nan,0
1044,1.007,0.45,,scientific,0,1,0.20903225806451614,1.0,0.0,-0.0014346542101894232,0.0023184253280336214,nan,-0.0014346542101894232,0.0023184253280336214,nan,0.608583501330153,0.608583501330153,0.0,0.0,0.0,nan,0,1,1.0,0.0,-0.0016569295916909518,0.0017431335576253012,nan,-0.0016569295916909518,0.0017431335576253012,nan,0.6889841940986491,0.6889841940986491,0.0,0.0,0.0,nan,0,1,1.0,0.0,-0.0014346542101894232,0.0023184253280336214,nan,-0.0014346542101894232,0.0023184253280336214,nan,0.608583501330153,0.608583501330153,0.0,0.0,0.0,nan,0
1045,1.0079999999999998,0.45,,scientific,0,1,0.20903225806451614,1.0,0.0,-0.0014250580910160394,0.002313848976769836,nan,-0.0014250580910160394,0.002313848976769836,nan,0.6084336390373906,0.6084336390373906,0.0,0.0,0.0,nan,0,1,1.0,0.0,-0.0016569295916909518,0.0017431335576253012,nan,-0.0016569295916909518,0.0017431335576253012,nan,0.6889841940986491,0.6889841940986491,0.0,0.0,0.0,nan,0,1,1.0,0.0,-0.0014250580910160394,0.002313848976769836,nan,-0.0014250580910160394,0.002313848976769836,nan,0.6084336390373906,0.6084336390373906,0.0,0.0,0.0,nan,0
1046,1.0089999999999997,0.45,,scientific,0,1,0.20903225806451614,1.0,0.0,-0.001415469197921618,0.0023092726574909218,nan,-0.001415469197921618,0.0023092726574909218,nan,0.6082837130926824,0.6082837130926824,0.0,0.0,0.0,nan,0,1,1.0,0.0,-0.0016569295916909518,0.0017431335576253012,nan,-0.0016569295916909518,0.0017431335576253012,nan,0.6889841940986491,0.6889841940986491,0.0,0.0,0.0,nan,0,1,1.0,0.0,-0.001415469197921618,0.0023092726574909218,nan,-0.001415469197921618,0.0023092726574909218,nan,0.6082837130926824,0.6082837130926824,0.0,0.0,0.0,nan,0
1047,1.0099999999999996,0.45,,scientific,0,1,0.20903225806451614,1.0,0.0,-0.0014058881143763546,0.0023046966415786792,nan,-0.0014058881143763546,0.0023046966415786792,nan,0.6081337240980196,0.6081337240980196,0.0,0.0,0.0,nan,0,1,1.0,0.0,-0.0016569295916909518,0.0017431335576253012,nan,-0.0016569295916909518,0.0017431335576253012,nan,0.6889841940986491,0.6889841940986491,0.0,0.0,0.0,nan,0,1,1.0,0.0,-0.0014058881143763546,0.0023046966415786792,nan,-0.0014058881143763546,0.0023046966415786792,nan,0.6081337240980196,0.6081337240980196,0.0,0.0,0.0,nan,0
1048,1.0109999999999995,0.45,,scientific,0,1,0.20903225806451614,1.0,0.0,-0.0013963154263087428,0.0023001212013250686,nan,-0.0013963154263087428,0.0023001212013250686,nan,0.6079836726594202,0.6079836726594202,0.0,0.0,0.0,nan,0,1,1.0,0.0,-0.0016569295916909518,0.0017431335576253012,nan,-0.0016569295916909518,0.0017431335576253012,nan,0.6889841940986491,0.6889841940986491,0.0,0.0,0.0,nan,0,1,1.0,0.0,-0.0013963154263087428,0.0023001212013250686,nan,-0.0013963154263087428,0.0023001212013250686,nan,0.6079836726594202,0.6079836726594202,0.0,0.0,0.0,nan,0
1049,1.0119999999999993,0.45,,scientific,0,1,0.20903225806451614,1.0,0.0,-0.0013867517224653593,0.0022955466104159646,nan,-0.0013867517224653593,0.0022955466104159646,nan,0.6078335593810356,0.6078335593810356,0.0,0.0,0.0,nan,0,1,1.0,0.0,-0.0016569295916909518,0.0017431335576253012,nan,-0.0016569295916909518,0.0017431335576253012,nan,0.6889841940986491,0.6889841940986491,0.0,0.0,0.0,nan,0,1,1.0,0.0,-0.0013867517224653593,0.0022955466104159646,nan,-0.0013867517224653593,0.0022955466104159646,nan,0.6078335593810356,0.6078335593810356,0.0,0.0,0.0,nan,0
1050,1.0129999999999992,0.45,,scientific,0,1,0.20903225806451614,1.0,0.0,-0.00137719759357917,0.00229097314453939,nan,-0.00137719759357917,0.00229097314453939,nan,0.6076833848652456,0.6076833848652456,0.0,0.0,0.0,nan,0,1,1.0,0.0,-0.0016569295916909518,0.0017431335576253012,nan,-0.0016569295916909518,0.0017431335576253012,nan,0.6889841940986491,0.6889841940986491,0.0,0.0,0.0,nan,0,1,1.0,0.0,-0.00137719759357917,0.00229097314453939,nan,-0.00137719759357917,0.00229097314453939,nan,0.6076833848652456,0.6076833848652456,0.0,0.0,0.0,nan,0
1051,1.0139999999999991,0.45,,scientific,0,1,0.20967741935483872,1.0,0.0,-0.001367653632471019,0.002286401080736752,nan,-0.001367653632471019,0.002286401080736752,nan,0.60753314971557,0.60753314971557,0.0,0.0,0.0,nan,0,1,1.0,0.0,-0.0016569295916909518,0.0017431335576253012,nan,-0.0016569295916909518,0.0017431335576253012,nan,0.6889841940986491,0.6889841940986491,0.0,0.0,0.0,nan,0,1,1.0,0.0,-0.001367653632471019,0.002286401080736752,nan,-0.001367653632471019,0.002286401080736752,nan,0.60753314971557,0.60753314971557,0.0,0.0,0.0,nan,0
1052,1.014999999999999,0.45,,scientific,0,1,0.20967741935483872,1.0,0.0,-0.0013581204342850406,0.0022818306968829835,nan,-0.0013581204342850406,0.0022818306968829835,nan,0.6073828545378179,0.6073828545378179,0.0,0.0,0.0,nan,0,1,1.0,0.0,-0.0016569295916909518,0.0017431335576253012,nan,-0.0016569295916909518,0.0017431335576253012,nan,0.6889841940986491,0.6889841940986491,0.0,0.0,0.0,nan,0,1,1.0,0.0,-0.0013581204342850406,0.0022818306968829835,nan,-0.0013581204342850406,0.0022818306968829835,nan,0.6073828545378179,0.6073828545378179,0.0,0.0,0.0,nan,0
1053,1.015999999999999,0.45,,scientific,0,1,0.20967741935483872,1.0,0.0,-0.0013485985959283498,0.002277262272045604,nan,-0.0013485985959283498,0.002277262272045604,nan,0.6072324999398232,0.6072324999398232,0.0,0.0,0.0,nan,0,1,1.0,0.0,-0.0016569295916909518,0.0017431335576253012,nan,-0.0016569295916909518,0.0017431335576253012,nan,0.6889841940986491,0.6889841940986491,0.0,0.0,0.0,nan,0,1,1.0,0.0,-0.0013485985959283498,0.002277262272045604,nan,-0.0013485985959283498,0.002277262272045604,nan,0.6072324999398232,0.6072324999398232,0.0,0.0,0.0,nan,0
1054,1.0169999999999988,0.45,,scientific,0,1,0.20967741935483872,1.0,0.0,-0.0015420295695642667,0.0009652402636676718,nan,-0.0015420295695642667,0.0009652402636676718,nan,0.6089126911341087,0.6089126911341087,0.0,0.0,0.0,nan,0,1,1.0,0.0,-0.0017698802700361397,0.001020553197412569,nan,-0.0017698802700361397,0.001020553197412569,nan,0.6900607318939082,0.6900607318939082,0.0,0.0,0.0,nan,0,1,1.0,0.0,-0.0015420295695642667,0.0009652402636676718,nan,-0.0015420295695642667,0.0009652402636676718,nan,0.6089126911341087,0.6089126911341087,0.0,0.0,0.0,nan,0
1055,1.0179999999999987,0.45,,scientific,0,1,0.20967741935483872,1.0,0.0,-0.0015326504530890376,0.0009601124324261123,nan,-0.0015326504530890376,0.0009601124324261123,nan,0.6087627991018871,0.6087627991018871,0.0,0.0,0.0,nan,0,1,1.0,0.0,-0.0017698802700361397,0.001020553197412569,nan,-0.0017698802700361397,0.001020553197412569,nan,0.6900607318939082,0.6900607318939082,0.0,0.0,0.0,nan,0,1,1.0,0.0,-0.0015326504530890376,0.0009601124324261123,nan,-0.0015326504530890376,0.0009601124324261123,nan,0.6087627991018871,0.6087627991018871,0.0,0.0,0.0,nan,0
1056,1.0189999999999986,0.45,,scientific,0,1,0.20967741935483872,1.0,0.0,-0.0015232842911410576,0.0009549889123550659,nan,-0.0015232842911410576,0.0009549889123550659,nan,0.6086128471595083,0.6086128471595083,0.0,0.0,0.0,nan,0,1,1.0,0.0,-0.0017698802700361397,0.001020553197412569,nan,-0.0017698802700361397,0.001020553197412569,nan,0.6900607318939082,0.6900607318939082,0.0,0.0,0.0,nan,0,1,1.0,0.0,-0.0015232842911410576,0.0009549889123550659,nan,-0.0015232842911410576,0.0009549889123550659,nan,0.6086128471595083,0.6086128471595083,0.0,0.0,0.0,nan,0
1057,1.0199999999999985,0.45,,scientific,0,1,0.20967741935483872,1.0,0.0,-0.001513931686302758,0.000949869995107716,nan,-0.001513931686302758,0.000949869995107716,nan,0.60846283590332,0.60846283590332,0.0,0.0,0.0,nan,0,1,1.0,0.0,-0.0017698802700361397,0.001020553197412569,nan,-0.0017698802700361397,0.001020553197412569,nan,0.6900607318939082,0.6900607318939082,0.0,0.0,0.0,nan,0,1,1.0,0.0,-0.001513931686302758,0.000949869995107716,nan,-0.001513931686302758,0.000949869995107716,nan,0.60846283590332,0.60846283590332,0.0,0.0,0.0,nan,0
1058,1.0209999999999984,0.45,,scientific,0,1,0.20967741935483872,1.0,0.0,-0.002814437240967682,0.0005942396679656355,nan,-0.002814437240967682,0.0005942396679656355,nan,0.6101943163949957,0.6101943163949957,0.0,0.0,0.0,nan,0,1,1.0,0.0,-0.0024758854352756807,0.000832422651742038,nan,-0.0024758854352756807,0.000832422651742038,nan,0.6911372696972268,0.6911372696972268,0.0,0.0,0.0,nan,0,1,1.0,0.0,-0.002814437240967682,0.0005942396679656355,nan,-0.002814437240967682,0.0005942396679656355,nan,0.6101943163949957,0.6101943163949957,0.0,0.0,0.0,nan,0
1059,1.0219999999999982,0.45,,scientific,0,1,0.20967741935483872,1.0,0.0,-0.0028056946614879825,0.0005889938245031826,nan,-0.0028056946614879825,0.0005889938245031826,nan,0.6100447784244293,0.6100447784244293,0.0,0.0,0.0,nan,0,1,1.0,0.0,-0.0024758854352756807,0.000832422651742038,nan,-0.0024758854352756807,0.000832422651742038,nan,0.6911372696972268,0.6911372696972268,0.0,0.0,0.0,nan,0,1,1.0,0.0,-0.0028056946614879825,0.0005889938245031826,nan,-0.0028056946614879825,0.0005889938245031826,nan,0.6100447784244293,0.6100447784244293,0.0,0.0,0.0,nan,0
1060,1.0229999999999981,0.45,,scientific,0,1,0.20967741935483872,1.0,0.0,-0.0037382650832369353,-0.0004972354993747352,nan,-0.0037382650832369353,-0.0004972354993747352,nan,0.6118969815318629,0.6118969815318629,0.0,0.0,0.0,nan,0,1,1.0,0.0,-0.002952716651202031,0.0002831013171083593,nan,-0.002952716651202031,0.0002831013171083593,nan,0.6922138075005454,0.6922138075005454,0.0,0.0,0.0,nan,0,1,1.0,0.0,-0.0037382650832369353,-0.0004972354993747352,nan,-0.0037382650832369353,-0.0004972354993747352,nan,0.6118969815318629,0.6118969815318629,0.0,0.0,0.0,nan,0
1061,1.023999999999998,0.45,,scientific,0,1,0.20967741935483872,1.0,0.0,-0.0025342225115280717,0.0002914923207057683,nan,-0.0025342225115280717,0.0002914923207057683,nan,0.6137493920448622,0.6137493920448622,0.0,0.0,0.0,nan,0,1,1.0,0.0,-0.0023469397514526637,0.00068484537134659,nan,-0.0023469397514526637,0.00068484537134659,nan,0.6932903453038641,0.6932903453038641,0.0,0.0,0.0,nan,0,1,1.0,0.0,-0.0025342225115280717,0.0002914923207057683,nan,-0.0025342225115280717,0.0002914923207057683,nan,0.6137493920448622,0.6137493920448622,0.0,0.0,0.0,nan,0
1062,1.024999999999998,0.45,,scientific,0,1,0.20967741935483872,1.0,0.0,-0.0025255765967788675,0.0002861420137550258,nan,-0.0025255765967788675,0.0002861420137550258,nan,0.6136005264322578,0.6136005264322578,0.0,0.0,0.0,nan,0,1,1.0,0.0,-0.0023469397514526637,0.00068484537134659,nan,-0.0023469397514526637,0.00068484537134659,nan,0.6932903453038641,0.6932903453038641,0.0,0.0,0.0,nan,0,1,1.0,0.0,-0.0025255765967788675,0.0002861420137550258,nan,-0.0025255765967788675,0.0002861420137550258,nan,0.6136005264322578,0.6136005264322578,0.0,0.0,0.0,nan,0
1063,1.0259999999999978,0.45,,scientific,0,1,0.20967741935483872,1.0,0.0,-0.002516946719204699,0.00028079869209833027,nan,-0.002516946719204699,0.00028079869209833027,nan,0.61345159322073,0.61345159322073,0.0,0.0,0.0,nan,0,1,1.0,0.0,-0.0023469397514526637,0.00068484537134659,nan,-0.0023469397514526637,0.00068484537134659,nan,0.6932903453038641,0.6932903453038641,0.0,0.0,0.0,nan,0,1,1.0,0.0,-0.002516946719204699,0.00028079869209833027,nan,-0.002516946719204699,0.00028079869209833027,nan,0.61345159322073,0.61345159322073,0.0,0.0,0.0,nan,0
1064,1.0269999999999977,0.45,,scientific,0,1,0.20967741935483872,1.0,0.0,-0.0025083335000856935,0.0002754626447826061,nan,-0.0025083335000856935,0.0002754626447826061,nan,0.6133025929673164,0.6133025929673164,0.0,0.0,0.0,nan,0,1,1.0,0.0,-0.0023469397514526637,0.00068484537134659,nan,-0.0023469397514526637,0.00068484537134659,nan,0.6932903453038641,0.6932903453038641,0.0,0.0,0.0,nan,0,1,1.0,0.0,-0.0025083335000856935,0.0002754626447826061,nan,-0.0025083335000856935,0.0002754626447826061,nan,0.6133025929673164,0.6133025929673164,0.0,0.0,0.0,nan,0
1065,1.0279999999999976,0.45,,scientific,0,1,0.20967741935483872,1.0,0.0,-0.0024997375628936507,0.0002701341618887204,nan,-0.0024997375628936507,0.0002701341618887204,nan,0.6131535262312214,0.6131535262312214,0.0,0.0,0.0,nan,0,1,1.0,0.0,-0.0023469397514526637,0.00068484537134659,nan,-0.0023469397514526637,0.00068484537134659,nan,0.6932903453038641,0.6932903453038641,0.0,0.0,0.0,nan,0,1,1.0,0.0,-0.0024997375628936507,0.0002701341618887204,nan,-0.0024997375628936507,0.0002701341618887204,nan,0.6131535262312214,0.6131535262312214,0.0,0.0,0.0,nan,0
1066,1.0289999999999975,0.45,,scientific,0,1,0.20967741935483872,1.0,0.0,-0.002491159532680489,0.00026481353447591185,nan,-0.002491159532680489,0.00026481353447591185,nan,0.6130043935709413,0.6130043935709413,0.0,0.0,0.0,nan,0,1,1.0,0.0,-0.0023469397514526637,0.00068484537134659,nan,-0.0023469397514526637,0.00068484537134659,nan,0.6932903453038641,0.6932903453038641,0.0,0.0,0.0,nan,0,1,1.0,0.0,-0.002491159532680489,0.00026481353447591185,nan,-0.002491159532680489,0.00026481353447591185,nan,0.6130043935709413,0.6130043935709413,0.0,0.0,0.0,nan,0
1067,1.0299999999999974,0.45,,scientific,0,1,0.20967741935483872,1.0,0.0,-0.002482600036455966,0.00025950105351102757,nan,-0.002482600036455966,0.00025950105351102757,nan,0.6128551955445919,0.6128551955445919,0.0,0.0,0.0,nan,0,1,1.0,0.0,-0.0023469397514526637,0.00068484537134659,nan,-0.0023469397514526637,0.00068484537134659,nan,0.6932903453038641,0.6932903453038641,0.0,0.0,0.0,nan,0,1,1.0,0.0,-0.002482600036455966,0.00025950105351102757,nan,-0.002482600036455966,0.00025950105351102757,nan,0.6128551955445919,0.6128551955445919,0.0,0.0,0.0,nan,0
1068,1.0309999999999973,0.45,,scientific,0,1,0.20967741935483872,1.0,0.0,-0.002474059703164857,0.00025419701152666846,nan,-0.002474059703164857,0.00025419701152666846,nan,0.612705932710935,0.612705932710935,0.0,0.0,0.0,nan,0,1,1.0,0.0,-0.0023469397514526637,0.00068484537134659,nan,-0.0023469397514526637,0.00068484537134659,nan,0.6932903453038641,0.6932903453038641,0.0,0.0,0.0,nan,0,1,1.0,0.0,-0.002474059703164857,0.00025419701152666846,nan,-0.002474059703164857,0.00025419701152666846,nan,0.612705932710935,0.612705932710935,0.0,0.0,0.0,nan,0
1069,1.0319999999999971,0.45,,scientific,0,1,0.20967741935483872,1.0,0.0,-0.002465539163514811,0.0002489017015841976,nan,-0.002465539163514811,0.0002489017015841976,nan,0.6125566056295799,0.6125566056295799,0.0,0.0,0.0,nan,0,1,1.0,0.0,-0.0023469397514526637,0.00068484537134659,nan,-0.0023469397514526637,0.00068484537134659,nan,0.6932903453038641,0.6932903453038641,0.0,0.0,0.0,nan,0,1,1.0,0.0,-0.002465539163514811,0.0002489017015841976,nan,-0.002465539163514811,0.0002489017015841976,nan,0.6125566056295799,0.6125566056295799,0.0,0.0,0.0,nan,0
1070,1.032999999999997,0.45,,scientific,0,1,0.20967741935483872,1.0,0.0,-0.0024570390504557857,0.00024361541709255773,nan,-0.0024570390504557857,0.00024361541709255773,nan,0.6124072148581278,0.6124072148581278,0.0,0.0,0.0,nan,0,1,1.0,0.0,-0.0023469397514526637,0.00068484537134659,nan,-0.0023469397514526637,0.00068484537134659,nan,0.6932903453038641,0.6932903453038641,0.0,0.0,0.0,nan,0,1,1.0,0.0,-0.0024570390504557857,0.00024361541709255773,nan,-0.0024570390504557857,0.00024361541709255773,nan,0.6124072148581278,0.6124072148581278,0.0,0.0,0.0,nan,0
1071,1.033999999999997,0.45,,scientific,0,1,0.2103225806451613,1.0,0.0,-0.0024485599998058175,0.00023833845321209616,nan,-0.0024485599998058175,0.00023833845321209616,nan,0.6122577609530848,0.6122577609530848,0.0,0.0,0.0,nan,0,1,1.0,0.0,-0.0023469397514526637,0.00068484537134659,nan,-0.0023469397514526637,0.00068484537134659,nan,0.6932903453038641,0.6932903453038641,0.0,0.0,0.0,nan,0,1,1.0,0.0,-0.0024485599998058175,0.00023833845321209616,nan,-0.0024485599998058175,0.00023833845321209616,nan,0.6122577609530848,0.6122577609530848,0.0,0.0,0.0,nan,0
1072,1.0349999999999968,0.45,,scientific,0,1,0.2103225806451613,1.0,0.0,-0.002440102649411136,0.00023307110546170873,nan,-0.002440102649411136,0.00023307110546170873,nan,0.612108244470704,0.612108244470704,0.0,0.0,0.0,nan,0,1,1.0,0.0,-0.0023469397514526637,0.00068484537134659,nan,-0.0023469397514526637,0.00068484537134659,nan,0.6932903453038641,0.6932903453038641,0.0,0.0,0.0,nan,0,1,1.0,0.0,-0.002440102649411136,0.00023307110546170873,nan,-0.002440102649411136,0.00023307110546170873,nan,0.612108244470704,0.612108244470704,0.0,0.0,0.0,nan,0
1073,1.0359999999999967,0.45,,scientific,0,1,0.2103225806451613,1.0,0.0,-0.0024316676385370477,0.000227813669991441,nan,-0.0024316676385370477,0.000227813669991441,nan,0.6119586659696656,0.6119586659696656,0.0,0.0,0.0,nan,0,1,1.0,0.0,-0.0023469397514526637,0.00068484537134659,nan,-0.0023469397514526637,0.00068484537134659,nan,0.6932903453038641,0.6932903453038641,0.0,0.0,0.0,nan,0,1,1.0,0.0,-0.0024316676385370477,0.000227813669991441,nan,-0.0024316676385370477,0.000227813669991441,nan,0.6119586659696656,0.6119586659696656,0.0,0.0,0.0,nan,0
1074,1.0369999999999966,0.45,,scientific,0,1,0.2103225806451613,1.0,0.0,-0.002423255608106377,0.0002225664446336381,nan,-0.002423255608106377,0.0002225664446336381,nan,0.6118090260102369,0.6118090260102369,0.0,0.0,0.0,nan,0,1,1.0,0.0,-0.0023469397514526637,0.00068484537134659,nan,-0.0023469397514526637,0.00068484537134659,nan,0.6932903453038641,0.6932903453038641,0.0,0.0,0.0,nan,0,1,1.0,0.0,-0.002423255608106377,0.0002225664446336381,nan,-0.002423255608106377,0.0002225664446336381,nan,0.6118090260102369,0.6118090260102369,0.0,0.0,0.0,nan,0
1075,1.0379999999999965,0.45,,scientific,0,1,0.2103225806451613,1.0,0.0,-0.0024148672003725413,0.00021732972752525265,nan,-0.0024148672003725413,0.00021732972752525265,nan,0.6116593251516899,0.6116593251516899,0.0,0.0,0.0,nan,0,1,1.0,0.0,-0.0023469397514526637,0.00068484537134659,nan,-0.0023469397514526637,0.00068484537134659,nan,0.6932903453038641,0.6932903453038641,0.0,0.0,0.0,nan,0,1,1.0,0.0,-0.0024148672003725413,0.00021732972752525265,nan,-0.0024148672003725413,0.00021732972752525265,nan,0.6116593251516899,0.6116593251516899,0.0,0.0,0.0,nan,0
1076,1.0389999999999964,0.45,,scientific,0,1,0.2103225806451613,1.0,0.0,-0.0024065030590499303,0.00021210381705189156,nan,-0.0024065030590499303,0.00021210381705189156,nan,0.6115095639514352,0.6115095639514352,0.0,0.0,0.0,nan,0,1,1.0,0.0,-0.0023469397514526637,0.00068484537134659,nan,-0.0023469397514526637,0.00068484537134659,nan,0.6932903453038641,0.6932903453038641,0.0,0.0,0.0,nan,0,1,1.0,0.0,-0.0024065030590499303,0.00021210381705189156,nan,-0.0024065030590499303,0.00021210381705189156,nan,0.6115095639514352,0.6115095639514352,0.0,0.0,0.0,nan,0
1077,1.0399999999999963,0.45,,scientific,0,1,0.2103225806451613,1.0,0.0,-0.002398163830078553,0.00020688901274535808,nan,-0.002398163830078553,0.00020688901274535808,nan,0.6113597429704042,0.6113597429704042,0.0,0.0,0.0,nan,0,1,1.0,0.0,-0.0023469397514526637,0.00068484537134659,nan,-0.0023469397514526637,0.00068484537134659,nan,0.6932903453038641,0.6932903453038641,0.0,0.0,0.0,nan,0,1,1.0,0.0,-0.002398163830078553,0.00020688901274535808,nan,-0.002398163830078553,0.00020688901274535808,nan,0.6113597429704042,0.6113597429704042,0.0,0.0,0.0,nan,0
1078,1.0409999999999962,0.45,,scientific,0,1,0.2103225806451613,1.0,0.0,-0.0023898501609041934,0.00020168561482301932,nan,-0.0023898501609041934,0.00020168561482301932,nan,0.6112098627689673,0.6112098627689673,0.0,0.0,0.0,nan,0,1,1.0,0.0,-0.0023469397514526637,0.00068484537134659,nan,-0.0023469397514526637,0.00068484537134659,nan,0.6932903453038641,0.6932903453038641,0.0,0.0,0.0,nan,0,1,1.0,0.0,-0.0023898501609041934,0.00020168561482301932,nan,-0.0023898501609041934,0.00020168561482301932,nan,0.6112098627689673,0.6112098627689673,0.0,0.0,0.0,nan,0
1079,1.041999999999996,0.45,,scientific,0,1,0.21096774193548387,1.0,0.0,-0.002381562699911291,0.00019649392401528917,nan,-0.002381562699911291,0.00019649392401528917,nan,0.6110599239064666,0.6110599239064666,0.0,0.0,0.0,nan,0,1,1.0,0.0,-0.0023469397514526637,0.00068484537134659,nan,-0.0023469397514526637,0.00068484537134659,nan,0.6932903453038641,0.6932903453038641,0.0,0.0,0.0,nan,0,1,1.0,0.0,-0.002381562699911291,0.00019649392401528917,nan,-0.002381562699911291,0.00019649392401528917,nan,0.6110599239064666,0.6110599239064666,0.0,0.0,0.0,nan,0
1080,1.042999999999996,0.45,,scientific,0,1,0.21096774193548387,1.0,0.0,-0.002373302097423746,0.00019131424191415949,nan,-0.002373302097423746,0.00019131424191415949,nan,0.6109099269440819,0.6109099269440819,0.0,0.0,0.0,nan,0,1,1.0,0.0,-0.0023469397514526637,0.00068484537134659,nan,-0.0023469397514526637,0.00068484537134659,nan,0.6932903453038641,0.6932903453038641,0.0,0.0,0.0,nan,0,1,1.0,0.0,-0.002373302097423746,0.00019131424191415949,nan,-0.002373302097423746,0.00019131424191415949,nan,0.6109099269440819,0.6109099269440819,0.0,0.0,0.0,nan,0
1081,1.0439999999999958,0.45,,scientific,0,1,0.21096774193548387,1.0,0.0,-0.0023650690059701172,0.00018614687124403153,nan,-0.0023650690059701172,0.00018614687124403153,nan,0.6107598724406695,0.6107598724406695,0.0,0.0,0.0,nan,0,1,1.0,0.0,-0.0023469397514526637,0.00068484537134659,nan,-0.0023469397514526637,0.00068484537134659,nan,0.6932903453038641,0.6932903453038641,0.0,0.0,0.0,nan,0,1,1.0,0.0,-0.0023650690059701172,0.00018614687124403153,nan,-0.0023650690059701172,0.00018614687124403153,nan,0.6107598724406695,0.6107598724406695,0.0,0.0,0.0,nan,0
1082,1.0449999999999957,0.45,,scientific,0,1,0.21096774193548387,1.0,0.0,-0.002356864079536713,0.0001809921156250109,nan,-0.002356864079536713,0.0001809921156250109,nan,0.6106097609554941,0.6106097609554941,0.0,0.0,0.0,nan,0,1,1.0,0.0,-0.0023469397514526637,0.00068484537134659,nan,-0.0023469397514526637,0.00068484537134659,nan,0.6932903453038641,0.6932903453038641,0.0,0.0,0.0,nan,0,1,1.0,0.0,-0.002356864079536713,0.0001809921156250109,nan,-0.002356864079536713,0.0001809921156250109,nan,0.6106097609554941,0.6106097609554941,0.0,0.0,0.0,nan,0
1083,1.0459999999999956,0.45,,scientific,0,1,0.21096774193548387,1.0,0.0,-0.002348687972825105,0.00017585027885648244,nan,-0.002348687972825105,0.00017585027885648244,nan,0.6104595930497576,0.6104595930497576,0.0,0.0,0.0,nan,0,1,1.0,0.0,-0.0023469397514526637,0.00068484537134659,nan,-0.0023469397514526637,0.00068484537134659,nan,0.6932903453038641,0.6932903453038641,0.0,0.0,0.0,nan,0,1,1.0,0.0,-0.002348687972825105,0.00017585027885648244,nan,-0.002348687972825105,0.00017585027885648244,nan,0.6104595930497576,0.6104595930497576,0.0,0.0,0.0,nan,0
1084,1.0469999999999955,0.45,,scientific,0,1,0.21096774193548387,1.0,0.0,-0.0023405413423221114,0.0001707216656162009,nan,-0.0023405413423221114,0.0001707216656162009,nan,0.6103093692833732,0.6103093692833732,0.0,0.0,0.0,nan,0,1,1.0,0.0,-0.0023469397514526637,0.00068484537134659,nan,-0.0023469397514526637,0.00068484537134659,nan,0.6932903453038641,0.6932903453038641,0.0,0.0,0.0,nan,0,1,1.0,0.0,-0.0023405413423221114,0.0001707216656162009,nan,-0.0023405413423221114,0.0001707216656162009,nan,0.6103093692833732,0.6103093692833732,0.0,0.0,0.0,nan,0
1085,1.0479999999999954,0.45,,scientific,0,1,0.21096774193548387,1.0,0.0,-0.002332424846559547,0.00016560658221775036,nan,-0.002332424846559547,0.00016560658221775036,nan,0.6101590902143882,0.6101590902143882,0.0,0.0,0.0,nan,0,1,1.0,0.0,-0.0023469397514526637,0.00068484537134659,nan,-0.0023469397514526637,0.00068484537134659,nan,0.6932903453038641,0.6932903453038641,0.0,0.0,0.0,nan,0,1,1.0,0.0,-0.002332424846559547,0.00016560658221775036,nan,-0.002332424846559547,0.00016560658221775036,nan,0.6101590902143882,0.6101590902143882,0.0,0.0,0.0,nan,0
1086,1.0489999999999953,0.45,,scientific,0,1,0.21096774193548387,1.0,0.0,-0.002324339145065027,0.0001605053350946499,nan,-0.002324339145065027,0.0001605053350946499,nan,0.610008756401647,0.610008756401647,0.0,0.0,0.0,nan,0,1,1.0,0.0,-0.0023469397514526637,0.00068484537134659,nan,-0.0023469397514526637,0.00068484537134659,nan,0.6932903453038641,0.6932903453038641,0.0,0.0,0.0,nan,0,1,1.0,0.0,-0.002324339145065027,0.0001605053350946499,nan,-0.002324339145065027,0.0001605053350946499,nan,0.610008756401647,0.610008756401647,0.0,0.0,0.0,nan,0
1087,1.0499999999999952,0.45,,scientific,0,1,0.21096774193548387,1.0,0.0,-0.0023162848981089263,0.00015541823031041505,nan,-0.0023162848981089263,0.00015541823031041505,nan,0.6098583684047287,0.6098583684047287,0.0,0.0,0.0,nan,0,1,1.0,0.0,-0.0023469397514526637,0.00068484537134659,nan,-0.0023469397514526637,0.00068484537134659,nan,0.6932903453038641,0.6932903453038641,0.0,0.0,0.0,nan,0,1,1.0,0.0,-0.0023162848981089263,0.00015541823031041505,nan,-0.0023162848981089263,0.00015541823031041505,nan,0.6098583684047287,0.6098583684047287,0.0,0.0,0.0,nan,0
1088,1.050999999999995,0.45,,scientific,0,1,0.21096774193548387,1.0,0.0,-0.0011920385654076667,0.0010770083167710616,nan,-0.0011920385654076667,0.0010770083167710616,nan,0.6117271012282938,0.6117271012282938,0.0,0.0,0.0,nan,0,1,1.0,0.0,-0.0017875012237737315,0.0011485836481828875,nan,-0.0017875012237737315,0.0011485836481828875,nan,0.6943668831071826,0.6943668831071826,0.0,0.0,0.0,nan,0,1,1.0,0.0,-0.0011920385654076667,0.0010770083167710616,nan,-0.0011920385654076667,0.0010770083167710616,nan,0.6117271012282938,0.6117271012282938,0.0,0.0,0.0,nan,0
1089,1.051999999999995,0.45,,scientific,0,1,0.21096774193548387,1.0,0.0,-0.001183763955691729,0.0010722339622723021,nan,-0.001183763955691729,0.0010722339622723021,nan,0.6115769186513013,0.6115769186513013,0.0,0.0,0.0,nan,0,1,1.0,0.0,-0.0017875012237737315,0.0011485836481828875,nan,-0.0017875012237737315,0.0011485836481828875,nan,0.6943668831071826,0.6943668831071826,0.0,0.0,0.0,nan,0,1,1.0,0.0,-0.001183763955691729,0.0010722339622723021,nan,-0.001183763955691729,0.0010722339622723021,nan,0.6115769186513013,0.6115769186513013,0.0,0.0,0.0,nan,0
1090,1.0529999999999948,0.45,,scientific,0,1,0.21096774193548387,1.0,0.0,-0.0011755254165256618,0.001067472402944406,nan,-0.0011755254165256618,0.001067472402944406,nan,0.6114266785895546,0.6114266785895546,0.0,0.0,0.0,nan,0,1,1.0,0.0,-0.0017875012237737315,0.0011485836481828875,nan,-0.0017875012237737315,0.0011485836481828875,nan,0.6943668831071826,0.6943668831071826,0.0,0.0,0.0,nan,0,1,1.0,0.0,-0.0011755254165256618,0.001067472402944406,nan,-0.0011755254165256618,0.001067472402944406,nan,0.6114266785895546,0.6114266785895546,0.0,0.0,0.0,nan,0
1091,1.0539999999999947,0.45,,scientific,0,1,0.21096774193548387,1.0,0.0,-0.0011673236281649097,0.0010627239328079333,nan,-0.0011673236281649097,0.0010627239328079333,nan,0.6112763815751654,0.6112763815751654,0.0,0.0,0.0,nan,0,1,1.0,0.0,-0.0017875012237737315,0.0011485836481828875,nan,-0.0017875012237737315,0.0011485836481828875,nan,0.6943668831071826,0.6943668831071826,0.0,0.0,0.0,nan,0,1,1.0,0.0,-0.0011673236281649097,0.0010627239328079333,nan,-0.0011673236281649097,0.0010627239328079333,nan,0.6112763815751654,0.6112763815751654,0.0,0.0,0.0,nan,0
1092,1.0549999999999946,0.45,,scientific,0,1,0.21096774193548387,1.0,0.0,-0.001159159272725838,0.0010579888472338644,nan,-0.001159159272725838,0.0010579888472338644,nan,0.6111260281376203,0.6111260281376203,0.0,0.0,0.0,nan,0,1,1.0,0.0,-0.0017875012237737315,0.0011485836481828875,nan,-0.0017875012237737315,0.0011485836481828875,nan,0.6943668831071826,0.6943668831071826,0.0,0.0,0.0,nan,0,1,1.0,0.0,-0.001159159272725838,0.0010579888472338644,nan,-0.001159159272725838,0.0010579888472338644,nan,0.6111260281376203,0.6111260281376203,0.0,0.0,0.0,nan,0
1093,1.0559999999999945,0.45,,scientific,0,1,0.21096774193548387,1.0,0.0,-0.0011510330336329177,0.0010532674418747036,nan,-0.0011510330336329177,0.0010532674418747036,nan,0.610975618807054,0.610975618807054,0.0,0.0,0.0,nan,0,1,1.0,0.0,-0.0017875012237737315,0.0011485836481828875,nan,-0.0017875012237737315,0.0011485836481828875,nan,0.6943668831071826,0.6943668831071826,0.0,0.0,0.0,nan,0,1,1.0,0.0,-0.0011510330336329177,0.0010532674418747036,nan,-0.0011510330336329177,0.0010532674418747036,nan,0.610975618807054,0.610975618807054,0.0,0.0,0.0,nan,0
1094,1.0569999999999944,0.45,,scientific,0,1,0.21096774193548387,1.0,0.0,-0.0011429455953230877,0.0010485600125654812,nan,-0.0011429455953230877,0.0010485600125654812,nan,0.610825154112723,0.610825154112723,0.0,0.0,0.0,nan,0,1,1.0,0.0,-0.0017875012237737315,0.0011485836481828875,nan,-0.0017875012237737315,0.0011485836481828875,nan,0.6943668831071826,0.6943668831071826,0.0,0.0,0.0,nan,0,1,1.0,0.0,-0.0011429455953230877,0.0010485600125654812,nan,-0.0011429455953230877,0.0010485600125654812,nan,0.610825154112723,0.610825154112723,0.0,0.0,0.0,nan,0
1095,1.0579999999999943,0.45,,scientific,0,1,0.21096774193548387,1.0,0.0,-0.0011348976428424014,0.001043866855877565,nan,-0.0011348976428424014,0.001043866855877565,nan,0.6106746345847713,0.6106746345847713,0.0,0.0,0.0,nan,0,1,1.0,0.0,-0.0017875012237737315,0.0011485836481828875,nan,-0.0017875012237737315,0.0011485836481828875,nan,0.6943668831071826,0.6943668831071826,0.0,0.0,0.0,nan,0,1,1.0,0.0,-0.0011348976428424014,0.001043866855877565,nan,-0.0011348976428424014,0.001043866855877565,nan,0.6106746345847713,0.6106746345847713,0.0,0.0,0.0,nan,0
1096,1.0589999999999942,0.45,,scientific,0,1,0.21096774193548387,1.0,0.0,-0.0011268898620741558,0.0010391882691035486,nan,-0.0011268898620741558,0.0010391882691035486,nan,0.6105240607544202,0.6105240607544202,0.0,0.0,0.0,nan,0,1,1.0,0.0,-0.0017875012237737315,0.0011485836481828875,nan,-0.0017875012237737315,0.0011485836481828875,nan,0.6943668831071826,0.6943668831071826,0.0,0.0,0.0,nan,0,1,1.0,0.0,-0.0011268898620741558,0.0010391882691035486,nan,-0.0011268898620741558,0.0010391882691035486,nan,0.6105240607544202,0.6105240607544202,0.0,0.0,0.0,nan,0
1097,1.059999999999994,0.45,,scientific,0,1,0.21096774193548387,1.0,0.0,-0.0011189229406900344,0.0010345245502246386,nan,-0.0011189229406900344,0.0010345245502246386,nan,0.6103734331496005,0.6103734331496005,0.0,0.0,0.0,nan,0,1,1.0,0.0,-0.0017875012237737315,0.0011485836481828875,nan,-0.0017875012237737315,0.0011485836481828875,nan,0.6943668831071826,0.6943668831071826,0.0,0.0,0.0,nan,0,1,1.0,0.0,-0.0011189229406900344,0.0010345245502246386,nan,-0.0011189229406900344,0.0010345245502246386,nan,0.6103734331496005,0.6103734331496005,0.0,0.0,0.0,nan,0
1098,1.060999999999994,0.45,,scientific,0,1,0.21096774193548387,1.0,0.0,-0.0011109975676083213,0.001029875998337339,nan,-0.0011109975676083213,0.001029875998337339,nan,0.610222752297072,0.610222752297072,0.0,0.0,0.0,nan,0,1,1.0,0.0,-0.0017875012237737315,0.0011485836481828875,nan,-0.0017875012237737315,0.0011485836481828875,nan,0.6943668831071826,0.6943668831071826,0.0,0.0,0.0,nan,0,1,1.0,0.0,-0.0011109975676083213,0.001029875998337339,nan,-0.0011109975676083213,0.001029875998337339,nan,0.610222752297072,0.610222752297072,0.0,0.0,0.0,nan,0
1099,1.0619999999999938,0.45,,scientific,0,1,0.21096774193548387,1.0,0.0,-0.001103114432771607,0.001025242913408827,nan,-0.001103114432771607,0.001025242913408827,nan,0.6100720187249409,0.6100720187249409,0.0,0.0,0.0,nan,0,1,1.0,0.0,-0.0017875012237737315,0.0011485836481828875,nan,-0.0017875012237737315,0.0011485836481828875,nan,0.6943668831071826,0.6943668831071826,0.0,0.0,0.0,nan,0,1,1.0,0.0,-0.001103114432771607,0.001025242913408827,nan,-0.001103114432771607,0.001025242913408827,nan,0.6100720187249409,0.6100720187249409,0.0,0.0,0.0,nan,0
1100,1.0629999999999937,0.45,,scientific,0,1,0.21096774193548387,1.0,0.0,-0.0010952742267167385,0.001020625595864147,nan,-0.0010952742267167385,0.001020625595864147,nan,0.6099212329581851,0.6099212329581851,0.0,0.0,0.0,nan,0,1,1.0,0.0,-0.0017875012237737315,0.0011485836481828875,nan,-0.0017875012237737315,0.0011485836481828875,nan,0.6943668831071826,0.6943668831071826,0.0,0.0,0.0,nan,0,1,1.0,0.0,-0.0010952742267167385,0.001020625595864147,nan,-0.0010952742267167385,0.001020625595864147,nan,0.6099212329581851,0.6099212329581851,0.0,0.0,0.0,nan,0
1101,1.0639999999999936,0.45,,scientific,0,1,0.21161290322580645,1.0,0.0,-0.0010874776397149291,0.0010160243464978219,nan,-0.0010874776397149291,0.0010160243464978219,nan,0.60977039552443,0.60977039552443,0.0,0.0,0.0,nan,0,1,1.0,0.0,-0.0017875012237737315,0.0011485836481828875,nan,-0.0017875012237737315,0.0011485836481828875,nan,0.6943668831071826,0.6943668831071826,0.0,0.0,0.0,nan,0,1,1.0,0.0,-0.0010874776397149291,0.0010160243464978219,nan,-0.0010874776397149291,0.0010160243464978219,nan,0.60977039552443,0.60977039552443,0.0,0.0,0.0,nan,0
1102,1.0649999999999935,0.45,,scientific,0,1,0.21161290322580645,1.0,0.0,-0.0010797253633156696,0.001011439466766242,nan,-0.0010797253633156696,0.001011439466766242,nan,0.6096195069501062,0.6096195069501062,0.0,0.0,0.0,nan,0,1,1.0,0.0,-0.0017875012237737315,0.0011485836481828875,nan,-0.0017875012237737315,0.0011485836481828875,nan,0.6943668831071826,0.6943668831071826,0.0,0.0,0.0,nan,0,1,1.0,0.0,-0.0010797253633156696,0.001011439466766242,nan,-0.0010797253633156696,0.001011439466766242,nan,0.6096195069501062,0.6096195069501062,0.0,0.0,0.0,nan,0
1103,1.0659999999999934,0.45,,scientific,0,1,0.21161290322580645,1.0,0.0,-0.0010720180908080324,0.0010068712590430725,nan,-0.0010720180908080324,0.0010068712590430725,nan,0.6094685677609535,0.6094685677609535,0.0,0.0,0.0,nan,0,1,1.0,0.0,-0.0017875012237737315,0.0011485836481828875,nan,-0.0017875012237737315,0.0011485836481828875,nan,0.6943668831071826,0.6943668831071826,0.0,0.0,0.0,nan,0,1,1.0,0.0,-0.0010720180908080324,0.0010068712590430725,nan,-0.0010720180908080324,0.0010068712590430725,nan,0.6094685677609535,0.6094685677609535,0.0,0.0,0.0,nan,0
1104,1.0669999999999933,0.45,,scientific,0,1,0.21161290322580645,1.0,0.0,-0.0010643565154804305,0.0010023200262650786,nan,-0.0010643565154804305,0.0010023200262650786,nan,0.6093175784849273,0.6093175784849273,0.0,0.0,0.0,nan,0,1,1.0,0.0,-0.0017875012237737315,0.0011485836481828875,nan,-0.0017875012237737315,0.0011485836481828875,nan,0.6943668831071826,0.6943668831071826,0.0,0.0,0.0,nan,0,1,1.0,0.0,-0.0010643565154804305,0.0010023200262650786,nan,-0.0010643565154804305,0.0010023200262650786,nan,0.6093175784849273,0.6093175784849273,0.0,0.0,0.0,nan,0
1105,1.0679999999999932,0.45,,scientific,0,1,0.21161290322580645,1.0,0.0,-0.0010567413310432372,0.0009977860720000642,nan,-0.0010567413310432372,0.0009977860720000642,nan,0.6091665396463906,0.6091665396463906,0.0,0.0,0.0,nan,0,1,1.0,0.0,-0.0017875012237737315,0.0011485836481828875,nan,-0.0017875012237737315,0.0011485836481828875,nan,0.6943668831071826,0.6943668831071826,0.0,0.0,0.0,nan,0,1,1.0,0.0,-0.0010567413310432372,0.0009977860720000642,nan,-0.0010567413310432372,0.0009977860720000642,nan,0.6091665396463906,0.6091665396463906,0.0,0.0,0.0,nan,0
1106,1.068999999999993,0.45,,scientific,0,1,0.21161290322580645,1.0,0.0,-0.0010491732316879243,0.0009932697006421324,nan,-0.0010491732316879243,0.0009932697006421324,nan,0.6090154517690096,0.6090154517690096,0.0,0.0,0.0,nan,0,1,1.0,0.0,-0.0017875012237737315,0.0011485836481828875,nan,-0.0017875012237737315,0.0011485836481828875,nan,0.6943668831071826,0.6943668831071826,0.0,0.0,0.0,nan,0,1,1.0,0.0,-0.0010491732316879243,0.0009932697006421324,nan,-0.0010491732316879243,0.0009932697006421324,nan,0.6090154517690096,0.6090154517690096,0.0,0.0,0.0,nan,0
1107,1.069999999999993,0.45,,scientific,0,1,0.21161290322580645,1.0,0.0,-0.001041652912085389,0.0009887712180778135,nan,-0.001041652912085389,0.0009887712180778135,nan,0.6088643153785407,0.6088643153785407,0.0,0.0,0.0,nan,0,1,1.0,0.0,-0.0017875012237737315,0.0011485836481828875,nan,-0.0017875012237737315,0.0011485836481828875,nan,0.6943668831071826,0.6943668831071826,0.0,0.0,0.0,nan,0,1,1.0,0.0,-0.001041652912085389,0.0009887712180778135,nan,-0.001041652912085389,0.0009887712180778135,nan,0.6088643153785407,0.6088643153785407,0.0,0.0,0.0,nan,0
1108,1.0709999999999928,0.45,,scientific,0,1,0.21161290322580645,1.0,0.0,-0.001034181067761603,0.0009842909305205654,nan,-0.001034181067761603,0.0009842909305205654,nan,0.6087131309996794,0.6087131309996794,0.0,0.0,0.0,nan,0,1,1.0,0.0,-0.0017875012237737315,0.0011485836481828875,nan,-0.0017875012237737315,0.0011485836481828875,nan,0.6943668831071826,0.6943668831071826,0.0,0.0,0.0,nan,0,1,1.0,0.0,-0.001034181067761603,0.0009842909305205654,nan,-0.001034181067761603,0.0009842909305205654,nan,0.6087131309996794,0.6087131309996794,0.0,0.0,0.0,nan,0
1109,1.0719999999999927,0.45,,scientific,0,1,0.21161290322580645,1.0,0.0,-0.0010267583945561308,0.000979829144486478,nan,-0.0010267583945561308,0.000979829144486478,nan,0.608561899155629,0.608561899155629,0.0,0.0,0.0,nan,0,1,1.0,0.0,-0.0017875012237737315,0.0011485836481828875,nan,-0.0017875012237737315,0.0011485836481828875,nan,0.6943668831071826,0.6943668831071826,0.0,0.0,0.0,nan,0,1,1.0,0.0,-0.0010267583945561308,0.000979829144486478,nan,-0.0010267583945561308,0.000979829144486478,nan,0.608561899155629,0.608561899155629,0.0,0.0,0.0,nan,0
1110,1.0729999999999926,0.45,,scientific,0,1,0.21161290322580645,1.0,0.0,-0.001019385588365099,0.0009753861674231663,nan,-0.001019385588365099,0.0009753861674231663,nan,0.6084106203717847,0.6084106203717847,0.0,0.0,0.0,nan,0,1,1.0,0.0,-0.0017875012237737315,0.0011485836481828875,nan,-0.0017875012237737315,0.0011485836481828875,nan,0.6943668831071826,0.6943668831071826,0.0,0.0,0.0,nan,0,1,1.0,0.0,-0.001019385588365099,0.0009753861674231663,nan,-0.001019385588365099,0.0009753861674231663,nan,0.6084106203717847,0.6084106203717847,0.0,0.0,0.0,nan,0
1111,1.0739999999999925,0.45,,scientific,0,1,0.21161290322580645,1.0,0.0,-0.0010120633458934323,0.0009709623069207705,nan,-0.0010120633458934323,0.0009709623069207705,nan,0.6082592951710946,0.6082592951710946,0.0,0.0,0.0,nan,0,1,1.0,0.0,-0.0017875012237737315,0.0011485836481828875,nan,-0.0017875012237737315,0.0011485836481828875,nan,0.6943668831071826,0.6943668831071826,0.0,0.0,0.0,nan,0,1,1.0,0.0,-0.0010120633458934323,0.0009709623069207705,nan,-0.0010120633458934323,0.0009709623069207705,nan,0.6082592951710946,0.6082592951710946,0.0,0.0,0.0,nan,0
1112,1.0749999999999924,0.45,,scientific,0,1,0.21161290322580645,1.0,0.0,-0.0010047923642325473,0.0009665578710062288,nan,-0.0010047923642325473,0.0009665578710062288,nan,0.6081079240775886,0.6081079240775886,0.0,0.0,0.0,nan,0,1,1.0,0.0,-0.0017875012237737315,0.0011485836481828875,nan,-0.0017875012237737315,0.0011485836481828875,nan,0.6943668831071826,0.6943668831071826,0.0,0.0,0.0,nan,0,1,1.0,0.0,-0.0010047923642325473,0.0009665578710062288,nan,-0.0010047923642325473,0.0009665578710062288,nan,0.6081079240775886,0.6081079240775886,0.0,0.0,0.0,nan,0
1113,1.0759999999999923,0.45,,scientific,0,1,0.21161290322580645,1.0,0.0,-0.000997573340623066,0.0009621731695107134,nan,-0.000997573340623066,0.0009621731695107134,nan,0.6079565076147465,0.6079565076147465,0.0,0.0,0.0,nan,0,1,1.0,0.0,-0.0017875012237737315,0.0011485836481828875,nan,-0.0017875012237737315,0.0011485836481828875,nan,0.6943668831071826,0.6943668831071826,0.0,0.0,0.0,nan,0,1,1.0,0.0,-0.000997573340623066,0.0009621731695107134,nan,-0.000997573340623066,0.0009621731695107134,nan,0.6079565076147465,0.6079565076147465,0.0,0.0,0.0,nan,0
1114,1.0769999999999922,0.45,,scientific,0,1,0.21161290322580645,1.0,0.0,-0.000990406972208876,0.0009578085127733599,nan,-0.000990406972208876,0.0009578085127733599,nan,0.607805046306131,0.607805046306131,0.0,0.0,0.0,nan,0,1,1.0,0.0,-0.0017875012237737315,0.0011485836481828875,nan,-0.0017875012237737315,0.0011485836481828875,nan,0.6943668831071826,0.6943668831071826,0.0,0.0,0.0,nan,0,1,1.0,0.0,-0.000990406972208876,0.0009578085127733599,nan,-0.000990406972208876,0.0009578085127733599,nan,0.607805046306131,0.607805046306131,0.0,0.0,0.0,nan,0
1115,1.077999999999992,0.45,,scientific,0,1,0.21225806451612902,1.0,0.0,-0.000983293956420261,0.0009534642116609213,nan,-0.000983293956420261,0.0009534642116609213,nan,0.6076535406752603,0.6076535406752603,0.0,0.0,0.0,nan,0,1,1.0,0.0,-0.0017875012237737315,0.0011485836481828875,nan,-0.0017875012237737315,0.0011485836481828875,nan,0.6943668831071826,0.6943668831071826,0.0,0.0,0.0,nan,0,1,1.0,0.0,-0.000983293956420261,0.0009534642116609213,nan,-0.000983293956420261,0.0009534642116609213,nan,0.6076535406752603,0.6076535406752603,0.0,0.0,0.0,nan,0
1116,1.078999999999992,0.45,,scientific,0,1,0.21225806451612902,1.0,0.0,-0.0009762349901761948,0.0009491405772244933,nan,-0.0009762349901761948,0.0009491405772244933,nan,0.6075019912451494,0.6075019912451494,0.0,0.0,0.0,nan,0,1,1.0,0.0,-0.0017875012237737315,0.0011485836481828875,nan,-0.0017875012237737315,0.0011485836481828875,nan,0.6943668831071826,0.6943668831071826,0.0,0.0,0.0,nan,0,1,1.0,0.0,-0.0009762349901761948,0.0009491405772244933,nan,-0.0009762349901761948,0.0009491405772244933,nan,0.6075019912451494,0.6075019912451494,0.0,0.0,0.0,nan,0
1117,1.0799999999999919,0.45,,scientific,0,1,0.21225806451612902,1.0,0.0,-0.0009692307703541093,0.0009448379217020441,nan,-0.0009692307703541093,0.0009448379217020441,nan,0.6073503985358695,0.6073503985358695,0.0,0.0,0.0,nan,0,1,1.0,0.0,-0.0017875012237737315,0.0011485836481828875,nan,-0.0017875012237737315,0.0011485836481828875,nan,0.6943668831071826,0.6943668831071826,0.0,0.0,0.0,nan,0,1,1.0,0.0,-0.0009692307703541093,0.0009448379217020441,nan,-0.0009692307703541093,0.0009448379217020441,nan,0.6073503985358695,0.6073503985358695,0.0,0.0,0.0,nan,0
1118,1.0809999999999917,0.45,,scientific,0,1,0.21225806451612902,1.0,0.0,-0.000962281994293599,0.0009405565588152079,nan,-0.000962281994293599,0.0009405565588152079,nan,0.6071987630636353,0.6071987630636353,0.0,0.0,0.0,nan,0,1,1.0,0.0,-0.0017875012237737315,0.0011485836481828875,nan,-0.0017875012237737315,0.0011485836481828875,nan,0.6943668831071826,0.6943668831071826,0.0,0.0,0.0,nan,0,1,1.0,0.0,-0.000962281994293599,0.0009405565588152079,nan,-0.000962281994293599,0.0009405565588152079,nan,0.6071987630636353,0.6071987630636353,0.0,0.0,0.0,nan,0
1119,1.0819999999999916,0.45,,scientific,0,1,0.21225806451612902,1.0,0.0,-0.0009553893592354951,0.0009362968031200068,nan,-0.0009553893592354951,0.0009362968031200068,nan,0.6070470853490414,0.6070470853490414,0.0,0.0,0.0,nan,0,1,1.0,0.0,-0.0017875012237737315,0.0011485836481828875,nan,-0.0017875012237737315,0.0011485836481828875,nan,0.6943668831071826,0.6943668831071826,0.0,0.0,0.0,nan,0,1,1.0,0.0,-0.0009553893592354951,0.0009362968031200068,nan,-0.0009553893592354951,0.0009362968031200068,nan,0.6070470853490414,0.6070470853490414,0.0,0.0,0.0,nan,0
1120,1.0829999999999915,0.45,,scientific,0,1,0.21225806451612902,1.0,0.0,-0.0007853693346580937,-0.0005274793967281688,nan,-0.0007853693346580937,-0.0005274793967281688,nan,0.6089341174871681,0.6089341174871681,0.0,0.0,0.0,nan,0,1,1.0,0.0,-0.0017051960225863054,0.00042750568943203556,nan,-0.0017051960225863054,0.00042750568943203556,nan,0.6954434209066995,0.6954434209066995,0.0,0.0,0.0,nan,0,1,1.0,0.0,-0.0007853693346580937,-0.0005274793967281688,nan,-0.0007853693346580937,-0.0005274793967281688,nan,0.6089341174871681,0.6089341174871681,0.0,0.0,0.0,nan,0
1121,1.0839999999999914,0.45,,scientific,0,1,0.21225806451612902,1.0,0.0,-0.0007785719596104145,-0.0005320854270113131,nan,-0.0007785719596104145,-0.0005320854270113131,nan,0.6087826381101912,0.6087826381101912,0.0,0.0,0.0,nan,0,1,1.0,0.0,-0.0017051960225863054,0.00042750568943203556,nan,-0.0017051960225863054,0.00042750568943203556,nan,0.6954434209066995,0.6954434209066995,0.0,0.0,0.0,nan,0,1,1.0,0.0,-0.0007785719596104145,-0.0005320854270113131,nan,-0.0007785719596104145,-0.0005320854270113131,nan,0.6087826381101912,0.6087826381101912,0.0,0.0,0.0,nan,0
1122,1.0849999999999913,0.45,,scientific,0,1,0.21225806451612902,1.0,0.0,-0.0007718330114325665,-0.0005366656095532248,nan,-0.0007718330114325665,-0.0005366656095532248,nan,0.6086311133543114,0.6086311133543114,0.0,0.0,0.0,nan,0,1,1.0,0.0,-0.0017051960225863054,0.00042750568943203556,nan,-0.0017051960225863054,0.00042750568943203556,nan,0.6954434209066995,0.6954434209066995,0.0,0.0,0.0,nan,0,1,1.0,0.0,-0.0007718330114325665,-0.0005366656095532248,nan,-0.0007718330114325665,-0.0005366656095532248,nan,0.6086311133543114,0.6086311133543114,0.0,0.0,0.0,nan,0
1123,1.0859999999999912,0.45,,scientific,0,1,0.21225806451612902,1.0,0.0,-0.0007651531861090635,-0.000541219603954356,nan,-0.0007651531861090635,-0.000541219603954356,nan,0.6084795437080399,0.6084795437080399,0.0,0.0,0.0,nan,0,1,1.0,0.0,-0.0017051960225863054,0.00042750568943203556,nan,-0.0017051960225863054,0.00042750568943203556,nan,0.6954434209066995,0.6954434209066995,0.0,0.0,0.0,nan,0,1,1.0,0.0,-0.0007651531861090635,-0.000541219603954356,nan,-0.0007651531861090635,-0.000541219603954356,nan,0.6084795437080399,0.6084795437080399,0.0,0.0,0.0,nan,0
1124,1.086999999999991,0.45,,scientific,0,1,0.21225806451612902,1.0,0.0,-0.0018361864218771468,0.00046720358755630273,nan,-0.0018361864218771468,0.00046720358755630273,nan,0.6103693080081767,0.6103693080081767,0.0,0.0,0.0,nan,0,1,1.0,0.0,-0.0022349957425011513,0.0009270880486951139,nan,-0.0022349957425011513,0.0009270880486951139,nan,0.6965199587100181,0.6965199587100181,0.0,0.0,0.0,nan,0,1,1.0,0.0,-0.0018361864218771468,0.00046720358755630273,nan,-0.0018361864218771468,0.00046720358755630273,nan,0.6103693080081767,0.6103693080081767,0.0,0.0,0.0,nan,0
1125,1.087999999999991,0.45,,scientific,0,1,0.21225806451612902,1.0,0.0,-0.0018300833721777467,0.00046312321501834755,nan,-0.0018300833721777467,0.00046312321501834755,nan,0.6102181898928245,0.6102181898928245,0.0,0.0,0.0,nan,0,1,1.0,0.0,-0.0022349957425011513,0.0009270880486951139,nan,-0.0022349957425011513,0.0009270880486951139,nan,0.6965199587100181,0.6965199587100181,0.0,0.0,0.0,nan,0,1,1.0,0.0,-0.0018300833721777467,0.00046312321501834755,nan,-0.0018300833721777467,0.00046312321501834755,nan,0.6102181898928245,0.6102181898928245,0.0,0.0,0.0,nan,0
1126,1.0889999999999909,0.45,,scientific,0,1,0.21225806451612902,1.0,0.0,-0.0018240402099223643,0.00045906895119953095,nan,-0.0018240402099223643,0.00045906895119953095,nan,0.6100670255013436,0.6100670255013436,0.0,0.0,0.0,nan,0,1,1.0,0.0,-0.0022349957425011513,0.0009270880486951139,nan,-0.0022349957425011513,0.0009270880486951139,nan,0.6965199587100181,0.6965199587100181,0.0,0.0,0.0,nan,0,1,1.0,0.0,-0.0018240402099223643,0.00045906895119953095,nan,-0.0018240402099223643,0.00045906895119953095,nan,0.6100670255013436,0.6100670255013436,0.0,0.0,0.0,nan,0
1127,1.0899999999999908,0.45,,scientific,0,1,0.21225806451612902,1.0,0.0,-0.0018180576330007099,0.00045504114485564034,nan,-0.0018180576330007099,0.00045504114485564034,nan,0.6099158153303987,0.6099158153303987,0.0,0.0,0.0,nan,0,1,1.0,0.0,-0.0022349957425011513,0.0009270880486951139,nan,-0.0022349957425011513,0.0009270880486951139,nan,0.6965199587100181,0.6965199587100181,0.0,0.0,0.0,nan,0,1,1.0,0.0,-0.0018180576330007099,0.00045504114485564034,nan,-0.0018180576330007099,0.00045504114485564034,nan,0.6099158153303987,0.6099158153303987,0.0,0.0,0.0,nan,0
1128,1.0909999999999906,0.45,,scientific,0,1,0.21225806451612902,1.0,0.0,-0.0018121363381077915,0.000451040145871161,nan,-0.0018121363381077915,0.000451040145871161,nan,0.6097645598730592,0.6097645598730592,0.0,0.0,0.0,nan,0,1,1.0,0.0,-0.0022349957425011513,0.0009270880486951139,nan,-0.0022349957425011513,0.0009270880486951139,nan,0.6965199587100181,0.6965199587100181,0.0,0.0,0.0,nan,0,1,1.0,0.0,-0.0018121363381077915,0.000451040145871161,nan,-0.0018121363381077915,0.000451040145871161,nan,0.6097645598730592,0.6097645598730592,0.0,0.0,0.0,nan,0
1129,1.0919999999999905,0.45,,scientific,0,1,0.21225806451612902,1.0,0.0,-0.0018062770211854028,0.0004470663048764206,nan,-0.0018062770211854028,0.0004470663048764206,nan,0.609613259624775,0.609613259624775,0.0,0.0,0.0,nan,0,1,1.0,0.0,-0.0022349957425011513,0.0009270880486951139,nan,-0.0022349957425011513,0.0009270880486951139,nan,0.6965199587100181,0.6965199587100181,0.0,0.0,0.0,nan,0,1,1.0,0.0,-0.0018062770211854028,0.0004470663048764206,nan,-0.0018062770211854028,0.0004470663048764206,nan,0.609613259624775,0.609613259624775,0.0,0.0,0.0,nan,0
1130,1.0929999999999904,0.45,,scientific,0,1,0.21225806451612902,1.0,0.0,-0.0018004803778759017,0.0004431199736611121,nan,-0.0018004803778759017,0.0004431199736611121,nan,0.6094619150811085,0.6094619150811085,0.0,0.0,0.0,nan,0,1,1.0,0.0,-0.0022349957425011513,0.0009270880486951139,nan,-0.0022349957425011513,0.0009270880486951139,nan,0.6965199587100181,0.6965199587100181,0.0,0.0,0.0,nan,0,1,1.0,0.0,-0.0018004803778759017,0.0004431199736611121,nan,-0.0018004803778759017,0.0004431199736611121,nan,0.6094619150811085,0.6094619150811085,0.0,0.0,0.0,nan,0
1131,1.0939999999999903,0.45,,scientific,0,1,0.21225806451612902,1.0,0.0,-0.0017947471028938848,0.0004392015052944671,nan,-0.0017947471028938848,0.0004392015052944671,nan,0.6093105267373538,0.6093105267373538,0.0,0.0,0.0,nan,0,1,1.0,0.0,-0.0022349957425011513,0.0009270880486951139,nan,-0.0022349957425011513,0.0009270880486951139,nan,0.6965199587100181,0.6965199587100181,0.0,0.0,0.0,nan,0,1,1.0,0.0,-0.0017947471028938848,0.0004392015052944671,nan,-0.0017947471028938848,0.0004392015052944671,nan,0.6093105267373538,0.6093105267373538,0.0,0.0,0.0,nan,0
1132,1.0949999999999902,0.45,,scientific,0,1,0.21225806451612902,1.0,0.0,-0.0017890778910499613,0.00043531125484424203,nan,-0.0017890778910499613,0.00043531125484424203,nan,0.609159095085755,0.609159095085755,0.0,0.0,0.0,nan,0,1,1.0,0.0,-0.0022349957425011513,0.0009270880486951139,nan,-0.0022349957425011513,0.0009270880486951139,nan,0.6965199587100181,0.6965199587100181,0.0,0.0,0.0,nan,0,1,1.0,0.0,-0.0017890778910499613,0.00043531125484424203,nan,-0.0017890778910499613,0.00043531125484424203,nan,0.609159095085755,0.609159095085755,0.0,0.0,0.0,nan,0
1133,1.09599999999999,0.45,,scientific,0,1,0.21225806451612902,1.0,0.0,-0.0017834734369233424,0.0004314495789479405,nan,-0.0017834734369233424,0.0004314495789479405,nan,0.6090076206215305,0.6090076206215305,0.0,0.0,0.0,nan,0,1,1.0,0.0,-0.0022349957425011513,0.0009270880486951139,nan,-0.0022349957425011513,0.0009270880486951139,nan,0.6965199587100181,0.6965199587100181,0.0,0.0,0.0,nan,0,1,1.0,0.0,-0.0017834734369233424,0.0004314495789479405,nan,-0.0017834734369233424,0.0004314495789479405,nan,0.6090076206215305,0.6090076206215305,0.0,0.0,0.0,nan,0
1134,1.09699999999999,0.45,,scientific,0,1,0.21225806451612902,1.0,0.0,-0.0017779344335939547,0.00042761683434534267,nan,-0.0017779344335939547,0.00042761683434534267,nan,0.6088561038388609,0.6088561038388609,0.0,0.0,0.0,nan,0,1,1.0,0.0,-0.0022349957425011513,0.0009270880486951139,nan,-0.0022349957425011513,0.0009270880486951139,nan,0.6965199587100181,0.6965199587100181,0.0,0.0,0.0,nan,0,1,1.0,0.0,-0.0017779344335939547,0.00042761683434534267,nan,-0.0017779344335939547,0.00042761683434534267,nan,0.6088561038388609,0.6088561038388609,0.0,0.0,0.0,nan,0
1135,1.0979999999999899,0.45,,scientific,0,1,0.21225806451612902,1.0,0.0,-0.0017724615738427913,0.0004238133781131477,nan,-0.0017724615738427913,0.0004238133781131477,nan,0.6087045452257022,0.6087045452257022,0.0,0.0,0.0,nan,0,1,1.0,0.0,-0.0022349957425011513,0.0009270880486951139,nan,-0.0022349957425011513,0.0009270880486951139,nan,0.6965199587100181,0.6965199587100181,0.0,0.0,0.0,nan,0,1,1.0,0.0,-0.0017724615738427913,0.0004238133781131477,nan,-0.0017724615738427913,0.0004238133781131477,nan,0.6087045452257022,0.6087045452257022,0.0,0.0,0.0,nan,0
1136,1.0989999999999898,0.45,,scientific,0,1,0.21225806451612902,1.0,0.0,-0.0017670555501383453,0.0004200395695229664,nan,-0.0017670555501383453,0.0004200395695229664,nan,0.6085529452732791,0.6085529452732791,0.0,0.0,0.0,nan,0,1,1.0,0.0,-0.0022349957425011513,0.0009270880486951139,nan,-0.0022349957425011513,0.0009270880486951139,nan,0.6965199587100181,0.6965199587100181,0.0,0.0,0.0,nan,0,1,1.0,0.0,-0.0017670555501383453,0.0004200395695229664,nan,-0.0017670555501383453,0.0004200395695229664,nan,0.6085529452732791,0.6085529452732791,0.0,0.0,0.0,nan,0
1137,1.0999999999999897,0.45,,scientific,0,1,0.21225806451612902,1.0,0.0,-0.0017617170532822197,0.00041629576885694947,nan,-0.0017617170532822197,0.00041629576885694947,nan,0.6084013044730621,0.6084013044730621,0.0,0.0,0.0,nan,0,1,1.0,0.0,-0.0022349957425011513,0.0009270880486951139,nan,-0.0022349957425011513,0.0009270880486951139,nan,0.6965199587100181,0.6965199587100181,0.0,0.0,0.0,nan,0,1,1.0,0.0,-0.0017617170532822197,0.00041629576885694947,nan,-0.0017617170532822197,0.00041629576885694947,nan,0.6084013044730621,0.6084013044730621,0.0,0.0,0.0,nan,0
1138,1.1009999999999895,0.45,,scientific,0,1,0.21225806451612902,1.0,0.0,-0.003228953073304474,0.0005781805583586015,nan,-0.003228953073304474,0.0005781805583586015,nan,0.6103002706101386,0.6103002706101386,0.0,0.0,0.0,nan,0,1,1.0,0.0,-0.0029574808497625535,0.0010063356330599566,nan,-0.0029574808497625535,0.0010063356330599566,nan,0.6975964965133368,0.6975964965133368,0.0,0.0,0.0,nan,0,1,1.0,0.0,-0.003228953073304474,0.0005781805583586015,nan,-0.003228953073304474,0.0005781805583586015,nan,0.6103002706101386,0.6103002706101386,0.0,0.0,0.0,nan,0
1139,1.1019999999999894,0.45,,scientific,0,1,0.21225806451612902,1.0,0.0,-0.0032243544544985243,0.0005745779256517404,nan,-0.0032243544544985243,0.0005745779256517404,nan,0.6101490825255365,0.6101490825255365,0.0,0.0,0.0,nan,0,1,1.0,0.0,-0.0029574808497625535,0.0010063356330599566,nan,-0.0029574808497625535,0.0010063356330599566,nan,0.6975964965133368,0.6975964965133368,0.0,0.0,0.0,nan,0,1,1.0,0.0,-0.0032243544544985243,0.0005745779256517404,nan,-0.0032243544544985243,0.0005745779256517404,nan,0.6101490825255365,0.6101490825255365,0.0,0.0,0.0,nan,0
1140,1.1029999999999893,0.45,,scientific,0,1,0.21225806451612902,1.0,0.0,-0.0032198237345729924,0.0005710060944217334,nan,-0.0032198237345729924,0.0005710060944217334,nan,0.6099978522701148,0.6099978522701148,0.0,0.0,0.0,nan,0,1,1.0,0.0,-0.0029574808497625535,0.0010063356330599566,nan,-0.0029574808497625535,0.0010063356330599566,nan,0.6975964965133368,0.6975964965133368,0.0,0.0,0.0,nan,0,1,1.0,0.0,-0.0032198237345729924,0.0005710060944217334,nan,-0.0032198237345729924,0.0005710060944217334,nan,0.6099978522701148,0.6099978522701148,0.0,0.0,0.0,nan,0
1141,1.1039999999999892,0.45,,scientific,0,1,0.21225806451612902,1.0,0.0,-0.0032153616051398912,0.0005674654286863727,nan,-0.0032153616051398912,0.0005674654286863727,nan,0.6098465803476376,0.6098465803476376,0.0,0.0,0.0,nan,0,1,1.0,0.0,-0.0029574808497625535,0.0010063356330599566,nan,-0.0029574808497625535,0.0010063356330599566,nan,0.6975964965133368,0.6975964965133368,0.0,0.0,0.0,nan,0,1,1.0,0.0,-0.0032153616051398912,0.0005674654286863727,nan,-0.0032153616051398912,0.0005674654286863727,nan,0.6098465803476376,0.6098465803476376,0.0,0.0,0.0,nan,0
1142,1.104999999999989,0.45,,scientific,0,1,0.21225806451612902,1.0,0.0,-0.0032109687573345378,0.0005639562937172229,nan,-0.0032109687573345378,0.0005639562937172229,nan,0.609695267258785,0.609695267258785,0.0,0.0,0.0,nan,0,1,1.0,0.0,-0.0029574808497625535,0.0010063356330599566,nan,-0.0029574808497625535,0.0010063356330599566,nan,0.6975964965133368,0.6975964965133368,0.0,0.0,0.0,nan,0,1,1.0,0.0,-0.0032109687573345378,0.0005639562937172229,nan,-0.0032109687573345378,0.0005639562937172229,nan,0.609695267258785,0.609695267258785,0.0,0.0,0.0,nan,0
1143,1.105999999999989,0.45,,scientific,0,1,0.21225806451612902,1.0,0.0,-0.003206645881825634,0.0005604790559692753,nan,-0.003206645881825634,0.0005604790559692753,nan,0.6095439135044984,0.6095439135044984,0.0,0.0,0.0,nan,0,1,1.0,0.0,-0.0029574808497625535,0.0010063356330599566,nan,-0.0029574808497625535,0.0010063356330599566,nan,0.6975964965133368,0.6975964965133368,0.0,0.0,0.0,nan,0,1,1.0,0.0,-0.003206645881825634,0.0005604790559692753,nan,-0.003206645881825634,0.0005604790559692753,nan,0.6095439135044984,0.6095439135044984,0.0,0.0,0.0,nan,0
1144,1.1069999999999889,0.45,,scientific,0,1,0.21225806451612902,1.0,0.0,-0.003202393667687742,0.0005570340834842339,nan,-0.003202393667687742,0.0005570340834842339,nan,0.6093925195887837,0.6093925195887837,0.0,0.0,0.0,nan,0,1,1.0,0.0,-0.0029574808497625535,0.0010063356330599566,nan,-0.0029574808497625535,0.0010063356330599566,nan,0.6975964965133368,0.6975964965133368,0.0,0.0,0.0,nan,0,1,1.0,0.0,-0.003202393667687742,0.0005570340834842339,nan,-0.003202393667687742,0.0005570340834842339,nan,0.6093925195887837,0.6093925195887837,0.0,0.0,0.0,nan,0
1145,1.1079999999999888,0.45,,scientific,0,1,0.21225806451612902,1.0,0.0,-0.0031982128024675735,0.0005536217457255754,nan,-0.0031982128024675735,0.0005536217457255754,nan,0.6092410860136938,0.6092410860136938,0.0,0.0,0.0,nan,0,1,1.0,0.0,-0.0029574808497625535,0.0010063356330599566,nan,-0.0029574808497625535,0.0010063356330599566,nan,0.6975964965133368,0.6975964965133368,0.0,0.0,0.0,nan,0,1,1.0,0.0,-0.0031982128024675735,0.0005536217457255754,nan,-0.0031982128024675735,0.0005536217457255754,nan,0.6092410860136938,0.6092410860136938,0.0,0.0,0.0,nan,0
1146,1.1089999999999887,0.45,,scientific,0,1,0.21225806451612902,1.0,0.0,-0.003194103972496147,0.0005502424124573347,nan,-0.003194103972496147,0.0005502424124573347,nan,0.6090896132788295,0.6090896132788295,0.0,0.0,0.0,nan,0,1,1.0,0.0,-0.0029574808497625535,0.0010063356330599566,nan,-0.0029574808497625535,0.0010063356330599566,nan,0.6975964965133368,0.6975964965133368,0.0,0.0,0.0,nan,0,1,1.0,0.0,-0.003194103972496147,0.0005502424124573347,nan,-0.003194103972496147,0.0005502424124573347,nan,0.6090896132788295,0.6090896132788295,0.0,0.0,0.0,nan,0
1147,1.1099999999999886,0.45,,scientific,0,1,0.21225806451612902,1.0,0.0,-0.0031900678631497496,0.0005468964543573906,nan,-0.0031900678631497496,0.0005468964543573906,nan,0.6089381018863286,0.6089381018863286,0.0,0.0,0.0,nan,0,1,1.0,0.0,-0.0029574808497625535,0.0010063356330599566,nan,-0.0029574808497625535,0.0010063356330599566,nan,0.6975964965133368,0.6975964965133368,0.0,0.0,0.0,nan,0,1,1.0,0.0,-0.0031900678631497496,0.0005468964543573906,nan,-0.0031900678631497496,0.0005468964543573906,nan,0.6089381018863286,0.6089381018863286,0.0,0.0,0.0,nan,0
1148,1.1109999999999884,0.45,,scientific,0,1,0.21225806451612902,1.0,0.0,-0.00317034958129535,-0.0009355897696126841,nan,-0.00317034958129535,-0.0009355897696126841,nan,0.6108433169690854,0.6108433169690854,0.0,0.0,0.0,nan,0,1,1.0,0.0,-0.0029502761936010683,0.00028196894520072575,nan,-0.0029502761936010683,0.00028196894520072575,nan,0.6986730343139451,0.6986730343139451,0.0,0.0,0.0,nan,0,1,1.0,0.0,-0.00317034958129535,-0.0009355897696126841,nan,-0.00317034958129535,-0.0009355897696126841,nan,0.6108433169690854,0.6108433169690854,0.0,0.0,0.0,nan,0
1149,1.1119999999999883,0.45,,scientific,0,1,0.21225806451612902,1.0,0.0,-0.0031664763350769923,-0.0009392278714944656,nan,-0.0031664763350769923,-0.0009392278714944656,nan,0.6106919743677977,0.6106919743677977,0.0,0.0,0.0,nan,0,1,1.0,0.0,-0.0029502761936010683,0.00028196894520072575,nan,-0.0029502761936010683,0.00028196894520072575,nan,0.6986730343139451,0.6986730343139451,0.0,0.0,0.0,nan,0,1,1.0,0.0,-0.0031664763350769923,-0.0009392278714944656,nan,-0.0031664763350769923,-0.0009392278714944656,nan,0.6106919743677977,0.6106919743677977,0.0,0.0,0.0,nan,0
1150,1.1129999999999882,0.45,,scientific,0,1,0.21225806451612902,1.0,0.0,-0.003162677653003227,-0.0009428277738735973,nan,-0.003162677653003227,-0.0009428277738735973,nan,0.6105405893814916,0.6105405893814916,0.0,0.0,0.0,nan,0,1,1.0,0.0,-0.0029502761936010683,0.00028196894520072575,nan,-0.0029502761936010683,0.00028196894520072575,nan,0.6986730343139451,0.6986730343139451,0.0,0.0,0.0,nan,0,1,1.0,0.0,-0.003162677653003227,-0.0009428277738735973,nan,-0.003162677653003227,-0.0009428277738735973,nan,0.6105405893814916,0.6105405893814916,0.0,0.0,0.0,nan,0
1151,1.113999999999988,0.45,,scientific,0,1,0.2129032258064516,1.0,0.0,-0.002548395808463894,0.00037229295908079637,nan,-0.002548395808463894,0.00037229295908079637,nan,0.6123957190699737,0.6123957190699737,0.0,0.0,0.0,nan,0,1,1.0,0.0,-0.0026431462824065906,0.0009428306608956946,nan,-0.0026431462824065906,0.0009428306608956946,nan,0.6997495721172637,0.6997495721172637,0.0,0.0,0.0,nan,0,1,1.0,0.0,-0.002548395808463894,0.00037229295908079637,nan,-0.002548395808463894,0.00037229295908079637,nan,0.6123957190699737,0.6123957190699737,0.0,0.0,0.0,nan,0
1152,1.114999999999988,0.45,,scientific,0,1,0.2129032258064516,1.0,0.0,-0.002544522626665494,0.00036929868580130794,nan,-0.002544522626665494,0.00036929868580130794,nan,0.612244794905844,0.612244794905844,0.0,0.0,0.0,nan,0,1,1.0,0.0,-0.0026431462824065906,0.0009428306608956946,nan,-0.0026431462824065906,0.0009428306608956946,nan,0.6997495721172637,0.6997495721172637,0.0,0.0,0.0,nan,0,1,1.0,0.0,-0.002544522626665494,0.00036929868580130794,nan,-0.002544522626665494,0.00036929868580130794,nan,0.612244794905844,0.612244794905844,0.0,0.0,0.0,nan,0
1153,1.115999999999988,0.45,,scientific,0,1,0.2129032258064516,1.0,0.0,-0.002540726725710234,0.0003663415504349869,nan,-0.002540726725710234,0.0003663415504349869,nan,0.6120938261816675,0.6120938261816675,0.0,0.0,0.0,nan,0,1,1.0,0.0,-0.0026431462824065906,0.0009428306608956946,nan,-0.0026431462824065906,0.0009428306608956946,nan,0.6997495721172637,0.6997495721172637,0.0,0.0,0.0,nan,0,1,1.0,0.0,-0.002540726725710234,0.0003663415504349869,nan,-0.002540726725710234,0.0003663415504349869,nan,0.6120938261816675,0.6120938261816675,0.0,0.0,0.0,nan,0
1154,1.1169999999999878,0.45,,scientific,0,1,0.2129032258064516,1.0,0.0,-0.0012231850738975852,0.001049414368948005,nan,-0.0012231850738975852,0.001049414368948005,nan,0.6140057222548281,0.6140057222548281,0.0,0.0,0.0,nan,0,1,1.0,0.0,-0.002000308418721001,0.0012765843934659602,nan,-0.002000308418721001,0.0012765843934659602,nan,0.7008261099205824,0.7008261099205824,0.0,0.0,0.0,nan,0,1,1.0,0.0,-0.0012231850738975852,0.001049414368948005,nan,-0.0012231850738975852,0.001049414368948005,nan,0.6140057222548281,0.6140057222548281,0.0,0.0,0.0,nan,0
1155,1.1179999999999877,0.45,,scientific,0,1,0.2129032258064516,1.0,0.0,-0.0012192085730489137,0.0010467276554906471,nan,-0.0012192085730489137,0.0010467276554906471,nan,0.6138549559446638,0.6138549559446638,0.0,0.0,0.0,nan,0,1,1.0,0.0,-0.002000308418721001,0.0012765843934659602,nan,-0.002000308418721001,0.0012765843934659602,nan,0.7008261099205824,0.7008261099205824,0.0,0.0,0.0,nan,0,1,1.0,0.0,-0.0012192085730489137,0.0010467276554906471,nan,-0.0012192085730489137,0.0010467276554906471,nan,0.6138549559446638,0.6138549559446638,0.0,0.0,0.0,nan,0
1156,1.1189999999999876,0.45,,scientific,0,1,0.2129032258064516,1.0,0.0,-0.0012153143394372098,0.001044077478523477,nan,-0.0012153143394372098,0.001044077478523477,nan,0.6137041414147518,0.6137041414147518,0.0,0.0,0.0,nan,0,1,1.0,0.0,-0.002000308418721001,0.0012765843934659602,nan,-0.002000308418721001,0.0012765843934659602,nan,0.7008261099205824,0.7008261099205824,0.0,0.0,0.0,nan,0,1,1.0,0.0,-0.0012153143394372098,0.001044077478523477,nan,-0.0012153143394372098,0.001044077478523477,nan,0.6137041414147518,0.6137041414147518,0.0,0.0,0.0,nan,0
1157,1.1199999999999875,0.45,,scientific,0,1,0.2135483870967742,1.0,0.0,-0.0012115030594224885,0.0010414642272481842,nan,-0.0012115030594224885,0.0010414642272481842,nan,0.6135532790927601,0.6135532790927601,0.0,0.0,0.0,nan,0,1,1.0,0.0,-0.002000308418721001,0.0012765843934659602,nan,-0.002000308418721001,0.0012765843934659602,nan,0.7008261099205824,0.7008261099205824,0.0,0.0,0.0,nan,0,1,1.0,0.0,-0.0012115030594224885,0.0010414642272481842,nan,-0.0012115030594224885,0.0010414642272481842,nan,0.6135532790927601,0.6135532790927601,0.0,0.0,0.0,nan,0
1158,1.1209999999999873,0.45,,scientific,0,1,0.2135483870967742,1.0,0.0,-0.0012077754166746355,0.001038888292854931,nan,-0.0012077754166746355,0.001038888292854931,nan,0.6134023694028093,0.6134023694028093,0.0,0.0,0.0,nan,0,1,1.0,0.0,-0.002000308418721001,0.0012765843934659602,nan,-0.002000308418721001,0.0012765843934659602,nan,0.7008261099205824,0.7008261099205824,0.0,0.0,0.0,nan,0,1,1.0,0.0,-0.0012077754166746355,0.001038888292854931,nan,-0.0012077754166746355,0.001038888292854931,nan,0.6134023694028093,0.6134023694028093,0.0,0.0,0.0,nan,0
1159,1.1219999999999872,0.45,,scientific,0,1,0.21419354838709678,1.0,0.0,-0.0012041320920675724,0.0010363500678393141,nan,-0.0012041320920675724,0.0010363500678393141,nan,0.6132514127722402,0.6132514127722402,0.0,0.0,0.0,nan,0,1,1.0,0.0,-0.002000308418721001,0.0012765843934659602,nan,-0.002000308418721001,0.0012765843934659602,nan,0.7008261099205824,0.7008261099205824,0.0,0.0,0.0,nan,0,1,1.0,0.0,-0.0012041320920675724,0.0010363500678393141,nan,-0.0012041320920675724,0.0010363500678393141,nan,0.6132514127722402,0.6132514127722402,0.0,0.0,0.0,nan,0
1160,1.1229999999999871,0.45,,scientific,0,1,0.21419354838709678,1.0,0.0,-0.0012005737649517067,0.0010338499465051324,nan,-0.0012005737649517067,0.0010338499465051324,nan,0.61310040962982,0.61310040962982,0.0,0.0,0.0,nan,0,1,1.0,0.0,-0.002000308418721001,0.0012765843934659602,nan,-0.002000308418721001,0.0012765843934659602,nan,0.7008261099205824,0.7008261099205824,0.0,0.0,0.0,nan,0,1,1.0,0.0,-0.0012005737649517067,0.0010338499465051324,nan,-0.0012005737649517067,0.0010338499465051324,nan,0.61310040962982,0.61310040962982,0.0,0.0,0.0,nan,0
1161,1.123999999999987,0.45,,scientific,0,1,0.21419354838709678,1.0,0.0,-0.0011971011127118257,0.0010313883245818968,nan,-0.0011971011127118257,0.0010313883245818968,nan,0.6129493604039515,0.6129493604039515,0.0,0.0,0.0,nan,0,1,1.0,0.0,-0.002000308418721001,0.0012765843934659602,nan,-0.002000308418721001,0.0012765843934659602,nan,0.7008261099205824,0.7008261099205824,0.0,0.0,0.0,nan,0,1,1.0,0.0,-0.0011971011127118257,0.0010313883245818968,nan,-0.0011971011127118257,0.0010313883245818968,nan,0.6129493604039515,0.6129493604039515,0.0,0.0,0.0,nan,0
1162,1.124999999999987,0.45,,scientific,0,1,0.21419354838709678,1.0,0.0,-0.0011937148105557517,0.00102896559927938,nan,-0.0011937148105557517,0.00102896559927938,nan,0.6127982655241819,0.6127982655241819,0.0,0.0,0.0,nan,0,1,1.0,0.0,-0.002000308418721001,0.0012765843934659602,nan,-0.002000308418721001,0.0012765843934659602,nan,0.7008261099205824,0.7008261099205824,0.0,0.0,0.0,nan,0,1,1.0,0.0,-0.0011937148105557517,0.00102896559927938,nan,-0.0011937148105557517,0.00102896559927938,nan,0.6127982655241819,0.6127982655241819,0.0,0.0,0.0,nan,0
1163,1.1259999999999868,0.45,,scientific,0,1,0.21419354838709678,1.0,0.0,-0.0011904155313028017,0.001026582169068557,nan,-0.0011904155313028017,0.001026582169068557,nan,0.6126471254201393,0.6126471254201393,0.0,0.0,0.0,nan,0,1,1.0,0.0,-0.002000308418721001,0.0012765843934659602,nan,-0.002000308418721001,0.0012765843934659602,nan,0.7008261099205824,0.7008261099205824,0.0,0.0,0.0,nan,0,1,1.0,0.0,-0.0011904155313028017,0.001026582169068557,nan,-0.0011904155313028017,0.001026582169068557,nan,0.6126471254201393,0.6126471254201393,0.0,0.0,0.0,nan,0
1164,1.1269999999999867,0.45,,scientific,0,1,0.21419354838709678,1.0,0.0,-0.00118720394541624,0.0010242384338289947,nan,-0.00118720394541624,0.0010242384338289947,nan,0.6124959405219162,0.6124959405219162,0.0,0.0,0.0,nan,0,1,1.0,0.0,-0.002000308418721001,0.0012765843934659602,nan,-0.002000308418721001,0.0012765843934659602,nan,0.7008261099205824,0.7008261099205824,0.0,0.0,0.0,nan,0,1,1.0,0.0,-0.00118720394541624,0.0010242384338289947,nan,-0.00118720394541624,0.0010242384338289947,nan,0.6124959405219162,0.6124959405219162,0.0,0.0,0.0,nan,0
1165,1.1279999999999866,0.45,,scientific,0,1,0.21419354838709678,1.0,0.0,-0.0011840807211341326,0.0010219347951008957,nan,-0.0011840807211341326,0.0010219347951008957,nan,0.6123447112602274,0.6123447112602274,0.0,0.0,0.0,nan,0,1,1.0,0.0,-0.002000308418721001,0.0012765843934659602,nan,-0.002000308418721001,0.0012765843934659602,nan,0.7008261099205824,0.7008261099205824,0.0,0.0,0.0,nan,0,1,1.0,0.0,-0.0011840807211341326,0.0010219347951008957,nan,-0.0011840807211341326,0.0010219347951008957,nan,0.6123447112602274,0.6123447112602274,0.0,0.0,0.0,nan,0
1166,1.1289999999999865,0.45,,scientific,0,1,0.21419354838709678,1.0,0.0,-0.0011810465243311825,0.0010196716560222799,nan,-0.0011810465243311825,0.0010196716560222799,nan,0.6121934380667529,0.6121934380667529,0.0,0.0,0.0,nan,0,1,1.0,0.0,-0.002000308418721001,0.0012765843934659602,nan,-0.002000308418721001,0.0012765843934659602,nan,0.7008261099205824,0.7008261099205824,0.0,0.0,0.0,nan,0,1,1.0,0.0,-0.0011810465243311825,0.0010196716560222799,nan,-0.0011810465243311825,0.0010196716560222799,nan,0.6121934380667529,0.6121934380667529,0.0,0.0,0.0,nan,0
1167,1.1299999999999863,0.45,,scientific,0,1,0.21419354838709678,1.0,0.0,-0.0011781020188760696,0.0010174494217898835,nan,-0.0011781020188760696,0.0010174494217898835,nan,0.6120421213766396,0.6120421213766396,0.0,0.0,0.0,nan,0,1,1.0,0.0,-0.002000308418721001,0.0012765843934659602,nan,-0.002000308418721001,0.0012765843934659602,nan,0.7008261099205824,0.7008261099205824,0.0,0.0,0.0,nan,0,1,1.0,0.0,-0.0011781020188760696,0.0010174494217898835,nan,-0.0011781020188760696,0.0010174494217898835,nan,0.6120421213766396,0.6120421213766396,0.0,0.0,0.0,nan,0
1168,1.1309999999999862,0.45,,scientific,0,1,0.21419354838709678,1.0,0.0,-0.001175247866029904,0.001015268498400884,nan,-0.001175247866029904,0.001015268498400884,nan,0.6118907616199529,0.6118907616199529,0.0,0.0,0.0,nan,0,1,1.0,0.0,-0.002000308418721001,0.0012765843934659602,nan,-0.002000308418721001,0.0012765843934659602,nan,0.7008261099205824,0.7008261099205824,0.0,0.0,0.0,nan,0,1,1.0,0.0,-0.001175247866029904,0.001015268498400884,nan,-0.001175247866029904,0.001015268498400884,nan,0.6118907616199529,0.6118907616199529,0.0,0.0,0.0,nan,0
1169,1.1319999999999861,0.45,,scientific,0,1,0.21419354838709678,1.0,0.0,-0.0011724847239895086,0.0010131292929739981,nan,-0.0011724847239895086,0.0010131292929739981,nan,0.61173935922623,0.61173935922623,0.0,0.0,0.0,nan,0,1,1.0,0.0,-0.002000308418721001,0.0012765843934659602,nan,-0.002000308418721001,0.0012765843934659602,nan,0.7008261099205824,0.7008261099205824,0.0,0.0,0.0,nan,0,1,1.0,0.0,-0.0011724847239895086,0.0010131292929739981,nan,-0.0011724847239895086,0.0010131292929739981,nan,0.61173935922623,0.61173935922623,0.0,0.0,0.0,nan,0
1170,1.132999999999986,0.45,,scientific,0,1,0.21419354838709678,1.0,0.0,-0.0011698132482254665,0.0010110322153257711,nan,-0.0011698132482254665,0.0010110322153257711,nan,0.611587914624523,0.611587914624523,0.0,0.0,0.0,nan,0,1,1.0,0.0,-0.002000308418721001,0.0012765843934659602,nan,-0.002000308418721001,0.0012765843934659602,nan,0.7008261099205824,0.7008261099205824,0.0,0.0,0.0,nan,0,1,1.0,0.0,-0.0011698132482254665,0.0010110322153257711,nan,-0.0011698132482254665,0.0010110322153257711,nan,0.611587914624523,0.611587914624523,0.0,0.0,0.0,nan,0
1171,1.133999999999986,0.45,,scientific,0,1,0.21419354838709678,1.0,0.0,-0.0011672340917749091,0.0010089776770864358,nan,-0.0011672340917749091,0.0010089776770864358,nan,0.6114364282453539,0.6114364282453539,0.0,0.0,0.0,nan,0,1,1.0,0.0,-0.002000308418721001,0.0012765843934659602,nan,-0.002000308418721001,0.0012765843934659602,nan,0.7008261099205824,0.7008261099205824,0.0,0.0,0.0,nan,0,1,1.0,0.0,-0.0011672340917749091,0.0010089776770864358,nan,-0.0011672340917749091,0.0010089776770864358,nan,0.6114364282453539,0.6114364282453539,0.0,0.0,0.0,nan,0
1172,1.1349999999999858,0.45,,scientific,0,1,0.21419354838709678,1.0,0.0,-0.00116474790533289,0.0010069660909483205,nan,-0.00116474790533289,0.0010069660909483205,nan,0.611284900520174,0.611284900520174,0.0,0.0,0.0,nan,0,1,1.0,0.0,-0.002000308418721001,0.0012765843934659602,nan,-0.002000308418721001,0.0012765843934659602,nan,0.7008261099205824,0.7008261099205824,0.0,0.0,0.0,nan,0,1,1.0,0.0,-0.00116474790533289,0.0010069660909483205,nan,-0.00116474790533289,0.0010069660909483205,nan,0.611284900520174,0.611284900520174,0.0,0.0,0.0,nan,0
1173,1.1359999999999857,0.45,,scientific,0,1,0.21419354838709678,1.0,0.0,-0.0011623553365756015,0.001004997871134978,nan,-0.0011623553365756015,0.001004997871134978,nan,0.611133331882681,0.611133331882681,0.0,0.0,0.0,nan,0,1,1.0,0.0,-0.002000308418721001,0.0012765843934659602,nan,-0.002000308418721001,0.0012765843934659602,nan,0.7008261099205824,0.7008261099205824,0.0,0.0,0.0,nan,0,1,1.0,0.0,-0.0011623553365756015,0.001004997871134978,nan,-0.0011623553365756015,0.001004997871134978,nan,0.611133331882681,0.611133331882681,0.0,0.0,0.0,nan,0
1174,1.1369999999999856,0.45,,scientific,0,1,0.21419354838709678,1.0,0.0,-0.0017230555582473136,0.002393314647902977,nan,-0.0017230555582473136,0.002393314647902977,nan,0.6130599948776929,0.6130599948776929,0.0,0.0,0.0,nan,0,1,1.0,0.0,-0.0022727554235804455,0.0019487871474196355,nan,-0.0022727554235804455,0.0019487871474196355,nan,0.701902647723901,0.701902647723901,0.0,0.0,0.0,nan,0,1,1.0,0.0,-0.0017230555582473136,0.002393314647902977,nan,-0.0017230555582473136,0.002393314647902977,nan,0.6130599948776929,0.6130599948776929,0.0,0.0,0.0,nan,0
1175,1.1379999999999855,0.45,,scientific,0,1,0.21419354838709678,1.0,0.0,-0.0010251463747542923,0.0036782411451352663,nan,-0.0010251463747542923,0.0036782411451352663,nan,0.6149508628729737,0.6149508628729737,0.0,0.0,0.0,nan,0,1,1.0,0.0,-0.0019280842757340541,0.0025855048584276755,nan,-0.0019280842757340541,0.0025855048584276755,nan,0.7029791855272196,0.7029791855272196,0.0,0.0,0.0,nan,0,1,1.0,0.0,-0.0010251463747542923,0.0036782411451352663,nan,-0.0010251463747542923,0.0036782411451352663,nan,0.6149508628729737,0.6149508628729737,0.0,0.0,0.0,nan,0
1176,1.1389999999999854,0.45,,scientific,0,1,0.21419354838709678,1.0,0.0,0.0002810860757908075,0.004102362023411638,nan,0.0002810860757908075,0.004102362023411638,nan,0.6167251247067871,0.6167251247067871,0.0,0.0,0.0,nan,0,1,1.0,0.0,-0.001241520909392806,0.002809003503760061,nan,-0.001241520909392806,0.002809003503760061,nan,0.7040557233305382,0.7040557233305382,0.0,0.0,0.0,nan,0,1,1.0,0.0,0.0002810860757908075,0.004102362023411638,nan,0.0002810860757908075,0.004102362023411638,nan,0.6167251247067871,0.6167251247067871,0.0,0.0,0.0,nan,0
1177,1.1399999999999852,0.45,,scientific,0,1,0.21419354838709678,1.0,0.0,0.00028361287490153873,0.004101748962387835,nan,0.00028361287490153873,0.004101748962387835,nan,0.6165748947827208,0.6165748947827208,0.0,0.0,0.0,nan,0,1,1.0,0.0,-0.001241520909392806,0.002809003503760061,nan,-0.001241520909392806,0.002809003503760061,nan,0.7040557233305382,0.7040557233305382,0.0,0.0,0.0,nan,0,1,1.0,0.0,0.00028361287490153873,0.004101748962387835,nan,0.00028361287490153873,0.004101748962387835,nan,0.6165748947827208,0.6165748947827208,0.0,0.0,0.0,nan,0
1178,1.1409999999999851,0.45,,scientific,0,1,0.21419354838709678,1.0,0.0,0.00028604072898002917,0.004101176758635097,nan,0.00028604072898002917,0.004101176758635097,nan,0.6164246163072047,0.6164246163072047,0.0,0.0,0.0,nan,0,1,1.0,0.0,-0.001241520909392806,0.002809003503760061,nan,-0.001241520909392806,0.002809003503760061,nan,0.7040557233305382,0.7040557233305382,0.0,0.0,0.0,nan,0,1,1.0,0.0,0.00028604072898002917,0.004101176758635097,nan,0.00028604072898002917,0.004101176758635097,nan,0.6164246163072047,0.6164246163072047,0.0,0.0,0.0,nan,0
1179,1.141999999999985,0.45,,scientific,0,1,0.21419354838709678,1.0,0.0,0.0002883689890229479,0.004100645826631296,nan,0.0002883689890229479,0.004100645826631296,nan,0.6162742896911426,0.6162742896911426,0.0,0.0,0.0,nan,0,1,1.0,0.0,-0.001241520909392806,0.002809003503760061,nan,-0.001241520909392806,0.002809003503760061,nan,0.7040557233305382,0.7040557233305382,0.0,0.0,0.0,nan,0,1,1.0,0.0,0.0002883689890229479,0.004100645826631296,nan,0.0002883689890229479,0.004100645826631296,nan,0.6162742896911426,0.6162742896911426,0.0,0.0,0.0,nan,0
1180,1.142999999999985,0.45,,scientific,0,1,0.21419354838709678,1.0,0.0,0.0002905970091635143,0.004100156582533667,nan,0.0002905970091635143,0.004100156582533667,nan,0.6161239153489064,0.6161239153489064,0.0,0.0,0.0,nan,0,1,1.0,0.0,-0.001241520909392806,0.002809003503760061,nan,-0.001241520909392806,0.002809003503760061,nan,0.7040557233305382,0.7040557233305382,0.0,0.0,0.0,nan,0,1,1.0,0.0,0.0002905970091635143,0.004100156582533667,nan,0.0002905970091635143,0.004100156582533667,nan,0.6161239153489064,0.6161239153489064,0.0,0.0,0.0,nan,0
1181,1.1439999999999848,0.45,,scientific,0,1,0.21419354838709678,1.0,0.0,0.00029272414640310146,0.004099709443783195,nan,0.00029272414640310146,0.004099709443783195,nan,0.6159734936999028,0.6159734936999028,0.0,0.0,0.0,nan,0,1,1.0,0.0,-0.001241520909392806,0.002809003503760061,nan,-0.001241520909392806,0.002809003503760061,nan,0.7040557233305382,0.7040557233305382,0.0,0.0,0.0,nan,0,1,1.0,0.0,0.00029272414640310146,0.004099709443783195,nan,0.00029272414640310146,0.004099709443783195,nan,0.6159734936999028,0.6159734936999028,0.0,0.0,0.0,nan,0
1182,1.1449999999999847,0.45,,scientific,0,1,0.21419354838709678,1.0,0.0,0.0002947497614671954,0.004099304830575948,nan,0.0002947497614671954,0.004099304830575948,nan,0.6158230251601342,0.6158230251601342,0.0,0.0,0.0,nan,0,1,1.0,0.0,-0.001241520909392806,0.002809003503760061,nan,-0.001241520909392806,0.002809003503760061,nan,0.7040557233305382,0.7040557233305382,0.0,0.0,0.0,nan,0,1,1.0,0.0,0.0002947497614671954,0.004099304830575948,nan,0.0002947497614671954,0.004099304830575948,nan,0.6158230251601342,0.6158230251601342,0.0,0.0,0.0,nan,0
1183,1.1459999999999846,0.45,,scientific,0,1,0.21419354838709678,1.0,0.0,0.0002966732186296685,0.0040989431645623116,nan,0.0002966732186296685,0.0040989431645623116,nan,0.6156725101427727,0.6156725101427727,0.0,0.0,0.0,nan,0,1,1.0,0.0,-0.001241520909392806,0.002809003503760061,nan,-0.001241520909392806,0.002809003503760061,nan,0.7040557233305382,0.7040557233305382,0.0,0.0,0.0,nan,0,1,1.0,0.0,0.0002966732186296685,0.0040989431645623116,nan,0.0002966732186296685,0.0040989431645623116,nan,0.6156725101427727,0.6156725101427727,0.0,0.0,0.0,nan,0
1184,1.1469999999999845,0.45,,scientific,0,1,0.21419354838709678,1.0,0.0,0.0002984938849521104,0.004098624868286821,nan,0.0002984938849521104,0.004098624868286821,nan,0.6155219490641776,0.6155219490641776,0.0,0.0,0.0,nan,0,1,1.0,0.0,-0.001241520909392806,0.002809003503760061,nan,-0.001241520909392806,0.002809003503760061,nan,0.7040557233305382,0.7040557233305382,0.0,0.0,0.0,nan,0,1,1.0,0.0,0.0002984938849521104,0.004098624868286821,nan,0.0002984938849521104,0.004098624868286821,nan,0.6155219490641776,0.6155219490641776,0.0,0.0,0.0,nan,0
1185,1.1479999999999844,0.45,,scientific,0,1,0.21419354838709678,1.0,0.0,0.0003002111308410695,0.004098350366019487,nan,0.0003002111308410695,0.004098350366019487,nan,0.6153713423433587,0.6153713423433587,0.0,0.0,0.0,nan,0,1,1.0,0.0,-0.001241520909392806,0.002809003503760061,nan,-0.001241520909392806,0.002809003503760061,nan,0.7040557233305382,0.7040557233305382,0.0,0.0,0.0,nan,0,1,1.0,0.0,0.0003002111308410695,0.004098350366019487,nan,0.0003002111308410695,0.004098350366019487,nan,0.6153713423433587,0.6153713423433587,0.0,0.0,0.0,nan,0
1186,1.1489999999999843,0.45,,scientific,0,1,0.21419354838709678,1.0,0.0,0.0003018243303453814,0.004098120083918294,nan,0.0003018243303453814,0.004098120083918294,nan,0.615220690400808,0.615220690400808,0.0,0.0,0.0,nan,0,1,1.0,0.0,-0.001241520909392806,0.002809003503760061,nan,-0.001241520909392806,0.002809003503760061,nan,0.7040557233305382,0.7040557233305382,0.0,0.0,0.0,nan,0,1,1.0,0.0,0.0003018243303453814,0.004098120083918294,nan,0.0003018243303453814,0.004098120083918294,nan,0.615220690400808,0.615220690400808,0.0,0.0,0.0,nan,0
1187,1.1499999999999841,0.45,,scientific,0,1,0.21419354838709678,1.0,0.0,0.00030333286102699245,0.004097934450165981,nan,0.00030333286102699245,0.004097934450165981,nan,0.6150699936580817,0.6150699936580817,0.0,0.0,0.0,nan,0,1,1.0,0.0,-0.001241520909392806,0.002809003503760061,nan,-0.001241520909392806,0.002809003503760061,nan,0.7040557233305382,0.7040557233305382,0.0,0.0,0.0,nan,0,1,1.0,0.0,0.00030333286102699245,0.004097934450165981,nan,0.00030333286102699245,0.004097934450165981,nan,0.6150699936580817,0.6150699936580817,0.0,0.0,0.0,nan,0
1188,1.150999999999984,0.45,,scientific,0,1,0.21419354838709678,1.0,0.0,0.00030473610393926985,0.0040977938946761185,nan,0.00030473610393926985,0.0040977938946761185,nan,0.6149192525382895,0.6149192525382895,0.0,0.0,0.0,nan,0,1,1.0,0.0,-0.001241520909392806,0.002809003503760061,nan,-0.001241520909392806,0.002809003503760061,nan,0.7040557233305382,0.7040557233305382,0.0,0.0,0.0,nan,0,1,1.0,0.0,0.00030473610393926985,0.0040977938946761185,nan,0.00030473610393926985,0.0040977938946761185,nan,0.6149192525382895,0.6149192525382895,0.0,0.0,0.0,nan,0
1189,1.151999999999984,0.45,,scientific,0,1,0.21419354838709678,1.0,0.0,0.0003060334436722867,0.004097698848924625,nan,0.0003060334436722867,0.004097698848924625,nan,0.6147684674661188,0.6147684674661188,0.0,0.0,0.0,nan,0,1,1.0,0.0,-0.001241520909392806,0.002809003503760061,nan,-0.001241520909392806,0.002809003503760061,nan,0.7040557233305382,0.7040557233305382,0.0,0.0,0.0,nan,0,1,1.0,0.0,0.0003060334436722867,0.004097698848924625,nan,0.0003060334436722867,0.004097698848924625,nan,0.6147684674661188,0.6147684674661188,0.0,0.0,0.0,nan,0
1190,1.1529999999999838,0.45,,scientific,0,1,0.21419354838709678,1.0,0.0,0.000307224268611935,0.0040976497459046845,nan,0.000307224268611935,0.0040976497459046845,nan,0.6146176388683717,0.6146176388683717,0.0,0.0,0.0,nan,0,1,1.0,0.0,-0.001241520909392806,0.002809003503760061,nan,-0.001241520909392806,0.002809003503760061,nan,0.7040557233305382,0.7040557233305382,0.0,0.0,0.0,nan,0,1,1.0,0.0,0.000307224268611935,0.0040976497459046845,nan,0.000307224268611935,0.0040976497459046845,nan,0.6146176388683717,0.6146176388683717,0.0,0.0,0.0,nan,0
1191,1.1539999999999837,0.45,,scientific,0,1,0.21419354838709678,1.0,0.0,0.00030830797034077877,0.004097647019949739,nan,0.00030830797034077877,0.004097647019949739,nan,0.6144667671744539,0.6144667671744539,0.0,0.0,0.0,nan,0,1,1.0,0.0,-0.001241520909392806,0.002809003503760061,nan,-0.001241520909392806,0.002809003503760061,nan,0.7040557233305382,0.7040557233305382,0.0,0.0,0.0,nan,0,1,1.0,0.0,0.00030830797034077877,0.004097647019949739,nan,0.00030830797034077877,0.004097647019949739,nan,0.6144667671744539,0.6144667671744539,0.0,0.0,0.0,nan,0
1192,1.1549999999999836,0.45,,scientific,0,1,0.21419354838709678,1.0,0.0,0.00030928394436989846,0.004097691107410849,nan,0.00030928394436989846,0.004097691107410849,nan,0.6143158528113453,0.6143158528113453,0.0,0.0,0.0,nan,0,1,1.0,0.0,-0.001241520909392806,0.002809003503760061,nan,-0.001241520909392806,0.002809003503760061,nan,0.7040557233305382,0.7040557233305382,0.0,0.0,0.0,nan,0,1,1.0,0.0,0.00030928394436989846,0.004097691107410849,nan,0.00030928394436989846,0.004097691107410849,nan,0.6143158528113453,0.6143158528113453,0.0,0.0,0.0,nan,0
1193,1.1559999999999835,0.45,,scientific,0,1,0.21419354838709678,1.0,0.0,0.00031015159022646475,0.0040977824465589854,nan,0.00031015159022646475,0.0040977824465589854,nan,0.6141648962070444,0.6141648962070444,0.0,0.0,0.0,nan,0,1,1.0,0.0,-0.001241520909392806,0.002809003503760061,nan,-0.001241520909392806,0.002809003503760061,nan,0.7040557233305382,0.7040557233305382,0.0,0.0,0.0,nan,0,1,1.0,0.0,0.00031015159022646475,0.0040977824465589854,nan,0.00031015159022646475,0.0040977824465589854,nan,0.6141648962070444,0.6141648962070444,0.0,0.0,0.0,nan,0
1194,1.1569999999999834,0.45,,scientific,0,1,0.21419354838709678,1.0,0.0,0.000310910311153927,0.004097921477546264,nan,0.000310910311153927,0.004097921477546264,nan,0.6140138977919662,0.6140138977919662,0.0,0.0,0.0,nan,0,1,1.0,0.0,-0.001241520909392806,0.002809003503760061,nan,-0.001241520909392806,0.002809003503760061,nan,0.7040557233305382,0.7040557233305382,0.0,0.0,0.0,nan,0,1,1.0,0.0,0.000310910311153927,0.004097921477546264,nan,0.000310910311153927,0.004097921477546264,nan,0.6140138977919662,0.6140138977919662,0.0,0.0,0.0,nan,0
1195,1.1579999999999833,0.45,,scientific,0,1,0.21419354838709678,1.0,0.0,0.00031155951421560146,0.00409810864217589,nan,0.00031155951421560146,0.00409810864217589,nan,0.6138628579991445,0.6138628579991445,0.0,0.0,0.0,nan,0,1,1.0,0.0,-0.001241520909392806,0.002809003503760061,nan,-0.001241520909392806,0.002809003503760061,nan,0.7040557233305382,0.7040557233305382,0.0,0.0,0.0,nan,0,1,1.0,0.0,0.00031155951421560146,0.00409810864217589,nan,0.00031155951421560146,0.00409810864217589,nan,0.6138628579991445,0.6138628579991445,0.0,0.0,0.0,nan,0
1196,1.1589999999999832,0.45,,scientific,0,1,0.21419354838709678,1.0,0.0,0.00031209861036660905,0.004098344383155893,nan,0.00031209861036660905,0.004098344383155893,nan,0.6137117772613395,0.6137117772613395,0.0,0.0,0.0,nan,0,1,1.0,0.0,-0.001241520909392806,0.002809003503760061,nan,-0.001241520909392806,0.002809003503760061,nan,0.7040557233305382,0.7040557233305382,0.0,0.0,0.0,nan,0,1,1.0,0.0,0.00031209861036660905,0.004098344383155893,nan,0.00031209861036660905,0.004098344383155893,nan,0.6137117772613395,0.6137117772613395,0.0,0.0,0.0,nan,0
1197,1.159999999999983,0.45,,scientific,0,1,0.21419354838709678,1.0,0.0,0.000312527014502197,0.00409862914459014,nan,0.000312527014502197,0.00409862914459014,nan,0.6135606560134291,0.6135606560134291,0.0,0.0,0.0,nan,0,1,1.0,0.0,-0.001241520909392806,0.002809003503760061,nan,-0.001241520909392806,0.002809003503760061,nan,0.7040557233305382,0.7040557233305382,0.0,0.0,0.0,nan,0,1,1.0,0.0,0.000312527014502197,0.00409862914459014,nan,0.000312527014502197,0.00409862914459014,nan,0.6135606560134291,0.6135606560134291,0.0,0.0,0.0,nan,0
1198,1.160999999999983,0.45,,scientific,0,1,0.21483870967741936,1.0,0.0,0.000312844145514966,0.0040989633722393415,nan,0.000312844145514966,0.0040989633722393415,nan,0.6134094946928024,0.6134094946928024,0.0,0.0,0.0,nan,0,1,1.0,0.0,-0.001241520909392806,0.002809003503760061,nan,-0.001241520909392806,0.002809003503760061,nan,0.7040557233305382,0.7040557233305382,0.0,0.0,0.0,nan,0,1,1.0,0.0,0.000312844145514966,0.0040989633722393415,nan,0.000312844145514966,0.0040989633722393415,nan,0.6134094946928024,0.6134094946928024,0.0,0.0,0.0,nan,0
1199,1.1619999999999828,0.45,,scientific,0,1,0.21483870967741936,1.0,0.0,0.00031304942642092654,0.004099347513584644,nan,0.00031304942642092654,0.004099347513584644,nan,0.6132582937390134,0.6132582937390134,0.0,0.0,0.0,nan,0,1,1.0,0.0,-0.001241520909392806,0.002809003503760061,nan,-0.001241520909392806,0.002809003503760061,nan,0.7040557233305382,0.7040557233305382,0.0,0.0,0.0,nan,0,1,1.0,0.0,0.00031304942642092654,0.004099347513584644,nan,0.00031304942642092654,0.004099347513584644,nan,0.6132582937390134,0.6132582937390134,0.0,0.0,0.0,nan,0
1200,1.1629999999999827,0.45,,scientific,0,1,0.21483870967741936,1.0,0.0,0.00031314228496944196,0.00409978201751835,nan,0.00031314228496944196,0.00409978201751835,nan,0.6131070535935794,0.6131070535935794,0.0,0.0,0.0,nan,0,1,1.0,0.0,-0.001241520909392806,0.002809003503760061,nan,-0.001241520909392806,0.002809003503760061,nan,0.7040557233305382,0.7040557233305382,0.0,0.0,0.0,nan,0,1,1.0,0.0,0.00031314228496944196,0.00409978201751835,nan,0.00031314228496944196,0.00409978201751835,nan,0.6131070535935794,0.6131070535935794,0.0,0.0,0.0,nan,0
1201,1.1639999999999826,0.45,,scientific,0,1,0.21483870967741936,1.0,0.0,0.0003131221527444705,0.004100267334080553,nan,0.0003131221527444705,0.004100267334080553,nan,0.6129557746985037,0.6129557746985037,0.0,0.0,0.0,nan,0,1,1.0,0.0,-0.001241520909392806,0.002809003503760061,nan,-0.001241520909392806,0.002809003503760061,nan,0.7040557233305382,0.7040557233305382,0.0,0.0,0.0,nan,0,1,1.0,0.0,0.0003131221527444705,0.004100267334080553,nan,0.0003131221527444705,0.004100267334080553,nan,0.6129557746985037,0.6129557746985037,0.0,0.0,0.0,nan,0
1202,1.1649999999999825,0.45,,scientific,0,1,0.21483870967741936,1.0,0.0,0.000312988464449278,0.004100803915636175,nan,0.000312988464449278,0.004100803915636175,nan,0.6128044574938848,0.6128044574938848,0.0,0.0,0.0,nan,0,1,1.0,0.0,-0.001241520909392806,0.002809003503760061,nan,-0.001241520909392806,0.002809003503760061,nan,0.7040557233305382,0.7040557233305382,0.0,0.0,0.0,nan,0,1,1.0,0.0,0.000312988464449278,0.004100803915636175,nan,0.000312988464449278,0.004100803915636175,nan,0.6128044574938848,0.6128044574938848,0.0,0.0,0.0,nan,0
1203,1.1659999999999824,0.45,,scientific,0,1,0.21483870967741936,1.0,0.0,0.00031274065885057424,0.004101392216338953,nan,0.00031274065885057424,0.004101392216338953,nan,0.6126531024234847,0.6126531024234847,0.0,0.0,0.0,nan,0,1,1.0,0.0,-0.001241520909392806,0.002809003503760061,nan,-0.001241520909392806,0.002809003503760061,nan,0.7040557233305382,0.7040557233305382,0.0,0.0,0.0,nan,0,1,1.0,0.0,0.00031274065885057424,0.004101392216338953,nan,0.00031274065885057424,0.004101392216338953,nan,0.6126531024234847,0.6126531024234847,0.0,0.0,0.0,nan,0
1204,1.1669999999999823,0.45,,scientific,0,1,0.21483870967741936,1.0,0.0,0.0003123781796168729,0.004102032691244771,nan,0.0003123781796168729,0.004102032691244771,nan,0.6125017099330743,0.6125017099330743,0.0,0.0,0.0,nan,0,1,1.0,0.0,-0.001241520909392806,0.002809003503760061,nan,-0.001241520909392806,0.002809003503760061,nan,0.7040557233305382,0.7040557233305382,0.0,0.0,0.0,nan,0,1,1.0,0.0,0.0003123781796168729,0.004102032691244771,nan,0.0003123781796168729,0.004102032691244771,nan,0.6125017099330743,0.6125017099330743,0.0,0.0,0.0,nan,0
1205,1.1679999999999822,0.45,,scientific,0,1,0.21483870967741936,1.0,0.0,-0.001132089557641624,0.003612509655969397,nan,-0.001132089557641624,0.003612509655969397,nan,0.6144497430066816,0.6144497430066816,0.0,0.0,0.0,nan,0,1,1.0,0.0,-0.001930406890002826,0.0025781006173455807,nan,-0.001930406890002826,0.0025781006173455807,nan,0.7051322611338567,0.7051322611338567,0.0,0.0,0.0,nan,0,1,1.0,0.0,-0.001132089557641624,0.003612509655969397,nan,-0.001132089557641624,0.003612509655969397,nan,0.6144497430066816,0.6144497430066816,0.0,0.0,0.0,nan,0
1206,1.168999999999982,0.45,,scientific,0,1,0.21483870967741936,1.0,0.0,-0.0011332240069809312,0.0036130609588434018,nan,-0.0011332240069809312,0.0036130609588434018,nan,0.6142987651168692,0.6142987651168692,0.0,0.0,0.0,nan,0,1,1.0,0.0,-0.001930406890002826,0.0025781006173455807,nan,-0.001930406890002826,0.0025781006173455807,nan,0.7051322611338567,0.7051322611338567,0.0,0.0,0.0,nan,0,1,1.0,0.0,-0.0011332240069809312,0.0036130609588434018,nan,-0.0011332240069809312,0.0036130609588434018,nan,0.6142987651168692,0.6142987651168692,0.0,0.0,0.0,nan,0
1207,1.169999999999982,0.45,,scientific,0,1,0.21483870967741936,1.0,0.0,-0.0017564622524705038,0.0022759309230596138,nan,-0.0017564622524705038,0.0022759309230596138,nan,0.6161896214951313,0.6161896214951313,0.0,0.0,0.0,nan,0,1,1.0,0.0,-0.002235484999896225,0.0019194131890592299,nan,-0.002235484999896225,0.0019194131890592299,nan,0.7062087989371754,0.7062087989371754,0.0,0.0,0.0,nan,0,1,1.0,0.0,-0.0017564622524705038,0.0022759309230596138,nan,-0.0017564622524705038,0.0022759309230596138,nan,0.6161896214951313,0.6161896214951313,0.0,0.0,0.0,nan,0
1208,1.1709999999999818,0.45,,scientific,0,1,0.21483870967741936,1.0,0.0,-0.0017580539157682636,0.0022760918741040813,nan,-0.0017580539157682636,0.0022760918741040813,nan,0.6160390755242866,0.6160390755242866,0.0,0.0,0.0,nan,0,1,1.0,0.0,-0.002235484999896225,0.0019194131890592299,nan,-0.002235484999896225,0.0019194131890592299,nan,0.7062087989371754,0.7062087989371754,0.0,0.0,0.0,nan,0,1,1.0,0.0,-0.0017580539157682636,0.0022760918741040813,nan,-0.0017580539157682636,0.0022760918741040813,nan,0.6160390755242866,0.6160390755242866,0.0,0.0,0.0,nan,0
1209,1.1719999999999817,0.45,,scientific,0,1,0.21483870967741936,1.0,0.0,-0.001759760282048122,0.0022763092063997487,nan,-0.001759760282048122,0.0022763092063997487,nan,0.6158884888022766,0.6158884888022766,0.0,0.0,0.0,nan,0,1,1.0,0.0,-0.002235484999896225,0.0019194131890592299,nan,-0.002235484999896225,0.0019194131890592299,nan,0.7062087989371754,0.7062087989371754,0.0,0.0,0.0,nan,0,1,1.0,0.0,-0.001759760282048122,0.0022763092063997487,nan,-0.001759760282048122,0.0022763092063997487,nan,0.6158884888022766,0.6158884888022766,0.0,0.0,0.0,nan,0
1210,1.1729999999999816,0.45,,scientific,0,1,0.21483870967741936,1.0,0.0,-0.0017615818846036311,0.0022765833826076413,nan,-0.0017615818846036311,0.0022765833826076413,nan,0.6157378617936492,0.6157378617936492,0.0,0.0,0.0,nan,0,1,1.0,0.0,-0.002235484999896225,0.0019194131890592299,nan,-0.002235484999896225,0.0019194131890592299,nan,0.7062087989371754,0.7062087989371754,0.0,0.0,0.0,nan,0,1,1.0,0.0,-0.0017615818846036311,0.0022765833826076413,nan,-0.0017615818846036311,0.0022765833826076413,nan,0.6157378617936492,0.6157378617936492,0.0,0.0,0.0,nan,0
1211,1.1739999999999815,0.45,,scientific,0,1,0.21548387096774194,1.0,0.0,-0.0017635192519945694,0.0022769148667436327,nan,-0.0017635192519945694,0.0022769148667436327,nan,0.6155871949661131,0.6155871949661131,0.0,0.0,0.0,nan,0,1,1.0,0.0,-0.002235484999896225,0.0019194131890592299,nan,-0.002235484999896225,0.0019194131890592299,nan,0.7062087989371754,0.7062087989371754,0.0,0.0,0.0,nan,0,1,1.0,0.0,-0.0017635192519945694,0.0022769148667436327,nan,-0.0017635192519945694,0.0022769148667436327,nan,0.6155871949661131,0.6155871949661131,0.0,0.0,0.0,nan,0
1212,1.1749999999999814,0.45,,scientific,0,1,0.21548387096774194,1.0,0.0,-0.0017655729084897665,0.002277304123912285,nan,-0.0017655729084897665,0.002277304123912285,nan,0.6154364887909461,0.6154364887909461,0.0,0.0,0.0,nan,0,1,1.0,0.0,-0.002235484999896225,0.0019194131890592299,nan,-0.002235484999896225,0.0019194131890592299,nan,0.7062087989371754,0.7062087989371754,0.0,0.0,0.0,nan,0,1,1.0,0.0,-0.0017655729084897665,0.002277304123912285,nan,-0.0017655729084897665,0.002277304123912285,nan,0.6154364887909461,0.6154364887909461,0.0,0.0,0.0,nan,0
1213,1.1759999999999813,0.45,,scientific,0,1,0.21548387096774194,1.0,0.0,-0.0017677433738615695,0.0022777516193111217,nan,-0.0017677433738615695,0.0022777516193111217,nan,0.6152857437382947,0.6152857437382947,0.0,0.0,0.0,nan,0,1,1.0,0.0,-0.002235484999896225,0.0019194131890592299,nan,-0.002235484999896225,0.0019194131890592299,nan,0.7062087989371754,0.7062087989371754,0.0,0.0,0.0,nan,0,1,1.0,0.0,-0.0017677433738615695,0.0022777516193111217,nan,-0.0017677433738615695,0.0022777516193111217,nan,0.6152857437382947,0.6152857437382947,0.0,0.0,0.0,nan,0
1214,1.1769999999999812,0.45,,scientific,0,1,0.21548387096774194,1.0,0.0,-0.0017700311625593655,0.002278257819768888,nan,-0.0017700311625593655,0.002278257819768888,nan,0.6151349602808314,0.6151349602808314,0.0,0.0,0.0,nan,0,1,1.0,0.0,-0.002235484999896225,0.0019194131890592299,nan,-0.002235484999896225,0.0019194131890592299,nan,0.7062087989371754,0.7062087989371754,0.0,0.0,0.0,nan,0,1,1.0,0.0,-0.0017700311625593655,0.002278257819768888,nan,-0.0017700311625593655,0.002278257819768888,nan,0.6151349602808314,0.6151349602808314,0.0,0.0,0.0,nan,0
1215,1.177999999999981,0.45,,scientific,0,1,0.21548387096774194,1.0,0.0,-0.0014475636587904398,0.0008088793264615376,nan,-0.0014475636587904398,0.0008088793264615376,nan,0.6170841761620407,0.6170841761620407,0.0,0.0,0.0,nan,0,1,1.0,0.0,-0.0020782849064523027,0.001215992604752131,nan,-0.0020782849064523027,0.001215992604752131,nan,0.7072853367356486,0.7072853367356486,0.0,0.0,0.0,nan,0,1,1.0,0.0,-0.0014475636587904398,0.0008088793264615376,nan,-0.0014475636587904398,0.0008088793264615376,nan,0.6170841761620407,0.6170841761620407,0.0,0.0,0.0,nan,0
1216,1.178999999999981,0.45,,scientific,0,1,0.21548387096774194,1.0,0.0,-0.0014500092856462928,0.0008091789099845053,nan,-0.0014500092856462928,0.0008091789099845053,nan,0.6169335216715889,0.6169335216715889,0.0,0.0,0.0,nan,0,1,1.0,0.0,-0.0020782849064523027,0.001215992604752131,nan,-0.0020782849064523027,0.001215992604752131,nan,0.7072853367356486,0.7072853367356486,0.0,0.0,0.0,nan,0,1,1.0,0.0,-0.0014500092856462928,0.0008091789099845053,nan,-0.0014500092856462928,0.0008091789099845053,nan,0.6169335216715889,0.6169335216715889,0.0,0.0,0.0,nan,0
1217,1.1799999999999808,0.45,,scientific,0,1,0.2161290322580645,1.0,0.0,-0.0014525742917212052,0.0008095426213237838,nan,-0.0014525742917212052,0.0008095426213237838,nan,0.6167828244034768,0.6167828244034768,0.0,0.0,0.0,nan,0,1,1.0,0.0,-0.0020782849064523027,0.001215992604752131,nan,-0.0020782849064523027,0.001215992604752131,nan,0.7072853367356486,0.7072853367356486,0.0,0.0,0.0,nan,0,1,1.0,0.0,-0.0014525742917212052,0.0008095426213237838,nan,-0.0014525742917212052,0.0008095426213237838,nan,0.6167828244034768,0.6167828244034768,0.0,0.0,0.0,nan,0
1218,1.1809999999999807,0.45,,scientific,0,1,0.2161290322580645,1.0,0.0,-0.0004024195470798832,0.001888448205163076,nan,-0.0004024195470798832,0.001888448205163076,nan,0.6187376255605233,0.6187376255605233,0.0,0.0,0.0,nan,0,1,1.0,0.0,-0.0015738890108184407,0.001731752183802827,nan,-0.0015738890108184407,0.001731752183802827,nan,0.7083618745389673,0.7083618745389673,0.0,0.0,0.0,nan,0,1,1.0,0.0,-0.0004024195470798832,0.001888448205163076,nan,-0.0004024195470798832,0.001888448205163076,nan,0.6187376255605233,0.6187376255605233,0.0,0.0,0.0,nan,0
1219,1.1819999999999806,0.45,,scientific,0,1,0.2161290322580645,1.0,0.0,-0.0004049774516078867,0.0018891828363724863,nan,-0.0004049774516078867,0.0018891828363724863,nan,0.6185870816350553,0.6185870816350553,0.0,0.0,0.0,nan,0,1,1.0,0.0,-0.0015738890108184407,0.001731752183802827,nan,-0.0015738890108184407,0.001731752183802827,nan,0.7083618745389673,0.7083618745389673,0.0,0.0,0.0,nan,0,1,1.0,0.0,-0.0004049774516078867,0.0018891828363724863,nan,-0.0004049774516078867,0.0018891828363724863,nan,0.6185870816350553,0.6185870816350553,0.0,0.0,0.0,nan,0
1220,1.1829999999999805,0.45,,scientific,0,1,0.2161290322580645,1.0,0.0,-0.0015898041606798494,0.002430552180699748,nan,-0.0015898041606798494,0.002430552180699748,nan,0.6202455258872092,0.6202455258872092,0.0,0.0,0.0,nan,0,1,1.0,0.0,-0.0022294048364002858,0.0020327435145371985,nan,-0.0022294048364002858,0.0020327435145371985,nan,0.7094384123422859,0.7094384123422859,0.0,0.0,0.0,nan,0,1,1.0,0.0,-0.0015898041606798494,0.002430552180699748,nan,-0.0015898041606798494,0.002430552180699748,nan,0.6202455258872092,0.6202455258872092,0.0,0.0,0.0,nan,0
1221,1.1839999999999804,0.45,,scientific,0,1,0.2161290322580645,1.0,0.0,-0.0011575767467779914,0.0037862313894404314,nan,-0.0011575767467779914,0.0037862313894404314,nan,0.6220971047609658,0.6220971047609658,0.0,0.0,0.0,nan,0,1,1.0,0.0,-0.0020071519654228493,0.002717656550987364,nan,-0.0020071519654228493,0.002717656550987364,nan,0.7105149501456045,0.7105149501456045,0.0,0.0,0.0,nan,0,1,1.0,0.0,-0.0011575767467779914,0.0037862313894404314,nan,-0.0011575767467779914,0.0037862313894404314,nan,0.6220971047609658,0.6220971047609658,0.0,0.0,0.0,nan,0
1222,1.1849999999999803,0.45,,scientific,0,1,0.2161290322580645,1.0,0.0,-0.0011608266158990128,0.0037878512581348634,nan,-0.0011608266158990128,0.0037878512581348634,nan,0.6219473723097461,0.6219473723097461,0.0,0.0,0.0,nan,0,1,1.0,0.0,-0.0020071519654228493,0.002717656550987364,nan,-0.0020071519654228493,0.002717656550987364,nan,0.7105149501456045,0.7105149501456045,0.0,0.0,0.0,nan,0,1,1.0,0.0,-0.0011608266158990128,0.0037878512581348634,nan,-0.0011608266158990128,0.0037878512581348634,nan,0.6219473723097461,0.6219473723097461,0.0,0.0,0.0,nan,0
1223,1.1859999999999802,0.45,,scientific,0,1,0.2161290322580645,1.0,0.0,-0.0011642008818584838,0.0037895328040978274,nan,-0.0011642008818584838,0.0037895328040978274,nan,0.621797590042704,0.621797590042704,0.0,0.0,0.0,nan,0,1,1.0,0.0,-0.0020071519654228493,0.002717656550987364,nan,-0.0020071519654228493,0.002717656550987364,nan,0.7105149501456045,0.7105149501456045,0.0,0.0,0.0,nan,0,1,1.0,0.0,-0.0011642008818584838,0.0037895328040978274,nan,-0.0011642008818584838,0.0037895328040978274,nan,0.621797590042704,0.621797590042704,0.0,0.0,0.0,nan,0
1224,1.18699999999998,0.45,,scientific,0,1,0.2161290322580645,1.0,0.0,-0.0011677000195798187,0.0037912765220490022,nan,-0.0011677000195798187,0.0037912765220490022,nan,0.6216477584066826,0.6216477584066826,0.0,0.0,0.0,nan,0,1,1.0,0.0,-0.0020071519654228493,0.002717656550987364,nan,-0.0020071519654228493,0.002717656550987364,nan,0.7105149501456045,0.7105149501456045,0.0,0.0,0.0,nan,0,1,1.0,0.0,-0.0011677000195798187,0.0037912765220490022,nan,-0.0011677000195798187,0.0037912765220490022,nan,0.6216477584066826,0.6216477584066826,0.0,0.0,0.0,nan,0
1225,1.18799999999998,0.45,,scientific,0,1,0.2161290322580645,1.0,0.0,-0.0011713244989757041,0.003793082907502902,nan,-0.0011713244989757041,0.003793082907502902,nan,0.6214978778525811,0.6214978778525811,0.0,0.0,0.0,nan,0,1,1.0,0.0,-0.0020071519654228493,0.002717656550987364,nan,-0.0020071519654228493,0.002717656550987364,nan,0.7105149501456045,0.7105149501456045,0.0,0.0,0.0,nan,0,1,1.0,0.0,-0.0011713244989757041,0.003793082907502902,nan,-0.0011713244989757041,0.003793082907502902,nan,0.6214978778525811,0.6214978778525811,0.0,0.0,0.0,nan,0
1226,1.1889999999999799,0.45,,scientific,0,1,0.2161290322580645,1.0,0.0,-0.001175074785093405,0.0037949524570602454,nan,-0.001175074785093405,0.0037949524570602454,nan,0.6213479488337683,0.6213479488337683,0.0,0.0,0.0,nan,0,1,1.0,0.0,-0.0020071519654228493,0.002717656550987364,nan,-0.0020071519654228493,0.002717656550987364,nan,0.7105149501456045,0.7105149501456045,0.0,0.0,0.0,nan,0,1,1.0,0.0,-0.001175074785093405,0.0037949524570602454,nan,-0.001175074785093405,0.0037949524570602454,nan,0.6213479488337683,0.6213479488337683,0.0,0.0,0.0,nan,0
1227,1.1899999999999797,0.45,,scientific,0,1,0.2161290322580645,1.0,0.0,-0.0011789513383300939,0.0037968856682322966,nan,-0.0011789513383300939,0.0037968856682322966,nan,0.6211979718058445,0.6211979718058445,0.0,0.0,0.0,nan,0,1,1.0,0.0,-0.0020071519654228493,0.002717656550987364,nan,-0.0020071519654228493,0.002717656550987364,nan,0.7105149501456045,0.7105149501456045,0.0,0.0,0.0,nan,0,1,1.0,0.0,-0.0011789513383300939,0.0037968856682322966,nan,-0.0011789513383300939,0.0037968856682322966,nan,0.6211979718058445,0.6211979718058445,0.0,0.0,0.0,nan,0
1228,1.1909999999999796,0.45,,scientific,0,1,0.2161290322580645,1.0,0.0,-0.0011829546141102665,0.003798883039270351,nan,-0.0011829546141102665,0.003798883039270351,nan,0.621047947228538,0.621047947228538,0.0,0.0,0.0,nan,0,1,1.0,0.0,-0.0020071519654228493,0.002717656550987364,nan,-0.0020071519654228493,0.002717656550987364,nan,0.7105149501456045,0.7105149501456045,0.0,0.0,0.0,nan,0,1,1.0,0.0,-0.0011829546141102665,0.003798883039270351,nan,-0.0011829546141102665,0.003798883039270351,nan,0.621047947228538,0.621047947228538,0.0,0.0,0.0,nan,0
1229,1.1919999999999795,0.45,,scientific,0,1,0.2161290322580645,1.0,0.0,-0.0011870850627955555,0.003800945069037507,nan,-0.0011870850627955555,0.003800945069037507,nan,0.6208978755652195,0.6208978755652195,0.0,0.0,0.0,nan,0,1,1.0,0.0,-0.0020071519654228493,0.002717656550987364,nan,-0.0020071519654228493,0.002717656550987364,nan,0.7105149501456045,0.7105149501456045,0.0,0.0,0.0,nan,0,1,1.0,0.0,-0.0011870850627955555,0.003800945069037507,nan,-0.0011870850627955555,0.003800945069037507,nan,0.6208978755652195,0.6208978755652195,0.0,0.0,0.0,nan,0
1230,1.1929999999999794,0.45,,scientific,0,1,0.2161290322580645,1.0,0.0,-0.001191343129891943,0.003803072256753677,nan,-0.001191343129891943,0.003803072256753677,nan,0.6207477572835705,0.6207477572835705,0.0,0.0,0.0,nan,0,1,1.0,0.0,-0.0020071519654228493,0.002717656550987364,nan,-0.0020071519654228493,0.002717656550987364,nan,0.7105149501456045,0.7105149501456045,0.0,0.0,0.0,nan,0,1,1.0,0.0,-0.001191343129891943,0.003803072256753677,nan,-0.001191343129891943,0.003803072256753677,nan,0.6207477572835705,0.6207477572835705,0.0,0.0,0.0,nan,0
1231,1.1939999999999793,0.45,,scientific,0,1,0.2161290322580645,1.0,0.0,-0.0006862778566572609,0.002508521059463696,nan,-0.0006862778566572609,0.002508521059463696,nan,0.6225505554968143,0.6225505554968143,0.0,0.0,0.0,nan,0,1,1.0,0.0,-0.0017404871747177374,0.002049049584698771,nan,-0.0017404871747177374,0.002049049584698771,nan,0.7115914879489231,0.7115914879489231,0.0,0.0,0.0,nan,0,1,1.0,0.0,-0.0006862778566572609,0.002508521059463696,nan,-0.0006862778566572609,0.002508521059463696,nan,0.6225505554968143,0.6225505554968143,0.0,0.0,0.0,nan,0
1232,1.1949999999999792,0.45,,scientific,0,1,0.2161290322580645,1.0,0.0,-0.000690612905601685,0.0025103226903952424,nan,-0.000690612905601685,0.0025103226903952424,nan,0.6224008008839874,0.6224008008839874,0.0,0.0,0.0,nan,0,1,1.0,0.0,-0.0017404871747177374,0.002049049584698771,nan,-0.0017404871747177374,0.002049049584698771,nan,0.7115914879489231,0.7115914879489231,0.0,0.0,0.0,nan,0,1,1.0,0.0,-0.000690612905601685,0.0025103226903952424,nan,-0.000690612905601685,0.0025103226903952424,nan,0.6224008008839874,0.6224008008839874,0.0,0.0,0.0,nan,0
1233,1.195999999999979,0.45,,scientific,0,1,0.2161290322580645,1.0,0.0,-0.0006950775646029117,0.00251219346337785,nan,-0.0006950775646029117,0.00251219346337785,nan,0.6222509971988317,0.6222509971988317,0.0,0.0,0.0,nan,0,1,1.0,0.0,-0.0017404871747177374,0.002049049584698771,nan,-0.0017404871747177374,0.002049049584698771,nan,0.7115914879489231,0.7115914879489231,0.0,0.0,0.0,nan,0,1,1.0,0.0,-0.0006950775646029117,0.00251219346337785,nan,-0.0006950775646029117,0.00251219346337785,nan,0.6222509971988317,0.6222509971988317,0.0,0.0,0.0,nan,0
1234,1.196999999999979,0.45,,scientific,0,1,0.2161290322580645,1.0,0.0,-0.0012437566534787919,0.0011347344113715578,nan,-0.0012437566534787919,0.0011347344113715578,nan,0.6241817339838985,0.6241817339838985,0.0,0.0,0.0,nan,0,1,1.0,0.0,-0.002003640984036522,0.0013788282347939323,nan,-0.002003640984036522,0.0013788282347939323,nan,0.7126680257522418,0.7126680257522418,0.0,0.0,0.0,nan,0,1,1.0,0.0,-0.0012437566534787919,0.0011347344113715578,nan,-0.0012437566534787919,0.0011347344113715578,nan,0.6241817339838985,0.6241817339838985,0.0,0.0,0.0,nan,0
1235,1.1979999999999789,0.45,,scientific,0,1,0.2161290322580645,1.0,0.0,-0.0012486430291427982,0.0011362788148905625,nan,-0.0012486430291427982,0.0011362788148905625,nan,0.6240322821665717,0.6240322821665717,0.0,0.0,0.0,nan,0,1,1.0,0.0,-0.002003640984036522,0.0013788282347939323,nan,-0.002003640984036522,0.0013788282347939323,nan,0.7126680257522418,0.7126680257522418,0.0,0.0,0.0,nan,0,1,1.0,0.0,-0.0012486430291427982,0.0011362788148905625,nan,-0.0012486430291427982,0.0011362788148905625,nan,0.6240322821665717,0.6240322821665717,0.0,0.0,0.0,nan,0
1236,1.1989999999999787,0.45,,scientific,0,1,0.2161290322580645,1.0,0.0,-0.0012536587905366903,0.0011378961302011565,nan,-0.0012536587905366903,0.0011378961302011565,nan,0.623882778607223,0.623882778607223,0.0,0.0,0.0,nan,0,1,1.0,0.0,-0.002003640984036522,0.0013788282347939323,nan,-0.002003640984036522,0.0013788282347939323,nan,0.7126680257522418,0.7126680257522418,0.0,0.0,0.0,nan,0,1,1.0,0.0,-0.0012536587905366903,0.0011378961302011565,nan,-0.0012536587905366903,0.0011378961302011565,nan,0.623882778607223,0.623882778607223,0.0,0.0,0.0,nan,0
1237,1.1999999999999786,0.45,,scientific,0,1,0.2161290322580645,1.0,0.0,-0.0012588043510067275,0.0011395868906602612,nan,-0.0012588043510067275,0.0011395868906602612,nan,0.6237332237483602,0.6237332237483602,0.0,0.0,0.0,nan,0,1,1.0,0.0,-0.002003640984036522,0.0013788282347939323,nan,-0.002003640984036522,0.0013788282347939323,nan,0.7126680257522418,0.7126680257522418,0.0,0.0,0.0,nan,0,1,1.0,0.0,-0.0012588043510067275,0.0011395868906602612,nan,-0.0012588043510067275,0.0011395868906602612,nan,0.6237332237483602,0.6237332237483602,0.0,0.0,0.0,nan,0
