step,time,threshold,roi_max_r,analysis_mode,mesh_index,n_components,lumen_node_fraction,largest_component_fraction,second_component_fraction,centroid_x,centroid_y,centroid_z,largest_centroid_x,largest_centroid_y,largest_centroid_z,total_component_volume,largest_component_volume,second_component_volume,min_pairwise_centroid_distance,mean_pairwise_centroid_distance,min_gap,edge_components,ref_n_components,ref_largest_component_fraction,ref_second_component_fraction,ref_centroid_x,ref_centroid_y,ref_centroid_z,ref_largest_centroid_x,ref_largest_centroid_y,ref_largest_centroid_z,ref_total_component_volume,ref_largest_component_volume,ref_second_component_volume,ref_min_pairwise_centroid_distance,ref_mean_pairwise_centroid_distance,ref_min_gap,ref_edge_components,def_n_components,def_largest_component_fraction,def_second_component_fraction,def_centroid_x,def_centroid_y,def_centroid_z,def_largest_centroid_x,def_largest_centroid_y,def_largest_centroid_z,def_total_component_volume,def_largest_component_volume,def_second_component_volume,def_min_pairwise_centroid_distance,def_mean_pairwise_centroid_distance,def_min_gap,def_edge_components
0,0.0,0.45,,scientific,0,8,0.012903225806451613,0.19999999975690147,0.16666666671731215,-0.010570717518681955,-0.023665861241827336,nan,-0.0008450171323492692,-0.44043451600558076,nan,0.03229613408974467,0.006459226810097791,0.005382689016593098,0.30314463658315305,0.5527933133865146,0.23456885413140563,0,8,0.19999999975690147,0.16666666671731215,-0.010570717518681955,-0.023665861241827336,nan,-0.0008450171323492692,-0.44043451600558076,nan,0.03229613408974467,0.006459226810097791,0.005382689016593098,0.30314463658315305,0.5527933133865146,0.23456885413140563,0,8,0.19999999975690147,0.16666666671731215,-0.010570717518681955,-0.023665861241827336,nan,-0.0008450171323492692,-0.44043451600558076,nan,0.03229613408974467,0.006459226810097791,0.005382689016593098,0.30314463658315305,0.5527933133865146,0.23456885413140563,0
1,0.001,0.45,,scientific,0,0,0.0012903225806451613,0.0,0.0,nan,nan,nan,nan,nan,nan,0.0,0.0,0.0,0.0,0.0,nan,0,0,0.0,0.0,nan,nan,nan,nan,nan,nan,0.0,0.0,0.0,0.0,0.0,nan,0,0,0.0,0.0,nan,nan,nan,nan,nan,nan,0.0,0.0,0.0,0.0,0.0,nan,0
2,0.002,0.45,,scientific,0,4,0.00967741935483871,0.2611161693944332,0.2609446849180116,-0.00026531995040703733,-0.016982139243264794,nan,0.3887096550002435,0.00024192596223759807,nan,0.022523813383967275,0.005881331870976601,0.005877469386631433,0.5451901460280661,0.6321781334756431,0.4586691359899902,0,4,0.26086956525847715,0.2608695652584767,-0.0005607542312253235,-0.017555998613731628,nan,-0.41561531100254717,-0.000626870678294497,nan,0.02476036947242859,0.006459226819911716,0.006459226819911705,0.5638110217814194,0.6539025164680267,0.4731239608904469,0,4,0.2611161693944332,0.2609446849180116,-0.00026531995040703733,-0.016982139243264794,nan,0.3887096550002435,0.00024192596223759807,nan,0.022523813383967275,0.005881331870976601,0.005877469386631433,0.5451901460280661,0.6321781334756431,0.4586691359899902,0
3,0.0025,0.45,,scientific,0,4,0.025806451612903226,0.2741325024493253,0.24656748056244063,-0.0015149602490432713,-0.013137189634115252,nan,-0.005217246127552749,-0.36289466229089995,nan,0.07180983887194986,0.019685410830450452,0.01770597105025149,0.5177585707392034,0.5924202243933524,0.3636364580702222,0,4,0.27397260267227064,0.24657534248866278,-0.0016385915995603012,-0.013503784509325436,nan,-0.005435073977290165,-0.3750921487051171,nan,0.07858725963495755,0.0215307560590708,0.019377680459735123,0.5351313595763744,0.6123168416760296,0.3739665744609425,0,4,0.2741325024493253,0.24656748056244063,-0.0015149602490432713,-0.013137189634115252,nan,-0.005217246127552749,-0.36289466229089995,nan,0.07180983887194986,0.019685410830450452,0.01770597105025149,0.5177585707392034,0.5924202243933524,0.3636364580702222,0
4,0.003,0.45,,scientific,0,4,0.04258064516129032,0.2631832512455386,0.24564822269597336,0.0019568954228191132,0.008834486101607423,nan,0.0015183047133008577,0.36092050296925565,nan,0.11232787935266979,0.029562816493552243,0.027593143922191057,0.5021523107224153,0.5748373169639555,0.31143233630704154,0,4,0.26315789476342394,0.245614035112529,0.0020035312692069517,0.009073319336865329,nan,0.001534150514011098,0.37289600695603786,nan,0.12272530956592594,0.03229613409955856,0.030143058492921322,0.5188157948279085,0.5939109003928155,0.31947135732602944,0,4,0.2631832512455386,0.24564822269597336,0.0019568954228191132,0.008834486101607423,nan,0.0015183047133008577,0.36092050296925565,nan,0.11232787935266979,0.029562816493552243,0.027593143922191057,0.5021523107224153,0.5748373169639555,0.31143233630704154,0
5,0.0035,0.45,,scientific,0,4,0.05032258064516129,0.25507740403383394,0.25502078768073533,-0.0019897199976907196,0.0012840577907583827,nan,0.00265417332392958,-0.34397371386293313,nan,0.14719478128446586,0.037546062697369514,0.03753772906565805,0.48533324836185354,0.5579114329313222,0.2696305710553831,0,4,0.255033557069363,0.25503355698159724,-0.0020377125591675618,0.001334174313700853,nan,-0.003296954454683492,0.3606243107443654,nan,0.16040413268039616,0.04090843652610749,0.040908436512029495,0.5012551086654132,0.5762476364052852,0.2760745467319058,0,4,0.25507740403383394,0.25502078768073533,-0.0019897199976907196,0.0012840577907583827,nan,0.00265417332392958,-0.34397371386293313,nan,0.14719478128446586,0.037546062697369514,0.03753772906565805,0.48533324836185354,0.5579114329313222,0.2696305710553831,0
6,0.00375,0.45,,scientific,0,4,0.05806451612903226,0.2604615659855213,0.2544397785707804,0.0016183614142602737,-0.0008469114021170689,nan,0.0030485120896227894,-0.3399032525636144,nan,0.16722006664931272,0.043554400423683234,0.04254743673084226,0.4776155160236346,0.5470999823367778,0.24722410260153,0,4,0.26035502952818473,0.2544378698423042,0.0016239813545707612,-0.0008647404151370015,nan,0.003112478525926207,-0.3510747953693537,nan,0.1819348887466749,0.047367663331847554,0.04629112554270057,0.4932788033993789,0.5650489405415596,0.25294162582614105,0,4,0.2604615659855213,0.2544397785707804,0.0016183614142602737,-0.0008469114021170689,nan,0.0030485120896227894,-0.3399032525636144,nan,0.16722006664931272,0.043554400423683234,0.04254743673084226,0.4776155160236346,0.5470999823367778,0.24722410260153,0
7,0.004,0.45,,scientific,0,4,0.06516129032258064,0.2555522898972485,0.2554677294922562,0.00375607922553081,0.0022162416239514095,nan,0.33401959905670925,-0.0008479263798623682,nan,0.1823593797462564,0.04660235707839774,0.04658693669539226,0.473055978072898,0.5396493052527088,0.23175208910939737,0,4,0.2554347826269741,0.2554347826269737,0.003791690998912702,0.002232199986944355,nan,0.34489834329120284,-0.00089607725974835,nan,0.19808295579645147,0.050597276755975105,0.05059727675597503,0.48862396993252427,0.5573266898614418,0.23706513389286937,0,4,0.2555522898972485,0.2554677294922562,0.00375607922553081,0.0022162416239514095,nan,0.33401959905670925,-0.0008479263798623682,nan,0.1823593797462564,0.04660235707839774,0.04658693669539226,0.473055978072898,0.5396493052527088,0.23175208910939737,0
8,0.00425,0.45,,scientific,0,4,0.0696774193548387,0.25781202906533174,0.25265084746508937,-0.0027419242223362503,0.004414572191449174,nan,-0.003733121275605814,0.33280943994057305,nan,0.19257129516065807,0.049647196345108155,0.04865330091979013,0.46610253635332677,0.5347336542536687,0.21693708698501712,0,4,0.25773195878038374,0.25257731960477664,-0.0028159263704642685,0.004469691377163916,nan,-0.0038657112595584693,0.34370365253572166,nan,0.20884833382963336,0.05382689016593088,0.052750352362612385,0.48148481239360913,0.5522525122054253,0.22189762667050378,0,4,0.25781202906533174,0.25265084746508937,-0.0027419242223362503,0.004414572191449174,nan,-0.003733121275605814,0.33280943994057305,nan,0.19257129516065807,0.049647196345108155,0.04865330091979013,0.46610253635332677,0.5347336542536687,0.21693708698501712,0
9,0.0045000000000000005,0.45,,scientific,0,4,0.07290322580645162,0.260812301272264,0.2464038414734519,-0.0038691296489955017,0.004605058440523676,nan,-0.006591995197600352,0.3281300279982776,nan,0.209932237137378,0.054752909879034195,0.0517281096797656,0.45702040256008175,0.525174849052526,0.1968744226447169,0,4,0.2606635071252744,0.24644549764571466,-0.003981398174670884,0.004668050231239699,nan,-0.0068012214490984525,0.33886940277217087,nan,0.2271494764860504,0.05920957918252396,0.05597996577256825,0.472137820618406,0.5423991813374903,0.20143169963920995,0,4,0.260812301272264,0.2464038414734519,-0.0038691296489955017,0.004605058440523676,nan,-0.006591995197600352,0.3281300279982776,nan,0.209932237137378,0.054752909879034195,0.0517281096797656,0.45702040256008175,0.525174849052526,0.1968744226447169,0
10,0.004750000000000001,0.45,,scientific,0,4,0.07870967741935483,0.25339286252251536,0.25336499578673133,-0.00021906779442014925,0.0021858933086636757,nan,-0.0005439008432122036,0.3227697734309457,nan,0.22435150628928638,0.05684907038988038,0.05684281844573187,0.45143839322610135,0.5153435900631574,0.183608901897805,0,4,0.25333333334478547,0.25333333329957847,-0.00025755764198343804,0.002208440520291083,nan,-0.0006394455242090853,0.3333540066331411,nan,0.24222100573573913,0.06136265478916119,0.06136265477821111,0.46634377458882886,0.5322887951166689,0.18805885384040683,0,4,0.25339286252251536,0.25336499578673133,-0.00021906779442014925,0.0021858933086636757,nan,-0.0005439008432122036,0.3227697734309457,nan,0.22435150628928638,0.05684907038988038,0.05684281844573187,0.45143839322610135,0.5153435900631574,0.183608901897805,0
11,0.005000000000000001,0.45,,scientific,0,3,0.08645161290322581,0.4938754922332553,0.25715184532046154,-0.003814045034574588,-0.0024230793797178686,nan,0.15106665842828967,0.157301667180029,nan,0.24897515457764074,0.12296272702088315,0.06402442043858747,0.43647117180652867,0.4726359659946118,0.14985812493538014,0,3,0.49397590363463667,0.2570281124194484,-0.003910852961651087,-0.0024732379306998038,nan,0.1560803744521453,0.16244934231870797,nan,0.26805791301538595,0.1324141498081901,0.06889841940144134,0.4509904548096628,0.4882812123637959,0.15324743866804086,0,3,0.4938754922332553,0.25715184532046154,-0.003814045034574588,-0.0024230793797178686,nan,0.15106665842828967,0.157301667180029,nan,0.24897515457764074,0.12296272702088315,0.06402442043858747,0.43647117180652867,0.4726359659946118,0.14985812493538014,0
12,0.005125000000000001,0.45,,scientific,0,1,0.08709677419354839,1.0,0.0,-0.0072231587663625025,-0.0022671054400523714,nan,-0.0072231587663625025,-0.0022671054400523714,nan,0.2603040276695773,0.2603040276695773,0.0,0.0,0.0,nan,0,1,1.0,0.0,-0.0073771730711812925,-0.002315036007485536,nan,-0.0073771730711812925,-0.002315036007485536,nan,0.2798998288518865,0.2798998288518865,0.0,0.0,0.0,nan,0,1,1.0,0.0,-0.0072231587663625025,-0.0022671054400523714,nan,-0.0072231587663625025,-0.0022671054400523714,nan,0.2603040276695773,0.2603040276695773,0.0,0.0,0.0,nan,0
13,0.005187500000000001,0.45,,scientific,0,1,0.08838709677419355,1.0,0.0,-0.003986491432955741,0.0029708880524651686,nan,-0.003986491432955741,0.0029708880524651686,nan,0.26242837684014797,0.26242837684014797,0.0,0.0,0.0,nan,0,1,1.0,0.0,-0.004090231204427368,0.0030138041235640853,nan,-0.004090231204427368,0.0030138041235640853,nan,0.28205290446071996,0.28205290446071996,0.0,0.0,0.0,nan,0,1,1.0,0.0,-0.003986491432955741,0.0029708880524651686,nan,-0.003986491432955741,0.0029708880524651686,nan,0.26242837684014797,0.26242837684014797,0.0,0.0,0.0,nan,0
14,0.005250000000000001,0.45,,scientific,0,1,0.09161290322580645,1.0,0.0,-0.0035340697938703873,0.001802565141308067,nan,-0.0035340697938703873,0.001802565141308067,nan,0.2696201710376148,0.2696201710376148,0.0,0.0,0.0,nan,0,1,1.0,0.0,-0.0036282336514312707,0.0018225821968815398,nan,-0.0036282336514312707,0.0018225821968815398,nan,0.28958866908394415,0.28958866908394415,0.0,0.0,0.0,nan,0,1,1.0,0.0,-0.0035340697938703873,0.001802565141308067,nan,-0.0035340697938703873,0.001802565141308067,nan,0.2696201710376148,0.2696201710376148,0.0,0.0,0.0,nan,0
15,0.005312500000000001,0.45,,scientific,0,1,0.09290322580645162,1.0,0.0,-0.0012947785825831552,0.002032146739855769,nan,-0.0012947785825831552,0.002032146739855769,nan,0.27377977236228956,0.27377977236228956,0.0,0.0,0.0,nan,0,1,1.0,0.0,-0.00134520153495498,0.0020540365254787933,nan,-0.00134520153495498,0.0020540365254787933,nan,0.2938948202972186,0.2938948202972186,0.0,0.0,0.0,nan,0,1,1.0,0.0,-0.0012947785825831552,0.002032146739855769,nan,-0.0012947785825831552,0.002032146739855769,nan,0.27377977236228956,0.27377977236228956,0.0,0.0,0.0,nan,0
16,0.005375000000000001,0.45,,scientific,0,1,0.0935483870967742,1.0,0.0,0.00016212112392039664,-0.0017959688889916281,nan,0.00016212112392039664,-0.0017959688889916281,nan,0.2799994445644399,0.2799994445644399,0.0,0.0,0.0,nan,0,1,1.0,0.0,0.00013666090850921047,-0.0018399308402352757,nan,0.00013666090850921047,-0.0018399308402352757,nan,0.30035404711696334,0.30035404711696334,0.0,0.0,0.0,nan,0,1,1.0,0.0,0.00016212112392039664,-0.0017959688889916281,nan,0.00016212112392039664,-0.0017959688889916281,nan,0.2799994445644399,0.2799994445644399,0.0,0.0,0.0,nan,0
17,0.005437500000000001,0.45,,scientific,0,1,0.09419354838709677,1.0,0.0,0.0018902464608911774,-0.0018298272163541486,nan,0.0018902464608911774,-0.0018298272163541486,nan,0.2821348614875114,0.2821348614875114,0.0,0.0,0.0,nan,0,1,1.0,0.0,0.0019021736943862113,-0.0018717689218840374,nan,0.0019021736943862113,-0.0018717689218840374,nan,0.3025071227236006,0.3025071227236006,0.0,0.0,0.0,nan,0,1,1.0,0.0,0.0018902464608911774,-0.0018298272163541486,nan,0.0018902464608911774,-0.0018298272163541486,nan,0.2821348614875114,0.2821348614875114,0.0,0.0,0.0,nan,0
18,0.005500000000000001,0.45,,scientific,0,1,0.09548387096774194,1.0,0.0,0.001127679876314359,-0.0021414847422329695,nan,0.001127679876314359,-0.0021414847422329695,nan,0.2853072751311046,0.2853072751311046,0.0,0.0,0.0,nan,0,1,1.0,0.0,0.0011352983116334925,-0.0021943864774822954,nan,0.0011352983116334925,-0.0021943864774822954,nan,0.3057367361335564,0.3057367361335564,0.0,0.0,0.0,nan,0,1,1.0,0.0,0.001127679876314359,-0.0021414847422329695,nan,0.001127679876314359,-0.0021414847422329695,nan,0.2853072751311046,0.2853072751311046,0.0,0.0,0.0,nan,0
19,0.0055625000000000015,0.45,,scientific,0,1,0.09548387096774194,1.0,0.0,0.0002213085300278284,-0.002011632333247291,nan,0.0002213085300278284,-0.002011632333247291,nan,0.28746392948760513,0.28746392948760513,0.0,0.0,0.0,nan,0,1,1.0,0.0,0.00022239137652039093,-0.002055026575550978,nan,0.00022239137652039093,-0.002055026575550978,nan,0.30788981174019364,0.30788981174019364,0.0,0.0,0.0,nan,0,1,1.0,0.0,0.0002213085300278284,-0.002011632333247291,nan,0.0002213085300278284,-0.002011632333247291,nan,0.28746392948760513,0.28746392948760513,0.0,0.0,0.0,nan,0
20,0.0056250000000000015,0.45,,scientific,0,1,0.09548387096774194,1.0,0.0,0.0004328830444815666,-0.0009847528925026388,nan,0.0004328830444815666,-0.0009847528925026388,nan,0.2916433324969029,0.2916433324969029,0.0,0.0,0.0,nan,0,1,1.0,0.0,0.00043635181466775635,-0.0010051176005529928,nan,0.00043635181466775635,-0.0010051176005529928,nan,0.31219596295346813,0.31219596295346813,0.0,0.0,0.0,nan,0,1,1.0,0.0,0.0004328830444815666,-0.0009847528925026388,nan,0.0004328830444815666,-0.0009847528925026388,nan,0.2916433324969029,0.2916433324969029,0.0,0.0,0.0,nan,0
21,0.005687500000000002,0.45,,scientific,0,1,0.09548387096774194,1.0,0.0,0.0021405205494151925,-0.0014084206089773274,nan,0.0021405205494151925,-0.0014084206089773274,nan,0.2938193311479067,0.2938193311479067,0.0,0.0,0.0,nan,0,1,1.0,0.0,0.0021684173749858854,-0.0014342568036823373,nan,0.0021684173749858854,-0.0014342568036823373,nan,0.3143490385601056,0.3143490385601056,0.0,0.0,0.0,nan,0,1,1.0,0.0,0.0021405205494151925,-0.0014084206089773274,nan,0.0021405205494151925,-0.0014084206089773274,nan,0.2938193311479067,0.2938193311479067,0.0,0.0,0.0,nan,0
22,0.005750000000000002,0.45,,scientific,0,1,0.09612903225806452,1.0,0.0,0.0008459817561593595,-0.0012693353650588667,nan,0.0008459817561593595,-0.0012693353650588667,nan,0.29598003850579896,0.29598003850579896,0.0,0.0,0.0,nan,0,1,1.0,0.0,0.0008466568462265582,-0.001292850098877086,nan,0.0008466568462265582,-0.001292850098877086,nan,0.31650211416674284,0.31650211416674284,0.0,0.0,0.0,nan,0,1,1.0,0.0,0.0008459817561593595,-0.0012693353650588667,nan,0.0008459817561593595,-0.0012693353650588667,nan,0.29598003850579896,0.29598003850579896,0.0,0.0,0.0,nan,0
23,0.005812500000000002,0.45,,scientific,0,1,0.09806451612903226,1.0,0.0,0.00026018437174739356,-0.0018186344323831672,nan,0.00026018437174739356,-0.0018186344323831672,nan,0.2971288485519116,0.2971288485519116,0.0,0.0,0.0,nan,0,1,1.0,0.0,0.0002489781708601902,-0.0018546465935254622,nan,0.0002489781708601902,-0.0018546465935254622,nan,0.31757865197006147,0.31757865197006147,0.0,0.0,0.0,nan,0,1,1.0,0.0,0.00026018437174739356,-0.0018186344323831672,nan,0.00026018437174739356,-0.0018186344323831672,nan,0.2971288485519116,0.2971288485519116,0.0,0.0,0.0,nan,0
24,0.005875000000000002,0.45,,scientific,0,1,0.1,1.0,0.0,0.00036073029858476246,0.0010923410992048673,nan,0.00036073029858476246,0.0010923410992048673,nan,0.3033691355159524,0.3033691355159524,0.0,0.0,0.0,nan,0,1,1.0,0.0,0.0003431627541249835,0.0011278175444581432,nan,0.0003431627541249835,0.0011278175444581432,nan,0.32403787878997325,0.32403787878997325,0.0,0.0,0.0,nan,0,1,1.0,0.0,0.00036073029858476246,0.0010923410992048673,nan,0.00036073029858476246,0.0010923410992048673,nan,0.3033691355159524,0.3033691355159524,0.0,0.0,0.0,nan,0
25,0.005937500000000002,0.45,,scientific,0,1,0.1,1.0,0.0,0.0005473240499057656,-0.00017983809412420632,nan,0.0005473240499057656,-0.00017983809412420632,nan,0.30856105764221575,0.30856105764221575,0.0,0.0,0.0,nan,0,1,1.0,0.0,0.0005305292474971233,-0.00016552116604105017,nan,0.0005305292474971233,-0.00016552116604105017,nan,0.3294205678065659,0.3294205678065659,0.0,0.0,0.0,nan,0,1,1.0,0.0,0.0005473240499057656,-0.00017983809412420632,nan,0.0005473240499057656,-0.00017983809412420632,nan,0.30856105764221575,0.30856105764221575,0.0,0.0,0.0,nan,0
26,0.006000000000000002,0.45,,scientific,0,1,0.1,1.0,0.0,0.00022396778646358443,-0.002302459111509274,nan,0.00022396778646358443,-0.002302459111509274,nan,0.3127759047683418,0.3127759047683418,0.0,0.0,0.0,nan,0,1,1.0,0.0,0.00019856216639295402,-0.002331640652315886,nan,0.00019856216639295402,-0.002331640652315886,nan,0.33372671901984025,0.33372671901984025,0.0,0.0,0.0,nan,0,1,1.0,0.0,0.00022396778646358443,-0.002302459111509274,nan,0.00022396778646358443,-0.002302459111509274,nan,0.3127759047683418,0.3127759047683418,0.0,0.0,0.0,nan,0
27,0.006062500000000002,0.45,,scientific,0,1,0.1,1.0,0.0,-0.0008529880363144592,-0.0018724194880797526,nan,-0.0008529880363144592,-0.0018724194880797526,nan,0.31496016173531705,0.31496016173531705,0.0,0.0,0.0,nan,0,1,1.0,0.0,-0.000899786043729753,-0.0019027060517408394,nan,-0.000899786043729753,-0.0019027060517408394,nan,0.3358797946264775,0.3358797946264775,0.0,0.0,0.0,nan,0,1,1.0,0.0,-0.0008529880363144592,-0.0018724194880797526,nan,-0.0008529880363144592,-0.0018724194880797526,nan,0.31496016173531705,0.31496016173531705,0.0,0.0,0.0,nan,0
28,0.006125000000000002,0.45,,scientific,0,1,0.10129032258064516,1.0,0.0,-0.0008366444731984621,-0.0020319549346521208,nan,-0.0008366444731984621,-0.0020319549346521208,nan,0.31714534919382453,0.31714534919382453,0.0,0.0,0.0,nan,0,1,1.0,0.0,-0.0008948535358090487,-0.0020721952747772957,nan,-0.0008948535358090487,-0.0020721952747772957,nan,0.3380328702331148,0.3380328702331148,0.0,0.0,0.0,nan,0,1,1.0,0.0,-0.0008366444731984621,-0.0020319549346521208,nan,-0.0008366444731984621,-0.0020319549346521208,nan,0.31714534919382453,0.31714534919382453,0.0,0.0,0.0,nan,0
29,0.006187500000000002,0.45,,scientific,0,1,0.10516129032258065,1.0,0.0,-0.0008369544944041583,-0.0020325330461731343,nan,-0.0008369544944041583,-0.0020325330461731343,nan,0.3172921072440486,0.3172921072440486,0.0,0.0,0.0,nan,0,1,1.0,0.0,-0.0008948535358090487,-0.0020721952747772957,nan,-0.0008948535358090487,-0.0020721952747772957,nan,0.3380328702331148,0.3380328702331148,0.0,0.0,0.0,nan,0,1,1.0,0.0,-0.0008369544944041583,-0.0020325330461731343,nan,-0.0008369544944041583,-0.0020325330461731343,nan,0.3172921072440486,0.3172921072440486,0.0,0.0,0.0,nan,0
30,0.006250000000000002,0.45,,scientific,0,1,0.10516129032258065,1.0,0.0,0.0005895763051244206,-0.0009047211866663399,nan,0.0005895763051244206,-0.0009047211866663399,nan,0.31946296969646065,0.31946296969646065,0.0,0.0,0.0,nan,0,1,1.0,0.0,0.0005761859128843513,-0.0009194461685406167,nan,0.0005761859128843513,-0.0009194461685406167,nan,0.34018594583975204,0.34018594583975204,0.0,0.0,0.0,nan,0,1,1.0,0.0,0.0005895763051244206,-0.0009047211866663399,nan,0.0005895763051244206,-0.0009047211866663399,nan,0.31946296969646065,0.31946296969646065,0.0,0.0,0.0,nan,0
31,0.006312500000000002,0.45,,scientific,0,1,0.10580645161290322,1.0,0.0,-0.0016142249696773554,0.00037811167078682576,nan,-0.0016142249696773554,0.00037811167078682576,nan,0.32365690422202736,0.32365690422202736,0.0,0.0,0.0,nan,0,1,1.0,0.0,-0.0016919700461206486,0.00038520600145147774,nan,-0.0016919700461206486,0.00038520600145147774,nan,0.3444920970530264,0.3444920970530264,0.0,0.0,0.0,nan,0,1,1.0,0.0,-0.0016142249696773554,0.00037811167078682576,nan,-0.0016142249696773554,0.00037811167078682576,nan,0.32365690422202736,0.32365690422202736,0.0,0.0,0.0,nan,0
32,0.006375000000000002,0.45,,scientific,0,1,0.10516129032258065,1.0,0.0,-0.0027282417540197713,-0.00028637381901295715,nan,-0.0027282417540197713,-0.00028637381901295715,nan,0.3248069757094827,0.3248069757094827,0.0,0.0,0.0,nan,0,1,1.0,0.0,-0.002844202120545947,-0.0002809641487017953,nan,-0.002844202120545947,-0.0002809641487017953,nan,0.34556863485634504,0.34556863485634504,0.0,0.0,0.0,nan,0,1,1.0,0.0,-0.0027282417540197713,-0.00028637381901295715,nan,-0.0027282417540197713,-0.00028637381901295715,nan,0.3248069757094827,0.3248069757094827,0.0,0.0,0.0,nan,0
33,0.006437500000000002,0.45,,scientific,0,1,0.10516129032258065,1.0,0.0,-0.0014493418574769875,-0.00028924941000477513,nan,-0.0014493418574769875,-0.00028924941000477513,nan,0.3269766534831121,0.3269766534831121,0.0,0.0,0.0,nan,0,1,1.0,0.0,-0.0015244059504950526,-0.00029454826376972736,nan,-0.0015244059504950526,-0.00029454826376972736,nan,0.34772171046298184,0.34772171046298184,0.0,0.0,0.0,nan,0,1,1.0,0.0,-0.0014493418574769875,-0.00028924941000477513,nan,-0.0014493418574769875,-0.00028924941000477513,nan,0.3269766534831121,0.3269766534831121,0.0,0.0,0.0,nan,0
34,0.006500000000000002,0.45,,scientific,0,1,0.10580645161290322,1.0,0.0,-0.0008978922115205112,-0.000707478067278237,nan,-0.0008978922115205112,-0.000707478067278237,nan,0.32914790522407184,0.32914790522407184,0.0,0.0,0.0,nan,0,1,1.0,0.0,-0.0009533554472425465,-0.0007291708901823119,nan,-0.0009533554472425465,-0.0007291708901823119,nan,0.34987478606961875,0.34987478606961875,0.0,0.0,0.0,nan,0,1,1.0,0.0,-0.0008978922115205112,-0.000707478067278237,nan,-0.0008978922115205112,-0.000707478067278237,nan,0.32914790522407184,0.32914790522407184,0.0,0.0,0.0,nan,0
35,0.006562500000000002,0.45,,scientific,0,1,0.10774193548387097,1.0,0.0,-0.0010781121562542652,-0.0011281513202059824,nan,-0.0010781121562542652,-0.0011281513202059824,nan,0.33029398711879926,0.33029398711879926,0.0,0.0,0.0,nan,0,1,1.0,0.0,-0.0011117560030759043,-0.0011612488465164246,nan,-0.0011117560030759043,-0.0011612488465164246,nan,0.3509513238729373,0.3509513238729373,0.0,0.0,0.0,nan,0,1,1.0,0.0,-0.0010781121562542652,-0.0011281513202059824,nan,-0.0010781121562542652,-0.0011281513202059824,nan,0.33029398711879926,0.33029398711879926,0.0,0.0,0.0,nan,0
36,0.006625000000000002,0.45,,scientific,0,1,0.10709677419354839,1.0,0.0,-0.0007343562987190862,-0.0014415858095666483,nan,-0.0007343562987190862,-0.0014415858095666483,nan,0.3334796312137074,0.3334796312137074,0.0,0.0,0.0,nan,0,1,1.0,0.0,-0.0007533797595350863,-0.0014892291151822386,nan,-0.0007533797595350863,-0.0014892291151822386,nan,0.35418093728289274,0.35418093728289274,0.0,0.0,0.0,nan,0,1,1.0,0.0,-0.0007343562987190862,-0.0014415858095666483,nan,-0.0007343562987190862,-0.0014415858095666483,nan,0.3334796312137074,0.3334796312137074,0.0,0.0,0.0,nan,0
37,0.0066875000000000025,0.45,,scientific,0,1,0.10838709677419354,1.0,0.0,-0.0015491783172688028,-0.0027985520522517625,nan,-0.0015491783172688028,-0.0027985520522517625,nan,0.33464732863832714,0.33464732863832714,0.0,0.0,0.0,nan,0,1,1.0,0.0,-0.001585263289920093,-0.002849919987979182,nan,-0.001585263289920093,-0.002849919987979182,nan,0.35525747508621136,0.35525747508621136,0.0,0.0,0.0,nan,0,1,1.0,0.0,-0.0015491783172688028,-0.0027985520522517625,nan,-0.0015491783172688028,-0.0027985520522517625,nan,0.33464732863832714,0.33464732863832714,0.0,0.0,0.0,nan,0
38,0.0067500000000000025,0.45,,scientific,0,1,0.10838709677419354,1.0,0.0,-0.0007338580851552365,-0.0037368846933985224,nan,-0.0007338580851552365,-0.0037368846933985224,nan,0.33476782151023404,0.33476782151023404,0.0,0.0,0.0,nan,0,1,1.0,0.0,-0.0007395757520222454,-0.0038253085561882633,nan,-0.0007395757520222454,-0.0038253085561882633,nan,0.3552574750876113,0.3552574750876113,0.0,0.0,0.0,nan,0,1,1.0,0.0,-0.0007338580851552365,-0.0037368846933985224,nan,-0.0007338580851552365,-0.0037368846933985224,nan,0.33476782151023404,0.33476782151023404,0.0,0.0,0.0,nan,0
39,0.006812500000000003,0.45,,scientific,0,1,0.10903225806451614,1.0,0.0,-0.002598263870921824,-0.0032691745586751557,nan,-0.002598263870921824,-0.0032691745586751557,nan,0.33387178202930334,0.33387178202930334,0.0,0.0,0.0,nan,0,1,1.0,0.0,-0.002639304707742889,-0.003370883320548619,nan,-0.002639304707742889,-0.003370883320548619,nan,0.3541809372844592,0.3541809372844592,0.0,0.0,0.0,nan,0,1,1.0,0.0,-0.002598263870921824,-0.0032691745586751557,nan,-0.002598263870921824,-0.0032691745586751557,nan,0.33387178202930334,0.33387178202930334,0.0,0.0,0.0,nan,0
40,0.006875000000000003,0.45,,scientific,0,1,0.10903225806451614,1.0,0.0,-0.0020371641797203134,-0.0022368170417840505,nan,-0.0020371641797203134,-0.0022368170417840505,nan,0.336049829146016,0.336049829146016,0.0,0.0,0.0,nan,0,1,1.0,0.0,-0.0020534816247527693,-0.0022929878745833214,nan,-0.0020534816247527693,-0.0022929878745833214,nan,0.3563340128910964,0.3563340128910964,0.0,0.0,0.0,nan,0,1,1.0,0.0,-0.0020371641797203134,-0.0022368170417840505,nan,-0.0020371641797203134,-0.0022368170417840505,nan,0.336049829146016,0.336049829146016,0.0,0.0,0.0,nan,0
41,0.006937500000000003,0.45,,scientific,0,1,0.10903225806451614,1.0,0.0,-0.0011421279286810003,-0.0007852743848556166,nan,-0.0011421279286810003,-0.0007852743848556166,nan,0.3361870768428924,0.3361870768428924,0.0,0.0,0.0,nan,0,1,1.0,0.0,-0.0011271085277894523,-0.0008130810908338217,nan,-0.0011271085277894523,-0.0008130810908338217,nan,0.35633401289109157,0.35633401289109157,0.0,0.0,0.0,nan,0,1,1.0,0.0,-0.0011421279286810003,-0.0007852743848556166,nan,-0.0011421279286810003,-0.0007852743848556166,nan,0.3361870768428924,0.3361870768428924,0.0,0.0,0.0,nan,0
42,0.007000000000000003,0.45,,scientific,0,1,0.11032258064516129,1.0,0.0,-0.0015901138121665874,-0.00055918301788048,nan,-0.0015901138121665874,-0.00055918301788048,nan,0.33939881037412345,0.33939881037412345,0.0,0.0,0.0,nan,0,1,1.0,0.0,-0.0015711452192970694,-0.0006048099369610769,nan,-0.0015711452192970694,-0.0006048099369610769,nan,0.35956362630104743,0.35956362630104743,0.0,0.0,0.0,nan,0,1,1.0,0.0,-0.0015901138121665874,-0.00055918301788048,nan,-0.0015901138121665874,-0.00055918301788048,nan,0.33939881037412345,0.33939881037412345,0.0,0.0,0.0,nan,0
43,0.007062500000000003,0.45,,scientific,0,1,0.11032258064516129,1.0,0.0,-0.0019931548307567017,0.00024739111441087765,nan,-0.0019931548307567017,0.00024739111441087765,nan,0.3445973588669833,0.3445973588669833,0.0,0.0,0.0,nan,0,1,1.0,0.0,-0.001994758383013093,0.000243971808418537,nan,-0.001994758383013093,0.000243971808418537,nan,0.3649463153176405,0.3649463153176405,0.0,0.0,0.0,nan,0,1,1.0,0.0,-0.0019931548307567017,0.00024739111441087765,nan,-0.0019931548307567017,0.00024739111441087765,nan,0.3445973588669833,0.3445973588669833,0.0,0.0,0.0,nan,0
44,0.007125000000000003,0.45,,scientific,0,1,0.11096774193548387,1.0,0.0,-0.0006905333733679265,0.0009943362567422652,nan,-0.0006905333733679265,0.0009943362567422652,nan,0.34671425680841217,0.34671425680841217,0.0,0.0,0.0,nan,0,1,1.0,0.0,-0.000671625333066862,0.0009978149025511693,nan,-0.000671625333066862,0.0009978149025511693,nan,0.3670993909245428,0.3670993909245428,0.0,0.0,0.0,nan,0,1,1.0,0.0,-0.0006905333733679265,0.0009943362567422652,nan,-0.0006905333733679265,0.0009943362567422652,nan,0.34671425680841217,0.34671425680841217,0.0,0.0,0.0,nan,0
45,0.008,0.45,,scientific,0,1,0.11935483870967742,1.0,0.0,-0.0006125827827750042,0.0027139117223297466,nan,-0.0006125827827750042,0.0027139117223297466,nan,0.37073800795600126,0.37073800795600126,0.0,0.0,0.0,nan,0,1,1.0,0.0,-0.0006826642696143996,0.0027882924330205985,nan,-0.0006826642696143996,0.0027882924330205985,nan,0.39078322259980713,0.39078322259980713,0.0,0.0,0.0,nan,0,1,1.0,0.0,-0.0006125827827750042,0.0027139117223297466,nan,-0.0006125827827750042,0.0027139117223297466,nan,0.37073800795600126,0.37073800795600126,0.0,0.0,0.0,nan,0
46,0.009000000000000001,0.45,,scientific,0,1,0.12774193548387097,1.0,0.0,0.0004922953945090396,0.0009871331705982177,nan,0.0004922953945090396,0.0009871331705982177,nan,0.40545508514926454,0.40545508514926454,0.0,0.0,0.0,nan,0,1,1.0,0.0,0.00046072778553775303,0.0009895681105004167,nan,0.00046072778553775303,0.0009895681105004167,nan,0.4263089701093298,0.4263089701093298,0.0,0.0,0.0,nan,0,1,1.0,0.0,0.0004922953945090396,0.0009871331705982177,nan,0.0004922953945090396,0.0009871331705982177,nan,0.40545508514926454,0.40545508514926454,0.0,0.0,0.0,nan,0
47,0.010000000000000002,0.45,,scientific,0,1,0.14193548387096774,1.0,0.0,-0.0010513900405616013,-0.0004625497418562556,nan,-0.0010513900405616013,-0.0004625497418562556,nan,0.4490557002262138,0.4490557002262138,0.0,0.0,0.0,nan,0,1,1.0,0.0,-0.0010646172605930958,-0.000467769314632129,nan,-0.0010646172605930958,-0.000467769314632129,nan,0.4726000956540354,0.4726000956540354,0.0,0.0,0.0,nan,0,1,1.0,0.0,-0.0010513900405616013,-0.0004625497418562556,nan,-0.0010513900405616013,-0.0004625497418562556,nan,0.4490557002262138,0.4490557002262138,0.0,0.0,0.0,nan,0
48,0.011000000000000003,0.45,,scientific,0,1,0.14258064516129032,1.0,0.0,-0.0008320927133683933,-0.00031635926239669253,nan,-0.0008320927133683933,-0.00031635926239669253,nan,0.4498050393290923,0.4498050393290923,0.0,0.0,0.0,nan,0,1,1.0,0.0,-0.0008416237458867873,-0.00031909832468010894,nan,-0.0008416237458867873,-0.00031909832468010894,nan,0.4704470200473981,0.4704470200473981,0.0,0.0,0.0,nan,0,1,1.0,0.0,-0.0008320927133683933,-0.00031635926239669253,nan,-0.0008320927133683933,-0.00031635926239669253,nan,0.4498050393290923,0.4498050393290923,0.0,0.0,0.0,nan,0
49,0.012000000000000004,0.45,,scientific,0,1,0.14258064516129032,1.0,0.0,-0.0002384406126330658,0.0002780578079527108,nan,-0.0002384406126330658,0.0002780578079527108,nan,0.45319996339202456,0.45319996339202456,0.0,0.0,0.0,nan,0,1,1.0,0.0,-0.00024215055722628847,0.0002803589108639948,nan,-0.00024215055722628847,0.0002803589108639948,nan,0.4715235578507167,0.4715235578507167,0.0,0.0,0.0,nan,0,1,1.0,0.0,-0.0002384406126330658,0.0002780578079527108,nan,-0.0002384406126330658,0.0002780578079527108,nan,0.45319996339202456,0.45319996339202456,0.0,0.0,0.0,nan,0
50,0.013000000000000005,0.45,,scientific,0,1,0.14258064516129032,1.0,0.0,-0.0005758202671862525,0.00016603428637022074,nan,-0.0005758202671862525,0.00016603428637022074,nan,0.45998667862968184,0.45998667862968184,0.0,0.0,0.0,nan,0,1,1.0,0.0,-0.000570825221023123,0.000170540038370936,nan,-0.000570825221023123,0.000170540038370936,nan,0.4769062468673098,0.4769062468673098,0.0,0.0,0.0,nan,0,1,1.0,0.0,-0.0005758202671862525,0.00016603428637022074,nan,-0.0005758202671862525,0.00016603428637022074,nan,0.45998667862968184,0.45998667862968184,0.0,0.0,0.0,nan,0
51,0.014000000000000005,0.45,,scientific,0,1,0.14516129032258066,1.0,0.0,0.0006380693375355206,0.0003384818434773633,nan,0.0006380693375355206,0.0003384818434773633,nan,0.46304564735676923,0.46304564735676923,0.0,0.0,0.0,nan,0,1,1.0,0.0,0.0006415282813520768,0.0003446789457130063,nan,0.0006415282813520768,0.0003446789457130063,nan,0.4790593224739471,0.4790593224739471,0.0,0.0,0.0,nan,0,1,1.0,0.0,0.0006380693375355206,0.0003384818434773633,nan,0.0006380693375355206,0.0003384818434773633,nan,0.46304564735676923,0.46304564735676923,0.0,0.0,0.0,nan,0
52,0.015000000000000006,0.45,,scientific,0,1,0.1464516129032258,1.0,0.0,0.0004814410449649068,-0.001345046626806493,nan,0.0004814410449649068,-0.001345046626806493,nan,0.47123791757277234,0.47123791757277234,0.0,0.0,0.0,nan,0,1,1.0,0.0,0.0004887674979149473,-0.0013137529963546794,nan,0.0004887674979149473,-0.0013137529963546794,nan,0.48659508709718385,0.48659508709718385,0.0,0.0,0.0,nan,0,1,1.0,0.0,0.0004814410449649068,-0.001345046626806493,nan,0.0004814410449649068,-0.001345046626806493,nan,0.47123791757277234,0.47123791757277234,0.0,0.0,0.0,nan,0
53,0.016000000000000007,0.45,,scientific,0,1,0.14709677419354839,1.0,0.0,0.0024864538830960746,-0.0009333751612886534,nan,0.0024864538830960746,-0.0009333751612886534,nan,0.47622978890854273,0.47622978890854273,0.0,0.0,0.0,nan,0,1,1.0,0.0,0.0024560692441479223,-0.000900614922446316,nan,0.0024560692441479223,-0.000900614922446316,nan,0.49090123831045834,0.49090123831045834,0.0,0.0,0.0,nan,0,1,1.0,0.0,0.0024864538830960746,-0.0009333751612886534,nan,0.0024864538830960746,-0.0009333751612886534,nan,0.47622978890854273,0.47622978890854273,0.0,0.0,0.0,nan,0
54,0.017000000000000008,0.45,,scientific,0,1,0.14709677419354839,1.0,0.0,0.002129568203210499,0.0011771179235301424,nan,0.002129568203210499,0.0011771179235301424,nan,0.480192837481883,0.480192837481883,0.0,0.0,0.0,nan,0,1,1.0,0.0,0.002101504462184063,0.0011713141208287282,nan,0.002101504462184063,0.0011713141208287282,nan,0.49413085172041415,0.49413085172041415,0.0,0.0,0.0,nan,0,1,1.0,0.0,0.002129568203210499,0.0011771179235301424,nan,0.002129568203210499,0.0011771179235301424,nan,0.480192837481883,0.480192837481883,0.0,0.0,0.0,nan,0
55,0.01800000000000001,0.45,,scientific,0,1,0.1503225806451613,1.0,0.0,0.0017318932297343914,0.0008472772201291422,nan,0.0017318932297343914,0.0008472772201291422,nan,0.48531332631338164,0.48531332631338164,0.0,0.0,0.0,nan,0,1,1.0,0.0,0.001709609255422399,0.0008503391519131399,nan,0.001709609255422399,0.0008503391519131399,nan,0.49843700293352183,0.49843700293352183,0.0,0.0,0.0,nan,0,1,1.0,0.0,0.0017318932297343914,0.0008472772201291422,nan,0.0017318932297343914,0.0008472772201291422,nan,0.48531332631338164,0.48531332631338164,0.0,0.0,0.0,nan,0
56,0.01900000000000001,0.45,,scientific,0,1,0.15225806451612903,1.0,0.0,0.002066253806716708,0.0016591899242999145,nan,0.002066253806716708,0.0016591899242999145,nan,0.48724144978570727,0.48724144978570727,0.0,0.0,0.0,nan,0,1,1.0,0.0,0.002033828986436359,0.0016417305710461176,nan,0.002033828986436359,0.0016417305710461176,nan,0.4995135407368405,0.4995135407368405,0.0,0.0,0.0,nan,0,1,1.0,0.0,0.002066253806716708,0.0016591899242999145,nan,0.002066253806716708,0.0016591899242999145,nan,0.48724144978570727,0.48724144978570727,0.0,0.0,0.0,nan,0
57,0.02000000000000001,0.45,,scientific,0,1,0.1529032258064516,1.0,0.0,0.0020672963565006473,0.001659536281587415,nan,0.0020672963565006473,0.001659536281587415,nan,0.48812438872672026,0.48812438872672026,0.0,0.0,0.0,nan,0,1,1.0,0.0,0.002033828986436359,0.0016417305710461176,nan,0.002033828986436359,0.0016417305710461176,nan,0.4995135407368405,0.4995135407368405,0.0,0.0,0.0,nan,0,1,1.0,0.0,0.0020672963565006473,0.001659536281587415,nan,0.0020672963565006473,0.001659536281587415,nan,0.48812438872672026,0.48812438872672026,0.0,0.0,0.0,nan,0
58,0.02100000000000001,0.45,,scientific,0,1,0.15419354838709678,1.0,0.0,0.0016342657265624185,0.0019698451938785365,nan,0.0016342657265624185,0.0019698451938785365,nan,0.49123584531279746,0.49123584531279746,0.0,0.0,0.0,nan,0,1,1.0,0.0,0.0016102984683672916,0.0019404439886073971,nan,0.0016102984683672916,0.0019404439886073971,nan,0.5016666163434778,0.5016666163434778,0.0,0.0,0.0,nan,0,1,1.0,0.0,0.0016342657265624185,0.0019698451938785365,nan,0.0016342657265624185,0.0019698451938785365,nan,0.49123584531279746,0.49123584531279746,0.0,0.0,0.0,nan,0
59,0.022000000000000013,0.45,,scientific,0,1,0.15483870967741936,1.0,0.0,0.0015800694912020568,0.0009381455001736473,nan,0.0015800694912020568,0.0009381455001736473,nan,0.4965849665628259,0.4965849665628259,0.0,0.0,0.0,nan,0,1,1.0,0.0,0.0015553075253548925,0.0009397434387293421,nan,0.0015553075253548925,0.0009397434387293421,nan,0.5059727675567522,0.5059727675567522,0.0,0.0,0.0,nan,0,1,1.0,0.0,0.0015800694912020568,0.0009381455001736473,nan,0.0015800694912020568,0.0009381455001736473,nan,0.4965849665628259,0.4965849665628259,0.0,0.0,0.0,nan,0
60,0.023000000000000013,0.45,,scientific,0,1,0.15612903225806452,1.0,0.0,0.0012878336909947579,0.00010335733222986083,nan,0.0012878336909947579,0.00010335733222986083,nan,0.4986768609505743,0.4986768609505743,0.0,0.0,0.0,nan,0,1,1.0,0.0,0.0012729996382356283,0.00013126976362961778,nan,0.0012729996382356283,0.00013126976362961778,nan,0.5070493053600756,0.5070493053600756,0.0,0.0,0.0,nan,0,1,1.0,0.0,0.0012878336909947579,0.00010335733222986083,nan,0.0012878336909947579,0.00010335733222986083,nan,0.4986768609505743,0.4986768609505743,0.0,0.0,0.0,nan,0
61,0.024000000000000014,0.45,,scientific,0,1,0.15612903225806452,1.0,0.0,0.001286467775061984,0.00010162582342237119,nan,0.001286467775061984,0.00010162582342237119,nan,0.49968974939363836,0.49968974939363836,0.0,0.0,0.0,nan,0,1,1.0,0.0,0.0012729996382356283,0.00013126976362961778,nan,0.0012729996382356283,0.00013126976362961778,nan,0.5070493053600756,0.5070493053600756,0.0,0.0,0.0,nan,0,1,1.0,0.0,0.001286467775061984,0.00010162582342237119,nan,0.001286467775061984,0.00010162582342237119,nan,0.49968974939363836,0.49968974939363836,0.0,0.0,0.0,nan,0
62,0.025000000000000015,0.45,,scientific,0,1,0.15612903225806452,1.0,0.0,-0.0006767524038470594,-0.0010960829338512686,nan,-0.0006767524038470594,-0.0010960829338512686,nan,0.5040301272954527,0.5040301272954527,0.0,0.0,0.0,nan,0,1,1.0,0.0,-0.0006287258077919739,-0.0010271644588609652,nan,-0.0006287258077919739,-0.0010271644588609652,nan,0.5102789187700316,0.5102789187700316,0.0,0.0,0.0,nan,0,1,1.0,0.0,-0.0006767524038470594,-0.0010960829338512686,nan,-0.0006767524038470594,-0.0010960829338512686,nan,0.5040301272954527,0.5040301272954527,0.0,0.0,0.0,nan,0
63,0.026000000000000016,0.45,,scientific,0,1,0.15612903225806452,1.0,0.0,-0.0006797390073264798,-0.0010985850930359331,nan,-0.0006797390073264798,-0.0010985850930359331,nan,0.5050786823513242,0.5050786823513242,0.0,0.0,0.0,nan,0,1,1.0,0.0,-0.0006287258077919739,-0.0010271644588609652,nan,-0.0006287258077919739,-0.0010271644588609652,nan,0.5102789187700316,0.5102789187700316,0.0,0.0,0.0,nan,0,1,1.0,0.0,-0.0006797390073264798,-0.0010985850930359331,nan,-0.0006797390073264798,-0.0010985850930359331,nan,0.5050786823513242,0.5050786823513242,0.0,0.0,0.0,nan,0
64,0.027000000000000017,0.45,,scientific,0,1,0.15612903225806452,1.0,0.0,-0.00136185582335094,-0.000546504311821742,nan,-0.00136185582335094,-0.000546504311821742,nan,0.5072444346233937,0.5072444346233937,0.0,0.0,0.0,nan,0,1,1.0,0.0,-0.0012868665123188924,-0.0004898559011314508,nan,-0.0012868665123188924,-0.0004898559011314508,nan,0.5113554565733501,0.5113554565733501,0.0,0.0,0.0,nan,0,1,1.0,0.0,-0.00136185582335094,-0.000546504311821742,nan,-0.00136185582335094,-0.000546504311821742,nan,0.5072444346233937,0.5072444346233937,0.0,0.0,0.0,nan,0
65,0.028000000000000018,0.45,,scientific,0,1,0.15612903225806452,1.0,0.0,-0.0008604868083586133,0.0001747571758054927,nan,-0.0008604868083586133,0.0001747571758054927,nan,0.5094274083195902,0.5094274083195902,0.0,0.0,0.0,nan,0,1,1.0,0.0,-0.0007999454092379133,0.0002080346837411754,nan,-0.0007999454092379133,0.0002080346837411754,nan,0.5124319943766686,0.5124319943766686,0.0,0.0,0.0,nan,0,1,1.0,0.0,-0.0008604868083586133,0.0001747571758054927,nan,-0.0008604868083586133,0.0001747571758054927,nan,0.5094274083195902,0.5094274083195902,0.0,0.0,0.0,nan,0
66,0.02900000000000002,0.45,,scientific,0,1,0.15741935483870967,1.0,0.0,-0.0008636352741786168,0.00017306993466979515,nan,-0.0008636352741786168,0.00017306993466979515,nan,0.5105073820161206,0.5105073820161206,0.0,0.0,0.0,nan,0,1,1.0,0.0,-0.0007999454092379133,0.0002080346837411754,nan,-0.0007999454092379133,0.0002080346837411754,nan,0.5124319943766686,0.5124319943766686,0.0,0.0,0.0,nan,0,1,1.0,0.0,-0.0008636352741786168,0.00017306993466979515,nan,-0.0008636352741786168,0.00017306993466979515,nan,0.5105073820161206,0.5105073820161206,0.0,0.0,0.0,nan,0
67,0.03000000000000002,0.45,,scientific,0,1,0.15741935483870967,1.0,0.0,-0.000866791931588942,0.0001713812325203473,nan,-0.000866791931588942,0.0001713812325203473,nan,0.5115936870194329,0.5115936870194329,0.0,0.0,0.0,nan,0,1,1.0,0.0,-0.0007999454092379133,0.0002080346837411754,nan,-0.0007999454092379133,0.0002080346837411754,nan,0.5124319943766686,0.5124319943766686,0.0,0.0,0.0,nan,0,1,1.0,0.0,-0.000866791931588942,0.0001713812325203473,nan,-0.000866791931588942,0.0001713812325203473,nan,0.5115936870194329,0.5115936870194329,0.0,0.0,0.0,nan,0
68,0.03100000000000002,0.45,,scientific,0,1,0.15741935483870967,1.0,0.0,-0.0010972823688747124,-0.0006836331188900853,nan,-0.0010972823688747124,-0.0006836331188900853,nan,0.5138028771488794,0.5138028771488794,0.0,0.0,0.0,nan,0,1,1.0,0.0,-0.001019019673101215,-0.0006141372741817535,nan,-0.001019019673101215,-0.0006141372741817535,nan,0.513508532179997,0.513508532179997,0.0,0.0,0.0,nan,0,1,1.0,0.0,-0.0010972823688747124,-0.0006836331188900853,nan,-0.0010972823688747124,-0.0006836331188900853,nan,0.5138028771488794,0.5138028771488794,0.0,0.0,0.0,nan,0
69,0.03200000000000002,0.45,,scientific,0,1,0.15806451612903225,1.0,0.0,-0.001100540588707435,-0.0006856743674629862,nan,-0.001100540588707435,-0.0006856743674629862,nan,0.5149005881233059,0.5149005881233059,0.0,0.0,0.0,nan,0,1,1.0,0.0,-0.001019019673101215,-0.0006141372741817535,nan,-0.001019019673101215,-0.0006141372741817535,nan,0.513508532179997,0.513508532179997,0.0,0.0,0.0,nan,0,1,1.0,0.0,-0.001100540588707435,-0.0006856743674629862,nan,-0.001100540588707435,-0.0006856743674629862,nan,0.5149005881233059,0.5149005881233059,0.0,0.0,0.0,nan,0
70,0.03300000000000002,0.45,,scientific,0,1,0.15806451612903225,1.0,0.0,-0.0013718247079774805,0.00015076909653813638,nan,-0.0013718247079774805,0.00015076909653813638,nan,0.5171186727629096,0.5171186727629096,0.0,0.0,0.0,nan,0,1,1.0,0.0,-0.0012780713502647957,0.00019603118571394026,nan,-0.0012780713502647957,0.00019603118571394026,nan,0.5145850699833157,0.5145850699833157,0.0,0.0,0.0,nan,0,1,1.0,0.0,-0.0013718247079774805,0.00015076909653813638,nan,-0.0013718247079774805,0.00015076909653813638,nan,0.5171186727629096,0.5171186727629096,0.0,0.0,0.0,nan,0
71,0.03400000000000002,0.45,,scientific,0,1,0.15806451612903225,1.0,0.0,-0.0029647062596539005,0.0008837439485173998,nan,-0.0029647062596539005,0.0008837439485173998,nan,0.5204710725508634,0.5204710725508634,0.0,0.0,0.0,nan,0,1,1.0,0.0,-0.002807227190281498,0.0009026871384831456,nan,-0.002807227190281498,0.0009026871384831456,nan,0.5167381455899529,0.5167381455899529,0.0,0.0,0.0,nan,0,1,1.0,0.0,-0.0029647062596539005,0.0008837439485173998,nan,-0.0029647062596539005,0.0008837439485173998,nan,0.5204710725508634,0.5204710725508634,0.0,0.0,0.0,nan,0
72,0.035000000000000024,0.45,,scientific,0,1,0.15870967741935485,1.0,0.0,-0.0029686307517865964,0.0008823540901484539,nan,-0.0029686307517865964,0.0008823540901484539,nan,0.5215831334154097,0.5215831334154097,0.0,0.0,0.0,nan,0,1,1.0,0.0,-0.002807227190281498,0.0009026871384831456,nan,-0.002807227190281498,0.0009026871384831456,nan,0.5167381455899529,0.5167381455899529,0.0,0.0,0.0,nan,0,1,1.0,0.0,-0.0029686307517865964,0.0008823540901484539,nan,-0.0029686307517865964,0.0008823540901484539,nan,0.5215831334154097,0.5215831334154097,0.0,0.0,0.0,nan,0
73,0.036000000000000025,0.45,,scientific,0,1,0.15870967741935485,1.0,0.0,-0.002972534783319065,0.0008809602436251331,nan,-0.002972534783319065,0.0008809602436251331,nan,0.5226973736886185,0.5226973736886185,0.0,0.0,0.0,nan,0,1,1.0,0.0,-0.002807227190281498,0.0009026871384831456,nan,-0.002807227190281498,0.0009026871384831456,nan,0.5167381455899529,0.5167381455899529,0.0,0.0,0.0,nan,0,1,1.0,0.0,-0.002972534783319065,0.0008809602436251331,nan,-0.002972534783319065,0.0008809602436251331,nan,0.5226973736886185,0.5226973736886185,0.0,0.0,0.0,nan,0
74,0.037000000000000026,0.45,,scientific,0,1,0.15870967741935485,1.0,0.0,-0.0029764209712995317,0.0008795633454043589,nan,-0.0029764209712995317,0.0008795633454043589,nan,0.5238134384660792,0.5238134384660792,0.0,0.0,0.0,nan,0,1,1.0,0.0,-0.002807227190281498,0.0009026871384831456,nan,-0.002807227190281498,0.0009026871384831456,nan,0.5167381455899529,0.5167381455899529,0.0,0.0,0.0,nan,0,1,1.0,0.0,-0.0029764209712995317,0.0008795633454043589,nan,-0.0029764209712995317,0.0008795633454043589,nan,0.5238134384660792,0.5238134384660792,0.0,0.0,0.0,nan,0
75,0.03800000000000003,0.45,,scientific,0,1,0.15870967741935485,1.0,0.0,-0.0029802914780303535,0.0008781641609596402,nan,-0.0029802914780303535,0.0008781641609596402,nan,0.5249310270804538,0.5249310270804538,0.0,0.0,0.0,nan,0,1,1.0,0.0,-0.002807227190281498,0.0009026871384831456,nan,-0.002807227190281498,0.0009026871384831456,nan,0.5167381455899529,0.5167381455899529,0.0,0.0,0.0,nan,0,1,1.0,0.0,-0.0029802914780303535,0.0008781641609596402,nan,-0.0029802914780303535,0.0008781641609596402,nan,0.5249310270804538,0.5249310270804538,0.0,0.0,0.0,nan,0
76,0.03900000000000003,0.45,,scientific,0,1,0.15870967741935485,1.0,0.0,-0.0029841480959976745,0.0008767633165471093,nan,-0.0029841480959976745,0.0008767633165471093,nan,0.5260498846471935,0.5260498846471935,0.0,0.0,0.0,nan,0,1,1.0,0.0,-0.002807227190281498,0.0009026871384831456,nan,-0.002807227190281498,0.0009026871384831456,nan,0.5167381455899529,0.5167381455899529,0.0,0.0,0.0,nan,0,1,1.0,0.0,-0.0029841480959976745,0.0008767633165471093,nan,-0.0029841480959976745,0.0008767633165471093,nan,0.5260498846471935,0.5260498846471935,0.0,0.0,0.0,nan,0
77,0.04000000000000003,0.45,,scientific,0,1,0.15870967741935485,1.0,0.0,-0.0029879923218349403,0.0008753613256667333,nan,-0.0029879923218349403,0.0008753613256667333,nan,0.5271697950273837,0.5271697950273837,0.0,0.0,0.0,nan,0,1,1.0,0.0,-0.002807227190281498,0.0009026871384831456,nan,-0.002807227190281498,0.0009026871384831456,nan,0.5167381455899529,0.5167381455899529,0.0,0.0,0.0,nan,0,1,1.0,0.0,-0.0029879923218349403,0.0008753613256667333,nan,-0.0029879923218349403,0.0008753613256667333,nan,0.5271697950273837,0.5271697950273837,0.0,0.0,0.0,nan,0
78,0.04100000000000003,0.45,,scientific,0,1,0.15870967741935485,1.0,0.0,-0.0037986876536603093,0.0005349723846456252,nan,-0.0037986876536603093,0.0005349723846456252,nan,0.5294205895487465,0.5294205895487465,0.0,0.0,0.0,nan,0,1,1.0,0.0,-0.0035845202360942916,0.0005762591979680984,nan,-0.0035845202360942916,0.0005762591979680984,nan,0.5178146833932715,0.5178146833932715,0.0,0.0,0.0,nan,0,1,1.0,0.0,-0.0037986876536603093,0.0005349723846456252,nan,-0.0037986876536603093,0.0005349723846456252,nan,0.5294205895487465,0.5294205895487465,0.0,0.0,0.0,nan,0
79,0.04200000000000003,0.45,,scientific,0,1,0.15870967741935485,1.0,0.0,-0.0038028401132486848,0.0005334337950616922,nan,-0.0038028401132486848,0.0005334337950616922,nan,0.5305437408153484,0.5305437408153484,0.0,0.0,0.0,nan,0,1,1.0,0.0,-0.0035845202360942916,0.0005762591979680984,nan,-0.0035845202360942916,0.0005762591979680984,nan,0.5178146833932715,0.5178146833932715,0.0,0.0,0.0,nan,0,1,1.0,0.0,-0.0038028401132486848,0.0005334337950616922,nan,-0.0038028401132486848,0.0005334337950616922,nan,0.5305437408153484,0.5305437408153484,0.0,0.0,0.0,nan,0
80,0.04300000000000003,0.45,,scientific,0,1,0.15935483870967743,1.0,0.0,-0.0038069811805119297,0.0005318959472225265,nan,-0.0038069811805119297,0.0005318959472225265,nan,0.5316674719343865,0.5316674719343865,0.0,0.0,0.0,nan,0,1,1.0,0.0,-0.0035845202360942916,0.0005762591979680984,nan,-0.0035845202360942916,0.0005762591979680984,nan,0.5178146833932715,0.5178146833932715,0.0,0.0,0.0,nan,0,1,1.0,0.0,-0.0038069811805119297,0.0005318959472225265,nan,-0.0038069811805119297,0.0005318959472225265,nan,0.5316674719343865,0.5316674719343865,0.0,0.0,0.0,nan,0
81,0.04400000000000003,0.45,,scientific,0,1,0.16,1.0,0.0,-0.0038111118755353086,0.0005303589596130686,nan,-0.0038111118755353086,0.0005303589596130686,nan,0.5327916717144616,0.5327916717144616,0.0,0.0,0.0,nan,0,1,1.0,0.0,-0.0035845202360942916,0.0005762591979680984,nan,-0.0035845202360942916,0.0005762591979680984,nan,0.5178146833932715,0.5178146833932715,0.0,0.0,0.0,nan,0,1,1.0,0.0,-0.0038111118755353086,0.0005303589596130686,nan,-0.0038111118755353086,0.0005303589596130686,nan,0.5327916717144616,0.5327916717144616,0.0,0.0,0.0,nan,0
82,0.04500000000000003,0.45,,scientific,0,1,0.16,1.0,0.0,-0.0038152330549186845,0.0005288229262749364,nan,-0.0038152330549186845,0.0005288229262749364,nan,0.5339162460796879,0.5339162460796879,0.0,0.0,0.0,nan,0,1,1.0,0.0,-0.0035845202360942916,0.0005762591979680984,nan,-0.0035845202360942916,0.0005762591979680984,nan,0.5178146833932715,0.5178146833932715,0.0,0.0,0.0,nan,0,1,1.0,0.0,-0.0038152330549186845,0.0005288229262749364,nan,-0.0038152330549186845,0.0005288229262749364,nan,0.5339162460796879,0.5339162460796879,0.0,0.0,0.0,nan,0
83,0.046000000000000034,0.45,,scientific,0,1,0.16,1.0,0.0,-0.0038193454366141433,0.0005272879175522003,nan,-0.0038193454366141433,0.0005272879175522003,nan,0.5350411155108152,0.5350411155108152,0.0,0.0,0.0,nan,0,1,1.0,0.0,-0.0035845202360942916,0.0005762591979680984,nan,-0.0035845202360942916,0.0005762591979680984,nan,0.5178146833932715,0.5178146833932715,0.0,0.0,0.0,nan,0,1,1.0,0.0,-0.0038193454366141433,0.0005272879175522003,nan,-0.0038193454366141433,0.0005272879175522003,nan,0.5350411155108152,0.5350411155108152,0.0,0.0,0.0,nan,0
84,0.047000000000000035,0.45,,scientific,0,1,0.16,1.0,0.0,-0.0030817839701874003,0.0010119094240288837,nan,-0.0030817839701874003,0.0010119094240288837,nan,0.5373053365367183,0.5373053365367183,0.0,0.0,0.0,nan,0,1,1.0,0.0,-0.002871548934783499,0.0010437218878317652,nan,-0.002871548934783499,0.0010437218878317652,nan,0.5188912211965901,0.5188912211965901,0.0,0.0,0.0,nan,0,1,1.0,0.0,-0.0030817839701874003,0.0010119094240288837,nan,-0.0030817839701874003,0.0010119094240288837,nan,0.5373053365367183,0.5373053365367183,0.0,0.0,0.0,nan,0
85,0.048000000000000036,0.45,,scientific,0,1,0.16,1.0,0.0,-0.0030855849685651436,0.0010105741551106626,nan,-0.0030855849685651436,0.0010105741551106626,nan,0.5384322645446046,0.5384322645446046,0.0,0.0,0.0,nan,0,1,1.0,0.0,-0.002871548934783499,0.0010437218878317652,nan,-0.002871548934783499,0.0010437218878317652,nan,0.5188912211965901,0.5188912211965901,0.0,0.0,0.0,nan,0,1,1.0,0.0,-0.0030855849685651436,0.0010105741551106626,nan,-0.0030855849685651436,0.0010105741551106626,nan,0.5384322645446046,0.5384322645446046,0.0,0.0,0.0,nan,0
86,0.04900000000000004,0.45,,scientific,0,1,0.16,1.0,0.0,-0.0030893796006904255,0.0010092394658538476,nan,-0.0030893796006904255,0.0010092394658538476,nan,0.5395593145627741,0.5395593145627741,0.0,0.0,0.0,nan,0,1,1.0,0.0,-0.002871548934783499,0.0010437218878317652,nan,-0.002871548934783499,0.0010437218878317652,nan,0.5188912211965901,0.5188912211965901,0.0,0.0,0.0,nan,0,1,1.0,0.0,-0.0030893796006904255,0.0010092394658538476,nan,-0.0030893796006904255,0.0010092394658538476,nan,0.5395593145627741,0.5395593145627741,0.0,0.0,0.0,nan,0
87,0.05000000000000004,0.45,,scientific,0,1,0.16,1.0,0.0,-0.003093168141167999,0.0010079054297067677,nan,-0.003093168141167999,0.0010079054297067677,nan,0.5406864465902098,0.5406864465902098,0.0,0.0,0.0,nan,0,1,1.0,0.0,-0.002871548934783499,0.0010437218878317652,nan,-0.002871548934783499,0.0010437218878317652,nan,0.5188912211965901,0.5188912211965901,0.0,0.0,0.0,nan,0,1,1.0,0.0,-0.003093168141167999,0.0010079054297067677,nan,-0.003093168141167999,0.0010079054297067677,nan,0.5406864465902098,0.5406864465902098,0.0,0.0,0.0,nan,0
88,0.05100000000000004,0.45,,scientific,0,1,0.16,1.0,0.0,-0.0030969508209168018,0.0010065721050244191,nan,-0.0030969508209168018,0.0010065721050244191,nan,0.5418136270492477,0.5418136270492477,0.0,0.0,0.0,nan,0,1,1.0,0.0,-0.002871548934783499,0.0010437218878317652,nan,-0.002871548934783499,0.0010437218878317652,nan,0.5188912211965901,0.5188912211965901,0.0,0.0,0.0,nan,0,1,1.0,0.0,-0.0030969508209168018,0.0010065721050244191,nan,-0.0030969508209168018,0.0010065721050244191,nan,0.5418136270492477,0.5418136270492477,0.0,0.0,0.0,nan,0
89,0.05200000000000004,0.45,,scientific,0,1,0.16,1.0,0.0,-0.003100727835843235,0.0010052395377491187,nan,-0.003100727835843235,0.0010052395377491187,nan,0.5429408278098787,0.5429408278098787,0.0,0.0,0.0,nan,0,1,1.0,0.0,-0.002871548934783499,0.0010437218878317652,nan,-0.002871548934783499,0.0010437218878317652,nan,0.5188912211965901,0.5188912211965901,0.0,0.0,0.0,nan,0,1,1.0,0.0,-0.003100727835843235,0.0010052395377491187,nan,-0.003100727835843235,0.0010052395377491187,nan,0.5429408278098787,0.5429408278098787,0.0,0.0,0.0,nan,0
90,0.05300000000000004,0.45,,scientific,0,1,0.16,1.0,0.0,-0.0031044993523857266,0.0010039077659376497,nan,-0.0031044993523857266,0.0010039077659376497,nan,0.5440680253582494,0.5440680253582494,0.0,0.0,0.0,nan,0,1,1.0,0.0,-0.002871548934783499,0.0010437218878317652,nan,-0.002871548934783499,0.0010437218878317652,nan,0.5188912211965901,0.5188912211965901,0.0,0.0,0.0,nan,0,1,1.0,0.0,-0.0031044993523857266,0.0010039077659376497,nan,-0.0031044993523857266,0.0010039077659376497,nan,0.5440680253582494,0.5440680253582494,0.0,0.0,0.0,nan,0
91,0.05400000000000004,0.45,,scientific,0,1,0.16,1.0,0.0,-0.0031082655068096843,0.0010025768163999054,nan,-0.0031082655068096843,0.0010025768163999054,nan,0.5451952000858429,0.5451952000858429,0.0,0.0,0.0,nan,0,1,1.0,0.0,-0.002871548934783499,0.0010437218878317652,nan,-0.002871548934783499,0.0010437218878317652,nan,0.5188912211965901,0.5188912211965901,0.0,0.0,0.0,nan,0,1,1.0,0.0,-0.0031082655068096843,0.0010025768163999054,nan,-0.0031082655068096843,0.0010025768163999054,nan,0.5451952000858429,0.5451952000858429,0.0,0.0,0.0,nan,0
92,0.05500000000000004,0.45,,scientific,0,1,0.16,1.0,0.0,-0.0031120264137494843,0.00100124671052709,nan,-0.0031120264137494843,0.00100124671052709,nan,0.546322335691453,0.546322335691453,0.0,0.0,0.0,nan,0,1,1.0,0.0,-0.002871548934783499,0.0010437218878317652,nan,-0.002871548934783499,0.0010437218878317652,nan,0.5188912211965901,0.5188912211965901,0.0,0.0,0.0,nan,0,1,1.0,0.0,-0.0031120264137494843,0.00100124671052709,nan,-0.0031120264137494843,0.00100124671052709,nan,0.546322335691453,0.546322335691453,0.0,0.0,0.0,nan,0
93,0.05600000000000004,0.45,,scientific,0,1,0.16,1.0,0.0,-0.0031157821692995484,0.000999917464634682,nan,-0.0031157821692995484,0.000999917464634682,nan,0.5474494186701959,0.5474494186701959,0.0,0.0,0.0,nan,0,1,1.0,0.0,-0.002871548934783499,0.0010437218878317652,nan,-0.002871548934783499,0.0010437218878317652,nan,0.5188912211965901,0.5188912211965901,0.0,0.0,0.0,nan,0,1,1.0,0.0,-0.0031157821692995484,0.000999917464634682,nan,-0.0031157821692995484,0.000999917464634682,nan,0.5474494186701959,0.5474494186701959,0.0,0.0,0.0,nan,0
94,0.057000000000000044,0.45,,scientific,0,1,0.16,1.0,0.0,-0.003119532853093608,0.0009985890911485239,nan,-0.003119532853093608,0.0009985890911485239,nan,0.5485764378792535,0.5485764378792535,0.0,0.0,0.0,nan,0,1,1.0,0.0,-0.002871548934783499,0.0010437218878317652,nan,-0.002871548934783499,0.0010437218878317652,nan,0.5188912211965901,0.5188912211965901,0.0,0.0,0.0,nan,0,1,1.0,0.0,-0.003119532853093608,0.0009985890911485239,nan,-0.003119532853093608,0.0009985890911485239,nan,0.5485764378792535,0.5485764378792535,0.0,0.0,0.0,nan,0
95,0.058000000000000045,0.45,,scientific,0,1,0.16,1.0,0.0,-0.003123278538182848,0.0009972615976316717,nan,-0.003123278538182848,0.0009972615976316717,nan,0.5497033841659194,0.5497033841659194,0.0,0.0,0.0,nan,0,1,1.0,0.0,-0.002871548934783499,0.0010437218878317652,nan,-0.002871548934783499,0.0010437218878317652,nan,0.5188912211965901,0.5188912211965901,0.0,0.0,0.0,nan,0,1,1.0,0.0,-0.003123278538182848,0.0009972615976316717,nan,-0.003123278538182848,0.0009972615976316717,nan,0.5497033841659194,0.5497033841659194,0.0,0.0,0.0,nan,0
96,0.059000000000000045,0.45,,scientific,0,1,0.16,1.0,0.0,-0.0031270192863644274,0.0009959349874684258,nan,-0.0031270192863644274,0.0009959349874684258,nan,0.5508302500592374,0.5508302500592374,0.0,0.0,0.0,nan,0,1,1.0,0.0,-0.002871548934783499,0.0010437218878317652,nan,-0.002871548934783499,0.0010437218878317652,nan,0.5188912211965901,0.5188912211965901,0.0,0.0,0.0,nan,0,1,1.0,0.0,-0.0031270192863644274,0.0009959349874684258,nan,-0.0031270192863644274,0.0009959349874684258,nan,0.5508302500592374,0.5508302500592374,0.0,0.0,0.0,nan,0
97,0.060000000000000046,0.45,,scientific,0,1,0.16,1.0,0.0,-0.0031307551465389683,0.000994609263815438,nan,-0.0031307551465389683,0.000994609263815438,nan,0.5519570295011393,0.5519570295011393,0.0,0.0,0.0,nan,0,1,1.0,0.0,-0.002871548934783499,0.0010437218878317652,nan,-0.002871548934783499,0.0010437218878317652,nan,0.5188912211965901,0.5188912211965901,0.0,0.0,0.0,nan,0,1,1.0,0.0,-0.0031307551465389683,0.000994609263815438,nan,-0.0031307551465389683,0.000994609263815438,nan,0.5519570295011393,0.5519570295011393,0.0,0.0,0.0,nan,0
98,0.06100000000000005,0.45,,scientific,0,1,0.16,1.0,0.0,-0.002249507986978126,0.0011174419828187088,nan,-0.002249507986978126,0.0011174419828187088,nan,0.554248018343813,0.554248018343813,0.0,0.0,0.0,nan,0,1,1.0,0.0,-0.002026864332826427,0.0011622532347117496,nan,-0.002026864332826427,0.0011622532347117496,nan,0.5199677589999089,0.5199677589999089,0.0,0.0,0.0,nan,0,1,1.0,0.0,-0.002249507986978126,0.0011174419828187088,nan,-0.002249507986978126,0.0011174419828187088,nan,0.554248018343813,0.554248018343813,0.0,0.0,0.0,nan,0
99,0.06200000000000005,0.45,,scientific,0,1,0.16,1.0,0.0,-0.0022529327935847956,0.0011161623273524576,nan,-0.0022529327935847956,0.0011161623273524576,nan,0.5553762021787854,0.5553762021787854,0.0,0.0,0.0,nan,0,1,1.0,0.0,-0.002026864332826427,0.0011622532347117496,nan,-0.002026864332826427,0.0011622532347117496,nan,0.5199677589999089,0.5199677589999089,0.0,0.0,0.0,nan,0,1,1.0,0.0,-0.0022529327935847956,0.0011161623273524576,nan,-0.0022529327935847956,0.0011161623273524576,nan,0.5553762021787854,0.5553762021787854,0.0,0.0,0.0,nan,0
100,0.06300000000000004,0.45,,scientific,0,1,0.16064516129032258,1.0,0.0,-0.0022563531659128373,0.0011148835058082517,nan,-0.0022563531659128373,0.0011148835058082517,nan,0.5565042868554559,0.5565042868554559,0.0,0.0,0.0,nan,0,1,1.0,0.0,-0.002026864332826427,0.0011622532347117496,nan,-0.002026864332826427,0.0011622532347117496,nan,0.5199677589999089,0.5199677589999089,0.0,0.0,0.0,nan,0,1,1.0,0.0,-0.0022563531659128373,0.0011148835058082517,nan,-0.0022563531659128373,0.0011148835058082517,nan,0.5565042868554559,0.5565042868554559,0.0,0.0,0.0,nan,0
101,0.06400000000000004,0.45,,scientific,0,1,0.16064516129032258,1.0,0.0,-0.0022597691259121848,0.0011136055163100188,nan,-0.0022597691259121848,0.0011136055163100188,nan,0.5576322700573182,0.5576322700573182,0.0,0.0,0.0,nan,0,1,1.0,0.0,-0.002026864332826427,0.0011622532347117496,nan,-0.002026864332826427,0.0011622532347117496,nan,0.5199677589999089,0.5199677589999089,0.0,0.0,0.0,nan,0,1,1.0,0.0,-0.0022597691259121848,0.0011136055163100188,nan,-0.0022597691259121848,0.0011136055163100188,nan,0.5576322700573182,0.5576322700573182,0.0,0.0,0.0,nan,0
102,0.06500000000000004,0.45,,scientific,0,1,0.16064516129032258,1.0,0.0,-0.002263180690351205,0.0011123283583307079,nan,-0.002263180690351205,0.0011123283583307079,nan,0.5587601500566921,0.5587601500566921,0.0,0.0,0.0,nan,0,1,1.0,0.0,-0.002026864332826427,0.0011622532347117496,nan,-0.002026864332826427,0.0011622532347117496,nan,0.5199677589999089,0.5199677589999089,0.0,0.0,0.0,nan,0,1,1.0,0.0,-0.002263180690351205,0.0011123283583307079,nan,-0.002263180690351205,0.0011123283583307079,nan,0.5587601500566921,0.5587601500566921,0.0,0.0,0.0,nan,0
103,0.06600000000000004,0.45,,scientific,0,1,0.16064516129032258,1.0,0.0,-0.0021620057786694564,0.0002264691575133565,nan,-0.0021620057786694564,0.0002264691575133565,nan,0.561058588507526,0.561058588507526,0.0,0.0,0.0,nan,0,1,1.0,0.0,-0.0019271085334212094,0.00031827849875647814,nan,-0.0019271085334212094,0.00031827849875647814,nan,0.5210442968017589,0.5210442968017589,0.0,0.0,0.0,nan,0,1,1.0,0.0,-0.0021620057786694564,0.0002264691575133565,nan,-0.0021620057786694564,0.0002264691575133565,nan,0.561058588507526,0.561058588507526,0.0,0.0,0.0,nan,0
104,0.06700000000000005,0.45,,scientific,0,1,0.16064516129032258,1.0,0.0,-0.0014879205766763278,0.0008007244648443857,nan,-0.0014879205766763278,0.0008007244648443857,nan,0.5633603360474668,0.5633603360474668,0.0,0.0,0.0,nan,0,1,1.0,0.0,-0.0012810919162143247,0.000867484187203446,nan,-0.0012810919162143247,0.000867484187203446,nan,0.5221208346050775,0.5221208346050775,0.0,0.0,0.0,nan,0,1,1.0,0.0,-0.0014879205766763278,0.0008007244648443857,nan,-0.0014879205766763278,0.0008007244648443857,nan,0.5633603360474668,0.5633603360474668,0.0,0.0,0.0,nan,0
105,0.06800000000000005,0.45,,scientific,0,1,0.16064516129032258,1.0,0.0,-0.001491018768380146,0.0007993303442483502,nan,-0.001491018768380146,0.0007993303442483502,nan,0.564491178209275,0.564491178209275,0.0,0.0,0.0,nan,0,1,1.0,0.0,-0.0012810919162143247,0.000867484187203446,nan,-0.0012810919162143247,0.000867484187203446,nan,0.5221208346050775,0.5221208346050775,0.0,0.0,0.0,nan,0,1,1.0,0.0,-0.001491018768380146,0.0007993303442483502,nan,-0.001491018768380146,0.0007993303442483502,nan,0.564491178209275,0.564491178209275,0.0,0.0,0.0,nan,0
106,0.06900000000000005,0.45,,scientific,0,1,0.16064516129032258,1.0,0.0,-0.0014941130376742464,0.0007979372047691937,nan,-0.0014941130376742464,0.0007979372047691937,nan,0.5656219123613105,0.5656219123613105,0.0,0.0,0.0,nan,0,1,1.0,0.0,-0.0012810919162143247,0.000867484187203446,nan,-0.0012810919162143247,0.000867484187203446,nan,0.5221208346050775,0.5221208346050775,0.0,0.0,0.0,nan,0,1,1.0,0.0,-0.0014941130376742464,0.0007979372047691937,nan,-0.0014941130376742464,0.0007979372047691937,nan,0.5656219123613105,0.5656219123613105,0.0,0.0,0.0,nan,0
107,0.07000000000000005,0.45,,scientific,0,1,0.16064516129032258,1.0,0.0,-0.0014972033939795579,0.0007965450425010309,nan,-0.0014972033939795579,0.0007965450425010309,nan,0.566752538526917,0.566752538526917,0.0,0.0,0.0,nan,0,1,1.0,0.0,-0.0012810919162143247,0.000867484187203446,nan,-0.0012810919162143247,0.000867484187203446,nan,0.5221208346050775,0.5221208346050775,0.0,0.0,0.0,nan,0,1,1.0,0.0,-0.0014972033939795579,0.0007965450425010309,nan,-0.0014972033939795579,0.0007965450425010309,nan,0.566752538526917,0.566752538526917,0.0,0.0,0.0,nan,0
108,0.07100000000000005,0.45,,scientific,0,1,0.16064516129032258,1.0,0.0,-0.0015002898359548866,0.0007951538400558433,nan,-0.0015002898359548866,0.0007951538400558433,nan,0.5678830569310142,0.5678830569310142,0.0,0.0,0.0,nan,0,1,1.0,0.0,-0.0012810919162143247,0.000867484187203446,nan,-0.0012810919162143247,0.000867484187203446,nan,0.5221208346050775,0.5221208346050775,0.0,0.0,0.0,nan,0,1,1.0,0.0,-0.0015002898359548866,0.0007951538400558433,nan,-0.0015002898359548866,0.0007951538400558433,nan,0.5678830569310142,0.5678830569310142,0.0,0.0,0.0,nan,0
109,0.07200000000000005,0.45,,scientific,0,1,0.16064516129032258,1.0,0.0,-0.0006129458292345745,0.0007939100221983978,nan,-0.0006129458292345745,0.0007939100221983978,nan,0.5701952427140382,0.5701952427140382,0.0,0.0,0.0,nan,0,1,1.0,0.0,-0.000434345163076721,0.000867650068478049,nan,-0.000434345163076721,0.000867650068478049,nan,0.5231973724083961,0.5231973724083961,0.0,0.0,0.0,nan,0,1,1.0,0.0,-0.0006129458292345745,0.0007939100221983978,nan,-0.0006129458292345745,0.0007939100221983978,nan,0.5701952427140382,0.5701952427140382,0.0,0.0,0.0,nan,0
110,0.07300000000000005,0.45,,scientific,0,1,0.16064516129032258,1.0,0.0,-0.00014771143730989817,3.725130004354861e-05,nan,-0.00014771143730989817,3.725130004354861e-05,nan,0.5725105466142759,0.5725105466142759,0.0,0.0,0.0,nan,0,1,1.0,0.0,1.0553940254768756e-05,0.0001497035761937426,nan,1.0553940254768756e-05,0.0001497035761937426,nan,0.5242739102117147,0.5242739102117147,0.0,0.0,0.0,nan,0,1,1.0,0.0,-0.00014771143730989817,3.725130004354861e-05,nan,-0.00014771143730989817,3.725130004354861e-05,nan,0.5725105466142759,0.5725105466142759,0.0,0.0,0.0,nan,0
111,0.07400000000000005,0.45,,scientific,0,1,0.16064516129032258,1.0,0.0,-0.00015031643316446063,3.560444756365728e-05,nan,-0.00015031643316446063,3.560444756365728e-05,nan,0.5736439155042179,0.5736439155042179,0.0,0.0,0.0,nan,0,1,1.0,0.0,1.0553940254768756e-05,0.0001497035761937426,nan,1.0553940254768756e-05,0.0001497035761937426,nan,0.5242739102117147,0.5242739102117147,0.0,0.0,0.0,nan,0,1,1.0,0.0,-0.00015031643316446063,3.560444756365728e-05,nan,-0.00015031643316446063,3.560444756365728e-05,nan,0.5736439155042179,0.5736439155042179,0.0,0.0,0.0,nan,0
112,0.07500000000000005,0.45,,scientific,0,1,0.16064516129032258,1.0,0.0,-0.0001529180646528499,3.395882283342124e-05,nan,-0.0001529180646528499,3.395882283342124e-05,nan,0.574777177000035,0.574777177000035,0.0,0.0,0.0,nan,0,1,1.0,0.0,1.0553940254768756e-05,0.0001497035761937426,nan,1.0553940254768756e-05,0.0001497035761937426,nan,0.5242739102117147,0.5242739102117147,0.0,0.0,0.0,nan,0,1,1.0,0.0,-0.0001529180646528499,3.395882283342124e-05,nan,-0.0001529180646528499,3.395882283342124e-05,nan,0.574777177000035,0.574777177000035,0.0,0.0,0.0,nan,0
113,0.07600000000000005,0.45,,scientific,0,1,0.16064516129032258,1.0,0.0,-0.00015551633984314337,3.231441592465882e-05,nan,-0.00015551633984314337,3.231441592465882e-05,nan,0.5759103318555963,0.5759103318555963,0.0,0.0,0.0,nan,0,1,1.0,0.0,1.0553940254768756e-05,0.0001497035761937426,nan,1.0553940254768756e-05,0.0001497035761937426,nan,0.5242739102117147,0.5242739102117147,0.0,0.0,0.0,nan,0,1,1.0,0.0,-0.00015551633984314337,3.231441592465882e-05,nan,-0.00015551633984314337,3.231441592465882e-05,nan,0.5759103318555963,0.5759103318555963,0.0,0.0,0.0,nan,0
114,0.07700000000000005,0.45,,scientific,0,1,0.16064516129032258,1.0,0.0,-0.00015811127000201768,3.067122166235312e-05,nan,-0.00015811127000201768,3.067122166235312e-05,nan,0.5770433808781967,0.5770433808781967,0.0,0.0,0.0,nan,0,1,1.0,0.0,1.0553940254768756e-05,0.0001497035761937426,nan,1.0553940254768756e-05,0.0001497035761937426,nan,0.5242739102117147,0.5242739102117147,0.0,0.0,0.0,nan,0,1,1.0,0.0,-0.00015811127000201768,3.067122166235312e-05,nan,-0.00015811127000201768,3.067122166235312e-05,nan,0.5770433808781967,0.5770433808781967,0.0,0.0,0.0,nan,0
115,0.07800000000000006,0.45,,scientific,0,1,0.16064516129032258,1.0,0.0,-0.00016070286107325402,2.9029225648362838e-05,nan,-0.00016070286107325402,2.9029225648362838e-05,nan,0.578176324916267,0.578176324916267,0.0,0.0,0.0,nan,0,1,1.0,0.0,1.0553940254768756e-05,0.0001497035761937426,nan,1.0553940254768756e-05,0.0001497035761937426,nan,0.5242739102117147,0.5242739102117147,0.0,0.0,0.0,nan,0,1,1.0,0.0,-0.00016070286107325402,2.9029225648362838e-05,nan,-0.00016070286107325402,2.9029225648362838e-05,nan,0.578176324916267,0.578176324916267,0.0,0.0,0.0,nan,0
116,0.07900000000000006,0.45,,scientific,0,1,0.16064516129032258,1.0,0.0,-0.00016329111154127424,2.738842046618193e-05,nan,-0.00016329111154127424,2.738842046618193e-05,nan,0.5793091648422184,0.5793091648422184,0.0,0.0,0.0,nan,0,1,1.0,0.0,1.0553940254768756e-05,0.0001497035761937426,nan,1.0553940254768756e-05,0.0001497035761937426,nan,0.5242739102117147,0.5242739102117147,0.0,0.0,0.0,nan,0,1,1.0,0.0,-0.00016329111154127424,2.738842046618193e-05,nan,-0.00016329111154127424,2.738842046618193e-05,nan,0.5793091648422184,0.5793091648422184,0.0,0.0,0.0,nan,0
117,0.08000000000000006,0.45,,scientific,0,1,0.16064516129032258,1.0,0.0,-0.00016587602615412967,2.57487977531797e-05,nan,-0.00016587602615412967,2.57487977531797e-05,nan,0.5804419015403315,0.5804419015403315,0.0,0.0,0.0,nan,0,1,1.0,0.0,1.0553940254768756e-05,0.0001497035761937426,nan,1.0553940254768756e-05,0.0001497035761937426,nan,0.5242739102117147,0.5242739102117147,0.0,0.0,0.0,nan,0,1,1.0,0.0,-0.00016587602615412967,2.57487977531797e-05,nan,-0.00016587602615412967,2.57487977531797e-05,nan,0.5804419015403315,0.5804419015403315,0.0,0.0,0.0,nan,0
118,0.08100000000000006,0.45,,scientific,0,1,0.16064516129032258,1.0,0.0,-0.00012057123062786303,0.0017738876744571518,nan,-0.00012057123062786303,0.0017738876744571518,nan,0.5839647594312363,0.5839647594312363,0.0,0.0,0.0,nan,0,1,1.0,0.0,5.585868240423787e-05,0.0018097223839227334,nan,5.585868240423787e-05,0.0018097223839227334,nan,0.5264269858183519,0.5264269858183519,0.0,0.0,0.0,nan,0,1,1.0,0.0,-0.00012057123062786303,0.0017738876744571518,nan,-0.00012057123062786303,0.0017738876744571518,nan,0.5839647594312363,0.5839647594312363,0.0,0.0,0.0,nan,0
119,0.08200000000000006,0.45,,scientific,0,1,0.16064516129032258,1.0,0.0,0.0004438997485817907,0.0010891013689589503,nan,0.0004438997485817907,0.0010891013689589503,nan,0.5862981243085813,0.5862981243085813,0.0,0.0,0.0,nan,0,1,1.0,0.0,0.0005931558645517297,0.0011618264297707202,nan,0.0005931558645517297,0.0011618264297707202,nan,0.5275035236216706,0.5275035236216706,0.0,0.0,0.0,nan,0,1,1.0,0.0,0.0004438997485817907,0.0010891013689589503,nan,0.0004438997485817907,0.0010891013689589503,nan,0.5862981243085813,0.5862981243085813,0.0,0.0,0.0,nan,0
120,0.08300000000000006,0.45,,scientific,0,1,0.16064516129032258,1.0,0.0,0.00044155128135960645,0.0010877987660942046,nan,0.00044155128135960645,0.0010877987660942046,nan,0.5874352446911832,0.5874352446911832,0.0,0.0,0.0,nan,0,1,1.0,0.0,0.0005931558645517297,0.0011618264297707202,nan,0.0005931558645517297,0.0011618264297707202,nan,0.5275035236216706,0.5275035236216706,0.0,0.0,0.0,nan,0,1,1.0,0.0,0.00044155128135960645,0.0010877987660942046,nan,0.00044155128135960645,0.0010877987660942046,nan,0.5874352446911832,0.5874352446911832,0.0,0.0,0.0,nan,0
121,0.08400000000000006,0.45,,scientific,0,1,0.16064516129032258,1.0,0.0,0.0004392058153036875,0.0010864970890077498,nan,0.0004392058153036875,0.0010864970890077498,nan,0.5885722629657273,0.5885722629657273,0.0,0.0,0.0,nan,0,1,1.0,0.0,0.0005931558645517297,0.0011618264297707202,nan,0.0005931558645517297,0.0011618264297707202,nan,0.5275035236216706,0.5275035236216706,0.0,0.0,0.0,nan,0,1,1.0,0.0,0.0004392058153036875,0.0010864970890077498,nan,0.0004392058153036875,0.0010864970890077498,nan,0.5885722629657273,0.5885722629657273,0.0,0.0,0.0,nan,0
122,0.08500000000000006,0.45,,scientific,0,1,0.16064516129032258,1.0,0.0,0.00043686334366687085,0.0010851963348162106,nan,0.00043686334366687085,0.0010851963348162106,nan,0.5897091800484262,0.5897091800484262,0.0,0.0,0.0,nan,0,1,1.0,0.0,0.0005931558645517297,0.0011618264297707202,nan,0.0005931558645517297,0.0011618264297707202,nan,0.5275035236216706,0.5275035236216706,0.0,0.0,0.0,nan,0,1,1.0,0.0,0.00043686334366687085,0.0010851963348162106,nan,0.00043686334366687085,0.0010851963348162106,nan,0.5897091800484262,0.5897091800484262,0.0,0.0,0.0,nan,0
123,0.08600000000000006,0.45,,scientific,0,1,0.16064516129032258,1.0,0.0,0.00043452386168732796,0.0010838964990158612,nan,0.00043452386168732796,0.0010838964990158612,nan,0.5908459968493358,0.5908459968493358,0.0,0.0,0.0,nan,0,1,1.0,0.0,0.0005931558645517297,0.0011618264297707202,nan,0.0005931558645517297,0.0011618264297707202,nan,0.5275035236216706,0.5275035236216706,0.0,0.0,0.0,nan,0,1,1.0,0.0,0.00043452386168732796,0.0010838964990158612,nan,0.00043452386168732796,0.0010838964990158612,nan,0.5908459968493358,0.5908459968493358,0.0,0.0,0.0,nan,0
124,0.08700000000000006,0.45,,scientific,0,1,0.16064516129032258,1.0,0.0,0.0004321873716210005,0.001082597575443516,nan,0.0004321873716210005,0.001082597575443516,nan,0.5919827142708529,0.5919827142708529,0.0,0.0,0.0,nan,0,1,1.0,0.0,0.0005931558645517297,0.0011618264297707202,nan,0.0005931558645517297,0.0011618264297707202,nan,0.5275035236216706,0.5275035236216706,0.0,0.0,0.0,nan,0,1,1.0,0.0,0.0004321873716210005,0.001082597575443516,nan,0.0004321873716210005,0.001082597575443516,nan,0.5919827142708529,0.5919827142708529,0.0,0.0,0.0,nan,0
125,0.08800000000000006,0.45,,scientific,0,1,0.16064516129032258,1.0,0.0,0.00042125358498674526,0.000192031240930595,nan,0.00042125358498674526,0.000192031240930595,nan,0.5943263391416198,0.5943263391416198,0.0,0.0,0.0,nan,0,1,1.0,0.0,0.0005850061066293991,0.00032084229063560445,nan,0.0005850061066293991,0.00032084229063560445,nan,0.5285800614244525,0.5285800614244525,0.0,0.0,0.0,nan,0,1,1.0,0.0,0.00042125358498674526,0.000192031240930595,nan,0.00042125358498674526,0.000192031240930595,nan,0.5943263391416198,0.5943263391416198,0.0,0.0,0.0,nan,0
126,0.08900000000000007,0.45,,scientific,0,1,0.16064516129032258,1.0,0.0,0.0004189208609011364,0.00019039420091037336,nan,0.0004189208609011364,0.00019039420091037336,nan,0.5954644818795252,0.5954644818795252,0.0,0.0,0.0,nan,0,1,1.0,0.0,0.0005850061066293991,0.00032084229063560445,nan,0.0005850061066293991,0.00032084229063560445,nan,0.5285800614244525,0.5285800614244525,0.0,0.0,0.0,nan,0,1,1.0,0.0,0.0004189208609011364,0.00019039420091037336,nan,0.0004189208609011364,0.00019039420091037336,nan,0.5954644818795252,0.5954644818795252,0.0,0.0,0.0,nan,0
127,0.09000000000000007,0.45,,scientific,0,1,0.16064516129032258,1.0,0.0,0.000416591099015172,0.00018875852704970225,nan,0.000416591099015172,0.00018875852704970225,nan,0.5966025268875661,0.5966025268875661,0.0,0.0,0.0,nan,0,1,1.0,0.0,0.0005850061066293991,0.00032084229063560445,nan,0.0005850061066293991,0.00032084229063560445,nan,0.5285800614244525,0.5285800614244525,0.0,0.0,0.0,nan,0,1,1.0,0.0,0.000416591099015172,0.00018875852704970225,nan,0.000416591099015172,0.00018875852704970225,nan,0.5966025268875661,0.5966025268875661,0.0,0.0,0.0,nan,0
128,0.09100000000000007,0.45,,scientific,0,1,0.16064516129032258,1.0,0.0,0.0004142642935607871,0.00018712422892178145,nan,0.0004142642935607871,0.00018712422892178145,nan,0.5977404750054547,0.5977404750054547,0.0,0.0,0.0,nan,0,1,1.0,0.0,0.0005850061066293991,0.00032084229063560445,nan,0.0005850061066293991,0.00032084229063560445,nan,0.5285800614244525,0.5285800614244525,0.0,0.0,0.0,nan,0,1,1.0,0.0,0.0004142642935607871,0.00018712422892178145,nan,0.0004142642935607871,0.00018712422892178145,nan,0.5977404750054547,0.5977404750054547,0.0,0.0,0.0,nan,0
129,0.09200000000000007,0.45,,scientific,0,1,0.16064516129032258,1.0,0.0,0.001276528121325713,0.00037189048342238366,nan,0.001276528121325713,0.00037189048342238366,nan,0.6000910053788462,0.6000910053788462,0.0,0.0,0.0,nan,0,1,1.0,0.0,0.0014020035650781967,0.0004969533681003326,nan,0.0014020035650781967,0.0004969533681003326,nan,0.5296565992277712,0.5296565992277712,0.0,0.0,0.0,nan,0,1,1.0,0.0,0.001276528121325713,0.00037189048342238366,nan,0.001276528121325713,0.00037189048342238366,nan,0.6000910053788462,0.6000910053788462,0.0,0.0,0.0,nan,0
130,0.09300000000000007,0.45,,scientific,0,1,0.16064516129032258,1.0,0.0,0.001274480140081084,0.0003703179960014307,nan,0.001274480140081084,0.0003703179960014307,nan,0.601230297050876,0.601230297050876,0.0,0.0,0.0,nan,0,1,1.0,0.0,0.0014020035650781967,0.0004969533681003326,nan,0.0014020035650781967,0.0004969533681003326,nan,0.5296565992277712,0.5296565992277712,0.0,0.0,0.0,nan,0,1,1.0,0.0,0.001274480140081084,0.0003703179960014307,nan,0.001274480140081084,0.0003703179960014307,nan,0.601230297050876,0.601230297050876,0.0,0.0,0.0,nan,0
131,0.09400000000000007,0.45,,scientific,0,1,0.16064516129032258,1.0,0.0,0.0012724348639769453,0.0003687468415438283,nan,0.0012724348639769453,0.0003687468415438283,nan,0.6023694935066385,0.6023694935066385,0.0,0.0,0.0,nan,0,1,1.0,0.0,0.0014020035650781967,0.0004969533681003326,nan,0.0014020035650781967,0.0004969533681003326,nan,0.5296565992277712,0.5296565992277712,0.0,0.0,0.0,nan,0,1,1.0,0.0,0.0012724348639769453,0.0003687468415438283,nan,0.0012724348639769453,0.0003687468415438283,nan,0.6023694935066385,0.6023694935066385,0.0,0.0,0.0,nan,0
132,0.09500000000000007,0.45,,scientific,0,1,0.16064516129032258,1.0,0.0,0.0005388646803542751,0.0017562520992525415,nan,0.0005388646803542751,0.0017562520992525415,nan,0.6059397160067255,0.6059397160067255,0.0,0.0,0.0,nan,0,1,1.0,0.0,0.0007105690446341694,0.0018101651360905632,nan,0.0007105690446341694,0.0018101651360905632,nan,0.5318096748344084,0.5318096748344084,0.0,0.0,0.0,nan,0,1,1.0,0.0,0.0005388646803542751,0.0017562520992525415,nan,0.0005388646803542751,0.0017562520992525415,nan,0.6059397160067255,0.6059397160067255,0.0,0.0,0.0,nan,0
133,0.09600000000000007,0.45,,scientific,0,1,0.16064516129032258,1.0,0.0,0.0005366169481568892,0.001755082426074395,nan,0.0005366169481568892,0.001755082426074395,nan,0.6070817152996243,0.6070817152996243,0.0,0.0,0.0,nan,0,1,1.0,0.0,0.0007105690446341694,0.0018101651360905632,nan,0.0007105690446341694,0.0018101651360905632,nan,0.5318096748344084,0.5318096748344084,0.0,0.0,0.0,nan,0,1,1.0,0.0,0.0005366169481568892,0.001755082426074395,nan,0.0005366169481568892,0.001755082426074395,nan,0.6070817152996243,0.6070817152996243,0.0,0.0,0.0,nan,0
134,0.09700000000000007,0.45,,scientific,0,1,0.16064516129032258,1.0,0.0,0.0005343719949820843,0.0017539139012014307,nan,0.0005343719949820843,0.0017539139012014307,nan,0.6082236203432128,0.6082236203432128,0.0,0.0,0.0,nan,0,1,1.0,0.0,0.0007105690446341694,0.0018101651360905632,nan,0.0007105690446341694,0.0018101651360905632,nan,0.5318096748344084,0.5318096748344084,0.0,0.0,0.0,nan,0,1,1.0,0.0,0.0005343719949820843,0.0017539139012014307,nan,0.0005343719949820843,0.0017539139012014307,nan,0.6082236203432128,0.6082236203432128,0.0,0.0,0.0,nan,0
135,0.09800000000000007,0.45,,scientific,0,1,0.16064516129032258,1.0,0.0,0.0005321298269071516,0.0017527465136252007,nan,0.0005321298269071516,0.0017527465136252007,nan,0.6093654318827263,0.6093654318827263,0.0,0.0,0.0,nan,0,1,1.0,0.0,0.0007105690446341694,0.0018101651360905632,nan,0.0007105690446341694,0.0018101651360905632,nan,0.5318096748344084,0.5318096748344084,0.0,0.0,0.0,nan,0,1,1.0,0.0,0.0005321298269071516,0.0017527465136252007,nan,0.0005321298269071516,0.0017527465136252007,nan,0.6093654318827263,0.6093654318827263,0.0,0.0,0.0,nan,0
136,0.09900000000000007,0.45,,scientific,0,1,0.16129032258064516,1.0,0.0,-0.00027450315293377236,0.001872542313482605,nan,-0.00027450315293377236,0.001872542313482605,nan,0.6141752393672786,0.6141752393672786,0.0,0.0,0.0,nan,0,1,1.0,0.0,-5.117722782247981e-05,0.001922941780391153,nan,-5.117722782247981e-05,0.001922941780391153,nan,0.5350392882443642,0.5350392882443642,0.0,0.0,0.0,nan,0,1,1.0,0.0,-0.00027450315293377236,0.001872542313482605,nan,-0.00027450315293377236,0.001872542313482605,nan,0.6141752393672786,0.6141752393672786,0.0,0.0,0.0,nan,0
137,0.10000000000000007,0.45,,scientific,0,1,0.16129032258064516,1.0,0.0,-0.00027689640013578784,0.0018714585209750733,nan,-0.00027689640013578784,0.0018714585209750733,nan,0.6153214606989164,0.6153214606989164,0.0,0.0,0.0,nan,0,1,1.0,0.0,-5.117722782247981e-05,0.001922941780391153,nan,-5.117722782247981e-05,0.001922941780391153,nan,0.5350392882443642,0.5350392882443642,0.0,0.0,0.0,nan,0,1,1.0,0.0,-0.00027689640013578784,0.0018714585209750733,nan,-0.00027689640013578784,0.0018714585209750733,nan,0.6153214606989164,0.6153214606989164,0.0,0.0,0.0,nan,0
138,0.10100000000000008,0.45,,scientific,0,1,0.16129032258064516,1.0,0.0,-0.000279287099588942,0.0018703756532572771,nan,-0.000279287099588942,0.0018703756532572771,nan,0.6164675883732407,0.6164675883732407,0.0,0.0,0.0,nan,0,1,1.0,0.0,-5.117722782247981e-05,0.001922941780391153,nan,-5.117722782247981e-05,0.001922941780391153,nan,0.5350392882443642,0.5350392882443642,0.0,0.0,0.0,nan,0,1,1.0,0.0,-0.000279287099588942,0.0018703756532572771,nan,-0.000279287099588942,0.0018703756532572771,nan,0.6164675883732407,0.6164675883732407,0.0,0.0,0.0,nan,0
139,0.10200000000000008,0.45,,scientific,0,1,0.16129032258064516,1.0,0.0,-0.0008410539790320113,0.0011834834766559622,nan,-0.0008410539790320113,0.0011834834766559622,nan,0.6188435723057872,0.6188435723057872,0.0,0.0,0.0,nan,0,1,1.0,0.0,-0.0005771355014386422,0.001277979650349069,nan,-0.0005771355014386422,0.001277979650349069,nan,0.5361158260476828,0.5361158260476828,0.0,0.0,0.0,nan,0,1,1.0,0.0,-0.0008410539790320113,0.0011834834766559622,nan,-0.0008410539790320113,0.0011834834766559622,nan,0.6188435723057872,0.6188435723057872,0.0,0.0,0.0,nan,0
140,0.10300000000000008,0.45,,scientific,0,1,0.16129032258064516,1.0,0.0,-0.0008436468591465359,0.0011821511928479327,nan,-0.0008436468591465359,0.0011821511928479327,nan,0.6199911095322429,0.6199911095322429,0.0,0.0,0.0,nan,0,1,1.0,0.0,-0.0005771355014386422,0.001277979650349069,nan,-0.0005771355014386422,0.001277979650349069,nan,0.5361158260476828,0.5361158260476828,0.0,0.0,0.0,nan,0,1,1.0,0.0,-0.0008436468591465359,0.0011821511928479327,nan,-0.0008436468591465359,0.0011821511928479327,nan,0.6199911095322429,0.6199911095322429,0.0,0.0,0.0,nan,0
141,0.10400000000000008,0.45,,scientific,0,1,0.16129032258064516,1.0,0.0,-0.0008462369978647476,0.001180820178907152,nan,-0.0008462369978647476,0.001180820178907152,nan,0.6211385542356955,0.6211385542356955,0.0,0.0,0.0,nan,0,1,1.0,0.0,-0.0005771355014386422,0.001277979650349069,nan,-0.0005771355014386422,0.001277979650349069,nan,0.5361158260476828,0.5361158260476828,0.0,0.0,0.0,nan,0,1,1.0,0.0,-0.0008462369978647476,0.001180820178907152,nan,-0.0008462369978647476,0.001180820178907152,nan,0.6211385542356955,0.6211385542356955,0.0,0.0,0.0,nan,0
142,0.10500000000000008,0.45,,scientific,0,1,0.16129032258064516,1.0,0.0,-0.0008488243748931556,0.001179490433588373,nan,-0.0008488243748931556,0.001179490433588373,nan,0.6222859070420315,0.6222859070420315,0.0,0.0,0.0,nan,0,1,1.0,0.0,-0.0005771355014386422,0.001277979650349069,nan,-0.0005771355014386422,0.001277979650349069,nan,0.5361158260476828,0.5361158260476828,0.0,0.0,0.0,nan,0,1,1.0,0.0,-0.0008488243748931556,0.001179490433588373,nan,-0.0008488243748931556,0.001179490433588373,nan,0.6222859070420315,0.6222859070420315,0.0,0.0,0.0,nan,0
143,0.10600000000000008,0.45,,scientific,0,1,0.16129032258064516,1.0,0.0,-0.000961008590715459,0.0011036110663027894,nan,-0.000961008590715459,0.0011036110663027894,nan,0.6259024873171958,0.6259024873171958,0.0,0.0,0.0,nan,0,1,1.0,0.0,-0.0006797818407784903,0.001207284202317483,nan,-0.0006797818407784903,0.001207284202317483,nan,0.5382689016543201,0.5382689016543201,0.0,0.0,0.0,nan,0,1,1.0,0.0,-0.000961008590715459,0.0011036110663027894,nan,-0.000961008590715459,0.0011036110663027894,nan,0.6259024873171958,0.6259024873171958,0.0,0.0,0.0,nan,0
144,0.10700000000000008,0.45,,scientific,0,1,0.16129032258064516,1.0,0.0,-0.0009636344230062801,0.0011022740841639337,nan,-0.0009636344230062801,0.0011022740841639337,nan,0.6270527282254764,0.6270527282254764,0.0,0.0,0.0,nan,0,1,1.0,0.0,-0.0006797818407784903,0.001207284202317483,nan,-0.0006797818407784903,0.001207284202317483,nan,0.5382689016543201,0.5382689016543201,0.0,0.0,0.0,nan,0,1,1.0,0.0,-0.0009636344230062801,0.0011022740841639337,nan,-0.0009636344230062801,0.0011022740841639337,nan,0.6270527282254764,0.6270527282254764,0.0,0.0,0.0,nan,0
145,0.10800000000000008,0.45,,scientific,0,1,0.16193548387096773,1.0,0.0,-0.000966257447002073,0.0011009383338735279,nan,-0.000966257447002073,0.0011009383338735279,nan,0.6282028775473196,0.6282028775473196,0.0,0.0,0.0,nan,0,1,1.0,0.0,-0.0006797818407784903,0.001207284202317483,nan,-0.0006797818407784903,0.001207284202317483,nan,0.5382689016543201,0.5382689016543201,0.0,0.0,0.0,nan,0,1,1.0,0.0,-0.000966257447002073,0.0011009383338735279,nan,-0.000966257447002073,0.0011009383338735279,nan,0.6282028775473196,0.6282028775473196,0.0,0.0,0.0,nan,0
146,0.10900000000000008,0.45,,scientific,0,1,0.16193548387096773,1.0,0.0,-0.0009688776541254292,0.0010996038424171753,nan,-0.0009688776541254292,0.0010996038424171753,nan,0.6293529358613519,0.6293529358613519,0.0,0.0,0.0,nan,0,1,1.0,0.0,-0.0006797818407784903,0.001207284202317483,nan,-0.0006797818407784903,0.001207284202317483,nan,0.5382689016543201,0.5382689016543201,0.0,0.0,0.0,nan,0,1,1.0,0.0,-0.0009688776541254292,0.0010996038424171753,nan,-0.0009688776541254292,0.0010996038424171753,nan,0.6293529358613519,0.6293529358613519,0.0,0.0,0.0,nan,0
147,0.11000000000000008,0.45,,scientific,0,1,0.16193548387096773,1.0,0.0,-0.0014412908880422786,0.001838039957927317,nan,-0.0014412908880422786,0.001838039957927317,nan,0.6317440411764689,0.6317440411764689,0.0,0.0,0.0,nan,0,1,1.0,0.0,-0.0011207583222479116,0.0019016679134557632,nan,-0.0011207583222479116,0.0019016679134557632,nan,0.5393454394576387,0.5393454394576387,0.0,0.0,0.0,nan,0,1,1.0,0.0,-0.0014412908880422786,0.001838039957927317,nan,-0.0014412908880422786,0.001838039957927317,nan,0.6317440411764689,0.6317440411764689,0.0,0.0,0.0,nan,0
148,0.11100000000000008,0.45,,scientific,0,1,0.16193548387096773,1.0,0.0,-0.0014440608288684325,0.0018369526930010075,nan,-0.0014440608288684325,0.0018369526930010075,nan,0.6328954567547459,0.6328954567547459,0.0,0.0,0.0,nan,0,1,1.0,0.0,-0.0011207583222479116,0.0019016679134557632,nan,-0.0011207583222479116,0.0019016679134557632,nan,0.5393454394576387,0.5393454394576387,0.0,0.0,0.0,nan,0,1,1.0,0.0,-0.0014440608288684325,0.0018369526930010075,nan,-0.0014440608288684325,0.0018369526930010075,nan,0.6328954567547459,0.6328954567547459,0.0,0.0,0.0,nan,0
149,0.11200000000000009,0.45,,scientific,0,1,0.1625806451612903,1.0,0.0,-0.0014468278320821472,0.0018358663908646566,nan,-0.0014468278320821472,0.0018358663908646566,nan,0.6340467822368201,0.6340467822368201,0.0,0.0,0.0,nan,0,1,1.0,0.0,-0.0011207583222479116,0.0019016679134557632,nan,-0.0011207583222479116,0.0019016679134557632,nan,0.5393454394576387,0.5393454394576387,0.0,0.0,0.0,nan,0,1,1.0,0.0,-0.0014468278320821472,0.0018358663908646566,nan,-0.0014468278320821472,0.0018358663908646566,nan,0.6340467822368201,0.6340467822368201,0.0,0.0,0.0,nan,0
150,0.11300000000000009,0.45,,scientific,0,1,0.1625806451612903,1.0,0.0,-0.0014495918870668272,0.0018347810695491127,nan,-0.0014495918870668272,0.0018347810695491127,nan,0.6351980181442913,0.6351980181442913,0.0,0.0,0.0,nan,0,1,1.0,0.0,-0.0011207583222479116,0.0019016679134557632,nan,-0.0011207583222479116,0.0019016679134557632,nan,0.5393454394576387,0.5393454394576387,0.0,0.0,0.0,nan,0,1,1.0,0.0,-0.0014495918870668272,0.0018347810695491127,nan,-0.0014495918870668272,0.0018347810695491127,nan,0.6351980181442913,0.6351980181442913,0.0,0.0,0.0,nan,0
151,0.11400000000000009,0.45,,scientific,0,1,0.1625806451612903,1.0,0.0,-0.00145235304432632,0.0018336967158333372,nan,-0.00145235304432632,0.0018336967158333372,nan,0.6363491649896196,0.6363491649896196,0.0,0.0,0.0,nan,0,1,1.0,0.0,-0.0011207583222479116,0.0019016679134557632,nan,-0.0011207583222479116,0.0019016679134557632,nan,0.5393454394576387,0.5393454394576387,0.0,0.0,0.0,nan,0,1,1.0,0.0,-0.00145235304432632,0.0018336967158333372,nan,-0.00145235304432632,0.0018336967158333372,nan,0.6363491649896196,0.6363491649896196,0.0,0.0,0.0,nan,0
152,0.11500000000000009,0.45,,scientific,0,1,0.1625806451612903,1.0,0.0,-0.0012455893147455008,0.0012025165465948718,nan,-0.0012455893147455008,0.0012025165465948718,nan,0.6399930567740197,0.6399930567740197,0.0,0.0,0.0,nan,0,1,1.0,0.0,-0.0009253820335950057,0.0013094409375117798,nan,-0.0009253820335950057,0.0013094409375117798,nan,0.5414985150642759,0.5414985150642759,0.0,0.0,0.0,nan,0,1,1.0,0.0,-0.0012455893147455008,0.0012025165465948718,nan,-0.0012455893147455008,0.0012025165465948718,nan,0.6399930567740197,0.6399930567740197,0.0,0.0,0.0,nan,0
153,0.11600000000000009,0.45,,scientific,0,1,0.1625806451612903,1.0,0.0,-0.0012482644054680441,0.0012012553069723365,nan,-0.0012482644054680441,0.0012012553069723365,nan,0.6411470209246889,0.6411470209246889,0.0,0.0,0.0,nan,0,1,1.0,0.0,-0.0009253820335950057,0.0013094409375117798,nan,-0.0009253820335950057,0.0013094409375117798,nan,0.5414985150642759,0.5414985150642759,0.0,0.0,0.0,nan,0,1,1.0,0.0,-0.0012482644054680441,0.0012012553069723365,nan,-0.0012482644054680441,0.0012012553069723365,nan,0.6411470209246889,0.6411470209246889,0.0,0.0,0.0,nan,0
154,0.11700000000000009,0.45,,scientific,0,1,0.1625806451612903,1.0,0.0,-0.0019176227784665281,0.00027884642655738194,nan,-0.0019176227784665281,0.00027884642655738194,nan,0.6448076152392491,0.6448076152392491,0.0,0.0,0.0,nan,0,1,1.0,0.0,-0.0015497046639720157,0.0004484497790759994,nan,-0.0015497046639720157,0.0004484497790759994,nan,0.5436515906695962,0.5436515906695962,0.0,0.0,0.0,nan,0,1,1.0,0.0,-0.0019176227784665281,0.00027884642655738194,nan,-0.0019176227784665281,0.00027884642655738194,nan,0.6448076152392491,0.6448076152392491,0.0,0.0,0.0,nan,0
155,0.11800000000000009,0.45,,scientific,0,1,0.1625806451612903,1.0,0.0,-0.0019205082414667277,0.00027724375989269417,nan,-0.0019205082414667277,0.00027724375989269417,nan,0.6459645381404127,0.6459645381404127,0.0,0.0,0.0,nan,0,1,1.0,0.0,-0.0015497046639720157,0.0004484497790759994,nan,-0.0015497046639720157,0.0004484497790759994,nan,0.5436515906695962,0.5436515906695962,0.0,0.0,0.0,nan,0,1,1.0,0.0,-0.0019205082414667277,0.00027724375989269417,nan,-0.0019205082414667277,0.00027724375989269417,nan,0.6459645381404127,0.6459645381404127,0.0,0.0,0.0,nan,0
156,0.11900000000000009,0.45,,scientific,0,1,0.16322580645161291,1.0,0.0,-0.0019233907617579968,0.00027564262354383477,nan,-0.0019233907617579968,0.00027564262354383477,nan,0.6471213713762953,0.6471213713762953,0.0,0.0,0.0,nan,0,1,1.0,0.0,-0.0015497046639720157,0.0004484497790759994,nan,-0.0015497046639720157,0.0004484497790759994,nan,0.5436515906695962,0.5436515906695962,0.0,0.0,0.0,nan,0,1,1.0,0.0,-0.0019233907617579968,0.00027564262354383477,nan,-0.0019233907617579968,0.00027564262354383477,nan,0.6471213713762953,0.6471213713762953,0.0,0.0,0.0,nan,0
157,0.12000000000000009,0.45,,scientific,0,1,0.16322580645161291,1.0,0.0,-0.0019262703451210458,0.0002740430402685858,nan,-0.0019262703451210458,0.0002740430402685858,nan,0.6482781154055275,0.6482781154055275,0.0,0.0,0.0,nan,0,1,1.0,0.0,-0.0015497046639720157,0.0004484497790759994,nan,-0.0015497046639720157,0.0004484497790759994,nan,0.5436515906695962,0.5436515906695962,0.0,0.0,0.0,nan,0,1,1.0,0.0,-0.0019262703451210458,0.0002740430402685858,nan,-0.0019262703451210458,0.0002740430402685858,nan,0.6482781154055275,0.6482781154055275,0.0,0.0,0.0,nan,0
158,0.1210000000000001,0.45,,scientific,0,1,0.16322580645161291,1.0,0.0,-0.0019291470336228003,0.00027244498095912957,nan,-0.0019291470336228003,0.00027244498095912957,nan,0.6494347706671159,0.6494347706671159,0.0,0.0,0.0,nan,0,1,1.0,0.0,-0.0015497046639720157,0.0004484497790759994,nan,-0.0015497046639720157,0.0004484497790759994,nan,0.5436515906695962,0.5436515906695962,0.0,0.0,0.0,nan,0,1,1.0,0.0,-0.0019291470336228003,0.00027244498095912957,nan,-0.0019291470336228003,0.00027244498095912957,nan,0.6494347706671159,0.6494347706671159,0.0,0.0,0.0,nan,0
159,0.1220000000000001,0.45,,scientific,0,1,0.16322580645161291,1.0,0.0,-0.0019320208411087044,0.00027084841885920185,nan,-0.0019320208411087044,0.00027084841885920185,nan,0.6505913375939779,0.6505913375939779,0.0,0.0,0.0,nan,0,1,1.0,0.0,-0.0015497046639720157,0.0004484497790759994,nan,-0.0015497046639720157,0.0004484497790759994,nan,0.5436515906695962,0.5436515906695962,0.0,0.0,0.0,nan,0,1,1.0,0.0,-0.0019320208411087044,0.00027084841885920185,nan,-0.0019320208411087044,0.00027084841885920185,nan,0.6505913375939779,0.6505913375939779,0.0,0.0,0.0,nan,0
160,0.1230000000000001,0.45,,scientific,0,1,0.16322580645161291,1.0,0.0,-0.0021900426087741254,-0.0004856522386007347,nan,-0.0021900426087741254,-0.0004856522386007347,nan,0.6542689971296776,0.6542689971296776,0.0,0.0,0.0,nan,0,1,1.0,0.0,-0.0017873924895323154,-0.0002576110238249505,nan,-0.0017873924895323154,-0.0002576110238249505,nan,0.5458046662762335,0.5458046662762335,0.0,0.0,0.0,nan,0,1,1.0,0.0,-0.0021900426087741254,-0.0004856522386007347,nan,-0.0021900426087741254,-0.0004856522386007347,nan,0.6542689971296776,0.6542689971296776,0.0,0.0,0.0,nan,0
161,0.1240000000000001,0.45,,scientific,0,1,0.16322580645161291,1.0,0.0,-0.002193006292015254,-0.00048748454125749086,nan,-0.002193006292015254,-0.00048748454125749086,nan,0.6554284274619399,0.6554284274619399,0.0,0.0,0.0,nan,0,1,1.0,0.0,-0.0017873924895323154,-0.0002576110238249505,nan,-0.0017873924895323154,-0.0002576110238249505,nan,0.5458046662762335,0.5458046662762335,0.0,0.0,0.0,nan,0,1,1.0,0.0,-0.002193006292015254,-0.00048748454125749086,nan,-0.002193006292015254,-0.00048748454125749086,nan,0.6554284274619399,0.6554284274619399,0.0,0.0,0.0,nan,0
162,0.12500000000000008,0.45,,scientific,0,1,0.1638709677419355,1.0,0.0,-0.0021959669568208354,-0.000489315105863456,nan,-0.0021959669568208354,-0.000489315105863456,nan,0.6565877692400012,0.6565877692400012,0.0,0.0,0.0,nan,0,1,1.0,0.0,-0.0017873924895323154,-0.0002576110238249505,nan,-0.0017873924895323154,-0.0002576110238249505,nan,0.5458046662762335,0.5458046662762335,0.0,0.0,0.0,nan,0,1,1.0,0.0,-0.0021959669568208354,-0.000489315105863456,nan,-0.0021959669568208354,-0.000489315105863456,nan,0.6565877692400012,0.6565877692400012,0.0,0.0,0.0,nan,0
163,0.12600000000000008,0.45,,scientific,0,1,0.1638709677419355,1.0,0.0,-0.002198924648472429,-0.0004911439114734308,nan,-0.002198924648472429,-0.0004911439114734308,nan,0.6577470228322595,0.6577470228322595,0.0,0.0,0.0,nan,0,1,1.0,0.0,-0.0017873924895323154,-0.0002576110238249505,nan,-0.0017873924895323154,-0.0002576110238249505,nan,0.5458046662762335,0.5458046662762335,0.0,0.0,0.0,nan,0,1,1.0,0.0,-0.002198924648472429,-0.0004911439114734308,nan,-0.002198924648472429,-0.0004911439114734308,nan,0.6577470228322595,0.6577470228322595,0.0,0.0,0.0,nan,0
164,0.12700000000000009,0.45,,scientific,0,1,0.1638709677419355,1.0,0.0,-0.0014028585223569913,-0.0008637716119362639,nan,-0.0014028585223569913,-0.0008637716119362639,nan,0.6601770209050492,0.6601770209050492,0.0,0.0,0.0,nan,0,1,1.0,0.0,-0.0010438057699129757,-0.0006026364822390399,nan,-0.0010438057699129757,-0.0006026364822390399,nan,0.5468812040795521,0.5468812040795521,0.0,0.0,0.0,nan,0,1,1.0,0.0,-0.0014028585223569913,-0.0008637716119362639,nan,-0.0014028585223569913,-0.0008637716119362639,nan,0.6601770209050492,0.6601770209050492,0.0,0.0,0.0,nan,0
165,0.12800000000000009,0.45,,scientific,0,1,0.1638709677419355,1.0,0.0,-0.0014055082723497217,-0.0008657382987705047,nan,-0.0014055082723497217,-0.0008657382987705047,nan,0.6613376955751973,0.6613376955751973,0.0,0.0,0.0,nan,0,1,1.0,0.0,-0.0010438057699129757,-0.0006026364822390399,nan,-0.0010438057699129757,-0.0006026364822390399,nan,0.5468812040795521,0.5468812040795521,0.0,0.0,0.0,nan,0,1,1.0,0.0,-0.0014055082723497217,-0.0008657382987705047,nan,-0.0014055082723497217,-0.0008657382987705047,nan,0.6613376955751973,0.6613376955751973,0.0,0.0,0.0,nan,0
166,0.1290000000000001,0.45,,scientific,0,1,0.1638709677419355,1.0,0.0,-0.0014081555044524535,-0.0008677030825752567,nan,-0.0014081555044524535,-0.0008677030825752567,nan,0.6624982822374514,0.6624982822374514,0.0,0.0,0.0,nan,0,1,1.0,0.0,-0.0010438057699129757,-0.0006026364822390399,nan,-0.0010438057699129757,-0.0006026364822390399,nan,0.5468812040795521,0.5468812040795521,0.0,0.0,0.0,nan,0,1,1.0,0.0,-0.0014081555044524535,-0.0008677030825752567,nan,-0.0014081555044524535,-0.0008677030825752567,nan,0.6624982822374514,0.6624982822374514,0.0,0.0,0.0,nan,0
167,0.1300000000000001,0.45,,scientific,0,1,0.1638709677419355,1.0,0.0,-0.0014108002200775554,-0.0008696659477710729,nan,-0.0014108002200775554,-0.0008696659477710729,nan,0.6636587812430751,0.6636587812430751,0.0,0.0,0.0,nan,0,1,1.0,0.0,-0.0010438057699129757,-0.0006026364822390399,nan,-0.0010438057699129757,-0.0006026364822390399,nan,0.5468812040795521,0.5468812040795521,0.0,0.0,0.0,nan,0,1,1.0,0.0,-0.0014108002200775554,-0.0008696659477710729,nan,-0.0014108002200775554,-0.0008696659477710729,nan,0.6636587812430751,0.6636587812430751,0.0,0.0,0.0,nan,0
168,0.1310000000000001,0.45,,scientific,0,1,0.1638709677419355,1.0,0.0,-0.0014134424161125082,-0.000871626869996535,nan,-0.0014134424161125082,-0.000871626869996535,nan,0.6648191929393961,0.6648191929393961,0.0,0.0,0.0,nan,0,1,1.0,0.0,-0.0010438057699129757,-0.0006026364822390399,nan,-0.0010438057699129757,-0.0006026364822390399,nan,0.5468812040795521,0.5468812040795521,0.0,0.0,0.0,nan,0,1,1.0,0.0,-0.0014134424161125082,-0.000871626869996535,nan,-0.0014134424161125082,-0.000871626869996535,nan,0.6648191929393961,0.6648191929393961,0.0,0.0,0.0,nan,0
169,0.1320000000000001,0.45,,scientific,0,1,0.1638709677419355,1.0,0.0,-0.0014160821284043554,-0.0008735858606841775,nan,-0.0014160821284043554,-0.0008735858606841775,nan,0.6659795176524661,0.6659795176524661,0.0,0.0,0.0,nan,0,1,1.0,0.0,-0.0010438057699129757,-0.0006026364822390399,nan,-0.0010438057699129757,-0.0006026364822390399,nan,0.5468812040795521,0.5468812040795521,0.0,0.0,0.0,nan,0,1,1.0,0.0,-0.0014160821284043554,-0.0008735858606841775,nan,-0.0014160821284043554,-0.0008735858606841775,nan,0.6659795176524661,0.6659795176524661,0.0,0.0,0.0,nan,0
170,0.1330000000000001,0.45,,scientific,0,1,0.1638709677419355,1.0,0.0,-0.001418719376827763,-0.0008755429512709452,nan,-0.001418719376827763,-0.0008755429512709452,nan,0.6671397556976536,0.6671397556976536,0.0,0.0,0.0,nan,0,1,1.0,0.0,-0.0010438057699129757,-0.0006026364822390399,nan,-0.0010438057699129757,-0.0006026364822390399,nan,0.5468812040795521,0.5468812040795521,0.0,0.0,0.0,nan,0,1,1.0,0.0,-0.001418719376827763,-0.0008755429512709452,nan,-0.001418719376827763,-0.0008755429512709452,nan,0.6671397556976536,0.6671397556976536,0.0,0.0,0.0,nan,0
171,0.1340000000000001,0.45,,scientific,0,1,0.16451612903225807,1.0,0.0,-0.0014213541568015436,-0.0008774981686911846,nan,-0.0014213541568015436,-0.0008774981686911846,nan,0.6682999073771224,0.6682999073771224,0.0,0.0,0.0,nan,0,1,1.0,0.0,-0.0010438057699129757,-0.0006026364822390399,nan,-0.0010438057699129757,-0.0006026364822390399,nan,0.5468812040795521,0.5468812040795521,0.0,0.0,0.0,nan,0,1,1.0,0.0,-0.0014213541568015436,-0.0008774981686911846,nan,-0.0014213541568015436,-0.0008774981686911846,nan,0.6682999073771224,0.6682999073771224,0.0,0.0,0.0,nan,0
172,0.1350000000000001,0.45,,scientific,0,1,0.16451612903225807,1.0,0.0,-0.0014239864773056261,-0.0008794514964763289,nan,-0.0014239864773056261,-0.0008794514964763289,nan,0.6694599729813522,0.6694599729813522,0.0,0.0,0.0,nan,0,1,1.0,0.0,-0.0010438057699129757,-0.0006026364822390399,nan,-0.0010438057699129757,-0.0006026364822390399,nan,0.5468812040795521,0.5468812040795521,0.0,0.0,0.0,nan,0,1,1.0,0.0,-0.0014239864773056261,-0.0008794514964763289,nan,-0.0014239864773056261,-0.0008794514964763289,nan,0.6694599729813522,0.6694599729813522,0.0,0.0,0.0,nan,0
173,0.1360000000000001,0.45,,scientific,0,1,0.16451612903225807,1.0,0.0,-0.0014266163825166613,-0.0008814028866805304,nan,-0.0014266163825166613,-0.0008814028866805304,nan,0.6706199528129793,0.6706199528129793,0.0,0.0,0.0,nan,0,1,1.0,0.0,-0.0010438057699129757,-0.0006026364822390399,nan,-0.0010438057699129757,-0.0006026364822390399,nan,0.5468812040795521,0.5468812040795521,0.0,0.0,0.0,nan,0,1,1.0,0.0,-0.0014266163825166613,-0.0008814028866805304,nan,-0.0014266163825166613,-0.0008814028866805304,nan,0.6706199528129793,0.6706199528129793,0.0,0.0,0.0,nan,0
174,0.1370000000000001,0.45,,scientific,0,1,0.16451612903225807,1.0,0.0,-0.0014292438752012884,-0.000883352383622534,nan,-0.0014292438752012884,-0.000883352383622534,nan,0.6717798471380897,0.6717798471380897,0.0,0.0,0.0,nan,0,1,1.0,0.0,-0.0010438057699129757,-0.0006026364822390399,nan,-0.0010438057699129757,-0.0006026364822390399,nan,0.5468812040795521,0.5468812040795521,0.0,0.0,0.0,nan,0,1,1.0,0.0,-0.0014292438752012884,-0.000883352383622534,nan,-0.0014292438752012884,-0.000883352383622534,nan,0.6717798471380897,0.6717798471380897,0.0,0.0,0.0,nan,0
175,0.1380000000000001,0.45,,scientific,0,1,0.16451612903225807,1.0,0.0,-0.0014318689258515458,-0.0008853000023645324,nan,-0.0014318689258515458,-0.0008853000023645324,nan,0.6729396562224133,0.6729396562224133,0.0,0.0,0.0,nan,0,1,1.0,0.0,-0.0010438057699129757,-0.0006026364822390399,nan,-0.0010438057699129757,-0.0006026364822390399,nan,0.5468812040795521,0.5468812040795521,0.0,0.0,0.0,nan,0,1,1.0,0.0,-0.0014318689258515458,-0.0008853000023645324,nan,-0.0014318689258515458,-0.0008853000023645324,nan,0.6729396562224133,0.6729396562224133,0.0,0.0,0.0,nan,0
176,0.1390000000000001,0.45,,scientific,0,1,0.16451612903225807,1.0,0.0,-0.0016457341384680507,-3.664726174096814e-05,nan,-0.0016457341384680507,-3.664726174096814e-05,nan,0.6753806354251927,0.6753806354251927,0.0,0.0,0.0,nan,0,1,1.0,0.0,-0.0012407643862201575,0.00019069460086935648,nan,-0.0012407643862201575,0.00019069460086935648,nan,0.5479577418828707,0.5479577418828707,0.0,0.0,0.0,nan,0,1,1.0,0.0,-0.0016457341384680507,-3.664726174096814e-05,nan,-0.0016457341384680507,-3.664726174096814e-05,nan,0.6753806354251927,0.6753806354251927,0.0,0.0,0.0,nan,0
177,0.1400000000000001,0.45,,scientific,0,1,0.16451612903225807,1.0,0.0,-0.001648416956760462,-3.834431847621074e-05,nan,-0.001648416956760462,-3.834431847621074e-05,nan,0.6765417456707101,0.6765417456707101,0.0,0.0,0.0,nan,0,1,1.0,0.0,-0.0012407643862201575,0.00019069460086935648,nan,-0.0012407643862201575,0.00019069460086935648,nan,0.5479577418828707,0.5479577418828707,0.0,0.0,0.0,nan,0,1,1.0,0.0,-0.001648416956760462,-3.834431847621074e-05,nan,-0.001648416956760462,-3.834431847621074e-05,nan,0.6765417456707101,0.6765417456707101,0.0,0.0,0.0,nan,0
178,0.1410000000000001,0.45,,scientific,0,1,0.16451612903225807,1.0,0.0,-0.0016510973792842032,-4.003968491471698e-05,nan,-0.0016510973792842032,-4.003968491471698e-05,nan,0.6777027708256167,0.6777027708256167,0.0,0.0,0.0,nan,0,1,1.0,0.0,-0.0012407643862201575,0.00019069460086935648,nan,-0.0012407643862201575,0.00019069460086935648,nan,0.5479577418828707,0.5479577418828707,0.0,0.0,0.0,nan,0,1,1.0,0.0,-0.0016510973792842032,-4.003968491471698e-05,nan,-0.0016510973792842032,-4.003968491471698e-05,nan,0.6777027708256167,0.6777027708256167,0.0,0.0,0.0,nan,0
179,0.1420000000000001,0.45,,scientific,0,1,0.16451612903225807,1.0,0.0,-0.001653775388998494,-4.173333699494171e-05,nan,-0.001653775388998494,-4.173333699494171e-05,nan,0.6788637111125856,0.6788637111125856,0.0,0.0,0.0,nan,0,1,1.0,0.0,-0.0012407643862201575,0.00019069460086935648,nan,-0.0012407643862201575,0.00019069460086935648,nan,0.5479577418828707,0.5479577418828707,0.0,0.0,0.0,nan,0,1,1.0,0.0,-0.001653775388998494,-4.173333699494171e-05,nan,-0.001653775388998494,-4.173333699494171e-05,nan,0.6788637111125856,0.6788637111125856,0.0,0.0,0.0,nan,0
180,0.1430000000000001,0.45,,scientific,0,1,0.16451612903225807,1.0,0.0,-0.0016564509374653149,-4.342524885075039e-05,nan,-0.0016564509374653149,-4.342524885075039e-05,nan,0.6800245667682314,0.6800245667682314,0.0,0.0,0.0,nan,0,1,1.0,0.0,-0.0012407643862201575,0.00019069460086935648,nan,-0.0012407643862201575,0.00019069460086935648,nan,0.5479577418828707,0.5479577418828707,0.0,0.0,0.0,nan,0,1,1.0,0.0,-0.0016564509374653149,-4.342524885075039e-05,nan,-0.0016564509374653149,-4.342524885075039e-05,nan,0.6800245667682314,0.6800245667682314,0.0,0.0,0.0,nan,0
181,0.1440000000000001,0.45,,scientific,0,1,0.16451612903225807,1.0,0.0,-0.0016591240115751723,-4.511539384329245e-05,nan,-0.0016591240115751723,-4.511539384329245e-05,nan,0.6811853380206835,0.6811853380206835,0.0,0.0,0.0,nan,0,1,1.0,0.0,-0.0012407643862201575,0.00019069460086935648,nan,-0.0012407643862201575,0.00019069460086935648,nan,0.5479577418828707,0.5479577418828707,0.0,0.0,0.0,nan,0,1,1.0,0.0,-0.0016591240115751723,-4.511539384329245e-05,nan,-0.0016591240115751723,-4.511539384329245e-05,nan,0.6811853380206835,0.6811853380206835,0.0,0.0,0.0,nan,0
182,0.1450000000000001,0.45,,scientific,0,1,0.16451612903225807,1.0,0.0,-0.0016617946981963263,-4.680382086503116e-05,nan,-0.0016617946981963263,-4.680382086503116e-05,nan,0.6823460250553739,0.6823460250553739,0.0,0.0,0.0,nan,0,1,1.0,0.0,-0.0012407643862201575,0.00019069460086935648,nan,-0.0012407643862201575,0.00019069460086935648,nan,0.5479577418828707,0.5479577418828707,0.0,0.0,0.0,nan,0,1,1.0,0.0,-0.0016617946981963263,-4.680382086503116e-05,nan,-0.0016617946981963263,-4.680382086503116e-05,nan,0.6823460250553739,0.6823460250553739,0.0,0.0,0.0,nan,0
183,0.1460000000000001,0.45,,scientific,0,1,0.16451612903225807,1.0,0.0,-0.0016644630047874997,-4.849053418155161e-05,nan,-0.0016644630047874997,-4.849053418155161e-05,nan,0.6835066280590667,0.6835066280590667,0.0,0.0,0.0,nan,0,1,1.0,0.0,-0.0012407643862201575,0.00019069460086935648,nan,-0.0012407643862201575,0.00019069460086935648,nan,0.5479577418828707,0.5479577418828707,0.0,0.0,0.0,nan,0,1,1.0,0.0,-0.0016644630047874997,-4.849053418155161e-05,nan,-0.0016644630047874997,-4.849053418155161e-05,nan,0.6835066280590667,0.6835066280590667,0.0,0.0,0.0,nan,0
184,0.1470000000000001,0.45,,scientific,0,1,0.16451612903225807,1.0,0.0,-0.0016671289612587193,-5.017555795994695e-05,nan,-0.0016671289612587193,-5.017555795994695e-05,nan,0.6846671472333659,0.6846671472333659,0.0,0.0,0.0,nan,0,1,1.0,0.0,-0.0012407643862201575,0.00019069460086935648,nan,-0.0012407643862201575,0.00019069460086935648,nan,0.5479577418828707,0.5479577418828707,0.0,0.0,0.0,nan,0,1,1.0,0.0,-0.0016671289612587193,-5.017555795994695e-05,nan,-0.0016671289612587193,-5.017555795994695e-05,nan,0.6846671472333659,0.6846671472333659,0.0,0.0,0.0,nan,0
185,0.1480000000000001,0.45,,scientific,0,1,0.16451612903225807,1.0,0.0,-0.00166979253707163,-5.1858953270113336e-05,nan,-0.00166979253707163,-5.1858953270113336e-05,nan,0.6858275827787388,0.6858275827787388,0.0,0.0,0.0,nan,0,1,1.0,0.0,-0.0012407643862201575,0.00019069460086935648,nan,-0.0012407643862201575,0.00019069460086935648,nan,0.5479577418828707,0.5479577418828707,0.0,0.0,0.0,nan,0,1,1.0,0.0,-0.00166979253707163,-5.1858953270113336e-05,nan,-0.00166979253707163,-5.1858953270113336e-05,nan,0.6858275827787388,0.6858275827787388,0.0,0.0,0.0,nan,0
186,0.1490000000000001,0.45,,scientific,0,1,0.16451612903225807,1.0,0.0,-0.001672453755701646,-5.354066270105471e-05,nan,-0.001672453755701646,-5.354066270105471e-05,nan,0.6869879348481075,0.6869879348481075,0.0,0.0,0.0,nan,0,1,1.0,0.0,-0.0012407643862201575,0.00019069460086935648,nan,-0.0012407643862201575,0.00019069460086935648,nan,0.5479577418828707,0.5479577418828707,0.0,0.0,0.0,nan,0,1,1.0,0.0,-0.001672453755701646,-5.354066270105471e-05,nan,-0.001672453755701646,-5.354066270105471e-05,nan,0.6869879348481075,0.6869879348481075,0.0,0.0,0.0,nan,0
187,0.1500000000000001,0.45,,scientific,0,1,0.16451612903225807,1.0,0.0,-0.001675112630987906,-5.5220672718118126e-05,nan,-0.001675112630987906,-5.5220672718118126e-05,nan,0.6881482036015079,0.6881482036015079,0.0,0.0,0.0,nan,0,1,1.0,0.0,-0.0012407643862201575,0.00019069460086935648,nan,-0.0012407643862201575,0.00019069460086935648,nan,0.5479577418828707,0.5479577418828707,0.0,0.0,0.0,nan,0,1,1.0,0.0,-0.001675112630987906,-5.5220672718118126e-05,nan,-0.001675112630987906,-5.5220672718118126e-05,nan,0.6881482036015079,0.6881482036015079,0.0,0.0,0.0,nan,0
188,0.1510000000000001,0.45,,scientific,0,1,0.16451612903225807,1.0,0.0,-0.0016777691740854773,-5.6898982651540856e-05,nan,-0.0016777691740854773,-5.6898982651540856e-05,nan,0.6893083892020603,0.6893083892020603,0.0,0.0,0.0,nan,0,1,1.0,0.0,-0.0012407643862201575,0.00019069460086935648,nan,-0.0012407643862201575,0.00019069460086935648,nan,0.5479577418828707,0.5479577418828707,0.0,0.0,0.0,nan,0,1,1.0,0.0,-0.0016777691740854773,-5.6898982651540856e-05,nan,-0.0016777691740854773,-5.6898982651540856e-05,nan,0.6893083892020603,0.6893083892020603,0.0,0.0,0.0,nan,0
189,0.1520000000000001,0.45,,scientific,0,1,0.16451612903225807,1.0,0.0,-0.001680423389407292,-5.8575625627894516e-05,nan,-0.001680423389407292,-5.8575625627894516e-05,nan,0.6904684918168009,0.6904684918168009,0.0,0.0,0.0,nan,0,1,1.0,0.0,-0.0012407643862201575,0.00019069460086935648,nan,-0.0012407643862201575,0.00019069460086935648,nan,0.5479577418828707,0.5479577418828707,0.0,0.0,0.0,nan,0,1,1.0,0.0,-0.001680423389407292,-5.8575625627894516e-05,nan,-0.001680423389407292,-5.8575625627894516e-05,nan,0.6904684918168009,0.6904684918168009,0.0,0.0,0.0,nan,0
190,0.1530000000000001,0.45,,scientific,0,1,0.16516129032258065,1.0,0.0,-0.001683075294783171,-6.025059683460153e-05,nan,-0.001683075294783171,-6.025059683460153e-05,nan,0.6916285115851959,0.6916285115851959,0.0,0.0,0.0,nan,0,1,1.0,0.0,-0.0012407643862201575,0.00019069460086935648,nan,-0.0012407643862201575,0.00019069460086935648,nan,0.5479577418828707,0.5479577418828707,0.0,0.0,0.0,nan,0,1,1.0,0.0,-0.001683075294783171,-6.025059683460153e-05,nan,-0.001683075294783171,-6.025059683460153e-05,nan,0.6916285115851959,0.6916285115851959,0.0,0.0,0.0,nan,0
191,0.1540000000000001,0.45,,scientific,0,1,0.16516129032258065,1.0,0.0,-0.0016857248886978865,-6.192389983004756e-05,nan,-0.0016857248886978865,-6.192389983004756e-05,nan,0.6927884486435222,0.6927884486435222,0.0,0.0,0.0,nan,0,1,1.0,0.0,-0.0012407643862201575,0.00019069460086935648,nan,-0.0012407643862201575,0.00019069460086935648,nan,0.5479577418828707,0.5479577418828707,0.0,0.0,0.0,nan,0,1,1.0,0.0,-0.0016857248886978865,-6.192389983004756e-05,nan,-0.0016857248886978865,-6.192389983004756e-05,nan,0.6927884486435222,0.6927884486435222,0.0,0.0,0.0,nan,0
192,0.1550000000000001,0.45,,scientific,0,1,0.16516129032258065,1.0,0.0,-0.0016883722038757109,-6.35954732142469e-05,nan,-0.0016883722038757109,-6.35954732142469e-05,nan,0.6939483031338884,0.6939483031338884,0.0,0.0,0.0,nan,0,1,1.0,0.0,-0.0012407643862201575,0.00019069460086935648,nan,-0.0012407643862201575,0.00019069460086935648,nan,0.5479577418828707,0.5479577418828707,0.0,0.0,0.0,nan,0,1,1.0,0.0,-0.0016883722038757109,-6.35954732142469e-05,nan,-0.0016883722038757109,-6.35954732142469e-05,nan,0.6939483031338884,0.6939483031338884,0.0,0.0,0.0,nan,0
193,0.1560000000000001,0.45,,scientific,0,1,0.16516129032258065,1.0,0.0,-0.0016910172649986922,-6.526534324914015e-05,nan,-0.0016910172649986922,-6.526534324914015e-05,nan,0.6951080751612829,0.6951080751612829,0.0,0.0,0.0,nan,0,1,1.0,0.0,-0.0012407643862201575,0.00019069460086935648,nan,-0.0012407643862201575,0.00019069460086935648,nan,0.5479577418828707,0.5479577418828707,0.0,0.0,0.0,nan,0,1,1.0,0.0,-0.0016910172649986922,-6.526534324914015e-05,nan,-0.0016910172649986922,-6.526534324914015e-05,nan,0.6951080751612829,0.6951080751612829,0.0,0.0,0.0,nan,0
194,0.1570000000000001,0.45,,scientific,0,1,0.16516129032258065,1.0,0.0,-0.0024818955260185183,-0.0004578783303756763,nan,-0.0024818955260185183,-0.0004578783303756763,nan,0.697575632760395,0.697575632760395,0.0,0.0,0.0,nan,0,1,1.0,0.0,-0.0019719037189527876,-0.0001719975105488415,nan,-0.0019719037189527876,-0.0001719975105488415,nan,0.5490342796861893,0.5490342796861893,0.0,0.0,0.0,nan,0,1,1.0,0.0,-0.0024818955260185183,-0.0004578783303756763,nan,-0.0024818955260185183,-0.0004578783303756763,nan,0.697575632760395,0.697575632760395,0.0,0.0,0.0,nan,0
195,0.1580000000000001,0.45,,scientific,0,1,0.16516129032258065,1.0,0.0,-0.002484762671134397,-0.00045965634454168437,nan,-0.002484762671134397,-0.00045965634454168437,nan,0.6987367009533065,0.6987367009533065,0.0,0.0,0.0,nan,0,1,1.0,0.0,-0.0019719037189527876,-0.0001719975105488415,nan,-0.0019719037189527876,-0.0001719975105488415,nan,0.5490342796861893,0.5490342796861893,0.0,0.0,0.0,nan,0,1,1.0,0.0,-0.002484762671134397,-0.00045965634454168437,nan,-0.002484762671134397,-0.00045965634454168437,nan,0.6987367009533065,0.6987367009533065,0.0,0.0,0.0,nan,0
196,0.1590000000000001,0.45,,scientific,0,1,0.16516129032258065,1.0,0.0,-0.0024876274427137785,-0.00046143262664995617,nan,-0.0024876274427137785,-0.00046143262664995617,nan,0.6998976864336568,0.6998976864336568,0.0,0.0,0.0,nan,0,1,1.0,0.0,-0.0019719037189527876,-0.0001719975105488415,nan,-0.0019719037189527876,-0.0001719975105488415,nan,0.5490342796861893,0.5490342796861893,0.0,0.0,0.0,nan,0,1,1.0,0.0,-0.0024876274427137785,-0.00046143262664995617,nan,-0.0024876274427137785,-0.00046143262664995617,nan,0.6998976864336568,0.6998976864336568,0.0,0.0,0.0,nan,0
197,0.16000000000000011,0.45,,scientific,0,1,0.1664516129032258,1.0,0.0,-0.0024904898893540217,-0.00046320717241496673,nan,-0.0024904898893540217,-0.00046320717241496673,nan,0.7010585893098461,0.7010585893098461,0.0,0.0,0.0,nan,0,1,1.0,0.0,-0.0019719037189527876,-0.0001719975105488415,nan,-0.0019719037189527876,-0.0001719975105488415,nan,0.5490342796861893,0.5490342796861893,0.0,0.0,0.0,nan,0,1,1.0,0.0,-0.0024904898893540217,-0.00046320717241496673,nan,-0.0024904898893540217,-0.00046320717241496673,nan,0.7010585893098461,0.7010585893098461,0.0,0.0,0.0,nan,0
198,0.16100000000000012,0.45,,scientific,0,1,0.1664516129032258,1.0,0.0,-0.0024933500697457527,-0.0004649800349181384,nan,-0.0024933500697457527,-0.0004649800349181384,nan,0.7022194096907737,0.7022194096907737,0.0,0.0,0.0,nan,0,1,1.0,0.0,-0.0019719037189527876,-0.0001719975105488415,nan,-0.0019719037189527876,-0.0001719975105488415,nan,0.5490342796861893,0.5490342796861893,0.0,0.0,0.0,nan,0,1,1.0,0.0,-0.0024933500697457527,-0.0004649800349181384,nan,-0.0024933500697457527,-0.0004649800349181384,nan,0.7022194096907737,0.7022194096907737,0.0,0.0,0.0,nan,0
199,0.16200000000000012,0.45,,scientific,0,1,0.1664516129032258,1.0,0.0,-0.0010417762623575356,-8.926220028815887e-05,nan,-0.0010417762623575356,-8.926220028815887e-05,nan,0.7060346409301184,0.7060346409301184,0.0,0.0,0.0,nan,0,1,1.0,0.0,-0.0006367487484797071,0.00017471318952154614,nan,-0.0006367487484797071,0.00017471318952154614,nan,0.5511873552928266,0.5511873552928266,0.0,0.0,0.0,nan,0,1,1.0,0.0,-0.0010417762623575356,-8.926220028815887e-05,nan,-0.0010417762623575356,-8.926220028815887e-05,nan,0.7060346409301184,0.7060346409301184,0.0,0.0,0.0,nan,0
200,0.16300000000000012,0.45,,scientific,0,1,0.1664516129032258,1.0,0.0,-0.0010441148695889471,-9.08994555696424e-05,nan,-0.0010441148695889471,-9.08994555696424e-05,nan,0.7071984298295346,0.7071984298295346,0.0,0.0,0.0,nan,0,1,1.0,0.0,-0.0006367487484797071,0.00017471318952154614,nan,-0.0006367487484797071,0.00017471318952154614,nan,0.5511873552928266,0.5511873552928266,0.0,0.0,0.0,nan,0,1,1.0,0.0,-0.0010441148695889471,-9.08994555696424e-05,nan,-0.0010441148695889471,-9.08994555696424e-05,nan,0.7071984298295346,0.7071984298295346,0.0,0.0,0.0,nan,0
201,0.16400000000000012,0.45,,scientific,0,1,0.1664516129032258,1.0,0.0,-0.0010464518714010853,-9.253513845166523e-05,nan,-0.0010464518714010853,-9.253513845166523e-05,nan,0.7083621348051927,0.7083621348051927,0.0,0.0,0.0,nan,0,1,1.0,0.0,-0.0006367487484797071,0.00017471318952154614,nan,-0.0006367487484797071,0.00017471318952154614,nan,0.5511873552928266,0.5511873552928266,0.0,0.0,0.0,nan,0,1,1.0,0.0,-0.0010464518714010853,-9.253513845166523e-05,nan,-0.0010464518714010853,-9.253513845166523e-05,nan,0.7083621348051927,0.7083621348051927,0.0,0.0,0.0,nan,0
202,0.16500000000000012,0.45,,scientific,0,1,0.1664516129032258,1.0,0.0,-0.0002924821272117539,-0.0005640515673913336,nan,-0.0002924821272117539,-0.0005640515673913336,nan,0.7108581445949688,0.7108581445949688,0.0,0.0,0.0,nan,0,1,1.0,0.0,5.6437972936097446e-05,-0.0002559591015539126,nan,5.6437972936097446e-05,-0.0002559591015539126,nan,0.5522638930961452,0.5522638930961452,0.0,0.0,0.0,nan,0,1,1.0,0.0,-0.0002924821272117539,-0.0005640515673913336,nan,-0.0002924821272117539,-0.0005640515673913336,nan,0.7108581445949688,0.7108581445949688,0.0,0.0,0.0,nan,0
203,0.16600000000000012,0.45,,scientific,0,1,0.1664516129032258,1.0,0.0,-0.00029454472325376893,-0.0005658527641371907,nan,-0.00029454472325376893,-0.0005658527641371907,nan,0.7120232505973726,0.7120232505973726,0.0,0.0,0.0,nan,0,1,1.0,0.0,5.6437972936097446e-05,-0.0002559591015539126,nan,5.6437972936097446e-05,-0.0002559591015539126,nan,0.5522638930961452,0.5522638930961452,0.0,0.0,0.0,nan,0,1,1.0,0.0,-0.00029454472325376893,-0.0005658527641371907,nan,-0.00029454472325376893,-0.0005658527641371907,nan,0.7120232505973726,0.7120232505973726,0.0,0.0,0.0,nan,0
204,0.16700000000000012,0.45,,scientific,0,1,0.1664516129032258,1.0,0.0,-0.00029660604712458027,-0.0005676521702186134,nan,-0.00029660604712458027,-0.0005676521702186134,nan,0.7131882720628494,0.7131882720628494,0.0,0.0,0.0,nan,0,1,1.0,0.0,5.6437972936097446e-05,-0.0002559591015539126,nan,5.6437972936097446e-05,-0.0002559591015539126,nan,0.5522638930961452,0.5522638930961452,0.0,0.0,0.0,nan,0,1,1.0,0.0,-0.00029660604712458027,-0.0005676521702186134,nan,-0.00029660604712458027,-0.0005676521702186134,nan,0.7131882720628494,0.7131882720628494,0.0,0.0,0.0,nan,0
205,0.16800000000000012,0.45,,scientific,0,1,0.1664516129032258,1.0,0.0,-0.00029866610118418864,-0.000569449809074448,nan,-0.00029866610118418864,-0.000569449809074448,nan,0.7143532090515547,0.7143532090515547,0.0,0.0,0.0,nan,0,1,1.0,0.0,5.6437972936097446e-05,-0.0002559591015539126,nan,5.6437972936097446e-05,-0.0002559591015539126,nan,0.5522638930961452,0.5522638930961452,0.0,0.0,0.0,nan,0,1,1.0,0.0,-0.00029866610118418864,-0.000569449809074448,nan,-0.00029866610118418864,-0.000569449809074448,nan,0.7143532090515547,0.7143532090515547,0.0,0.0,0.0,nan,0
206,0.16900000000000012,0.45,,scientific,0,1,0.1664516129032258,1.0,0.0,-0.000300724921209993,-0.000571245683785617,nan,-0.000300724921209993,-0.000571245683785617,nan,0.7155180615977395,0.7155180615977395,0.0,0.0,0.0,nan,0,1,1.0,0.0,5.6437972936097446e-05,-0.0002559591015539126,nan,5.6437972936097446e-05,-0.0002559591015539126,nan,0.5522638930961452,0.5522638930961452,0.0,0.0,0.0,nan,0,1,1.0,0.0,-0.000300724921209993,-0.000571245683785617,nan,-0.000300724921209993,-0.000571245683785617,nan,0.7155180615977395,0.7155180615977395,0.0,0.0,0.0,nan,0
207,0.17000000000000012,0.45,,scientific,0,1,0.1664516129032258,1.0,0.0,-0.0009234529912612533,6.31582526964047e-05,nan,-0.0009234529912612533,6.31582526964047e-05,nan,0.7180207567064218,0.7180207567064218,0.0,0.0,0.0,nan,0,1,1.0,0.0,-0.000512268985611694,0.00032707589416524263,nan,-0.000512268985611694,0.00032707589416524263,nan,0.5533404308994638,0.5533404308994638,0.0,0.0,0.0,nan,0,1,1.0,0.0,-0.0009234529912612533,6.31582526964047e-05,nan,-0.0009234529912612533,6.31582526964047e-05,nan,0.7180207567064218,0.7180207567064218,0.0,0.0,0.0,nan,0
208,0.17100000000000012,0.45,,scientific,0,1,0.1664516129032258,1.0,0.0,-0.0009257203403670792,6.158154384709352e-05,nan,-0.0009257203403670792,6.158154384709352e-05,nan,0.7191869788406771,0.7191869788406771,0.0,0.0,0.0,nan,0,1,1.0,0.0,-0.000512268985611694,0.00032707589416524263,nan,-0.000512268985611694,0.00032707589416524263,nan,0.5533404308994638,0.5533404308994638,0.0,0.0,0.0,nan,0,1,1.0,0.0,-0.0009257203403670792,6.158154384709352e-05,nan,-0.0009257203403670792,6.158154384709352e-05,nan,0.7191869788406771,0.7191869788406771,0.0,0.0,0.0,nan,0
209,0.17200000000000013,0.45,,scientific,0,1,0.1664516129032258,1.0,0.0,-0.0009279862164931231,6.0006315040443576e-05,nan,-0.0009279862164931231,6.0006315040443576e-05,nan,0.720353115915652,0.720353115915652,0.0,0.0,0.0,nan,0,1,1.0,0.0,-0.000512268985611694,0.00032707589416524263,nan,-0.000512268985611694,0.00032707589416524263,nan,0.5533404308994638,0.5533404308994638,0.0,0.0,0.0,nan,0,1,1.0,0.0,-0.0009279862164931231,6.0006315040443576e-05,nan,-0.0009279862164931231,6.0006315040443576e-05,nan,0.720353115915652,0.720353115915652,0.0,0.0,0.0,nan,0
210,0.17300000000000013,0.45,,scientific,0,1,0.1664516129032258,1.0,0.0,-0.0009302506408359165,5.843258185931791e-05,nan,-0.0009302506408359165,5.843258185931791e-05,nan,0.7215191679475939,0.7215191679475939,0.0,0.0,0.0,nan,0,1,1.0,0.0,-0.000512268985611694,0.00032707589416524263,nan,-0.000512268985611694,0.00032707589416524263,nan,0.5533404308994638,0.5533404308994638,0.0,0.0,0.0,nan,0,1,1.0,0.0,-0.0009302506408359165,5.843258185931791e-05,nan,-0.0009302506408359165,5.843258185931791e-05,nan,0.7215191679475939,0.7215191679475939,0.0,0.0,0.0,nan,0
211,0.17400000000000013,0.45,,scientific,0,1,0.1664516129032258,1.0,0.0,-0.0009325136208576787,5.686036960392286e-05,nan,-0.0009325136208576787,5.686036960392286e-05,nan,0.722685134961102,0.722685134961102,0.0,0.0,0.0,nan,0,1,1.0,0.0,-0.000512268985611694,0.00032707589416524263,nan,-0.000512268985611694,0.00032707589416524263,nan,0.5533404308994638,0.5533404308994638,0.0,0.0,0.0,nan,0,1,1.0,0.0,-0.0009325136208576787,5.686036960392286e-05,nan,-0.0009325136208576787,5.686036960392286e-05,nan,0.722685134961102,0.722685134961102,0.0,0.0,0.0,nan,0
212,0.17500000000000013,0.45,,scientific,0,1,0.1664516129032258,1.0,0.0,-0.0009347751651608398,5.528967870681327e-05,nan,-0.0009347751651608398,5.528967870681327e-05,nan,0.7238510169799942,0.7238510169799942,0.0,0.0,0.0,nan,0,1,1.0,0.0,-0.000512268985611694,0.00032707589416524263,nan,-0.000512268985611694,0.00032707589416524263,nan,0.5533404308994638,0.5533404308994638,0.0,0.0,0.0,nan,0,1,1.0,0.0,-0.0009347751651608398,5.528967870681327e-05,nan,-0.0009347751651608398,5.528967870681327e-05,nan,0.7238510169799942,0.7238510169799942,0.0,0.0,0.0,nan,0
213,0.17600000000000013,0.45,,scientific,0,1,0.1664516129032258,1.0,0.0,-0.0009370352847363659,5.372049035542283e-05,nan,-0.0009370352847363659,5.372049035542283e-05,nan,0.7250168140195183,0.7250168140195183,0.0,0.0,0.0,nan,0,1,1.0,0.0,-0.000512268985611694,0.00032707589416524263,nan,-0.000512268985611694,0.00032707589416524263,nan,0.5533404308994638,0.5533404308994638,0.0,0.0,0.0,nan,0,1,1.0,0.0,-0.0009370352847363659,5.372049035542283e-05,nan,-0.0009370352847363659,5.372049035542283e-05,nan,0.7250168140195183,0.7250168140195183,0.0,0.0,0.0,nan,0
214,0.17700000000000013,0.45,,scientific,0,1,0.1664516129032258,1.0,0.0,-0.0009392940043814658,5.215283287613833e-05,nan,-0.0009392940043814658,5.215283287613833e-05,nan,0.726182526098619,0.726182526098619,0.0,0.0,0.0,nan,0,1,1.0,0.0,-0.000512268985611694,0.00032707589416524263,nan,-0.000512268985611694,0.00032707589416524263,nan,0.5533404308994638,0.5533404308994638,0.0,0.0,0.0,nan,0,1,1.0,0.0,-0.0009392940043814658,5.215283287613833e-05,nan,-0.0009392940043814658,5.215283287613833e-05,nan,0.726182526098619,0.726182526098619,0.0,0.0,0.0,nan,0
215,0.17800000000000013,0.45,,scientific,0,1,0.1664516129032258,1.0,0.0,-0.0018292556691209252,0.00010958850691257654,nan,-0.0018292556691209252,0.00010958850691257654,nan,0.728698674703598,0.728698674703598,0.0,0.0,0.0,nan,0,1,1.0,0.0,-0.0013232717043887572,0.0003808995512522185,nan,-0.0013232717043887572,0.0003808995512522185,nan,0.5544169687027825,0.5544169687027825,0.0,0.0,0.0,nan,0,1,1.0,0.0,-0.0018292556691209252,0.00010958850691257654,nan,-0.0018292556691209252,0.00010958850691257654,nan,0.728698674703598,0.728698674703598,0.0,0.0,0.0,nan,0
216,0.17900000000000013,0.45,,scientific,0,1,0.1664516129032258,1.0,0.0,-0.001831810440733311,0.00010804419286803067,nan,-0.001831810440733311,0.00010804419286803067,nan,0.7298657502408925,0.7298657502408925,0.0,0.0,0.0,nan,0,1,1.0,0.0,-0.0013232717043887572,0.0003808995512522185,nan,-0.0013232717043887572,0.0003808995512522185,nan,0.5544169687027825,0.5544169687027825,0.0,0.0,0.0,nan,0,1,1.0,0.0,-0.001831810440733311,0.00010804419286803067,nan,-0.001831810440733311,0.00010804419286803067,nan,0.7298657502408925,0.7298657502408925,0.0,0.0,0.0,nan,0
217,0.18000000000000013,0.45,,scientific,0,1,0.1664516129032258,1.0,0.0,-0.001834363391116084,0.0001065013421978357,nan,-0.001834363391116084,0.0001065013421978357,nan,0.7310327400970962,0.7310327400970962,0.0,0.0,0.0,nan,0,1,1.0,0.0,-0.0013232717043887572,0.0003808995512522185,nan,-0.0013232717043887572,0.0003808995512522185,nan,0.5544169687027825,0.5544169687027825,0.0,0.0,0.0,nan,0,1,1.0,0.0,-0.001834363391116084,0.0001065013421978357,nan,-0.001834363391116084,0.0001065013421978357,nan,0.7310327400970962,0.7310327400970962,0.0,0.0,0.0,nan,0
218,0.18100000000000013,0.45,,scientific,0,1,0.1664516129032258,1.0,0.0,-0.0018369146141208942,0.00010496002795377392,nan,-0.0018369146141208942,0.00010496002795377392,nan,0.7321996442609051,0.7321996442609051,0.0,0.0,0.0,nan,0,1,1.0,0.0,-0.0013232717043887572,0.0003808995512522185,nan,-0.0013232717043887572,0.0003808995512522185,nan,0.5544169687027825,0.5544169687027825,0.0,0.0,0.0,nan,0,1,1.0,0.0,-0.0018369146141208942,0.00010496002795377392,nan,-0.0018369146141208942,0.00010496002795377392,nan,0.7321996442609051,0.7321996442609051,0.0,0.0,0.0,nan,0
219,0.18200000000000013,0.45,,scientific,0,1,0.1664516129032258,1.0,0.0,-0.0018394641382071014,0.0001034201985574781,nan,-0.0018394641382071014,0.0001034201985574781,nan,0.7333664627112179,0.7333664627112179,0.0,0.0,0.0,nan,0,1,1.0,0.0,-0.0013232717043887572,0.0003808995512522185,nan,-0.0013232717043887572,0.0003808995512522185,nan,0.5544169687027825,0.5544169687027825,0.0,0.0,0.0,nan,0,1,1.0,0.0,-0.0018394641382071014,0.0001034201985574781,nan,-0.0018394641382071014,0.0001034201985574781,nan,0.7333664627112179,0.7333664627112179,0.0,0.0,0.0,nan,0
220,0.18300000000000013,0.45,,scientific,0,1,0.1664516129032258,1.0,0.0,-0.0017389333687143687,0.0009788670454620606,nan,-0.0017389333687143687,0.0009788670454620606,nan,0.7358802364614724,0.7358802364614724,0.0,0.0,0.0,nan,0,1,1.0,0.0,-0.0012282765803459461,0.0011873754910242322,nan,-0.0012282765803459461,0.0011873754910242322,nan,0.5554935065061011,0.5554935065061011,0.0,0.0,0.0,nan,0,1,1.0,0.0,-0.0017389333687143687,0.0009788670454620606,nan,-0.0017389333687143687,0.0009788670454620606,nan,0.7358802364614724,0.7358802364614724,0.0,0.0,0.0,nan,0
221,0.18400000000000014,0.45,,scientific,0,1,0.1664516129032258,1.0,0.0,-0.001851779882689899,9.053399562037131e-05,nan,-0.001851779882689899,9.053399562037131e-05,nan,0.7384106099057651,0.7384106099057651,0.0,0.0,0.0,nan,0,1,1.0,0.0,-0.0013285539819289794,0.00038004739016656816,nan,-0.0013285539819289794,0.00038004739016656816,nan,0.5565700443094008,0.5565700443094008,0.0,0.0,0.0,nan,0,1,1.0,0.0,-0.001851779882689899,9.053399562037131e-05,nan,-0.001851779882689899,9.053399562037131e-05,nan,0.7384106099057651,0.7384106099057651,0.0,0.0,0.0,nan,0
222,0.18500000000000014,0.45,,scientific,0,1,0.1664516129032258,1.0,0.0,-0.0018543358524283804,8.894245036057699e-05,nan,-0.0018543358524283804,8.894245036057699e-05,nan,0.7395801731013056,0.7395801731013056,0.0,0.0,0.0,nan,0,1,1.0,0.0,-0.0013285539819289794,0.00038004739016656816,nan,-0.0013285539819289794,0.00038004739016656816,nan,0.5565700443094008,0.5565700443094008,0.0,0.0,0.0,nan,0,1,1.0,0.0,-0.0018543358524283804,8.894245036057699e-05,nan,-0.0018543358524283804,8.894245036057699e-05,nan,0.7395801731013056,0.7395801731013056,0.0,0.0,0.0,nan,0
223,0.18600000000000014,0.45,,scientific,0,1,0.1664516129032258,1.0,0.0,-0.0018568900607282785,8.735262529829223e-05,nan,-0.0018568900607282785,8.735262529829223e-05,nan,0.7407496492240677,0.7407496492240677,0.0,0.0,0.0,nan,0,1,1.0,0.0,-0.0013285539819289794,0.00038004739016656816,nan,-0.0013285539819289794,0.00038004739016656816,nan,0.5565700443094008,0.5565700443094008,0.0,0.0,0.0,nan,0,1,1.0,0.0,-0.0018568900607282785,8.735262529829223e-05,nan,-0.0018568900607282785,8.735262529829223e-05,nan,0.7407496492240677,0.7407496492240677,0.0,0.0,0.0,nan,0
224,0.18700000000000014,0.45,,scientific,0,1,0.1664516129032258,1.0,0.0,-0.001859442535721854,8.576453047190917e-05,nan,-0.001859442535721854,8.576453047190917e-05,nan,0.7419190382430713,0.7419190382430713,0.0,0.0,0.0,nan,0,1,1.0,0.0,-0.0013285539819289794,0.00038004739016656816,nan,-0.0013285539819289794,0.00038004739016656816,nan,0.5565700443094008,0.5565700443094008,0.0,0.0,0.0,nan,0,1,1.0,0.0,-0.001859442535721854,8.576453047190917e-05,nan,-0.001859442535721854,8.576453047190917e-05,nan,0.7419190382430713,0.7419190382430713,0.0,0.0,0.0,nan,0
225,0.18800000000000014,0.45,,scientific,0,1,0.1664516129032258,1.0,0.0,-0.001861993234471836,8.417814006557704e-05,nan,-0.001861993234471836,8.417814006557704e-05,nan,0.7430883401296967,0.7430883401296967,0.0,0.0,0.0,nan,0,1,1.0,0.0,-0.0013285539819289794,0.00038004739016656816,nan,-0.0013285539819289794,0.00038004739016656816,nan,0.5565700443094008,0.5565700443094008,0.0,0.0,0.0,nan,0,1,1.0,0.0,-0.001861993234471836,8.417814006557704e-05,nan,-0.001861993234471836,8.417814006557704e-05,nan,0.7430883401296967,0.7430883401296967,0.0,0.0,0.0,nan,0
226,0.18900000000000014,0.45,,scientific,0,1,0.1664516129032258,1.0,0.0,-0.0018645422612580803,8.259345580420944e-05,nan,-0.0018645422612580803,8.259345580420944e-05,nan,0.7442575548548096,0.7442575548548096,0.0,0.0,0.0,nan,0,1,1.0,0.0,-0.0013285539819289794,0.00038004739016656816,nan,-0.0013285539819289794,0.00038004739016656816,nan,0.5565700443094008,0.5565700443094008,0.0,0.0,0.0,nan,0,1,1.0,0.0,-0.0018645422612580803,8.259345580420944e-05,nan,-0.0018645422612580803,8.259345580420944e-05,nan,0.7442575548548096,0.7442575548548096,0.0,0.0,0.0,nan,0
227,0.19000000000000014,0.45,,scientific,0,1,0.1664516129032258,1.0,0.0,-0.0018670896230272955,8.101049041048711e-05,nan,-0.0018670896230272955,8.101049041048711e-05,nan,0.7454266823756694,0.7454266823756694,0.0,0.0,0.0,nan,0,1,1.0,0.0,-0.0013285539819289794,0.00038004739016656816,nan,-0.0013285539819289794,0.00038004739016656816,nan,0.5565700443094008,0.5565700443094008,0.0,0.0,0.0,nan,0,1,1.0,0.0,-0.0018670896230272955,8.101049041048711e-05,nan,-0.0018670896230272955,8.101049041048711e-05,nan,0.7454266823756694,0.7454266823756694,0.0,0.0,0.0,nan,0
228,0.19100000000000014,0.45,,scientific,0,1,0.1664516129032258,1.0,0.0,-0.001869635310226526,7.942923014521887e-05,nan,-0.001869635310226526,7.942923014521887e-05,nan,0.7465957226461282,0.7465957226461282,0.0,0.0,0.0,nan,0,1,1.0,0.0,-0.0013285539819289794,0.00038004739016656816,nan,-0.0013285539819289794,0.00038004739016656816,nan,0.5565700443094008,0.5565700443094008,0.0,0.0,0.0,nan,0,1,1.0,0.0,-0.001869635310226526,7.942923014521887e-05,nan,-0.001869635310226526,7.942923014521887e-05,nan,0.7465957226461282,0.7465957226461282,0.0,0.0,0.0,nan,0
229,0.19200000000000014,0.45,,scientific,0,1,0.1664516129032258,1.0,0.0,-0.0018721793568374657,7.784970792881245e-05,nan,-0.0018721793568374657,7.784970792881245e-05,nan,0.7477646756335511,0.7477646756335511,0.0,0.0,0.0,nan,0,1,1.0,0.0,-0.0013285539819289794,0.00038004739016656816,nan,-0.0013285539819289794,0.00038004739016656816,nan,0.5565700443094008,0.5565700443094008,0.0,0.0,0.0,nan,0,1,1.0,0.0,-0.0018721793568374657,7.784970792881245e-05,nan,-0.0018721793568374657,7.784970792881245e-05,nan,0.7477646756335511,0.7477646756335511,0.0,0.0,0.0,nan,0
230,0.19300000000000014,0.45,,scientific,0,1,0.1664516129032258,1.0,0.0,-0.002243021788185207,0.0008880537811887994,nan,-0.002243021788185207,0.0008880537811887994,nan,0.7503082688403746,0.7503082688403746,0.0,0.0,0.0,nan,0,1,1.0,0.0,-0.0016628792431259538,0.0011171641326698186,nan,-0.0016628792431259538,0.0011171641326698186,nan,0.5576465821127194,0.5576465821127194,0.0,0.0,0.0,nan,0,1,1.0,0.0,-0.002243021788185207,0.0008880537811887994,nan,-0.002243021788185207,0.0008880537811887994,nan,0.7503082688403746,0.7503082688403746,0.0,0.0,0.0,nan,0
231,0.19400000000000014,0.45,,scientific,0,1,0.1664516129032258,1.0,0.0,-0.0022456868318528663,0.0008867494384062551,nan,-0.0022456868318528663,0.0008867494384062551,nan,0.7514785766183486,0.7514785766183486,0.0,0.0,0.0,nan,0,1,1.0,0.0,-0.0016628792431259538,0.0011171641326698186,nan,-0.0016628792431259538,0.0011171641326698186,nan,0.5576465821127194,0.5576465821127194,0.0,0.0,0.0,nan,0,1,1.0,0.0,-0.0022456868318528663,0.0008867494384062551,nan,-0.0022456868318528663,0.0008867494384062551,nan,0.7514785766183486,0.7514785766183486,0.0,0.0,0.0,nan,0
232,0.19500000000000015,0.45,,scientific,0,1,0.16709677419354838,1.0,0.0,-0.0022483501193846624,0.0008854464323142086,nan,-0.0022483501193846624,0.0008854464323142086,nan,0.7526487962423776,0.7526487962423776,0.0,0.0,0.0,nan,0,1,1.0,0.0,-0.0016628792431259538,0.0011171641326698186,nan,-0.0016628792431259538,0.0011171641326698186,nan,0.5576465821127194,0.5576465821127194,0.0,0.0,0.0,nan,0,1,1.0,0.0,-0.0022483501193846624,0.0008854464323142086,nan,-0.0022483501193846624,0.0008854464323142086,nan,0.7526487962423776,0.7526487962423776,0.0,0.0,0.0,nan,0
233,0.19600000000000015,0.45,,scientific,0,1,0.16709677419354838,1.0,0.0,-0.0022510115904380806,0.0008841447510444992,nan,-0.0022510115904380806,0.0008841447510444992,nan,0.7538189276580094,0.7538189276580094,0.0,0.0,0.0,nan,0,1,1.0,0.0,-0.0016628792431259538,0.0011171641326698186,nan,-0.0016628792431259538,0.0011171641326698186,nan,0.5576465821127194,0.5576465821127194,0.0,0.0,0.0,nan,0,1,1.0,0.0,-0.0022510115904380806,0.0008841447510444992,nan,-0.0022510115904380806,0.0008841447510444992,nan,0.7538189276580094,0.7538189276580094,0.0,0.0,0.0,nan,0
234,0.19700000000000015,0.45,,scientific,0,1,0.16709677419354838,1.0,0.0,-0.0022536711952640107,0.0008828444561320637,nan,-0.0022536711952640107,0.0008828444561320637,nan,0.75498897079929,0.75498897079929,0.0,0.0,0.0,nan,0,1,1.0,0.0,-0.0016628792431259538,0.0011171641326698186,nan,-0.0016628792431259538,0.0011171641326698186,nan,0.5576465821127194,0.5576465821127194,0.0,0.0,0.0,nan,0,1,1.0,0.0,-0.0022536711952640107,0.0008828444561320637,nan,-0.0022536711952640107,0.0008828444561320637,nan,0.75498897079929,0.75498897079929,0.0,0.0,0.0,nan,0
235,0.19800000000000015,0.45,,scientific,0,1,0.16774193548387098,1.0,0.0,-0.0022563288873982024,0.0008815455843404058,nan,-0.0022563288873982024,0.0008815455843404058,nan,0.7561589256012402,0.7561589256012402,0.0,0.0,0.0,nan,0,1,1.0,0.0,-0.0016628792431259538,0.0011171641326698186,nan,-0.0016628792431259538,0.0011171641326698186,nan,0.5576465821127194,0.5576465821127194,0.0,0.0,0.0,nan,0,1,1.0,0.0,-0.0022563288873982024,0.0008815455843404058,nan,-0.0022563288873982024,0.0008815455843404058,nan,0.7561589256012402,0.7561589256012402,0.0,0.0,0.0,nan,0
236,0.19900000000000015,0.45,,scientific,0,1,0.16774193548387098,1.0,0.0,-0.00225898478326304,0.0008802481047183524,nan,-0.00225898478326304,0.0008802481047183524,nan,0.7573287919684147,0.7573287919684147,0.0,0.0,0.0,nan,0,1,1.0,0.0,-0.0016628792431259538,0.0011171641326698186,nan,-0.0016628792431259538,0.0011171641326698186,nan,0.5576465821127194,0.5576465821127194,0.0,0.0,0.0,nan,0,1,1.0,0.0,-0.00225898478326304,0.0008802481047183524,nan,-0.00225898478326304,0.0008802481047183524,nan,0.7573287919684147,0.7573287919684147,0.0,0.0,0.0,nan,0
237,0.20000000000000015,0.45,,scientific,0,1,0.16774193548387098,1.0,0.0,-0.0022616389263770543,0.0008789520114386366,nan,-0.0022616389263770543,0.0008789520114386366,nan,0.7584985698199664,0.7584985698199664,0.0,0.0,0.0,nan,0,1,1.0,0.0,-0.0016628792431259538,0.0011171641326698186,nan,-0.0016628792431259538,0.0011171641326698186,nan,0.5576465821127194,0.5576465821127194,0.0,0.0,0.0,nan,0,1,1.0,0.0,-0.0022616389263770543,0.0008789520114386366,nan,-0.0022616389263770543,0.0008789520114386366,nan,0.7584985698199664,0.7584985698199664,0.0,0.0,0.0,nan,0
238,0.20100000000000015,0.45,,scientific,0,1,0.16774193548387098,1.0,0.0,-0.0022642912826765045,0.0008776572852718819,nan,-0.0022642912826765045,0.0008776572852718819,nan,0.7596682591007597,0.7596682591007597,0.0,0.0,0.0,nan,0,1,1.0,0.0,-0.0016628792431259538,0.0011171641326698186,nan,-0.0016628792431259538,0.0011171641326698186,nan,0.5576465821127194,0.5576465821127194,0.0,0.0,0.0,nan,0,1,1.0,0.0,-0.0022642912826765045,0.0008776572852718819,nan,-0.0022642912826765045,0.0008776572852718819,nan,0.7596682591007597,0.7596682591007597,0.0,0.0,0.0,nan,0
239,0.20200000000000015,0.45,,scientific,0,1,0.16774193548387098,1.0,0.0,-0.002266941898218756,0.0008763639477816947,nan,-0.002266941898218756,0.0008763639477816947,nan,0.7608378597474145,0.7608378597474145,0.0,0.0,0.0,nan,0,1,1.0,0.0,-0.0016628792431259538,0.0011171641326698186,nan,-0.0016628792431259538,0.0011171641326698186,nan,0.5576465821127194,0.5576465821127194,0.0,0.0,0.0,nan,0,1,1.0,0.0,-0.002266941898218756,0.0008763639477816947,nan,-0.002266941898218756,0.0008763639477816947,nan,0.7608378597474145,0.7608378597474145,0.0,0.0,0.0,nan,0
240,0.20300000000000015,0.45,,scientific,0,1,0.16774193548387098,1.0,0.0,-0.0022695908447858924,0.0008750719921997847,nan,-0.0022695908447858924,0.0008750719921997847,nan,0.7620073716819089,0.7620073716819089,0.0,0.0,0.0,nan,0,1,1.0,0.0,-0.0016628792431259538,0.0011171641326698186,nan,-0.0016628792431259538,0.0011171641326698186,nan,0.5576465821127194,0.5576465821127194,0.0,0.0,0.0,nan,0,1,1.0,0.0,-0.0022695908447858924,0.0008750719921997847,nan,-0.0022695908447858924,0.0008750719921997847,nan,0.7620073716819089,0.7620073716819089,0.0,0.0,0.0,nan,0
241,0.20400000000000015,0.45,,scientific,0,1,0.16774193548387098,1.0,0.0,-0.002272238068477246,0.0008737813874338617,nan,-0.002272238068477246,0.0008737813874338617,nan,0.7631767948221593,0.7631767948221593,0.0,0.0,0.0,nan,0,1,1.0,0.0,-0.0016628792431259538,0.0011171641326698186,nan,-0.0016628792431259538,0.0011171641326698186,nan,0.5576465821127194,0.5576465821127194,0.0,0.0,0.0,nan,0,1,1.0,0.0,-0.002272238068477246,0.0008737813874338617,nan,-0.002272238068477246,0.0008737813874338617,nan,0.7631767948221593,0.7631767948221593,0.0,0.0,0.0,nan,0
242,0.20500000000000015,0.45,,scientific,0,1,0.16774193548387098,1.0,0.0,-0.0022748836164710007,0.0008724921941146238,nan,-0.0022748836164710007,0.0008724921941146238,nan,0.7643461290917696,0.7643461290917696,0.0,0.0,0.0,nan,0,1,1.0,0.0,-0.0016628792431259538,0.0011171641326698186,nan,-0.0016628792431259538,0.0011171641326698186,nan,0.5576465821127194,0.5576465821127194,0.0,0.0,0.0,nan,0,1,1.0,0.0,-0.0022748836164710007,0.0008724921941146238,nan,-0.0022748836164710007,0.0008724921941146238,nan,0.7643461290917696,0.7643461290917696,0.0,0.0,0.0,nan,0
243,0.20600000000000016,0.45,,scientific,0,1,0.16774193548387098,1.0,0.0,-0.0028821734111749886,0.00022094626090857428,nan,-0.0028821734111749886,0.00022094626090857428,nan,0.7668963635023568,0.7668963635023568,0.0,0.0,0.0,nan,0,1,1.0,0.0,-0.0022147652860590996,0.0005231974054957095,nan,-0.0022147652860590996,0.0005231974054957095,nan,0.5587231199160381,0.5587231199160381,0.0,0.0,0.0,nan,0,1,1.0,0.0,-0.0028821734111749886,0.00022094626090857428,nan,-0.0028821734111749886,0.00022094626090857428,nan,0.7668963635023568,0.7668963635023568,0.0,0.0,0.0,nan,0
244,0.20700000000000016,0.45,,scientific,0,1,0.16774193548387098,1.0,0.0,-0.0028849872459807344,0.00021947806967895114,nan,-0.0028849872459807344,0.00021947806967895114,nan,0.7680669614259277,0.7680669614259277,0.0,0.0,0.0,nan,0,1,1.0,0.0,-0.0022147652860590996,0.0005231974054957095,nan,-0.0022147652860590996,0.0005231974054957095,nan,0.5587231199160381,0.5587231199160381,0.0,0.0,0.0,nan,0,1,1.0,0.0,-0.0028849872459807344,0.00021947806967895114,nan,-0.0028849872459807344,0.00021947806967895114,nan,0.7680669614259277,0.7680669614259277,0.0,0.0,0.0,nan,0
245,0.20800000000000016,0.45,,scientific,0,1,0.16774193548387098,1.0,0.0,-0.0028877992711024794,0.00021801140337729505,nan,-0.0028877992711024794,0.00021801140337729505,nan,0.7692374697014275,0.7692374697014275,0.0,0.0,0.0,nan,0,1,1.0,0.0,-0.0022147652860590996,0.0005231974054957095,nan,-0.0022147652860590996,0.0005231974054957095,nan,0.5587231199160381,0.5587231199160381,0.0,0.0,0.0,nan,0,1,1.0,0.0,-0.0028877992711024794,0.00021801140337729505,nan,-0.0028877992711024794,0.00021801140337729505,nan,0.7692374697014275,0.7692374697014275,0.0,0.0,0.0,nan,0
246,0.20900000000000016,0.45,,scientific,0,1,0.16774193548387098,1.0,0.0,-0.0037498272142026264,-3.020679817945368e-05,nan,-0.0037498272142026264,-3.020679817945368e-05,nan,0.7718079797323227,0.7718079797323227,0.0,0.0,0.0,nan,0,1,1.0,0.0,-0.002990048195918782,0.0003004231978556187,nan,-0.002990048195918782,0.0003004231978556187,nan,0.5597996577193567,0.5597996577193567,0.0,0.0,0.0,nan,0,1,1.0,0.0,-0.0037498272142026264,-3.020679817945368e-05,nan,-0.0037498272142026264,-3.020679817945368e-05,nan,0.7718079797323227,0.7718079797323227,0.0,0.0,0.0,nan,0
247,0.21000000000000016,0.45,,scientific,0,1,0.16774193548387098,1.0,0.0,-0.0037529203005397544,-3.175118894814642e-05,nan,-0.0037529203005397544,-3.175118894814642e-05,nan,0.7729798302594618,0.7729798302594618,0.0,0.0,0.0,nan,0,1,1.0,0.0,-0.002990048195918782,0.0003004231978556187,nan,-0.002990048195918782,0.0003004231978556187,nan,0.5597996577193567,0.5597996577193567,0.0,0.0,0.0,nan,0,1,1.0,0.0,-0.0037529203005397544,-3.175118894814642e-05,nan,-0.0037529203005397544,-3.175118894814642e-05,nan,0.7729798302594618,0.7729798302594618,0.0,0.0,0.0,nan,0
248,0.21100000000000016,0.45,,scientific,0,1,0.16774193548387098,1.0,0.0,-0.0037560113433007373,-3.3294003458130405e-05,nan,-0.0037560113433007373,-3.3294003458130405e-05,nan,0.7741515901533602,0.7741515901533602,0.0,0.0,0.0,nan,0,1,1.0,0.0,-0.002990048195918782,0.0003004231978556187,nan,-0.002990048195918782,0.0003004231978556187,nan,0.5597996577193567,0.5597996577193567,0.0,0.0,0.0,nan,0,1,1.0,0.0,-0.0037560113433007373,-3.3294003458130405e-05,nan,-0.0037560113433007373,-3.3294003458130405e-05,nan,0.7741515901533602,0.7741515901533602,0.0,0.0,0.0,nan,0
249,0.21200000000000016,0.45,,scientific,0,1,0.16774193548387098,1.0,0.0,-0.0037591003594784097,-3.483522780176996e-05,nan,-0.0037591003594784097,-3.483522780176996e-05,nan,0.775323259327067,0.775323259327067,0.0,0.0,0.0,nan,0,1,1.0,0.0,-0.002990048195918782,0.0003004231978556187,nan,-0.002990048195918782,0.0003004231978556187,nan,0.5597996577193567,0.5597996577193567,0.0,0.0,0.0,nan,0,1,1.0,0.0,-0.0037591003594784097,-3.483522780176996e-05,nan,-0.0037591003594784097,-3.483522780176996e-05,nan,0.775323259327067,0.775323259327067,0.0,0.0,0.0,nan,0
250,0.21300000000000016,0.45,,scientific,0,1,0.16838709677419356,1.0,0.0,-0.003762187307809598,-3.6374914266461964e-05,nan,-0.003762187307809598,-3.6374914266461964e-05,nan,0.7764948376874294,0.7764948376874294,0.0,0.0,0.0,nan,0,1,1.0,0.0,-0.002990048195918782,0.0003004231978556187,nan,-0.002990048195918782,0.0003004231978556187,nan,0.5597996577193567,0.5597996577193567,0.0,0.0,0.0,nan,0,1,1.0,0.0,-0.003762187307809598,-3.6374914266461964e-05,nan,-0.003762187307809598,-3.6374914266461964e-05,nan,0.7764948376874294,0.7764948376874294,0.0,0.0,0.0,nan,0
251,0.21400000000000016,0.45,,scientific,0,1,0.16838709677419356,1.0,0.0,-0.003765272163770793,-3.791306003027932e-05,nan,-0.003765272163770793,-3.791306003027932e-05,nan,0.7776663251321083,0.7776663251321083,0.0,0.0,0.0,nan,0,1,1.0,0.0,-0.002990048195918782,0.0003004231978556187,nan,-0.002990048195918782,0.0003004231978556187,nan,0.5597996577193567,0.5597996577193567,0.0,0.0,0.0,nan,0,1,1.0,0.0,-0.003765272163770793,-3.791306003027932e-05,nan,-0.003765272163770793,-3.791306003027932e-05,nan,0.7776663251321083,0.7776663251321083,0.0,0.0,0.0,nan,0
252,0.21500000000000016,0.45,,scientific,0,1,0.16838709677419356,1.0,0.0,-0.0037683549942562457,-3.944965765229867e-05,nan,-0.0037683549942562457,-3.944965765229867e-05,nan,0.7788377215412277,0.7788377215412277,0.0,0.0,0.0,nan,0,1,1.0,0.0,-0.002990048195918782,0.0003004231978556187,nan,-0.002990048195918782,0.0003004231978556187,nan,0.5597996577193567,0.5597996577193567,0.0,0.0,0.0,nan,0,1,1.0,0.0,-0.0037683549942562457,-3.944965765229867e-05,nan,-0.0037683549942562457,-3.944965765229867e-05,nan,0.7788377215412277,0.7788377215412277,0.0,0.0,0.0,nan,0
253,0.21600000000000016,0.45,,scientific,0,1,0.16838709677419356,1.0,0.0,-0.00377143581404235,-4.098473557922875e-05,nan,-0.00377143581404235,-4.098473557922875e-05,nan,0.7800090268011077,0.7800090268011077,0.0,0.0,0.0,nan,0,1,1.0,0.0,-0.002990048195918782,0.0003004231978556187,nan,-0.002990048195918782,0.0003004231978556187,nan,0.5597996577193567,0.5597996577193567,0.0,0.0,0.0,nan,0,1,1.0,0.0,-0.00377143581404235,-4.098473557922875e-05,nan,-0.00377143581404235,-4.098473557922875e-05,nan,0.7800090268011077,0.7800090268011077,0.0,0.0,0.0,nan,0
254,0.21700000000000016,0.45,,scientific,0,1,0.16838709677419356,1.0,0.0,-0.0037745146463315387,-4.25183431132453e-05,nan,-0.0037745146463315387,-4.25183431132453e-05,nan,0.7811802408070838,0.7811802408070838,0.0,0.0,0.0,nan,0,1,1.0,0.0,-0.002990048195918782,0.0003004231978556187,nan,-0.002990048195918782,0.0003004231978556187,nan,0.5597996577193567,0.5597996577193567,0.0,0.0,0.0,nan,0,1,1.0,0.0,-0.0037745146463315387,-4.25183431132453e-05,nan,-0.0037745146463315387,-4.25183431132453e-05,nan,0.7811802408070838,0.7811802408070838,0.0,0.0,0.0,nan,0
255,0.21800000000000017,0.45,,scientific,0,1,0.16838709677419356,1.0,0.0,-0.0037775914905620388,-4.4050475289939885e-05,nan,-0.0037775914905620388,-4.4050475289939885e-05,nan,0.782351363445851,0.782351363445851,0.0,0.0,0.0,nan,0,1,1.0,0.0,-0.002990048195918782,0.0003004231978556187,nan,-0.002990048195918782,0.0003004231978556187,nan,0.5597996577193567,0.5597996577193567,0.0,0.0,0.0,nan,0,1,1.0,0.0,-0.0037775914905620388,-4.4050475289939885e-05,nan,-0.0037775914905620388,-4.4050475289939885e-05,nan,0.782351363445851,0.782351363445851,0.0,0.0,0.0,nan,0
256,0.21900000000000017,0.45,,scientific,0,1,0.16838709677419356,1.0,0.0,-0.0037806663141201806,-4.558109853244236e-05,nan,-0.0037806663141201806,-4.558109853244236e-05,nan,0.7835223945975015,0.7835223945975015,0.0,0.0,0.0,nan,0,1,1.0,0.0,-0.002990048195918782,0.0003004231978556187,nan,-0.002990048195918782,0.0003004231978556187,nan,0.5597996577193567,0.5597996577193567,0.0,0.0,0.0,nan,0,1,1.0,0.0,-0.0037806663141201806,-4.558109853244236e-05,nan,-0.0037806663141201806,-4.558109853244236e-05,nan,0.7835223945975015,0.7835223945975015,0.0,0.0,0.0,nan,0
257,0.22000000000000017,0.45,,scientific,0,1,0.16838709677419356,1.0,0.0,-0.003783739121185247,-4.711020274527104e-05,nan,-0.003783739121185247,-4.711020274527104e-05,nan,0.7846933341320144,0.7846933341320144,0.0,0.0,0.0,nan,0,1,1.0,0.0,-0.002990048195918782,0.0003004231978556187,nan,-0.002990048195918782,0.0003004231978556187,nan,0.5597996577193567,0.5597996577193567,0.0,0.0,0.0,nan,0,1,1.0,0.0,-0.003783739121185247,-4.711020274527104e-05,nan,-0.003783739121185247,-4.711020274527104e-05,nan,0.7846933341320144,0.7846933341320144,0.0,0.0,0.0,nan,0
258,0.22100000000000017,0.45,,scientific,0,1,0.16838709677419356,1.0,0.0,-0.0037868099677989563,-4.8637775636923825e-05,nan,-0.0037868099677989563,-4.8637775636923825e-05,nan,0.785864181915162,0.785864181915162,0.0,0.0,0.0,nan,0,1,1.0,0.0,-0.002990048195918782,0.0003004231978556187,nan,-0.002990048195918782,0.0003004231978556187,nan,0.5597996577193567,0.5597996577193567,0.0,0.0,0.0,nan,0,1,1.0,0.0,-0.0037868099677989563,-4.8637775636923825e-05,nan,-0.0037868099677989563,-4.8637775636923825e-05,nan,0.785864181915162,0.785864181915162,0.0,0.0,0.0,nan,0
259,0.22200000000000017,0.45,,scientific,0,1,0.16838709677419356,1.0,0.0,-0.003789878875961132,-5.0163816812965e-05,nan,-0.003789878875961132,-5.0163816812965e-05,nan,0.7870349378210788,0.7870349378210788,0.0,0.0,0.0,nan,0,1,1.0,0.0,-0.002990048195918782,0.0003004231978556187,nan,-0.002990048195918782,0.0003004231978556187,nan,0.5597996577193567,0.5597996577193567,0.0,0.0,0.0,nan,0,1,1.0,0.0,-0.003789878875961132,-5.0163816812965e-05,nan,-0.003789878875961132,-5.0163816812965e-05,nan,0.7870349378210788,0.7870349378210788,0.0,0.0,0.0,nan,0
260,0.22300000000000017,0.45,,scientific,0,1,0.16838709677419356,1.0,0.0,-0.0037929458375035485,-5.168834263859661e-05,nan,-0.0037929458375035485,-5.168834263859661e-05,nan,0.7882056017308843,0.7882056017308843,0.0,0.0,0.0,nan,0,1,1.0,0.0,-0.002990048195918782,0.0003004231978556187,nan,-0.002990048195918782,0.0003004231978556187,nan,0.5597996577193567,0.5597996577193567,0.0,0.0,0.0,nan,0,1,1.0,0.0,-0.0037929458375035485,-5.168834263859661e-05,nan,-0.0037929458375035485,-5.168834263859661e-05,nan,0.7882056017308843,0.7882056017308843,0.0,0.0,0.0,nan,0
261,0.22400000000000017,0.45,,scientific,0,1,0.16838709677419356,1.0,0.0,-0.003796010917353019,-5.3211361324194376e-05,nan,-0.003796010917353019,-5.3211361324194376e-05,nan,0.7893761735310227,0.7893761735310227,0.0,0.0,0.0,nan,0,1,1.0,0.0,-0.002990048195918782,0.0003004231978556187,nan,-0.002990048195918782,0.0003004231978556187,nan,0.5597996577193567,0.5597996577193567,0.0,0.0,0.0,nan,0,1,1.0,0.0,-0.003796010917353019,-5.3211361324194376e-05,nan,-0.003796010917353019,-5.3211361324194376e-05,nan,0.7893761735310227,0.7893761735310227,0.0,0.0,0.0,nan,0
262,0.22500000000000017,0.45,,scientific,0,1,0.16838709677419356,1.0,0.0,-0.003799074094703239,-5.4732824895071273e-05,nan,-0.003799074094703239,-5.4732824895071273e-05,nan,0.7905466530891543,0.7905466530891543,0.0,0.0,0.0,nan,0,1,1.0,0.0,-0.002990048195918782,0.0003004231978556187,nan,-0.002990048195918782,0.0003004231978556187,nan,0.5597996577193567,0.5597996577193567,0.0,0.0,0.0,nan,0,1,1.0,0.0,-0.003799074094703239,-5.4732824895071273e-05,nan,-0.003799074094703239,-5.4732824895071273e-05,nan,0.7905466530891543,0.7905466530891543,0.0,0.0,0.0,nan,0
263,0.22600000000000017,0.45,,scientific,0,1,0.16838709677419356,1.0,0.0,-0.0038021354956999584,-5.625277420215034e-05,nan,-0.0038021354956999584,-5.625277420215034e-05,nan,0.791717040259222,0.791717040259222,0.0,0.0,0.0,nan,0,1,1.0,0.0,-0.002990048195918782,0.0003004231978556187,nan,-0.002990048195918782,0.0003004231978556187,nan,0.5597996577193567,0.5597996577193567,0.0,0.0,0.0,nan,0,1,1.0,0.0,-0.0038021354956999584,-5.625277420215034e-05,nan,-0.0038021354956999584,-5.625277420215034e-05,nan,0.791717040259222,0.791717040259222,0.0,0.0,0.0,nan,0
264,0.22700000000000017,0.45,,scientific,0,1,0.16903225806451613,1.0,0.0,-0.0038051949949071155,-5.7771171176761086e-05,nan,-0.0038051949949071155,-5.7771171176761086e-05,nan,0.7928873349071658,0.7928873349071658,0.0,0.0,0.0,nan,0,1,1.0,0.0,-0.002990048195918782,0.0003004231978556187,nan,-0.002990048195918782,0.0003004231978556187,nan,0.5597996577193567,0.5597996577193567,0.0,0.0,0.0,nan,0,1,1.0,0.0,-0.0038051949949071155,-5.7771171176761086e-05,nan,-0.0038051949949071155,-5.7771171176761086e-05,nan,0.7928873349071658,0.7928873349071658,0.0,0.0,0.0,nan,0
265,0.22800000000000017,0.45,,scientific,0,1,0.16903225806451613,1.0,0.0,-0.003808252616231215,-5.928804714927199e-05,nan,-0.003808252616231215,-5.928804714927199e-05,nan,0.7940575368732653,0.7940575368732653,0.0,0.0,0.0,nan,0,1,1.0,0.0,-0.002990048195918782,0.0003004231978556187,nan,-0.002990048195918782,0.0003004231978556187,nan,0.5597996577193567,0.5597996577193567,0.0,0.0,0.0,nan,0,1,1.0,0.0,-0.003808252616231215,-5.928804714927199e-05,nan,-0.003808252616231215,-5.928804714927199e-05,nan,0.7940575368732653,0.7940575368732653,0.0,0.0,0.0,nan,0
266,0.22900000000000018,0.45,,scientific,0,1,0.16903225806451613,1.0,0.0,-0.0029531311900809574,0.0002481628104452532,nan,-0.0029531311900809574,0.0002481628104452532,nan,0.7966610413148227,0.7966610413148227,0.0,0.0,0.0,nan,0,1,1.0,0.0,-0.00222150484167104,0.0005768403363395089,nan,-0.00222150484167104,0.0005768403363395089,nan,0.5608761955226753,0.5608761955226753,0.0,0.0,0.0,nan,0,1,1.0,0.0,-0.0029531311900809574,0.0002481628104452532,nan,-0.0029531311900809574,0.0002481628104452532,nan,0.7966610413148227,0.7966610413148227,0.0,0.0,0.0,nan,0
267,0.23000000000000018,0.45,,scientific,0,1,0.16903225806451613,1.0,0.0,-0.0029559078023428556,0.0002467501669668635,nan,-0.0029559078023428556,0.0002467501669668635,nan,0.7978325794810387,0.7978325794810387,0.0,0.0,0.0,nan,0,1,1.0,0.0,-0.00222150484167104,0.0005768403363395089,nan,-0.00222150484167104,0.0005768403363395089,nan,0.5608761955226753,0.5608761955226753,0.0,0.0,0.0,nan,0,1,1.0,0.0,-0.0029559078023428556,0.0002467501669668635,nan,-0.0029559078023428556,0.0002467501669668635,nan,0.7978325794810387,0.7978325794810387,0.0,0.0,0.0,nan,0
268,0.23100000000000018,0.45,,scientific,0,1,0.16903225806451613,1.0,0.0,-0.0018655387216395545,0.0015971560297020654,nan,-0.0018655387216395545,0.0015971560297020654,nan,0.8018476223171914,0.8018476223171914,0.0,0.0,0.0,nan,0,1,1.0,0.0,-0.0012317441478530177,0.001796773760634679,nan,-0.0012317441478530177,0.001796773760634679,nan,0.5630292711293124,0.5630292711293124,0.0,0.0,0.0,nan,0,1,1.0,0.0,-0.0018655387216395545,0.0015971560297020654,nan,-0.0018655387216395545,0.0015971560297020654,nan,0.8018476223171914,0.8018476223171914,0.0,0.0,0.0,nan,0
269,0.23200000000000018,0.45,,scientific,0,1,0.16903225806451613,1.0,0.0,-0.001868007539696919,0.001596140252371794,nan,-0.001868007539696919,0.001596140252371794,nan,0.8030218712683103,0.8030218712683103,0.0,0.0,0.0,nan,0,1,1.0,0.0,-0.0012317441478530177,0.001796773760634679,nan,-0.0012317441478530177,0.001796773760634679,nan,0.5630292711293124,0.5630292711293124,0.0,0.0,0.0,nan,0,1,1.0,0.0,-0.001868007539696919,0.001596140252371794,nan,-0.001868007539696919,0.001596140252371794,nan,0.8030218712683103,0.8030218712683103,0.0,0.0,0.0,nan,0
270,0.23300000000000018,0.45,,scientific,0,1,0.16903225806451613,1.0,0.0,-0.0018704749666189663,0.0015951255719147716,nan,-0.0018704749666189663,0.0015951255719147716,nan,0.8041960251818462,0.8041960251818462,0.0,0.0,0.0,nan,0,1,1.0,0.0,-0.0012317441478530177,0.001796773760634679,nan,-0.0012317441478530177,0.001796773760634679,nan,0.5630292711293124,0.5630292711293124,0.0,0.0,0.0,nan,0,1,1.0,0.0,-0.0018704749666189663,0.0015951255719147716,nan,-0.0018704749666189663,0.0015951255719147716,nan,0.8041960251818462,0.8041960251818462,0.0,0.0,0.0,nan,0
271,0.23400000000000018,0.45,,scientific,0,1,0.16903225806451613,1.0,0.0,-0.0018729410167624928,0.0015941120172443413,nan,-0.0018729410167624928,0.0015941120172443413,nan,0.805370083913589,0.805370083913589,0.0,0.0,0.0,nan,0,1,1.0,0.0,-0.0012317441478530177,0.001796773760634679,nan,-0.0012317441478530177,0.001796773760634679,nan,0.5630292711293124,0.5630292711293124,0.0,0.0,0.0,nan,0,1,1.0,0.0,-0.0018729410167624928,0.0015941120172443413,nan,-0.0018729410167624928,0.0015941120172443413,nan,0.805370083913589,0.805370083913589,0.0,0.0,0.0,nan,0
272,0.23500000000000018,0.45,,scientific,0,1,0.16903225806451613,1.0,0.0,-0.0018754056756120731,0.0015930996024798136,nan,-0.0018754056756120731,0.0015930996024798136,nan,0.8065440473294126,0.8065440473294126,0.0,0.0,0.0,nan,0,1,1.0,0.0,-0.0012317441478530177,0.001796773760634679,nan,-0.0012317441478530177,0.001796773760634679,nan,0.5630292711293124,0.5630292711293124,0.0,0.0,0.0,nan,0,1,1.0,0.0,-0.0018754056756120731,0.0015930996024798136,nan,-0.0018754056756120731,0.0015930996024798136,nan,0.8065440473294126,0.8065440473294126,0.0,0.0,0.0,nan,0
273,0.23600000000000018,0.45,,scientific,0,1,0.16903225806451613,1.0,0.0,-0.0018778689680071289,0.0015920883574187467,nan,-0.0018778689680071289,0.0015920883574187467,nan,0.8077179152986986,0.8077179152986986,0.0,0.0,0.0,nan,0,1,1.0,0.0,-0.0012317441478530177,0.001796773760634679,nan,-0.0012317441478530177,0.001796773760634679,nan,0.5630292711293124,0.5630292711293124,0.0,0.0,0.0,nan,0,1,1.0,0.0,-0.0018778689680071289,0.0015920883574187467,nan,-0.0018778689680071289,0.0015920883574187467,nan,0.8077179152986986,0.8077179152986986,0.0,0.0,0.0,nan,0
274,0.23700000000000018,0.45,,scientific,0,1,0.16903225806451613,1.0,0.0,-0.0018803308999385889,0.0015910782549397545,nan,-0.0018803308999385889,0.0015910782549397545,nan,0.8088916876725851,0.8088916876725851,0.0,0.0,0.0,nan,0,1,1.0,0.0,-0.0012317441478530177,0.001796773760634679,nan,-0.0012317441478530177,0.001796773760634679,nan,0.5630292711293124,0.5630292711293124,0.0,0.0,0.0,nan,0,1,1.0,0.0,-0.0018803308999385889,0.0015910782549397545,nan,-0.0018803308999385889,0.0015910782549397545,nan,0.8088916876725851,0.8088916876725851,0.0,0.0,0.0,nan,0
275,0.23800000000000018,0.45,,scientific,0,1,0.1696774193548387,1.0,0.0,-0.0018827915250373228,0.0015900693063688992,nan,-0.0018827915250373228,0.0015900693063688992,nan,0.8100653642924178,0.8100653642924178,0.0,0.0,0.0,nan,0,1,1.0,0.0,-0.0012317441478530177,0.001796773760634679,nan,-0.0012317441478530177,0.001796773760634679,nan,0.5630292711293124,0.5630292711293124,0.0,0.0,0.0,nan,0,1,1.0,0.0,-0.0018827915250373228,0.0015900693063688992,nan,-0.0018827915250373228,0.0015900693063688992,nan,0.8100653642924178,0.8100653642924178,0.0,0.0,0.0,nan,0
276,0.23900000000000018,0.45,,scientific,0,1,0.1696774193548387,1.0,0.0,-0.001885250824003331,0.0015890615470744026,nan,-0.001885250824003331,0.0015890615470744026,nan,0.8112389450171056,0.8112389450171056,0.0,0.0,0.0,nan,0,1,1.0,0.0,-0.0012317441478530177,0.001796773760634679,nan,-0.0012317441478530177,0.001796773760634679,nan,0.5630292711293124,0.5630292711293124,0.0,0.0,0.0,nan,0,1,1.0,0.0,-0.001885250824003331,0.0015890615470744026,nan,-0.001885250824003331,0.0015890615470744026,nan,0.8112389450171056,0.8112389450171056,0.0,0.0,0.0,nan,0
277,0.24000000000000019,0.45,,scientific,0,1,0.1696774193548387,1.0,0.0,-0.001887708783196534,0.0015880549355158453,nan,-0.001887708783196534,0.0015880549355158453,nan,0.812412429693143,0.812412429693143,0.0,0.0,0.0,nan,0,1,1.0,0.0,-0.0012317441478530177,0.001796773760634679,nan,-0.0012317441478530177,0.001796773760634679,nan,0.5630292711293124,0.5630292711293124,0.0,0.0,0.0,nan,0,1,1.0,0.0,-0.001887708783196534,0.0015880549355158453,nan,-0.001887708783196534,0.0015880549355158453,nan,0.812412429693143,0.812412429693143,0.0,0.0,0.0,nan,0
278,0.2410000000000002,0.45,,scientific,0,1,0.1696774193548387,1.0,0.0,-0.0018901654022276675,0.00158704946106582,nan,-0.0018901654022276675,0.00158704946106582,nan,0.8135858181608979,0.8135858181608979,0.0,0.0,0.0,nan,0,1,1.0,0.0,-0.0012317441478530177,0.001796773760634679,nan,-0.0012317441478530177,0.001796773760634679,nan,0.5630292711293124,0.5630292711293124,0.0,0.0,0.0,nan,0,1,1.0,0.0,-0.0018901654022276675,0.00158704946106582,nan,-0.0018901654022276675,0.00158704946106582,nan,0.8135858181608979,0.8135858181608979,0.0,0.0,0.0,nan,0
279,0.2420000000000002,0.45,,scientific,0,1,0.1696774193548387,1.0,0.0,-0.0014609734552068537,0.002374869872905543,nan,-0.0014609734552068537,0.002374869872905543,nan,0.8162023369093081,0.8162023369093081,0.0,0.0,0.0,nan,0,1,1.0,0.0,-0.0008442582193825002,0.0025042146965547846,nan,-0.0008442582193825002,0.0025042146965547846,nan,0.5641058089326312,0.5641058089326312,0.0,0.0,0.0,nan,0,1,1.0,0.0,-0.0014609734552068537,0.002374869872905543,nan,-0.0014609734552068537,0.002374869872905543,nan,0.8162023369093081,0.8162023369093081,0.0,0.0,0.0,nan,0
280,0.2430000000000002,0.45,,scientific,0,1,0.1696774193548387,1.0,0.0,-0.0014633010653921522,0.0023741011706974627,nan,-0.0014633010653921522,0.0023741011706974627,nan,0.817376997241457,0.817376997241457,0.0,0.0,0.0,nan,0,1,1.0,0.0,-0.0008442582193825002,0.0025042146965547846,nan,-0.0008442582193825002,0.0025042146965547846,nan,0.5641058089326312,0.5641058089326312,0.0,0.0,0.0,nan,0,1,1.0,0.0,-0.0014633010653921522,0.0023741011706974627,nan,-0.0014633010653921522,0.0023741011706974627,nan,0.817376997241457,0.817376997241457,0.0,0.0,0.0,nan,0
281,0.2440000000000002,0.45,,scientific,0,1,0.1696774193548387,1.0,0.0,-0.0014656274281557794,0.0023733334173167988,nan,-0.0014656274281557794,0.0023733334173167988,nan,0.8185515603808831,0.8185515603808831,0.0,0.0,0.0,nan,0,1,1.0,0.0,-0.0008442582193825002,0.0025042146965547846,nan,-0.0008442582193825002,0.0025042146965547846,nan,0.5641058089326312,0.5641058089326312,0.0,0.0,0.0,nan,0,1,1.0,0.0,-0.0014656274281557794,0.0023733334173167988,nan,-0.0014656274281557794,0.0023733334173167988,nan,0.8185515603808831,0.8185515603808831,0.0,0.0,0.0,nan,0
282,0.2450000000000002,0.45,,scientific,0,1,0.1696774193548387,1.0,0.0,-0.0014679524978612947,0.002372566560760713,nan,-0.0014679524978612947,0.002372566560760713,nan,0.8197260261799313,0.8197260261799313,0.0,0.0,0.0,nan,0,1,1.0,0.0,-0.0008442582193825002,0.0025042146965547846,nan,-0.0008442582193825002,0.0025042146965547846,nan,0.5641058089326312,0.5641058089326312,0.0,0.0,0.0,nan,0,1,1.0,0.0,-0.0014679524978612947,0.002372566560760713,nan,-0.0014679524978612947,0.002372566560760713,nan,0.8197260261799313,0.8197260261799313,0.0,0.0,0.0,nan,0
283,0.2460000000000002,0.45,,scientific,0,1,0.1703225806451613,1.0,0.0,-0.0021370662538421816,0.00296556861493972,nan,-0.0021370662538421816,0.00296556861493972,nan,0.8223430774030287,0.8223430774030287,0.0,0.0,0.0,nan,0,1,1.0,0.0,-0.0014441909058375314,0.003038240059868467,nan,-0.0014441909058375314,0.003038240059868467,nan,0.5651823467359498,0.5651823467359498,0.0,0.0,0.0,nan,0,1,1.0,0.0,-0.0021370662538421816,0.00296556861493972,nan,-0.0021370662538421816,0.00296556861493972,nan,0.8223430774030287,0.8223430774030287,0.0,0.0,0.0,nan,0
284,0.2470000000000002,0.45,,scientific,0,1,0.1703225806451613,1.0,0.0,-0.0021395767820424185,0.0029649724820109496,nan,-0.0021395767820424185,0.0029649724820109496,nan,0.8235187841999134,0.8235187841999134,0.0,0.0,0.0,nan,0,1,1.0,0.0,-0.0014441909058375314,0.003038240059868467,nan,-0.0014441909058375314,0.003038240059868467,nan,0.5651823467359498,0.5651823467359498,0.0,0.0,0.0,nan,0,1,1.0,0.0,-0.0021395767820424185,0.0029649724820109496,nan,-0.0021395767820424185,0.0029649724820109496,nan,0.8235187841999134,0.8235187841999134,0.0,0.0,0.0,nan,0
285,0.2480000000000002,0.45,,scientific,0,1,0.1703225806451613,1.0,0.0,-0.0010557392417255528,0.0025506394243164847,nan,-0.0010557392417255528,0.0025506394243164847,nan,0.8275981780813642,0.8275981780813642,0.0,0.0,0.0,nan,0,1,1.0,0.0,-0.0004676236470772891,0.002676301496983307,nan,-0.0004676236470772891,0.002676301496983307,nan,0.5673354223427702,0.5673354223427702,0.0,0.0,0.0,nan,0,1,1.0,0.0,-0.0010557392417255528,0.0025506394243164847,nan,-0.0010557392417255528,0.0025506394243164847,nan,0.8275981780813642,0.8275981780813642,0.0,0.0,0.0,nan,0
286,0.2490000000000002,0.45,,scientific,0,1,0.17096774193548386,1.0,0.0,-0.0010579394013638557,0.0025498929207008487,nan,-0.0010579394013638557,0.0025498929207008487,nan,0.8287766158337329,0.8287766158337329,0.0,0.0,0.0,nan,0,1,1.0,0.0,-0.0004676236470772891,0.002676301496983307,nan,-0.0004676236470772891,0.002676301496983307,nan,0.5673354223427702,0.5673354223427702,0.0,0.0,0.0,nan,0,1,1.0,0.0,-0.0010579394013638557,0.0025498929207008487,nan,-0.0010579394013638557,0.0025498929207008487,nan,0.8287766158337329,0.8287766158337329,0.0,0.0,0.0,nan,0
287,0.25000000000000017,0.45,,scientific,0,1,0.17096774193548386,1.0,0.0,-0.001060138406973402,0.0025491475300205096,nan,-0.001060138406973402,0.0025491475300205096,nan,0.8299549539608623,0.8299549539608623,0.0,0.0,0.0,nan,0,1,1.0,0.0,-0.0004676236470772891,0.002676301496983307,nan,-0.0004676236470772891,0.002676301496983307,nan,0.5673354223427702,0.5673354223427702,0.0,0.0,0.0,nan,0,1,1.0,0.0,-0.001060138406973402,0.0025491475300205096,nan,-0.001060138406973402,0.0025491475300205096,nan,0.8299549539608623,0.8299549539608623,0.0,0.0,0.0,nan,0
288,0.25100000000000017,0.45,,scientific,0,1,0.17161290322580644,1.0,0.0,-0.0010623362609182333,0.002548403259841954,nan,-0.0010623362609182333,0.002548403259841954,nan,0.8311331923128007,0.8311331923128007,0.0,0.0,0.0,nan,0,1,1.0,0.0,-0.0004676236470772891,0.002676301496983307,nan,-0.0004676236470772891,0.002676301496983307,nan,0.5673354223427702,0.5673354223427702,0.0,0.0,0.0,nan,0,1,1.0,0.0,-0.0010623362609182333,0.002548403259841954,nan,-0.0010623362609182333,0.002548403259841954,nan,0.8311331923128007,0.8311331923128007,0.0,0.0,0.0,nan,0
289,0.25200000000000017,0.45,,scientific,0,1,0.17161290322580644,1.0,0.0,-0.001064532935962394,0.002547660090391122,nan,-0.001064532935962394,0.002547660090391122,nan,0.8323113307435137,0.8323113307435137,0.0,0.0,0.0,nan,0,1,1.0,0.0,-0.0004676236470772891,0.002676301496983307,nan,-0.0004676236470772891,0.002676301496983307,nan,0.5673354223427702,0.5673354223427702,0.0,0.0,0.0,nan,0,1,1.0,0.0,-0.001064532935962394,0.002547660090391122,nan,-0.001064532935962394,0.002547660090391122,nan,0.8323113307435137,0.8323113307435137,0.0,0.0,0.0,nan,0
290,0.25300000000000017,0.45,,scientific,0,1,0.17161290322580644,1.0,0.0,-0.0019536228448119334,0.0026614708202447298,nan,-0.0019536228448119334,0.0026614708202447298,nan,0.8349426132389619,0.8349426132389619,0.0,0.0,0.0,nan,0,1,1.0,0.0,-0.001263597896427696,0.0027786558298794816,nan,-0.001263597896427696,0.0027786558298794816,nan,0.568411960146089,0.568411960146089,0.0,0.0,0.0,nan,0,1,1.0,0.0,-0.0019536228448119334,0.0026614708202447298,nan,-0.0019536228448119334,0.0026614708202447298,nan,0.8349426132389619,0.8349426132389619,0.0,0.0,0.0,nan,0
291,0.25400000000000017,0.45,,scientific,0,1,0.17161290322580644,1.0,0.0,-0.0019060357680355264,0.0017662157164166164,nan,-0.0019060357680355264,0.0017662157164166164,nan,0.8375703553694172,0.8375703553694172,0.0,0.0,0.0,nan,0,1,1.0,0.0,-0.0012182887080866176,0.001972121475929651,nan,-0.0012182887080866176,0.001972121475929651,nan,0.5694884979484692,0.5694884979484692,0.0,0.0,0.0,nan,0,1,1.0,0.0,-0.0019060357680355264,0.0017662157164166164,nan,-0.0019060357680355264,0.0017662157164166164,nan,0.8375703553694172,0.8375703553694172,0.0,0.0,0.0,nan,0
292,0.25500000000000017,0.45,,scientific,0,1,0.17161290322580644,1.0,0.0,-0.0019084660333063854,0.0017652717659505917,nan,-0.0019084660333063854,0.0017652717659505917,nan,0.8387510364491568,0.8387510364491568,0.0,0.0,0.0,nan,0,1,1.0,0.0,-0.0012182887080866176,0.001972121475929651,nan,-0.0012182887080866176,0.001972121475929651,nan,0.5694884979484692,0.5694884979484692,0.0,0.0,0.0,nan,0,1,1.0,0.0,-0.0019084660333063854,0.0017652717659505917,nan,-0.0019084660333063854,0.0017652717659505917,nan,0.8387510364491568,0.8387510364491568,0.0,0.0,0.0,nan,0
293,0.25600000000000017,0.45,,scientific,0,1,0.17161290322580644,1.0,0.0,-0.001910895020298251,0.0017643289904464457,nan,-0.001910895020298251,0.0017643289904464457,nan,0.839931616173503,0.839931616173503,0.0,0.0,0.0,nan,0,1,1.0,0.0,-0.0012182887080866176,0.001972121475929651,nan,-0.0012182887080866176,0.001972121475929651,nan,0.5694884979484692,0.5694884979484692,0.0,0.0,0.0,nan,0,1,1.0,0.0,-0.001910895020298251,0.0017643289904464457,nan,-0.001910895020298251,0.0017643289904464457,nan,0.839931616173503,0.839931616173503,0.0,0.0,0.0,nan,0
294,0.2570000000000002,0.45,,scientific,0,1,0.17161290322580644,1.0,0.0,-0.0022946118934169977,0.0009454048213894662,nan,-0.0022946118934169977,0.0009454048213894662,nan,0.8425805500369155,0.8425805500369155,0.0,0.0,0.0,nan,0,1,1.0,0.0,-0.001557641041150753,0.0012433227107195705,nan,-0.001557641041150753,0.0012433227107195705,nan,0.5705650357517879,0.5705650357517879,0.0,0.0,0.0,nan,0,1,1.0,0.0,-0.0022946118934169977,0.0009454048213894662,nan,-0.0022946118934169977,0.0009454048213894662,nan,0.8425805500369155,0.8425805500369155,0.0,0.0,0.0,nan,0
295,0.2580000000000002,0.45,,scientific,0,1,0.17161290322580644,1.0,0.0,-0.002297153680818082,0.0009442207271301728,nan,-0.002297153680818082,0.0009442207271301728,nan,0.8437623950857567,0.8437623950857567,0.0,0.0,0.0,nan,0,1,1.0,0.0,-0.001557641041150753,0.0012433227107195705,nan,-0.001557641041150753,0.0012433227107195705,nan,0.5705650357517879,0.5705650357517879,0.0,0.0,0.0,nan,0,1,1.0,0.0,-0.002297153680818082,0.0009442207271301728,nan,-0.002297153680818082,0.0009442207271301728,nan,0.8437623950857567,0.8437623950857567,0.0,0.0,0.0,nan,0
296,0.2590000000000002,0.45,,scientific,0,1,0.17161290322580644,1.0,0.0,-0.002299694071453071,0.0009430380285824557,nan,-0.002299694071453071,0.0009430380285824557,nan,0.8449441377841856,0.8449441377841856,0.0,0.0,0.0,nan,0,1,1.0,0.0,-0.001557641041150753,0.0012433227107195705,nan,-0.001557641041150753,0.0012433227107195705,nan,0.5705650357517879,0.5705650357517879,0.0,0.0,0.0,nan,0,1,1.0,0.0,-0.002299694071453071,0.0009430380285824557,nan,-0.002299694071453071,0.0009430380285824557,nan,0.8449441377841856,0.8449441377841856,0.0,0.0,0.0,nan,0
297,0.2600000000000002,0.45,,scientific,0,1,0.17161290322580644,1.0,0.0,-0.002302233092512895,0.0009418566996465615,nan,-0.002302233092512895,0.0009418566996465615,nan,0.8461257779853982,0.8461257779853982,0.0,0.0,0.0,nan,0,1,1.0,0.0,-0.001557641041150753,0.0012433227107195705,nan,-0.001557641041150753,0.0012433227107195705,nan,0.5705650357517879,0.5705650357517879,0.0,0.0,0.0,nan,0,1,1.0,0.0,-0.002302233092512895,0.0009418566996465615,nan,-0.002302233092512895,0.0009418566996465615,nan,0.8461257779853982,0.8461257779853982,0.0,0.0,0.0,nan,0
298,0.2610000000000002,0.45,,scientific,0,1,0.17161290322580644,1.0,0.0,-0.0023047707547106493,0.0009406767307750433,nan,-0.0023047707547106493,0.0009406767307750433,nan,0.8473073155269638,0.8473073155269638,0.0,0.0,0.0,nan,0,1,1.0,0.0,-0.001557641041150753,0.0012433227107195705,nan,-0.001557641041150753,0.0012433227107195705,nan,0.5705650357517879,0.5705650357517879,0.0,0.0,0.0,nan,0,1,1.0,0.0,-0.0023047707547106493,0.0009406767307750433,nan,-0.0023047707547106493,0.0009406767307750433,nan,0.8473073155269638,0.8473073155269638,0.0,0.0,0.0,nan,0
299,0.2620000000000002,0.45,,scientific,0,1,0.17161290322580644,1.0,0.0,-0.0023073070658567426,0.0009394981051525076,nan,-0.0023073070658567426,0.0009394981051525076,nan,0.8484887502511641,0.8484887502511641,0.0,0.0,0.0,nan,0,1,1.0,0.0,-0.001557641041150753,0.0012433227107195705,nan,-0.001557641041150753,0.0012433227107195705,nan,0.5705650357517879,0.5705650357517879,0.0,0.0,0.0,nan,0,1,1.0,0.0,-0.0023073070658567426,0.0009394981051525076,nan,-0.0023073070658567426,0.0009394981051525076,nan,0.8484887502511641,0.8484887502511641,0.0,0.0,0.0,nan,0
300,0.2630000000000002,0.45,,scientific,0,1,0.17161290322580644,1.0,0.0,-0.0023098420355166208,0.0009383207928555116,nan,-0.0023098420355166208,0.0009383207928555116,nan,0.8496700820015661,0.8496700820015661,0.0,0.0,0.0,nan,0,1,1.0,0.0,-0.001557641041150753,0.0012433227107195705,nan,-0.001557641041150753,0.0012433227107195705,nan,0.5705650357517879,0.5705650357517879,0.0,0.0,0.0,nan,0,1,1.0,0.0,-0.0023098420355166208,0.0009383207928555116,nan,-0.0023098420355166208,0.0009383207928555116,nan,0.8496700820015661,0.8496700820015661,0.0,0.0,0.0,nan,0
301,0.2640000000000002,0.45,,scientific,0,1,0.17161290322580644,1.0,0.0,-0.002312375688865529,0.000937144861466581,nan,-0.002312375688865529,0.000937144861466581,nan,0.8508513106197961,0.8508513106197961,0.0,0.0,0.0,nan,0,1,1.0,0.0,-0.001557641041150753,0.0012433227107195705,nan,-0.001557641041150753,0.0012433227107195705,nan,0.5705650357517879,0.5705650357517879,0.0,0.0,0.0,nan,0,1,1.0,0.0,-0.002312375688865529,0.000937144861466581,nan,-0.002312375688865529,0.000937144861466581,nan,0.8508513106197961,0.8508513106197961,0.0,0.0,0.0,nan,0
302,0.2650000000000002,0.45,,scientific,0,1,0.17161290322580644,1.0,0.0,-0.0023149080369291573,0.0009359703308453696,nan,-0.0023149080369291573,0.0009359703308453696,nan,0.8520324359467578,0.8520324359467578,0.0,0.0,0.0,nan,0,1,1.0,0.0,-0.001557641041150753,0.0012433227107195705,nan,-0.001557641041150753,0.0012433227107195705,nan,0.5705650357517879,0.5705650357517879,0.0,0.0,0.0,nan,0,1,1.0,0.0,-0.0023149080369291573,0.0009359703308453696,nan,-0.0023149080369291573,0.0009359703308453696,nan,0.8520324359467578,0.8520324359467578,0.0,0.0,0.0,nan,0
303,0.2660000000000002,0.45,,scientific,0,1,0.17161290322580644,1.0,0.0,-0.0023174390538032484,0.0009347971630162308,nan,-0.0023174390538032484,0.0009347971630162308,nan,0.8532134578202748,0.8532134578202748,0.0,0.0,0.0,nan,0,1,1.0,0.0,-0.001557641041150753,0.0012433227107195705,nan,-0.001557641041150753,0.0012433227107195705,nan,0.5705650357517879,0.5705650357517879,0.0,0.0,0.0,nan,0,1,1.0,0.0,-0.0023174390538032484,0.0009347971630162308,nan,-0.0023174390538032484,0.0009347971630162308,nan,0.8532134578202748,0.8532134578202748,0.0,0.0,0.0,nan,0
304,0.2670000000000002,0.45,,scientific,0,1,0.17161290322580644,1.0,0.0,-0.002319968695905708,0.0009336253609658978,nan,-0.002319968695905708,0.0009336253609658978,nan,0.8543943760703102,0.8543943760703102,0.0,0.0,0.0,nan,0,1,1.0,0.0,-0.001557641041150753,0.0012433227107195705,nan,-0.001557641041150753,0.0012433227107195705,nan,0.5705650357517879,0.5705650357517879,0.0,0.0,0.0,nan,0,1,1.0,0.0,-0.002319968695905708,0.0009336253609658978,nan,-0.002319968695905708,0.0009336253609658978,nan,0.8543943760703102,0.8543943760703102,0.0,0.0,0.0,nan,0
305,0.2680000000000002,0.45,,scientific,0,1,0.17161290322580644,1.0,0.0,-0.00232249697165579,0.0009324549328619404,nan,-0.00232249697165579,0.0009324549328619404,nan,0.8555751905388684,0.8555751905388684,0.0,0.0,0.0,nan,0,1,1.0,0.0,-0.001557641041150753,0.0012433227107195705,nan,-0.001557641041150753,0.0012433227107195705,nan,0.5705650357517879,0.5705650357517879,0.0,0.0,0.0,nan,0,1,1.0,0.0,-0.00232249697165579,0.0009324549328619404,nan,-0.00232249697165579,0.0009324549328619404,nan,0.8555751905388684,0.8555751905388684,0.0,0.0,0.0,nan,0
306,0.2690000000000002,0.45,,scientific,0,1,0.17161290322580644,1.0,0.0,-0.002650504025258459,8.869742994795915e-05,nan,-0.002650504025258459,8.869742994795915e-05,nan,0.8582401040128168,0.8582401040128168,0.0,0.0,0.0,nan,0,1,1.0,0.0,-0.0018465375499165282,0.0004944504348125495,nan,-0.0018465375499165282,0.0004944504348125495,nan,0.5716415735551064,0.5716415735551064,0.0,0.0,0.0,nan,0,1,1.0,0.0,-0.002650504025258459,8.869742994795915e-05,nan,-0.002650504025258459,8.869742994795915e-05,nan,0.8582401040128168,0.8582401040128168,0.0,0.0,0.0,nan,0
307,0.2700000000000002,0.45,,scientific,0,1,0.17161290322580644,1.0,0.0,-0.002497872156392288,-0.0007932544818232124,nan,-0.002497872156392288,-0.0007932544818232124,nan,0.8608941907099349,0.8608941907099349,0.0,0.0,0.0,nan,0,1,1.0,0.0,-0.0017070360120713217,-0.0002948965597554296,nan,-0.0017070360120713217,-0.0002948965597554296,nan,0.5727181113570247,0.5727181113570247,0.0,0.0,0.0,nan,0,1,1.0,0.0,-0.002497872156392288,-0.0007932544818232124,nan,-0.002497872156392288,-0.0007932544818232124,nan,0.8608941907099349,0.8608941907099349,0.0,0.0,0.0,nan,0
308,0.2710000000000002,0.45,,scientific,0,1,0.17161290322580644,1.0,0.0,-0.002500452382487573,-0.0007949013277012713,nan,-0.002500452382487573,-0.0007949013277012713,nan,0.8620775515576892,0.8620775515576892,0.0,0.0,0.0,nan,0,1,1.0,0.0,-0.0017070360120713217,-0.0002948965597554296,nan,-0.0017070360120713217,-0.0002948965597554296,nan,0.5727181113570247,0.5727181113570247,0.0,0.0,0.0,nan,0,1,1.0,0.0,-0.002500452382487573,-0.0007949013277012713,nan,-0.002500452382487573,-0.0007949013277012713,nan,0.8620775515576892,0.8620775515576892,0.0,0.0,0.0,nan,0
309,0.2720000000000002,0.45,,scientific,0,1,0.17225806451612904,1.0,0.0,-0.002503031284968321,-0.000796546635119167,nan,-0.002503031284968321,-0.000796546635119167,nan,0.8632608071314025,0.8632608071314025,0.0,0.0,0.0,nan,0,1,1.0,0.0,-0.0017070360120713217,-0.0002948965597554296,nan,-0.0017070360120713217,-0.0002948965597554296,nan,0.5727181113570247,0.5727181113570247,0.0,0.0,0.0,nan,0,1,1.0,0.0,-0.002503031284968321,-0.000796546635119167,nan,-0.002503031284968321,-0.000796546635119167,nan,0.8632608071314025,0.8632608071314025,0.0,0.0,0.0,nan,0
310,0.2730000000000002,0.45,,scientific,0,1,0.17290322580645162,1.0,0.0,-0.0025056087929369295,-0.000798190301470874,nan,-0.0025056087929369295,-0.000798190301470874,nan,0.864443957273439,0.864443957273439,0.0,0.0,0.0,nan,0,1,1.0,0.0,-0.0017070360120713217,-0.0002948965597554296,nan,-0.0017070360120713217,-0.0002948965597554296,nan,0.5727181113570247,0.5727181113570247,0.0,0.0,0.0,nan,0,1,1.0,0.0,-0.0025056087929369295,-0.000798190301470874,nan,-0.0025056087929369295,-0.000798190301470874,nan,0.864443957273439,0.864443957273439,0.0,0.0,0.0,nan,0
311,0.2740000000000002,0.45,,scientific,0,1,0.17290322580645162,1.0,0.0,-0.002508184859469307,-0.0007998324735974633,nan,-0.002508184859469307,-0.0007998324735974633,nan,0.8656270018228364,0.8656270018228364,0.0,0.0,0.0,nan,0,1,1.0,0.0,-0.0017070360120713217,-0.0002948965597554296,nan,-0.0017070360120713217,-0.0002948965597554296,nan,0.5727181113570247,0.5727181113570247,0.0,0.0,0.0,nan,0,1,1.0,0.0,-0.002508184859469307,-0.0007998324735974633,nan,-0.002508184859469307,-0.0007998324735974633,nan,0.8656270018228364,0.8656270018228364,0.0,0.0,0.0,nan,0
312,0.2750000000000002,0.45,,scientific,0,1,0.17290322580645162,1.0,0.0,-0.002510759527442557,-0.0008014731173707852,nan,-0.002510759527442557,-0.0008014731173707852,nan,0.8668099406141847,0.8668099406141847,0.0,0.0,0.0,nan,0,1,1.0,0.0,-0.0017070360120713217,-0.0002948965597554296,nan,-0.0017070360120713217,-0.0002948965597554296,nan,0.5727181113570247,0.5727181113570247,0.0,0.0,0.0,nan,0,1,1.0,0.0,-0.002510759527442557,-0.0008014731173707852,nan,-0.002510759527442557,-0.0008014731173707852,nan,0.8668099406141847,0.8668099406141847,0.0,0.0,0.0,nan,0
313,0.2760000000000002,0.45,,scientific,0,1,0.17290322580645162,1.0,0.0,-0.0025133328116134354,-0.0008031122228029029,nan,-0.0025133328116134354,-0.0008031122228029029,nan,0.867992773462269,0.867992773462269,0.0,0.0,0.0,nan,0,1,1.0,0.0,-0.0017070360120713217,-0.0002948965597554296,nan,-0.0017070360120713217,-0.0002948965597554296,nan,0.5727181113570247,0.5727181113570247,0.0,0.0,0.0,nan,0,1,1.0,0.0,-0.0025133328116134354,-0.0008031122228029029,nan,-0.0025133328116134354,-0.0008031122228029029,nan,0.867992773462269,0.867992773462269,0.0,0.0,0.0,nan,0
314,0.2770000000000002,0.45,,scientific,0,1,0.17290322580645162,1.0,0.0,-0.0025159048150112887,-0.0008047497969068126,nan,-0.0025159048150112887,-0.0008047497969068126,nan,0.8691755002005593,0.8691755002005593,0.0,0.0,0.0,nan,0,1,1.0,0.0,-0.0017070360120713217,-0.0002948965597554296,nan,-0.0017070360120713217,-0.0002948965597554296,nan,0.5727181113570247,0.5727181113570247,0.0,0.0,0.0,nan,0,1,1.0,0.0,-0.0025159048150112887,-0.0008047497969068126,nan,-0.0025159048150112887,-0.0008047497969068126,nan,0.8691755002005593,0.8691755002005593,0.0,0.0,0.0,nan,0
315,0.2780000000000002,0.45,,scientific,0,1,0.17290322580645162,1.0,0.0,-0.0025184754757095742,-0.0008063858600396708,nan,-0.0025184754757095742,-0.0008063858600396708,nan,0.8703581206832818,0.8703581206832818,0.0,0.0,0.0,nan,0,1,1.0,0.0,-0.0017070360120713217,-0.0002948965597554296,nan,-0.0017070360120713217,-0.0002948965597554296,nan,0.5727181113570247,0.5727181113570247,0.0,0.0,0.0,nan,0,1,1.0,0.0,-0.0025184754757095742,-0.0008063858600396708,nan,-0.0025184754757095742,-0.0008063858600396708,nan,0.8703581206832818,0.8703581206832818,0.0,0.0,0.0,nan,0
316,0.2790000000000002,0.45,,scientific,0,1,0.17290322580645162,1.0,0.0,-0.0025210447860836726,-0.0008080204181328332,nan,-0.0025210447860836726,-0.0008080204181328332,nan,0.8715406347353151,0.8715406347353151,0.0,0.0,0.0,nan,0,1,1.0,0.0,-0.0017070360120713217,-0.0002948965597554296,nan,-0.0017070360120713217,-0.0002948965597554296,nan,0.5727181113570247,0.5727181113570247,0.0,0.0,0.0,nan,0,1,1.0,0.0,-0.0025210447860836726,-0.0008080204181328332,nan,-0.0025210447860836726,-0.0008080204181328332,nan,0.8715406347353151,0.8715406347353151,0.0,0.0,0.0,nan,0
317,0.2800000000000002,0.45,,scientific,0,1,0.17290322580645162,1.0,0.0,-0.0025236127655482864,-0.0008096534057192335,nan,-0.0025236127655482864,-0.0008096534057192335,nan,0.8727230421907993,0.8727230421907993,0.0,0.0,0.0,nan,0,1,1.0,0.0,-0.0017070360120713217,-0.0002948965597554296,nan,-0.0017070360120713217,-0.0002948965597554296,nan,0.5727181113570247,0.5727181113570247,0.0,0.0,0.0,nan,0,1,1.0,0.0,-0.0025236127655482864,-0.0008096534057192335,nan,-0.0025236127655482864,-0.0008096534057192335,nan,0.8727230421907993,0.8727230421907993,0.0,0.0,0.0,nan,0
318,0.2810000000000002,0.45,,scientific,0,1,0.17290322580645162,1.0,0.0,-0.002841129808294216,2.9911319290053817e-05,nan,-0.002841129808294216,2.9911319290053817e-05,nan,0.8753988436139362,0.8753988436139362,0.0,0.0,0.0,nan,0,1,1.0,0.0,-0.0019870585700125414,0.0004538049690058022,nan,-0.0019870585700125414,0.0004538049690058022,nan,0.5737946491603433,0.5737946491603433,0.0,0.0,0.0,nan,0,1,1.0,0.0,-0.002841129808294216,2.9911319290053817e-05,nan,-0.002841129808294216,2.9911319290053817e-05,nan,0.8753988436139362,0.8753988436139362,0.0,0.0,0.0,nan,0
319,0.2820000000000002,0.45,,scientific,0,1,0.17290322580645162,1.0,0.0,-0.0019463716715323503,-0.00015428382865319618,nan,-0.0019463716715323503,-0.00015428382865319618,nan,0.878100888557205,0.878100888557205,0.0,0.0,0.0,nan,0,1,1.0,0.0,-0.0012007009611607888,0.0002936456199432183,nan,-0.0012007009611607888,0.0002936456199432183,nan,0.574871186963662,0.574871186963662,0.0,0.0,0.0,nan,0,1,1.0,0.0,-0.0019463716715323503,-0.00015428382865319618,nan,-0.0019463716715323503,-0.00015428382865319618,nan,0.878100888557205,0.878100888557205,0.0,0.0,0.0,nan,0
320,0.2830000000000002,0.45,,scientific,0,1,0.17290322580645162,1.0,0.0,-0.0019487409135542431,-0.00015573857879501468,nan,-0.0019487409135542431,-0.00015573857879501468,nan,0.8792858979422694,0.8792858979422694,0.0,0.0,0.0,nan,0,1,1.0,0.0,-0.0012007009611607888,0.0002936456199432183,nan,-0.0012007009611607888,0.0002936456199432183,nan,0.574871186963662,0.574871186963662,0.0,0.0,0.0,nan,0,1,1.0,0.0,-0.0019487409135542431,-0.00015573857879501468,nan,-0.0019487409135542431,-0.00015573857879501468,nan,0.8792858979422694,0.8792858979422694,0.0,0.0,0.0,nan,0
321,0.2840000000000002,0.45,,scientific,0,1,0.1735483870967742,1.0,0.0,-0.0019511090282097886,-0.00015719187530331845,nan,-0.0019511090282097886,-0.00015719187530331845,nan,0.8804707990870063,0.8804707990870063,0.0,0.0,0.0,nan,0,1,1.0,0.0,-0.0012007009611607888,0.0002936456199432183,nan,-0.0012007009611607888,0.0002936456199432183,nan,0.574871186963662,0.574871186963662,0.0,0.0,0.0,nan,0,1,1.0,0.0,-0.0019511090282097886,-0.00015719187530331845,nan,-0.0019511090282097886,-0.00015719187530331845,nan,0.8804707990870063,0.8804707990870063,0.0,0.0,0.0,nan,0
322,0.2850000000000002,0.45,,scientific,0,1,0.1735483870967742,1.0,0.0,-0.001953476010461687,-0.00015864376646038448,nan,-0.001953476010461687,-0.00015864376646038448,nan,0.8816555918215538,0.8816555918215538,0.0,0.0,0.0,nan,0,1,1.0,0.0,-0.0012007009611607888,0.0002936456199432183,nan,-0.0012007009611607888,0.0002936456199432183,nan,0.574871186963662,0.574871186963662,0.0,0.0,0.0,nan,0,1,1.0,0.0,-0.001953476010461687,-0.00015864376646038448,nan,-0.001953476010461687,-0.00015864376646038448,nan,0.8816555918215538,0.8816555918215538,0.0,0.0,0.0,nan,0
323,0.2860000000000002,0.45,,scientific,0,1,0.1735483870967742,1.0,0.0,-0.0019558418556606273,-0.00016009422534673574,nan,-0.0019558418556606273,-0.00016009422534673574,nan,0.8828402759929092,0.8828402759929092,0.0,0.0,0.0,nan,0,1,1.0,0.0,-0.0012007009611607888,0.0002936456199432183,nan,-0.0012007009611607888,0.0002936456199432183,nan,0.574871186963662,0.574871186963662,0.0,0.0,0.0,nan,0,1,1.0,0.0,-0.0019558418556606273,-0.00016009422534673574,nan,-0.0019558418556606273,-0.00016009422534673574,nan,0.8828402759929092,0.8828402759929092,0.0,0.0,0.0,nan,0
324,0.2870000000000002,0.45,,scientific,0,1,0.1735483870967742,1.0,0.0,-0.001958206562550656,-0.00016154324621734544,nan,-0.001958206562550656,-0.00016154324621734544,nan,0.884024851431062,0.884024851431062,0.0,0.0,0.0,nan,0,1,1.0,0.0,-0.0012007009611607888,0.0002936456199432183,nan,-0.0012007009611607888,0.0002936456199432183,nan,0.574871186963662,0.574871186963662,0.0,0.0,0.0,nan,0,1,1.0,0.0,-0.001958206562550656,-0.00016154324621734544,nan,-0.001958206562550656,-0.00016154324621734544,nan,0.884024851431062,0.884024851431062,0.0,0.0,0.0,nan,0
325,0.2880000000000002,0.45,,scientific,0,1,0.1735483870967742,1.0,0.0,-0.0019605701640000093,-0.00016299087819394176,nan,-0.0019605701640000093,-0.00016299087819394176,nan,0.8852093179670668,0.8852093179670668,0.0,0.0,0.0,nan,0,1,1.0,0.0,-0.0012007009611607888,0.0002936456199432183,nan,-0.0012007009611607888,0.0002936456199432183,nan,0.574871186963662,0.574871186963662,0.0,0.0,0.0,nan,0,1,1.0,0.0,-0.0019605701640000093,-0.00016299087819394176,nan,-0.0019605701640000093,-0.00016299087819394176,nan,0.8852093179670668,0.8852093179670668,0.0,0.0,0.0,nan,0
326,0.2890000000000002,0.45,,scientific,0,1,0.1735483870967742,1.0,0.0,-0.0012460112703301378,-0.0007340420225342446,nan,-0.0012460112703301378,-0.0007340420225342446,nan,0.8879230963758842,0.8879230963758842,0.0,0.0,0.0,nan,0,1,1.0,0.0,-0.000574192328336625,-0.0002040804473222779,nan,-0.000574192328336625,-0.0002040804473222779,nan,0.5759477247669806,0.5759477247669806,0.0,0.0,0.0,nan,0,1,1.0,0.0,-0.0012460112703301378,-0.0007340420225342446,nan,-0.0012460112703301378,-0.0007340420225342446,nan,0.8879230963758842,0.8879230963758842,0.0,0.0,0.0,nan,0
327,0.2900000000000002,0.45,,scientific,0,1,0.1735483870967742,1.0,0.0,-0.0012481480111658568,-0.0007356655126951679,nan,-0.0012481480111658568,-0.0007356655126951679,nan,0.8891088451020716,0.8891088451020716,0.0,0.0,0.0,nan,0,1,1.0,0.0,-0.000574192328336625,-0.0002040804473222779,nan,-0.000574192328336625,-0.0002040804473222779,nan,0.5759477247669806,0.5759477247669806,0.0,0.0,0.0,nan,0,1,1.0,0.0,-0.0012481480111658568,-0.0007356655126951679,nan,-0.0012481480111658568,-0.0007356655126951679,nan,0.8891088451020716,0.8891088451020716,0.0,0.0,0.0,nan,0
328,0.2910000000000002,0.45,,scientific,0,1,0.1735483870967742,1.0,0.0,-0.0009862742922652683,0.00013415935889497953,nan,-0.0009862742922652683,0.00013415935889497953,nan,0.891821986102243,0.891821986102243,0.0,0.0,0.0,nan,0,1,1.0,0.0,-0.0003427649764883343,0.0005590721641759292,nan,-0.0003427649764883343,0.0005590721641759292,nan,0.5770242625702992,0.5770242625702992,0.0,0.0,0.0,nan,0,1,1.0,0.0,-0.0009862742922652683,0.00013415935889497953,nan,-0.0009862742922652683,0.00013415935889497953,nan,0.891821986102243,0.891821986102243,0.0,0.0,0.0,nan,0
329,0.2920000000000002,0.45,,scientific,0,1,0.1735483870967742,1.0,0.0,-0.0009883292696853878,0.00013280466060846847,nan,-0.0009883292696853878,0.00013280466060846847,nan,0.8930089950963485,0.8930089950963485,0.0,0.0,0.0,nan,0,1,1.0,0.0,-0.0003427649764883343,0.0005590721641759292,nan,-0.0003427649764883343,0.0005590721641759292,nan,0.5770242625702992,0.5770242625702992,0.0,0.0,0.0,nan,0,1,1.0,0.0,-0.0009883292696853878,0.00013280466060846847,nan,-0.0009883292696853878,0.00013280466060846847,nan,0.8930089950963485,0.8930089950963485,0.0,0.0,0.0,nan,0
330,0.2930000000000002,0.45,,scientific,0,1,0.1735483870967742,1.0,0.0,-0.0009903833830744605,0.00013145132753345867,nan,-0.0009903833830744605,0.00013145132753345867,nan,0.8941958932472287,0.8941958932472287,0.0,0.0,0.0,nan,0,1,1.0,0.0,-0.0003427649764883343,0.0005590721641759292,nan,-0.0003427649764883343,0.0005590721641759292,nan,0.5770242625702992,0.5770242625702992,0.0,0.0,0.0,nan,0,1,1.0,0.0,-0.0009903833830744605,0.00013145132753345867,nan,-0.0009903833830744605,0.00013145132753345867,nan,0.8941958932472287,0.8941958932472287,0.0,0.0,0.0,nan,0
331,0.2940000000000002,0.45,,scientific,0,1,0.1735483870967742,1.0,0.0,-0.0009924366277872915,0.0001300993532333081,nan,-0.0009924366277872915,0.0001300993532333081,nan,0.8953826803918213,0.8953826803918213,0.0,0.0,0.0,nan,0,1,1.0,0.0,-0.0003427649764883343,0.0005590721641759292,nan,-0.0003427649764883343,0.0005590721641759292,nan,0.5770242625702992,0.5770242625702992,0.0,0.0,0.0,nan,0,1,1.0,0.0,-0.0009924366277872915,0.0001300993532333081,nan,-0.0009924366277872915,0.0001300993532333081,nan,0.8953826803918213,0.8953826803918213,0.0,0.0,0.0,nan,0
332,0.2950000000000002,0.45,,scientific,0,1,0.1735483870967742,1.0,0.0,-0.0009944890015901344,0.00012874872938975084,nan,-0.0009944890015901344,0.00012874872938975084,nan,0.8965693563611813,0.8965693563611813,0.0,0.0,0.0,nan,0,1,1.0,0.0,-0.0003427649764883343,0.0005590721641759292,nan,-0.0003427649764883343,0.0005590721641759292,nan,0.5770242625702992,0.5770242625702992,0.0,0.0,0.0,nan,0,1,1.0,0.0,-0.0009944890015901344,0.00012874872938975084,nan,-0.0009944890015901344,0.00012874872938975084,nan,0.8965693563611813,0.8965693563611813,0.0,0.0,0.0,nan,0
333,0.2960000000000002,0.45,,scientific,0,1,0.1735483870967742,1.0,0.0,-0.0009965405425263795,0.0001273994333194599,nan,-0.0009965405425263795,0.0001273994333194599,nan,0.897755920985306,0.897755920985306,0.0,0.0,0.0,nan,0,1,1.0,0.0,-0.0003427649764883343,0.0005590721641759292,nan,-0.0003427649764883343,0.0005590721641759292,nan,0.5770242625702992,0.5770242625702992,0.0,0.0,0.0,nan,0,1,1.0,0.0,-0.0009965405425263795,0.0001273994333194599,nan,-0.0009965405425263795,0.0001273994333194599,nan,0.897755920985306,0.897755920985306,0.0,0.0,0.0,nan,0
334,0.2970000000000002,0.45,,scientific,0,1,0.1735483870967742,1.0,0.0,-0.00035026680101255203,0.0007444980461661411,nan,-0.00035026680101255203,0.0007444980461661411,nan,0.9004549440631122,0.9004549440631122,0.0,0.0,0.0,nan,0,1,1.0,0.0,0.00023297125748144714,0.0011080425463087728,nan,0.00023297125748144714,0.0011080425463087728,nan,0.5781008003736178,0.5781008003736178,0.0,0.0,0.0,nan,0,1,1.0,0.0,-0.00035026680101255203,0.0007444980461661411,nan,-0.00035026680101255203,0.0007444980461661411,nan,0.9004549440631122,0.9004549440631122,0.0,0.0,0.0,nan,0
335,0.2980000000000002,0.45,,scientific,0,1,0.1735483870967742,1.0,0.0,-0.00035214342024583094,0.0007433172541628802,nan,-0.00035214342024583094,0.0007433172541628802,nan,0.9016426859698221,0.9016426859698221,0.0,0.0,0.0,nan,0,1,1.0,0.0,0.00023297125748144714,0.0011080425463087728,nan,0.00023297125748144714,0.0011080425463087728,nan,0.5781008003736178,0.5781008003736178,0.0,0.0,0.0,nan,0,1,1.0,0.0,-0.00035214342024583094,0.0007433172541628802,nan,-0.00035214342024583094,0.0007433172541628802,nan,0.9016426859698221,0.9016426859698221,0.0,0.0,0.0,nan,0
336,0.2990000000000002,0.45,,scientific,0,1,0.1735483870967742,1.0,0.0,-0.0003540191566095149,0.0007421377812258932,nan,-0.0003540191566095149,0.0007421377812258932,nan,0.9028303157139237,0.9028303157139237,0.0,0.0,0.0,nan,0,1,1.0,0.0,0.00023297125748144714,0.0011080425463087728,nan,0.00023297125748144714,0.0011080425463087728,nan,0.5781008003736178,0.5781008003736178,0.0,0.0,0.0,nan,0,1,1.0,0.0,-0.0003540191566095149,0.0007421377812258932,nan,-0.0003540191566095149,0.0007421377812258932,nan,0.9028303157139237,0.9028303157139237,0.0,0.0,0.0,nan,0
337,0.3000000000000002,0.45,,scientific,0,1,0.1735483870967742,1.0,0.0,-0.0003558940168804257,0.0007409596224072294,nan,-0.0003558940168804257,0.0007409596224072294,nan,0.9040178331422163,0.9040178331422163,0.0,0.0,0.0,nan,0,1,1.0,0.0,0.00023297125748144714,0.0011080425463087728,nan,0.00023297125748144714,0.0011080425463087728,nan,0.5781008003736178,0.5781008003736178,0.0,0.0,0.0,nan,0,1,1.0,0.0,-0.0003558940168804257,0.0007409596224072294,nan,-0.0003558940168804257,0.0007409596224072294,nan,0.9040178331422163,0.9040178331422163,0.0,0.0,0.0,nan,0
338,0.3010000000000002,0.45,,scientific,0,1,0.1735483870967742,1.0,0.0,-0.0012051065289032982,0.00043497254249603594,nan,-0.0012051065289032982,0.00043497254249603594,nan,0.9067280265275588,0.9067280265275588,0.0,0.0,0.0,nan,0,1,1.0,0.0,-0.000516157908918983,0.0008383388974492643,nan,-0.000516157908918983,0.0008383388974492643,nan,0.5791773381769364,0.5791773381769364,0.0,0.0,0.0,nan,0,1,1.0,0.0,-0.0012051065289032982,0.00043497254249603594,nan,-0.0012051065289032982,0.00043497254249603594,nan,0.9067280265275588,0.9067280265275588,0.0,0.0,0.0,nan,0
339,0.3020000000000002,0.45,,scientific,0,1,0.1735483870967742,1.0,0.0,-0.0012072109860893879,0.0004337144819617924,nan,-0.0012072109860893879,0.0004337144819617924,nan,0.9079167310922679,0.9079167310922679,0.0,0.0,0.0,nan,0,1,1.0,0.0,-0.000516157908918983,0.0008383388974492643,nan,-0.000516157908918983,0.0008383388974492643,nan,0.5791773381769364,0.5791773381769364,0.0,0.0,0.0,nan,0,1,1.0,0.0,-0.0012072109860893879,0.0004337144819617924,nan,-0.0012072109860893879,0.0004337144819617924,nan,0.9079167310922679,0.9079167310922679,0.0,0.0,0.0,nan,0
340,0.3030000000000002,0.45,,scientific,0,1,0.1735483870967742,1.0,0.0,-0.001209314489547518,0.0004324577129835219,nan,-0.001209314489547518,0.0004324577129835219,nan,0.9091053224784922,0.9091053224784922,0.0,0.0,0.0,nan,0,1,1.0,0.0,-0.000516157908918983,0.0008383388974492643,nan,-0.000516157908918983,0.0008383388974492643,nan,0.5791773381769364,0.5791773381769364,0.0,0.0,0.0,nan,0,1,1.0,0.0,-0.001209314489547518,0.0004324577129835219,nan,-0.001209314489547518,0.0004324577129835219,nan,0.9091053224784922,0.9091053224784922,0.0,0.0,0.0,nan,0
341,0.3040000000000002,0.45,,scientific,0,1,0.1735483870967742,1.0,0.0,-0.0012114170359385766,0.00043120222982734595,nan,-0.0012114170359385766,0.00043120222982734595,nan,0.9102938005255123,0.9102938005255123,0.0,0.0,0.0,nan,0,1,1.0,0.0,-0.000516157908918983,0.0008383388974492643,nan,-0.000516157908918983,0.0008383388974492643,nan,0.5791773381769364,0.5791773381769364,0.0,0.0,0.0,nan,0,1,1.0,0.0,-0.0012114170359385766,0.00043120222982734595,nan,-0.0012114170359385766,0.00043120222982734595,nan,0.9102938005255123,0.9102938005255123,0.0,0.0,0.0,nan,0
342,0.3050000000000002,0.45,,scientific,0,1,0.1735483870967742,1.0,0.0,-0.0012135186215195338,0.00042994802778239665,nan,-0.0012135186215195338,0.00042994802778239665,nan,0.911482165072357,0.911482165072357,0.0,0.0,0.0,nan,0,1,1.0,0.0,-0.000516157908918983,0.0008383388974492643,nan,-0.000516157908918983,0.0008383388974492643,nan,0.5791773381769364,0.5791773381769364,0.0,0.0,0.0,nan,0,1,1.0,0.0,-0.0012135186215195338,0.00042994802778239665,nan,-0.0012135186215195338,0.00042994802778239665,nan,0.911482165072357,0.911482165072357,0.0,0.0,0.0,nan,0
343,0.3060000000000002,0.45,,scientific,0,1,0.1735483870967742,1.0,0.0,-0.0012156192377487305,0.00042869506693565584,nan,-0.0012156192377487305,0.00042869506693565584,nan,0.9126704159529135,0.9126704159529135,0.0,0.0,0.0,nan,0,1,1.0,0.0,-0.000516157908918983,0.0008383388974492643,nan,-0.000516157908918983,0.0008383388974492643,nan,0.5791773381769364,0.5791773381769364,0.0,0.0,0.0,nan,0,1,1.0,0.0,-0.0012156192377487305,0.00042869506693565584,nan,-0.0012156192377487305,0.00042869506693565584,nan,0.9126704159529135,0.9126704159529135,0.0,0.0,0.0,nan,0
344,0.3070000000000002,0.45,,scientific,0,1,0.1735483870967742,1.0,0.0,-0.0012177188967486233,0.00042744336019446524,nan,-0.0012177188967486233,0.00042744336019446524,nan,0.9138585530112784,0.9138585530112784,0.0,0.0,0.0,nan,0,1,1.0,0.0,-0.000516157908918983,0.0008383388974492643,nan,-0.000516157908918983,0.0008383388974492643,nan,0.5791773381769364,0.5791773381769364,0.0,0.0,0.0,nan,0,1,1.0,0.0,-0.0012177188967486233,0.00042744336019446524,nan,-0.0012177188967486233,0.00042744336019446524,nan,0.9138585530112784,0.9138585530112784,0.0,0.0,0.0,nan,0
345,0.3080000000000002,0.45,,scientific,0,1,0.1735483870967742,1.0,0.0,-0.0012198176162960665,0.00042619291761711753,nan,-0.0012198176162960665,0.00042619291761711753,nan,0.9150465760797345,0.9150465760797345,0.0,0.0,0.0,nan,0,1,1.0,0.0,-0.000516157908918983,0.0008383388974492643,nan,-0.000516157908918983,0.0008383388974492643,nan,0.5791773381769364,0.5791773381769364,0.0,0.0,0.0,nan,0,1,1.0,0.0,-0.0012198176162960665,0.00042619291761711753,nan,-0.0012198176162960665,0.00042619291761711753,nan,0.9150465760797345,0.9150465760797345,0.0,0.0,0.0,nan,0
346,0.3090000000000002,0.45,,scientific,0,1,0.1735483870967742,1.0,0.0,-0.001221915370439984,0.000424943736888623,nan,-0.001221915370439984,0.000424943736888623,nan,0.9162344849981221,0.9162344849981221,0.0,0.0,0.0,nan,0,1,1.0,0.0,-0.000516157908918983,0.0008383388974492643,nan,-0.000516157908918983,0.0008383388974492643,nan,0.5791773381769364,0.5791773381769364,0.0,0.0,0.0,nan,0,1,1.0,0.0,-0.001221915370439984,0.000424943736888623,nan,-0.001221915370439984,0.000424943736888623,nan,0.9162344849981221,0.9162344849981221,0.0,0.0,0.0,nan,0
347,0.3100000000000002,0.45,,scientific,0,1,0.17419354838709677,1.0,0.0,-0.0012240121478597921,0.0004236958136850103,nan,-0.0012240121478597921,0.0004236958136850103,nan,0.9174222795965188,0.9174222795965188,0.0,0.0,0.0,nan,0,1,1.0,0.0,-0.000516157908918983,0.0008383388974492643,nan,-0.000516157908918983,0.0008383388974492643,nan,0.5791773381769364,0.5791773381769364,0.0,0.0,0.0,nan,0,1,1.0,0.0,-0.0012240121478597921,0.0004236958136850103,nan,-0.0012240121478597921,0.0004236958136850103,nan,0.9174222795965188,0.9174222795965188,0.0,0.0,0.0,nan,0
348,0.3110000000000002,0.45,,scientific,0,1,0.17419354838709677,1.0,0.0,-0.001226107942778471,0.00042244914318320757,nan,-0.001226107942778471,0.00042244914318320757,nan,0.9186099597093228,0.9186099597093228,0.0,0.0,0.0,nan,0,1,1.0,0.0,-0.000516157908918983,0.0008383388974492643,nan,-0.000516157908918983,0.0008383388974492643,nan,0.5791773381769364,0.5791773381769364,0.0,0.0,0.0,nan,0,1,1.0,0.0,-0.001226107942778471,0.00042244914318320757,nan,-0.001226107942778471,0.00042244914318320757,nan,0.9186099597093228,0.9186099597093228,0.0,0.0,0.0,nan,0
349,0.3120000000000002,0.45,,scientific,0,1,0.17419354838709677,1.0,0.0,-0.0012282027510106663,0.0004212037204714618,nan,-0.0012282027510106663,0.0004212037204714618,nan,0.9197975251719992,0.9197975251719992,0.0,0.0,0.0,nan,0,1,1.0,0.0,-0.000516157908918983,0.0008383388974492643,nan,-0.000516157908918983,0.0008383388974492643,nan,0.5791773381769364,0.5791773381769364,0.0,0.0,0.0,nan,0,1,1.0,0.0,-0.0012282027510106663,0.0004212037204714618,nan,-0.0012282027510106663,0.0004212037204714618,nan,0.9197975251719992,0.9197975251719992,0.0,0.0,0.0,nan,0
350,0.3130000000000002,0.45,,scientific,0,1,0.17419354838709677,1.0,0.0,-0.0012302965782087514,0.00041995953824103233,nan,-0.0012302965782087514,0.00041995953824103233,nan,0.9209849758183518,0.9209849758183518,0.0,0.0,0.0,nan,0,1,1.0,0.0,-0.000516157908918983,0.0008383388974492643,nan,-0.000516157908918983,0.0008383388974492643,nan,0.5791773381769364,0.5791773381769364,0.0,0.0,0.0,nan,0,1,1.0,0.0,-0.0012302965782087514,0.00041995953824103233,nan,-0.0012302965782087514,0.00041995953824103233,nan,0.9209849758183518,0.9209849758183518,0.0,0.0,0.0,nan,0
351,0.3140000000000002,0.45,,scientific,0,1,0.17419354838709677,1.0,0.0,-0.0012323894337157074,0.0004187166468735123,nan,-0.0012323894337157074,0.0004187166468735123,nan,0.9221723114729139,0.9221723114729139,0.0,0.0,0.0,nan,0,1,1.0,0.0,-0.000516157908918983,0.0008383388974492643,nan,-0.000516157908918983,0.0008383388974492643,nan,0.5791773381769364,0.5791773381769364,0.0,0.0,0.0,nan,0,1,1.0,0.0,-0.0012323894337157074,0.0004187166468735123,nan,-0.0012323894337157074,0.0004187166468735123,nan,0.9221723114729139,0.9221723114729139,0.0,0.0,0.0,nan,0
352,0.3150000000000002,0.45,,scientific,0,1,0.17419354838709677,1.0,0.0,-0.0012344812815772127,0.00041747506322456924,nan,-0.0012344812815772127,0.00041747506322456924,nan,0.9233595319896613,0.9233595319896613,0.0,0.0,0.0,nan,0,1,1.0,0.0,-0.000516157908918983,0.0008383388974492643,nan,-0.000516157908918983,0.0008383388974492643,nan,0.5791773381769364,0.5791773381769364,0.0,0.0,0.0,nan,0,1,1.0,0.0,-0.0012344812815772127,0.00041747506322456924,nan,-0.0012344812815772127,0.00041747506322456924,nan,0.9233595319896613,0.9233595319896613,0.0,0.0,0.0,nan,0
353,0.3160000000000002,0.45,,scientific,0,1,0.17483870967741935,1.0,0.0,-0.0012365721238429884,0.0004162347304248501,nan,-0.0012365721238429884,0.0004162347304248501,nan,0.9245466372047415,0.9245466372047415,0.0,0.0,0.0,nan,0,1,1.0,0.0,-0.000516157908918983,0.0008383388974492643,nan,-0.000516157908918983,0.0008383388974492643,nan,0.5791773381769364,0.5791773381769364,0.0,0.0,0.0,nan,0,1,1.0,0.0,-0.0012365721238429884,0.0004162347304248501,nan,-0.0012365721238429884,0.0004162347304248501,nan,0.9245466372047415,0.9245466372047415,0.0,0.0,0.0,nan,0
354,0.3170000000000002,0.45,,scientific,0,1,0.17483870967741935,1.0,0.0,-0.0012386620168130268,0.00041499558879643607,nan,-0.0012386620168130268,0.00041499558879643607,nan,0.9257336269285763,0.9257336269285763,0.0,0.0,0.0,nan,0,1,1.0,0.0,-0.000516157908918983,0.0008383388974492643,nan,-0.000516157908918983,0.0008383388974492643,nan,0.5791773381769364,0.5791773381769364,0.0,0.0,0.0,nan,0,1,1.0,0.0,-0.0012386620168130268,0.00041499558879643607,nan,-0.0012386620168130268,0.00041499558879643607,nan,0.9257336269285763,0.9257336269285763,0.0,0.0,0.0,nan,0
355,0.3180000000000002,0.45,,scientific,0,1,0.17483870967741935,1.0,0.0,-0.0012407509276404938,0.0004137576492017437,nan,-0.0012407509276404938,0.0004137576492017437,nan,0.9269205010111286,0.9269205010111286,0.0,0.0,0.0,nan,0,1,1.0,0.0,-0.000516157908918983,0.0008383388974492643,nan,-0.000516157908918983,0.0008383388974492643,nan,0.5791773381769364,0.5791773381769364,0.0,0.0,0.0,nan,0,1,1.0,0.0,-0.0012407509276404938,0.0004137576492017437,nan,-0.0012407509276404938,0.0004137576492017437,nan,0.9269205010111286,0.9269205010111286,0.0,0.0,0.0,nan,0
356,0.31900000000000023,0.45,,scientific,0,1,0.17483870967741935,1.0,0.0,-0.0012428388317976043,0.00041252091970864815,nan,-0.0012428388317976043,0.00041252091970864815,nan,0.9281072592792314,0.9281072592792314,0.0,0.0,0.0,nan,0,1,1.0,0.0,-0.000516157908918983,0.0008383388974492643,nan,-0.000516157908918983,0.0008383388974492643,nan,0.5791773381769364,0.5791773381769364,0.0,0.0,0.0,nan,0,1,1.0,0.0,-0.0012428388317976043,0.00041252091970864815,nan,-0.0012428388317976043,0.00041252091970864815,nan,0.9281072592792314,0.9281072592792314,0.0,0.0,0.0,nan,0
357,0.32000000000000023,0.45,,scientific,0,1,0.17483870967741935,1.0,0.0,-0.0017435256988021812,-0.00036106516848597494,nan,-0.0017435256988021812,-0.00036106516848597494,nan,0.9308666959985032,0.9308666959985032,0.0,0.0,0.0,nan,0,1,1.0,0.0,-0.0009480420339584303,0.0001687724789657529,nan,-0.0009480420339584303,0.0001687724789657529,nan,0.5802538759802551,0.5802538759802551,0.0,0.0,0.0,nan,0,1,1.0,0.0,-0.0017435256988021812,-0.00036106516848597494,nan,-0.0017435256988021812,-0.00036106516848597494,nan,0.9308666959985032,0.9308666959985032,0.0,0.0,0.0,nan,0
358,0.32100000000000023,0.45,,scientific,0,1,0.17483870967741935,1.0,0.0,-0.0017457604469306993,-0.0003625285859995314,nan,-0.0017457604469306993,-0.0003625285859995314,nan,0.9320546927287514,0.9320546927287514,0.0,0.0,0.0,nan,0,1,1.0,0.0,-0.0009480420339584303,0.0001687724789657529,nan,-0.0009480420339584303,0.0001687724789657529,nan,0.5802538759802551,0.5802538759802551,0.0,0.0,0.0,nan,0,1,1.0,0.0,-0.0017457604469306993,-0.0003625285859995314,nan,-0.0017457604469306993,-0.0003625285859995314,nan,0.9320546927287514,0.9320546927287514,0.0,0.0,0.0,nan,0
359,0.32200000000000023,0.45,,scientific,0,1,0.17483870967741935,1.0,0.0,-0.001747994058001726,-0.00036399062192599157,nan,-0.001747994058001726,-0.00036399062192599157,nan,0.9332425726547852,0.9332425726547852,0.0,0.0,0.0,nan,0,1,1.0,0.0,-0.0009480420339584303,0.0001687724789657529,nan,-0.0009480420339584303,0.0001687724789657529,nan,0.5802538759802551,0.5802538759802551,0.0,0.0,0.0,nan,0,1,1.0,0.0,-0.001747994058001726,-0.00036399062192599157,nan,-0.001747994058001726,-0.00036399062192599157,nan,0.9332425726547852,0.9332425726547852,0.0,0.0,0.0,nan,0
360,0.32300000000000023,0.45,,scientific,0,1,0.17548387096774193,1.0,0.0,-0.0017502265258747558,-0.00036545128848682095,nan,-0.0017502265258747558,-0.00036545128848682095,nan,0.9344303355986798,0.9344303355986798,0.0,0.0,0.0,nan,0,1,1.0,0.0,-0.0009480420339584303,0.0001687724789657529,nan,-0.0009480420339584303,0.0001687724789657529,nan,0.5802538759802551,0.5802538759802551,0.0,0.0,0.0,nan,0,1,1.0,0.0,-0.0017502265258747558,-0.00036545128848682095,nan,-0.0017502265258747558,-0.00036545128848682095,nan,0.9344303355986798,0.9344303355986798,0.0,0.0,0.0,nan,0
361,0.32400000000000023,0.45,,scientific,0,1,0.17548387096774193,1.0,0.0,-0.0017524578362557207,-0.00036691058478560923,nan,-0.0017524578362557207,-0.00036691058478560923,nan,0.9356179813931997,0.9356179813931997,0.0,0.0,0.0,nan,0,1,1.0,0.0,-0.0009480420339584303,0.0001687724789657529,nan,-0.0009480420339584303,0.0001687724789657529,nan,0.5802538759802551,0.5802538759802551,0.0,0.0,0.0,nan,0,1,1.0,0.0,-0.0017524578362557207,-0.00036691058478560923,nan,-0.0017524578362557207,-0.00036691058478560923,nan,0.9356179813931997,0.9356179813931997,0.0,0.0,0.0,nan,0
362,0.32500000000000023,0.45,,scientific,0,1,0.17548387096774193,1.0,0.0,-0.0018096563690608624,-0.001269706668595422,nan,-0.0018096563690608624,-0.001269706668595422,nan,0.9383586990785668,0.9383586990785668,0.0,0.0,0.0,nan,0,1,1.0,0.0,-0.0009962092804849702,-0.0006247213297990419,nan,-0.0009962092804849702,-0.0006247213297990419,nan,0.581330413783308,0.581330413783308,0.0,0.0,0.0,nan,0,1,1.0,0.0,-0.0018096563690608624,-0.001269706668595422,nan,-0.0018096563690608624,-0.001269706668595422,nan,0.9383586990785668,0.9383586990785668,0.0,0.0,0.0,nan,0
363,0.32600000000000023,0.45,,scientific,0,1,0.17548387096774193,1.0,0.0,-0.0018119005070728372,-0.0012714003291013503,nan,-0.0018119005070728372,-0.0012714003291013503,nan,0.9395475018731299,0.9395475018731299,0.0,0.0,0.0,nan,0,1,1.0,0.0,-0.0009962092804849702,-0.0006247213297990419,nan,-0.0009962092804849702,-0.0006247213297990419,nan,0.581330413783308,0.581330413783308,0.0,0.0,0.0,nan,0,1,1.0,0.0,-0.0018119005070728372,-0.0012714003291013503,nan,-0.0018119005070728372,-0.0012714003291013503,nan,0.9395475018731299,0.9395475018731299,0.0,0.0,0.0,nan,0
364,0.32700000000000023,0.45,,scientific,0,1,0.17548387096774193,1.0,0.0,-0.001814143559479043,-0.001273092626762393,nan,-0.001814143559479043,-0.001273092626762393,nan,0.940736186738196,0.940736186738196,0.0,0.0,0.0,nan,0,1,1.0,0.0,-0.0009962092804849702,-0.0006247213297990419,nan,-0.0009962092804849702,-0.0006247213297990419,nan,0.581330413783308,0.581330413783308,0.0,0.0,0.0,nan,0,1,1.0,0.0,-0.001814143559479043,-0.001273092626762393,nan,-0.001814143559479043,-0.001273092626762393,nan,0.940736186738196,0.940736186738196,0.0,0.0,0.0,nan,0
365,0.32800000000000024,0.45,,scientific,0,1,0.17548387096774193,1.0,0.0,-0.0018163854668152236,-0.001274783547819167,nan,-0.0018163854668152236,-0.001274783547819167,nan,0.9419247535251196,0.9419247535251196,0.0,0.0,0.0,nan,0,1,1.0,0.0,-0.0009962092804849702,-0.0006247213297990419,nan,-0.0009962092804849702,-0.0006247213297990419,nan,0.581330413783308,0.581330413783308,0.0,0.0,0.0,nan,0,1,1.0,0.0,-0.0018163854668152236,-0.001274783547819167,nan,-0.0018163854668152236,-0.001274783547819167,nan,0.9419247535251196,0.9419247535251196,0.0,0.0,0.0,nan,0
366,0.32900000000000024,0.45,,scientific,0,1,0.17548387096774193,1.0,0.0,-0.0018186262124216936,-0.001276473080246153,nan,-0.0018186262124216936,-0.001276473080246153,nan,0.9431132020548763,0.9431132020548763,0.0,0.0,0.0,nan,0,1,1.0,0.0,-0.0009962092804849702,-0.0006247213297990419,nan,-0.0009962092804849702,-0.0006247213297990419,nan,0.581330413783308,0.581330413783308,0.0,0.0,0.0,nan,0,1,1.0,0.0,-0.0018186262124216936,-0.001276473080246153,nan,-0.0018186262124216936,-0.001276473080246153,nan,0.9431132020548763,0.9431132020548763,0.0,0.0,0.0,nan,0
367,0.33000000000000024,0.45,,scientific,0,1,0.17548387096774193,1.0,0.0,-0.0018208657333192244,-0.00127816126733214,nan,-0.0018208657333192244,-0.00127816126733214,nan,0.9443015321550794,0.9443015321550794,0.0,0.0,0.0,nan,0,1,1.0,0.0,-0.0009962092804849702,-0.0006247213297990419,nan,-0.0009962092804849702,-0.0006247213297990419,nan,0.581330413783308,0.581330413783308,0.0,0.0,0.0,nan,0,1,1.0,0.0,-0.0018208657333192244,-0.00127816126733214,nan,-0.0018208657333192244,-0.00127816126733214,nan,0.9443015321550794,0.9443015321550794,0.0,0.0,0.0,nan,0
368,0.33100000000000024,0.45,,scientific,0,1,0.17548387096774193,1.0,0.0,-0.0018231040576406998,-0.0012798481000179597,nan,-0.0018231040576406998,-0.0012798481000179597,nan,0.9454897436855876,0.9454897436855876,0.0,0.0,0.0,nan,0,1,1.0,0.0,-0.0009962092804849702,-0.0006247213297990419,nan,-0.0009962092804849702,-0.0006247213297990419,nan,0.581330413783308,0.581330413783308,0.0,0.0,0.0,nan,0,1,1.0,0.0,-0.0018231040576406998,-0.0012798481000179597,nan,-0.0018231040576406998,-0.0012798481000179597,nan,0.9454897436855876,0.9454897436855876,0.0,0.0,0.0,nan,0
369,0.33200000000000024,0.45,,scientific,0,1,0.17548387096774193,1.0,0.0,-0.0018253411955559643,-0.001281533577546816,nan,-0.0018253411955559643,-0.001281533577546816,nan,0.9466778364686661,0.9466778364686661,0.0,0.0,0.0,nan,0,1,1.0,0.0,-0.0009962092804849702,-0.0006247213297990419,nan,-0.0009962092804849702,-0.0006247213297990419,nan,0.581330413783308,0.581330413783308,0.0,0.0,0.0,nan,0,1,1.0,0.0,-0.0018253411955559643,-0.001281533577546816,nan,-0.0018253411955559643,-0.001281533577546816,nan,0.9466778364686661,0.9466778364686661,0.0,0.0,0.0,nan,0
370,0.33300000000000024,0.45,,scientific,0,1,0.17548387096774193,1.0,0.0,-0.001827577159654725,-0.0012832177254818013,nan,-0.001827577159654725,-0.0012832177254818013,nan,0.9478658103343878,0.9478658103343878,0.0,0.0,0.0,nan,0,1,1.0,0.0,-0.0009962092804849702,-0.0006247213297990419,nan,-0.0009962092804849702,-0.0006247213297990419,nan,0.581330413783308,0.581330413783308,0.0,0.0,0.0,nan,0,1,1.0,0.0,-0.001827577159654725,-0.0012832177254818013,nan,-0.001827577159654725,-0.0012832177254818013,nan,0.9478658103343878,0.9478658103343878,0.0,0.0,0.0,nan,0
371,0.33400000000000024,0.45,,scientific,0,1,0.17548387096774193,1.0,0.0,-0.0018298119466913557,-0.001284900551973363,nan,-0.0018298119466913557,-0.001284900551973363,nan,0.9490536651266873,0.9490536651266873,0.0,0.0,0.0,nan,0,1,1.0,0.0,-0.0009962092804849702,-0.0006247213297990419,nan,-0.0009962092804849702,-0.0006247213297990419,nan,0.581330413783308,0.581330413783308,0.0,0.0,0.0,nan,0,1,1.0,0.0,-0.0018298119466913557,-0.001284900551973363,nan,-0.0018298119466913557,-0.001284900551973363,nan,0.9490536651266873,0.9490536651266873,0.0,0.0,0.0,nan,0
372,0.33500000000000024,0.45,,scientific,0,1,0.17548387096774193,1.0,0.0,-0.0018320455429137001,-0.0012865820503004997,nan,-0.0018320455429137001,-0.0012865820503004997,nan,0.9502414006859605,0.9502414006859605,0.0,0.0,0.0,nan,0,1,1.0,0.0,-0.0009962092804849702,-0.0006247213297990419,nan,-0.0009962092804849702,-0.0006247213297990419,nan,0.581330413783308,0.581330413783308,0.0,0.0,0.0,nan,0,1,1.0,0.0,-0.0018320455429137001,-0.0012865820503004997,nan,-0.0018320455429137001,-0.0012865820503004997,nan,0.9502414006859605,0.9502414006859605,0.0,0.0,0.0,nan,0
373,0.33600000000000024,0.45,,scientific,0,1,0.17548387096774193,1.0,0.0,-0.0018342779407879244,-0.0012882622232145819,nan,-0.0018342779407879244,-0.0012882622232145819,nan,0.9514290168453969,0.9514290168453969,0.0,0.0,0.0,nan,0,1,1.0,0.0,-0.0009962092804849702,-0.0006247213297990419,nan,-0.0009962092804849702,-0.0006247213297990419,nan,0.581330413783308,0.581330413783308,0.0,0.0,0.0,nan,0,1,1.0,0.0,-0.0018342779407879244,-0.0012882622232145819,nan,-0.0018342779407879244,-0.0012882622232145819,nan,0.9514290168453969,0.9514290168453969,0.0,0.0,0.0,nan,0
374,0.33700000000000024,0.45,,scientific,0,1,0.17548387096774193,1.0,0.0,-0.0018365091351468306,-0.001289941077063587,nan,-0.0018365091351468306,-0.001289941077063587,nan,0.952616513441064,0.952616513441064,0.0,0.0,0.0,nan,0,1,1.0,0.0,-0.0009962092804849702,-0.0006247213297990419,nan,-0.0009962092804849702,-0.0006247213297990419,nan,0.581330413783308,0.581330413783308,0.0,0.0,0.0,nan,0,1,1.0,0.0,-0.0018365091351468306,-0.001289941077063587,nan,-0.0018365091351468306,-0.001289941077063587,nan,0.952616513441064,0.952616513441064,0.0,0.0,0.0,nan,0
375,0.33800000000000024,0.45,,scientific,0,1,0.17548387096774193,1.0,0.0,-0.0018387391049290715,-0.001291618612984326,nan,-0.0018387391049290715,-0.001291618612984326,nan,0.953803890306345,0.953803890306345,0.0,0.0,0.0,nan,0,1,1.0,0.0,-0.0009962092804849702,-0.0006247213297990419,nan,-0.0009962092804849702,-0.0006247213297990419,nan,0.581330413783308,0.581330413783308,0.0,0.0,0.0,nan,0,1,1.0,0.0,-0.0018387391049290715,-0.001291618612984326,nan,-0.0018387391049290715,-0.001291618612984326,nan,0.953803890306345,0.953803890306345,0.0,0.0,0.0,nan,0
376,0.33900000000000025,0.45,,scientific,0,1,0.17548387096774193,1.0,0.0,-0.0018409677999717952,-0.001293294725024202,nan,-0.0018409677999717952,-0.001293294725024202,nan,0.9549911472571453,0.9549911472571453,0.0,0.0,0.0,nan,0,1,1.0,0.0,-0.0009962092804849702,-0.0006247213297990419,nan,-0.0009962092804849702,-0.0006247213297990419,nan,0.581330413783308,0.581330413783308,0.0,0.0,0.0,nan,0,1,1.0,0.0,-0.0018409677999717952,-0.001293294725024202,nan,-0.0018409677999717952,-0.001293294725024202,nan,0.9549911472571453,0.9549911472571453,0.0,0.0,0.0,nan,0
377,0.34000000000000025,0.45,,scientific,0,1,0.17548387096774193,1.0,0.0,-0.000999879799831363,-0.0016286084808347795,nan,-0.000999879799831363,-0.0016286084808347795,nan,0.9577509776338179,0.9577509776338179,0.0,0.0,0.0,nan,0,1,1.0,0.0,-0.0002559119602507768,-0.00091741878692875,nan,-0.0002559119602507768,-0.00091741878692875,nan,0.5824069515866266,0.5824069515866266,0.0,0.0,0.0,nan,0,1,1.0,0.0,-0.000999879799831363,-0.0016286084808347795,nan,-0.000999879799831363,-0.0016286084808347795,nan,0.9577509776338179,0.9577509776338179,0.0,0.0,0.0,nan,0
378,0.34100000000000025,0.45,,scientific,0,1,0.17548387096774193,1.0,0.0,-0.00020519215795273182,-0.002058150837429363,nan,-0.00020519215795273182,-0.002058150837429363,nan,0.9605136139749564,0.9605136139749564,0.0,0.0,0.0,nan,0,1,1.0,0.0,0.0004429329312384706,-0.0012924856782280422,nan,0.0004429329312384706,-0.0012924856782280422,nan,0.5834834893899452,0.5834834893899452,0.0,0.0,0.0,nan,0,1,1.0,0.0,-0.00020519215795273182,-0.002058150837429363,nan,-0.00020519215795273182,-0.002058150837429363,nan,0.9605136139749564,0.9605136139749564,0.0,0.0,0.0,nan,0
379,0.34200000000000025,0.45,,scientific,0,1,0.17548387096774193,1.0,0.0,-0.00020699364726827664,-0.00206002084598654,nan,-0.00020699364726827664,-0.00206002084598654,nan,0.9617032736776947,0.9617032736776947,0.0,0.0,0.0,nan,0,1,1.0,0.0,0.0004429329312384706,-0.0012924856782280422,nan,0.0004429329312384706,-0.0012924856782280422,nan,0.5834834893899452,0.5834834893899452,0.0,0.0,0.0,nan,0,1,1.0,0.0,-0.00020699364726827664,-0.00206002084598654,nan,-0.00020699364726827664,-0.00206002084598654,nan,0.9617032736776947,0.9617032736776947,0.0,0.0,0.0,nan,0
380,0.34300000000000025,0.45,,scientific,0,1,0.17548387096774193,1.0,0.0,-0.00020879396649047622,-0.0020618895467885714,nan,-0.00020879396649047622,-0.0020618895467885714,nan,0.9628928123158034,0.9628928123158034,0.0,0.0,0.0,nan,0,1,1.0,0.0,0.0004429329312384706,-0.0012924856782280422,nan,0.0004429329312384706,-0.0012924856782280422,nan,0.5834834893899452,0.5834834893899452,0.0,0.0,0.0,nan,0,1,1.0,0.0,-0.00020879396649047622,-0.0020618895467885714,nan,-0.00020879396649047622,-0.0020618895467885714,nan,0.9628928123158034,0.9628928123158034,0.0,0.0,0.0,nan,0
381,0.34400000000000025,0.45,,scientific,0,1,0.17548387096774193,1.0,0.0,-0.0002105930270422325,-0.0020637569548960437,nan,-0.0002105930270422325,-0.0020637569548960437,nan,0.9640822297161507,0.9640822297161507,0.0,0.0,0.0,nan,0,1,1.0,0.0,0.0004429329312384706,-0.0012924856782280422,nan,0.0004429329312384706,-0.0012924856782280422,nan,0.5834834893899452,0.5834834893899452,0.0,0.0,0.0,nan,0,1,1.0,0.0,-0.0002105930270422325,-0.0020637569548960437,nan,-0.0002105930270422325,-0.0020637569548960437,nan,0.9640822297161507,0.9640822297161507,0.0,0.0,0.0,nan,0
382,0.34500000000000025,0.45,,scientific,0,1,0.17548387096774193,1.0,0.0,-0.00021239082195053798,-0.0020656230816810616,nan,-0.00021239082195053798,-0.0020656230816810616,nan,0.9652715257392628,0.9652715257392628,0.0,0.0,0.0,nan,0,1,1.0,0.0,0.0004429329312384706,-0.0012924856782280422,nan,0.0004429329312384706,-0.0012924856782280422,nan,0.5834834893899452,0.5834834893899452,0.0,0.0,0.0,nan,0,1,1.0,0.0,-0.00021239082195053798,-0.0020656230816810616,nan,-0.00021239082195053798,-0.0020656230816810616,nan,0.9652715257392628,0.9652715257392628,0.0,0.0,0.0,nan,0
383,0.34600000000000025,0.45,,scientific,0,1,0.17548387096774193,1.0,0.0,-0.0002141874034671902,-0.002067487929201481,nan,-0.0002141874034671902,-0.002067487929201481,nan,0.9664607002357363,0.9664607002357363,0.0,0.0,0.0,nan,0,1,1.0,0.0,0.0004429329312384706,-0.0012924856782280422,nan,0.0004429329312384706,-0.0012924856782280422,nan,0.5834834893899452,0.5834834893899452,0.0,0.0,0.0,nan,0,1,1.0,0.0,-0.0002141874034671902,-0.002067487929201481,nan,-0.0002141874034671902,-0.002067487929201481,nan,0.9664607002357363,0.9664607002357363,0.0,0.0,0.0,nan,0
384,0.34700000000000025,0.45,,scientific,0,1,0.17548387096774193,1.0,0.0,-0.0002159827740224393,-0.0020693514849544356,nan,-0.0002159827740224393,-0.0020693514849544356,nan,0.9676497530297884,0.9676497530297884,0.0,0.0,0.0,nan,0,1,1.0,0.0,0.0004429329312384706,-0.0012924856782280422,nan,0.0004429329312384706,-0.0012924856782280422,nan,0.5834834893899452,0.5834834893899452,0.0,0.0,0.0,nan,0,1,1.0,0.0,-0.0002159827740224393,-0.0020693514849544356,nan,-0.0002159827740224393,-0.0020693514849544356,nan,0.9676497530297884,0.9676497530297884,0.0,0.0,0.0,nan,0
385,0.34800000000000025,0.45,,scientific,0,1,0.17548387096774193,1.0,0.0,-0.00021777687712708872,-0.0020712137485748455,nan,-0.00021777687712708872,-0.0020712137485748455,nan,0.9688386839492353,0.9688386839492353,0.0,0.0,0.0,nan,0,1,1.0,0.0,0.0004429329312384706,-0.0012924856782280422,nan,0.0004429329312384706,-0.0012924856782280422,nan,0.5834834893899452,0.5834834893899452,0.0,0.0,0.0,nan,0,1,1.0,0.0,-0.00021777687712708872,-0.0020712137485748455,nan,-0.00021777687712708872,-0.0020712137485748455,nan,0.9688386839492353,0.9688386839492353,0.0,0.0,0.0,nan,0
386,0.34900000000000025,0.45,,scientific,0,1,0.17548387096774193,1.0,0.0,-0.00021956972628856078,-0.0020730747606591718,nan,-0.00021956972628856078,-0.0020730747606591718,nan,0.9700274928644682,0.9700274928644682,0.0,0.0,0.0,nan,0,1,1.0,0.0,0.0004429329312384706,-0.0012924856782280422,nan,0.0004429329312384706,-0.0012924856782280422,nan,0.5834834893899452,0.5834834893899452,0.0,0.0,0.0,nan,0,1,1.0,0.0,-0.00021956972628856078,-0.0020730747606591718,nan,-0.00021956972628856078,-0.0020730747606591718,nan,0.9700274928644682,0.9700274928644682,0.0,0.0,0.0,nan,0
387,0.35000000000000026,0.45,,scientific,0,1,0.17548387096774193,1.0,0.0,-0.00022136135911955053,-0.0020749345871187964,nan,-0.00022136135911955053,-0.0020749345871187964,nan,0.971216179592264,0.971216179592264,0.0,0.0,0.0,nan,0,1,1.0,0.0,0.0004429329312384706,-0.0012924856782280422,nan,0.0004429329312384706,-0.0012924856782280422,nan,0.5834834893899452,0.5834834893899452,0.0,0.0,0.0,nan,0,1,1.0,0.0,-0.00022136135911955053,-0.0020749345871187964,nan,-0.00022136135911955053,-0.0020749345871187964,nan,0.971216179592264,0.971216179592264,0.0,0.0,0.0,nan,0
388,0.35100000000000026,0.45,,scientific,0,1,0.17548387096774193,1.0,0.0,-0.00022315177964690288,-0.002076793220488053,nan,-0.00022315177964690288,-0.002076793220488053,nan,0.9724047439939911,0.9724047439939911,0.0,0.0,0.0,nan,0,1,1.0,0.0,0.0004429329312384706,-0.0012924856782280422,nan,0.0004429329312384706,-0.0012924856782280422,nan,0.5834834893899452,0.5834834893899452,0.0,0.0,0.0,nan,0,1,1.0,0.0,-0.00022315177964690288,-0.002076793220488053,nan,-0.00022315177964690288,-0.002076793220488053,nan,0.9724047439939911,0.9724047439939911,0.0,0.0,0.0,nan,0
389,0.35200000000000026,0.45,,scientific,0,1,0.17548387096774193,1.0,0.0,-0.00022494097338861876,-0.002078650634860444,nan,-0.00022494097338861876,-0.002078650634860444,nan,0.9735931859106945,0.9735931859106945,0.0,0.0,0.0,nan,0,1,1.0,0.0,0.0004429329312384706,-0.0012924856782280422,nan,0.0004429329312384706,-0.0012924856782280422,nan,0.5834834893899452,0.5834834893899452,0.0,0.0,0.0,nan,0,1,1.0,0.0,-0.00022494097338861876,-0.002078650634860444,nan,-0.00022494097338861876,-0.002078650634860444,nan,0.9735931859106945,0.9735931859106945,0.0,0.0,0.0,nan,0
390,0.35300000000000026,0.45,,scientific,0,1,0.17548387096774193,1.0,0.0,-0.00022672893129429295,-0.0020805068272398432,nan,-0.00022672893129429295,-0.0020805068272398432,nan,0.9747815051722848,0.9747815051722848,0.0,0.0,0.0,nan,0,1,1.0,0.0,0.0004429329312384706,-0.0012924856782280422,nan,0.0004429329312384706,-0.0012924856782280422,nan,0.5834834893899452,0.5834834893899452,0.0,0.0,0.0,nan,0,1,1.0,0.0,-0.00022672893129429295,-0.0020805068272398432,nan,-0.00022672893129429295,-0.0020805068272398432,nan,0.9747815051722848,0.9747815051722848,0.0,0.0,0.0,nan,0
391,0.35400000000000026,0.45,,scientific,0,1,0.17548387096774193,1.0,0.0,-0.0002285156787019896,-0.002082361776363334,nan,-0.0002285156787019896,-0.002082361776363334,nan,0.9759697016109486,0.9759697016109486,0.0,0.0,0.0,nan,0,1,1.0,0.0,0.0004429329312384706,-0.0012924856782280422,nan,0.0004429329312384706,-0.0012924856782280422,nan,0.5834834893899452,0.5834834893899452,0.0,0.0,0.0,nan,0,1,1.0,0.0,-0.0002285156787019896,-0.002082361776363334,nan,-0.0002285156787019896,-0.002082361776363334,nan,0.9759697016109486,0.9759697016109486,0.0,0.0,0.0,nan,0
392,0.35500000000000026,0.45,,scientific,0,1,0.17548387096774193,1.0,0.0,0.0003166351061453426,-0.0013307565015807442,nan,0.0003166351061453426,-0.0013307565015807442,nan,0.9787882962690249,0.9787882962690249,0.0,0.0,0.0,nan,0,1,1.0,0.0,0.0009099580242640539,-0.0006487378947265148,nan,0.0009099580242640539,-0.0006487378947265148,nan,0.5845600271932638,0.5845600271932638,0.0,0.0,0.0,nan,0,1,1.0,0.0,0.0003166351061453426,-0.0013307565015807442,nan,0.0003166351061453426,-0.0013307565015807442,nan,0.9787882962690249,0.9787882962690249,0.0,0.0,0.0,nan,0
393,0.35600000000000026,0.45,,scientific,0,1,0.17548387096774193,1.0,0.0,0.00031501179908978905,-0.0013323887357764449,nan,0.00031501179908978905,-0.0013323887357764449,nan,0.9799777153588196,0.9799777153588196,0.0,0.0,0.0,nan,0,1,1.0,0.0,0.0009099580242640539,-0.0006487378947265148,nan,0.0009099580242640539,-0.0006487378947265148,nan,0.5845600271932638,0.5845600271932638,0.0,0.0,0.0,nan,0,1,1.0,0.0,0.00031501179908978905,-0.0013323887357764449,nan,0.00031501179908978905,-0.0013323887357764449,nan,0.9799777153588196,0.9799777153588196,0.0,0.0,0.0,nan,0
394,0.35700000000000026,0.45,,scientific,0,1,0.17548387096774193,1.0,0.0,0.00031338966070690555,-0.0013340199492409266,nan,0.00031338966070690555,-0.0013340199492409266,nan,0.9811670106947876,0.9811670106947876,0.0,0.0,0.0,nan,0,1,1.0,0.0,0.0009099580242640539,-0.0006487378947265148,nan,0.0009099580242640539,-0.0006487378947265148,nan,0.5845600271932638,0.5845600271932638,0.0,0.0,0.0,nan,0,1,1.0,0.0,0.00031338966070690555,-0.0013340199492409266,nan,0.00031338966070690555,-0.0013340199492409266,nan,0.9811670106947876,0.9811670106947876,0.0,0.0,0.0,nan,0
395,0.35800000000000026,0.45,,scientific,0,1,0.17548387096774193,1.0,0.0,0.0011440850255558703,-0.0009689442473073214,nan,0.0011440850255558703,-0.0009689442473073214,nan,0.9839591786724858,0.9839591786724858,0.0,0.0,0.0,nan,0,1,1.0,0.0,0.001634126633079806,-0.0003295547693301824,nan,0.001634126633079806,-0.0003295547693301824,nan,0.5856365649965826,0.5856365649965826,0.0,0.0,0.0,nan,0,1,1.0,0.0,0.0011440850255558703,-0.0009689442473073214,nan,0.0011440850255558703,-0.0009689442473073214,nan,0.9839591786724858,0.9839591786724858,0.0,0.0,0.0,nan,0
396,0.35900000000000026,0.45,,scientific,0,1,0.17548387096774193,1.0,0.0,0.0011426827066711184,-0.0009704781519545919,nan,0.0011426827066711184,-0.0009704781519545919,nan,0.985149613141455,0.985149613141455,0.0,0.0,0.0,nan,0,1,1.0,0.0,0.001634126633079806,-0.0003295547693301824,nan,0.001634126633079806,-0.0003295547693301824,nan,0.5856365649965826,0.5856365649965826,0.0,0.0,0.0,nan,0,1,1.0,0.0,0.0011426827066711184,-0.0009704781519545919,nan,0.0011426827066711184,-0.0009704781519545919,nan,0.985149613141455,0.985149613141455,0.0,0.0,0.0,nan,0
397,0.36000000000000026,0.45,,scientific,0,1,0.17548387096774193,1.0,0.0,0.0011412815012823891,-0.0009720110655123729,nan,0.0011412815012823891,-0.0009720110655123729,nan,0.9863399231250466,0.9863399231250466,0.0,0.0,0.0,nan,0,1,1.0,0.0,0.001634126633079806,-0.0003295547693301824,nan,0.001634126633079806,-0.0003295547693301824,nan,0.5856365649965826,0.5856365649965826,0.0,0.0,0.0,nan,0,1,1.0,0.0,0.0011412815012823891,-0.0009720110655123729,nan,0.0011412815012823891,-0.0009720110655123729,nan,0.9863399231250466,0.9863399231250466,0.0,0.0,0.0,nan,0
398,0.36100000000000027,0.45,,scientific,0,1,0.17548387096774193,1.0,0.0,0.0011398814209889279,-0.000973542993091367,nan,0.0011398814209889279,-0.000973542993091367,nan,0.9875301084665095,0.9875301084665095,0.0,0.0,0.0,nan,0,1,1.0,0.0,0.001634126633079806,-0.0003295547693301824,nan,0.001634126633079806,-0.0003295547693301824,nan,0.5856365649965826,0.5856365649965826,0.0,0.0,0.0,nan,0,1,1.0,0.0,0.0011398814209889279,-0.000973542993091367,nan,0.0011398814209889279,-0.000973542993091367,nan,0.9875301084665095,0.9875301084665095,0.0,0.0,0.0,nan,0
399,0.36200000000000027,0.45,,scientific,0,1,0.17548387096774193,1.0,0.0,0.001138482474551586,-0.0009750739409736696,nan,0.001138482474551586,-0.0009750739409736696,nan,0.9887201690118811,0.9887201690118811,0.0,0.0,0.0,nan,0,1,1.0,0.0,0.001634126633079806,-0.0003295547693301824,nan,0.001634126633079806,-0.0003295547693301824,nan,0.5856365649965826,0.5856365649965826,0.0,0.0,0.0,nan,0,1,1.0,0.0,0.001138482474551586,-0.0009750739409736696,nan,0.001138482474551586,-0.0009750739409736696,nan,0.9887201690118811,0.9887201690118811,0.0,0.0,0.0,nan,0
400,0.36300000000000027,0.45,,scientific,0,1,0.17548387096774193,1.0,0.0,0.0011370846698549755,-0.0009766039157499825,nan,0.0011370846698549755,-0.0009766039157499825,nan,0.989910104607929,0.989910104607929,0.0,0.0,0.0,nan,0,1,1.0,0.0,0.001634126633079806,-0.0003295547693301824,nan,0.001634126633079806,-0.0003295547693301824,nan,0.5856365649965826,0.5856365649965826,0.0,0.0,0.0,nan,0,1,1.0,0.0,0.0011370846698549755,-0.0009766039157499825,nan,0.0011370846698549755,-0.0009766039157499825,nan,0.989910104607929,0.989910104607929,0.0,0.0,0.0,nan,0
401,0.36400000000000027,0.45,,scientific,0,1,0.17548387096774193,1.0,0.0,0.0011356880145768982,-0.000978132924175851,nan,0.0011356880145768982,-0.000978132924175851,nan,0.9910999151015458,0.9910999151015458,0.0,0.0,0.0,nan,0,1,1.0,0.0,0.001634126633079806,-0.0003295547693301824,nan,0.001634126633079806,-0.0003295547693301824,nan,0.5856365649965826,0.5856365649965826,0.0,0.0,0.0,nan,0,1,1.0,0.0,0.0011356880145768982,-0.000978132924175851,nan,0.0011356880145768982,-0.000978132924175851,nan,0.9910999151015458,0.9910999151015458,0.0,0.0,0.0,nan,0
402,0.36500000000000027,0.45,,scientific,0,1,0.17548387096774193,1.0,0.0,0.0011342925154951104,-0.0009796609889656525,nan,0.0011342925154951104,-0.0009796609889656525,nan,0.9922896003348177,0.9922896003348177,0.0,0.0,0.0,nan,0,1,1.0,0.0,0.001634126633079806,-0.0003295547693301824,nan,0.001634126633079806,-0.0003295547693301824,nan,0.5856365649965826,0.5856365649965826,0.0,0.0,0.0,nan,0,1,1.0,0.0,0.0011342925154951104,-0.0009796609889656525,nan,0.0011342925154951104,-0.0009796609889656525,nan,0.9922896003348177,0.9922896003348177,0.0,0.0,0.0,nan,0
403,0.36600000000000027,0.45,,scientific,0,1,0.1761290322580645,1.0,0.0,0.0011328981713266185,-0.0009811881156377633,nan,0.0011328981713266185,-0.0009811881156377633,nan,0.9934791601576505,0.9934791601576505,0.0,0.0,0.0,nan,0,1,1.0,0.0,0.001634126633079806,-0.0003295547693301824,nan,0.001634126633079806,-0.0003295547693301824,nan,0.5856365649965826,0.5856365649965826,0.0,0.0,0.0,nan,0,1,1.0,0.0,0.0011328981713266185,-0.0009811881156377633,nan,0.0011328981713266185,-0.0009811881156377633,nan,0.9934791601576505,0.9934791601576505,0.0,0.0,0.0,nan,0
404,0.36700000000000027,0.45,,scientific,0,1,0.1761290322580645,1.0,0.0,0.0011315049501835687,-0.0009827142920580353,nan,0.0011315049501835687,-0.0009827142920580353,nan,0.9946685944114051,0.9946685944114051,0.0,0.0,0.0,nan,0,1,1.0,0.0,0.001634126633079806,-0.0003295547693301824,nan,0.001634126633079806,-0.0003295547693301824,nan,0.5856365649965826,0.5856365649965826,0.0,0.0,0.0,nan,0,1,1.0,0.0,0.0011315049501835687,-0.0009827142920580353,nan,0.0011315049501835687,-0.0009827142920580353,nan,0.9946685944114051,0.9946685944114051,0.0,0.0,0.0,nan,0
405,0.36800000000000027,0.45,,scientific,0,1,0.1761290322580645,1.0,0.0,0.0011301129081959735,-0.0009842395246787406,nan,0.0011301129081959735,-0.0009842395246787406,nan,0.9958579029539499,0.9958579029539499,0.0,0.0,0.0,nan,0,1,1.0,0.0,0.001634126633079806,-0.0003295547693301824,nan,0.001634126633079806,-0.0003295547693301824,nan,0.5856365649965826,0.5856365649965826,0.0,0.0,0.0,nan,0,1,1.0,0.0,0.0011301129081959735,-0.0009842395246787406,nan,0.0011301129081959735,-0.0009842395246787406,nan,0.9958579029539499,0.9958579029539499,0.0,0.0,0.0,nan,0
406,0.36900000000000027,0.45,,scientific,0,1,0.1761290322580645,1.0,0.0,0.0011287220727444044,-0.000985763819538966,nan,0.0011287220727444044,-0.000985763819538966,nan,0.9970470856242207,0.9970470856242207,0.0,0.0,0.0,nan,0,1,1.0,0.0,0.001634126633079806,-0.0003295547693301824,nan,0.001634126633079806,-0.0003295547693301824,nan,0.5856365649965826,0.5856365649965826,0.0,0.0,0.0,nan,0,1,1.0,0.0,0.0011287220727444044,-0.000985763819538966,nan,0.0011287220727444044,-0.000985763819538966,nan,0.9970470856242207,0.9970470856242207,0.0,0.0,0.0,nan,0
407,0.3700000000000003,0.45,,scientific,0,1,0.1761290322580645,1.0,0.0,0.0011273324720420033,-0.0009872872330250204,nan,0.0011273324720420033,-0.0009872872330250204,nan,0.9982361422575889,0.9982361422575889,0.0,0.0,0.0,nan,0,1,1.0,0.0,0.001634126633079806,-0.0003295547693301824,nan,0.001634126633079806,-0.0003295547693301824,nan,0.5856365649965826,0.5856365649965826,0.0,0.0,0.0,nan,0,1,1.0,0.0,0.0011273324720420033,-0.0009872872330250204,nan,0.0011273324720420033,-0.0009872872330250204,nan,0.9982361422575889,0.9982361422575889,0.0,0.0,0.0,nan,0
408,0.3710000000000003,0.45,,scientific,0,1,0.1761290322580645,1.0,0.0,0.0011259441368308624,-0.0009888097414363602,nan,0.0011259441368308624,-0.0009888097414363602,nan,0.999425072706625,0.999425072706625,0.0,0.0,0.0,nan,0,1,1.0,0.0,0.001634126633079806,-0.0003295547693301824,nan,0.001634126633079806,-0.0003295547693301824,nan,0.5856365649965826,0.5856365649965826,0.0,0.0,0.0,nan,0,1,1.0,0.0,0.0011259441368308624,-0.0009888097414363602,nan,0.0011259441368308624,-0.0009888097414363602,nan,0.999425072706625,0.999425072706625,0.0,0.0,0.0,nan,0
409,0.3720000000000003,0.45,,scientific,0,1,0.1761290322580645,1.0,0.0,0.001124557036170351,-0.0009903313594264434,nan,0.001124557036170351,-0.0009903313594264434,nan,1.000613876825273,1.000613876825273,0.0,0.0,0.0,nan,0,1,1.0,0.0,0.001634126633079806,-0.0003295547693301824,nan,0.001634126633079806,-0.0003295547693301824,nan,0.5856365649965826,0.5856365649965826,0.0,0.0,0.0,nan,0,1,1.0,0.0,0.001124557036170351,-0.0009903313594264434,nan,0.001124557036170351,-0.0009903313594264434,nan,1.000613876825273,1.000613876825273,0.0,0.0,0.0,nan,0
410,0.3730000000000003,0.45,,scientific,0,1,0.1761290322580645,1.0,0.0,0.0011231711597082558,-0.0009918520808498252,nan,0.0011231711597082558,-0.0009918520808498252,nan,1.0018025544598554,1.0018025544598554,0.0,0.0,0.0,nan,0,1,1.0,0.0,0.001634126633079806,-0.0003295547693301824,nan,0.001634126633079806,-0.0003295547693301824,nan,0.5856365649965826,0.5856365649965826,0.0,0.0,0.0,nan,0,1,1.0,0.0,0.0011231711597082558,-0.0009918520808498252,nan,0.0011231711597082558,-0.0009918520808498252,nan,1.0018025544598554,1.0018025544598554,0.0,0.0,0.0,nan,0
411,0.3740000000000003,0.45,,scientific,0,1,0.1761290322580645,1.0,0.0,0.001325734721021383,-9.7133584029582e-05,nan,0.001325734721021383,-9.7133584029582e-05,nan,1.0046240559773785,1.0046240559773785,0.0,0.0,0.0,nan,0,1,1.0,0.0,0.0018097659057273595,0.00044345790185456923,nan,0.0018097659057273595,0.00044345790185456923,nan,0.5867131027999012,0.5867131027999012,0.0,0.0,0.0,nan,0,1,1.0,0.0,0.001325734721021383,-9.7133584029582e-05,nan,0.001325734721021383,-9.7133584029582e-05,nan,1.0046240559773785,1.0046240559773785,0.0,0.0,0.0,nan,0
412,0.3750000000000003,0.45,,scientific,0,1,0.1761290322580645,1.0,0.0,0.001324405994529564,-9.841634316557326e-05,nan,0.001324405994529564,-9.841634316557326e-05,nan,1.0058138778925991,1.0058138778925991,0.0,0.0,0.0,nan,0,1,1.0,0.0,0.0018097659057273595,0.00044345790185456923,nan,0.0018097659057273595,0.00044345790185456923,nan,0.5867131027999012,0.5867131027999012,0.0,0.0,0.0,nan,0,1,1.0,0.0,0.001324405994529564,-9.841634316557326e-05,nan,0.001324405994529564,-9.841634316557326e-05,nan,1.0058138778925991,1.0058138778925991,0.0,0.0,0.0,nan,0
413,0.3760000000000003,0.45,,scientific,0,1,0.1761290322580645,1.0,0.0,0.0013230784895353325,-9.969828827321275e-05,nan,0.0013230784895353325,-9.969828827321275e-05,nan,1.007003572570107,1.007003572570107,0.0,0.0,0.0,nan,0,1,1.0,0.0,0.0018097659057273595,0.00044345790185456923,nan,0.0018097659057273595,0.00044345790185456923,nan,0.5867131027999012,0.5867131027999012,0.0,0.0,0.0,nan,0,1,1.0,0.0,0.0013230784895353325,-9.969828827321275e-05,nan,0.0013230784895353325,-9.969828827321275e-05,nan,1.007003572570107,1.007003572570107,0.0,0.0,0.0,nan,0
414,0.3770000000000003,0.45,,scientific,0,1,0.1761290322580645,1.0,0.0,0.001321752213880286,-0.00010097942479257778,nan,0.001321752213880286,-0.00010097942479257778,nan,1.008193139861413,1.008193139861413,0.0,0.0,0.0,nan,0,1,1.0,0.0,0.0018097659057273595,0.00044345790185456923,nan,0.0018097659057273595,0.00044345790185456923,nan,0.5867131027999012,0.5867131027999012,0.0,0.0,0.0,nan,0,1,1.0,0.0,0.001321752213880286,-0.00010097942479257778,nan,0.001321752213880286,-0.00010097942479257778,nan,1.008193139861413,1.008193139861413,0.0,0.0,0.0,nan,0
415,0.3780000000000003,0.45,,scientific,0,1,0.1761290322580645,1.0,0.0,0.0013204271752398397,-0.00010225975813360796,nan,0.0013204271752398397,-0.00010225975813360796,nan,1.009382579617832,1.009382579617832,0.0,0.0,0.0,nan,0,1,1.0,0.0,0.0018097659057273595,0.00044345790185456923,nan,0.0018097659057273595,0.00044345790185456923,nan,0.5867131027999012,0.5867131027999012,0.0,0.0,0.0,nan,0,1,1.0,0.0,0.0013204271752398397,-0.00010225975813360796,nan,0.0013204271752398397,-0.00010225975813360796,nan,1.009382579617832,1.009382579617832,0.0,0.0,0.0,nan,0
416,0.3790000000000003,0.45,,scientific,0,1,0.1761290322580645,1.0,0.0,0.0013191033811338832,-0.00010353929362397119,nan,0.0013191033811338832,-0.00010353929362397119,nan,1.0105718916904278,1.0105718916904278,0.0,0.0,0.0,nan,0,1,1.0,0.0,0.0018097659057273595,0.00044345790185456923,nan,0.0018097659057273595,0.00044345790185456923,nan,0.5867131027999012,0.5867131027999012,0.0,0.0,0.0,nan,0,1,1.0,0.0,0.0013191033811338832,-0.00010353929362397119,nan,0.0013191033811338832,-0.00010353929362397119,nan,1.0105718916904278,1.0105718916904278,0.0,0.0,0.0,nan,0
417,0.3800000000000003,0.45,,scientific,0,1,0.1761290322580645,1.0,0.0,0.0013177808389562623,-0.00010481803637502814,nan,0.0013177808389562623,-0.00010481803637502814,nan,1.011761075930286,1.011761075930286,0.0,0.0,0.0,nan,0,1,1.0,0.0,0.0018097659057273595,0.00044345790185456923,nan,0.0018097659057273595,0.00044345790185456923,nan,0.5867131027999012,0.5867131027999012,0.0,0.0,0.0,nan,0,1,1.0,0.0,0.0013177808389562623,-0.00010481803637502814,nan,0.0013177808389562623,-0.00010481803637502814,nan,1.011761075930286,1.011761075930286,0.0,0.0,0.0,nan,0
418,0.3810000000000003,0.45,,scientific,0,1,0.1767741935483871,1.0,0.0,0.0013164595551678924,-0.00010609598393266074,nan,0.0013164595551678924,-0.00010609598393266074,nan,1.0129501321863978,1.0129501321863978,0.0,0.0,0.0,nan,0,1,1.0,0.0,0.0018097659057273595,0.00044345790185456923,nan,0.0018097659057273595,0.00044345790185456923,nan,0.5867131027999012,0.5867131027999012,0.0,0.0,0.0,nan,0,1,1.0,0.0,0.0013164595551678924,-0.00010609598393266074,nan,0.0013164595551678924,-0.00010609598393266074,nan,1.0129501321863978,1.0129501321863978,0.0,0.0,0.0,nan,0
419,0.3820000000000003,0.45,,scientific,0,1,0.1767741935483871,1.0,0.0,0.0013151395331839784,-0.00010737310639935965,nan,0.0013151395331839784,-0.00010737310639935965,nan,1.014139060300616,1.014139060300616,0.0,0.0,0.0,nan,0,1,1.0,0.0,0.0018097659057273595,0.00044345790185456923,nan,0.0018097659057273595,0.00044345790185456923,nan,0.5867131027999012,0.5867131027999012,0.0,0.0,0.0,nan,0,1,1.0,0.0,0.0013151395331839784,-0.00010737310639935965,nan,0.0013151395331839784,-0.00010737310639935965,nan,1.014139060300616,1.014139060300616,0.0,0.0,0.0,nan,0
420,0.3830000000000003,0.45,,scientific,0,1,0.1767741935483871,1.0,0.0,0.0015691152656006878,-0.0009895064988534267,nan,0.0015691152656006878,-0.0009895064988534267,nan,1.016967029636048,1.016967029636048,0.0,0.0,0.0,nan,0,1,1.0,0.0,0.002029952412408621,-0.00031742441025936035,nan,0.002029952412408621,-0.00031742441025936035,nan,0.5877896406027429,0.5877896406027429,0.0,0.0,0.0,nan,0,1,1.0,0.0,0.0015691152656006878,-0.0009895064988534267,nan,0.0015691152656006878,-0.0009895064988534267,nan,1.016967029636048,1.016967029636048,0.0,0.0,0.0,nan,0
421,0.3840000000000003,0.45,,scientific,0,1,0.1767741935483871,1.0,0.0,0.00156786441603003,-0.0009910081984006308,nan,0.00156786441603003,-0.0009910081984006308,nan,1.0181570815879963,1.0181570815879963,0.0,0.0,0.0,nan,0,1,1.0,0.0,0.002029952412408621,-0.00031742441025936035,nan,0.002029952412408621,-0.00031742441025936035,nan,0.5877896406027429,0.5877896406027429,0.0,0.0,0.0,nan,0,1,1.0,0.0,0.00156786441603003,-0.0009910081984006308,nan,0.00156786441603003,-0.0009910081984006308,nan,1.0181570815879963,1.0181570815879963,0.0,0.0,0.0,nan,0
422,0.3850000000000003,0.45,,scientific,0,1,0.1767741935483871,1.0,0.0,0.001566614812364882,-0.00099250911534415,nan,0.001566614812364882,-0.00099250911534415,nan,1.019347004707226,1.019347004707226,0.0,0.0,0.0,nan,0,1,1.0,0.0,0.002029952412408621,-0.00031742441025936035,nan,0.002029952412408621,-0.00031742441025936035,nan,0.5877896406027429,0.5877896406027429,0.0,0.0,0.0,nan,0,1,1.0,0.0,0.001566614812364882,-0.00099250911534415,nan,0.001566614812364882,-0.00099250911534415,nan,1.019347004707226,1.019347004707226,0.0,0.0,0.0,nan,0
423,0.3860000000000003,0.45,,scientific,0,1,0.1767741935483871,1.0,0.0,0.0015653664818141909,-0.0009940092386618777,nan,0.0015653664818141909,-0.0009940092386618777,nan,1.0205367988640612,1.0205367988640612,0.0,0.0,0.0,nan,0,1,1.0,0.0,0.002029952412408621,-0.00031742441025936035,nan,0.002029952412408621,-0.00031742441025936035,nan,0.5877896406027429,0.5877896406027429,0.0,0.0,0.0,nan,0,1,1.0,0.0,0.0015653664818141909,-0.0009940092386618777,nan,0.0015653664818141909,-0.0009940092386618777,nan,1.0205367988640612,1.0205367988640612,0.0,0.0,0.0,nan,0
424,0.3870000000000003,0.45,,scientific,0,1,0.1767741935483871,1.0,0.0,0.0013377302082012083,-0.001905980512910734,nan,0.0013377302082012083,-0.001905980512910734,nan,1.0234073715953635,1.0234073715953635,0.0,0.0,0.0,nan,0,1,1.0,0.0,0.0018384259708437017,-0.0010858406713344045,nan,0.0018384259708437017,-0.0010858406713344045,nan,0.5888661784060614,0.5888661784060614,0.0,0.0,0.0,nan,0,1,1.0,0.0,0.0013377302082012083,-0.001905980512910734,nan,0.0013377302082012083,-0.001905980512910734,nan,1.0234073715953635,1.0234073715953635,0.0,0.0,0.0,nan,0
425,0.3880000000000003,0.45,,scientific,0,1,0.1767741935483871,1.0,0.0,0.0013364207858316513,-0.0019077409903725806,nan,0.0013364207858316513,-0.0019077409903725806,nan,1.0245983682398299,1.0245983682398299,0.0,0.0,0.0,nan,0,1,1.0,0.0,0.0018384259708437017,-0.0010858406713344045,nan,0.0018384259708437017,-0.0010858406713344045,nan,0.5888661784060614,0.5888661784060614,0.0,0.0,0.0,nan,0,1,1.0,0.0,0.0013364207858316513,-0.0019077409903725806,nan,0.0013364207858316513,-0.0019077409903725806,nan,1.0245983682398299,1.0245983682398299,0.0,0.0,0.0,nan,0
426,0.3890000000000003,0.45,,scientific,0,1,0.1767741935483871,1.0,0.0,0.0013351127130420096,-0.0019095005157377157,nan,0.0013351127130420096,-0.0019095005157377157,nan,1.0257892350623037,1.0257892350623037,0.0,0.0,0.0,nan,0,1,1.0,0.0,0.0018384259708437017,-0.0010858406713344045,nan,0.0018384259708437017,-0.0010858406713344045,nan,0.5888661784060614,0.5888661784060614,0.0,0.0,0.0,nan,0,1,1.0,0.0,0.0013351127130420096,-0.0019095005157377157,nan,0.0013351127130420096,-0.0019095005157377157,nan,1.0257892350623037,1.0257892350623037,0.0,0.0,0.0,nan,0
427,0.3900000000000003,0.45,,scientific,0,1,0.1774193548387097,1.0,0.0,0.0013338059913653244,-0.0019112590933597557,nan,0.0013338059913653244,-0.0019112590933597557,nan,1.0269799719112525,1.0269799719112525,0.0,0.0,0.0,nan,0,1,1.0,0.0,0.0018384259708437017,-0.0010858406713344045,nan,0.0018384259708437017,-0.0010858406713344045,nan,0.5888661784060614,0.5888661784060614,0.0,0.0,0.0,nan,0,1,1.0,0.0,0.0013338059913653244,-0.0019112590933597557,nan,0.0013338059913653244,-0.0019112590933597557,nan,1.0269799719112525,1.0269799719112525,0.0,0.0,0.0,nan,0
428,0.3910000000000003,0.45,,scientific,0,1,0.1774193548387097,1.0,0.0,0.0013325006260349595,-0.001913016729914995,nan,0.0013325006260349595,-0.001913016729914995,nan,1.02817057864193,1.02817057864193,0.0,0.0,0.0,nan,0,1,1.0,0.0,0.0018384259708437017,-0.0010858406713344045,nan,0.0018384259708437017,-0.0010858406713344045,nan,0.5888661784060614,0.5888661784060614,0.0,0.0,0.0,nan,0,1,1.0,0.0,0.0013325006260349595,-0.001913016729914995,nan,0.0013325006260349595,-0.001913016729914995,nan,1.02817057864193,1.02817057864193,0.0,0.0,0.0,nan,0
429,0.3920000000000003,0.45,,scientific,0,1,0.1774193548387097,1.0,0.0,0.001331196618544192,-0.0019147734434187412,nan,0.001331196618544192,-0.0019147734434187412,nan,1.0293610551072625,1.0293610551072625,0.0,0.0,0.0,nan,0,1,1.0,0.0,0.0018384259708437017,-0.0010858406713344045,nan,0.0018384259708437017,-0.0010858406713344045,nan,0.5888661784060614,0.5888661784060614,0.0,0.0,0.0,nan,0,1,1.0,0.0,0.001331196618544192,-0.0019147734434187412,nan,0.001331196618544192,-0.0019147734434187412,nan,1.0293610551072625,1.0293610551072625,0.0,0.0,0.0,nan,0
430,0.3930000000000003,0.45,,scientific,0,1,0.1774193548387097,1.0,0.0,0.0013298939686481148,-0.0019165292566594022,nan,0.0013298939686481148,-0.0019165292566594022,nan,1.030551401162481,1.030551401162481,0.0,0.0,0.0,nan,0,1,1.0,0.0,0.0018384259708437017,-0.0010858406713344045,nan,0.0018384259708437017,-0.0010858406713344045,nan,0.5888661784060614,0.5888661784060614,0.0,0.0,0.0,nan,0,1,1.0,0.0,0.0013298939686481148,-0.0019165292566594022,nan,0.0013298939686481148,-0.0019165292566594022,nan,1.030551401162481,1.030551401162481,0.0,0.0,0.0,nan,0
431,0.3940000000000003,0.45,,scientific,0,1,0.1774193548387097,1.0,0.0,0.0013285926915699456,-0.001918284158166977,nan,0.0013285926915699456,-0.001918284158166977,nan,1.0317416166799604,1.0317416166799604,0.0,0.0,0.0,nan,0,1,1.0,0.0,0.0018384259708437017,-0.0010858406713344045,nan,0.0018384259708437017,-0.0010858406713344045,nan,0.5888661784060614,0.5888661784060614,0.0,0.0,0.0,nan,0,1,1.0,0.0,0.0013285926915699456,-0.001918284158166977,nan,0.0013285926915699456,-0.001918284158166977,nan,1.0317416166799604,1.0317416166799604,0.0,0.0,0.0,nan,0
432,0.3950000000000003,0.45,,scientific,0,1,0.1774193548387097,1.0,0.0,0.0013272927969729372,-0.0019200381477971515,nan,0.0013272927969729372,-0.0019200381477971515,nan,1.0329317015110762,1.0329317015110762,0.0,0.0,0.0,nan,0,1,1.0,0.0,0.0018384259708437017,-0.0010858406713344045,nan,0.0018384259708437017,-0.0010858406713344045,nan,0.5888661784060614,0.5888661784060614,0.0,0.0,0.0,nan,0,1,1.0,0.0,0.0013272927969729372,-0.0019200381477971515,nan,0.0013272927969729372,-0.0019200381477971515,nan,1.0329317015110762,1.0329317015110762,0.0,0.0,0.0,nan,0
433,0.3960000000000003,0.45,,scientific,0,1,0.1774193548387097,1.0,0.0,0.0013259943042272637,-0.001921791243842633,nan,0.0013259943042272637,-0.001921791243842633,nan,1.0341216555058663,1.0341216555058663,0.0,0.0,0.0,nan,0,1,1.0,0.0,0.0018384259708437017,-0.0010858406713344045,nan,0.0018384259708437017,-0.0010858406713344045,nan,0.5888661784060614,0.5888661784060614,0.0,0.0,0.0,nan,0,1,1.0,0.0,0.0013259943042272637,-0.001921791243842633,nan,0.0013259943042272637,-0.001921791243842633,nan,1.0341216555058663,1.0341216555058663,0.0,0.0,0.0,nan,0
434,0.3970000000000003,0.45,,scientific,0,1,0.1774193548387097,1.0,0.0,0.0013246972244935226,-0.0019235434578482476,nan,0.0013246972244935226,-0.0019235434578482476,nan,1.0353114785239264,1.0353114785239264,0.0,0.0,0.0,nan,0,1,1.0,0.0,0.0018384259708437017,-0.0010858406713344045,nan,0.0018384259708437017,-0.0010858406713344045,nan,0.5888661784060614,0.5888661784060614,0.0,0.0,0.0,nan,0,1,1.0,0.0,0.0013246972244935226,-0.0019235434578482476,nan,0.0013246972244935226,-0.0019235434578482476,nan,1.0353114785239264,1.0353114785239264,0.0,0.0,0.0,nan,0
435,0.3980000000000003,0.45,,scientific,0,1,0.1774193548387097,1.0,0.0,0.001323401551744202,-0.0019252947825178287,nan,0.001323401551744202,-0.0019252947825178287,nan,1.0365011704315163,1.0365011704315163,0.0,0.0,0.0,nan,0,1,1.0,0.0,0.0018384259708437017,-0.0010858406713344045,nan,0.0018384259708437017,-0.0010858406713344045,nan,0.5888661784060614,0.5888661784060614,0.0,0.0,0.0,nan,0,1,1.0,0.0,0.001323401551744202,-0.0019252947825178287,nan,0.001323401551744202,-0.0019252947825178287,nan,1.0365011704315163,1.0365011704315163,0.0,0.0,0.0,nan,0
436,0.3990000000000003,0.45,,scientific,0,1,0.1774193548387097,1.0,0.0,0.0013221072884519343,-0.0019270452199270898,nan,0.0013221072884519343,-0.0019270452199270898,nan,1.0376907310831365,1.0376907310831365,0.0,0.0,0.0,nan,0,1,1.0,0.0,0.0018384259708437017,-0.0010858406713344045,nan,0.0018384259708437017,-0.0010858406713344045,nan,0.5888661784060614,0.5888661784060614,0.0,0.0,0.0,nan,0,1,1.0,0.0,0.0013221072884519343,-0.0019270452199270898,nan,0.0013221072884519343,-0.0019270452199270898,nan,1.0376907310831365,1.0376907310831365,0.0,0.0,0.0,nan,0
437,0.4000000000000003,0.45,,scientific,0,1,0.17806451612903226,1.0,0.0,0.0013208144400801273,-0.0019287947755610548,nan,0.0013208144400801273,-0.0019287947755610548,nan,1.0388801603371045,1.0388801603371045,0.0,0.0,0.0,nan,0,1,1.0,0.0,0.0018384259708437017,-0.0010858406713344045,nan,0.0018384259708437017,-0.0010858406713344045,nan,0.5888661784060614,0.5888661784060614,0.0,0.0,0.0,nan,0,1,1.0,0.0,0.0013208144400801273,-0.0019287947755610548,nan,0.0013208144400801273,-0.0019287947755610548,nan,1.0388801603371045,1.0388801603371045,0.0,0.0,0.0,nan,0
438,0.4010000000000003,0.45,,scientific,0,1,0.17806451612903226,1.0,0.0,0.001319523012838524,-0.0019305434557614388,nan,0.001319523012838524,-0.0019305434557614388,nan,1.040069458053164,1.040069458053164,0.0,0.0,0.0,nan,0,1,1.0,0.0,0.0018384259708437017,-0.0010858406713344045,nan,0.0018384259708437017,-0.0010858406713344045,nan,0.5888661784060614,0.5888661784060614,0.0,0.0,0.0,nan,0,1,1.0,0.0,0.001319523012838524,-0.0019305434557614388,nan,0.001319523012838524,-0.0019305434557614388,nan,1.040069458053164,1.040069458053164,0.0,0.0,0.0,nan,0
439,0.4020000000000003,0.45,,scientific,0,1,0.17806451612903226,1.0,0.0,0.0013182330130957173,-0.001932291267069864,nan,0.0013182330130957173,-0.001932291267069864,nan,1.04125862409039,1.04125862409039,0.0,0.0,0.0,nan,0,1,1.0,0.0,0.0018384259708437017,-0.0010858406713344045,nan,0.0018384259708437017,-0.0010858406713344045,nan,0.5888661784060614,0.5888661784060614,0.0,0.0,0.0,nan,0,1,1.0,0.0,0.0013182330130957173,-0.001932291267069864,nan,0.0013182330130957173,-0.001932291267069864,nan,1.04125862409039,1.04125862409039,0.0,0.0,0.0,nan,0
440,0.4030000000000003,0.45,,scientific,0,1,0.17806451612903226,1.0,0.0,0.001316944447001236,-0.0019340382157886163,nan,0.001316944447001236,-0.0019340382157886163,nan,1.04244765830927,1.04244765830927,0.0,0.0,0.0,nan,0,1,1.0,0.0,0.0018384259708437017,-0.0010858406713344045,nan,0.0018384259708437017,-0.0010858406713344045,nan,0.5888661784060614,0.5888661784060614,0.0,0.0,0.0,nan,0,1,1.0,0.0,0.001316944447001236,-0.0019340382157886163,nan,0.001316944447001236,-0.0019340382157886163,nan,1.04244765830927,1.04244765830927,0.0,0.0,0.0,nan,0
441,0.4040000000000003,0.45,,scientific,0,1,0.17806451612903226,1.0,0.0,0.002241477998289609,-0.0018341764258136552,nan,0.002241477998289609,-0.0018341764258136552,nan,1.0453287388968728,1.0453287388968728,0.0,0.0,0.0,nan,0,1,1.0,0.0,0.002621977112960481,-0.0009995932782828724,nan,0.002621977112960481,-0.0009995932782828724,nan,0.58994271620938,0.58994271620938,0.0,0.0,0.0,nan,0,1,1.0,0.0,0.002241477998289609,-0.0018341764258136552,nan,0.002241477998289609,-0.0018341764258136552,nan,1.0453287388968728,1.0453287388968728,0.0,0.0,0.0,nan,0
442,0.4050000000000003,0.45,,scientific,0,1,0.17870967741935484,1.0,0.0,0.002240443880616049,-0.0018358948168794127,nan,0.002240443880616049,-0.0018358948168794127,nan,1.0465189306865637,1.0465189306865637,0.0,0.0,0.0,nan,0,1,1.0,0.0,0.002621977112960481,-0.0009995932782828724,nan,0.002621977112960481,-0.0009995932782828724,nan,0.58994271620938,0.58994271620938,0.0,0.0,0.0,nan,0,1,1.0,0.0,0.002240443880616049,-0.0018358948168794127,nan,0.002240443880616049,-0.0018358948168794127,nan,1.0465189306865637,1.0465189306865637,0.0,0.0,0.0,nan,0
443,0.4060000000000003,0.45,,scientific,0,1,0.17870967741935484,1.0,0.0,0.0022394110965917795,-0.001837612377075503,nan,0.0022394110965917795,-0.001837612377075503,nan,1.0477089898945176,1.0477089898945176,0.0,0.0,0.0,nan,0,1,1.0,0.0,0.002621977112960481,-0.0009995932782828724,nan,0.002621977112960481,-0.0009995932782828724,nan,0.58994271620938,0.58994271620938,0.0,0.0,0.0,nan,0,1,1.0,0.0,0.0022394110965917795,-0.001837612377075503,nan,0.0022394110965917795,-0.001837612377075503,nan,1.0477089898945176,1.0477089898945176,0.0,0.0,0.0,nan,0
444,0.4070000000000003,0.45,,scientific,0,1,0.17870967741935484,1.0,0.0,0.002238379658743417,-0.001839329102685131,nan,0.002238379658743417,-0.001839329102685131,nan,1.0488989163794387,1.0488989163794387,0.0,0.0,0.0,nan,0,1,1.0,0.0,0.002621977112960481,-0.0009995932782828724,nan,0.002621977112960481,-0.0009995932782828724,nan,0.58994271620938,0.58994271620938,0.0,0.0,0.0,nan,0,1,1.0,0.0,0.002238379658743417,-0.001839329102685131,nan,0.002238379658743417,-0.001839329102685131,nan,1.0488989163794387,1.0488989163794387,0.0,0.0,0.0,nan,0
445,0.4080000000000003,0.45,,scientific,0,1,0.17870967741935484,1.0,0.0,0.0016784338173291367,-0.002582027194473025,nan,0.0016784338173291367,-0.002582027194473025,nan,1.0517718470920108,1.0517718470920108,0.0,0.0,0.0,nan,0,1,1.0,0.0,0.0021446783580337456,-0.0016315454379853217,nan,0.0021446783580337456,-0.0016315454379853217,nan,0.5910192540126986,0.5910192540126986,0.0,0.0,0.0,nan,0,1,1.0,0.0,0.0016784338173291367,-0.002582027194473025,nan,0.0016784338173291367,-0.002582027194473025,nan,1.0517718470920108,1.0517718470920108,0.0,0.0,0.0,nan,0
446,0.4090000000000003,0.45,,scientific,0,1,0.17870967741935484,1.0,0.0,0.0016772615420719938,-0.0025839349480807506,nan,0.0016772615420719938,-0.0025839349480807506,nan,1.0529628976445908,1.0529628976445908,0.0,0.0,0.0,nan,0,1,1.0,0.0,0.0021446783580337456,-0.0016315454379853217,nan,0.0021446783580337456,-0.0016315454379853217,nan,0.5910192540126986,0.5910192540126986,0.0,0.0,0.0,nan,0,1,1.0,0.0,0.0016772615420719938,-0.0025839349480807506,nan,0.0016772615420719938,-0.0025839349480807506,nan,1.0529628976445908,1.0529628976445908,0.0,0.0,0.0,nan,0
447,0.4100000000000003,0.45,,scientific,0,1,0.17870967741935484,1.0,0.0,0.0016760906619033334,-0.0025858418452947155,nan,0.0016760906619033334,-0.0025858418452947155,nan,1.0541538148065688,1.0541538148065688,0.0,0.0,0.0,nan,0,1,1.0,0.0,0.0021446783580337456,-0.0016315454379853217,nan,0.0021446783580337456,-0.0016315454379853217,nan,0.5910192540126986,0.5910192540126986,0.0,0.0,0.0,nan,0,1,1.0,0.0,0.0016760906619033334,-0.0025858418452947155,nan,0.0016760906619033334,-0.0025858418452947155,nan,1.0541538148065688,1.0541538148065688,0.0,0.0,0.0,nan,0
448,0.4110000000000003,0.45,,scientific,0,1,0.17870967741935484,1.0,0.0,0.0016749211843328303,-0.002587747888486973,nan,0.0016749211843328303,-0.002587747888486973,nan,1.0553445984378476,1.0553445984378476,0.0,0.0,0.0,nan,0,1,1.0,0.0,0.0021446783580337456,-0.0016315454379853217,nan,0.0021446783580337456,-0.0016315454379853217,nan,0.5910192540126986,0.5910192540126986,0.0,0.0,0.0,nan,0,1,1.0,0.0,0.0016749211843328303,-0.002587747888486973,nan,0.0016749211843328303,-0.002587747888486973,nan,1.0553445984378476,1.0553445984378476,0.0,0.0,0.0,nan,0
449,0.4120000000000003,0.45,,scientific,0,1,0.17870967741935484,1.0,0.0,0.0016737531158153504,-0.0025896530828397003,nan,0.0016737531158153504,-0.0025896530828397003,nan,1.0565352484024244,1.0565352484024244,0.0,0.0,0.0,nan,0,1,1.0,0.0,0.0021446783580337456,-0.0016315454379853217,nan,0.0021446783580337456,-0.0016315454379853217,nan,0.5910192540126986,0.5910192540126986,0.0,0.0,0.0,nan,0,1,1.0,0.0,0.0016737531158153504,-0.0025896530828397003,nan,0.0016737531158153504,-0.0025896530828397003,nan,1.0565352484024244,1.0565352484024244,0.0,0.0,0.0,nan,0
450,0.4130000000000003,0.45,,scientific,0,1,0.17935483870967742,1.0,0.0,0.0026015620269676824,-0.0025507622964997447,nan,0.0026015620269676824,-0.0025507622964997447,nan,1.0594289929091938,1.0594289929091938,0.0,0.0,0.0,nan,0,1,1.0,0.0,0.0029294840519269957,-0.0015967524449189373,nan,0.0029294840519269957,-0.0015967524449189373,nan,0.5920957918160172,0.5920957918160172,0.0,0.0,0.0,nan,0,1,1.0,0.0,0.0026015620269676824,-0.0025507622964997447,nan,0.0026015620269676824,-0.0025507622964997447,nan,1.0594289929091938,1.0594289929091938,0.0,0.0,0.0,nan,0
451,0.4140000000000003,0.45,,scientific,0,1,0.17935483870967742,1.0,0.0,0.0026006467067634614,-0.002552655790786714,nan,0.0026006467067634614,-0.002552655790786714,nan,1.0606207892967043,1.0606207892967043,0.0,0.0,0.0,nan,0,1,1.0,0.0,0.0029294840519269957,-0.0015967524449189373,nan,0.0029294840519269957,-0.0015967524449189373,nan,0.5920957918160172,0.5920957918160172,0.0,0.0,0.0,nan,0,1,1.0,0.0,0.0026006467067634614,-0.002552655790786714,nan,0.0026006467067634614,-0.002552655790786714,nan,1.0606207892967043,1.0606207892967043,0.0,0.0,0.0,nan,0
452,0.4150000000000003,0.45,,scientific,0,1,0.17935483870967742,1.0,0.0,0.0025997327069106745,-0.0025545484578442614,nan,0.0025997327069106745,-0.0025545484578442614,nan,1.0618124512963285,1.0618124512963285,0.0,0.0,0.0,nan,0,1,1.0,0.0,0.0029294840519269957,-0.0015967524449189373,nan,0.0029294840519269957,-0.0015967524449189373,nan,0.5920957918160172,0.5920957918160172,0.0,0.0,0.0,nan,0,1,1.0,0.0,0.0025997327069106745,-0.0025545484578442614,nan,0.0025997327069106745,-0.0025545484578442614,nan,1.0618124512963285,1.0618124512963285,0.0,0.0,0.0,nan,0
453,0.4160000000000003,0.45,,scientific,0,1,0.17935483870967742,1.0,0.0,0.002598820034398541,-0.002556440296702912,nan,0.002598820034398541,-0.002556440296702912,nan,1.0630039787702796,1.0630039787702796,0.0,0.0,0.0,nan,0,1,1.0,0.0,0.0029294840519269957,-0.0015967524449189373,nan,0.0029294840519269957,-0.0015967524449189373,nan,0.5920957918160172,0.5920957918160172,0.0,0.0,0.0,nan,0,1,1.0,0.0,0.002598820034398541,-0.002556440296702912,nan,0.002598820034398541,-0.002556440296702912,nan,1.0630039787702796,1.0630039787702796,0.0,0.0,0.0,nan,0
454,0.4170000000000003,0.45,,scientific,0,1,0.17935483870967742,1.0,0.0,0.002597908695337917,-0.0025583313027330535,nan,0.002597908695337917,-0.0025583313027330535,nan,1.064195371587879,1.064195371587879,0.0,0.0,0.0,nan,0,1,1.0,0.0,0.0029294840519269957,-0.0015967524449189373,nan,0.0029294840519269957,-0.0015967524449189373,nan,0.5920957918160172,0.5920957918160172,0.0,0.0,0.0,nan,0,1,1.0,0.0,0.002597908695337917,-0.0025583313027330535,nan,0.002597908695337917,-0.0025583313027330535,nan,1.064195371587879,1.064195371587879,0.0,0.0,0.0,nan,0
455,0.4180000000000003,0.45,,scientific,0,1,0.18,1.0,0.0,0.0025969986969192923,-0.0025602214950521235,nan,0.0025969986969192923,-0.0025602214950521235,nan,1.065386629627206,1.065386629627206,0.0,0.0,0.0,nan,0,1,1.0,0.0,0.0029294840519269957,-0.0015967524449189373,nan,0.0029294840519269957,-0.0015967524449189373,nan,0.5920957918160172,0.5920957918160172,0.0,0.0,0.0,nan,0,1,1.0,0.0,0.0025969986969192923,-0.0025602214950521235,nan,0.0025969986969192923,-0.0025602214950521235,nan,1.065386629627206,1.065386629627206,0.0,0.0,0.0,nan,0
456,0.4190000000000003,0.45,,scientific,0,1,0.18,1.0,0.0,0.002596090045615838,-0.0025621108843216444,nan,0.002596090045615838,-0.0025621108843216444,nan,1.0665777527538376,1.0665777527538376,0.0,0.0,0.0,nan,0,1,1.0,0.0,0.0029294840519269957,-0.0015967524449189373,nan,0.0029294840519269957,-0.0015967524449189373,nan,0.5920957918160172,0.5920957918160172,0.0,0.0,0.0,nan,0,1,1.0,0.0,0.002596090045615838,-0.0025621108843216444,nan,0.002596090045615838,-0.0025621108843216444,nan,1.0665777527538376,1.0665777527538376,0.0,0.0,0.0,nan,0
457,0.4200000000000003,0.45,,scientific,0,1,0.18,1.0,0.0,0.00259518274778212,-0.002563999477735595,nan,0.00259518274778212,-0.002563999477735595,nan,1.067768740836467,1.067768740836467,0.0,0.0,0.0,nan,0,1,1.0,0.0,0.0029294840519269957,-0.0015967524449189373,nan,0.0029294840519269957,-0.0015967524449189373,nan,0.5920957918160172,0.5920957918160172,0.0,0.0,0.0,nan,0,1,1.0,0.0,0.00259518274778212,-0.002563999477735595,nan,0.00259518274778212,-0.002563999477735595,nan,1.067768740836467,1.067768740836467,0.0,0.0,0.0,nan,0
458,0.4210000000000003,0.45,,scientific,0,1,0.18,1.0,0.0,0.0025942768097070926,-0.0025658872814230058,nan,0.0025942768097070926,-0.0025658872814230058,nan,1.0689595937450127,1.0689595937450127,0.0,0.0,0.0,nan,0,1,1.0,0.0,0.0029294840519269957,-0.0015967524449189373,nan,0.0029294840519269957,-0.0015967524449189373,nan,0.5920957918160172,0.5920957918160172,0.0,0.0,0.0,nan,0,1,1.0,0.0,0.0025942768097070926,-0.0025658872814230058,nan,0.0025942768097070926,-0.0025658872814230058,nan,1.0689595937450127,1.0689595937450127,0.0,0.0,0.0,nan,0
459,0.4220000000000003,0.45,,scientific,0,1,0.18,1.0,0.0,0.0017463590075338683,-0.002116466308104856,nan,0.0017463590075338683,-0.002116466308104856,nan,1.071897153939849,1.071897153939849,0.0,0.0,0.0,nan,0,1,1.0,0.0,0.0022274423383578895,-0.0012226659510449094,nan,0.0022274423383578895,-0.0012226659510449094,nan,0.5931723296193359,0.5931723296193359,0.0,0.0,0.0,nan,0,1,1.0,0.0,0.0017463590075338683,-0.002116466308104856,nan,0.0017463590075338683,-0.002116466308104856,nan,1.071897153939849,1.071897153939849,0.0,0.0,0.0,nan,0
460,0.4230000000000003,0.45,,scientific,0,1,0.18,1.0,0.0,0.0022629480779029353,-0.0028931481403235704,nan,0.0022629480779029353,-0.0028931481403235704,nan,1.074809966933646,1.074809966933646,0.0,0.0,0.0,nan,0,1,1.0,0.0,0.002662437653319578,-0.00187423525799404,nan,0.002662437653319578,-0.00187423525799404,nan,0.5942488674226545,0.5942488674226545,0.0,0.0,0.0,nan,0,1,1.0,0.0,0.0022629480779029353,-0.0028931481403235704,nan,0.0022629480779029353,-0.0028931481403235704,nan,1.074809966933646,1.074809966933646,0.0,0.0,0.0,nan,0
461,0.4240000000000003,0.45,,scientific,0,1,0.18,1.0,0.0,0.0013717659528977603,-0.0025432463483980486,nan,0.0013717659528977603,-0.0025432463483980486,nan,1.077753337937495,1.077753337937495,0.0,0.0,0.0,nan,0,1,1.0,0.0,0.0019254673829448437,-0.0015827894845700783,nan,0.0019254673829448437,-0.0015827894845700783,nan,0.5953254052259731,0.5953254052259731,0.0,0.0,0.0,nan,0,1,1.0,0.0,0.0013717659528977603,-0.0025432463483980486,nan,0.0013717659528977603,-0.0025432463483980486,nan,1.077753337937495,1.077753337937495,0.0,0.0,0.0,nan,0
462,0.4250000000000003,0.45,,scientific,0,1,0.18,1.0,0.0,0.0013705030228611367,-0.0025451076756455213,nan,0.0013705030228611367,-0.0025451076756455213,nan,1.0789480235191031,1.0789480235191031,0.0,0.0,0.0,nan,0,1,1.0,0.0,0.0019254673829448437,-0.0015827894845700783,nan,0.0019254673829448437,-0.0015827894845700783,nan,0.5953254052259731,0.5953254052259731,0.0,0.0,0.0,nan,0,1,1.0,0.0,0.0013705030228611367,-0.0025451076756455213,nan,0.0013705030228611367,-0.0025451076756455213,nan,1.0789480235191031,1.0789480235191031,0.0,0.0,0.0,nan,0
463,0.4260000000000003,0.45,,scientific,0,1,0.18,1.0,0.0,0.0013692417310741769,-0.002546968294305739,nan,0.0013692417310741769,-0.002546968294305739,nan,1.0801425721639895,1.0801425721639895,0.0,0.0,0.0,nan,0,1,1.0,0.0,0.0019254673829448437,-0.0015827894845700783,nan,0.0019254673829448437,-0.0015827894845700783,nan,0.5953254052259731,0.5953254052259731,0.0,0.0,0.0,nan,0,1,1.0,0.0,0.0013692417310741769,-0.002546968294305739,nan,0.0013692417310741769,-0.002546968294305739,nan,1.0801425721639895,1.0801425721639895,0.0,0.0,0.0,nan,0
464,0.4270000000000003,0.45,,scientific,0,1,0.18,1.0,0.0,0.001367982082106682,-0.0025488282100039807,nan,0.001367982082106682,-0.0025488282100039807,nan,1.0813369837490163,1.0813369837490163,0.0,0.0,0.0,nan,0,1,1.0,0.0,0.0019254673829448437,-0.0015827894845700783,nan,0.0019254673829448437,-0.0015827894845700783,nan,0.5953254052259731,0.5953254052259731,0.0,0.0,0.0,nan,0,1,1.0,0.0,0.001367982082106682,-0.0025488282100039807,nan,0.001367982082106682,-0.0025488282100039807,nan,1.0813369837490163,1.0813369837490163,0.0,0.0,0.0,nan,0
465,0.4280000000000003,0.45,,scientific,0,1,0.18,1.0,0.0,0.0013667240804656092,-0.002550687428314674,nan,0.0013667240804656092,-0.002550687428314674,nan,1.0825312581514825,1.0825312581514825,0.0,0.0,0.0,nan,0,1,1.0,0.0,0.0019254673829448437,-0.0015827894845700783,nan,0.0019254673829448437,-0.0015827894845700783,nan,0.5953254052259731,0.5953254052259731,0.0,0.0,0.0,nan,0,1,1.0,0.0,0.0013667240804656092,-0.002550687428314674,nan,0.0013667240804656092,-0.002550687428314674,nan,1.0825312581514825,1.0825312581514825,0.0,0.0,0.0,nan,0
466,0.4290000000000003,0.45,,scientific,0,1,0.18,1.0,0.0,0.0019330801418458504,-0.0032893191143988343,nan,0.0019330801418458504,-0.0032893191143988343,nan,1.085453267857986,1.085453267857986,0.0,0.0,0.0,nan,0,1,1.0,0.0,0.0024019463878222507,-0.0022014711373508447,nan,0.0024019463878222507,-0.0022014711373508447,nan,0.5964019430292917,0.5964019430292917,0.0,0.0,0.0,nan,0,1,1.0,0.0,0.0019330801418458504,-0.0032893191143988343,nan,0.0019330801418458504,-0.0032893191143988343,nan,1.085453267857986,1.085453267857986,0.0,0.0,0.0,nan,0
467,0.4300000000000003,0.45,,scientific,0,1,0.18064516129032257,1.0,0.0,0.001931977879805974,-0.0032913742508112864,nan,0.001931977879805974,-0.0032913742508112864,nan,1.0866486791849053,1.0866486791849053,0.0,0.0,0.0,nan,0,1,1.0,0.0,0.0024019463878222507,-0.0022014711373508447,nan,0.0024019463878222507,-0.0022014711373508447,nan,0.5964019430292917,0.5964019430292917,0.0,0.0,0.0,nan,0,1,1.0,0.0,0.001931977879805974,-0.0032913742508112864,nan,0.001931977879805974,-0.0032913742508112864,nan,1.0866486791849053,1.0866486791849053,0.0,0.0,0.0,nan,0
468,0.4310000000000003,0.45,,scientific,0,1,0.18064516129032257,1.0,0.0,0.0019308772148260787,-0.003293428625409214,nan,0.0019308772148260787,-0.003293428625409214,nan,1.087843952653803,1.087843952653803,0.0,0.0,0.0,nan,0,1,1.0,0.0,0.0024019463878222507,-0.0022014711373508447,nan,0.0024019463878222507,-0.0022014711373508447,nan,0.5964019430292917,0.5964019430292917,0.0,0.0,0.0,nan,0,1,1.0,0.0,0.0019308772148260787,-0.003293428625409214,nan,0.0019308772148260787,-0.003293428625409214,nan,1.087843952653803,1.087843952653803,0.0,0.0,0.0,nan,0
469,0.43200000000000033,0.45,,scientific,0,1,0.18064516129032257,1.0,0.0,0.001929778151710316,-0.003295482244321111,nan,0.001929778151710316,-0.003295482244321111,nan,1.0890390881448186,1.0890390881448186,0.0,0.0,0.0,nan,0,1,1.0,0.0,0.0024019463878222507,-0.0022014711373508447,nan,0.0024019463878222507,-0.0022014711373508447,nan,0.5964019430292917,0.5964019430292917,0.0,0.0,0.0,nan,0,1,1.0,0.0,0.001929778151710316,-0.003295482244321111,nan,0.001929778151710316,-0.003295482244321111,nan,1.0890390881448186,1.0890390881448186,0.0,0.0,0.0,nan,0
470,0.43300000000000033,0.45,,scientific,0,1,0.18064516129032257,1.0,0.0,0.001928680695211716,-0.0032975351136194327,nan,0.001928680695211716,-0.0032975351136194327,nan,1.09023408553837,1.09023408553837,0.0,0.0,0.0,nan,0,1,1.0,0.0,0.0024019463878222507,-0.0022014711373508447,nan,0.0024019463878222507,-0.0022014711373508447,nan,0.5964019430292917,0.5964019430292917,0.0,0.0,0.0,nan,0,1,1.0,0.0,0.001928680695211716,-0.0032975351136194327,nan,0.001928680695211716,-0.0032975351136194327,nan,1.09023408553837,1.09023408553837,0.0,0.0,0.0,nan,0
471,0.43400000000000033,0.45,,scientific,0,1,0.18064516129032257,1.0,0.0,0.001927584850017827,-0.0032995872393266137,nan,0.001927584850017827,-0.0032995872393266137,nan,1.0914289447151517,1.0914289447151517,0.0,0.0,0.0,nan,0,1,1.0,0.0,0.0024019463878222507,-0.0022014711373508447,nan,0.0024019463878222507,-0.0022014711373508447,nan,0.5964019430292917,0.5964019430292917,0.0,0.0,0.0,nan,0,1,1.0,0.0,0.001927584850017827,-0.0032995872393266137,nan,0.001927584850017827,-0.0032995872393266137,nan,1.0914289447151517,1.0914289447151517,0.0,0.0,0.0,nan,0
472,0.43500000000000033,0.45,,scientific,0,1,0.18064516129032257,1.0,0.0,0.0019264906207557793,-0.0033016386274320408,nan,0.0019264906207557793,-0.0033016386274320408,nan,1.092623665556145,1.092623665556145,0.0,0.0,0.0,nan,0,1,1.0,0.0,0.0024019463878222507,-0.0022014711373508447,nan,0.0024019463878222507,-0.0022014711373508447,nan,0.5964019430292917,0.5964019430292917,0.0,0.0,0.0,nan,0,1,1.0,0.0,0.0019264906207557793,-0.0033016386274320408,nan,0.0019264906207557793,-0.0033016386274320408,nan,1.092623665556145,1.092623665556145,0.0,0.0,0.0,nan,0
473,0.43600000000000033,0.45,,scientific,0,1,0.18064516129032257,1.0,0.0,0.0019253980119892755,-0.0033036892838680994,nan,0.0019253980119892755,-0.0033036892838680994,nan,1.0938182479426146,1.0938182479426146,0.0,0.0,0.0,nan,0,1,1.0,0.0,0.0024019463878222507,-0.0022014711373508447,nan,0.0024019463878222507,-0.0022014711373508447,nan,0.5964019430292917,0.5964019430292917,0.0,0.0,0.0,nan,0,1,1.0,0.0,0.0019253980119892755,-0.0033036892838680994,nan,0.0019253980119892755,-0.0033036892838680994,nan,1.0938182479426146,1.0938182479426146,0.0,0.0,0.0,nan,0
474,0.43700000000000033,0.45,,scientific,0,1,0.18064516129032257,1.0,0.0,0.0019243070282222573,-0.0033057392145271966,nan,0.0019243070282222573,-0.0033057392145271966,nan,1.0950126917561132,1.0950126917561132,0.0,0.0,0.0,nan,0,1,1.0,0.0,0.0024019463878222507,-0.0022014711373508447,nan,0.0024019463878222507,-0.0022014711373508447,nan,0.5964019430292917,0.5964019430292917,0.0,0.0,0.0,nan,0,1,1.0,0.0,0.0019243070282222573,-0.0033057392145271966,nan,0.0019243070282222573,-0.0033057392145271966,nan,1.0950126917561132,1.0950126917561132,0.0,0.0,0.0,nan,0
475,0.43800000000000033,0.45,,scientific,0,1,0.18064516129032257,1.0,0.0,0.001923217673896943,-0.003307788425255659,nan,0.001923217673896943,-0.003307788425255659,nan,1.096206996878503,1.096206996878503,0.0,0.0,0.0,nan,0,1,1.0,0.0,0.0024019463878222507,-0.0022014711373508447,nan,0.0024019463878222507,-0.0022014711373508447,nan,0.5964019430292917,0.5964019430292917,0.0,0.0,0.0,nan,0,1,1.0,0.0,0.001923217673896943,-0.003307788425255659,nan,0.001923217673896943,-0.003307788425255659,nan,1.096206996878503,1.096206996878503,0.0,0.0,0.0,nan,0
476,0.43900000000000033,0.45,,scientific,0,1,0.18064516129032257,1.0,0.0,0.0019221299533948785,-0.003309836921852695,nan,0.0019221299533948785,-0.003309836921852695,nan,1.0974011631918776,1.0974011631918776,0.0,0.0,0.0,nan,0,1,1.0,0.0,0.0024019463878222507,-0.0022014711373508447,nan,0.0024019463878222507,-0.0022014711373508447,nan,0.5964019430292917,0.5964019430292917,0.0,0.0,0.0,nan,0,1,1.0,0.0,0.0019221299533948785,-0.003309836921852695,nan,0.0019221299533948785,-0.003309836921852695,nan,1.0974011631918776,1.0974011631918776,0.0,0.0,0.0,nan,0
477,0.44000000000000034,0.45,,scientific,0,1,0.18064516129032257,1.0,0.0,0.001921043871041205,-0.003311884710069922,nan,0.001921043871041205,-0.003311884710069922,nan,1.0985951905786693,1.0985951905786693,0.0,0.0,0.0,nan,0,1,1.0,0.0,0.0024019463878222507,-0.0022014711373508447,nan,0.0024019463878222507,-0.0022014711373508447,nan,0.5964019430292917,0.5964019430292917,0.0,0.0,0.0,nan,0,1,1.0,0.0,0.001921043871041205,-0.003311884710069922,nan,0.001921043871041205,-0.003311884710069922,nan,1.0985951905786693,1.0985951905786693,0.0,0.0,0.0,nan,0
478,0.44100000000000034,0.45,,scientific,0,1,0.18064516129032257,1.0,0.0,0.002808392497689683,-0.003551387013728207,nan,0.002808392497689683,-0.003551387013728207,nan,1.10151109353524,1.10151109353524,0.0,0.0,0.0,nan,0,1,1.0,0.0,0.0031552604712777443,-0.0024024494189102256,nan,0.0031552604712777443,-0.0024024494189102256,nan,0.5974784808326103,0.5974784808326103,0.0,0.0,0.0,nan,0,1,1.0,0.0,0.002808392497689683,-0.003551387013728207,nan,0.002808392497689683,-0.003551387013728207,nan,1.10151109353524,1.10151109353524,0.0,0.0,0.0,nan,0
479,0.44200000000000034,0.45,,scientific,0,1,0.18064516129032257,1.0,0.0,0.0028075336331899146,-0.0035534941398461,nan,0.0028075336331899146,-0.0035534941398461,nan,1.1027062082309957,1.1027062082309957,0.0,0.0,0.0,nan,0,1,1.0,0.0,0.0031552604712777443,-0.0024024494189102256,nan,0.0031552604712777443,-0.0024024494189102256,nan,0.5974784808326103,0.5974784808326103,0.0,0.0,0.0,nan,0,1,1.0,0.0,0.0028075336331899146,-0.0035534941398461,nan,0.0028075336331899146,-0.0035534941398461,nan,1.1027062082309957,1.1027062082309957,0.0,0.0,0.0,nan,0
480,0.44300000000000034,0.45,,scientific,0,1,0.18193548387096775,1.0,0.0,0.002806676389965842,-0.003555600565470758,nan,0.002806676389965842,-0.003555600565470758,nan,1.103901183452447,1.103901183452447,0.0,0.0,0.0,nan,0,1,1.0,0.0,0.0031552604712777443,-0.0024024494189102256,nan,0.0031552604712777443,-0.0024024494189102256,nan,0.5974784808326103,0.5974784808326103,0.0,0.0,0.0,nan,0,1,1.0,0.0,0.002806676389965842,-0.003555600565470758,nan,0.002806676389965842,-0.003555600565470758,nan,1.103901183452447,1.103901183452447,0.0,0.0,0.0,nan,0
481,0.44400000000000034,0.45,,scientific,0,1,0.18193548387096775,1.0,0.0,0.002805820772678125,-0.003557706296314514,nan,0.002805820772678125,-0.003557706296314514,nan,1.1050960190851256,1.1050960190851256,0.0,0.0,0.0,nan,0,1,1.0,0.0,0.0031552604712777443,-0.0024024494189102256,nan,0.0031552604712777443,-0.0024024494189102256,nan,0.5974784808326103,0.5974784808326103,0.0,0.0,0.0,nan,0,1,1.0,0.0,0.002805820772678125,-0.003557706296314514,nan,0.002805820772678125,-0.003557706296314514,nan,1.1050960190851256,1.1050960190851256,0.0,0.0,0.0,nan,0
482,0.44500000000000034,0.45,,scientific,0,1,0.18193548387096775,1.0,0.0,0.002804966786014047,-0.0035598113380825263,nan,0.002804966786014047,-0.0035598113380825263,nan,1.1062907150144574,1.1062907150144574,0.0,0.0,0.0,nan,0,1,1.0,0.0,0.0031552604712777443,-0.0024024494189102256,nan,0.0031552604712777443,-0.0024024494189102256,nan,0.5974784808326103,0.5974784808326103,0.0,0.0,0.0,nan,0,1,1.0,0.0,0.002804966786014047,-0.0035598113380825263,nan,0.002804966786014047,-0.0035598113380825263,nan,1.1062907150144574,1.1062907150144574,0.0,0.0,0.0,nan,0
483,0.44600000000000034,0.45,,scientific,0,1,0.18193548387096775,1.0,0.0,0.0028041144345872836,-0.0035619156964377713,nan,0.0028041144345872836,-0.0035619156964377713,nan,1.1074852711262446,1.1074852711262446,0.0,0.0,0.0,nan,0,1,1.0,0.0,0.0031552604712777443,-0.0024024494189102256,nan,0.0031552604712777443,-0.0024024494189102256,nan,0.5974784808326103,0.5974784808326103,0.0,0.0,0.0,nan,0,1,1.0,0.0,0.0028041144345872836,-0.0035619156964377713,nan,0.0028041144345872836,-0.0035619156964377713,nan,1.1074852711262446,1.1074852711262446,0.0,0.0,0.0,nan,0
484,0.44700000000000034,0.45,,scientific,0,1,0.18193548387096775,1.0,0.0,0.0028032637229414934,-0.0035640193770070483,nan,0.0028032637229414934,-0.0035640193770070483,nan,1.1086796873066154,1.1086796873066154,0.0,0.0,0.0,nan,0,1,1.0,0.0,0.0031552604712777443,-0.0024024494189102256,nan,0.0031552604712777443,-0.0024024494189102256,nan,0.5974784808326103,0.5974784808326103,0.0,0.0,0.0,nan,0,1,1.0,0.0,0.0028032637229414934,-0.0035640193770070483,nan,0.0028032637229414934,-0.0035640193770070483,nan,1.1086796873066154,1.1086796873066154,0.0,0.0,0.0,nan,0
485,0.44800000000000034,0.45,,scientific,0,1,0.1832258064516129,1.0,0.0,0.0035562163416208254,-0.0040915687650752205,nan,0.0035562163416208254,-0.0040915687650752205,nan,1.111606289422505,1.111606289422505,0.0,0.0,0.0,nan,0,1,1.0,0.0,0.003792627624185035,-0.0028467495136701077,nan,0.003792627624185035,-0.0028467495136701077,nan,0.598555018635929,0.598555018635929,0.0,0.0,0.0,nan,0,1,1.0,0.0,0.0035562163416208254,-0.0040915687650752205,nan,0.0035562163416208254,-0.0040915687650752205,nan,1.111606289422505,1.111606289422505,0.0,0.0,0.0,nan,0
486,0.44900000000000034,0.45,,scientific,0,1,0.1832258064516129,1.0,0.0,0.00355555921401426,-0.00409380370499653,nan,0.00355555921401426,-0.00409380370499653,nan,1.1128017899845706,1.1128017899845706,0.0,0.0,0.0,nan,0,1,1.0,0.0,0.003792627624185035,-0.0028467495136701077,nan,0.003792627624185035,-0.0028467495136701077,nan,0.598555018635929,0.598555018635929,0.0,0.0,0.0,nan,0,1,1.0,0.0,0.00355555921401426,-0.00409380370499653,nan,0.00355555921401426,-0.00409380370499653,nan,1.1128017899845706,1.1128017899845706,0.0,0.0,0.0,nan,0
487,0.45000000000000034,0.45,,scientific,0,1,0.1832258064516129,1.0,0.0,0.0035549037136581732,-0.004096037965644543,nan,0.0035549037136581732,-0.004096037965644543,nan,1.1139971500821395,1.1139971500821395,0.0,0.0,0.0,nan,0,1,1.0,0.0,0.003792627624185035,-0.0028467495136701077,nan,0.003792627624185035,-0.0028467495136701077,nan,0.598555018635929,0.598555018635929,0.0,0.0,0.0,nan,0,1,1.0,0.0,0.0035549037136581732,-0.004096037965644543,nan,0.0035549037136581732,-0.004096037965644543,nan,1.1139971500821395,1.1139971500821395,0.0,0.0,0.0,nan,0
488,0.45100000000000035,0.45,,scientific,0,1,0.1832258064516129,1.0,0.0,0.0035542498454017445,-0.004098271552845809,nan,0.0035542498454017445,-0.004098271552845809,nan,1.1151923696041015,1.1151923696041015,0.0,0.0,0.0,nan,0,1,1.0,0.0,0.003792627624185035,-0.0028467495136701077,nan,0.003792627624185035,-0.0028467495136701077,nan,0.598555018635929,0.598555018635929,0.0,0.0,0.0,nan,0,1,1.0,0.0,0.0035542498454017445,-0.004098271552845809,nan,0.0035542498454017445,-0.004098271552845809,nan,1.1151923696041015,1.1151923696041015,0.0,0.0,0.0,nan,0
489,0.45200000000000035,0.45,,scientific,0,1,0.1832258064516129,1.0,0.0,0.0035535976140332916,-0.004100504472378189,nan,0.0035535976140332916,-0.004100504472378189,nan,1.1163874484396419,1.1163874484396419,0.0,0.0,0.0,nan,0,1,1.0,0.0,0.003792627624185035,-0.0028467495136701077,nan,0.003792627624185035,-0.0028467495136701077,nan,0.598555018635929,0.598555018635929,0.0,0.0,0.0,nan,0,1,1.0,0.0,0.0035535976140332916,-0.004100504472378189,nan,0.0035535976140332916,-0.004100504472378189,nan,1.1163874484396419,1.1163874484396419,0.0,0.0,0.0,nan,0
490,0.45300000000000035,0.45,,scientific,0,1,0.1832258064516129,1.0,0.0,0.003552947024275794,-0.0041027367299726735,nan,0.003552947024275794,-0.0041027367299726735,nan,1.1175823864782208,1.1175823864782208,0.0,0.0,0.0,nan,0,1,1.0,0.0,0.003792627624185035,-0.0028467495136701077,nan,0.003792627624185035,-0.0028467495136701077,nan,0.598555018635929,0.598555018635929,0.0,0.0,0.0,nan,0,1,1.0,0.0,0.003552947024275794,-0.0041027367299726735,nan,0.003552947024275794,-0.0041027367299726735,nan,1.1175823864782208,1.1175823864782208,0.0,0.0,0.0,nan,0
491,0.45400000000000035,0.45,,scientific,0,1,0.1832258064516129,1.0,0.0,0.0035522980807921184,-0.004104968331322088,nan,0.0035522980807921184,-0.004104968331322088,nan,1.1187771836096259,1.1187771836096259,0.0,0.0,0.0,nan,0,1,1.0,0.0,0.003792627624185035,-0.0028467495136701077,nan,0.003792627624185035,-0.0028467495136701077,nan,0.598555018635929,0.598555018635929,0.0,0.0,0.0,nan,0,1,1.0,0.0,0.0035522980807921184,-0.004104968331322088,nan,0.0035522980807921184,-0.004104968331322088,nan,1.1187771836096259,1.1187771836096259,0.0,0.0,0.0,nan,0
492,0.45500000000000035,0.45,,scientific,0,1,0.1832258064516129,1.0,0.0,0.0035516507881861222,-0.004107199282070067,nan,0.0035516507881861222,-0.004107199282070067,nan,1.1199718397239353,1.1199718397239353,0.0,0.0,0.0,nan,0,1,1.0,0.0,0.003792627624185035,-0.0028467495136701077,nan,0.003792627624185035,-0.0028467495136701077,nan,0.598555018635929,0.598555018635929,0.0,0.0,0.0,nan,0,1,1.0,0.0,0.0035516507881861222,-0.004107199282070067,nan,0.0035516507881861222,-0.004107199282070067,nan,1.1199718397239353,1.1199718397239353,0.0,0.0,0.0,nan,0
493,0.45600000000000035,0.45,,scientific,0,1,0.1832258064516129,1.0,0.0,0.003551005151003356,-0.004109429587824422,nan,0.003551005151003356,-0.004109429587824422,nan,1.121166354711535,1.121166354711535,0.0,0.0,0.0,nan,0,1,1.0,0.0,0.003792627624185035,-0.0028467495136701077,nan,0.003792627624185035,-0.0028467495136701077,nan,0.598555018635929,0.598555018635929,0.0,0.0,0.0,nan,0,1,1.0,0.0,0.003551005151003356,-0.004109429587824422,nan,0.003551005151003356,-0.004109429587824422,nan,1.121166354711535,1.121166354711535,0.0,0.0,0.0,nan,0
494,0.45700000000000035,0.45,,scientific,0,1,0.1832258064516129,1.0,0.0,0.0035503611737254487,-0.004111659254144643,nan,0.0035503611737254487,-0.004111659254144643,nan,1.122360728463106,1.122360728463106,0.0,0.0,0.0,nan,0,1,1.0,0.0,0.003792627624185035,-0.0028467495136701077,nan,0.003792627624185035,-0.0028467495136701077,nan,0.598555018635929,0.598555018635929,0.0,0.0,0.0,nan,0,1,1.0,0.0,0.0035503611737254487,-0.004111659254144643,nan,0.0035503611737254487,-0.004111659254144643,nan,1.122360728463106,1.122360728463106,0.0,0.0,0.0,nan,0
495,0.45800000000000035,0.45,,scientific,0,1,0.1832258064516129,1.0,0.0,0.0035497188607808566,-0.004113888286551869,nan,0.0035497188607808566,-0.004113888286551869,nan,1.1235549608696425,1.1235549608696425,0.0,0.0,0.0,nan,0,1,1.0,0.0,0.003792627624185035,-0.0028467495136701077,nan,0.003792627624185035,-0.0028467495136701077,nan,0.598555018635929,0.598555018635929,0.0,0.0,0.0,nan,0,1,1.0,0.0,0.0035497188607808566,-0.004113888286551869,nan,0.0035497188607808566,-0.004113888286551869,nan,1.1235549608696425,1.1235549608696425,0.0,0.0,0.0,nan,0
496,0.45900000000000035,0.45,,scientific,0,1,0.1832258064516129,1.0,0.0,0.0035490782165364058,-0.004116116690514211,nan,0.0035490782165364058,-0.004116116690514211,nan,1.1247490518224437,1.1247490518224437,0.0,0.0,0.0,nan,0,1,1.0,0.0,0.003792627624185035,-0.0028467495136701077,nan,0.003792627624185035,-0.0028467495136701077,nan,0.598555018635929,0.598555018635929,0.0,0.0,0.0,nan,0,1,1.0,0.0,0.0035490782165364058,-0.004116116690514211,nan,0.0035490782165364058,-0.004116116690514211,nan,1.1247490518224437,1.1247490518224437,0.0,0.0,0.0,nan,0
497,0.46000000000000035,0.45,,scientific,0,1,0.1832258064516129,1.0,0.0,0.0035484392453070915,-0.004118344471477352,nan,0.0035484392453070915,-0.004118344471477352,nan,1.1259430012131189,1.1259430012131189,0.0,0.0,0.0,nan,0,1,1.0,0.0,0.003792627624185035,-0.0028467495136701077,nan,0.003792627624185035,-0.0028467495136701077,nan,0.598555018635929,0.598555018635929,0.0,0.0,0.0,nan,0,1,1.0,0.0,0.0035484392453070915,-0.004118344471477352,nan,0.0035484392453070915,-0.004118344471477352,nan,1.1259430012131189,1.1259430012131189,0.0,0.0,0.0,nan,0
498,0.46100000000000035,0.45,,scientific,0,1,0.1832258064516129,1.0,0.0,0.0035478019513436824,-0.004120571634824555,nan,0.0035478019513436824,-0.004120571634824555,nan,1.1271368089335716,1.1271368089335716,0.0,0.0,0.0,nan,0,1,1.0,0.0,0.003792627624185035,-0.0028467495136701077,nan,0.003792627624185035,-0.0028467495136701077,nan,0.598555018635929,0.598555018635929,0.0,0.0,0.0,nan,0,1,1.0,0.0,0.0035478019513436824,-0.004120571634824555,nan,0.0035478019513436824,-0.004120571634824555,nan,1.1271368089335716,1.1271368089335716,0.0,0.0,0.0,nan,0
499,0.46200000000000035,0.45,,scientific,0,1,0.1832258064516129,1.0,0.0,0.003547166338848646,-0.004122798185919075,nan,0.003547166338848646,-0.004122798185919075,nan,1.1283304748760306,1.1283304748760306,0.0,0.0,0.0,nan,0,1,1.0,0.0,0.003792627624185035,-0.0028467495136701077,nan,0.003792627624185035,-0.0028467495136701077,nan,0.598555018635929,0.598555018635929,0.0,0.0,0.0,nan,0,1,1.0,0.0,0.003547166338848646,-0.004122798185919075,nan,0.003547166338848646,-0.004122798185919075,nan,1.1283304748760306,1.1283304748760306,0.0,0.0,0.0,nan,0
500,0.46300000000000036,0.45,,scientific,0,1,0.1832258064516129,1.0,0.0,0.0035465324119651784,-0.0041250241300694775,nan,0.0035465324119651784,-0.0041250241300694775,nan,1.1295239989330268,1.1295239989330268,0.0,0.0,0.0,nan,0,1,1.0,0.0,0.003792627624185035,-0.0028467495136701077,nan,0.003792627624185035,-0.0028467495136701077,nan,0.598555018635929,0.598555018635929,0.0,0.0,0.0,nan,0,1,1.0,0.0,0.0035465324119651784,-0.0041250241300694775,nan,0.0035465324119651784,-0.0041250241300694775,nan,1.1295239989330268,1.1295239989330268,0.0,0.0,0.0,nan,0
501,0.46400000000000036,0.45,,scientific,0,1,0.1832258064516129,1.0,0.0,0.0035459001747854056,-0.004127249472553814,nan,0.0035459001747854056,-0.004127249472553814,nan,1.1307173809974098,1.1307173809974098,0.0,0.0,0.0,nan,0,1,1.0,0.0,0.003792627624185035,-0.0028467495136701077,nan,0.003792627624185035,-0.0028467495136701077,nan,0.598555018635929,0.598555018635929,0.0,0.0,0.0,nan,0,1,1.0,0.0,0.0035459001747854056,-0.004127249472553814,nan,0.0035459001747854056,-0.004127249472553814,nan,1.1307173809974098,1.1307173809974098,0.0,0.0,0.0,nan,0
502,0.46500000000000036,0.45,,scientific,0,1,0.1832258064516129,1.0,0.0,0.0035452696313424356,-0.004129474218597827,nan,0.0035452696313424356,-0.004129474218597827,nan,1.1319106209623289,1.1319106209623289,0.0,0.0,0.0,nan,0,1,1.0,0.0,0.003792627624185035,-0.0028467495136701077,nan,0.003792627624185035,-0.0028467495136701077,nan,0.598555018635929,0.598555018635929,0.0,0.0,0.0,nan,0,1,1.0,0.0,0.0035452696313424356,-0.004129474218597827,nan,0.0035452696313424356,-0.004129474218597827,nan,1.1319106209623289,1.1319106209623289,0.0,0.0,0.0,nan,0
503,0.46600000000000036,0.45,,scientific,0,1,0.1832258064516129,1.0,0.0,0.0035446407856235245,-0.004131698373407779,nan,0.0035446407856235245,-0.004131698373407779,nan,1.1331037187212538,1.1331037187212538,0.0,0.0,0.0,nan,0,1,1.0,0.0,0.003792627624185035,-0.0028467495136701077,nan,0.003792627624185035,-0.0028467495136701077,nan,0.598555018635929,0.598555018635929,0.0,0.0,0.0,nan,0,1,1.0,0.0,0.0035446407856235245,-0.004131698373407779,nan,0.0035446407856235245,-0.004131698373407779,nan,1.1331037187212538,1.1331037187212538,0.0,0.0,0.0,nan,0
504,0.46700000000000036,0.45,,scientific,0,1,0.1832258064516129,1.0,0.0,0.0035440136415589196,-0.0041339219421352245,nan,0.0035440136415589196,-0.0041339219421352245,nan,1.134296674167973,1.134296674167973,0.0,0.0,0.0,nan,0,1,1.0,0.0,0.003792627624185035,-0.0028467495136701077,nan,0.003792627624185035,-0.0028467495136701077,nan,0.598555018635929,0.598555018635929,0.0,0.0,0.0,nan,0,1,1.0,0.0,0.0035440136415589196,-0.0041339219421352245,nan,0.0035440136415589196,-0.0041339219421352245,nan,1.134296674167973,1.134296674167973,0.0,0.0,0.0,nan,0
505,0.46800000000000036,0.45,,scientific,0,1,0.1832258064516129,1.0,0.0,0.003543388203026079,-0.004136144929897611,nan,0.003543388203026079,-0.004136144929897611,nan,1.1354894871966008,1.1354894871966008,0.0,0.0,0.0,nan,0,1,1.0,0.0,0.003792627624185035,-0.0028467495136701077,nan,0.003792627624185035,-0.0028467495136701077,nan,0.598555018635929,0.598555018635929,0.0,0.0,0.0,nan,0,1,1.0,0.0,0.003543388203026079,-0.004136144929897611,nan,0.003543388203026079,-0.004136144929897611,nan,1.1354894871966008,1.1354894871966008,0.0,0.0,0.0,nan,0
506,0.46900000000000036,0.45,,scientific,0,1,0.1832258064516129,1.0,0.0,0.0035427644738328574,-0.004138367341782327,nan,0.0035427644738328574,-0.004138367341782327,nan,1.1366821577016861,1.1366821577016861,0.0,0.0,0.0,nan,0,1,1.0,0.0,0.003792627624185035,-0.0028467495136701077,nan,0.003792627624185035,-0.0028467495136701077,nan,0.598555018635929,0.598555018635929,0.0,0.0,0.0,nan,0,1,1.0,0.0,0.0035427644738328574,-0.004138367341782327,nan,0.0035427644738328574,-0.004138367341782327,nan,1.1366821577016861,1.1366821577016861,0.0,0.0,0.0,nan,0
507,0.47000000000000036,0.45,,scientific,0,1,0.1832258064516129,1.0,0.0,0.003542142457864854,-0.004140589182887242,nan,0.003542142457864854,-0.004140589182887242,nan,1.137874685577473,1.137874685577473,0.0,0.0,0.0,nan,0,1,1.0,0.0,0.003792627624185035,-0.0028467495136701077,nan,0.003792627624185035,-0.0028467495136701077,nan,0.598555018635929,0.598555018635929,0.0,0.0,0.0,nan,0,1,1.0,0.0,0.003542142457864854,-0.004140589182887242,nan,0.003542142457864854,-0.004140589182887242,nan,1.137874685577473,1.137874685577473,0.0,0.0,0.0,nan,0
508,0.47100000000000036,0.45,,scientific,0,1,0.1832258064516129,1.0,0.0,0.0035415221587420938,-0.004142810458148477,nan,0.0035415221587420938,-0.004142810458148477,nan,1.1390670707194726,1.1390670707194726,0.0,0.0,0.0,nan,0,1,1.0,0.0,0.003792627624185035,-0.0028467495136701077,nan,0.003792627624185035,-0.0028467495136701077,nan,0.598555018635929,0.598555018635929,0.0,0.0,0.0,nan,0,1,1.0,0.0,0.0035415221587420938,-0.004142810458148477,nan,0.0035415221587420938,-0.004142810458148477,nan,1.1390670707194726,1.1390670707194726,0.0,0.0,0.0,nan,0
509,0.47200000000000036,0.45,,scientific,0,1,0.1832258064516129,1.0,0.0,0.003540903580177584,-0.004145031172554022,nan,0.003540903580177584,-0.004145031172554022,nan,1.1402593130229366,1.1402593130229366,0.0,0.0,0.0,nan,0,1,1.0,0.0,0.003792627624185035,-0.0028467495136701077,nan,0.003792627624185035,-0.0028467495136701077,nan,0.598555018635929,0.598555018635929,0.0,0.0,0.0,nan,0,1,1.0,0.0,0.003540903580177584,-0.004145031172554022,nan,0.003540903580177584,-0.004145031172554022,nan,1.1402593130229366,1.1402593130229366,0.0,0.0,0.0,nan,0
510,0.47300000000000036,0.45,,scientific,0,1,0.1832258064516129,1.0,0.0,0.003540286725811098,-0.004147251331045888,nan,0.003540286725811098,-0.004147251331045888,nan,1.1414514123835753,1.1414514123835753,0.0,0.0,0.0,nan,0,1,1.0,0.0,0.003792627624185035,-0.0028467495136701077,nan,0.003792627624185035,-0.0028467495136701077,nan,0.598555018635929,0.598555018635929,0.0,0.0,0.0,nan,0,1,1.0,0.0,0.003540286725811098,-0.004147251331045888,nan,0.003540286725811098,-0.004147251331045888,nan,1.1414514123835753,1.1414514123835753,0.0,0.0,0.0,nan,0
511,0.47400000000000037,0.45,,scientific,0,1,0.1832258064516129,1.0,0.0,0.003539671599232622,-0.004149470938530682,nan,0.003539671599232622,-0.004149470938530682,nan,1.142643368697329,1.142643368697329,0.0,0.0,0.0,nan,0,1,1.0,0.0,0.003792627624185035,-0.0028467495136701077,nan,0.003792627624185035,-0.0028467495136701077,nan,0.598555018635929,0.598555018635929,0.0,0.0,0.0,nan,0,1,1.0,0.0,0.003539671599232622,-0.004149470938530682,nan,0.003539671599232622,-0.004149470938530682,nan,1.142643368697329,1.142643368697329,0.0,0.0,0.0,nan,0
512,0.47500000000000037,0.45,,scientific,0,1,0.1832258064516129,1.0,0.0,0.003539058203986409,-0.004151689999873323,nan,0.003539058203986409,-0.004151689999873323,nan,1.1438351818605121,1.1438351818605121,0.0,0.0,0.0,nan,0,1,1.0,0.0,0.003792627624185035,-0.0028467495136701077,nan,0.003792627624185035,-0.0028467495136701077,nan,0.598555018635929,0.598555018635929,0.0,0.0,0.0,nan,0,1,1.0,0.0,0.003539058203986409,-0.004151689999873323,nan,0.003539058203986409,-0.004151689999873323,nan,1.1438351818605121,1.1438351818605121,0.0,0.0,0.0,nan,0
513,0.47600000000000037,0.45,,scientific,0,1,0.18387096774193548,1.0,0.0,0.0035384465435733927,-0.004153908519910025,nan,0.0035384465435733927,-0.004153908519910025,nan,1.1450268517698503,1.1450268517698503,0.0,0.0,0.0,nan,0,1,1.0,0.0,0.003792627624185035,-0.0028467495136701077,nan,0.003792627624185035,-0.0028467495136701077,nan,0.598555018635929,0.598555018635929,0.0,0.0,0.0,nan,0,1,1.0,0.0,0.0035384465435733927,-0.004153908519910025,nan,0.0035384465435733927,-0.004153908519910025,nan,1.1450268517698503,1.1450268517698503,0.0,0.0,0.0,nan,0
514,0.47700000000000037,0.45,,scientific,0,1,0.18387096774193548,1.0,0.0,0.0035378366214494487,-0.004156126503442,nan,0.0035378366214494487,-0.004156126503442,nan,1.146218378322276,1.146218378322276,0.0,0.0,0.0,nan,0,1,1.0,0.0,0.003792627624185035,-0.0028467495136701077,nan,0.003792627624185035,-0.0028467495136701077,nan,0.598555018635929,0.598555018635929,0.0,0.0,0.0,nan,0,1,1.0,0.0,0.0035378366214494487,-0.004156126503442,nan,0.0035378366214494487,-0.004156126503442,nan,1.146218378322276,1.146218378322276,0.0,0.0,0.0,nan,0
515,0.47800000000000037,0.45,,scientific,0,1,0.18387096774193548,1.0,0.0,0.003537228440970327,-0.004158343952930479,nan,0.003537228440970327,-0.004158343952930479,nan,1.1474097614131429,1.1474097614131429,0.0,0.0,0.0,nan,0,1,1.0,0.0,0.003792627624185035,-0.0028467495136701077,nan,0.003792627624185035,-0.0028467495136701077,nan,0.598555018635929,0.598555018635929,0.0,0.0,0.0,nan,0,1,1.0,0.0,0.003537228440970327,-0.004158343952930479,nan,0.003537228440970327,-0.004158343952930479,nan,1.1474097614131429,1.1474097614131429,0.0,0.0,0.0,nan,0
516,0.47900000000000037,0.45,,scientific,0,1,0.18387096774193548,1.0,0.0,0.0035366220050723936,-0.004160560855419312,nan,0.0035366220050723936,-0.004160560855419312,nan,1.14860100092839,1.14860100092839,0.0,0.0,0.0,nan,0,1,1.0,0.0,0.003792627624185035,-0.0028467495136701077,nan,0.003792627624185035,-0.0028467495136701077,nan,0.598555018635929,0.598555018635929,0.0,0.0,0.0,nan,0,1,1.0,0.0,0.0035366220050723936,-0.004160560855419312,nan,0.0035366220050723936,-0.004160560855419312,nan,1.14860100092839,1.14860100092839,0.0,0.0,0.0,nan,0
517,0.48000000000000037,0.45,,scientific,0,1,0.18387096774193548,1.0,0.0,0.0035360173178069303,-0.004162777228420305,nan,0.0035360173178069303,-0.004162777228420305,nan,1.1497920967834465,1.1497920967834465,0.0,0.0,0.0,nan,0,1,1.0,0.0,0.003792627624185035,-0.0028467495136701077,nan,0.003792627624185035,-0.0028467495136701077,nan,0.598555018635929,0.598555018635929,0.0,0.0,0.0,nan,0,1,1.0,0.0,0.0035360173178069303,-0.004162777228420305,nan,0.0035360173178069303,-0.004162777228420305,nan,1.1497920967834465,1.1497920967834465,0.0,0.0,0.0,nan,0
518,0.48100000000000037,0.45,,scientific,0,1,0.18387096774193548,1.0,0.0,0.00413040960727122,-0.003437374160346925,nan,0.00413040960727122,-0.003437374160346925,nan,1.1527694556469235,1.1527694556469235,0.0,0.0,0.0,nan,0,1,1.0,0.0,0.00428878250543522,-0.002238145063820216,nan,0.00428878250543522,-0.002238145063820216,nan,0.5996315564392477,0.5996315564392477,0.0,0.0,0.0,nan,0,1,1.0,0.0,0.00413040960727122,-0.003437374160346925,nan,0.00413040960727122,-0.003437374160346925,nan,1.1527694556469235,1.1527694556469235,0.0,0.0,0.0,nan,0
519,0.4820000000000004,0.45,,scientific,0,1,0.18387096774193548,1.0,0.0,0.004129958388081372,-0.003439409912333856,nan,0.004129958388081372,-0.003439409912333856,nan,1.1539616328922846,1.1539616328922846,0.0,0.0,0.0,nan,0,1,1.0,0.0,0.00428878250543522,-0.002238145063820216,nan,0.00428878250543522,-0.002238145063820216,nan,0.5996315564392477,0.5996315564392477,0.0,0.0,0.0,nan,0,1,1.0,0.0,0.004129958388081372,-0.003439409912333856,nan,0.004129958388081372,-0.003439409912333856,nan,1.1539616328922846,1.1539616328922846,0.0,0.0,0.0,nan,0
520,0.4830000000000004,0.45,,scientific,0,1,0.18387096774193548,1.0,0.0,0.004129508890991541,-0.0034414452014439947,nan,0.004129508890991541,-0.0034414452014439947,nan,1.15515366595083,1.15515366595083,0.0,0.0,0.0,nan,0,1,1.0,0.0,0.00428878250543522,-0.002238145063820216,nan,0.00428878250543522,-0.002238145063820216,nan,0.5996315564392477,0.5996315564392477,0.0,0.0,0.0,nan,0,1,1.0,0.0,0.004129508890991541,-0.0034414452014439947,nan,0.004129508890991541,-0.0034414452014439947,nan,1.15515366595083,1.15515366595083,0.0,0.0,0.0,nan,0
521,0.4840000000000004,0.45,,scientific,0,1,0.18451612903225806,1.0,0.0,0.004129061124717979,-0.003443480020826907,nan,0.004129061124717979,-0.003443480020826907,nan,1.156345554751911,1.156345554751911,0.0,0.0,0.0,nan,0,1,1.0,0.0,0.00428878250543522,-0.002238145063820216,nan,0.00428878250543522,-0.002238145063820216,nan,0.5996315564392477,0.5996315564392477,0.0,0.0,0.0,nan,0,1,1.0,0.0,0.004129061124717979,-0.003443480020826907,nan,0.004129061124717979,-0.003443480020826907,nan,1.156345554751911,1.156345554751911,0.0,0.0,0.0,nan,0
522,0.4850000000000004,0.45,,scientific,0,1,0.18451612903225806,1.0,0.0,0.004128615095509935,-0.0034455143677557215,nan,0.004128615095509935,-0.0034455143677557215,nan,1.1575372991911514,1.1575372991911514,0.0,0.0,0.0,nan,0,1,1.0,0.0,0.00428878250543522,-0.002238145063820216,nan,0.00428878250543522,-0.002238145063820216,nan,0.5996315564392477,0.5996315564392477,0.0,0.0,0.0,nan,0,1,1.0,0.0,0.004128615095509935,-0.0034455143677557215,nan,0.004128615095509935,-0.0034455143677557215,nan,1.1575372991911514,1.1575372991911514,0.0,0.0,0.0,nan,0
523,0.4860000000000004,0.45,,scientific,0,1,0.18451612903225806,1.0,0.0,0.004128170807491648,-0.0034475482443783374,nan,0.004128170807491648,-0.0034475482443783374,nan,1.1587288991673939,1.1587288991673939,0.0,0.0,0.0,nan,0,1,1.0,0.0,0.00428878250543522,-0.002238145063820216,nan,0.00428878250543522,-0.002238145063820216,nan,0.5996315564392477,0.5996315564392477,0.0,0.0,0.0,nan,0,1,1.0,0.0,0.004128170807491648,-0.0034475482443783374,nan,0.004128170807491648,-0.0034475482443783374,nan,1.1587288991673939,1.1587288991673939,0.0,0.0,0.0,nan,0
524,0.4870000000000004,0.45,,scientific,0,1,0.18451612903225806,1.0,0.0,0.004127728264202091,-0.0034495816542318395,nan,0.004127728264202091,-0.0034495816542318395,nan,1.1599203545817307,1.1599203545817307,0.0,0.0,0.0,nan,0,1,1.0,0.0,0.00428878250543522,-0.002238145063820216,nan,0.00428878250543522,-0.002238145063820216,nan,0.5996315564392477,0.5996315564392477,0.0,0.0,0.0,nan,0,1,1.0,0.0,0.004127728264202091,-0.0034495816542318395,nan,0.004127728264202091,-0.0034495816542318395,nan,1.1599203545817307,1.1599203545817307,0.0,0.0,0.0,nan,0
525,0.4880000000000004,0.45,,scientific,0,1,0.18451612903225806,1.0,0.0,0.004127287468990472,-0.0034516146012900126,nan,0.004127287468990472,-0.0034516146012900126,nan,1.1611116653360385,1.1611116653360385,0.0,0.0,0.0,nan,0,1,1.0,0.0,0.00428878250543522,-0.002238145063820216,nan,0.00428878250543522,-0.002238145063820216,nan,0.5996315564392477,0.5996315564392477,0.0,0.0,0.0,nan,0,1,1.0,0.0,0.004127287468990472,-0.0034516146012900126,nan,0.004127287468990472,-0.0034516146012900126,nan,1.1611116653360385,1.1611116653360385,0.0,0.0,0.0,nan,0
526,0.4890000000000004,0.45,,scientific,0,1,0.18451612903225806,1.0,0.0,0.00412684842515015,-0.0034536470895974183,nan,0.00412684842515015,-0.0034536470895974183,nan,1.1623028313327333,1.1623028313327333,0.0,0.0,0.0,nan,0,1,1.0,0.0,0.00428878250543522,-0.002238145063820216,nan,0.00428878250543522,-0.002238145063820216,nan,0.5996315564392477,0.5996315564392477,0.0,0.0,0.0,nan,0,1,1.0,0.0,0.00412684842515015,-0.0034536470895974183,nan,0.00412684842515015,-0.0034536470895974183,nan,1.1623028313327333,1.1623028313327333,0.0,0.0,0.0,nan,0
527,0.4900000000000004,0.45,,scientific,0,1,0.18451612903225806,1.0,0.0,0.004126411135956927,-0.003455679123179684,nan,0.004126411135956927,-0.003455679123179684,nan,1.163493852474516,1.163493852474516,0.0,0.0,0.0,nan,0,1,1.0,0.0,0.00428878250543522,-0.002238145063820216,nan,0.00428878250543522,-0.002238145063820216,nan,0.5996315564392477,0.5996315564392477,0.0,0.0,0.0,nan,0,1,1.0,0.0,0.004126411135956927,-0.003455679123179684,nan,0.004126411135956927,-0.003455679123179684,nan,1.163493852474516,1.163493852474516,0.0,0.0,0.0,nan,0
528,0.4910000000000004,0.45,,scientific,0,1,0.18451612903225806,1.0,0.0,0.004125975604670908,-0.0034577107060217117,nan,0.004125975604670908,-0.0034577107060217117,nan,1.1646847286643838,1.1646847286643838,0.0,0.0,0.0,nan,0,1,1.0,0.0,0.00428878250543522,-0.002238145063820216,nan,0.00428878250543522,-0.002238145063820216,nan,0.5996315564392477,0.5996315564392477,0.0,0.0,0.0,nan,0,1,1.0,0.0,0.004125975604670908,-0.0034577107060217117,nan,0.004125975604670908,-0.0034577107060217117,nan,1.1646847286643838,1.1646847286643838,0.0,0.0,0.0,nan,0
529,0.4920000000000004,0.45,,scientific,0,1,0.18516129032258064,1.0,0.0,0.004125541834532603,-0.0034597418420649222,nan,0.004125541834532603,-0.0034597418420649222,nan,1.1658754598056396,1.1658754598056396,0.0,0.0,0.0,nan,0,1,1.0,0.0,0.00428878250543522,-0.002238145063820216,nan,0.00428878250543522,-0.002238145063820216,nan,0.5996315564392477,0.5996315564392477,0.0,0.0,0.0,nan,0,1,1.0,0.0,0.004125541834532603,-0.0034597418420649222,nan,0.004125541834532603,-0.0034597418420649222,nan,1.1658754598056396,1.1658754598056396,0.0,0.0,0.0,nan,0
530,0.4930000000000004,0.45,,scientific,0,1,0.18516129032258064,1.0,0.0,0.0041251098336755315,-0.0034617725280531777,nan,0.0041251098336755315,-0.0034617725280531777,nan,1.1670660457937352,1.1670660457937352,0.0,0.0,0.0,nan,0,1,1.0,0.0,0.00428878250543522,-0.002238145063820216,nan,0.00428878250543522,-0.002238145063820216,nan,0.5996315564392477,0.5996315564392477,0.0,0.0,0.0,nan,0,1,1.0,0.0,0.0041251098336755315,-0.0034617725280531777,nan,0.0041251098336755315,-0.0034617725280531777,nan,1.1670660457937352,1.1670660457937352,0.0,0.0,0.0,nan,0
531,0.4940000000000004,0.45,,scientific,0,1,0.18516129032258064,1.0,0.0,0.004124679606300381,-0.003463802768575947,nan,0.004124679606300381,-0.003463802768575947,nan,1.1682564865383147,1.1682564865383147,0.0,0.0,0.0,nan,0,1,1.0,0.0,0.00428878250543522,-0.002238145063820216,nan,0.00428878250543522,-0.002238145063820216,nan,0.5996315564392477,0.5996315564392477,0.0,0.0,0.0,nan,0,1,1.0,0.0,0.004124679606300381,-0.003463802768575947,nan,0.004124679606300381,-0.003463802768575947,nan,1.1682564865383147,1.1682564865383147,0.0,0.0,0.0,nan,0
532,0.4950000000000004,0.45,,scientific,0,1,0.18516129032258064,1.0,0.0,0.004124251144570451,-0.0034658325856414107,nan,0.004124251144570451,-0.0034658325856414107,nan,1.1694467819342202,1.1694467819342202,0.0,0.0,0.0,nan,0,1,1.0,0.0,0.00428878250543522,-0.002238145063820216,nan,0.00428878250543522,-0.002238145063820216,nan,0.5996315564392477,0.5996315564392477,0.0,0.0,0.0,nan,0,1,1.0,0.0,0.004124251144570451,-0.0034658325856414107,nan,0.004124251144570451,-0.0034658325856414107,nan,1.1694467819342202,1.1694467819342202,0.0,0.0,0.0,nan,0
533,0.4960000000000004,0.45,,scientific,0,1,0.18516129032258064,1.0,0.0,0.004123824449264492,-0.0034678619908130007,nan,0.004123824449264492,-0.0034678619908130007,nan,1.170636931886859,1.170636931886859,0.0,0.0,0.0,nan,0,1,1.0,0.0,0.00428878250543522,-0.002238145063820216,nan,0.00428878250543522,-0.002238145063820216,nan,0.5996315564392477,0.5996315564392477,0.0,0.0,0.0,nan,0,1,1.0,0.0,0.004123824449264492,-0.0034678619908130007,nan,0.004123824449264492,-0.0034678619908130007,nan,1.170636931886859,1.170636931886859,0.0,0.0,0.0,nan,0
534,0.4970000000000004,0.45,,scientific,0,1,0.18516129032258064,1.0,0.0,0.004123399535993121,-0.0034698909849409363,nan,0.004123399535993121,-0.0034698909849409363,nan,1.1718269363057927,1.1718269363057927,0.0,0.0,0.0,nan,0,1,1.0,0.0,0.00428878250543522,-0.002238145063820216,nan,0.00428878250543522,-0.002238145063820216,nan,0.5996315564392477,0.5996315564392477,0.0,0.0,0.0,nan,0,1,1.0,0.0,0.004123399535993121,-0.0034698909849409363,nan,0.004123399535993121,-0.0034698909849409363,nan,1.1718269363057927,1.1718269363057927,0.0,0.0,0.0,nan,0
535,0.4980000000000004,0.45,,scientific,0,1,0.18516129032258064,1.0,0.0,0.004122976418203309,-0.003471919576027673,nan,0.004122976418203309,-0.003471919576027673,nan,1.1730167950861512,1.1730167950861512,0.0,0.0,0.0,nan,0,1,1.0,0.0,0.00428878250543522,-0.002238145063820216,nan,0.00428878250543522,-0.002238145063820216,nan,0.5996315564392477,0.5996315564392477,0.0,0.0,0.0,nan,0,1,1.0,0.0,0.004122976418203309,-0.003471919576027673,nan,0.004122976418203309,-0.003471919576027673,nan,1.1730167950861512,1.1730167950861512,0.0,0.0,0.0,nan,0
536,0.4990000000000004,0.45,,scientific,0,1,0.18516129032258064,1.0,0.0,0.00505428463444456,-0.003241230447610746,nan,0.00505428463444456,-0.003241230447610746,nan,1.1760604764856706,1.1760604764856706,0.0,0.0,0.0,nan,0,1,1.0,0.0,0.005044712528819002,-0.002048607186168816,nan,0.005044712528819002,-0.002048607186168816,nan,0.6007080942425662,0.6007080942425662,0.0,0.0,0.0,nan,0,1,1.0,0.0,0.00505428463444456,-0.003241230447610746,nan,0.00505428463444456,-0.003241230447610746,nan,1.1760604764856706,1.1760604764856706,0.0,0.0,0.0,nan,0
537,0.5000000000000003,0.45,,scientific,0,1,0.18516129032258064,1.0,0.0,0.005054115655738459,-0.00324319704353498,nan,0.005054115655738459,-0.00324319704353498,nan,1.1772514778823047,1.1772514778823047,0.0,0.0,0.0,nan,0,1,1.0,0.0,0.005044712528819002,-0.002048607186168816,nan,0.005044712528819002,-0.002048607186168816,nan,0.6007080942425662,0.6007080942425662,0.0,0.0,0.0,nan,0,1,1.0,0.0,0.005054115655738459,-0.00324319704353498,nan,0.005054115655738459,-0.00324319704353498,nan,1.1772514778823047,1.1772514778823047,0.0,0.0,0.0,nan,0
538,0.5010000000000003,0.45,,scientific,0,1,0.18516129032258064,1.0,0.0,0.0044495285387884,-0.0024855752890541537,nan,0.0044495285387884,-0.0024855752890541537,nan,1.1802901948391666,1.1802901948391666,0.0,0.0,0.0,nan,0,1,1.0,0.0,0.004550406572626887,-0.0014283884668134228,nan,0.004550406572626887,-0.0014283884668134228,nan,0.6017846320458848,0.6017846320458848,0.0,0.0,0.0,nan,0,1,1.0,0.0,0.0044495285387884,-0.0024855752890541537,nan,0.0044495285387884,-0.0024855752890541537,nan,1.1802901948391666,1.1802901948391666,0.0,0.0,0.0,nan,0
539,0.5020000000000003,0.45,,scientific,0,1,0.18516129032258064,1.0,0.0,0.004449206456164061,-0.002487342549017979,nan,0.004449206456164061,-0.002487342549017979,nan,1.1814823234090017,1.1814823234090017,0.0,0.0,0.0,nan,0,1,1.0,0.0,0.004550406572626887,-0.0014283884668134228,nan,0.004550406572626887,-0.0014283884668134228,nan,0.6017846320458848,0.6017846320458848,0.0,0.0,0.0,nan,0,1,1.0,0.0,0.004449206456164061,-0.002487342549017979,nan,0.004449206456164061,-0.002487342549017979,nan,1.1814823234090017,1.1814823234090017,0.0,0.0,0.0,nan,0
540,0.5030000000000003,0.45,,scientific,0,1,0.18516129032258064,1.0,0.0,0.004448886106575523,-0.002489109506079505,nan,0.004448886106575523,-0.002489109506079505,nan,1.1826743052954771,1.1826743052954771,0.0,0.0,0.0,nan,0,1,1.0,0.0,0.004550406572626887,-0.0014283884668134228,nan,0.004550406572626887,-0.0014283884668134228,nan,0.6017846320458848,0.6017846320458848,0.0,0.0,0.0,nan,0,1,1.0,0.0,0.004448886106575523,-0.002489109506079505,nan,0.004448886106575523,-0.002489109506079505,nan,1.1826743052954771,1.1826743052954771,0.0,0.0,0.0,nan,0
541,0.5040000000000003,0.45,,scientific,0,1,0.18516129032258064,1.0,0.0,0.004448567488694375,-0.0024908761825146305,nan,0.004448567488694375,-0.0024908761825146305,nan,1.1838661403840882,1.1838661403840882,0.0,0.0,0.0,nan,0,1,1.0,0.0,0.004550406572626887,-0.0014283884668134228,nan,0.004550406572626887,-0.0014283884668134228,nan,0.6017846320458848,0.6017846320458848,0.0,0.0,0.0,nan,0,1,1.0,0.0,0.004448567488694375,-0.0024908761825146305,nan,0.004448567488694375,-0.0024908761825146305,nan,1.1838661403840882,1.1838661403840882,0.0,0.0,0.0,nan,0
542,0.5050000000000003,0.45,,scientific,0,1,0.18516129032258064,1.0,0.0,0.004448250581519696,-0.0024926426057938628,nan,0.004448250581519696,-0.0024926426057938628,nan,1.185057828563913,1.185057828563913,0.0,0.0,0.0,nan,0,1,1.0,0.0,0.004550406572626887,-0.0014283884668134228,nan,0.004550406572626887,-0.0014283884668134228,nan,0.6017846320458848,0.6017846320458848,0.0,0.0,0.0,nan,0,1,1.0,0.0,0.004448250581519696,-0.0024926426057938628,nan,0.004448250581519696,-0.0024926426057938628,nan,1.185057828563913,1.185057828563913,0.0,0.0,0.0,nan,0
543,0.5060000000000003,0.45,,scientific,0,1,0.18516129032258064,1.0,0.0,0.0044479354042658605,-0.0024944087547371903,nan,0.0044479354042658605,-0.0024944087547371903,nan,1.1862493698047707,1.1862493698047707,0.0,0.0,0.0,nan,0,1,1.0,0.0,0.004550406572626887,-0.0014283884668134228,nan,0.004550406572626887,-0.0014283884668134228,nan,0.6017846320458848,0.6017846320458848,0.0,0.0,0.0,nan,0,1,1.0,0.0,0.0044479354042658605,-0.0024944087547371903,nan,0.0044479354042658605,-0.0024944087547371903,nan,1.1862493698047707,1.1862493698047707,0.0,0.0,0.0,nan,0
544,0.5070000000000003,0.45,,scientific,0,1,0.18516129032258064,1.0,0.0,0.00444762196604934,-0.0024961745970169197,nan,0.00444762196604934,-0.0024961745970169197,nan,1.187440763980784,1.187440763980784,0.0,0.0,0.0,nan,0,1,1.0,0.0,0.004550406572626887,-0.0014283884668134228,nan,0.004550406572626887,-0.0014283884668134228,nan,0.6017846320458848,0.6017846320458848,0.0,0.0,0.0,nan,0,1,1.0,0.0,0.00444762196604934,-0.0024961745970169197,nan,0.00444762196604934,-0.0024961745970169197,nan,1.187440763980784,1.187440763980784,0.0,0.0,0.0,nan,0
545,0.5080000000000003,0.45,,scientific,0,1,0.18516129032258064,1.0,0.0,0.004447310272704292,-0.002497940131366093,nan,0.004447310272704292,-0.002497940131366093,nan,1.188632011012238,1.188632011012238,0.0,0.0,0.0,nan,0,1,1.0,0.0,0.004550406572626887,-0.0014283884668134228,nan,0.004550406572626887,-0.0014283884668134228,nan,0.6017846320458848,0.6017846320458848,0.0,0.0,0.0,nan,0,1,1.0,0.0,0.004447310272704292,-0.002497940131366093,nan,0.004447310272704292,-0.002497940131366093,nan,1.188632011012238,1.188632011012238,0.0,0.0,0.0,nan,0
546,0.5090000000000003,0.45,,scientific,0,1,0.18516129032258064,1.0,0.0,0.0044470003298966035,-0.0024997053757511247,nan,0.0044470003298966035,-0.0024997053757511247,nan,1.1898231108217638,1.1898231108217638,0.0,0.0,0.0,nan,0,1,1.0,0.0,0.004550406572626887,-0.0014283884668134228,nan,0.004550406572626887,-0.0014283884668134228,nan,0.6017846320458848,0.6017846320458848,0.0,0.0,0.0,nan,0,1,1.0,0.0,0.0044470003298966035,-0.0024997053757511247,nan,0.0044470003298966035,-0.0024997053757511247,nan,1.1898231108217638,1.1898231108217638,0.0,0.0,0.0,nan,0
547,0.5100000000000003,0.45,,scientific,0,1,0.18516129032258064,1.0,0.0,0.0044466921408557415,-0.0025014703383319753,nan,0.0044466921408557415,-0.0025014703383319753,nan,1.1910140633162798,1.1910140633162798,0.0,0.0,0.0,nan,0,1,1.0,0.0,0.004550406572626887,-0.0014283884668134228,nan,0.004550406572626887,-0.0014283884668134228,nan,0.6017846320458848,0.6017846320458848,0.0,0.0,0.0,nan,0,1,1.0,0.0,0.0044466921408557415,-0.0025014703383319753,nan,0.0044466921408557415,-0.0025014703383319753,nan,1.1910140633162798,1.1910140633162798,0.0,0.0,0.0,nan,0
548,0.5110000000000003,0.45,,scientific,0,1,0.18516129032258064,1.0,0.0,0.004446385710317088,-0.0025032350297916517,nan,0.004446385710317088,-0.0025032350297916517,nan,1.1922048683987425,1.1922048683987425,0.0,0.0,0.0,nan,0,1,1.0,0.0,0.004550406572626887,-0.0014283884668134228,nan,0.004550406572626887,-0.0014283884668134228,nan,0.6017846320458848,0.6017846320458848,0.0,0.0,0.0,nan,0,1,1.0,0.0,0.004446385710317088,-0.0025032350297916517,nan,0.004446385710317088,-0.0025032350297916517,nan,1.1922048683987425,1.1922048683987425,0.0,0.0,0.0,nan,0
549,0.5120000000000003,0.45,,scientific,0,1,0.18516129032258064,1.0,0.0,0.0044460810445860624,-0.0025049994607102707,nan,0.0044460810445860624,-0.0025049994607102707,nan,1.1933955259763227,1.1933955259763227,0.0,0.0,0.0,nan,0,1,1.0,0.0,0.004550406572626887,-0.0014283884668134228,nan,0.004550406572626887,-0.0014283884668134228,nan,0.6017846320458848,0.6017846320458848,0.0,0.0,0.0,nan,0,1,1.0,0.0,0.0044460810445860624,-0.0025049994607102707,nan,0.0044460810445860624,-0.0025049994607102707,nan,1.1933955259763227,1.1933955259763227,0.0,0.0,0.0,nan,0
550,0.5130000000000003,0.45,,scientific,0,1,0.18516129032258064,1.0,0.0,0.004445778134647365,-0.002506763623098906,nan,0.004445778134647365,-0.002506763623098906,nan,1.1945860359669183,1.1945860359669183,0.0,0.0,0.0,nan,0,1,1.0,0.0,0.004550406572626887,-0.0014283884668134228,nan,0.004550406572626887,-0.0014283884668134228,nan,0.6017846320458848,0.6017846320458848,0.0,0.0,0.0,nan,0,1,1.0,0.0,0.004445778134647365,-0.002506763623098906,nan,0.004445778134647365,-0.002506763623098906,nan,1.1945860359669183,1.1945860359669183,0.0,0.0,0.0,nan,0
551,0.5140000000000003,0.45,,scientific,0,1,0.18516129032258064,1.0,0.0,0.0044454769719180385,-0.0025085275121364036,nan,0.0044454769719180385,-0.0025085275121364036,nan,1.1957763982416356,1.1957763982416356,0.0,0.0,0.0,nan,0,1,1.0,0.0,0.004550406572626887,-0.0014283884668134228,nan,0.004550406572626887,-0.0014283884668134228,nan,0.6017846320458848,0.6017846320458848,0.0,0.0,0.0,nan,0,1,1.0,0.0,0.0044454769719180385,-0.0025085275121364036,nan,0.0044454769719180385,-0.0025085275121364036,nan,1.1957763982416356,1.1957763982416356,0.0,0.0,0.0,nan,0
552,0.5150000000000003,0.45,,scientific,0,1,0.18516129032258064,1.0,0.0,0.0044451775715986,-0.002510291149855675,nan,0.0044451775715986,-0.002510291149855675,nan,1.1969666127586447,1.1969666127586447,0.0,0.0,0.0,nan,0,1,1.0,0.0,0.004550406572626887,-0.0014283884668134228,nan,0.004550406572626887,-0.0014283884668134228,nan,0.6017846320458848,0.6017846320458848,0.0,0.0,0.0,nan,0,1,1.0,0.0,0.0044451775715986,-0.002510291149855675,nan,0.0044451775715986,-0.002510291149855675,nan,1.1969666127586447,1.1969666127586447,0.0,0.0,0.0,nan,0
553,0.5160000000000003,0.45,,scientific,0,1,0.18516129032258064,1.0,0.0,0.003942528959877434,-0.0016771851897739252,nan,0.003942528959877434,-0.0016771851897739252,nan,1.200030268071247,1.200030268071247,0.0,0.0,0.0,nan,0,1,1.0,0.0,0.004141973065877689,-0.0007512544633778093,nan,0.004141973065877689,-0.0007512544633778093,nan,0.6028611698492035,0.6028611698492035,0.0,0.0,0.0,nan,0,1,1.0,0.0,0.003942528959877434,-0.0016771851897739252,nan,0.003942528959877434,-0.0016771851897739252,nan,1.200030268071247,1.200030268071247,0.0,0.0,0.0,nan,0
554,0.5170000000000003,0.45,,scientific,0,1,0.18516129032258064,1.0,0.0,0.003942103679462316,-0.0016787302232509902,nan,0.003942103679462316,-0.0016787302232509902,nan,1.2012216088106162,1.2012216088106162,0.0,0.0,0.0,nan,0,1,1.0,0.0,0.004141973065877689,-0.0007512544633778093,nan,0.004141973065877689,-0.0007512544633778093,nan,0.6028611698492035,0.6028611698492035,0.0,0.0,0.0,nan,0,1,1.0,0.0,0.003942103679462316,-0.0016787302232509902,nan,0.003942103679462316,-0.0016787302232509902,nan,1.2012216088106162,1.2012216088106162,0.0,0.0,0.0,nan,0
555,0.5180000000000003,0.45,,scientific,0,1,0.18516129032258064,1.0,0.0,0.00394168023520412,-0.0016802751043536366,nan,0.00394168023520412,-0.0016802751043536366,nan,1.2024128012771338,1.2024128012771338,0.0,0.0,0.0,nan,0,1,1.0,0.0,0.004141973065877689,-0.0007512544633778093,nan,0.004141973065877689,-0.0007512544633778093,nan,0.6028611698492035,0.6028611698492035,0.0,0.0,0.0,nan,0,1,1.0,0.0,0.00394168023520412,-0.0016802751043536366,nan,0.00394168023520412,-0.0016802751043536366,nan,1.2024128012771338,1.2024128012771338,0.0,0.0,0.0,nan,0
556,0.5190000000000003,0.45,,scientific,0,1,0.18516129032258064,1.0,0.0,0.003941258621015244,-0.0016818198206754748,nan,0.003941258621015244,-0.0016818198206754748,nan,1.2036038453862146,1.2036038453862146,0.0,0.0,0.0,nan,0,1,1.0,0.0,0.004141973065877689,-0.0007512544633778093,nan,0.004141973065877689,-0.0007512544633778093,nan,0.6028611698492035,0.6028611698492035,0.0,0.0,0.0,nan,0,1,1.0,0.0,0.003941258621015244,-0.0016818198206754748,nan,0.003941258621015244,-0.0016818198206754748,nan,1.2036038453862146,1.2036038453862146,0.0,0.0,0.0,nan,0
557,0.5200000000000004,0.45,,scientific,0,1,0.18516129032258064,1.0,0.0,0.002967416469733557,-0.0017196927853983146,nan,0.002967416469733557,-0.0017196927853983146,nan,1.2066716685290155,1.2066716685290155,0.0,0.0,0.0,nan,0,1,1.0,0.0,0.0033517640392062872,-0.0007805452200208326,nan,0.0033517640392062872,-0.0007805452200208326,nan,0.6039377076525221,0.6039377076525221,0.0,0.0,0.0,nan,0,1,1.0,0.0,0.002967416469733557,-0.0017196927853983146,nan,0.002967416469733557,-0.0017196927853983146,nan,1.2066716685290155,1.2066716685290155,0.0,0.0,0.0,nan,0
558,0.5210000000000004,0.45,,scientific,0,1,0.18516129032258064,1.0,0.0,0.002668569713060217,-0.0016786834988545619,nan,0.002668569713060217,-0.0016786834988545619,nan,1.2116165971838955,1.2116165971838955,0.0,0.0,0.0,nan,0,1,1.0,0.0,0.0031074994160176068,-0.0007714524653331731,nan,0.0031074994160176068,-0.0007714524653331731,nan,0.6060907832590829,0.6060907832590829,0.0,0.0,0.0,nan,0,1,1.0,0.0,0.002668569713060217,-0.0016786834988545619,nan,0.002668569713060217,-0.0016786834988545619,nan,1.2116165971838955,1.2116165971838955,0.0,0.0,0.0,nan,0
559,0.5220000000000004,0.45,,scientific,0,1,0.18516129032258064,1.0,0.0,0.0026678278842136647,-0.0016801968882931187,nan,0.0026678278842136647,-0.0016801968882931187,nan,1.2128114450703529,1.2128114450703529,0.0,0.0,0.0,nan,0,1,1.0,0.0,0.0031074994160176068,-0.0007714524653331731,nan,0.0031074994160176068,-0.0007714524653331731,nan,0.6060907832590829,0.6060907832590829,0.0,0.0,0.0,nan,0,1,1.0,0.0,0.0026678278842136647,-0.0016801968882931187,nan,0.0026678278842136647,-0.0016801968882931187,nan,1.2128114450703529,1.2128114450703529,0.0,0.0,0.0,nan,0
560,0.5230000000000004,0.45,,scientific,0,1,0.18516129032258064,1.0,0.0,0.0026670879646082967,-0.0016817101818774184,nan,0.0026670879646082967,-0.0016817101818774184,nan,1.2140061434998768,1.2140061434998768,0.0,0.0,0.0,nan,0,1,1.0,0.0,0.0031074994160176068,-0.0007714524653331731,nan,0.0031074994160176068,-0.0007714524653331731,nan,0.6060907832590829,0.6060907832590829,0.0,0.0,0.0,nan,0,1,1.0,0.0,0.0026670879646082967,-0.0016817101818774184,nan,0.0026670879646082967,-0.0016817101818774184,nan,1.2140061434998768,1.2140061434998768,0.0,0.0,0.0,nan,0
561,0.5240000000000004,0.45,,scientific,0,1,0.18580645161290324,1.0,0.0,0.002666349971498439,-0.0016832233944073238,nan,0.002666349971498439,-0.0016832233944073238,nan,1.2152006924225076,1.2152006924225076,0.0,0.0,0.0,nan,0,1,1.0,0.0,0.0031074994160176068,-0.0007714524653331731,nan,0.0031074994160176068,-0.0007714524653331731,nan,0.6060907832590829,0.6060907832590829,0.0,0.0,0.0,nan,0,1,1.0,0.0,0.002666349971498439,-0.0016832233944073238,nan,0.002666349971498439,-0.0016832233944073238,nan,1.2152006924225076,1.2152006924225076,0.0,0.0,0.0,nan,0
562,0.5250000000000004,0.45,,scientific,0,1,0.18580645161290324,1.0,0.0,0.003090102458139531,-0.002551936836969427,nan,0.003090102458139531,-0.002551936836969427,nan,1.2182903482218757,1.2182903482218757,0.0,0.0,0.0,nan,0,1,1.0,0.0,0.003448168559644351,-0.0014686696061934764,nan,0.003448168559644351,-0.0014686696061934764,nan,0.6071673210624016,0.6071673210624016,0.0,0.0,0.0,nan,0,1,1.0,0.0,0.003090102458139531,-0.002551936836969427,nan,0.003090102458139531,-0.002551936836969427,nan,1.2182903482218757,1.2182903482218757,0.0,0.0,0.0,nan,0
563,0.5260000000000004,0.45,,scientific,0,1,0.18580645161290324,1.0,0.0,0.0030894819808620576,-0.0025536799416188403,nan,0.0030894819808620576,-0.0025536799416188403,nan,1.2194860294984944,1.2194860294984944,0.0,0.0,0.0,nan,0,1,1.0,0.0,0.003448168559644351,-0.0014686696061934764,nan,0.003448168559644351,-0.0014686696061934764,nan,0.6071673210624016,0.6071673210624016,0.0,0.0,0.0,nan,0,1,1.0,0.0,0.0030894819808620576,-0.0025536799416188403,nan,0.0030894819808620576,-0.0025536799416188403,nan,1.2194860294984944,1.2194860294984944,0.0,0.0,0.0,nan,0
564,0.5270000000000004,0.45,,scientific,0,1,0.18580645161290324,1.0,0.0,0.003088863375343158,-0.0025554228981988637,nan,0.003088863375343158,-0.0025554228981988637,nan,1.2206815606654757,1.2206815606654757,0.0,0.0,0.0,nan,0,1,1.0,0.0,0.003448168559644351,-0.0014686696061934764,nan,0.003448168559644351,-0.0014686696061934764,nan,0.6071673210624016,0.6071673210624016,0.0,0.0,0.0,nan,0,1,1.0,0.0,0.003088863375343158,-0.0025554228981988637,nan,0.003088863375343158,-0.0025554228981988637,nan,1.2206815606654757,1.2206815606654757,0.0,0.0,0.0,nan,0
565,0.5280000000000004,0.45,,scientific,0,1,0.18580645161290324,1.0,0.0,0.0030882466729472238,-0.0025571656735523802,nan,0.0030882466729472238,-0.0025571656735523802,nan,1.2218769416640787,1.2218769416640787,0.0,0.0,0.0,nan,0,1,1.0,0.0,0.003448168559644351,-0.0014686696061934764,nan,0.003448168559644351,-0.0014686696061934764,nan,0.6071673210624016,0.6071673210624016,0.0,0.0,0.0,nan,0,1,1.0,0.0,0.0030882466729472238,-0.0025571656735523802,nan,0.0030882466729472238,-0.0025571656735523802,nan,1.2218769416640787,1.2218769416640787,0.0,0.0,0.0,nan,0
566,0.5290000000000004,0.45,,scientific,0,1,0.18580645161290324,1.0,0.0,0.003087631889629469,-0.0025589082694027136,nan,0.003087631889629469,-0.0025589082694027136,nan,1.2230721724269176,1.2230721724269176,0.0,0.0,0.0,nan,0,1,1.0,0.0,0.003448168559644351,-0.0014686696061934764,nan,0.003448168559644351,-0.0014686696061934764,nan,0.6071673210624016,0.6071673210624016,0.0,0.0,0.0,nan,0,1,1.0,0.0,0.003087631889629469,-0.0025589082694027136,nan,0.003087631889629469,-0.0025589082694027136,nan,1.2230721724269176,1.2230721724269176,0.0,0.0,0.0,nan,0
567,0.5300000000000004,0.45,,scientific,0,1,0.18580645161290324,1.0,0.0,0.0030870190122085205,-0.002560650698133649,nan,0.0030870190122085205,-0.002560650698133649,nan,1.2242672529232732,1.2242672529232732,0.0,0.0,0.0,nan,0,1,1.0,0.0,0.003448168559644351,-0.0014686696061934764,nan,0.003448168559644351,-0.0014686696061934764,nan,0.6071673210624016,0.6071673210624016,0.0,0.0,0.0,nan,0,1,1.0,0.0,0.0030870190122085205,-0.002560650698133649,nan,0.0030870190122085205,-0.002560650698133649,nan,1.2242672529232732,1.2242672529232732,0.0,0.0,0.0,nan,0
568,0.5310000000000004,0.45,,scientific,0,1,0.18580645161290324,1.0,0.0,0.003086408048571161,-0.002562392974500962,nan,0.003086408048571161,-0.002562392974500962,nan,1.225462183032275,1.225462183032275,0.0,0.0,0.0,nan,0,1,1.0,0.0,0.003448168559644351,-0.0014686696061934764,nan,0.003448168559644351,-0.0014686696061934764,nan,0.6071673210624016,0.6071673210624016,0.0,0.0,0.0,nan,0,1,1.0,0.0,0.003086408048571161,-0.002562392974500962,nan,0.003086408048571161,-0.002562392974500962,nan,1.225462183032275,1.225462183032275,0.0,0.0,0.0,nan,0
569,0.5320000000000004,0.45,,scientific,0,1,0.18580645161290324,1.0,0.0,0.003085799018879924,-0.0025641351131899305,nan,0.003085799018879924,-0.0025641351131899305,nan,1.2266569626566581,1.2266569626566581,0.0,0.0,0.0,nan,0,1,1.0,0.0,0.003448168559644351,-0.0014686696061934764,nan,0.003448168559644351,-0.0014686696061934764,nan,0.6071673210624016,0.6071673210624016,0.0,0.0,0.0,nan,0,1,1.0,0.0,0.003085799018879924,-0.0025641351131899305,nan,0.003085799018879924,-0.0025641351131899305,nan,1.2266569626566581,1.2266569626566581,0.0,0.0,0.0,nan,0
570,0.5330000000000004,0.45,,scientific,0,1,0.18580645161290324,1.0,0.0,0.003085191936069829,-0.002565877081073385,nan,0.003085191936069829,-0.002565877081073385,nan,1.2278515917037096,1.2278515917037096,0.0,0.0,0.0,nan,0,1,1.0,0.0,0.003448168559644351,-0.0014686696061934764,nan,0.003448168559644351,-0.0014686696061934764,nan,0.6071673210624016,0.6071673210624016,0.0,0.0,0.0,nan,0,1,1.0,0.0,0.003085191936069829,-0.002565877081073385,nan,0.003085191936069829,-0.002565877081073385,nan,1.2278515917037096,1.2278515917037096,0.0,0.0,0.0,nan,0
571,0.5340000000000004,0.45,,scientific,0,1,0.18580645161290324,1.0,0.0,0.003084586851891512,-0.002567618882057882,nan,0.003084586851891512,-0.002567618882057882,nan,1.2290460700386832,1.2290460700386832,0.0,0.0,0.0,nan,0,1,1.0,0.0,0.003448168559644351,-0.0014686696061934764,nan,0.003448168559644351,-0.0014686696061934764,nan,0.6071673210624016,0.6071673210624016,0.0,0.0,0.0,nan,0,1,1.0,0.0,0.003084586851891512,-0.002567618882057882,nan,0.003084586851891512,-0.002567618882057882,nan,1.2290460700386832,1.2290460700386832,0.0,0.0,0.0,nan,0
572,0.5350000000000004,0.45,,scientific,0,1,0.18580645161290324,1.0,0.0,0.003083983753204331,-0.0025693605261550654,nan,0.003083983753204331,-0.0025693605261550654,nan,1.23024039770001,1.23024039770001,0.0,0.0,0.0,nan,0,1,1.0,0.0,0.003448168559644351,-0.0014686696061934764,nan,0.003448168559644351,-0.0014686696061934764,nan,0.6071673210624016,0.6071673210624016,0.0,0.0,0.0,nan,0,1,1.0,0.0,0.003083983753204331,-0.0025693605261550654,nan,0.003083983753204331,-0.0025693605261550654,nan,1.23024039770001,1.23024039770001,0.0,0.0,0.0,nan,0
573,0.5360000000000004,0.45,,scientific,0,1,0.18580645161290324,1.0,0.0,0.0030833825903192756,-0.002571101979729919,nan,0.0030833825903192756,-0.002571101979729919,nan,1.2314345745794966,1.2314345745794966,0.0,0.0,0.0,nan,0,1,1.0,0.0,0.003448168559644351,-0.0014686696061934764,nan,0.003448168559644351,-0.0014686696061934764,nan,0.6071673210624016,0.6071673210624016,0.0,0.0,0.0,nan,0,1,1.0,0.0,0.0030833825903192756,-0.002571101979729919,nan,0.0030833825903192756,-0.002571101979729919,nan,1.2314345745794966,1.2314345745794966,0.0,0.0,0.0,nan,0
574,0.5370000000000004,0.45,,scientific,0,1,0.18580645161290324,1.0,0.0,0.003082783368549616,-0.0025728432158101024,nan,0.003082783368549616,-0.0025728432158101024,nan,1.2326286005499139,1.2326286005499139,0.0,0.0,0.0,nan,0,1,1.0,0.0,0.003448168559644351,-0.0014686696061934764,nan,0.003448168559644351,-0.0014686696061934764,nan,0.6071673210624016,0.6071673210624016,0.0,0.0,0.0,nan,0,1,1.0,0.0,0.003082783368549616,-0.0025728432158101024,nan,0.003082783368549616,-0.0025728432158101024,nan,1.2326286005499139,1.2326286005499139,0.0,0.0,0.0,nan,0
575,0.5380000000000004,0.45,,scientific,0,1,0.18580645161290324,1.0,0.0,0.0030821860815544457,-0.00257458427764777,nan,0.0030821860815544457,-0.00257458427764777,nan,1.2338224756450482,1.2338224756450482,0.0,0.0,0.0,nan,0,1,1.0,0.0,0.003448168559644351,-0.0014686696061934764,nan,0.003448168559644351,-0.0014686696061934764,nan,0.6071673210624016,0.6071673210624016,0.0,0.0,0.0,nan,0,1,1.0,0.0,0.0030821860815544457,-0.00257458427764777,nan,0.0030821860815544457,-0.00257458427764777,nan,1.2338224756450482,1.2338224756450482,0.0,0.0,0.0,nan,0
576,0.5390000000000004,0.45,,scientific,0,1,0.18580645161290324,1.0,0.0,0.0030815907156033218,-0.002576325210662382,nan,0.0030815907156033218,-0.002576325210662382,nan,1.2350161997433466,1.2350161997433466,0.0,0.0,0.0,nan,0,1,1.0,0.0,0.003448168559644351,-0.0014686696061934764,nan,0.003448168559644351,-0.0014686696061934764,nan,0.6071673210624016,0.6071673210624016,0.0,0.0,0.0,nan,0,1,1.0,0.0,0.0030815907156033218,-0.002576325210662382,nan,0.0030815907156033218,-0.002576325210662382,nan,1.2350161997433466,1.2350161997433466,0.0,0.0,0.0,nan,0
577,0.5400000000000004,0.45,,scientific,0,1,0.18580645161290324,1.0,0.0,0.0021182696971157543,-0.002739611570622001,nan,0.0021182696971157543,-0.002739611570622001,nan,1.2381212202086145,1.2381212202086145,0.0,0.0,0.0,nan,0,1,1.0,0.0,0.0026738557398933065,-0.0015979810385450893,nan,0.0026738557398933065,-0.0015979810385450893,nan,0.6082438588657202,0.6082438588657202,0.0,0.0,0.0,nan,0,1,1.0,0.0,0.0021182696971157543,-0.002739611570622001,nan,0.0021182696971157543,-0.002739611570622001,nan,1.2381212202086145,1.2381212202086145,0.0,0.0,0.0,nan,0
578,0.5410000000000004,0.45,,scientific,0,1,0.18580645161290324,1.0,0.0,0.002117428950007028,-0.0027413949871741812,nan,0.002117428950007028,-0.0027413949871741812,nan,1.239316062689567,1.239316062689567,0.0,0.0,0.0,nan,0,1,1.0,0.0,0.0026738557398933065,-0.0015979810385450893,nan,0.0026738557398933065,-0.0015979810385450893,nan,0.6082438588657202,0.6082438588657202,0.0,0.0,0.0,nan,0,1,1.0,0.0,0.002117428950007028,-0.0027413949871741812,nan,0.002117428950007028,-0.0027413949871741812,nan,1.239316062689567,1.239316062689567,0.0,0.0,0.0,nan,0
579,0.5420000000000004,0.45,,scientific,0,1,0.18580645161290324,1.0,0.0,0.0013029626165415673,-0.002183795758958206,nan,0.0013029626165415673,-0.002183795758958206,nan,1.2424483800682677,1.2424483800682677,0.0,0.0,0.0,nan,0,1,1.0,0.0,0.002027949849212829,-0.0011538953230815694,nan,0.002027949849212829,-0.0011538953230815694,nan,0.6093203966690388,0.6093203966690388,0.0,0.0,0.0,nan,0,1,1.0,0.0,0.0013029626165415673,-0.002183795758958206,nan,0.0013029626165415673,-0.002183795758958206,nan,1.2424483800682677,1.2424483800682677,0.0,0.0,0.0,nan,0
580,0.5430000000000004,0.45,,scientific,0,1,0.18580645161290324,1.0,0.0,0.0013019047145783867,-0.002185426841451643,nan,0.0013019047145783867,-0.002185426841451643,nan,1.2436443812457554,1.2436443812457554,0.0,0.0,0.0,nan,0,1,1.0,0.0,0.002027949849212829,-0.0011538953230815694,nan,0.002027949849212829,-0.0011538953230815694,nan,0.6093203966690388,0.6093203966690388,0.0,0.0,0.0,nan,0,1,1.0,0.0,0.0013019047145783867,-0.002185426841451643,nan,0.0013019047145783867,-0.002185426841451643,nan,1.2436443812457554,1.2436443812457554,0.0,0.0,0.0,nan,0
581,0.5440000000000004,0.45,,scientific,0,1,0.18580645161290324,1.0,0.0,0.0013008488980670075,-0.0021870578511392694,nan,0.0013008488980670075,-0.0021870578511392694,nan,1.2448402305686956,1.2448402305686956,0.0,0.0,0.0,nan,0,1,1.0,0.0,0.002027949849212829,-0.0011538953230815694,nan,0.002027949849212829,-0.0011538953230815694,nan,0.6093203966690388,0.6093203966690388,0.0,0.0,0.0,nan,0,1,1.0,0.0,0.0013008488980670075,-0.0021870578511392694,nan,0.0013008488980670075,-0.0021870578511392694,nan,1.2448402305686956,1.2448402305686956,0.0,0.0,0.0,nan,0
582,0.5450000000000004,0.45,,scientific,0,1,0.18580645161290324,1.0,0.0,0.0012997951297666634,-0.0021886887790853195,nan,0.0012997951297666634,-0.0021886887790853195,nan,1.2460359278652366,1.2460359278652366,0.0,0.0,0.0,nan,0,1,1.0,0.0,0.002027949849212829,-0.0011538953230815694,nan,0.002027949849212829,-0.0011538953230815694,nan,0.6093203966690388,0.6093203966690388,0.0,0.0,0.0,nan,0,1,1.0,0.0,0.0012997951297666634,-0.0021886887790853195,nan,0.0012997951297666634,-0.0021886887790853195,nan,1.2460359278652366,1.2460359278652366,0.0,0.0,0.0,nan,0
583,0.5460000000000004,0.45,,scientific,0,1,0.18580645161290324,1.0,0.0,0.0012987434372843112,-0.0021903196358338817,nan,0.0012987434372843112,-0.0021903196358338817,nan,1.2472314731721303,1.2472314731721303,0.0,0.0,0.0,nan,0,1,1.0,0.0,0.002027949849212829,-0.0011538953230815694,nan,0.002027949849212829,-0.0011538953230815694,nan,0.6093203966690388,0.6093203966690388,0.0,0.0,0.0,nan,0,1,1.0,0.0,0.0012987434372843112,-0.0021903196358338817,nan,0.0012987434372843112,-0.0021903196358338817,nan,1.2472314731721303,1.2472314731721303,0.0,0.0,0.0,nan,0
584,0.5470000000000004,0.45,,scientific,0,1,0.18580645161290324,1.0,0.0,0.0012837604643724217,-0.0012058792460970969,nan,0.0012837604643724217,-0.0012058792460970969,nan,1.250376127396507,1.250376127396507,0.0,0.0,0.0,nan,0,1,1.0,0.0,0.002016379454821125,-0.0003745132362748007,nan,0.002016379454821125,-0.0003745132362748007,nan,0.6103969344723574,0.6103969344723574,0.0,0.0,0.0,nan,0,1,1.0,0.0,0.0012837604643724217,-0.0012058792460970969,nan,0.0012837604643724217,-0.0012058792460970969,nan,1.250376127396507,1.250376127396507,0.0,0.0,0.0,nan,0
585,0.5480000000000004,0.45,,scientific,0,1,0.18645161290322582,1.0,0.0,0.0012827098335247203,-0.0012072402715966094,nan,0.0012827098335247203,-0.0012072402715966094,nan,1.2515728347341608,1.2515728347341608,0.0,0.0,0.0,nan,0,1,1.0,0.0,0.002016379454821125,-0.0003745132362748007,nan,0.002016379454821125,-0.0003745132362748007,nan,0.6103969344723574,0.6103969344723574,0.0,0.0,0.0,nan,0,1,1.0,0.0,0.0012827098335247203,-0.0012072402715966094,nan,0.0012827098335247203,-0.0012072402715966094,nan,1.2515728347341608,1.2515728347341608,0.0,0.0,0.0,nan,0
586,0.5490000000000004,0.45,,scientific,0,1,0.18645161290322582,1.0,0.0,0.0012966740899972734,-0.0010418507366553487,nan,0.0012966740899972734,-0.0010418507366553487,nan,1.2566541176817014,1.2566541176817014,0.0,0.0,0.0,nan,0,1,1.0,0.0,0.0020322195669187607,-0.00024275046564651022,nan,0.0020322195669187607,-0.00024275046564651022,nan,0.6125500100789947,0.6125500100789947,0.0,0.0,0.0,nan,0,1,1.0,0.0,0.0012966740899972734,-0.0010418507366553487,nan,0.0012966740899972734,-0.0010418507366553487,nan,1.2566541176817014,1.2566541176817014,0.0,0.0,0.0,nan,0
587,0.5500000000000004,0.45,,scientific,0,1,0.18645161290322582,1.0,0.0,0.0012956246116265428,-0.0010431658445760876,nan,0.0012956246116265428,-0.0010431658445760876,nan,1.257853414883001,1.257853414883001,0.0,0.0,0.0,nan,0,1,1.0,0.0,0.0020322195669187607,-0.00024275046564651022,nan,0.0020322195669187607,-0.00024275046564651022,nan,0.6125500100789947,0.6125500100789947,0.0,0.0,0.0,nan,0,1,1.0,0.0,0.0012956246116265428,-0.0010431658445760876,nan,0.0012956246116265428,-0.0010431658445760876,nan,1.257853414883001,1.257853414883001,0.0,0.0,0.0,nan,0
588,0.5510000000000004,0.45,,scientific,0,1,0.18645161290322582,1.0,0.0,0.0012945772494400677,-0.0010444810301985367,nan,0.0012945772494400677,-0.0010444810301985367,nan,1.2590525588941572,1.2590525588941572,0.0,0.0,0.0,nan,0,1,1.0,0.0,0.0020322195669187607,-0.00024275046564651022,nan,0.0020322195669187607,-0.00024275046564651022,nan,0.6125500100789947,0.6125500100789947,0.0,0.0,0.0,nan,0,1,1.0,0.0,0.0012945772494400677,-0.0010444810301985367,nan,0.0012945772494400677,-0.0010444810301985367,nan,1.2590525588941572,1.2590525588941572,0.0,0.0,0.0,nan,0
589,0.5520000000000004,0.45,,scientific,0,1,0.18645161290322582,1.0,0.0,0.0012935319975427354,-0.0010457962969619215,nan,0.0012935319975427354,-0.0010457962969619215,nan,1.260251549669462,1.260251549669462,0.0,0.0,0.0,nan,0,1,1.0,0.0,0.0020322195669187607,-0.00024275046564651022,nan,0.0020322195669187607,-0.00024275046564651022,nan,0.6125500100789947,0.6125500100789947,0.0,0.0,0.0,nan,0,1,1.0,0.0,0.0012935319975427354,-0.0010457962969619215,nan,0.0012935319975427354,-0.0010457962969619215,nan,1.260251549669462,1.260251549669462,0.0,0.0,0.0,nan,0
590,0.5530000000000004,0.45,,scientific,0,1,0.18645161290322582,1.0,0.0,0.001292488850946859,-0.0010471116516787699,nan,0.001292488850946859,-0.0010471116516787699,nan,1.2614503871181744,1.2614503871181744,0.0,0.0,0.0,nan,0,1,1.0,0.0,0.0020322195669187607,-0.00024275046564651022,nan,0.0020322195669187607,-0.00024275046564651022,nan,0.6125500100789947,0.6125500100789947,0.0,0.0,0.0,nan,0,1,1.0,0.0,0.001292488850946859,-0.0010471116516787699,nan,0.001292488850946859,-0.0010471116516787699,nan,1.2614503871181744,1.2614503871181744,0.0,0.0,0.0,nan,0
591,0.5540000000000004,0.45,,scientific,0,1,0.18645161290322582,1.0,0.0,0.0012914478070563827,-0.0010484270848362474,nan,0.0012914478070563827,-0.0010484270848362474,nan,1.262649071212822,1.262649071212822,0.0,0.0,0.0,nan,0,1,1.0,0.0,0.0020322195669187607,-0.00024275046564651022,nan,0.0020322195669187607,-0.00024275046564651022,nan,0.6125500100789947,0.6125500100789947,0.0,0.0,0.0,nan,0,1,1.0,0.0,0.0012914478070563827,-0.0010484270848362474,nan,0.0012914478070563827,-0.0010484270848362474,nan,1.262649071212822,1.262649071212822,0.0,0.0,0.0,nan,0
592,0.5550000000000004,0.45,,scientific,0,1,0.18645161290322582,1.0,0.0,0.0012904088647253194,-0.0010497425906887531,nan,0.0012904088647253194,-0.0010497425906887531,nan,1.2638476018789562,1.2638476018789562,0.0,0.0,0.0,nan,0,1,1.0,0.0,0.0020322195669187607,-0.00024275046564651022,nan,0.0020322195669187607,-0.00024275046564651022,nan,0.6125500100789947,0.6125500100789947,0.0,0.0,0.0,nan,0,1,1.0,0.0,0.0012904088647253194,-0.0010497425906887531,nan,0.0012904088647253194,-0.0010497425906887531,nan,1.2638476018789562,1.2638476018789562,0.0,0.0,0.0,nan,0
593,0.5560000000000004,0.45,,scientific,0,1,0.18645161290322582,1.0,0.0,0.0012893720467990581,-0.0010510581577617066,nan,0.0012893720467990581,-0.0010510581577617066,nan,1.2650459789110242,1.2650459789110242,0.0,0.0,0.0,nan,0,1,1.0,0.0,0.0020322195669187607,-0.00024275046564651022,nan,0.0020322195669187607,-0.00024275046564651022,nan,0.6125500100789947,0.6125500100789947,0.0,0.0,0.0,nan,0,1,1.0,0.0,0.0012893720467990581,-0.0010510581577617066,nan,0.0012893720467990581,-0.0010510581577617066,nan,1.2650459789110242,1.2650459789110242,0.0,0.0,0.0,nan,0
594,0.5570000000000004,0.45,,scientific,0,1,0.18645161290322582,1.0,0.0,0.00128833735485449,-0.0010523737961873275,nan,0.00128833735485449,-0.0010523737961873275,nan,1.2662442024144,1.2662442024144,0.0,0.0,0.0,nan,0,1,1.0,0.0,0.0020322195669187607,-0.00024275046564651022,nan,0.0020322195669187607,-0.00024275046564651022,nan,0.6125500100789947,0.6125500100789947,0.0,0.0,0.0,nan,0,1,1.0,0.0,0.00128833735485449,-0.0010523737961873275,nan,0.00128833735485449,-0.0010523737961873275,nan,1.2662442024144,1.2662442024144,0.0,0.0,0.0,nan,0
595,0.5580000000000004,0.45,,scientific,0,1,0.18645161290322582,1.0,0.0,0.0004601560377412832,-0.0015936634163871365,nan,0.0004601560377412832,-0.0015936634163871365,nan,1.2694103202522933,1.2694103202522933,0.0,0.0,0.0,nan,0,1,1.0,0.0,0.0013812944312150462,-0.0006671115037205106,nan,0.0013812944312150462,-0.0006671115037205106,nan,0.6136265478823133,0.6136265478823133,0.0,0.0,0.0,nan,0,1,1.0,0.0,0.0004601560377412832,-0.0015936634163871365,nan,0.0004601560377412832,-0.0015936634163871365,nan,1.2694103202522933,1.2694103202522933,0.0,0.0,0.0,nan,0
596,0.5590000000000004,0.45,,scientific,0,1,0.18645161290322582,1.0,0.0,0.0004588998743447089,-0.0015951271026079432,nan,0.0004588998743447089,-0.0015951271026079432,nan,1.2706097039968913,1.2706097039968913,0.0,0.0,0.0,nan,0,1,1.0,0.0,0.0013812944312150462,-0.0006671115037205106,nan,0.0013812944312150462,-0.0006671115037205106,nan,0.6136265478823133,0.6136265478823133,0.0,0.0,0.0,nan,0,1,1.0,0.0,0.0004588998743447089,-0.0015951271026079432,nan,0.0004588998743447089,-0.0015951271026079432,nan,1.2706097039968913,1.2706097039968913,0.0,0.0,0.0,nan,0
597,0.5600000000000004,0.45,,scientific,0,1,0.18645161290322582,1.0,0.0,-0.00018426528218619197,-0.0008837906306211153,nan,-0.00018426528218619197,-0.0008837906306211153,nan,1.2737270477712856,1.2737270477712856,0.0,0.0,0.0,nan,0,1,1.0,0.0,0.0008625490874295916,-9.134220393888552e-05,nan,0.0008625490874295916,-9.134220393888552e-05,nan,0.6147030856856319,0.6147030856856319,0.0,0.0,0.0,nan,0,1,1.0,0.0,-0.00018426528218619197,-0.0008837906306211153,nan,-0.00018426528218619197,-0.0008837906306211153,nan,1.2737270477712856,1.2737270477712856,0.0,0.0,0.0,nan,0
598,0.5610000000000004,0.45,,scientific,0,1,0.18645161290322582,1.0,0.0,-0.000185676997305632,-0.0008850763479413922,nan,-0.000185676997305632,-0.0008850763479413922,nan,1.2749275065416374,1.2749275065416374,0.0,0.0,0.0,nan,0,1,1.0,0.0,0.0008625490874295916,-9.134220393888552e-05,nan,0.0008625490874295916,-9.134220393888552e-05,nan,0.6147030856856319,0.6147030856856319,0.0,0.0,0.0,nan,0,1,1.0,0.0,-0.000185676997305632,-0.0008850763479413922,nan,-0.000185676997305632,-0.0008850763479413922,nan,1.2749275065416374,1.2749275065416374,0.0,0.0,0.0,nan,0
599,0.5620000000000004,0.45,,scientific,0,1,0.18645161290322582,1.0,0.0,-0.0001870864613274435,-0.0008863621231269374,nan,-0.0001870864613274435,-0.0008863621231269374,nan,1.276127811038267,1.276127811038267,0.0,0.0,0.0,nan,0,1,1.0,0.0,0.0008625490874295916,-9.134220393888552e-05,nan,0.0008625490874295916,-9.134220393888552e-05,nan,0.6147030856856319,0.6147030856856319,0.0,0.0,0.0,nan,0,1,1.0,0.0,-0.0001870864613274435,-0.0008863621231269374,nan,-0.0001870864613274435,-0.0008863621231269374,nan,1.276127811038267,1.276127811038267,0.0,0.0,0.0,nan,0
600,0.5630000000000004,0.45,,scientific,0,1,0.18645161290322582,1.0,0.0,-0.00018849369816344047,-0.000887647910833377,nan,-0.00018849369816344047,-0.000887647910833377,nan,1.2773279610405655,1.2773279610405655,0.0,0.0,0.0,nan,0,1,1.0,0.0,0.0008625490874295916,-9.134220393888552e-05,nan,0.0008625490874295916,-9.134220393888552e-05,nan,0.6147030856856319,0.6147030856856319,0.0,0.0,0.0,nan,0,1,1.0,0.0,-0.00018849369816344047,-0.000887647910833377,nan,-0.00018849369816344047,-0.000887647910833377,nan,1.2773279610405655,1.2773279610405655,0.0,0.0,0.0,nan,0
601,0.5640000000000004,0.45,,scientific,0,1,0.18645161290322582,1.0,0.0,0.0004998649294395448,-0.001576031817012568,nan,0.0004998649294395448,-0.001576031817012568,nan,1.2804872925681687,1.2804872925681687,0.0,0.0,0.0,nan,0,1,1.0,0.0,0.001408234833536489,-0.0006352724249134156,nan,0.001408234833536489,-0.0006352724249134156,nan,0.6157796234889505,0.6157796234889505,0.0,0.0,0.0,nan,0,1,1.0,0.0,0.0004998649294395448,-0.001576031817012568,nan,0.0004998649294395448,-0.001576031817012568,nan,1.2804872925681687,1.2804872925681687,0.0,0.0,0.0,nan,0
602,0.5650000000000004,0.45,,scientific,0,1,0.18645161290322582,1.0,0.0,0.0004986435705667567,-0.001577497887944111,nan,0.0004986435705667567,-0.001577497887944111,nan,1.2816885653822756,1.2816885653822756,0.0,0.0,0.0,nan,0,1,1.0,0.0,0.001408234833536489,-0.0006352724249134156,nan,0.001408234833536489,-0.0006352724249134156,nan,0.6157796234889505,0.6157796234889505,0.0,0.0,0.0,nan,0,1,1.0,0.0,0.0004986435705667567,-0.001577497887944111,nan,0.0004986435705667567,-0.001577497887944111,nan,1.2816885653822756,1.2816885653822756,0.0,0.0,0.0,nan,0
603,0.5660000000000004,0.45,,scientific,0,1,0.18645161290322582,1.0,0.0,0.0004974243744577205,-0.0015789639569033917,nan,0.0004974243744577205,-0.0015789639569033917,nan,1.2828896832941532,1.2828896832941532,0.0,0.0,0.0,nan,0,1,1.0,0.0,0.001408234833536489,-0.0006352724249134156,nan,0.001408234833536489,-0.0006352724249134156,nan,0.6157796234889505,0.6157796234889505,0.0,0.0,0.0,nan,0,1,1.0,0.0,0.0004974243744577205,-0.0015789639569033917,nan,0.0004974243744577205,-0.0015789639569033917,nan,1.2828896832941532,1.2828896832941532,0.0,0.0,0.0,nan,0
604,0.5670000000000004,0.45,,scientific,0,1,0.18645161290322582,1.0,0.0,0.0004962073575127975,-0.0015804300161073384,nan,0.0004962073575127975,-0.0015804300161073384,nan,1.2840906462930644,1.2840906462930644,0.0,0.0,0.0,nan,0,1,1.0,0.0,0.001408234833536489,-0.0006352724249134156,nan,0.001408234833536489,-0.0006352724249134156,nan,0.6157796234889505,0.6157796234889505,0.0,0.0,0.0,nan,0,1,1.0,0.0,0.0004962073575127975,-0.0015804300161073384,nan,0.0004962073575127975,-0.0015804300161073384,nan,1.2840906462930644,1.2840906462930644,0.0,0.0,0.0,nan,0
605,0.5680000000000004,0.45,,scientific,0,1,0.18645161290322582,1.0,0.0,0.0004949924919677828,-0.0015818960855212827,nan,0.0004949924919677828,-0.0015818960855212827,nan,1.2852914542345053,1.2852914542345053,0.0,0.0,0.0,nan,0,1,1.0,0.0,0.001408234833536489,-0.0006352724249134156,nan,0.001408234833536489,-0.0006352724249134156,nan,0.6157796234889505,0.6157796234889505,0.0,0.0,0.0,nan,0,1,1.0,0.0,0.0004949924919677828,-0.0015818960855212827,nan,0.0004949924919677828,-0.0015818960855212827,nan,1.2852914542345053,1.2852914542345053,0.0,0.0,0.0,nan,0
606,0.5690000000000004,0.45,,scientific,0,1,0.18645161290322582,1.0,0.0,0.0004937797166398089,-0.0015833621398511086,nan,0.0004937797166398089,-0.0015833621398511086,nan,1.2864921069315787,1.2864921069315787,0.0,0.0,0.0,nan,0,1,1.0,0.0,0.001408234833536489,-0.0006352724249134156,nan,0.001408234833536489,-0.0006352724249134156,nan,0.6157796234889505,0.6157796234889505,0.0,0.0,0.0,nan,0,1,1.0,0.0,0.0004937797166398089,-0.0015833621398511086,nan,0.0004937797166398089,-0.0015833621398511086,nan,1.2864921069315787,1.2864921069315787,0.0,0.0,0.0,nan,0
607,0.5700000000000004,0.45,,scientific,0,1,0.18645161290322582,1.0,0.0,0.0004925690153730186,-0.0015848281943947851,nan,0.0004925690153730186,-0.0015848281943947851,nan,1.28769260438444,1.28769260438444,0.0,0.0,0.0,nan,0,1,1.0,0.0,0.001408234833536489,-0.0006352724249134156,nan,0.001408234833536489,-0.0006352724249134156,nan,0.6157796234889505,0.6157796234889505,0.0,0.0,0.0,nan,0,1,1.0,0.0,0.0004925690153730186,-0.0015848281943947851,nan,0.0004925690153730186,-0.0015848281943947851,nan,1.28769260438444,1.28769260438444,0.0,0.0,0.0,nan,0
608,0.5710000000000004,0.45,,scientific,0,1,0.18645161290322582,1.0,0.0,0.0004913604548426317,-0.0015862942733181683,nan,0.0004913604548426317,-0.0015862942733181683,nan,1.2888929467407775,1.2888929467407775,0.0,0.0,0.0,nan,0,1,1.0,0.0,0.001408234833536489,-0.0006352724249134156,nan,0.001408234833536489,-0.0006352724249134156,nan,0.6157796234889505,0.6157796234889505,0.0,0.0,0.0,nan,0,1,1.0,0.0,0.0004913604548426317,-0.0015862942733181683,nan,0.0004913604548426317,-0.0015862942733181683,nan,1.2888929467407775,1.2888929467407775,0.0,0.0,0.0,nan,0
609,0.5720000000000004,0.45,,scientific,0,1,0.18645161290322582,1.0,0.0,0.0004901540638552428,-0.0015877603691615704,nan,0.0004901540638552428,-0.0015877603691615704,nan,1.290093133963973,1.290093133963973,0.0,0.0,0.0,nan,0,1,1.0,0.0,0.001408234833536489,-0.0006352724249134156,nan,0.001408234833536489,-0.0006352724249134156,nan,0.6157796234889505,0.6157796234889505,0.0,0.0,0.0,nan,0,1,1.0,0.0,0.0004901540638552428,-0.0015877603691615704,nan,0.0004901540638552428,-0.0015877603691615704,nan,1.290093133963973,1.290093133963973,0.0,0.0,0.0,nan,0
610,0.5730000000000004,0.45,,scientific,0,1,0.18645161290322582,1.0,0.0,0.0004889498529708468,-0.0015892265129926711,nan,0.0004889498529708468,-0.0015892265129926711,nan,1.291293165820985,1.291293165820985,0.0,0.0,0.0,nan,0,1,1.0,0.0,0.001408234833536489,-0.0006352724249134156,nan,0.001408234833536489,-0.0006352724249134156,nan,0.6157796234889505,0.6157796234889505,0.0,0.0,0.0,nan,0,1,1.0,0.0,0.0004889498529708468,-0.0015892265129926711,nan,0.0004889498529708468,-0.0015892265129926711,nan,1.291293165820985,1.291293165820985,0.0,0.0,0.0,nan,0
611,0.5740000000000004,0.45,,scientific,0,1,0.18645161290322582,1.0,0.0,0.00048774779582437685,-0.001590692731675905,nan,0.00048774779582437685,-0.001590692731675905,nan,1.2924930422394123,1.2924930422394123,0.0,0.0,0.0,nan,0,1,1.0,0.0,0.001408234833536489,-0.0006352724249134156,nan,0.001408234833536489,-0.0006352724249134156,nan,0.6157796234889505,0.6157796234889505,0.0,0.0,0.0,nan,0,1,1.0,0.0,0.00048774779582437685,-0.001590692731675905,nan,0.00048774779582437685,-0.001590692731675905,nan,1.2924930422394123,1.2924930422394123,0.0,0.0,0.0,nan,0
612,0.5750000000000004,0.45,,scientific,0,1,0.18645161290322582,1.0,0.0,0.00048654786676779257,-0.001592158997819999,nan,0.00048654786676779257,-0.001592158997819999,nan,1.2936927632358306,1.2936927632358306,0.0,0.0,0.0,nan,0,1,1.0,0.0,0.001408234833536489,-0.0006352724249134156,nan,0.001408234833536489,-0.0006352724249134156,nan,0.6157796234889505,0.6157796234889505,0.0,0.0,0.0,nan,0,1,1.0,0.0,0.00048654786676779257,-0.001592158997819999,nan,0.00048654786676779257,-0.001592158997819999,nan,1.2936927632358306,1.2936927632358306,0.0,0.0,0.0,nan,0
613,0.5760000000000004,0.45,,scientific,0,1,0.18645161290322582,1.0,0.0,0.0004853500947901687,-0.0015936252898454157,nan,0.0004853500947901687,-0.0015936252898454157,nan,1.2948923288646914,1.2948923288646914,0.0,0.0,0.0,nan,0,1,1.0,0.0,0.001408234833536489,-0.0006352724249134156,nan,0.001408234833536489,-0.0006352724249134156,nan,0.6157796234889505,0.6157796234889505,0.0,0.0,0.0,nan,0,1,1.0,0.0,0.0004853500947901687,-0.0015936252898454157,nan,0.0004853500947901687,-0.0015936252898454157,nan,1.2948923288646914,1.2948923288646914,0.0,0.0,0.0,nan,0
614,0.5770000000000004,0.45,,scientific,0,1,0.18645161290322582,1.0,0.0,0.0004841544854046122,-0.0015950915783717607,nan,0.0004841544854046122,-0.0015950915783717607,nan,1.2960917389468845,1.2960917389468845,0.0,0.0,0.0,nan,0,1,1.0,0.0,0.001408234833536489,-0.0006352724249134156,nan,0.001408234833536489,-0.0006352724249134156,nan,0.6157796234889505,0.6157796234889505,0.0,0.0,0.0,nan,0,1,1.0,0.0,0.0004841544854046122,-0.0015950915783717607,nan,0.0004841544854046122,-0.0015950915783717607,nan,1.2960917389468845,1.2960917389468845,0.0,0.0,0.0,nan,0
615,0.5780000000000004,0.45,,scientific,0,1,0.18645161290322582,1.0,0.0,0.00048296105172742016,-0.0015965578691885809,nan,0.00048296105172742016,-0.0015965578691885809,nan,1.2972909933439234,1.2972909933439234,0.0,0.0,0.0,nan,0,1,1.0,0.0,0.001408234833536489,-0.0006352724249134156,nan,0.001408234833536489,-0.0006352724249134156,nan,0.6157796234889505,0.6157796234889505,0.0,0.0,0.0,nan,0,1,1.0,0.0,0.00048296105172742016,-0.0015965578691885809,nan,0.00048296105172742016,-0.0015965578691885809,nan,1.2972909933439234,1.2972909933439234,0.0,0.0,0.0,nan,0
616,0.5790000000000004,0.45,,scientific,0,1,0.18645161290322582,1.0,0.0,-0.0004816520776078858,-0.0015719141919171955,nan,-0.0004816520776078858,-0.0015719141919171955,nan,1.3004372406255447,1.3004372406255447,0.0,0.0,0.0,nan,0,1,1.0,0.0,0.0006348720344462182,-0.0006141118080597151,nan,0.0006348720344462182,-0.0006141118080597151,nan,0.6168561612922691,0.6168561612922691,0.0,0.0,0.0,nan,0,1,1.0,0.0,-0.0004816520776078858,-0.0015719141919171955,nan,-0.0004816520776078858,-0.0015719141919171955,nan,1.3004372406255447,1.3004372406255447,0.0,0.0,0.0,nan,0
617,0.5800000000000004,0.45,,scientific,0,1,0.18645161290322582,1.0,0.0,-0.0004830801270916397,-0.0015733741586313793,nan,-0.0004830801270916397,-0.0015733741586313793,nan,1.3016375661504642,1.3016375661504642,0.0,0.0,0.0,nan,0,1,1.0,0.0,0.0006348720344462182,-0.0006141118080597151,nan,0.0006348720344462182,-0.0006141118080597151,nan,0.6168561612922691,0.6168561612922691,0.0,0.0,0.0,nan,0,1,1.0,0.0,-0.0004830801270916397,-0.0015733741586313793,nan,-0.0004830801270916397,-0.0015733741586313793,nan,1.3016375661504642,1.3016375661504642,0.0,0.0,0.0,nan,0
618,0.5810000000000004,0.45,,scientific,0,1,0.18645161290322582,1.0,0.0,-0.00048450594448420903,-0.0015748341077748995,nan,-0.00048450594448420903,-0.0015748341077748995,nan,1.3028377357112808,1.3028377357112808,0.0,0.0,0.0,nan,0,1,1.0,0.0,0.0006348720344462182,-0.0006141118080597151,nan,0.0006348720344462182,-0.0006141118080597151,nan,0.6168561612922691,0.6168561612922691,0.0,0.0,0.0,nan,0,1,1.0,0.0,-0.00048450594448420903,-0.0015748341077748995,nan,-0.00048450594448420903,-0.0015748341077748995,nan,1.3028377357112808,1.3028377357112808,0.0,0.0,0.0,nan,0
619,0.5820000000000004,0.45,,scientific,0,1,0.18645161290322582,1.0,0.0,-0.0004859295252388467,-0.0015762940585315373,nan,-0.0004859295252388467,-0.0015762940585315373,nan,1.3040377493695323,1.3040377493695323,0.0,0.0,0.0,nan,0,1,1.0,0.0,0.0006348720344462182,-0.0006141118080597151,nan,0.0006348720344462182,-0.0006141118080597151,nan,0.6168561612922691,0.6168561612922691,0.0,0.0,0.0,nan,0,1,1.0,0.0,-0.0004859295252388467,-0.0015762940585315373,nan,-0.0004859295252388467,-0.0015762940585315373,nan,1.3040377493695323,1.3040377493695323,0.0,0.0,0.0,nan,0
620,0.5830000000000004,0.45,,scientific,0,1,0.18645161290322582,1.0,0.0,-0.00048735083681827684,-0.0015777540212828668,nan,-0.00048735083681827684,-0.0015777540212828668,nan,1.3052376069608413,1.3052376069608413,0.0,0.0,0.0,nan,0,1,1.0,0.0,0.0006348720344462182,-0.0006141118080597151,nan,0.0006348720344462182,-0.0006141118080597151,nan,0.6168561612922691,0.6168561612922691,0.0,0.0,0.0,nan,0,1,1.0,0.0,-0.00048735083681827684,-0.0015777540212828668,nan,-0.00048735083681827684,-0.0015777540212828668,nan,1.3052376069608413,1.3052376069608413,0.0,0.0,0.0,nan,0
621,0.5840000000000004,0.45,,scientific,0,1,0.18645161290322582,1.0,0.0,-0.0004887698923994711,-0.0015792140334765395,nan,-0.0004887698923994711,-0.0015792140334765395,nan,1.3064373085079075,1.3064373085079075,0.0,0.0,0.0,nan,0,1,1.0,0.0,0.0006348720344462182,-0.0006141118080597151,nan,0.0006348720344462182,-0.0006141118080597151,nan,0.6168561612922691,0.6168561612922691,0.0,0.0,0.0,nan,0,1,1.0,0.0,-0.0004887698923994711,-0.0015792140334765395,nan,-0.0004887698923994711,-0.0015792140334765395,nan,1.3064373085079075,1.3064373085079075,0.0,0.0,0.0,nan,0
622,0.5850000000000004,0.45,,scientific,0,1,0.18645161290322582,1.0,0.0,-0.0004901866941076628,-0.0015806741140312716,nan,-0.0004901866941076628,-0.0015806741140312716,nan,1.307636853723933,1.307636853723933,0.0,0.0,0.0,nan,0,1,1.0,0.0,0.0006348720344462182,-0.0006141118080597151,nan,0.0006348720344462182,-0.0006141118080597151,nan,0.6168561612922691,0.6168561612922691,0.0,0.0,0.0,nan,0,1,1.0,0.0,-0.0004901866941076628,-0.0015806741140312716,nan,-0.0004901866941076628,-0.0015806741140312716,nan,1.307636853723933,1.307636853723933,0.0,0.0,0.0,nan,0
623,0.5860000000000004,0.45,,scientific,0,1,0.18645161290322582,1.0,0.0,-0.0004916012404859765,-0.0015821342467176992,nan,-0.0004916012404859765,-0.0015821342467176992,nan,1.3088362428418838,1.3088362428418838,0.0,0.0,0.0,nan,0,1,1.0,0.0,0.0006348720344462182,-0.0006141118080597151,nan,0.0006348720344462182,-0.0006141118080597151,nan,0.6168561612922691,0.6168561612922691,0.0,0.0,0.0,nan,0,1,1.0,0.0,-0.0004916012404859765,-0.0015821342467176992,nan,-0.0004916012404859765,-0.0015821342467176992,nan,1.3088362428418838,1.3088362428418838,0.0,0.0,0.0,nan,0
624,0.5870000000000004,0.45,,scientific,0,1,0.18645161290322582,1.0,0.0,-0.0004930135395202023,-0.0015835944443390864,nan,-0.0004930135395202023,-0.0015835944443390864,nan,1.3100354757291677,1.3100354757291677,0.0,0.0,0.0,nan,0,1,1.0,0.0,0.0006348720344462182,-0.0006141118080597151,nan,0.0006348720344462182,-0.0006141118080597151,nan,0.6168561612922691,0.6168561612922691,0.0,0.0,0.0,nan,0,1,1.0,0.0,-0.0004930135395202023,-0.0015835944443390864,nan,-0.0004930135395202023,-0.0015835944443390864,nan,1.3100354757291677,1.3100354757291677,0.0,0.0,0.0,nan,0
625,0.5880000000000004,0.45,,scientific,0,1,0.18645161290322582,1.0,0.0,-0.0004944235984458198,-0.001585054722079631,nan,-0.0004944235984458198,-0.001585054722079631,nan,1.311234552081519,1.311234552081519,0.0,0.0,0.0,nan,0,1,1.0,0.0,0.0006348720344462182,-0.0006141118080597151,nan,0.0006348720344462182,-0.0006141118080597151,nan,0.6168561612922691,0.6168561612922691,0.0,0.0,0.0,nan,0,1,1.0,0.0,-0.0004944235984458198,-0.001585054722079631,nan,-0.0004944235984458198,-0.001585054722079631,nan,1.311234552081519,1.311234552081519,0.0,0.0,0.0,nan,0
626,0.5890000000000004,0.45,,scientific,0,1,0.18645161290322582,1.0,0.0,-0.0012594597921004077,-0.0022193046629327543,nan,-0.0012594597921004077,-0.0022193046629327543,nan,1.3144511953540299,1.3144511953540299,0.0,0.0,0.0,nan,0,1,1.0,0.0,4.0876766791709595e-05,-0.0011059309579598104,nan,4.0876766791709595e-05,-0.0011059309579598104,nan,0.6179326990955878,0.6179326990955878,0.0,0.0,0.0,nan,0,1,1.0,0.0,-0.0012594597921004077,-0.0022193046629327543,nan,-0.0012594597921004077,-0.0022193046629327543,nan,1.3144511953540299,1.3144511953540299,0.0,0.0,0.0,nan,0
627,0.5900000000000004,0.45,,scientific,0,1,0.18645161290322582,1.0,0.0,-0.0012610715541420316,-0.002220936172286235,nan,-0.0012610715541420316,-0.002220936172286235,nan,1.315651423989101,1.315651423989101,0.0,0.0,0.0,nan,0,1,1.0,0.0,4.0876766791709595e-05,-0.0011059309579598104,nan,4.0876766791709595e-05,-0.0011059309579598104,nan,0.6179326990955878,0.6179326990955878,0.0,0.0,0.0,nan,0,1,1.0,0.0,-0.0012610715541420316,-0.002220936172286235,nan,-0.0012610715541420316,-0.002220936172286235,nan,1.315651423989101,1.315651423989101,0.0,0.0,0.0,nan,0
628,0.5910000000000004,0.45,,scientific,0,1,0.1870967741935484,1.0,0.0,-0.0012626809716630599,-0.0022225677022325945,nan,-0.0012626809716630599,-0.0022225677022325945,nan,1.3168514959046012,1.3168514959046012,0.0,0.0,0.0,nan,0,1,1.0,0.0,4.0876766791709595e-05,-0.0011059309579598104,nan,4.0876766791709595e-05,-0.0011059309579598104,nan,0.6179326990955878,0.6179326990955878,0.0,0.0,0.0,nan,0,1,1.0,0.0,-0.0012626809716630599,-0.0022225677022325945,nan,-0.0012626809716630599,-0.0022225677022325945,nan,1.3168514959046012,1.3168514959046012,0.0,0.0,0.0,nan,0
629,0.5920000000000004,0.45,,scientific,0,1,0.1870967741935484,1.0,0.0,-0.0012642880386023545,-0.002224199239120222,nan,-0.0012642880386023545,-0.002224199239120222,nan,1.318051410675024,1.318051410675024,0.0,0.0,0.0,nan,0,1,1.0,0.0,4.0876766791709595e-05,-0.0011059309579598104,nan,4.0876766791709595e-05,-0.0011059309579598104,nan,0.6179326990955878,0.6179326990955878,0.0,0.0,0.0,nan,0,1,1.0,0.0,-0.0012642880386023545,-0.002224199239120222,nan,-0.0012642880386023545,-0.002224199239120222,nan,1.318051410675024,1.318051410675024,0.0,0.0,0.0,nan,0
630,0.5930000000000004,0.45,,scientific,0,1,0.1870967741935484,1.0,0.0,-0.0012658927676500275,-0.002225830806354357,nan,-0.0012658927676500275,-0.002225830806354357,nan,1.31925116847902,1.31925116847902,0.0,0.0,0.0,nan,0,1,1.0,0.0,4.0876766791709595e-05,-0.0011059309579598104,nan,4.0876766791709595e-05,-0.0011059309579598104,nan,0.6179326990955878,0.6179326990955878,0.0,0.0,0.0,nan,0,1,1.0,0.0,-0.0012658927676500275,-0.002225830806354357,nan,-0.0012658927676500275,-0.002225830806354357,nan,1.31925116847902,1.31925116847902,0.0,0.0,0.0,nan,0
631,0.5940000000000004,0.45,,scientific,0,1,0.1870967741935484,1.0,0.0,-0.0017037016784249342,-0.0013678494346536787,nan,-0.0017037016784249342,-0.0013678494346536787,nan,1.3224171209266329,1.3224171209266329,0.0,0.0,0.0,nan,0,1,1.0,0.0,-0.0003081028055313645,-0.0004182282054784319,nan,-0.0003081028055313645,-0.0004182282054784319,nan,0.6190092368989064,0.6190092368989064,0.0,0.0,0.0,nan,0,1,1.0,0.0,-0.0017037016784249342,-0.0013678494346536787,nan,-0.0017037016784249342,-0.0013678494346536787,nan,1.3224171209266329,1.3224171209266329,0.0,0.0,0.0,nan,0
632,0.5950000000000004,0.45,,scientific,0,1,0.1870967741935484,1.0,0.0,-0.0017054091230011411,-0.0013692697005187585,nan,-0.0017054091230011411,-0.0013692697005187585,nan,1.3236179414886005,1.3236179414886005,0.0,0.0,0.0,nan,0,1,1.0,0.0,-0.0003081028055313645,-0.0004182282054784319,nan,-0.0003081028055313645,-0.0004182282054784319,nan,0.6190092368989064,0.6190092368989064,0.0,0.0,0.0,nan,0,1,1.0,0.0,-0.0017054091230011411,-0.0013692697005187585,nan,-0.0017054091230011411,-0.0013692697005187585,nan,1.3236179414886005,1.3236179414886005,0.0,0.0,0.0,nan,0
633,0.5960000000000004,0.45,,scientific,0,1,0.1870967741935484,1.0,0.0,-0.001707114187550212,-0.0013706900276520618,nan,-0.001707114187550212,-0.0013706900276520618,nan,1.3248186049275423,1.3248186049275423,0.0,0.0,0.0,nan,0,1,1.0,0.0,-0.0003081028055313645,-0.0004182282054784319,nan,-0.0003081028055313645,-0.0004182282054784319,nan,0.6190092368989064,0.6190092368989064,0.0,0.0,0.0,nan,0,1,1.0,0.0,-0.001707114187550212,-0.0013706900276520618,nan,-0.001707114187550212,-0.0013706900276520618,nan,1.3248186049275423,1.3248186049275423,0.0,0.0,0.0,nan,0
634,0.5970000000000004,0.45,,scientific,0,1,0.1870967741935484,1.0,0.0,-0.0017088168558919265,-0.0013721104331981251,nan,-0.0017088168558919265,-0.0013721104331981251,nan,1.3260191110292487,1.3260191110292487,0.0,0.0,0.0,nan,0,1,1.0,0.0,-0.0003081028055313645,-0.0004182282054784319,nan,-0.0003081028055313645,-0.0004182282054784319,nan,0.6190092368989064,0.6190092368989064,0.0,0.0,0.0,nan,0,1,1.0,0.0,-0.0017088168558919265,-0.0013721104331981251,nan,-0.0017088168558919265,-0.0013721104331981251,nan,1.3260191110292487,1.3260191110292487,0.0,0.0,0.0,nan,0
635,0.5980000000000004,0.45,,scientific,0,1,0.1870967741935484,1.0,0.0,-0.0017105171005846436,-0.0013735309151812045,nan,-0.0017105171005846436,-0.0013735309151812045,nan,1.3272194597645393,1.3272194597645393,0.0,0.0,0.0,nan,0,1,1.0,0.0,-0.0003081028055313645,-0.0004182282054784319,nan,-0.0003081028055313645,-0.0004182282054784319,nan,0.6190092368989064,0.6190092368989064,0.0,0.0,0.0,nan,0,1,1.0,0.0,-0.0017105171005846436,-0.0013735309151812045,nan,-0.0017105171005846436,-0.0013735309151812045,nan,1.3272194597645393,1.3272194597645393,0.0,0.0,0.0,nan,0
636,0.5990000000000004,0.45,,scientific,0,1,0.1870967741935484,1.0,0.0,-0.0017122149376434521,-0.0013749514865599834,nan,-0.0017122149376434521,-0.0013749514865599834,nan,1.32841965079149,1.32841965079149,0.0,0.0,0.0,nan,0,1,1.0,0.0,-0.0003081028055313645,-0.0004182282054784319,nan,-0.0003081028055313645,-0.0004182282054784319,nan,0.6190092368989064,0.6190092368989064,0.0,0.0,0.0,nan,0,1,1.0,0.0,-0.0017122149376434521,-0.0013749514865599834,nan,-0.0017122149376434521,-0.0013749514865599834,nan,1.32841965079149,1.32841965079149,0.0,0.0,0.0,nan,0
637,0.6000000000000004,0.45,,scientific,0,1,0.18774193548387097,1.0,0.0,-0.001713910391072835,-0.00137637215207911,nan,-0.001713910391072835,-0.00137637215207911,nan,1.3296196843220145,1.3296196843220145,0.0,0.0,0.0,nan,0,1,1.0,0.0,-0.0003081028055313645,-0.0004182282054784319,nan,-0.0003081028055313645,-0.0004182282054784319,nan,0.6190092368989064,0.6190092368989064,0.0,0.0,0.0,nan,0,1,1.0,0.0,-0.001713910391072835,-0.00137637215207911,nan,-0.001713910391072835,-0.00137637215207911,nan,1.3296196843220145,1.3296196843220145,0.0,0.0,0.0,nan,0
638,0.6010000000000004,0.45,,scientific,0,1,0.18774193548387097,1.0,0.0,-0.001715603446347335,-0.0013777929137443704,nan,-0.001715603446347335,-0.0013777929137443704,nan,1.3308195601330035,1.3308195601330035,0.0,0.0,0.0,nan,0,1,1.0,0.0,-0.0003081028055313645,-0.0004182282054784319,nan,-0.0003081028055313645,-0.0004182282054784319,nan,0.6190092368989064,0.6190092368989064,0.0,0.0,0.0,nan,0,1,1.0,0.0,-0.001715603446347335,-0.0013777929137443704,nan,-0.001715603446347335,-0.0013777929137443704,nan,1.3308195601330035,1.3308195601330035,0.0,0.0,0.0,nan,0
639,0.6020000000000004,0.45,,scientific,0,1,0.18774193548387097,1.0,0.0,-0.001717294075204401,-0.001379213779853169,nan,-0.001717294075204401,-0.001379213779853169,nan,1.3320192781046598,1.3320192781046598,0.0,0.0,0.0,nan,0,1,1.0,0.0,-0.0003081028055313645,-0.0004182282054784319,nan,-0.0003081028055313645,-0.0004182282054784319,nan,0.6190092368989064,0.6190092368989064,0.0,0.0,0.0,nan,0,1,1.0,0.0,-0.001717294075204401,-0.001379213779853169,nan,-0.001717294075204401,-0.001379213779853169,nan,1.3320192781046598,1.3320192781046598,0.0,0.0,0.0,nan,0
640,0.6030000000000004,0.45,,scientific,0,1,0.18774193548387097,1.0,0.0,-0.0017189822714524195,-0.001380634753762903,nan,-0.0017189822714524195,-0.001380634753762903,nan,1.3332188381441,1.3332188381441,0.0,0.0,0.0,nan,0,1,1.0,0.0,-0.0003081028055313645,-0.0004182282054784319,nan,-0.0003081028055313645,-0.0004182282054784319,nan,0.6190092368989064,0.6190092368989064,0.0,0.0,0.0,nan,0,1,1.0,0.0,-0.0017189822714524195,-0.001380634753762903,nan,-0.0017189822714524195,-0.001380634753762903,nan,1.3332188381441,1.3332188381441,0.0,0.0,0.0,nan,0
641,0.6040000000000004,0.45,,scientific,0,1,0.18774193548387097,1.0,0.0,-0.0017206680623350187,-0.0013820558361125215,nan,-0.0017206680623350187,-0.0013820558361125215,nan,1.3344182404654,1.3344182404654,0.0,0.0,0.0,nan,0,1,1.0,0.0,-0.0003081028055313645,-0.0004182282054784319,nan,-0.0003081028055313645,-0.0004182282054784319,nan,0.6190092368989064,0.6190092368989064,0.0,0.0,0.0,nan,0,1,1.0,0.0,-0.0017206680623350187,-0.0013820558361125215,nan,-0.0017206680623350187,-0.0013820558361125215,nan,1.3344182404654,1.3344182404654,0.0,0.0,0.0,nan,0
642,0.6050000000000004,0.45,,scientific,0,1,0.18774193548387097,1.0,0.0,-0.0017223514618775805,-0.0013834770434500493,nan,-0.0017223514618775805,-0.0013834770434500493,nan,1.3356174849596831,1.3356174849596831,0.0,0.0,0.0,nan,0,1,1.0,0.0,-0.0003081028055313645,-0.0004182282054784319,nan,-0.0003081028055313645,-0.0004182282054784319,nan,0.6190092368989064,0.6190092368989064,0.0,0.0,0.0,nan,0,1,1.0,0.0,-0.0017223514618775805,-0.0013834770434500493,nan,-0.0017223514618775805,-0.0013834770434500493,nan,1.3356174849596831,1.3356174849596831,0.0,0.0,0.0,nan,0
643,0.6060000000000004,0.45,,scientific,0,1,0.18774193548387097,1.0,0.0,-0.0017240324530790848,-0.0013848983680485457,nan,-0.0017240324530790848,-0.0013848983680485457,nan,1.3368165718436291,1.3368165718436291,0.0,0.0,0.0,nan,0,1,1.0,0.0,-0.0003081028055313645,-0.0004182282054784319,nan,-0.0003081028055313645,-0.0004182282054784319,nan,0.6190092368989064,0.6190092368989064,0.0,0.0,0.0,nan,0,1,1.0,0.0,-0.0017240324530790848,-0.0013848983680485457,nan,-0.0017240324530790848,-0.0013848983680485457,nan,1.3368165718436291,1.3368165718436291,0.0,0.0,0.0,nan,0
644,0.6070000000000004,0.45,,scientific,0,1,0.18838709677419355,1.0,0.0,-0.0017257110375022231,-0.0013863197949088427,nan,-0.0017257110375022231,-0.0013863197949088427,nan,1.3380155009766477,1.3380155009766477,0.0,0.0,0.0,nan,0,1,1.0,0.0,-0.0003081028055313645,-0.0004182282054784319,nan,-0.0003081028055313645,-0.0004182282054784319,nan,0.6190092368989064,0.6190092368989064,0.0,0.0,0.0,nan,0,1,1.0,0.0,-0.0017257110375022231,-0.0013863197949088427,nan,-0.0017257110375022231,-0.0013863197949088427,nan,1.3380155009766477,1.3380155009766477,0.0,0.0,0.0,nan,0
645,0.6080000000000004,0.45,,scientific,0,1,0.18838709677419355,1.0,0.0,-0.0017273871779571763,-0.0013877413168254295,nan,-0.0017273871779571763,-0.0013877413168254295,nan,1.339214271952165,1.339214271952165,0.0,0.0,0.0,nan,0,1,1.0,0.0,-0.0003081028055313645,-0.0004182282054784319,nan,-0.0003081028055313645,-0.0004182282054784319,nan,0.6190092368989064,0.6190092368989064,0.0,0.0,0.0,nan,0,1,1.0,0.0,-0.0017273871779571763,-0.0013877413168254295,nan,-0.0017273871779571763,-0.0013877413168254295,nan,1.339214271952165,1.339214271952165,0.0,0.0,0.0,nan,0
646,0.6090000000000004,0.45,,scientific,0,1,0.18838709677419355,1.0,0.0,-0.0017290608035852022,-0.0013891629081834924,nan,-0.0017290608035852022,-0.0013891629081834924,nan,1.3404128843672396,1.3404128843672396,0.0,0.0,0.0,nan,0,1,1.0,0.0,-0.0003081028055313645,-0.0004182282054784319,nan,-0.0003081028055313645,-0.0004182282054784319,nan,0.6190092368989064,0.6190092368989064,0.0,0.0,0.0,nan,0,1,1.0,0.0,-0.0017290608035852022,-0.0013891629081834924,nan,-0.0017290608035852022,-0.0013891629081834924,nan,1.3404128843672396,1.3404128843672396,0.0,0.0,0.0,nan,0
647,0.6100000000000004,0.45,,scientific,0,1,0.18838709677419355,1.0,0.0,-0.001730731908238507,-0.0013905845655307453,nan,-0.001730731908238507,-0.0013905845655307453,nan,1.3416113385469852,1.3416113385469852,0.0,0.0,0.0,nan,0,1,1.0,0.0,-0.0003081028055313645,-0.0004182282054784319,nan,-0.0003081028055313645,-0.0004182282054784319,nan,0.6190092368989064,0.6190092368989064,0.0,0.0,0.0,nan,0,1,1.0,0.0,-0.001730731908238507,-0.0013905845655307453,nan,-0.001730731908238507,-0.0013905845655307453,nan,1.3416113385469852,1.3416113385469852,0.0,0.0,0.0,nan,0
648,0.6110000000000004,0.45,,scientific,0,1,0.18838709677419355,1.0,0.0,-0.0017324005334015899,-0.0013920063121761496,nan,-0.0017324005334015899,-0.0013920063121761496,nan,1.3428096349353118,1.3428096349353118,0.0,0.0,0.0,nan,0,1,1.0,0.0,-0.0003081028055313645,-0.0004182282054784319,nan,-0.0003081028055313645,-0.0004182282054784319,nan,0.6190092368989064,0.6190092368989064,0.0,0.0,0.0,nan,0,1,1.0,0.0,-0.0017324005334015899,-0.0013920063121761496,nan,-0.0017324005334015899,-0.0013920063121761496,nan,1.3428096349353118,1.3428096349353118,0.0,0.0,0.0,nan,0
649,0.6120000000000004,0.45,,scientific,0,1,0.18903225806451612,1.0,0.0,-0.0017340666989623884,-0.0013934281656084989,nan,-0.0017340666989623884,-0.0013934281656084989,nan,1.3440077732396845,1.3440077732396845,0.0,0.0,0.0,nan,0,1,1.0,0.0,-0.0003081028055313645,-0.0004182282054784319,nan,-0.0003081028055313645,-0.0004182282054784319,nan,0.6190092368989064,0.6190092368989064,0.0,0.0,0.0,nan,0,1,1.0,0.0,-0.0017340666989623884,-0.0013934281656084989,nan,-0.0017340666989623884,-0.0013934281656084989,nan,1.3440077732396845,1.3440077732396845,0.0,0.0,0.0,nan,0
650,0.6130000000000004,0.45,,scientific,0,1,0.18903225806451612,1.0,0.0,-0.001735730407672282,-0.0013948501458790406,nan,-0.001735730407672282,-0.0013948501458790406,nan,1.3452057536329565,1.3452057536329565,0.0,0.0,0.0,nan,0,1,1.0,0.0,-0.0003081028055313645,-0.0004182282054784319,nan,-0.0003081028055313645,-0.0004182282054784319,nan,0.6190092368989064,0.6190092368989064,0.0,0.0,0.0,nan,0,1,1.0,0.0,-0.001735730407672282,-0.0013948501458790406,nan,-0.001735730407672282,-0.0013948501458790406,nan,1.3452057536329565,1.3452057536329565,0.0,0.0,0.0,nan,0
651,0.6140000000000004,0.45,,scientific,0,1,0.18903225806451612,1.0,0.0,-0.0017373916518456634,-0.0013962722744842624,nan,-0.0017373916518456634,-0.0013962722744842624,nan,1.3464035759482031,1.3464035759482031,0.0,0.0,0.0,nan,0,1,1.0,0.0,-0.0003081028055313645,-0.0004182282054784319,nan,-0.0003081028055313645,-0.0004182282054784319,nan,0.6190092368989064,0.6190092368989064,0.0,0.0,0.0,nan,0,1,1.0,0.0,-0.0017373916518456634,-0.0013962722744842624,nan,-0.0017373916518456634,-0.0013962722744842624,nan,1.3464035759482031,1.3464035759482031,0.0,0.0,0.0,nan,0
652,0.6150000000000004,0.45,,scientific,0,1,0.18903225806451612,1.0,0.0,-0.0017390504282680883,-0.0013976945600575202,nan,-0.0017390504282680883,-0.0013976945600575202,nan,1.3476012400265969,1.3476012400265969,0.0,0.0,0.0,nan,0,1,1.0,0.0,-0.0003081028055313645,-0.0004182282054784319,nan,-0.0003081028055313645,-0.0004182282054784319,nan,0.6190092368989064,0.6190092368989064,0.0,0.0,0.0,nan,0,1,1.0,0.0,-0.0017390504282680883,-0.0013976945600575202,nan,-0.0017390504282680883,-0.0013976945600575202,nan,1.3476012400265969,1.3476012400265969,0.0,0.0,0.0,nan,0
653,0.6160000000000004,0.45,,scientific,0,1,0.18903225806451612,1.0,0.0,-0.0017407067614970447,-0.001399116997245352,nan,-0.0017407067614970447,-0.001399116997245352,nan,1.3487987457936816,1.3487987457936816,0.0,0.0,0.0,nan,0,1,1.0,0.0,-0.0003081028055313645,-0.0004182282054784319,nan,-0.0003081028055313645,-0.0004182282054784319,nan,0.6190092368989064,0.6190092368989064,0.0,0.0,0.0,nan,0,1,1.0,0.0,-0.0017407067614970447,-0.001399116997245352,nan,-0.0017407067614970447,-0.001399116997245352,nan,1.3487987457936816,1.3487987457936816,0.0,0.0,0.0,nan,0
654,0.6170000000000004,0.45,,scientific,0,1,0.1896774193548387,1.0,0.0,-0.0017423606682990273,-0.0014005395785421262,nan,-0.0017423606682990273,-0.0014005395785421262,nan,1.3499960933007804,1.3499960933007804,0.0,0.0,0.0,nan,0,1,1.0,0.0,-0.0003081028055313645,-0.0004182282054784319,nan,-0.0003081028055313645,-0.0004182282054784319,nan,0.6190092368989064,0.6190092368989064,0.0,0.0,0.0,nan,0,1,1.0,0.0,-0.0017423606682990273,-0.0014005395785421262,nan,-0.0017423606682990273,-0.0014005395785421262,nan,1.3499960933007804,1.3499960933007804,0.0,0.0,0.0,nan,0
655,0.6180000000000004,0.45,,scientific,0,1,0.1896774193548387,1.0,0.0,-0.0017440121294821425,-0.0014019623107376933,nan,-0.0017440121294821425,-0.0014019623107376933,nan,1.3511932822917876,1.3511932822917876,0.0,0.0,0.0,nan,0,1,1.0,0.0,-0.0003081028055313645,-0.0004182282054784319,nan,-0.0003081028055313645,-0.0004182282054784319,nan,0.6190092368989064,0.6190092368989064,0.0,0.0,0.0,nan,0,1,1.0,0.0,-0.0017440121294821425,-0.0014019623107376933,nan,-0.0017440121294821425,-0.0014019623107376933,nan,1.3511932822917876,1.3511932822917876,0.0,0.0,0.0,nan,0
656,0.6190000000000004,0.45,,scientific,0,1,0.1896774193548387,1.0,0.0,-0.0017456611334262,-0.001403385208692906,nan,-0.0017456611334262,-0.001403385208692906,nan,1.352390312911739,1.352390312911739,0.0,0.0,0.0,nan,0,1,1.0,0.0,-0.0003081028055313645,-0.0004182282054784319,nan,-0.0003081028055313645,-0.0004182282054784319,nan,0.6190092368989064,0.6190092368989064,0.0,0.0,0.0,nan,0,1,1.0,0.0,-0.0017456611334262,-0.001403385208692906,nan,-0.0017456611334262,-0.001403385208692906,nan,1.352390312911739,1.352390312911739,0.0,0.0,0.0,nan,0
657,0.6200000000000004,0.45,,scientific,0,1,0.1896774193548387,1.0,0.0,-0.001747307681450332,-0.0014048082851318598,nan,-0.001747307681450332,-0.0014048082851318598,nan,1.3535871847408272,1.3535871847408272,0.0,0.0,0.0,nan,0,1,1.0,0.0,-0.0003081028055313645,-0.0004182282054784319,nan,-0.0003081028055313645,-0.0004182282054784319,nan,0.6190092368989064,0.6190092368989064,0.0,0.0,0.0,nan,0,1,1.0,0.0,-0.001747307681450332,-0.0014048082851318598,nan,-0.001747307681450332,-0.0014048082851318598,nan,1.3535871847408272,1.3535871847408272,0.0,0.0,0.0,nan,0
658,0.6210000000000004,0.45,,scientific,0,1,0.1896774193548387,1.0,0.0,-0.0017489517571959976,-0.0014062315717900576,nan,-0.0017489517571959976,-0.0014062315717900576,nan,1.354783897627283,1.354783897627283,0.0,0.0,0.0,nan,0,1,1.0,0.0,-0.0003081028055313645,-0.0004182282054784319,nan,-0.0003081028055313645,-0.0004182282054784319,nan,0.6190092368989064,0.6190092368989064,0.0,0.0,0.0,nan,0,1,1.0,0.0,-0.0017489517571959976,-0.0014062315717900576,nan,-0.0017489517571959976,-0.0014062315717900576,nan,1.354783897627283,1.354783897627283,0.0,0.0,0.0,nan,0
659,0.6220000000000004,0.45,,scientific,0,1,0.1896774193548387,1.0,0.0,-0.001750593332159784,-0.0014076550836491543,nan,-0.001750593332159784,-0.0014076550836491543,nan,1.3559804514961666,1.3559804514961666,0.0,0.0,0.0,nan,0,1,1.0,0.0,-0.0003081028055313645,-0.0004182282054784319,nan,-0.0003081028055313645,-0.0004182282054784319,nan,0.6190092368989064,0.6190092368989064,0.0,0.0,0.0,nan,0,1,1.0,0.0,-0.001750593332159784,-0.0014076550836491543,nan,-0.001750593332159784,-0.0014076550836491543,nan,1.3559804514961666,1.3559804514961666,0.0,0.0,0.0,nan,0
660,0.6230000000000004,0.45,,scientific,0,1,0.1896774193548387,1.0,0.0,-0.0017522323863919291,-0.0014090788087341352,nan,-0.0017522323863919291,-0.0014090788087341352,nan,1.357176846861293,1.357176846861293,0.0,0.0,0.0,nan,0,1,1.0,0.0,-0.0003081028055313645,-0.0004182282054784319,nan,-0.0003081028055313645,-0.0004182282054784319,nan,0.6190092368989064,0.6190092368989064,0.0,0.0,0.0,nan,0,1,1.0,0.0,-0.0017522323863919291,-0.0014090788087341352,nan,-0.0017522323863919291,-0.0014090788087341352,nan,1.357176846861293,1.357176846861293,0.0,0.0,0.0,nan,0
661,0.6240000000000004,0.45,,scientific,0,1,0.1896774193548387,1.0,0.0,-0.0017538689256214803,-0.0014105027236733954,nan,-0.0017538689256214803,-0.0014105027236733954,nan,1.3583730832252323,1.3583730832252323,0.0,0.0,0.0,nan,0,1,1.0,0.0,-0.0003081028055313645,-0.0004182282054784319,nan,-0.0003081028055313645,-0.0004182282054784319,nan,0.6190092368989064,0.6190092368989064,0.0,0.0,0.0,nan,0,1,1.0,0.0,-0.0017538689256214803,-0.0014105027236733954,nan,-0.0017538689256214803,-0.0014105027236733954,nan,1.3583730832252323,1.3583730832252323,0.0,0.0,0.0,nan,0
662,0.6250000000000004,0.45,,scientific,0,1,0.1896774193548387,1.0,0.0,-0.0027002185401970393,-0.0016373627192395354,nan,-0.0027002185401970393,-0.0016373627192395354,nan,1.3615816277374744,1.3615816277374744,0.0,0.0,0.0,nan,0,1,1.0,0.0,-0.0010566568222769204,-0.0005966735711932538,nan,-0.0010566568222769204,-0.0005966735711932538,nan,0.6200857747022249,0.6200857747022249,0.0,0.0,0.0,nan,0,1,1.0,0.0,-0.0027002185401970393,-0.0016373627192395354,nan,-0.0027002185401970393,-0.0016373627192395354,nan,1.3615816277374744,1.3615816277374744,0.0,0.0,0.0,nan,0
663,0.6260000000000004,0.45,,scientific,0,1,0.1896774193548387,1.0,0.0,-0.0017771029065569216,-0.0013496935989178473,nan,-0.0017771029065569216,-0.0013496935989178473,nan,1.3647839285596801,1.3647839285596801,0.0,0.0,0.0,nan,0,1,1.0,0.0,-0.0003207971442400999,-0.0003665283472605726,nan,-0.0003207971442400999,-0.0003665283472605726,nan,0.6211623125055435,0.6211623125055435,0.0,0.0,0.0,nan,0,1,1.0,0.0,-0.0017771029065569216,-0.0013496935989178473,nan,-0.0017771029065569216,-0.0013496935989178473,nan,1.3647839285596801,1.3647839285596801,0.0,0.0,0.0,nan,0
664,0.6270000000000004,0.45,,scientific,0,1,0.1896774193548387,1.0,0.0,-0.0017787420439196381,-0.0013511041077695584,nan,-0.0017787420439196381,-0.0013511041077695584,nan,1.365982418481583,1.365982418481583,0.0,0.0,0.0,nan,0,1,1.0,0.0,-0.0003207971442400999,-0.0003665283472605726,nan,-0.0003207971442400999,-0.0003665283472605726,nan,0.6211623125055435,0.6211623125055435,0.0,0.0,0.0,nan,0,1,1.0,0.0,-0.0017787420439196381,-0.0013511041077695584,nan,-0.0017787420439196381,-0.0013511041077695584,nan,1.365982418481583,1.365982418481583,0.0,0.0,0.0,nan,0
665,0.6280000000000004,0.45,,scientific,0,1,0.1896774193548387,1.0,0.0,-0.0017803786848286669,-0.001352514887125,nan,-0.0017803786848286669,-0.001352514887125,nan,1.3671807486869574,1.3671807486869574,0.0,0.0,0.0,nan,0,1,1.0,0.0,-0.0003207971442400999,-0.0003665283472605726,nan,-0.0003207971442400999,-0.0003665283472605726,nan,0.6211623125055435,0.6211623125055435,0.0,0.0,0.0,nan,0,1,1.0,0.0,-0.0017803786848286669,-0.001352514887125,nan,-0.0017803786848286669,-0.001352514887125,nan,1.3671807486869574,1.3671807486869574,0.0,0.0,0.0,nan,0
666,0.6290000000000004,0.45,,scientific,0,1,0.1896774193548387,1.0,0.0,-0.0017820128219548554,-0.0013539259268856882,nan,-0.0017820128219548554,-0.0013539259268856882,nan,1.3683789190043003,1.3683789190043003,0.0,0.0,0.0,nan,0,1,1.0,0.0,-0.0003207971442400999,-0.0003665283472605726,nan,-0.0003207971442400999,-0.0003665283472605726,nan,0.6211623125055435,0.6211623125055435,0.0,0.0,0.0,nan,0,1,1.0,0.0,-0.0017820128219548554,-0.0013539259268856882,nan,-0.0017820128219548554,-0.0013539259268856882,nan,1.3683789190043003,1.3683789190043003,0.0,0.0,0.0,nan,0
667,0.6300000000000004,0.45,,scientific,0,1,0.1896774193548387,1.0,0.0,-0.0017836444505303862,-0.0013553371852235464,nan,-0.0017836444505303862,-0.0013553371852235464,nan,1.369576929055334,1.369576929055334,0.0,0.0,0.0,nan,0,1,1.0,0.0,-0.0003207971442400999,-0.0003665283472605726,nan,-0.0003207971442400999,-0.0003665283472605726,nan,0.6211623125055435,0.6211623125055435,0.0,0.0,0.0,nan,0,1,1.0,0.0,-0.0017836444505303862,-0.0013553371852235464,nan,-0.0017836444505303862,-0.0013553371852235464,nan,1.369576929055334,1.369576929055334,0.0,0.0,0.0,nan,0
668,0.6310000000000004,0.45,,scientific,0,1,0.1896774193548387,1.0,0.0,-0.0017852735388523846,-0.0013567486120229196,nan,-0.0017852735388523846,-0.0013567486120229196,nan,1.3707747783440012,1.3707747783440012,0.0,0.0,0.0,nan,0,1,1.0,0.0,-0.0003207971442400999,-0.0003665283472605726,nan,-0.0003207971442400999,-0.0003665283472605726,nan,0.6211623125055435,0.6211623125055435,0.0,0.0,0.0,nan,0,1,1.0,0.0,-0.0017852735388523846,-0.0013567486120229196,nan,-0.0017852735388523846,-0.0013567486120229196,nan,1.3707747783440012,1.3707747783440012,0.0,0.0,0.0,nan,0
669,0.6320000000000005,0.45,,scientific,0,1,0.1896774193548387,1.0,0.0,-0.0017869000869297868,-0.0013581601922303364,nan,-0.0017869000869297868,-0.0013581601922303364,nan,1.3719724673864513,1.3719724673864513,0.0,0.0,0.0,nan,0,1,1.0,0.0,-0.0003207971442400999,-0.0003665283472605726,nan,-0.0003207971442400999,-0.0003665283472605726,nan,0.6211623125055435,0.6211623125055435,0.0,0.0,0.0,nan,0,1,1.0,0.0,-0.0017869000869297868,-0.0013581601922303364,nan,-0.0017869000869297868,-0.0013581601922303364,nan,1.3719724673864513,1.3719724673864513,0.0,0.0,0.0,nan,0
670,0.6330000000000005,0.45,,scientific,0,1,0.1896774193548387,1.0,0.0,-0.0017885240631759958,-0.0013595719732099145,nan,-0.0017885240631759958,-0.0013595719732099145,nan,1.3731699966960051,1.3731699966960051,0.0,0.0,0.0,nan,0,1,1.0,0.0,-0.0003207971442400999,-0.0003665283472605726,nan,-0.0003207971442400999,-0.0003665283472605726,nan,0.6211623125055435,0.6211623125055435,0.0,0.0,0.0,nan,0,1,1.0,0.0,-0.0017885240631759958,-0.0013595719732099145,nan,-0.0017885240631759958,-0.0013595719732099145,nan,1.3731699966960051,1.3731699966960051,0.0,0.0,0.0,nan,0
671,0.6340000000000005,0.45,,scientific,0,1,0.1896774193548387,1.0,0.0,-0.001790145484765564,-0.0013609840106457768,nan,-0.001790145484765564,-0.0013609840106457768,nan,1.3743673660690312,1.3743673660690312,0.0,0.0,0.0,nan,0,1,1.0,0.0,-0.0003207971442400999,-0.0003665283472605726,nan,-0.0003207971442400999,-0.0003665283472605726,nan,0.6211623125055435,0.6211623125055435,0.0,0.0,0.0,nan,0,1,1.0,0.0,-0.001790145484765564,-0.0013609840106457768,nan,-0.001790145484765564,-0.0013609840106457768,nan,1.3743673660690312,1.3743673660690312,0.0,0.0,0.0,nan,0
672,0.6350000000000005,0.45,,scientific,0,1,0.1896774193548387,1.0,0.0,-0.0017917643509946153,-0.0013623963347990649,nan,-0.0017917643509946153,-0.0013623963347990649,nan,1.3755645758321076,1.3755645758321076,0.0,0.0,0.0,nan,0,1,1.0,0.0,-0.0003207971442400999,-0.0003665283472605726,nan,-0.0003207971442400999,-0.0003665283472605726,nan,0.6211623125055435,0.6211623125055435,0.0,0.0,0.0,nan,0,1,1.0,0.0,-0.0017917643509946153,-0.0013623963347990649,nan,-0.0017917643509946153,-0.0013623963347990649,nan,1.3755645758321076,1.3755645758321076,0.0,0.0,0.0,nan,0
673,0.6360000000000005,0.45,,scientific,0,1,0.1896774193548387,1.0,0.0,-0.0020272515981987357,-0.00038698903690805324,nan,-0.0020272515981987357,-0.00038698903690805324,nan,1.3788535763682477,1.3788535763682477,0.0,0.0,0.0,nan,0,1,1.0,0.0,-0.0004999291554423834,0.00038129612184141043,nan,-0.0004999291554423834,0.00038129612184141043,nan,0.6222388503088622,0.6222388503088622,0.0,0.0,0.0,nan,0,1,1.0,0.0,-0.0020272515981987357,-0.00038698903690805324,nan,-0.0020272515981987357,-0.00038698903690805324,nan,1.3788535763682477,1.3788535763682477,0.0,0.0,0.0,nan,0
674,0.6370000000000005,0.45,,scientific,0,1,0.1896774193548387,1.0,0.0,-0.0020289275042057837,-0.0003881429998364254,nan,-0.0020289275042057837,-0.0003881429998364254,nan,1.380051926762843,1.380051926762843,0.0,0.0,0.0,nan,0,1,1.0,0.0,-0.0004999291554423834,0.00038129612184141043,nan,-0.0004999291554423834,0.00038129612184141043,nan,0.6222388503088622,0.6222388503088622,0.0,0.0,0.0,nan,0,1,1.0,0.0,-0.0020289275042057837,-0.0003881429998364254,nan,-0.0020289275042057837,-0.0003881429998364254,nan,1.380051926762843,1.380051926762843,0.0,0.0,0.0,nan,0
675,0.6380000000000005,0.45,,scientific,0,1,0.1896774193548387,1.0,0.0,-0.0020306007767265364,-0.0003892972939799776,nan,-0.0020306007767265364,-0.0003892972939799776,nan,1.3812501161516302,1.3812501161516302,0.0,0.0,0.0,nan,0,1,1.0,0.0,-0.0004999291554423834,0.00038129612184141043,nan,-0.0004999291554423834,0.00038129612184141043,nan,0.6222388503088622,0.6222388503088622,0.0,0.0,0.0,nan,0,1,1.0,0.0,-0.0020306007767265364,-0.0003892972939799776,nan,-0.0020306007767265364,-0.0003892972939799776,nan,1.3812501161516302,1.3812501161516302,0.0,0.0,0.0,nan,0
676,0.6390000000000005,0.45,,scientific,0,1,0.1896774193548387,1.0,0.0,-0.002032271430416423,-0.0003904519522826405,nan,-0.002032271430416423,-0.0003904519522826405,nan,1.3824481450660975,1.3824481450660975,0.0,0.0,0.0,nan,0,1,1.0,0.0,-0.0004999291554423834,0.00038129612184141043,nan,-0.0004999291554423834,0.00038129612184141043,nan,0.6222388503088622,0.6222388503088622,0.0,0.0,0.0,nan,0,1,1.0,0.0,-0.002032271430416423,-0.0003904519522826405,nan,-0.002032271430416423,-0.0003904519522826405,nan,1.3824481450660975,1.3824481450660975,0.0,0.0,0.0,nan,0
677,0.6400000000000005,0.45,,scientific,0,1,0.1896774193548387,1.0,0.0,-0.002033939476257957,-0.0003916069730827695,nan,-0.002033939476257957,-0.0003916069730827695,nan,1.3836460136022044,1.3836460136022044,0.0,0.0,0.0,nan,0,1,1.0,0.0,-0.0004999291554423834,0.00038129612184141043,nan,-0.0004999291554423834,0.00038129612184141043,nan,0.6222388503088622,0.6222388503088622,0.0,0.0,0.0,nan,0,1,1.0,0.0,-0.002033939476257957,-0.0003916069730827695,nan,-0.002033939476257957,-0.0003916069730827695,nan,1.3836460136022044,1.3836460136022044,0.0,0.0,0.0,nan,0
678,0.6410000000000005,0.45,,scientific,0,1,0.1896774193548387,1.0,0.0,-0.0020356048737202735,-0.00039276233674315393,nan,-0.0020356048737202735,-0.00039276233674315393,nan,1.3848437211076539,1.3848437211076539,0.0,0.0,0.0,nan,0,1,1.0,0.0,-0.0004999291554423834,0.00038129612184141043,nan,-0.0004999291554423834,0.00038129612184141043,nan,0.6222388503088622,0.6222388503088622,0.0,0.0,0.0,nan,0,1,1.0,0.0,-0.0020356048737202735,-0.00039276233674315393,nan,-0.0020356048737202735,-0.00039276233674315393,nan,1.3848437211076539,1.3848437211076539,0.0,0.0,0.0,nan,0
679,0.6420000000000005,0.45,,scientific,0,1,0.19032258064516128,1.0,0.0,-0.00203726764642391,-0.00039391803886969386,nan,-0.00203726764642391,-0.00039391803886969386,nan,1.386041267147688,1.386041267147688,0.0,0.0,0.0,nan,0,1,1.0,0.0,-0.0004999291554423834,0.00038129612184141043,nan,-0.0004999291554423834,0.00038129612184141043,nan,0.6222388503088622,0.6222388503088622,0.0,0.0,0.0,nan,0,1,1.0,0.0,-0.00203726764642391,-0.00039391803886969386,nan,-0.00203726764642391,-0.00039391803886969386,nan,1.386041267147688,1.386041267147688,0.0,0.0,0.0,nan,0
680,0.6430000000000005,0.45,,scientific,0,1,0.19032258064516128,1.0,0.0,-0.002038927785806052,-0.00039507413645783985,nan,-0.002038927785806052,-0.00039507413645783985,nan,1.38723865123266,1.38723865123266,0.0,0.0,0.0,nan,0,1,1.0,0.0,-0.0004999291554423834,0.00038129612184141043,nan,-0.0004999291554423834,0.00038129612184141043,nan,0.6222388503088622,0.6222388503088622,0.0,0.0,0.0,nan,0,1,1.0,0.0,-0.002038927785806052,-0.00039507413645783985,nan,-0.002038927785806052,-0.00039507413645783985,nan,1.38723865123266,1.38723865123266,0.0,0.0,0.0,nan,0
681,0.6440000000000005,0.45,,scientific,0,1,0.19032258064516128,1.0,0.0,-0.0020405852386508505,-0.00039623061108484014,nan,-0.0020405852386508505,-0.00039623061108484014,nan,1.388435872868297,1.388435872868297,0.0,0.0,0.0,nan,0,1,1.0,0.0,-0.0004999291554423834,0.00038129612184141043,nan,-0.0004999291554423834,0.00038129612184141043,nan,0.6222388503088622,0.6222388503088622,0.0,0.0,0.0,nan,0,1,1.0,0.0,-0.0020405852386508505,-0.00039623061108484014,nan,-0.0020405852386508505,-0.00039623061108484014,nan,1.388435872868297,1.388435872868297,0.0,0.0,0.0,nan,0
682,0.6450000000000005,0.45,,scientific,0,1,0.19096774193548388,1.0,0.0,-0.0020422399860769904,-0.0003973874845203057,nan,-0.0020422399860769904,-0.0003973874845203057,nan,1.3896329317551315,1.3896329317551315,0.0,0.0,0.0,nan,0,1,1.0,0.0,-0.0004999291554423834,0.00038129612184141043,nan,-0.0004999291554423834,0.00038129612184141043,nan,0.6222388503088622,0.6222388503088622,0.0,0.0,0.0,nan,0,1,1.0,0.0,-0.0020422399860769904,-0.0003973874845203057,nan,-0.0020422399860769904,-0.0003973874845203057,nan,1.3896329317551315,1.3896329317551315,0.0,0.0,0.0,nan,0
683,0.6460000000000005,0.45,,scientific,0,1,0.19096774193548388,1.0,0.0,-0.002043892112626309,-0.00039854479109081376,nan,-0.002043892112626309,-0.00039854479109081376,nan,1.3908298280811016,1.3908298280811016,0.0,0.0,0.0,nan,0,1,1.0,0.0,-0.0004999291554423834,0.00038129612184141043,nan,-0.0004999291554423834,0.00038129612184141043,nan,0.6222388503088622,0.6222388503088622,0.0,0.0,0.0,nan,0,1,1.0,0.0,-0.002043892112626309,-0.00039854479109081376,nan,-0.002043892112626309,-0.00039854479109081376,nan,1.3908298280811016,1.3908298280811016,0.0,0.0,0.0,nan,0
684,0.6470000000000005,0.45,,scientific,0,1,0.19096774193548388,1.0,0.0,-0.002045541574703004,-0.00039970251256109696,nan,-0.002045541574703004,-0.00039970251256109696,nan,1.3920265621859784,1.3920265621859784,0.0,0.0,0.0,nan,0,1,1.0,0.0,-0.0004999291554423834,0.00038129612184141043,nan,-0.0004999291554423834,0.00038129612184141043,nan,0.6222388503088622,0.6222388503088622,0.0,0.0,0.0,nan,0,1,1.0,0.0,-0.002045541574703004,-0.00039970251256109696,nan,-0.002045541574703004,-0.00039970251256109696,nan,1.3920265621859784,1.3920265621859784,0.0,0.0,0.0,nan,0
685,0.6480000000000005,0.45,,scientific,0,1,0.19096774193548388,1.0,0.0,-0.002047188367909441,-0.00040086054892971327,nan,-0.002047188367909441,-0.00040086054892971327,nan,1.3932231343602661,1.3932231343602661,0.0,0.0,0.0,nan,0,1,1.0,0.0,-0.0004999291554423834,0.00038129612184141043,nan,-0.0004999291554423834,0.00038129612184141043,nan,0.6222388503088622,0.6222388503088622,0.0,0.0,0.0,nan,0,1,1.0,0.0,-0.002047188367909441,-0.00040086054892971327,nan,-0.002047188367909441,-0.00040086054892971327,nan,1.3932231343602661,1.3932231343602661,0.0,0.0,0.0,nan,0
686,0.6490000000000005,0.45,,scientific,0,1,0.19096774193548388,1.0,0.0,-0.002048832551494122,-0.0004020189837922376,nan,-0.002048832551494122,-0.0004020189837922376,nan,1.3944195441730836,1.3944195441730836,0.0,0.0,0.0,nan,0,1,1.0,0.0,-0.0004999291554423834,0.00038129612184141043,nan,-0.0004999291554423834,0.00038129612184141043,nan,0.6222388503088622,0.6222388503088622,0.0,0.0,0.0,nan,0,1,1.0,0.0,-0.002048832551494122,-0.0004020189837922376,nan,-0.002048832551494122,-0.0004020189837922376,nan,1.3944195441730836,1.3944195441730836,0.0,0.0,0.0,nan,0
687,0.6500000000000005,0.45,,scientific,0,1,0.19096774193548388,1.0,0.0,-0.0020504739615131882,-0.00040317785513186897,nan,-0.0020504739615131882,-0.00040317785513186897,nan,1.3956157916076195,1.3956157916076195,0.0,0.0,0.0,nan,0,1,1.0,0.0,-0.0004999291554423834,0.00038129612184141043,nan,-0.0004999291554423834,0.00038129612184141043,nan,0.6222388503088622,0.6222388503088622,0.0,0.0,0.0,nan,0,1,1.0,0.0,-0.0020504739615131882,-0.00040317785513186897,nan,-0.0020504739615131882,-0.00040317785513186897,nan,1.3956157916076195,1.3956157916076195,0.0,0.0,0.0,nan,0
688,0.6510000000000005,0.45,,scientific,0,1,0.19096774193548388,1.0,0.0,-0.0020521126003412095,-0.0004043371593461182,nan,-0.0020521126003412095,-0.0004043371593461182,nan,1.3968118768998246,1.3968118768998246,0.0,0.0,0.0,nan,0,1,1.0,0.0,-0.0004999291554423834,0.00038129612184141043,nan,-0.0004999291554423834,0.00038129612184141043,nan,0.6222388503088622,0.6222388503088622,0.0,0.0,0.0,nan,0,1,1.0,0.0,-0.0020521126003412095,-0.0004043371593461182,nan,-0.0020521126003412095,-0.0004043371593461182,nan,1.3968118768998246,1.3968118768998246,0.0,0.0,0.0,nan,0
689,0.6520000000000005,0.45,,scientific,0,1,0.19096774193548388,1.0,0.0,-0.0020537485843569857,-0.0004054969135875571,nan,-0.0020537485843569857,-0.0004054969135875571,nan,1.398007798887161,1.398007798887161,0.0,0.0,0.0,nan,0,1,1.0,0.0,-0.0004999291554423834,0.00038129612184141043,nan,-0.0004999291554423834,0.00038129612184141043,nan,0.6222388503088622,0.6222388503088622,0.0,0.0,0.0,nan,0,1,1.0,0.0,-0.0020537485843569857,-0.0004054969135875571,nan,-0.0020537485843569857,-0.0004054969135875571,nan,1.398007798887161,1.398007798887161,0.0,0.0,0.0,nan,0
690,0.6530000000000005,0.45,,scientific,0,1,0.19096774193548388,1.0,0.0,-0.002055381898786868,-0.0004066570228199953,nan,-0.002055381898786868,-0.0004066570228199953,nan,1.3992035564074712,1.3992035564074712,0.0,0.0,0.0,nan,0,1,1.0,0.0,-0.0004999291554423834,0.00038129612184141043,nan,-0.0004999291554423834,0.00038129612184141043,nan,0.6222388503088622,0.6222388503088622,0.0,0.0,0.0,nan,0,1,1.0,0.0,-0.002055381898786868,-0.0004066570228199953,nan,-0.002055381898786868,-0.0004066570228199953,nan,1.3992035564074712,1.3992035564074712,0.0,0.0,0.0,nan,0
691,0.6540000000000005,0.45,,scientific,0,1,0.19096774193548388,1.0,0.0,-0.002057012387094847,-0.00040781763593569905,nan,-0.002057012387094847,-0.00040781763593569905,nan,1.4003991504064097,1.4003991504064097,0.0,0.0,0.0,nan,0,1,1.0,0.0,-0.0004999291554423834,0.00038129612184141043,nan,-0.0004999291554423834,0.00038129612184141043,nan,0.6222388503088622,0.6222388503088622,0.0,0.0,0.0,nan,0,1,1.0,0.0,-0.002057012387094847,-0.00040781763593569905,nan,-0.002057012387094847,-0.00040781763593569905,nan,1.4003991504064097,1.4003991504064097,0.0,0.0,0.0,nan,0
692,0.6550000000000005,0.45,,scientific,0,1,0.19161290322580646,1.0,0.0,-0.0020586401494457466,-0.0004089786655978607,nan,-0.0020586401494457466,-0.0004089786655978607,nan,1.4015945803760377,1.4015945803760377,0.0,0.0,0.0,nan,0,1,1.0,0.0,-0.0004999291554423834,0.00038129612184141043,nan,-0.0004999291554423834,0.00038129612184141043,nan,0.6222388503088622,0.6222388503088622,0.0,0.0,0.0,nan,0,1,1.0,0.0,-0.0020586401494457466,-0.0004089786655978607,nan,-0.0020586401494457466,-0.0004089786655978607,nan,1.4015945803760377,1.4015945803760377,0.0,0.0,0.0,nan,0
693,0.6560000000000005,0.45,,scientific,0,1,0.19161290322580646,1.0,0.0,-0.002060265068245531,-0.0004101401724035899,nan,-0.002060265068245531,-0.0004101401724035899,nan,1.4027898441050877,1.4027898441050877,0.0,0.0,0.0,nan,0,1,1.0,0.0,-0.0004999291554423834,0.00038129612184141043,nan,-0.0004999291554423834,0.00038129612184141043,nan,0.6222388503088622,0.6222388503088622,0.0,0.0,0.0,nan,0,1,1.0,0.0,-0.002060265068245531,-0.0004101401724035899,nan,-0.002060265068245531,-0.0004101401724035899,nan,1.4027898441050877,1.4027898441050877,0.0,0.0,0.0,nan,0
694,0.6570000000000005,0.45,,scientific,0,1,0.19161290322580646,1.0,0.0,-0.002061887140907739,-0.0004113022316739297,nan,-0.002061887140907739,-0.0004113022316739297,nan,1.4039849413225818,1.4039849413225818,0.0,0.0,0.0,nan,0,1,1.0,0.0,-0.0004999291554423834,0.00038129612184141043,nan,-0.0004999291554423834,0.00038129612184141043,nan,0.6222388503088622,0.6222388503088622,0.0,0.0,0.0,nan,0,1,1.0,0.0,-0.002061887140907739,-0.0004113022316739297,nan,-0.002061887140907739,-0.0004113022316739297,nan,1.4039849413225818,1.4039849413225818,0.0,0.0,0.0,nan,0
695,0.6580000000000005,0.45,,scientific,0,1,0.19161290322580646,1.0,0.0,-0.0020635065966140365,-0.00041246463982398635,nan,-0.0020635065966140365,-0.00041246463982398635,nan,1.4051798723227784,1.4051798723227784,0.0,0.0,0.0,nan,0,1,1.0,0.0,-0.0004999291554423834,0.00038129612184141043,nan,-0.0004999291554423834,0.00038129612184141043,nan,0.6222388503088622,0.6222388503088622,0.0,0.0,0.0,nan,0,1,1.0,0.0,-0.0020635065966140365,-0.00041246463982398635,nan,-0.0020635065966140365,-0.00041246463982398635,nan,1.4051798723227784,1.4051798723227784,0.0,0.0,0.0,nan,0
696,0.6590000000000005,0.45,,scientific,0,1,0.19161290322580646,1.0,0.0,-0.002065123349722332,-0.00041362755020753086,nan,-0.002065123349722332,-0.00041362755020753086,nan,1.4063746376952488,1.4063746376952488,0.0,0.0,0.0,nan,0,1,1.0,0.0,-0.0004999291554423834,0.00038129612184141043,nan,-0.0004999291554423834,0.00038129612184141043,nan,0.6222388503088622,0.6222388503088622,0.0,0.0,0.0,nan,0,1,1.0,0.0,-0.002065123349722332,-0.00041362755020753086,nan,-0.002065123349722332,-0.00041362755020753086,nan,1.4063746376952488,1.4063746376952488,0.0,0.0,0.0,nan,0
697,0.6600000000000005,0.45,,scientific,0,1,0.19161290322580646,1.0,0.0,-0.002066737295805954,-0.00041479093063417227,nan,-0.002066737295805954,-0.00041479093063417227,nan,1.4075692369446344,1.4075692369446344,0.0,0.0,0.0,nan,0,1,1.0,0.0,-0.0004999291554423834,0.00038129612184141043,nan,-0.0004999291554423834,0.00038129612184141043,nan,0.6222388503088622,0.6222388503088622,0.0,0.0,0.0,nan,0,1,1.0,0.0,-0.002066737295805954,-0.00041479093063417227,nan,-0.002066737295805954,-0.00041479093063417227,nan,1.4075692369446344,1.4075692369446344,0.0,0.0,0.0,nan,0
698,0.6610000000000005,0.45,,scientific,0,1,0.19161290322580646,1.0,0.0,-0.0016905706290091503,-0.001317561478405916,nan,-0.0016905706290091503,-0.001317561478405916,nan,1.4108201772793962,1.4108201772793962,0.0,0.0,0.0,nan,0,1,1.0,0.0,-0.00020252873110886626,-0.00032844431735383944,nan,-0.00020252873110886626,-0.00032844431735383944,nan,0.6233153881121808,0.6233153881121808,0.0,0.0,0.0,nan,0,1,1.0,0.0,-0.0016905706290091503,-0.001317561478405916,nan,-0.0016905706290091503,-0.001317561478405916,nan,1.4108201772793962,1.4108201772793962,0.0,0.0,0.0,nan,0
699,0.6620000000000005,0.45,,scientific,0,1,0.19161290322580646,1.0,0.0,-0.0016920909560636803,-0.0013189372078723583,nan,-0.0016920909560636803,-0.0013189372078723583,nan,1.412015786647665,1.412015786647665,0.0,0.0,0.0,nan,0,1,1.0,0.0,-0.00020252873110886626,-0.00032844431735383944,nan,-0.00020252873110886626,-0.00032844431735383944,nan,0.6233153881121808,0.6233153881121808,0.0,0.0,0.0,nan,0,1,1.0,0.0,-0.0016920909560636803,-0.0013189372078723583,nan,-0.0016920909560636803,-0.0013189372078723583,nan,1.412015786647665,1.412015786647665,0.0,0.0,0.0,nan,0
700,0.6630000000000005,0.45,,scientific,0,1,0.19161290322580646,1.0,0.0,-0.0016936085538384418,-0.0013203133611241326,nan,-0.0016936085538384418,-0.0013203133611241326,nan,1.4132112225669973,1.4132112225669973,0.0,0.0,0.0,nan,0,1,1.0,0.0,-0.00020252873110886626,-0.00032844431735383944,nan,-0.00020252873110886626,-0.00032844431735383944,nan,0.6233153881121808,0.6233153881121808,0.0,0.0,0.0,nan,0,1,1.0,0.0,-0.0016936085538384418,-0.0013203133611241326,nan,-0.0016936085538384418,-0.0013203133611241326,nan,1.4132112225669973,1.4132112225669973,0.0,0.0,0.0,nan,0
701,0.6640000000000005,0.45,,scientific,0,1,0.19161290322580646,1.0,0.0,-0.0016951234743249357,-0.0013216899399685147,nan,-0.0016951234743249357,-0.0013216899399685147,nan,1.4144064785268995,1.4144064785268995,0.0,0.0,0.0,nan,0,1,1.0,0.0,-0.00020252873110886626,-0.00032844431735383944,nan,-0.00020252873110886626,-0.00032844431735383944,nan,0.6233153881121808,0.6233153881121808,0.0,0.0,0.0,nan,0,1,1.0,0.0,-0.0016951234743249357,-0.0013216899399685147,nan,-0.0016951234743249357,-0.0013216899399685147,nan,1.4144064785268995,1.4144064785268995,0.0,0.0,0.0,nan,0
702,0.6650000000000005,0.45,,scientific,0,1,0.19161290322580646,1.0,0.0,-0.0016966353668441442,-0.0013230670941975565,nan,-0.0016966353668441442,-0.0013230670941975565,nan,1.4156015485451068,1.4156015485451068,0.0,0.0,0.0,nan,0,1,1.0,0.0,-0.00020252873110886626,-0.00032844431735383944,nan,-0.00020252873110886626,-0.00032844431735383944,nan,0.6233153881121808,0.6233153881121808,0.0,0.0,0.0,nan,0,1,1.0,0.0,-0.0016966353668441442,-0.0013230670941975565,nan,-0.0016966353668441442,-0.0013230670941975565,nan,1.4156015485451068,1.4156015485451068,0.0,0.0,0.0,nan,0
703,0.6660000000000005,0.45,,scientific,0,1,0.19161290322580646,1.0,0.0,-0.0016981448318354165,-0.0013244445060893461,nan,-0.0016981448318354165,-0.0013244445060893461,nan,1.4167964125027108,1.4167964125027108,0.0,0.0,0.0,nan,0,1,1.0,0.0,-0.00020252873110886626,-0.00032844431735383944,nan,-0.00020252873110886626,-0.00032844431735383944,nan,0.6233153881121808,0.6233153881121808,0.0,0.0,0.0,nan,0,1,1.0,0.0,-0.0016981448318354165,-0.0013244445060893461,nan,-0.0016981448318354165,-0.0013244445060893461,nan,1.4167964125027108,1.4167964125027108,0.0,0.0,0.0,nan,0
704,0.6670000000000005,0.45,,scientific,0,1,0.19161290322580646,1.0,0.0,-0.0016996517207479261,-0.001325822077702513,nan,-0.0016996517207479261,-0.001325822077702513,nan,1.4179909716697,1.4179909716697,0.0,0.0,0.0,nan,0,1,1.0,0.0,-0.00020252873110886626,-0.00032844431735383944,nan,-0.00020252873110886626,-0.00032844431735383944,nan,0.6233153881121808,0.6233153881121808,0.0,0.0,0.0,nan,0,1,1.0,0.0,-0.0016996517207479261,-0.001325822077702513,nan,-0.0016996517207479261,-0.001325822077702513,nan,1.4179909716697,1.4179909716697,0.0,0.0,0.0,nan,0
705,0.6680000000000005,0.45,,scientific,0,1,0.19161290322580646,1.0,0.0,-0.0017011558319619834,-0.0013272002780435842,nan,-0.0017011558319619834,-0.0013272002780435842,nan,1.419185334059989,1.419185334059989,0.0,0.0,0.0,nan,0,1,1.0,0.0,-0.00020252873110886626,-0.00032844431735383944,nan,-0.00020252873110886626,-0.00032844431735383944,nan,0.6233153881121808,0.6233153881121808,0.0,0.0,0.0,nan,0,1,1.0,0.0,-0.0017011558319619834,-0.0013272002780435842,nan,-0.0017011558319619834,-0.0013272002780435842,nan,1.419185334059989,1.419185334059989,0.0,0.0,0.0,nan,0
706,0.6690000000000005,0.45,,scientific,0,1,0.19161290322580646,1.0,0.0,-0.0017026572749169952,-0.0013285791251905208,nan,-0.0017026572749169952,-0.0013285791251905208,nan,1.4203795408941908,1.4203795408941908,0.0,0.0,0.0,nan,0,1,1.0,0.0,-0.00020252873110886626,-0.00032844431735383944,nan,-0.00020252873110886626,-0.00032844431735383944,nan,0.6233153881121808,0.6233153881121808,0.0,0.0,0.0,nan,0,1,1.0,0.0,-0.0017026572749169952,-0.0013285791251905208,nan,-0.0017026572749169952,-0.0013285791251905208,nan,1.4203795408941908,1.4203795408941908,0.0,0.0,0.0,nan,0
707,0.6700000000000005,0.45,,scientific,0,1,0.19161290322580646,1.0,0.0,-0.0017041560365448304,-0.0013299585529536664,nan,-0.0017041560365448304,-0.0013299585529536664,nan,1.4215735870409316,1.4215735870409316,0.0,0.0,0.0,nan,0,1,1.0,0.0,-0.00020252873110886626,-0.00032844431735383944,nan,-0.00020252873110886626,-0.00032844431735383944,nan,0.6233153881121808,0.6233153881121808,0.0,0.0,0.0,nan,0,1,1.0,0.0,-0.0017041560365448304,-0.0013299585529536664,nan,-0.0017041560365448304,-0.0013299585529536664,nan,1.4215735870409316,1.4215735870409316,0.0,0.0,0.0,nan,0
708,0.6710000000000005,0.45,,scientific,0,1,0.19161290322580646,1.0,0.0,-0.0017056520034232955,-0.0013313385621525752,nan,-0.0017056520034232955,-0.0013313385621525752,nan,1.4227674677136566,1.4227674677136566,0.0,0.0,0.0,nan,0,1,1.0,0.0,-0.00020252873110886626,-0.00032844431735383944,nan,-0.00020252873110886626,-0.00032844431735383944,nan,0.6233153881121808,0.6233153881121808,0.0,0.0,0.0,nan,0,1,1.0,0.0,-0.0017056520034232955,-0.0013313385621525752,nan,-0.0017056520034232955,-0.0013313385621525752,nan,1.4227674677136566,1.4227674677136566,0.0,0.0,0.0,nan,0
709,0.6720000000000005,0.45,,scientific,0,1,0.19161290322580646,1.0,0.0,-0.0017071451119038902,-0.001332719152690593,nan,-0.0017071451119038902,-0.001332719152690593,nan,1.4239611829478331,1.4239611829478331,0.0,0.0,0.0,nan,0,1,1.0,0.0,-0.00020252873110886626,-0.00032844431735383944,nan,-0.00020252873110886626,-0.00032844431735383944,nan,0.6233153881121808,0.6233153881121808,0.0,0.0,0.0,nan,0,1,1.0,0.0,-0.0017071451119038902,-0.001332719152690593,nan,-0.0017071451119038902,-0.001332719152690593,nan,1.4239611829478331,1.4239611829478331,0.0,0.0,0.0,nan,0
710,0.6730000000000005,0.45,,scientific,0,1,0.19161290322580646,1.0,0.0,-0.0017086353374055282,-0.0013341003162510438,nan,-0.0017086353374055282,-0.0013341003162510438,nan,1.4251547330400944,1.4251547330400944,0.0,0.0,0.0,nan,0,1,1.0,0.0,-0.00020252873110886626,-0.00032844431735383944,nan,-0.00020252873110886626,-0.00032844431735383944,nan,0.6233153881121808,0.6233153881121808,0.0,0.0,0.0,nan,0,1,1.0,0.0,-0.0017086353374055282,-0.0013341003162510438,nan,-0.0017086353374055282,-0.0013341003162510438,nan,1.4251547330400944,1.4251547330400944,0.0,0.0,0.0,nan,0
711,0.6740000000000005,0.45,,scientific,0,1,0.19161290322580646,1.0,0.0,-0.0017101226573727674,-0.00133548205235681,nan,-0.0017101226573727674,-0.00133548205235681,nan,1.4263481185053208,1.4263481185053208,0.0,0.0,0.0,nan,0,1,1.0,0.0,-0.00020252873110886626,-0.00032844431735383944,nan,-0.00020252873110886626,-0.00032844431735383944,nan,0.6233153881121808,0.6233153881121808,0.0,0.0,0.0,nan,0,1,1.0,0.0,-0.0017101226573727674,-0.00133548205235681,nan,-0.0017101226573727674,-0.00133548205235681,nan,1.4263481185053208,1.4263481185053208,0.0,0.0,0.0,nan,0
712,0.6750000000000005,0.45,,scientific,0,1,0.19161290322580646,1.0,0.0,-0.0017116070543637398,-0.001336864364054882,nan,-0.0017116070543637398,-0.001336864364054882,nan,1.4275413399091281,1.4275413399091281,0.0,0.0,0.0,nan,0,1,1.0,0.0,-0.00020252873110886626,-0.00032844431735383944,nan,-0.00020252873110886626,-0.00032844431735383944,nan,0.6233153881121808,0.6233153881121808,0.0,0.0,0.0,nan,0,1,1.0,0.0,-0.0017116070543637398,-0.001336864364054882,nan,-0.0017116070543637398,-0.001336864364054882,nan,1.4275413399091281,1.4275413399091281,0.0,0.0,0.0,nan,0
713,0.6760000000000005,0.45,,scientific,0,1,0.19161290322580646,1.0,0.0,-0.0017130885086554552,-0.0013382472571474362,nan,-0.0017130885086554552,-0.0013382472571474362,nan,1.4287343977595857,1.4287343977595857,0.0,0.0,0.0,nan,0,1,1.0,0.0,-0.00020252873110886626,-0.00032844431735383944,nan,-0.00020252873110886626,-0.00032844431735383944,nan,0.6233153881121808,0.6233153881121808,0.0,0.0,0.0,nan,0,1,1.0,0.0,-0.0017130885086554552,-0.0013382472571474362,nan,-0.0017130885086554552,-0.0013382472571474362,nan,1.4287343977595857,1.4287343977595857,0.0,0.0,0.0,nan,0
714,0.6770000000000005,0.45,,scientific,0,1,0.19225806451612903,1.0,0.0,-0.0017145670001653928,-0.0013396307408938565,nan,-0.0017145670001653928,-0.0013396307408938565,nan,1.4299272924599973,1.4299272924599973,0.0,0.0,0.0,nan,0,1,1.0,0.0,-0.00020252873110886626,-0.00032844431735383944,nan,-0.00020252873110886626,-0.00032844431735383944,nan,0.6233153881121808,0.6233153881121808,0.0,0.0,0.0,nan,0,1,1.0,0.0,-0.0017145670001653928,-0.0013396307408938565,nan,-0.0017145670001653928,-0.0013396307408938565,nan,1.4299272924599973,1.4299272924599973,0.0,0.0,0.0,nan,0
715,0.6780000000000005,0.45,,scientific,0,1,0.19225806451612903,1.0,0.0,-0.002624404411373994,-0.0018007577153283597,nan,-0.002624404411373994,-0.0018007577153283597,nan,1.4332810888086787,1.4332810888086787,0.0,0.0,0.0,nan,0,1,1.0,0.0,-0.0008878205849672299,-0.0006750138624702076,nan,-0.0008878205849672299,-0.0006750138624702076,nan,0.6243919259154994,0.6243919259154994,0.0,0.0,0.0,nan,0,1,1.0,0.0,-0.002624404411373994,-0.0018007577153283597,nan,-0.002624404411373994,-0.0018007577153283597,nan,1.4332810888086787,1.4332810888086787,0.0,0.0,0.0,nan,0
716,0.6790000000000005,0.45,,scientific,0,1,0.19225806451612903,1.0,0.0,-0.002626115712911372,-0.0018022631008603155,nan,-0.002626115712911372,-0.0018022631008603155,nan,1.4344751255858423,1.4344751255858423,0.0,0.0,0.0,nan,0,1,1.0,0.0,-0.0008878205849672299,-0.0006750138624702076,nan,-0.0008878205849672299,-0.0006750138624702076,nan,0.6243919259154994,0.6243919259154994,0.0,0.0,0.0,nan,0,1,1.0,0.0,-0.002626115712911372,-0.0018022631008603155,nan,-0.002626115712911372,-0.0018022631008603155,nan,1.4344751255858423,1.4344751255858423,0.0,0.0,0.0,nan,0
717,0.6800000000000005,0.45,,scientific,0,1,0.19225806451612903,1.0,0.0,-0.002627823955988041,-0.0018037690744089007,nan,-0.002627823955988041,-0.0018037690744089007,nan,1.435668999909854,1.435668999909854,0.0,0.0,0.0,nan,0,1,1.0,0.0,-0.0008878205849672299,-0.0006750138624702076,nan,-0.0008878205849672299,-0.0006750138624702076,nan,0.6243919259154994,0.6243919259154994,0.0,0.0,0.0,nan,0,1,1.0,0.0,-0.002627823955988041,-0.0018037690744089007,nan,-0.002627823955988041,-0.0018037690744089007,nan,1.435668999909854,1.435668999909854,0.0,0.0,0.0,nan,0
718,0.6810000000000005,0.45,,scientific,0,1,0.19225806451612903,1.0,0.0,-0.002629529124086213,-0.0018052756438341091,nan,-0.002629529124086213,-0.0018052756438341091,nan,1.4368627119396191,1.4368627119396191,0.0,0.0,0.0,nan,0,1,1.0,0.0,-0.0008878205849672299,-0.0006750138624702076,nan,-0.0008878205849672299,-0.0006750138624702076,nan,0.6243919259154994,0.6243919259154994,0.0,0.0,0.0,nan,0,1,1.0,0.0,-0.002629529124086213,-0.0018052756438341091,nan,-0.002629529124086213,-0.0018052756438341091,nan,1.4368627119396191,1.4368627119396191,0.0,0.0,0.0,nan,0
719,0.6820000000000005,0.45,,scientific,0,1,0.19225806451612903,1.0,0.0,-0.002631231202349406,-0.0018067828176791994,nan,-0.002631231202349406,-0.0018067828176791994,nan,1.4380562618228019,1.4380562618228019,0.0,0.0,0.0,nan,0,1,1.0,0.0,-0.0008878205849672299,-0.0006750138624702076,nan,-0.0008878205849672299,-0.0006750138624702076,nan,0.6243919259154994,0.6243919259154994,0.0,0.0,0.0,nan,0,1,1.0,0.0,-0.002631231202349406,-0.0018067828176791994,nan,-0.002631231202349406,-0.0018067828176791994,nan,1.4380562618228019,1.4380562618228019,0.0,0.0,0.0,nan,0
720,0.6830000000000005,0.45,,scientific,0,1,0.19225806451612903,1.0,0.0,-0.0026329301778089758,-0.0018082906014359244,nan,-0.0026329301778089758,-0.0018082906014359244,nan,1.439249649662858,1.439249649662858,0.0,0.0,0.0,nan,0,1,1.0,0.0,-0.0008878205849672299,-0.0006750138624702076,nan,-0.0008878205849672299,-0.0006750138624702076,nan,0.6243919259154994,0.6243919259154994,0.0,0.0,0.0,nan,0,1,1.0,0.0,-0.0026329301778089758,-0.0018082906014359244,nan,-0.0026329301778089758,-0.0018082906014359244,nan,1.439249649662858,1.439249649662858,0.0,0.0,0.0,nan,0
721,0.6840000000000005,0.45,,scientific,0,1,0.19225806451612903,1.0,0.0,-0.002634626034793885,-0.0018097990047955155,nan,-0.002634626034793885,-0.0018097990047955155,nan,1.4404428755188436,1.4404428755188436,0.0,0.0,0.0,nan,0,1,1.0,0.0,-0.0008878205849672299,-0.0006750138624702076,nan,-0.0008878205849672299,-0.0006750138624702076,nan,0.6243919259154994,0.6243919259154994,0.0,0.0,0.0,nan,0,1,1.0,0.0,-0.002634626034793885,-0.0018097990047955155,nan,-0.002634626034793885,-0.0018097990047955155,nan,1.4404428755188436,1.4404428755188436,0.0,0.0,0.0,nan,0
722,0.6850000000000005,0.45,,scientific,0,1,0.19225806451612903,1.0,0.0,-0.0026363187595950196,-0.001811308037333099,nan,-0.0026363187595950196,-0.001811308037333099,nan,1.441635939468133,1.441635939468133,0.0,0.0,0.0,nan,0,1,1.0,0.0,-0.0008878205849672299,-0.0006750138624702076,nan,-0.0008878205849672299,-0.0006750138624702076,nan,0.6243919259154994,0.6243919259154994,0.0,0.0,0.0,nan,0,1,1.0,0.0,-0.0026363187595950196,-0.001811308037333099,nan,-0.0026363187595950196,-0.001811308037333099,nan,1.441635939468133,1.441635939468133,0.0,0.0,0.0,nan,0
723,0.6860000000000005,0.45,,scientific,0,1,0.19225806451612903,1.0,0.0,-0.0026380083398511826,-0.001812817706300343,nan,-0.0026380083398511826,-0.001812817706300343,nan,1.442828841557776,1.442828841557776,0.0,0.0,0.0,nan,0,1,1.0,0.0,-0.0008878205849672299,-0.0006750138624702076,nan,-0.0008878205849672299,-0.0006750138624702076,nan,0.6243919259154994,0.6243919259154994,0.0,0.0,0.0,nan,0,1,1.0,0.0,-0.0026380083398511826,-0.001812817706300343,nan,-0.0026380083398511826,-0.001812817706300343,nan,1.442828841557776,1.442828841557776,0.0,0.0,0.0,nan,0
724,0.6870000000000005,0.45,,scientific,0,1,0.19225806451612903,1.0,0.0,-0.0026396947620825604,-0.0018143280190611314,nan,-0.0026396947620825604,-0.0018143280190611314,nan,1.4440215818073132,1.4440215818073132,0.0,0.0,0.0,nan,0,1,1.0,0.0,-0.0008878205849672299,-0.0006750138624702076,nan,-0.0008878205849672299,-0.0006750138624702076,nan,0.6243919259154994,0.6243919259154994,0.0,0.0,0.0,nan,0,1,1.0,0.0,-0.0026396947620825604,-0.0018143280190611314,nan,-0.0026396947620825604,-0.0018143280190611314,nan,1.4440215818073132,1.4440215818073132,0.0,0.0,0.0,nan,0
725,0.6880000000000005,0.45,,scientific,0,1,0.19225806451612903,1.0,0.0,-0.0026413780122278596,-0.0018158389876620413,nan,-0.0026413780122278596,-0.0018158389876620413,nan,1.4452141602542492,1.4452141602542492,0.0,0.0,0.0,nan,0,1,1.0,0.0,-0.0008878205849672299,-0.0006750138624702076,nan,-0.0008878205849672299,-0.0006750138624702076,nan,0.6243919259154994,0.6243919259154994,0.0,0.0,0.0,nan,0,1,1.0,0.0,-0.0026413780122278596,-0.0018158389876620413,nan,-0.0026413780122278596,-0.0018158389876620413,nan,1.4452141602542492,1.4452141602542492,0.0,0.0,0.0,nan,0
726,0.6890000000000005,0.45,,scientific,0,1,0.19225806451612903,1.0,0.0,-0.002643058073587217,-0.0018173506219155238,nan,-0.002643058073587217,-0.0018173506219155238,nan,1.4464065769331647,1.4464065769331647,0.0,0.0,0.0,nan,0,1,1.0,0.0,-0.0008878205849672299,-0.0006750138624702076,nan,-0.0008878205849672299,-0.0006750138624702076,nan,0.6243919259154994,0.6243919259154994,0.0,0.0,0.0,nan,0,1,1.0,0.0,-0.002643058073587217,-0.0018173506219155238,nan,-0.002643058073587217,-0.0018173506219155238,nan,1.4464065769331647,1.4464065769331647,0.0,0.0,0.0,nan,0
727,0.6900000000000005,0.45,,scientific,0,1,0.19225806451612903,1.0,0.0,-0.002644734930848941,-0.0018188629326100739,nan,-0.002644734930848941,-0.0018188629326100739,nan,1.44759883186741,1.44759883186741,0.0,0.0,0.0,nan,0,1,1.0,0.0,-0.0008878205849672299,-0.0006750138624702076,nan,-0.0008878205849672299,-0.0006750138624702076,nan,0.6243919259154994,0.6243919259154994,0.0,0.0,0.0,nan,0,1,1.0,0.0,-0.002644734930848941,-0.0018188629326100739,nan,-0.002644734930848941,-0.0018188629326100739,nan,1.44759883186741,1.44759883186741,0.0,0.0,0.0,nan,0
728,0.6910000000000005,0.45,,scientific,0,1,0.19225806451612903,1.0,0.0,-0.0026464085688868095,-0.0018203759293437002,nan,-0.0026464085688868095,-0.0018203759293437002,nan,1.4487909250787618,1.4487909250787618,0.0,0.0,0.0,nan,0,1,1.0,0.0,-0.0008878205849672299,-0.0006750138624702076,nan,-0.0008878205849672299,-0.0006750138624702076,nan,0.6243919259154994,0.6243919259154994,0.0,0.0,0.0,nan,0,1,1.0,0.0,-0.0026464085688868095,-0.0018203759293437002,nan,-0.0026464085688868095,-0.0018203759293437002,nan,1.4487909250787618,1.4487909250787618,0.0,0.0,0.0,nan,0
729,0.6920000000000005,0.45,,scientific,0,1,0.19225806451612903,1.0,0.0,-0.002648078973199034,-0.0018218896213873365,nan,-0.002648078973199034,-0.0018218896213873365,nan,1.4499828565706596,1.4499828565706596,0.0,0.0,0.0,nan,0,1,1.0,0.0,-0.0008878205849672299,-0.0006750138624702076,nan,-0.0008878205849672299,-0.0006750138624702076,nan,0.6243919259154994,0.6243919259154994,0.0,0.0,0.0,nan,0,1,1.0,0.0,-0.002648078973199034,-0.0018218896213873365,nan,-0.002648078973199034,-0.0018218896213873365,nan,1.4499828565706596,1.4499828565706596,0.0,0.0,0.0,nan,0
730,0.6930000000000005,0.45,,scientific,0,1,0.19225806451612903,1.0,0.0,-0.0026497461277493126,-0.001823404017769425,nan,-0.0026497461277493126,-0.001823404017769425,nan,1.451174626340355,1.451174626340355,0.0,0.0,0.0,nan,0,1,1.0,0.0,-0.0008878205849672299,-0.0006750138624702076,nan,-0.0008878205849672299,-0.0006750138624702076,nan,0.6243919259154994,0.6243919259154994,0.0,0.0,0.0,nan,0,1,1.0,0.0,-0.0026497461277493126,-0.001823404017769425,nan,-0.0026497461277493126,-0.001823404017769425,nan,1.451174626340355,1.451174626340355,0.0,0.0,0.0,nan,0
731,0.6940000000000005,0.45,,scientific,0,1,0.19225806451612903,1.0,0.0,-0.0026514100170875045,-0.0018249191286551021,nan,-0.0026514100170875045,-0.0018249191286551021,nan,1.4523662343948391,1.4523662343948391,0.0,0.0,0.0,nan,0,1,1.0,0.0,-0.0008878205849672299,-0.0006750138624702076,nan,-0.0008878205849672299,-0.0006750138624702076,nan,0.6243919259154994,0.6243919259154994,0.0,0.0,0.0,nan,0,1,1.0,0.0,-0.0026514100170875045,-0.0018249191286551021,nan,-0.0026514100170875045,-0.0018249191286551021,nan,1.4523662343948391,1.4523662343948391,0.0,0.0,0.0,nan,0
732,0.6950000000000005,0.45,,scientific,0,1,0.19225806451612903,1.0,0.0,-0.002653070626453793,-0.0018264349636590226,nan,-0.002653070626453793,-0.0018264349636590226,nan,1.4535576807076032,1.4535576807076032,0.0,0.0,0.0,nan,0,1,1.0,0.0,-0.0008878205849672299,-0.0006750138624702076,nan,-0.0008878205849672299,-0.0006750138624702076,nan,0.6243919259154994,0.6243919259154994,0.0,0.0,0.0,nan,0,1,1.0,0.0,-0.002653070626453793,-0.0018264349636590226,nan,-0.002653070626453793,-0.0018264349636590226,nan,1.4535576807076032,1.4535576807076032,0.0,0.0,0.0,nan,0
733,0.6960000000000005,0.45,,scientific,0,1,0.19225806451612903,1.0,0.0,-0.0026547279416300773,-0.0018279515343695442,nan,-0.0026547279416300773,-0.0018279515343695442,nan,1.4547489652957104,1.4547489652957104,0.0,0.0,0.0,nan,0,1,1.0,0.0,-0.0008878205849672299,-0.0006750138624702076,nan,-0.0008878205849672299,-0.0006750138624702076,nan,0.6243919259154994,0.6243919259154994,0.0,0.0,0.0,nan,0,1,1.0,0.0,-0.0026547279416300773,-0.0018279515343695442,nan,-0.0026547279416300773,-0.0018279515343695442,nan,1.4547489652957104,1.4547489652957104,0.0,0.0,0.0,nan,0
734,0.6970000000000005,0.45,,scientific,0,1,0.19225806451612903,1.0,0.0,-0.002656381947982622,-0.001829468851928045,nan,-0.002656381947982622,-0.001829468851928045,nan,1.4559400881589104,1.4559400881589104,0.0,0.0,0.0,nan,0,1,1.0,0.0,-0.0008878205849672299,-0.0006750138624702076,nan,-0.0008878205849672299,-0.0006750138624702076,nan,0.6243919259154994,0.6243919259154994,0.0,0.0,0.0,nan,0,1,1.0,0.0,-0.002656381947982622,-0.001829468851928045,nan,-0.002656381947982622,-0.001829468851928045,nan,1.4559400881589104,1.4559400881589104,0.0,0.0,0.0,nan,0
735,0.6980000000000005,0.45,,scientific,0,1,0.19225806451612903,1.0,0.0,-0.0026580326314015234,-0.001830986925647128,nan,-0.0026580326314015234,-0.001830986925647128,nan,1.4571310493082767,1.4571310493082767,0.0,0.0,0.0,nan,0,1,1.0,0.0,-0.0008878205849672299,-0.0006750138624702076,nan,-0.0008878205849672299,-0.0006750138624702076,nan,0.6243919259154994,0.6243919259154994,0.0,0.0,0.0,nan,0,1,1.0,0.0,-0.0026580326314015234,-0.001830986925647128,nan,-0.0026580326314015234,-0.001830986925647128,nan,1.4571310493082767,1.4571310493082767,0.0,0.0,0.0,nan,0
736,0.6990000000000005,0.45,,scientific,0,1,0.19225806451612903,1.0,0.0,-0.0026596799786064366,-0.0018325057644362536,nan,-0.0026596799786064366,-0.0018325057644362536,nan,1.4583218487254,1.4583218487254,0.0,0.0,0.0,nan,0,1,1.0,0.0,-0.0008878205849672299,-0.0006750138624702076,nan,-0.0008878205849672299,-0.0006750138624702076,nan,0.6243919259154994,0.6243919259154994,0.0,0.0,0.0,nan,0,1,1.0,0.0,-0.0026596799786064366,-0.0018325057644362536,nan,-0.0026596799786064366,-0.0018325057644362536,nan,1.4583218487254,1.4583218487254,0.0,0.0,0.0,nan,0
737,0.7000000000000005,0.45,,scientific,0,1,0.19225806451612903,1.0,0.0,-0.0026613239720814307,-0.0018340253815836865,nan,-0.0026613239720814307,-0.0018340253815836865,nan,1.4595124864153266,1.4595124864153266,0.0,0.0,0.0,nan,0,1,1.0,0.0,-0.0008878205849672299,-0.0006750138624702076,nan,-0.0008878205849672299,-0.0006750138624702076,nan,0.6243919259154994,0.6243919259154994,0.0,0.0,0.0,nan,0,1,1.0,0.0,-0.0026613239720814307,-0.0018340253815836865,nan,-0.0026613239720814307,-0.0018340253815836865,nan,1.4595124864153266,1.4595124864153266,0.0,0.0,0.0,nan,0
738,0.7010000000000005,0.45,,scientific,0,1,0.19225806451612903,1.0,0.0,-0.00266296459681732,-0.0018355457868264894,nan,-0.00266296459681732,-0.0018355457868264894,nan,1.460702962393198,1.460702962393198,0.0,0.0,0.0,nan,0,1,1.0,0.0,-0.0008878205849672299,-0.0006750138624702076,nan,-0.0008878205849672299,-0.0006750138624702076,nan,0.6243919259154994,0.6243919259154994,0.0,0.0,0.0,nan,0,1,1.0,0.0,-0.00266296459681732,-0.0018355457868264894,nan,-0.00266296459681732,-0.0018355457868264894,nan,1.460702962393198,1.460702962393198,0.0,0.0,0.0,nan,0
739,0.7020000000000005,0.45,,scientific,0,1,0.19225806451612903,1.0,0.0,-0.0026646018361014168,-0.0018370669906224374,nan,-0.0026646018361014168,-0.0018370669906224374,nan,1.4618932766537438,1.4618932766537438,0.0,0.0,0.0,nan,0,1,1.0,0.0,-0.0008878205849672299,-0.0006750138624702076,nan,-0.0008878205849672299,-0.0006750138624702076,nan,0.6243919259154994,0.6243919259154994,0.0,0.0,0.0,nan,0,1,1.0,0.0,-0.0026646018361014168,-0.0018370669906224374,nan,-0.0026646018361014168,-0.0018370669906224374,nan,1.4618932766537438,1.4618932766537438,0.0,0.0,0.0,nan,0
740,0.7030000000000005,0.45,,scientific,0,1,0.19225806451612903,1.0,0.0,-0.0026662356724443453,-0.0018385890024222758,nan,-0.0026662356724443453,-0.0018385890024222758,nan,1.4630834291869226,1.4630834291869226,0.0,0.0,0.0,nan,0,1,1.0,0.0,-0.0008878205849672299,-0.0006750138624702076,nan,-0.0008878205849672299,-0.0006750138624702076,nan,0.6243919259154994,0.6243919259154994,0.0,0.0,0.0,nan,0,1,1.0,0.0,-0.0026662356724443453,-0.0018385890024222758,nan,-0.0026662356724443453,-0.0018385890024222758,nan,1.4630834291869226,1.4630834291869226,0.0,0.0,0.0,nan,0
741,0.7040000000000005,0.45,,scientific,0,1,0.19225806451612903,1.0,0.0,-0.0026678660870456043,-0.0018401118336913368,nan,-0.0026678660870456043,-0.0018401118336913368,nan,1.4642734199860508,1.4642734199860508,0.0,0.0,0.0,nan,0,1,1.0,0.0,-0.0008878205849672299,-0.0006750138624702076,nan,-0.0008878205849672299,-0.0006750138624702076,nan,0.6243919259154994,0.6243919259154994,0.0,0.0,0.0,nan,0,1,1.0,0.0,-0.0026678660870456043,-0.0018401118336913368,nan,-0.0026678660870456043,-0.0018401118336913368,nan,1.4642734199860508,1.4642734199860508,0.0,0.0,0.0,nan,0
742,0.7050000000000005,0.45,,scientific,0,1,0.19225806451612903,1.0,0.0,-0.0026694930649232814,-0.001841635494603698,nan,-0.0026694930649232814,-0.001841635494603698,nan,1.4654632490275206,1.4654632490275206,0.0,0.0,0.0,nan,0,1,1.0,0.0,-0.0008878205849672299,-0.0006750138624702076,nan,-0.0008878205849672299,-0.0006750138624702076,nan,0.6243919259154994,0.6243919259154994,0.0,0.0,0.0,nan,0,1,1.0,0.0,-0.0026694930649232814,-0.001841635494603698,nan,-0.0026694930649232814,-0.001841635494603698,nan,1.4654632490275206,1.4654632490275206,0.0,0.0,0.0,nan,0
743,0.7060000000000005,0.45,,scientific,0,1,0.19225806451612903,1.0,0.0,-0.0026711165909459435,-0.0018431599960324649,nan,-0.0026711165909459435,-0.0018431599960324649,nan,1.4666529163168456,1.4666529163168456,0.0,0.0,0.0,nan,0,1,1.0,0.0,-0.0008878205849672299,-0.0006750138624702076,nan,-0.0008878205849672299,-0.0006750138624702076,nan,0.6243919259154994,0.6243919259154994,0.0,0.0,0.0,nan,0,1,1.0,0.0,-0.0026711165909459435,-0.0018431599960324649,nan,-0.0026711165909459435,-0.0018431599960324649,nan,1.4666529163168456,1.4666529163168456,0.0,0.0,0.0,nan,0
744,0.7070000000000005,0.45,,scientific,0,1,0.19225806451612903,1.0,0.0,-0.0026727366501851095,-0.0018446853485211932,nan,-0.0026727366501851095,-0.0018446853485211932,nan,1.4678424218412292,1.4678424218412292,0.0,0.0,0.0,nan,0,1,1.0,0.0,-0.0008878205849672299,-0.0006750138624702076,nan,-0.0008878205849672299,-0.0006750138624702076,nan,0.6243919259154994,0.6243919259154994,0.0,0.0,0.0,nan,0,1,1.0,0.0,-0.0026727366501851095,-0.0018446853485211932,nan,-0.0026727366501851095,-0.0018446853485211932,nan,1.4678424218412292,1.4678424218412292,0.0,0.0,0.0,nan,0
745,0.7080000000000005,0.45,,scientific,0,1,0.1929032258064516,1.0,0.0,-0.0026743532266390894,-0.0018462115612712458,nan,-0.0026743532266390894,-0.0018462115612712458,nan,1.4690317656024452,1.4690317656024452,0.0,0.0,0.0,nan,0,1,1.0,0.0,-0.0008878205849672299,-0.0006750138624702076,nan,-0.0008878205849672299,-0.0006750138624702076,nan,0.6243919259154994,0.6243919259154994,0.0,0.0,0.0,nan,0,1,1.0,0.0,-0.0026743532266390894,-0.0018462115612712458,nan,-0.0026743532266390894,-0.0018462115612712458,nan,1.4690317656024452,1.4690317656024452,0.0,0.0,0.0,nan,0
746,0.7090000000000005,0.45,,scientific,0,1,0.1929032258064516,1.0,0.0,-0.0026759663056967614,-0.0018477386456289173,nan,-0.0026759663056967614,-0.0018477386456289173,nan,1.4702209475936439,1.4702209475936439,0.0,0.0,0.0,nan,0,1,1.0,0.0,-0.0008878205849672299,-0.0006750138624702076,nan,-0.0008878205849672299,-0.0006750138624702076,nan,0.6243919259154994,0.6243919259154994,0.0,0.0,0.0,nan,0,1,1.0,0.0,-0.0026759663056967614,-0.0018477386456289173,nan,-0.0026759663056967614,-0.0018477386456289173,nan,1.4702209475936439,1.4702209475936439,0.0,0.0,0.0,nan,0
747,0.7100000000000005,0.45,,scientific,0,1,0.1929032258064516,1.0,0.0,-0.002677575872239347,-0.0018492666145104848,nan,-0.002677575872239347,-0.0018492666145104848,nan,1.4714099678122499,1.4714099678122499,0.0,0.0,0.0,nan,0,1,1.0,0.0,-0.0008878205849672299,-0.0006750138624702076,nan,-0.0008878205849672299,-0.0006750138624702076,nan,0.6243919259154994,0.6243919259154994,0.0,0.0,0.0,nan,0,1,1.0,0.0,-0.002677575872239347,-0.0018492666145104848,nan,-0.002677575872239347,-0.0018492666145104848,nan,1.4714099678122499,1.4714099678122499,0.0,0.0,0.0,nan,0
748,0.7110000000000005,0.45,,scientific,0,1,0.1929032258064516,1.0,0.0,-0.002679181910872896,-0.0018507954812743467,nan,-0.002679181910872896,-0.0018507954812743467,nan,1.472598826264643,1.472598826264643,0.0,0.0,0.0,nan,0,1,1.0,0.0,-0.0008878205849672299,-0.0006750138624702076,nan,-0.0008878205849672299,-0.0006750138624702076,nan,0.6243919259154994,0.6243919259154994,0.0,0.0,0.0,nan,0,1,1.0,0.0,-0.002679181910872896,-0.0018507954812743467,nan,-0.002679181910872896,-0.0018507954812743467,nan,1.472598826264643,1.472598826264643,0.0,0.0,0.0,nan,0
749,0.7120000000000005,0.45,,scientific,0,1,0.1929032258064516,1.0,0.0,-0.002680784403822201,-0.0018523252566709208,nan,-0.002680784403822201,-0.0018523252566709208,nan,1.4737875229508983,1.4737875229508983,0.0,0.0,0.0,nan,0,1,1.0,0.0,-0.0008878205849672299,-0.0006750138624702076,nan,-0.0008878205849672299,-0.0006750138624702076,nan,0.6243919259154994,0.6243919259154994,0.0,0.0,0.0,nan,0,1,1.0,0.0,-0.002680784403822201,-0.0018523252566709208,nan,-0.002680784403822201,-0.0018523252566709208,nan,1.4737875229508983,1.4737875229508983,0.0,0.0,0.0,nan,0
750,0.7130000000000005,0.45,,scientific,0,1,0.1929032258064516,1.0,0.0,-0.002682383332016738,-0.001853855950246436,nan,-0.002682383332016738,-0.001853855950246436,nan,1.4749760578611493,1.4749760578611493,0.0,0.0,0.0,nan,0,1,1.0,0.0,-0.0008878205849672299,-0.0006750138624702076,nan,-0.0008878205849672299,-0.0006750138624702076,nan,0.6243919259154994,0.6243919259154994,0.0,0.0,0.0,nan,0,1,1.0,0.0,-0.002682383332016738,-0.001853855950246436,nan,-0.002682383332016738,-0.001853855950246436,nan,1.4749760578611493,1.4749760578611493,0.0,0.0,0.0,nan,0
751,0.7140000000000005,0.45,,scientific,0,1,0.1929032258064516,1.0,0.0,-0.0017032471551023495,-0.0020061714442225972,nan,-0.0017032471551023495,-0.0020061714442225972,nan,1.4782960852534388,1.4782960852534388,0.0,0.0,0.0,nan,0,1,1.0,0.0,-0.0001264338293223749,-0.0007917776753895177,nan,-0.0001264338293223749,-0.0007917776753895177,nan,0.625468463718818,0.625468463718818,0.0,0.0,0.0,nan,0,1,1.0,0.0,-0.0017032471551023495,-0.0020061714442225972,nan,-0.0017032471551023495,-0.0020061714442225972,nan,1.4782960852534388,1.4782960852534388,0.0,0.0,0.0,nan,0
752,0.7150000000000005,0.45,,scientific,0,1,0.1929032258064516,1.0,0.0,-0.0017046138065056195,-0.0020077388197800284,nan,-0.0017046138065056195,-0.0020077388197800284,nan,1.4794856446087774,1.4794856446087774,0.0,0.0,0.0,nan,0,1,1.0,0.0,-0.0001264338293223749,-0.0007917776753895177,nan,-0.0001264338293223749,-0.0007917776753895177,nan,0.625468463718818,0.625468463718818,0.0,0.0,0.0,nan,0,1,1.0,0.0,-0.0017046138065056195,-0.0020077388197800284,nan,-0.0017046138065056195,-0.0020077388197800284,nan,1.4794856446087774,1.4794856446087774,0.0,0.0,0.0,nan,0
753,0.7160000000000005,0.45,,scientific,0,1,0.1929032258064516,1.0,0.0,-0.0017059768791290396,-0.002009307138216273,nan,-0.0017059768791290396,-0.002009307138216273,nan,1.4806750420250467,1.4806750420250467,0.0,0.0,0.0,nan,0,1,1.0,0.0,-0.0001264338293223749,-0.0007917776753895177,nan,-0.0001264338293223749,-0.0007917776753895177,nan,0.625468463718818,0.625468463718818,0.0,0.0,0.0,nan,0,1,1.0,0.0,-0.0017059768791290396,-0.002009307138216273,nan,-0.0017059768791290396,-0.002009307138216273,nan,1.4806750420250467,1.4806750420250467,0.0,0.0,0.0,nan,0
754,0.7170000000000005,0.45,,scientific,0,1,0.1929032258064516,1.0,0.0,-0.0017073363550038523,-0.0020108764117336996,nan,-0.0017073363550038523,-0.0020108764117336996,nan,1.4818642774960653,1.4818642774960653,0.0,0.0,0.0,nan,0,1,1.0,0.0,-0.0001264338293223749,-0.0007917776753895177,nan,-0.0001264338293223749,-0.0007917776753895177,nan,0.625468463718818,0.625468463718818,0.0,0.0,0.0,nan,0,1,1.0,0.0,-0.0017073363550038523,-0.0020108764117336996,nan,-0.0017073363550038523,-0.0020108764117336996,nan,1.4818642774960653,1.4818642774960653,0.0,0.0,0.0,nan,0
755,0.7180000000000005,0.45,,scientific,0,1,0.1929032258064516,1.0,0.0,-0.0017086922149101118,-0.0020124466531001384,nan,-0.0017086922149101118,-0.0020124466531001384,nan,1.4830533510043835,1.4830533510043835,0.0,0.0,0.0,nan,0,1,1.0,0.0,-0.0001264338293223749,-0.0007917776753895177,nan,-0.0001264338293223749,-0.0007917776753895177,nan,0.625468463718818,0.625468463718818,0.0,0.0,0.0,nan,0,1,1.0,0.0,-0.0017086922149101118,-0.0020124466531001384,nan,-0.0017086922149101118,-0.0020124466531001384,nan,1.4830533510043835,1.4830533510043835,0.0,0.0,0.0,nan,0
756,0.7190000000000005,0.45,,scientific,0,1,0.1929032258064516,1.0,0.0,-0.001710044440249008,-0.002014017872932199,nan,-0.001710044440249008,-0.002014017872932199,nan,1.4842422625416083,1.4842422625416083,0.0,0.0,0.0,nan,0,1,1.0,0.0,-0.0001264338293223749,-0.0007917776753895177,nan,-0.0001264338293223749,-0.0007917776753895177,nan,0.625468463718818,0.625468463718818,0.0,0.0,0.0,nan,0,1,1.0,0.0,-0.001710044440249008,-0.002014017872932199,nan,-0.001710044440249008,-0.002014017872932199,nan,1.4842422625416083,1.4842422625416083,0.0,0.0,0.0,nan,0
757,0.7200000000000005,0.45,,scientific,0,1,0.1929032258064516,1.0,0.0,-0.001711393013825814,-0.0020155900830998398,nan,-0.001711393013825814,-0.0020155900830998398,nan,1.4854310121048155,1.4854310121048155,0.0,0.0,0.0,nan,0,1,1.0,0.0,-0.0001264338293223749,-0.0007917776753895177,nan,-0.0001264338293223749,-0.0007917776753895177,nan,0.625468463718818,0.625468463718818,0.0,0.0,0.0,nan,0,1,1.0,0.0,-0.001711393013825814,-0.0020155900830998398,nan,-0.001711393013825814,-0.0020155900830998398,nan,1.4854310121048155,1.4854310121048155,0.0,0.0,0.0,nan,0
758,0.7210000000000005,0.45,,scientific,0,1,0.1929032258064516,1.0,0.0,-0.0017127379186507603,-0.0020171632950472785,nan,-0.0017127379186507603,-0.0020171632950472785,nan,1.4866195996931164,1.4866195996931164,0.0,0.0,0.0,nan,0,1,1.0,0.0,-0.0001264338293223749,-0.0007917776753895177,nan,-0.0001264338293223749,-0.0007917776753895177,nan,0.625468463718818,0.625468463718818,0.0,0.0,0.0,nan,0,1,1.0,0.0,-0.0017127379186507603,-0.0020171632950472785,nan,-0.0017127379186507603,-0.0020171632950472785,nan,1.4866195996931164,1.4866195996931164,0.0,0.0,0.0,nan,0
759,0.7220000000000005,0.45,,scientific,0,1,0.1929032258064516,1.0,0.0,-0.001714079137066571,-0.002018737519113878,nan,-0.001714079137066571,-0.002018737519113878,nan,1.4878080252957915,1.4878080252957915,0.0,0.0,0.0,nan,0,1,1.0,0.0,-0.0001264338293223749,-0.0007917776753895177,nan,-0.0001264338293223749,-0.0007917776753895177,nan,0.625468463718818,0.625468463718818,0.0,0.0,0.0,nan,0,1,1.0,0.0,-0.001714079137066571,-0.002018737519113878,nan,-0.001714079137066571,-0.002018737519113878,nan,1.4878080252957915,1.4878080252957915,0.0,0.0,0.0,nan,0
760,0.7230000000000005,0.45,,scientific,0,1,0.1929032258064516,1.0,0.0,-0.0017154166520621534,-0.0020203127671719855,nan,-0.0017154166520621534,-0.0020203127671719855,nan,1.4889962889178616,1.4889962889178616,0.0,0.0,0.0,nan,0,1,1.0,0.0,-0.0001264338293223749,-0.0007917776753895177,nan,-0.0001264338293223749,-0.0007917776753895177,nan,0.625468463718818,0.625468463718818,0.0,0.0,0.0,nan,0,1,1.0,0.0,-0.0017154166520621534,-0.0020203127671719855,nan,-0.0017154166520621534,-0.0020203127671719855,nan,1.4889962889178616,1.4889962889178616,0.0,0.0,0.0,nan,0
761,0.7240000000000005,0.45,,scientific,0,1,0.1929032258064516,1.0,0.0,-0.0017167504431136605,-0.002021889050984041,nan,-0.0017167504431136605,-0.002021889050984041,nan,1.4901843905444734,1.4901843905444734,0.0,0.0,0.0,nan,0,1,1.0,0.0,-0.0001264338293223749,-0.0007917776753895177,nan,-0.0001264338293223749,-0.0007917776753895177,nan,0.625468463718818,0.625468463718818,0.0,0.0,0.0,nan,0,1,1.0,0.0,-0.0017167504431136605,-0.002021889050984041,nan,-0.0017167504431136605,-0.002021889050984041,nan,1.4901843905444734,1.4901843905444734,0.0,0.0,0.0,nan,0
762,0.7250000000000005,0.45,,scientific,0,1,0.1929032258064516,1.0,0.0,-0.0017180804914327004,-0.002023466383379634,nan,-0.0017180804914327004,-0.002023466383379634,nan,1.4913723301754929,1.4913723301754929,0.0,0.0,0.0,nan,0,1,1.0,0.0,-0.0001264338293223749,-0.0007917776753895177,nan,-0.0001264338293223749,-0.0007917776753895177,nan,0.625468463718818,0.625468463718818,0.0,0.0,0.0,nan,0,1,1.0,0.0,-0.0017180804914327004,-0.002023466383379634,nan,-0.0017180804914327004,-0.002023466383379634,nan,1.4913723301754929,1.4913723301754929,0.0,0.0,0.0,nan,0
763,0.7260000000000005,0.45,,scientific,0,1,0.1929032258064516,1.0,0.0,-0.001719406779300405,-0.0020250447769887274,nan,-0.001719406779300405,-0.0020250447769887274,nan,1.4925601078060775,1.4925601078060775,0.0,0.0,0.0,nan,0,1,1.0,0.0,-0.0001264338293223749,-0.0007917776753895177,nan,-0.0001264338293223749,-0.0007917776753895177,nan,0.625468463718818,0.625468463718818,0.0,0.0,0.0,nan,0,1,1.0,0.0,-0.001719406779300405,-0.0020250447769887274,nan,-0.001719406779300405,-0.0020250447769887274,nan,1.4925601078060775,1.4925601078060775,0.0,0.0,0.0,nan,0
764,0.7270000000000005,0.45,,scientific,0,1,0.1929032258064516,1.0,0.0,-0.0017207292876284183,-0.0020266242466679676,nan,-0.0017207292876284183,-0.0020266242466679676,nan,1.493747723428517,1.493747723428517,0.0,0.0,0.0,nan,0,1,1.0,0.0,-0.0001264338293223749,-0.0007917776753895177,nan,-0.0001264338293223749,-0.0007917776753895177,nan,0.625468463718818,0.625468463718818,0.0,0.0,0.0,nan,0,1,1.0,0.0,-0.0017207292876284183,-0.0020266242466679676,nan,-0.0017207292876284183,-0.0020266242466679676,nan,1.493747723428517,1.493747723428517,0.0,0.0,0.0,nan,0
765,0.7280000000000005,0.45,,scientific,0,1,0.1929032258064516,1.0,0.0,-0.0017220479997276169,-0.002028204802875038,nan,-0.0017220479997276169,-0.002028204802875038,nan,1.4949351770311758,1.4949351770311758,0.0,0.0,0.0,nan,0,1,1.0,0.0,-0.0001264338293223749,-0.0007917776753895177,nan,-0.0001264338293223749,-0.0007917776753895177,nan,0.625468463718818,0.625468463718818,0.0,0.0,0.0,nan,0,1,1.0,0.0,-0.0017220479997276169,-0.002028204802875038,nan,-0.0017220479997276169,-0.002028204802875038,nan,1.4949351770311758,1.4949351770311758,0.0,0.0,0.0,nan,0
766,0.7290000000000005,0.45,,scientific,0,1,0.1929032258064516,1.0,0.0,-0.001723362897719925,-0.002029786456897668,nan,-0.001723362897719925,-0.002029786456897668,nan,1.4961224686214072,1.4961224686214072,0.0,0.0,0.0,nan,0,1,1.0,0.0,-0.0001264338293223749,-0.0007917776753895177,nan,-0.0001264338293223749,-0.0007917776753895177,nan,0.625468463718818,0.625468463718818,0.0,0.0,0.0,nan,0,1,1.0,0.0,-0.001723362897719925,-0.002029786456897668,nan,-0.001723362897719925,-0.002029786456897668,nan,1.4961224686214072,1.4961224686214072,0.0,0.0,0.0,nan,0
767,0.7300000000000005,0.45,,scientific,0,1,0.1935483870967742,1.0,0.0,-0.0009754608740409416,-0.0026854492997851797,nan,-0.0009754608740409416,-0.0026854492997851797,nan,1.4994655872434275,1.4994655872434275,0.0,0.0,0.0,nan,0,1,1.0,0.0,0.00045203903936772214,-0.0012967109273896646,nan,0.00045203903936772214,-0.0012967109273896646,nan,0.6265450015221367,0.6265450015221367,0.0,0.0,0.0,nan,0,1,1.0,0.0,-0.0009754608740409416,-0.0026854492997851797,nan,-0.0009754608740409416,-0.0026854492997851797,nan,1.4994655872434275,1.4994655872434275,0.0,0.0,0.0,nan,0
768,0.7310000000000005,0.45,,scientific,0,1,0.1935483870967742,1.0,0.0,-0.000976597003351036,-0.0026871827960832564,nan,-0.000976597003351036,-0.0026871827960832564,nan,1.5006539021099017,1.5006539021099017,0.0,0.0,0.0,nan,0,1,1.0,0.0,0.00045203903936772214,-0.0012967109273896646,nan,0.00045203903936772214,-0.0012967109273896646,nan,0.6265450015221367,0.6265450015221367,0.0,0.0,0.0,nan,0,1,1.0,0.0,-0.000976597003351036,-0.0026871827960832564,nan,-0.000976597003351036,-0.0026871827960832564,nan,1.5006539021099017,1.5006539021099017,0.0,0.0,0.0,nan,0
769,0.7320000000000005,0.45,,scientific,0,1,0.1935483870967742,1.0,0.0,-0.0009777292905569508,-0.00268891740296331,nan,-0.0009777292905569508,-0.00268891740296331,nan,1.501842054812163,1.501842054812163,0.0,0.0,0.0,nan,0,1,1.0,0.0,0.00045203903936772214,-0.0012967109273896646,nan,0.00045203903936772214,-0.0012967109273896646,nan,0.6265450015221367,0.6265450015221367,0.0,0.0,0.0,nan,0,1,1.0,0.0,-0.0009777292905569508,-0.00268891740296331,nan,-0.0009777292905569508,-0.00268891740296331,nan,1.501842054812163,1.501842054812163,0.0,0.0,0.0,nan,0
770,0.7330000000000005,0.45,,scientific,0,1,0.1935483870967742,1.0,0.0,-0.000978857715938502,-0.0026906531307044233,nan,-0.000978857715938502,-0.0026906531307044233,nan,1.503030045345783,1.503030045345783,0.0,0.0,0.0,nan,0,1,1.0,0.0,0.00045203903936772214,-0.0012967109273896646,nan,0.00045203903936772214,-0.0012967109273896646,nan,0.6265450015221367,0.6265450015221367,0.0,0.0,0.0,nan,0,1,1.0,0.0,-0.000978857715938502,-0.0026906531307044233,nan,-0.000978857715938502,-0.0026906531307044233,nan,1.503030045345783,1.503030045345783,0.0,0.0,0.0,nan,0
771,0.7340000000000005,0.45,,scientific,0,1,0.1935483870967742,1.0,0.0,-0.000979982260861229,-0.0026923899909080014,nan,-0.000979982260861229,-0.0026923899909080014,nan,1.504217873712808,1.504217873712808,0.0,0.0,0.0,nan,0,1,1.0,0.0,0.00045203903936772214,-0.0012967109273896646,nan,0.00045203903936772214,-0.0012967109273896646,nan,0.6265450015221367,0.6265450015221367,0.0,0.0,0.0,nan,0,1,1.0,0.0,-0.000979982260861229,-0.0026923899909080014,nan,-0.000979982260861229,-0.0026923899909080014,nan,1.504217873712808,1.504217873712808,0.0,0.0,0.0,nan,0
772,0.7350000000000005,0.45,,scientific,0,1,0.1935483870967742,1.0,0.0,-0.0009811029073244438,-0.0026941279945125224,nan,-0.0009811029073244438,-0.0026941279945125224,nan,1.5054055398856119,1.5054055398856119,0.0,0.0,0.0,nan,0,1,1.0,0.0,0.00045203903936772214,-0.0012967109273896646,nan,0.00045203903936772214,-0.0012967109273896646,nan,0.6265450015221367,0.6265450015221367,0.0,0.0,0.0,nan,0,1,1.0,0.0,-0.0009811029073244438,-0.0026941279945125224,nan,-0.0009811029073244438,-0.0026941279945125224,nan,1.5054055398856119,1.5054055398856119,0.0,0.0,0.0,nan,0
773,0.7360000000000005,0.45,,scientific,0,1,0.1935483870967742,1.0,0.0,-0.000878433583292977,-0.0016620888720124806,nan,-0.000878433583292977,-0.0016620888720124806,nan,1.508846471231831,1.508846471231831,0.0,0.0,0.0,nan,0,1,1.0,0.0,0.0005286750858753404,-0.0005308578821498331,nan,0.0005286750858753404,-0.0005308578821498331,nan,0.6276215393254553,0.6276215393254553,0.0,0.0,0.0,nan,0,1,1.0,0.0,-0.000878433583292977,-0.0016620888720124806,nan,-0.000878433583292977,-0.0016620888720124806,nan,1.508846471231831,1.508846471231831,0.0,0.0,0.0,nan,0
774,0.7370000000000005,0.45,,scientific,0,1,0.1935483870967742,1.0,0.0,-0.0008795200885366616,-0.0016635636375643907,nan,-0.0008795200885366616,-0.0016635636375643907,nan,1.5100352802733616,1.5100352802733616,0.0,0.0,0.0,nan,0,1,1.0,0.0,0.0005286750858753404,-0.0005308578821498331,nan,0.0005286750858753404,-0.0005308578821498331,nan,0.6276215393254553,0.6276215393254553,0.0,0.0,0.0,nan,0,1,1.0,0.0,-0.0008795200885366616,-0.0016635636375643907,nan,-0.0008795200885366616,-0.0016635636375643907,nan,1.5100352802733616,1.5100352802733616,0.0,0.0,0.0,nan,0
775,0.7380000000000005,0.45,,scientific,0,1,0.1935483870967742,1.0,0.0,-0.000880602644990558,-0.001665039635272228,nan,-0.000880602644990558,-0.001665039635272228,nan,1.5112239269942087,1.5112239269942087,0.0,0.0,0.0,nan,0,1,1.0,0.0,0.0005286750858753404,-0.0005308578821498331,nan,0.0005286750858753404,-0.0005308578821498331,nan,0.6276215393254553,0.6276215393254553,0.0,0.0,0.0,nan,0,1,1.0,0.0,-0.000880602644990558,-0.001665039635272228,nan,-0.000880602644990558,-0.001665039635272228,nan,1.5112239269942087,1.5112239269942087,0.0,0.0,0.0,nan,0
776,0.7390000000000005,0.45,,scientific,0,1,0.1935483870967742,1.0,0.0,-0.0008816812321012755,-0.0016665168776885985,nan,-0.0008816812321012755,-0.0016665168776885985,nan,1.5124124114057225,1.5124124114057225,0.0,0.0,0.0,nan,0,1,1.0,0.0,0.0005286750858753404,-0.0005308578821498331,nan,0.0005286750858753404,-0.0005308578821498331,nan,0.6276215393254553,0.6276215393254553,0.0,0.0,0.0,nan,0,1,1.0,0.0,-0.0008816812321012755,-0.0016665168776885985,nan,-0.0008816812321012755,-0.0016665168776885985,nan,1.5124124114057225,1.5124124114057225,0.0,0.0,0.0,nan,0
777,0.7400000000000005,0.45,,scientific,0,1,0.1935483870967742,1.0,0.0,-0.0008827558282982347,-0.001667995377441626,nan,-0.0008827558282982347,-0.001667995377441626,nan,1.5136007334930024,1.5136007334930024,0.0,0.0,0.0,nan,0,1,1.0,0.0,0.0005286750858753404,-0.0005308578821498331,nan,0.0005286750858753404,-0.0005308578821498331,nan,0.6276215393254553,0.6276215393254553,0.0,0.0,0.0,nan,0,1,1.0,0.0,-0.0008827558282982347,-0.001667995377441626,nan,-0.0008827558282982347,-0.001667995377441626,nan,1.5136007334930024,1.5136007334930024,0.0,0.0,0.0,nan,0
778,0.7410000000000005,0.45,,scientific,0,1,0.1935483870967742,1.0,0.0,-0.0008838264152334863,-0.0016694751473981004,nan,-0.0008838264152334863,-0.0016694751473981004,nan,1.5147888932632476,1.5147888932632476,0.0,0.0,0.0,nan,0,1,1.0,0.0,0.0005286750858753404,-0.0005308578821498331,nan,0.0005286750858753404,-0.0005308578821498331,nan,0.6276215393254553,0.6276215393254553,0.0,0.0,0.0,nan,0,1,1.0,0.0,-0.0008838264152334863,-0.0016694751473981004,nan,-0.0008838264152334863,-0.0016694751473981004,nan,1.5147888932632476,1.5147888932632476,0.0,0.0,0.0,nan,0
779,0.7420000000000005,0.45,,scientific,0,1,0.1935483870967742,1.0,0.0,-0.0008848929725713396,-0.0016709562021642102,nan,-0.0008848929725713396,-0.0016709562021642102,nan,1.5159768907081124,1.5159768907081124,0.0,0.0,0.0,nan,0,1,1.0,0.0,0.0005286750858753404,-0.0005308578821498331,nan,0.0005286750858753404,-0.0005308578821498331,nan,0.6276215393254553,0.6276215393254553,0.0,0.0,0.0,nan,0,1,1.0,0.0,-0.0008848929725713396,-0.0016709562021642102,nan,-0.0008848929725713396,-0.0016709562021642102,nan,1.5159768907081124,1.5159768907081124,0.0,0.0,0.0,nan,0
780,0.7430000000000005,0.45,,scientific,0,1,0.1935483870967742,1.0,0.0,-0.0008859554797315056,-0.0016724385542664225,nan,-0.0008859554797315056,-0.0016724385542664225,nan,1.5171647258332586,1.5171647258332586,0.0,0.0,0.0,nan,0,1,1.0,0.0,0.0005286750858753404,-0.0005308578821498331,nan,0.0005286750858753404,-0.0005308578821498331,nan,0.6276215393254553,0.6276215393254553,0.0,0.0,0.0,nan,0,1,1.0,0.0,-0.0008859554797315056,-0.0016724385542664225,nan,-0.0008859554797315056,-0.0016724385542664225,nan,1.5171647258332586,1.5171647258332586,0.0,0.0,0.0,nan,0
781,0.7440000000000005,0.45,,scientific,0,1,0.1935483870967742,1.0,0.0,-0.0008870139156308485,-0.0016739222169690961,nan,-0.0008870139156308485,-0.0016739222169690961,nan,1.5183523986380123,1.5183523986380123,0.0,0.0,0.0,nan,0,1,1.0,0.0,0.0005286750858753404,-0.0005308578821498331,nan,0.0005286750858753404,-0.0005308578821498331,nan,0.6276215393254553,0.6276215393254553,0.0,0.0,0.0,nan,0,1,1.0,0.0,-0.0008870139156308485,-0.0016739222169690961,nan,-0.0008870139156308485,-0.0016739222169690961,nan,1.5183523986380123,1.5183523986380123,0.0,0.0,0.0,nan,0
782,0.7450000000000006,0.45,,scientific,0,1,0.1935483870967742,1.0,0.0,-0.0008880682590307153,-0.0016754072018277113,nan,-0.0008880682590307153,-0.0016754072018277113,nan,1.5195399091159194,1.5195399091159194,0.0,0.0,0.0,nan,0,1,1.0,0.0,0.0005286750858753404,-0.0005308578821498331,nan,0.0005286750858753404,-0.0005308578821498331,nan,0.6276215393254553,0.6276215393254553,0.0,0.0,0.0,nan,0,1,1.0,0.0,-0.0008880682590307153,-0.0016754072018277113,nan,-0.0008880682590307153,-0.0016754072018277113,nan,1.5195399091159194,1.5195399091159194,0.0,0.0,0.0,nan,0
783,0.7460000000000006,0.45,,scientific,0,1,0.1935483870967742,1.0,0.0,-0.0008891184891779879,-0.0016768935213119537,nan,-0.0008891184891779879,-0.0016768935213119537,nan,1.5207272572732147,1.5207272572732147,0.0,0.0,0.0,nan,0,1,1.0,0.0,0.0005286750858753404,-0.0005308578821498331,nan,0.0005286750858753404,-0.0005308578821498331,nan,0.6276215393254553,0.6276215393254553,0.0,0.0,0.0,nan,0,1,1.0,0.0,-0.0008891184891779879,-0.0016768935213119537,nan,-0.0008891184891779879,-0.0016768935213119537,nan,1.5207272572732147,1.5207272572732147,0.0,0.0,0.0,nan,0
784,0.7470000000000006,0.45,,scientific,0,1,0.1935483870967742,1.0,0.0,-0.000890164585843154,-0.0016783811887364866,nan,-0.000890164585843154,-0.0016783811887364866,nan,1.5219144431144263,1.5219144431144263,0.0,0.0,0.0,nan,0,1,1.0,0.0,0.0005286750858753404,-0.0005308578821498331,nan,0.0005286750858753404,-0.0005308578821498331,nan,0.6276215393254553,0.6276215393254553,0.0,0.0,0.0,nan,0,1,1.0,0.0,-0.000890164585843154,-0.0016783811887364866,nan,-0.000890164585843154,-0.0016783811887364866,nan,1.5219144431144263,1.5219144431144263,0.0,0.0,0.0,nan,0
785,0.7480000000000006,0.45,,scientific,0,1,0.1935483870967742,1.0,0.0,-0.0008912065280957587,-0.0016798702163286243,nan,-0.0008912065280957587,-0.0016798702163286243,nan,1.5231014666284537,1.5231014666284537,0.0,0.0,0.0,nan,0,1,1.0,0.0,0.0005286750858753404,-0.0005308578821498331,nan,0.0005286750858753404,-0.0005308578821498331,nan,0.6276215393254553,0.6276215393254553,0.0,0.0,0.0,nan,0,1,1.0,0.0,-0.0008912065280957587,-0.0016798702163286243,nan,-0.0008912065280957587,-0.0016798702163286243,nan,1.5231014666284537,1.5231014666284537,0.0,0.0,0.0,nan,0
786,0.7490000000000006,0.45,,scientific,0,1,0.1935483870967742,1.0,0.0,-0.0008922442946651479,-0.0016813606166522902,nan,-0.0008922442946651479,-0.0016813606166522902,nan,1.5242883278172545,1.5242883278172545,0.0,0.0,0.0,nan,0,1,1.0,0.0,0.0005286750858753404,-0.0005308578821498331,nan,0.0005286750858753404,-0.0005308578821498331,nan,0.6276215393254553,0.6276215393254553,0.0,0.0,0.0,nan,0,1,1.0,0.0,-0.0008922442946651479,-0.0016813606166522902,nan,-0.0008922442946651479,-0.0016813606166522902,nan,1.5242883278172545,1.5242883278172545,0.0,0.0,0.0,nan,0
787,0.7500000000000006,0.45,,scientific,0,1,0.1935483870967742,1.0,0.0,-0.0008932778656487129,-0.0016828524028366981,nan,-0.0008932778656487129,-0.0016828524028366981,nan,1.525475026676435,1.525475026676435,0.0,0.0,0.0,nan,0,1,1.0,0.0,0.0005286750858753404,-0.0005308578821498331,nan,0.0005286750858753404,-0.0005308578821498331,nan,0.6276215393254553,0.6276215393254553,0.0,0.0,0.0,nan,0,1,1.0,0.0,-0.0008932778656487129,-0.0016828524028366981,nan,-0.0008932778656487129,-0.0016828524028366981,nan,1.525475026676435,1.525475026676435,0.0,0.0,0.0,nan,0
788,0.7510000000000006,0.45,,scientific,0,1,0.1935483870967742,1.0,0.0,-0.000894307220295416,-0.0016843455887332126,nan,-0.000894307220295416,-0.0016843455887332126,nan,1.5266615632114406,1.5266615632114406,0.0,0.0,0.0,nan,0,1,1.0,0.0,0.0005286750858753404,-0.0005308578821498331,nan,0.0005286750858753404,-0.0005308578821498331,nan,0.6276215393254553,0.6276215393254553,0.0,0.0,0.0,nan,0,1,1.0,0.0,-0.000894307220295416,-0.0016843455887332126,nan,-0.000894307220295416,-0.0016843455887332126,nan,1.5266615632114406,1.5266615632114406,0.0,0.0,0.0,nan,0
789,0.7520000000000006,0.45,,scientific,0,1,0.1935483870967742,1.0,0.0,-0.0008953323372103232,-0.00168584018821647,nan,-0.0008953323372103232,-0.00168584018821647,nan,1.527847937423218,1.527847937423218,0.0,0.0,0.0,nan,0,1,1.0,0.0,0.0005286750858753404,-0.0005308578821498331,nan,0.0005286750858753404,-0.0005308578821498331,nan,0.6276215393254553,0.6276215393254553,0.0,0.0,0.0,nan,0,1,1.0,0.0,-0.0008953323372103232,-0.00168584018821647,nan,-0.0008953323372103232,-0.00168584018821647,nan,1.527847937423218,1.527847937423218,0.0,0.0,0.0,nan,0
790,0.7530000000000006,0.45,,scientific,0,1,0.1935483870967742,1.0,0.0,-0.000896353195445109,-0.0016873362144297487,nan,-0.000896353195445109,-0.0016873362144297487,nan,1.5290341492978496,1.5290341492978496,0.0,0.0,0.0,nan,0,1,1.0,0.0,0.0005286750858753404,-0.0005308578821498331,nan,0.0005286750858753404,-0.0005308578821498331,nan,0.6276215393254553,0.6276215393254553,0.0,0.0,0.0,nan,0,1,1.0,0.0,-0.000896353195445109,-0.0016873362144297487,nan,-0.000896353195445109,-0.0016873362144297487,nan,1.5290341492978496,1.5290341492978496,0.0,0.0,0.0,nan,0
791,0.7540000000000006,0.45,,scientific,0,1,0.1935483870967742,1.0,0.0,-0.0008973697728808523,-0.0016888336799373636,nan,-0.0008973697728808523,-0.0016888336799373636,nan,1.5302201988336757,1.5302201988336757,0.0,0.0,0.0,nan,0,1,1.0,0.0,0.0005286750858753404,-0.0005308578821498331,nan,0.0005286750858753404,-0.0005308578821498331,nan,0.6276215393254553,0.6276215393254553,0.0,0.0,0.0,nan,0,1,1.0,0.0,-0.0008973697728808523,-0.0016888336799373636,nan,-0.0008973697728808523,-0.0016888336799373636,nan,1.5302201988336757,1.5302201988336757,0.0,0.0,0.0,nan,0
792,0.7550000000000006,0.45,,scientific,0,1,0.1935483870967742,1.0,0.0,-0.0008983820480563062,-0.0016903325980127386,nan,-0.0008983820480563062,-0.0016903325980127386,nan,1.5314060860310708,1.5314060860310708,0.0,0.0,0.0,nan,0,1,1.0,0.0,0.0005286750858753404,-0.0005308578821498331,nan,0.0005286750858753404,-0.0005308578821498331,nan,0.6276215393254553,0.6276215393254553,0.0,0.0,0.0,nan,0,1,1.0,0.0,-0.0008983820480563062,-0.0016903325980127386,nan,-0.0008983820480563062,-0.0016903325980127386,nan,1.5314060860310708,1.5314060860310708,0.0,0.0,0.0,nan,0
793,0.7560000000000006,0.45,,scientific,0,1,0.1935483870967742,1.0,0.0,-0.0008993899979940294,-0.0016918329814310635,nan,-0.0008993899979940294,-0.0016918329814310635,nan,1.5325918108932732,1.5325918108932732,0.0,0.0,0.0,nan,0,1,1.0,0.0,0.0005286750858753404,-0.0005308578821498331,nan,0.0005286750858753404,-0.0005308578821498331,nan,0.6276215393254553,0.6276215393254553,0.0,0.0,0.0,nan,0,1,1.0,0.0,-0.0008993899979940294,-0.0016918329814310635,nan,-0.0008993899979940294,-0.0016918329814310635,nan,1.5325918108932732,1.5325918108932732,0.0,0.0,0.0,nan,0
794,0.7570000000000006,0.45,,scientific,0,1,0.1935483870967742,1.0,0.0,-0.0009003936010733008,-0.0016933348450286017,nan,-0.0009003936010733008,-0.0016933348450286017,nan,1.5337773734200368,1.5337773734200368,0.0,0.0,0.0,nan,0,1,1.0,0.0,0.0005286750858753404,-0.0005308578821498331,nan,0.0005286750858753404,-0.0005308578821498331,nan,0.6276215393254553,0.6276215393254553,0.0,0.0,0.0,nan,0,1,1.0,0.0,-0.0009003936010733008,-0.0016933348450286017,nan,-0.0009003936010733008,-0.0016933348450286017,nan,1.5337773734200368,1.5337773734200368,0.0,0.0,0.0,nan,0
795,0.7580000000000006,0.45,,scientific,0,1,0.1935483870967742,1.0,0.0,-0.0009013928368006691,-0.0016948382022595693,nan,-0.0009013928368006691,-0.0016948382022595693,nan,1.534962773595606,1.534962773595606,0.0,0.0,0.0,nan,0,1,1.0,0.0,0.0005286750858753404,-0.0005308578821498331,nan,0.0005286750858753404,-0.0005308578821498331,nan,0.6276215393254553,0.6276215393254553,0.0,0.0,0.0,nan,0,1,1.0,0.0,-0.0009013928368006691,-0.0016948382022595693,nan,-0.0009013928368006691,-0.0016948382022595693,nan,1.534962773595606,1.534962773595606,0.0,0.0,0.0,nan,0
796,0.7590000000000006,0.45,,scientific,0,1,0.1935483870967742,1.0,0.0,-0.0009023876834556893,-0.0016963430664160013,nan,-0.0009023876834556893,-0.0016963430664160013,nan,1.536148011432417,1.536148011432417,0.0,0.0,0.0,nan,0,1,1.0,0.0,0.0005286750858753404,-0.0005308578821498331,nan,0.0005286750858753404,-0.0005308578821498331,nan,0.6276215393254553,0.6276215393254553,0.0,0.0,0.0,nan,0,1,1.0,0.0,-0.0009023876834556893,-0.0016963430664160013,nan,-0.0009023876834556893,-0.0016963430664160013,nan,1.536148011432417,1.536148011432417,0.0,0.0,0.0,nan,0
797,0.7600000000000006,0.45,,scientific,0,1,0.1935483870967742,1.0,0.0,-0.0005081957623102177,-0.0007515271904577238,nan,-0.0005081957623102177,-0.0007515271904577238,nan,1.5395832949810557,1.5395832949810557,0.0,0.0,0.0,nan,0,1,1.0,0.0,0.0008242324678969494,0.00017773191879055325,nan,0.0008242324678969494,0.00017773191879055325,nan,0.6286980771287739,0.6286980771287739,0.0,0.0,0.0,nan,0,1,1.0,0.0,-0.0005081957623102177,-0.0007515271904577238,nan,-0.0005081957623102177,-0.0007515271904577238,nan,1.5395832949810557,1.5395832949810557,0.0,0.0,0.0,nan,0
798,0.7610000000000006,0.45,,scientific,0,1,0.1935483870967742,1.0,0.0,-0.0005090869283229013,-0.0007528070797146357,nan,-0.0005090869283229013,-0.0007528070797146357,nan,1.5407696176442771,1.5407696176442771,0.0,0.0,0.0,nan,0,1,1.0,0.0,0.0008242324678969494,0.00017773191879055325,nan,0.0008242324678969494,0.00017773191879055325,nan,0.6286980771287739,0.6286980771287739,0.0,0.0,0.0,nan,0,1,1.0,0.0,-0.0005090869283229013,-0.0007528070797146357,nan,-0.0005090869283229013,-0.0007528070797146357,nan,1.5407696176442771,1.5407696176442771,0.0,0.0,0.0,nan,0
799,0.7620000000000006,0.45,,scientific,0,1,0.1935483870967742,1.0,0.0,-0.0005099736582105998,-0.0007540885524367511,nan,-0.0005099736582105998,-0.0007540885524367511,nan,1.5419557778541964,1.5419557778541964,0.0,0.0,0.0,nan,0,1,1.0,0.0,0.0008242324678969494,0.00017773191879055325,nan,0.0008242324678969494,0.00017773191879055325,nan,0.6286980771287739,0.6286980771287739,0.0,0.0,0.0,nan,0,1,1.0,0.0,-0.0005099736582105998,-0.0007540885524367511,nan,-0.0005099736582105998,-0.0007540885524367511,nan,1.5419557778541964,1.5419557778541964,0.0,0.0,0.0,nan,0
800,0.7630000000000006,0.45,,scientific,0,1,0.1935483870967742,1.0,0.0,-0.0005108559283304356,-0.0007553716224522024,nan,-0.0005108559283304356,-0.0007553716224522024,nan,1.5431417756120558,1.5431417756120558,0.0,0.0,0.0,nan,0,1,1.0,0.0,0.0008242324678969494,0.00017773191879055325,nan,0.0008242324678969494,0.00017773191879055325,nan,0.6286980771287739,0.6286980771287739,0.0,0.0,0.0,nan,0,1,1.0,0.0,-0.0005108559283304356,-0.0007553716224522024,nan,-0.0005108559283304356,-0.0007553716224522024,nan,1.5431417756120558,1.5431417756120558,0.0,0.0,0.0,nan,0
801,0.7640000000000006,0.45,,scientific,0,1,0.1935483870967742,1.0,0.0,-0.000511733716311854,-0.0007566563038014781,nan,-0.000511733716311854,-0.0007566563038014781,nan,1.5443276109273665,1.5443276109273665,0.0,0.0,0.0,nan,0,1,1.0,0.0,0.0008242324678969494,0.00017773191879055325,nan,0.0008242324678969494,0.00017773191879055325,nan,0.6286980771287739,0.6286980771287739,0.0,0.0,0.0,nan,0,1,1.0,0.0,-0.000511733716311854,-0.0007566563038014781,nan,-0.000511733716311854,-0.0007566563038014781,nan,1.5443276109273665,1.5443276109273665,0.0,0.0,0.0,nan,0
802,0.7650000000000006,0.45,,scientific,0,1,0.1935483870967742,1.0,0.0,-0.000512606999761729,-0.0007579426109701337,nan,-0.000512606999761729,-0.0007579426109701337,nan,1.5455132837963939,1.5455132837963939,0.0,0.0,0.0,nan,0,1,1.0,0.0,0.0008242324678969494,0.00017773191879055325,nan,0.0008242324678969494,0.00017773191879055325,nan,0.6286980771287739,0.6286980771287739,0.0,0.0,0.0,nan,0,1,1.0,0.0,-0.000512606999761729,-0.0007579426109701337,nan,-0.000512606999761729,-0.0007579426109701337,nan,1.5455132837963939,1.5455132837963939,0.0,0.0,0.0,nan,0
803,0.7660000000000006,0.45,,scientific,0,1,0.1935483870967742,1.0,0.0,-0.0005134757550132374,-0.0007592305571010394,nan,-0.0005134757550132374,-0.0007592305571010394,nan,1.5466987942160078,1.5466987942160078,0.0,0.0,0.0,nan,0,1,1.0,0.0,0.0008242324678969494,0.00017773191879055325,nan,0.0008242324678969494,0.00017773191879055325,nan,0.6286980771287739,0.6286980771287739,0.0,0.0,0.0,nan,0,1,1.0,0.0,-0.0005134757550132374,-0.0007592305571010394,nan,-0.0005134757550132374,-0.0007592305571010394,nan,1.5466987942160078,1.5466987942160078,0.0,0.0,0.0,nan,0
804,0.7670000000000006,0.45,,scientific,0,1,0.1935483870967742,1.0,0.0,-0.0005143399590767286,-0.0007605201564340838,nan,-0.0005143399590767286,-0.0007605201564340838,nan,1.547884142192121,1.547884142192121,0.0,0.0,0.0,nan,0,1,1.0,0.0,0.0008242324678969494,0.00017773191879055325,nan,0.0008242324678969494,0.00017773191879055325,nan,0.6286980771287739,0.6286980771287739,0.0,0.0,0.0,nan,0,1,1.0,0.0,-0.0005143399590767286,-0.0007605201564340838,nan,-0.0005143399590767286,-0.0007605201564340838,nan,1.547884142192121,1.547884142192121,0.0,0.0,0.0,nan,0
805,0.7680000000000006,0.45,,scientific,0,1,0.1935483870967742,1.0,0.0,-0.0005151995894040396,-0.0007618114221856626,nan,-0.0005151995894040396,-0.0007618114221856626,nan,1.5490693277330618,1.5490693277330618,0.0,0.0,0.0,nan,0,1,1.0,0.0,0.0008242324678969494,0.00017773191879055325,nan,0.0008242324678969494,0.00017773191879055325,nan,0.6286980771287739,0.6286980771287739,0.0,0.0,0.0,nan,0,1,1.0,0.0,-0.0005151995894040396,-0.0007618114221856626,nan,-0.0005151995894040396,-0.0007618114221856626,nan,1.5490693277330618,1.5490693277330618,0.0,0.0,0.0,nan,0
806,0.7690000000000006,0.45,,scientific,0,1,0.1935483870967742,1.0,0.0,-0.0005160546228188697,-0.0007631043676877785,nan,-0.0005160546228188697,-0.0007631043676877785,nan,1.5502543508426228,1.5502543508426228,0.0,0.0,0.0,nan,0,1,1.0,0.0,0.0008242324678969494,0.00017773191879055325,nan,0.0008242324678969494,0.00017773191879055325,nan,0.6286980771287739,0.6286980771287739,0.0,0.0,0.0,nan,0,1,1.0,0.0,-0.0005160546228188697,-0.0007631043676877785,nan,-0.0005160546228188697,-0.0007631043676877785,nan,1.5502543508426228,1.5502543508426228,0.0,0.0,0.0,nan,0
807,0.7700000000000006,0.45,,scientific,0,1,0.1935483870967742,1.0,0.0,-0.0005169050360090314,-0.0007643990071191187,nan,-0.0005169050360090314,-0.0007643990071191187,nan,1.5514392115185416,1.5514392115185416,0.0,0.0,0.0,nan,0,1,1.0,0.0,0.0008242324678969494,0.00017773191879055325,nan,0.0008242324678969494,0.00017773191879055325,nan,0.6286980771287739,0.6286980771287739,0.0,0.0,0.0,nan,0,1,1.0,0.0,-0.0005169050360090314,-0.0007643990071191187,nan,-0.0005169050360090314,-0.0007643990071191187,nan,1.5514392115185416,1.5514392115185416,0.0,0.0,0.0,nan,0
808,0.7710000000000006,0.45,,scientific,0,1,0.19419354838709676,1.0,0.0,-0.0005177508071543834,-0.0007656953536182765,nan,-0.0005177508071543834,-0.0007656953536182765,nan,1.5526239097498298,1.5526239097498298,0.0,0.0,0.0,nan,0,1,1.0,0.0,0.0008242324678969494,0.00017773191879055325,nan,0.0008242324678969494,0.00017773191879055325,nan,0.6286980771287739,0.6286980771287739,0.0,0.0,0.0,nan,0,1,1.0,0.0,-0.0005177508071543834,-0.0007656953536182765,nan,-0.0005177508071543834,-0.0007656953536182765,nan,1.5526239097498298,1.5526239097498298,0.0,0.0,0.0,nan,0
809,0.7720000000000006,0.45,,scientific,0,1,0.19419354838709676,1.0,0.0,-0.0005185919128396733,-0.0007669934208030653,nan,-0.0005185919128396733,-0.0007669934208030653,nan,1.5538084455459078,1.5538084455459078,0.0,0.0,0.0,nan,0,1,1.0,0.0,0.0008242324678969494,0.00017773191879055325,nan,0.0008242324678969494,0.00017773191879055325,nan,0.6286980771287739,0.6286980771287739,0.0,0.0,0.0,nan,0,1,1.0,0.0,-0.0005185919128396733,-0.0007669934208030653,nan,-0.0005185919128396733,-0.0007669934208030653,nan,1.5538084455459078,1.5538084455459078,0.0,0.0,0.0,nan,0
810,0.7730000000000006,0.45,,scientific,0,1,0.19419354838709676,1.0,0.0,-0.0005194283308604793,-0.0007682932230442421,nan,-0.0005194283308604793,-0.0007682932230442421,nan,1.554992818902254,1.554992818902254,0.0,0.0,0.0,nan,0,1,1.0,0.0,0.0008242324678969494,0.00017773191879055325,nan,0.0008242324678969494,0.00017773191879055325,nan,0.6286980771287739,0.6286980771287739,0.0,0.0,0.0,nan,0,1,1.0,0.0,-0.0005194283308604793,-0.0007682932230442421,nan,-0.0005194283308604793,-0.0007682932230442421,nan,1.554992818902254,1.554992818902254,0.0,0.0,0.0,nan,0
811,0.7740000000000006,0.45,,scientific,0,1,0.19419354838709676,1.0,0.0,-0.0005202600382974817,-0.0007695947753312667,nan,-0.0005202600382974817,-0.0007695947753312667,nan,1.5561770298324953,1.5561770298324953,0.0,0.0,0.0,nan,0,1,1.0,0.0,0.0008242324678969494,0.00017773191879055325,nan,0.0008242324678969494,0.00017773191879055325,nan,0.6286980771287739,0.6286980771287739,0.0,0.0,0.0,nan,0,1,1.0,0.0,-0.0005202600382974817,-0.0007695947753312667,nan,-0.0005202600382974817,-0.0007695947753312667,nan,1.5561770298324953,1.5561770298324953,0.0,0.0,0.0,nan,0
812,0.7750000000000006,0.45,,scientific,0,1,0.19419354838709676,1.0,0.0,-0.0005210870125045206,-0.0007708980913193816,nan,-0.0005210870125045206,-0.0007708980913193816,nan,1.5573610783348293,1.5573610783348293,0.0,0.0,0.0,nan,0,1,1.0,0.0,0.0008242324678969494,0.00017773191879055325,nan,0.0008242324678969494,0.00017773191879055325,nan,0.6286980771287739,0.6286980771287739,0.0,0.0,0.0,nan,0,1,1.0,0.0,-0.0005210870125045206,-0.0007708980913193816,nan,-0.0005210870125045206,-0.0007708980913193816,nan,1.5573610783348293,1.5573610783348293,0.0,0.0,0.0,nan,0
813,0.7760000000000006,0.45,,scientific,0,1,0.19419354838709676,1.0,0.0,-0.0005219092302030171,-0.0007722031850875721,nan,-0.0005219092302030171,-0.0007722031850875721,nan,1.5585449644110614,1.5585449644110614,0.0,0.0,0.0,nan,0,1,1.0,0.0,0.0008242324678969494,0.00017773191879055325,nan,0.0008242324678969494,0.00017773191879055325,nan,0.6286980771287739,0.6286980771287739,0.0,0.0,0.0,nan,0,1,1.0,0.0,-0.0005219092302030171,-0.0007722031850875721,nan,-0.0005219092302030171,-0.0007722031850875721,nan,1.5585449644110614,1.5585449644110614,0.0,0.0,0.0,nan,0
814,0.7770000000000006,0.45,,scientific,0,1,0.19419354838709676,1.0,0.0,-0.0005227266673099106,-0.0007735100697075008,nan,-0.0005227266673099106,-0.0007735100697075008,nan,1.5597286880658536,1.5597286880658536,0.0,0.0,0.0,nan,0,1,1.0,0.0,0.0008242324678969494,0.00017773191879055325,nan,0.0008242324678969494,0.00017773191879055325,nan,0.6286980771287739,0.6286980771287739,0.0,0.0,0.0,nan,0,1,1.0,0.0,-0.0005227266673099106,-0.0007735100697075008,nan,-0.0005227266673099106,-0.0007735100697075008,nan,1.5597286880658536,1.5597286880658536,0.0,0.0,0.0,nan,0
815,0.7780000000000006,0.45,,scientific,0,1,0.19419354838709676,1.0,0.0,-0.0005235393001184907,-0.0007748187601772348,nan,-0.0005235393001184907,-0.0007748187601772348,nan,1.5609122493056484,1.5609122493056484,0.0,0.0,0.0,nan,0,1,1.0,0.0,0.0008242324678969494,0.00017773191879055325,nan,0.0008242324678969494,0.00017773191879055325,nan,0.6286980771287739,0.6286980771287739,0.0,0.0,0.0,nan,0,1,1.0,0.0,-0.0005235393001184907,-0.0007748187601772348,nan,-0.0005235393001184907,-0.0007748187601772348,nan,1.5609122493056484,1.5609122493056484,0.0,0.0,0.0,nan,0
816,0.7790000000000006,0.45,,scientific,0,1,0.19419354838709676,1.0,0.0,-0.0005243471045785851,-0.0007761292712747151,nan,-0.0005243471045785851,-0.0007761292712747151,nan,1.5620956481424515,1.5620956481424515,0.0,0.0,0.0,nan,0,1,1.0,0.0,0.0008242324678969494,0.00017773191879055325,nan,0.0008242324678969494,0.00017773191879055325,nan,0.6286980771287739,0.6286980771287739,0.0,0.0,0.0,nan,0,1,1.0,0.0,-0.0005243471045785851,-0.0007761292712747151,nan,-0.0005243471045785851,-0.0007761292712747151,nan,1.5620956481424515,1.5620956481424515,0.0,0.0,0.0,nan,0
817,0.7800000000000006,0.45,,scientific,0,1,0.19419354838709676,1.0,0.0,-0.0005251500578465865,-0.0007774416186802622,nan,-0.0005251500578465865,-0.0007774416186802622,nan,1.563278884567009,1.563278884567009,0.0,0.0,0.0,nan,0,1,1.0,0.0,0.0008242324678969494,0.00017773191879055325,nan,0.0008242324678969494,0.00017773191879055325,nan,0.6286980771287739,0.6286980771287739,0.0,0.0,0.0,nan,0,1,1.0,0.0,-0.0005251500578465865,-0.0007774416186802622,nan,-0.0005251500578465865,-0.0007774416186802622,nan,1.563278884567009,1.563278884567009,0.0,0.0,0.0,nan,0
818,0.7810000000000006,0.45,,scientific,0,1,0.19419354838709676,1.0,0.0,-0.0005259481354391302,-0.0007787558155050513,nan,-0.0005259481354391302,-0.0007787558155050513,nan,1.5644619585852728,1.5644619585852728,0.0,0.0,0.0,nan,0,1,1.0,0.0,0.0008242324678969494,0.00017773191879055325,nan,0.0008242324678969494,0.00017773191879055325,nan,0.6286980771287739,0.6286980771287739,0.0,0.0,0.0,nan,0,1,1.0,0.0,-0.0005259481354391302,-0.0007787558155050513,nan,-0.0005259481354391302,-0.0007787558155050513,nan,1.5644619585852728,1.5644619585852728,0.0,0.0,0.0,nan,0
819,0.7820000000000006,0.45,,scientific,0,1,0.19419354838709676,1.0,0.0,-0.0005267413124535533,-0.0007800718748890099,nan,-0.0005267413124535533,-0.0007800718748890099,nan,1.5656448702000951,1.5656448702000951,0.0,0.0,0.0,nan,0,1,1.0,0.0,0.0008242324678969494,0.00017773191879055325,nan,0.0008242324678969494,0.00017773191879055325,nan,0.6286980771287739,0.6286980771287739,0.0,0.0,0.0,nan,0,1,1.0,0.0,-0.0005267413124535533,-0.0007800718748890099,nan,-0.0005267413124535533,-0.0007800718748890099,nan,1.5656448702000951,1.5656448702000951,0.0,0.0,0.0,nan,0
820,0.7830000000000006,0.45,,scientific,0,1,0.19419354838709676,1.0,0.0,-0.0005275295657126284,-0.0007813898110386311,nan,-0.0005275295657126284,-0.0007813898110386311,nan,1.5668276194208643,1.5668276194208643,0.0,0.0,0.0,nan,0,1,1.0,0.0,0.0008242324678969494,0.00017773191879055325,nan,0.0008242324678969494,0.00017773191879055325,nan,0.6286980771287739,0.6286980771287739,0.0,0.0,0.0,nan,0,1,1.0,0.0,-0.0005275295657126284,-0.0007813898110386311,nan,-0.0005275295657126284,-0.0007813898110386311,nan,1.5668276194208643,1.5668276194208643,0.0,0.0,0.0,nan,0
821,0.7840000000000006,0.45,,scientific,0,1,0.19419354838709676,1.0,0.0,-0.0005283128717375452,-0.00078270963889566,nan,-0.0005283128717375452,-0.00078270963889566,nan,1.5680102062586072,1.5680102062586072,0.0,0.0,0.0,nan,0,1,1.0,0.0,0.0008242324678969494,0.00017773191879055325,nan,0.0008242324678969494,0.00017773191879055325,nan,0.6286980771287739,0.6286980771287739,0.0,0.0,0.0,nan,0,1,1.0,0.0,-0.0005283128717375452,-0.00078270963889566,nan,-0.0005283128717375452,-0.00078270963889566,nan,1.5680102062586072,1.5680102062586072,0.0,0.0,0.0,nan,0
822,0.7850000000000006,0.45,,scientific,0,1,0.19419354838709676,1.0,0.0,-0.0005290912066369755,-0.0007840313714592927,nan,-0.0005290912066369755,-0.0007840313714592927,nan,1.5691926307040607,1.5691926307040607,0.0,0.0,0.0,nan,0,1,1.0,0.0,0.0008242324678969494,0.00017773191879055325,nan,0.0008242324678969494,0.00017773191879055325,nan,0.6286980771287739,0.6286980771287739,0.0,0.0,0.0,nan,0,1,1.0,0.0,-0.0005290912066369755,-0.0007840313714592927,nan,-0.0005290912066369755,-0.0007840313714592927,nan,1.5691926307040607,1.5691926307040607,0.0,0.0,0.0,nan,0
823,0.7860000000000006,0.45,,scientific,0,1,0.19419354838709676,1.0,0.0,-0.0005298645466864544,-0.0007853550222816618,nan,-0.0005298645466864544,-0.0007853550222816618,nan,1.5703748927711483,1.5703748927711483,0.0,0.0,0.0,nan,0,1,1.0,0.0,0.0008242324678969494,0.00017773191879055325,nan,0.0008242324678969494,0.00017773191879055325,nan,0.6286980771287739,0.6286980771287739,0.0,0.0,0.0,nan,0,1,1.0,0.0,-0.0005298645466864544,-0.0007853550222816618,nan,-0.0005298645466864544,-0.0007853550222816618,nan,1.5703748927711483,1.5703748927711483,0.0,0.0,0.0,nan,0
824,0.7870000000000006,0.45,,scientific,0,1,0.19419354838709676,1.0,0.0,-0.0005306328677345372,-0.0007866806073237659,nan,-0.0005306328677345372,-0.0007866806073237659,nan,1.571556992461352,1.571556992461352,0.0,0.0,0.0,nan,0,1,1.0,0.0,0.0008242324678969494,0.00017773191879055325,nan,0.0008242324678969494,0.00017773191879055325,nan,0.6286980771287739,0.6286980771287739,0.0,0.0,0.0,nan,0,1,1.0,0.0,-0.0005306328677345372,-0.0007866806073237659,nan,-0.0005306328677345372,-0.0007866806073237659,nan,1.571556992461352,1.571556992461352,0.0,0.0,0.0,nan,0
825,0.7880000000000006,0.45,,scientific,0,1,0.19419354838709676,1.0,0.0,-0.0005313961461534506,-0.0007880081414125701,nan,-0.0005313961461534506,-0.0007880081414125701,nan,1.5727389297766678,1.5727389297766678,0.0,0.0,0.0,nan,0,1,1.0,0.0,0.0008242324678969494,0.00017773191879055325,nan,0.0008242324678969494,0.00017773191879055325,nan,0.6286980771287739,0.6286980771287739,0.0,0.0,0.0,nan,0,1,1.0,0.0,-0.0005313961461534506,-0.0007880081414125701,nan,-0.0005313961461534506,-0.0007880081414125701,nan,1.5727389297766678,1.5727389297766678,0.0,0.0,0.0,nan,0
826,0.7890000000000006,0.45,,scientific,0,1,0.19419354838709676,1.0,0.0,-0.000532154358708386,-0.0007893376402200431,nan,-0.000532154358708386,-0.0007893376402200431,nan,1.573920704727819,1.573920704727819,0.0,0.0,0.0,nan,0,1,1.0,0.0,0.0008242324678969494,0.00017773191879055325,nan,0.0008242324678969494,0.00017773191879055325,nan,0.6286980771287739,0.6286980771287739,0.0,0.0,0.0,nan,0,1,1.0,0.0,-0.000532154358708386,-0.0007893376402200431,nan,-0.000532154358708386,-0.0007893376402200431,nan,1.573920704727819,1.573920704727819,0.0,0.0,0.0,nan,0
827,0.7900000000000006,0.45,,scientific,0,1,0.19419354838709676,1.0,0.0,-0.000532907481611302,-0.0007906691181121302,nan,-0.000532907481611302,-0.0007906691181121302,nan,1.5751023173162726,1.5751023173162726,0.0,0.0,0.0,nan,0,1,1.0,0.0,0.0008242324678969494,0.00017773191879055325,nan,0.0008242324678969494,0.00017773191879055325,nan,0.6286980771287739,0.6286980771287739,0.0,0.0,0.0,nan,0,1,1.0,0.0,-0.000532907481611302,-0.0007906691181121302,nan,-0.000532907481611302,-0.0007906691181121302,nan,1.5751023173162726,1.5751023173162726,0.0,0.0,0.0,nan,0
828,0.7910000000000006,0.45,,scientific,0,1,0.19419354838709676,1.0,0.0,-0.0005336554899274685,-0.0007920025895451531,nan,-0.0005336554899274685,-0.0007920025895451531,nan,1.5762837675387942,1.5762837675387942,0.0,0.0,0.0,nan,0,1,1.0,0.0,0.0008242324678969494,0.00017773191879055325,nan,0.0008242324678969494,0.00017773191879055325,nan,0.6286980771287739,0.6286980771287739,0.0,0.0,0.0,nan,0,1,1.0,0.0,-0.0005336554899274685,-0.0007920025895451531,nan,-0.0005336554899274685,-0.0007920025895451531,nan,1.5762837675387942,1.5762837675387942,0.0,0.0,0.0,nan,0
829,0.7920000000000006,0.45,,scientific,0,1,0.19419354838709676,1.0,0.0,-0.0005343983597154401,-0.0007933380694845709,nan,-0.0005343983597154401,-0.0007933380694845709,nan,1.5774650553946774,1.5774650553946774,0.0,0.0,0.0,nan,0,1,1.0,0.0,0.0008242324678969494,0.00017773191879055325,nan,0.0008242324678969494,0.00017773191879055325,nan,0.6286980771287739,0.6286980771287739,0.0,0.0,0.0,nan,0,1,1.0,0.0,-0.0005343983597154401,-0.0007933380694845709,nan,-0.0005343983597154401,-0.0007933380694845709,nan,1.5774650553946774,1.5774650553946774,0.0,0.0,0.0,nan,0
830,0.7930000000000006,0.45,,scientific,0,1,0.19419354838709676,1.0,0.0,-0.0005351360663835597,-0.0007946755714524298,nan,-0.0005351360663835597,-0.0007946755714524298,nan,1.5786461808894292,1.5786461808894292,0.0,0.0,0.0,nan,0,1,1.0,0.0,0.0008242324678969494,0.00017773191879055325,nan,0.0008242324678969494,0.00017773191879055325,nan,0.6286980771287739,0.6286980771287739,0.0,0.0,0.0,nan,0,1,1.0,0.0,-0.0005351360663835597,-0.0007946755714524298,nan,-0.0005351360663835597,-0.0007946755714524298,nan,1.5786461808894292,1.5786461808894292,0.0,0.0,0.0,nan,0
831,0.7940000000000006,0.45,,scientific,0,1,0.19419354838709676,1.0,0.0,-0.0005358685859402789,-0.0007960151099024137,nan,-0.0005358685859402789,-0.0007960151099024137,nan,1.5798271440254463,1.5798271440254463,0.0,0.0,0.0,nan,0,1,1.0,0.0,0.0008242324678969494,0.00017773191879055325,nan,0.0008242324678969494,0.00017773191879055325,nan,0.6286980771287739,0.6286980771287739,0.0,0.0,0.0,nan,0,1,1.0,0.0,-0.0005358685859402789,-0.0007960151099024137,nan,-0.0005358685859402789,-0.0007960151099024137,nan,1.5798271440254463,1.5798271440254463,0.0,0.0,0.0,nan,0
832,0.7950000000000006,0.45,,scientific,0,1,0.19419354838709676,1.0,0.0,-0.0005365958938340896,-0.0007973567002961526,nan,-0.0005365958938340896,-0.0007973567002961526,nan,1.5810079448172325,1.5810079448172325,0.0,0.0,0.0,nan,0,1,1.0,0.0,0.0008242324678969494,0.00017773191879055325,nan,0.0008242324678969494,0.00017773191879055325,nan,0.6286980771287739,0.6286980771287739,0.0,0.0,0.0,nan,0,1,1.0,0.0,-0.0005365958938340896,-0.0007973567002961526,nan,-0.0005365958938340896,-0.0007973567002961526,nan,1.5810079448172325,1.5810079448172325,0.0,0.0,0.0,nan,0
833,0.7960000000000006,0.45,,scientific,0,1,0.19419354838709676,1.0,0.0,-0.0005373179654643706,-0.0007987003571861146,nan,-0.0005373179654643706,-0.0007987003571861146,nan,1.582188583262978,1.582188583262978,0.0,0.0,0.0,nan,0,1,1.0,0.0,0.0008242324678969494,0.00017773191879055325,nan,0.0008242324678969494,0.00017773191879055325,nan,0.6286980771287739,0.6286980771287739,0.0,0.0,0.0,nan,0,1,1.0,0.0,-0.0005373179654643706,-0.0007987003571861146,nan,-0.0005373179654643706,-0.0007987003571861146,nan,1.582188583262978,1.582188583262978,0.0,0.0,0.0,nan,0
834,0.7970000000000006,0.45,,scientific,0,1,0.19419354838709676,1.0,0.0,-0.0021821983827674226,-0.0011435174510045615,nan,-0.0021821983827674226,-0.0011435174510045615,nan,1.587953792516208,1.587953792516208,0.0,0.0,0.0,nan,0,1,1.0,0.0,-0.00040569186719209235,-5.4512316624928556e-05,nan,-0.00040569186719209235,-5.4512316624928556e-05,nan,0.6308511527354111,0.6308511527354111,0.0,0.0,0.0,nan,0,1,1.0,0.0,-0.0021821983827674226,-0.0011435174510045615,nan,-0.0021821983827674226,-0.0011435174510045615,nan,1.587953792516208,1.587953792516208,0.0,0.0,0.0,nan,0
835,0.7980000000000006,0.45,,scientific,0,1,0.19419354838709676,1.0,0.0,-0.002183303831650735,-0.0011449613822858621,nan,-0.002183303831650735,-0.0011449613822858621,nan,1.5891369202255574,1.5891369202255574,0.0,0.0,0.0,nan,0,1,1.0,0.0,-0.00040569186719209235,-5.4512316624928556e-05,nan,-0.00040569186719209235,-5.4512316624928556e-05,nan,0.6308511527354111,0.6308511527354111,0.0,0.0,0.0,nan,0,1,1.0,0.0,-0.002183303831650735,-0.0011449613822858621,nan,-0.002183303831650735,-0.0011449613822858621,nan,1.5891369202255574,1.5891369202255574,0.0,0.0,0.0,nan,0
836,0.7990000000000006,0.45,,scientific,0,1,0.19419354838709676,1.0,0.0,-0.0021844039686514205,-0.001146407381619157,nan,-0.0021844039686514205,-0.001146407381619157,nan,1.5903198855414207,1.5903198855414207,0.0,0.0,0.0,nan,0,1,1.0,0.0,-0.00040569186719209235,-5.4512316624928556e-05,nan,-0.00040569186719209235,-5.4512316624928556e-05,nan,0.6308511527354111,0.6308511527354111,0.0,0.0,0.0,nan,0,1,1.0,0.0,-0.0021844039686514205,-0.001146407381619157,nan,-0.0021844039686514205,-0.001146407381619157,nan,1.5903198855414207,1.5903198855414207,0.0,0.0,0.0,nan,0
837,0.8000000000000006,0.45,,scientific,0,1,0.19419354838709676,1.0,0.0,-0.0021854987693101426,-0.0011478554639918614,nan,-0.0021854987693101426,-0.0011478554639918614,nan,1.5915026884609929,1.5915026884609929,0.0,0.0,0.0,nan,0,1,1.0,0.0,-0.00040569186719209235,-5.4512316624928556e-05,nan,-0.00040569186719209235,-5.4512316624928556e-05,nan,0.6308511527354111,0.6308511527354111,0.0,0.0,0.0,nan,0,1,1.0,0.0,-0.0021854987693101426,-0.0011478554639918614,nan,-0.0021854987693101426,-0.0011478554639918614,nan,1.5915026884609929,1.5915026884609929,0.0,0.0,0.0,nan,0
838,0.8010000000000006,0.45,,scientific,0,1,0.19419354838709676,1.0,0.0,-0.0021865882088031832,-0.001149305643569302,nan,-0.0021865882088031832,-0.001149305643569302,nan,1.5926853289890157,1.5926853289890157,0.0,0.0,0.0,nan,0,1,1.0,0.0,-0.00040569186719209235,-5.4512316624928556e-05,nan,-0.00040569186719209235,-5.4512316624928556e-05,nan,0.6308511527354111,0.6308511527354111,0.0,0.0,0.0,nan,0,1,1.0,0.0,-0.0021865882088031832,-0.001149305643569302,nan,-0.0021865882088031832,-0.001149305643569302,nan,1.5926853289890157,1.5926853289890157,0.0,0.0,0.0,nan,0
839,0.8020000000000006,0.45,,scientific,0,1,0.19419354838709676,1.0,0.0,-0.002187672262995714,-0.0011507579361673358,nan,-0.002187672262995714,-0.0011507579361673358,nan,1.5938678071372352,1.5938678071372352,0.0,0.0,0.0,nan,0,1,1.0,0.0,-0.00040569186719209235,-5.4512316624928556e-05,nan,-0.00040569186719209235,-5.4512316624928556e-05,nan,0.6308511527354111,0.6308511527354111,0.0,0.0,0.0,nan,0,1,1.0,0.0,-0.002187672262995714,-0.0011507579361673358,nan,-0.002187672262995714,-0.0011507579361673358,nan,1.5938678071372352,1.5938678071372352,0.0,0.0,0.0,nan,0
840,0.8030000000000006,0.45,,scientific,0,1,0.19419354838709676,1.0,0.0,-0.0021887509078122843,-0.0011522123575716829,nan,-0.0021887509078122843,-0.0011522123575716829,nan,1.5950501229189453,1.5950501229189453,0.0,0.0,0.0,nan,0,1,1.0,0.0,-0.00040569186719209235,-5.4512316624928556e-05,nan,-0.00040569186719209235,-5.4512316624928556e-05,nan,0.6308511527354111,0.6308511527354111,0.0,0.0,0.0,nan,0,1,1.0,0.0,-0.0021887509078122843,-0.0011522123575716829,nan,-0.0021887509078122843,-0.0011522123575716829,nan,1.5950501229189453,1.5950501229189453,0.0,0.0,0.0,nan,0
841,0.8040000000000006,0.45,,scientific,0,1,0.19419354838709676,1.0,0.0,-0.0021898241179096048,-0.0011536689230915512,nan,-0.0021898241179096048,-0.0011536689230915512,nan,1.5962322763372836,1.5962322763372836,0.0,0.0,0.0,nan,0,1,1.0,0.0,-0.00040569186719209235,-5.4512316624928556e-05,nan,-0.00040569186719209235,-5.4512316624928556e-05,nan,0.6308511527354111,0.6308511527354111,0.0,0.0,0.0,nan,0,1,1.0,0.0,-0.0021898241179096048,-0.0011536689230915512,nan,-0.0021898241179096048,-0.0011536689230915512,nan,1.5962322763372836,1.5962322763372836,0.0,0.0,0.0,nan,0
842,0.8050000000000006,0.45,,scientific,0,1,0.19419354838709676,1.0,0.0,-0.0021908918712368218,-0.0011551276473864966,nan,-0.0021908918712368218,-0.0011551276473864966,nan,1.5974142673862155,1.5974142673862155,0.0,0.0,0.0,nan,0,1,1.0,0.0,-0.00040569186719209235,-5.4512316624928556e-05,nan,-0.00040569186719209235,-5.4512316624928556e-05,nan,0.6308511527354111,0.6308511527354111,0.0,0.0,0.0,nan,0,1,1.0,0.0,-0.0021908918712368218,-0.0011551276473864966,nan,-0.0021908918712368218,-0.0011551276473864966,nan,1.5974142673862155,1.5974142673862155,0.0,0.0,0.0,nan,0
843,0.8060000000000006,0.45,,scientific,0,1,0.19419354838709676,1.0,0.0,-0.002191954141836532,-0.0011565885459037298,nan,-0.002191954141836532,-0.0011565885459037298,nan,1.5985960960897598,1.5985960960897598,0.0,0.0,0.0,nan,0,1,1.0,0.0,-0.00040569186719209235,-5.4512316624928556e-05,nan,-0.00040569186719209235,-5.4512316624928556e-05,nan,0.6308511527354111,0.6308511527354111,0.0,0.0,0.0,nan,0,1,1.0,0.0,-0.002191954141836532,-0.0011565885459037298,nan,-0.002191954141836532,-0.0011565885459037298,nan,1.5985960960897598,1.5985960960897598,0.0,0.0,0.0,nan,0
844,0.8070000000000006,0.45,,scientific,0,1,0.19419354838709676,1.0,0.0,-0.0021930109037758528,-0.0011580516330287273,nan,-0.0021930109037758528,-0.0011580516330287273,nan,1.5997777624523781,1.5997777624523781,0.0,0.0,0.0,nan,0,1,1.0,0.0,-0.00040569186719209235,-5.4512316624928556e-05,nan,-0.00040569186719209235,-5.4512316624928556e-05,nan,0.6308511527354111,0.6308511527354111,0.0,0.0,0.0,nan,0,1,1.0,0.0,-0.0021930109037758528,-0.0011580516330287273,nan,-0.0021930109037758528,-0.0011580516330287273,nan,1.5997777624523781,1.5997777624523781,0.0,0.0,0.0,nan,0
845,0.8080000000000006,0.45,,scientific,0,1,0.19419354838709676,1.0,0.0,-0.002194062132015816,-0.0011595169242677834,nan,-0.002194062132015816,-0.0011595169242677834,nan,1.6009592664673216,1.6009592664673216,0.0,0.0,0.0,nan,0,1,1.0,0.0,-0.00040569186719209235,-5.4512316624928556e-05,nan,-0.00040569186719209235,-5.4512316624928556e-05,nan,0.6308511527354111,0.6308511527354111,0.0,0.0,0.0,nan,0,1,1.0,0.0,-0.002194062132015816,-0.0011595169242677834,nan,-0.002194062132015816,-0.0011595169242677834,nan,1.6009592664673216,1.6009592664673216,0.0,0.0,0.0,nan,0
846,0.8090000000000006,0.45,,scientific,0,1,0.19419354838709676,1.0,0.0,-0.002195107802464667,-0.001160984434696894,nan,-0.002195107802464667,-0.001160984434696894,nan,1.602140608161435,1.602140608161435,0.0,0.0,0.0,nan,0,1,1.0,0.0,-0.00040569186719209235,-5.4512316624928556e-05,nan,-0.00040569186719209235,-5.4512316624928556e-05,nan,0.6308511527354111,0.6308511527354111,0.0,0.0,0.0,nan,0,1,1.0,0.0,-0.002195107802464667,-0.001160984434696894,nan,-0.002195107802464667,-0.001160984434696894,nan,1.602140608161435,1.602140608161435,0.0,0.0,0.0,nan,0
847,0.8100000000000006,0.45,,scientific,0,1,0.19419354838709676,1.0,0.0,-0.0021961478906609476,-0.0011624541789222148,nan,-0.0021961478906609476,-0.0011624541789222148,nan,1.603321787547259,1.603321787547259,0.0,0.0,0.0,nan,0,1,1.0,0.0,-0.00040569186719209235,-5.4512316624928556e-05,nan,-0.00040569186719209235,-5.4512316624928556e-05,nan,0.6308511527354111,0.6308511527354111,0.0,0.0,0.0,nan,0,1,1.0,0.0,-0.0021961478906609476,-0.0011624541789222148,nan,-0.0021961478906609476,-0.0011624541789222148,nan,1.603321787547259,1.603321787547259,0.0,0.0,0.0,nan,0
848,0.8110000000000006,0.45,,scientific,0,1,0.19419354838709676,1.0,0.0,-0.0016726086000615117,-0.00026020050164291415,nan,-0.0016726086000615117,-0.00026020050164291415,nan,1.606843374272511,1.606843374272511,0.0,0.0,0.0,nan,0,1,1.0,0.0,-2.1081042445278832e-05,0.0006083613371442717,nan,-2.1081042445278832e-05,0.0006083613371442717,nan,0.6319276905387298,0.6319276905387298,0.0,0.0,0.0,nan,0,1,1.0,0.0,-0.0016726086000615117,-0.00026020050164291415,nan,-0.0016726086000615117,-0.00026020050164291415,nan,1.606843374272511,1.606843374272511,0.0,0.0,0.0,nan,0
849,0.8120000000000006,0.45,,scientific,0,1,0.19419354838709676,1.0,0.0,-0.001673513918458191,-0.0002614602587676963,nan,-0.001673513918458191,-0.0002614602587676963,nan,1.6080256450229555,1.6080256450229555,0.0,0.0,0.0,nan,0,1,1.0,0.0,-2.1081042445278832e-05,0.0006083613371442717,nan,-2.1081042445278832e-05,0.0006083613371442717,nan,0.6319276905387298,0.6319276905387298,0.0,0.0,0.0,nan,0,1,1.0,0.0,-0.001673513918458191,-0.0002614602587676963,nan,-0.001673513918458191,-0.0002614602587676963,nan,1.6080256450229555,1.6080256450229555,0.0,0.0,0.0,nan,0
850,0.8130000000000006,0.45,,scientific,0,1,0.19419354838709676,1.0,0.0,-0.0016744136135461141,-0.0002627223432608794,nan,-0.0016744136135461141,-0.0002627223432608794,nan,1.6092077533353388,1.6092077533353388,0.0,0.0,0.0,nan,0,1,1.0,0.0,-2.1081042445278832e-05,0.0006083613371442717,nan,-2.1081042445278832e-05,0.0006083613371442717,nan,0.6319276905387298,0.6319276905387298,0.0,0.0,0.0,nan,0,1,1.0,0.0,-0.0016744136135461141,-0.0002627223432608794,nan,-0.0016744136135461141,-0.0002627223432608794,nan,1.6092077533353388,1.6092077533353388,0.0,0.0,0.0,nan,0
851,0.8140000000000006,0.45,,scientific,0,1,0.19419354838709676,1.0,0.0,-0.0016753076604277225,-0.0002639867705051524,nan,-0.0016753076604277225,-0.0002639867705051524,nan,1.610389699207007,1.610389699207007,0.0,0.0,0.0,nan,0,1,1.0,0.0,-2.1081042445278832e-05,0.0006083613371442717,nan,-2.1081042445278832e-05,0.0006083613371442717,nan,0.6319276905387298,0.6319276905387298,0.0,0.0,0.0,nan,0,1,1.0,0.0,-0.0016753076604277225,-0.0002639867705051524,nan,-0.0016753076604277225,-0.0002639867705051524,nan,1.610389699207007,1.610389699207007,0.0,0.0,0.0,nan,0
852,0.8150000000000006,0.45,,scientific,0,1,0.19419354838709676,1.0,0.0,-0.001676196034976708,-0.00026525355534549243,nan,-0.001676196034976708,-0.00026525355534549243,nan,1.6115714826411665,1.6115714826411665,0.0,0.0,0.0,nan,0,1,1.0,0.0,-2.1081042445278832e-05,0.0006083613371442717,nan,-2.1081042445278832e-05,0.0006083613371442717,nan,0.6319276905387298,0.6319276905387298,0.0,0.0,0.0,nan,0,1,1.0,0.0,-0.001676196034976708,-0.00026525355534549243,nan,-0.001676196034976708,-0.00026525355534549243,nan,1.6115714826411665,1.6115714826411665,0.0,0.0,0.0,nan,0
853,0.8160000000000006,0.45,,scientific,0,1,0.19419354838709676,1.0,0.0,-0.0016770787124664238,-0.0002665227123947701,nan,-0.0016770787124664238,-0.0002665227123947701,nan,1.6127531036508476,1.6127531036508476,0.0,0.0,0.0,nan,0,1,1.0,0.0,-2.1081042445278832e-05,0.0006083613371442717,nan,-2.1081042445278832e-05,0.0006083613371442717,nan,0.6319276905387298,0.6319276905387298,0.0,0.0,0.0,nan,0,1,1.0,0.0,-0.0016770787124664238,-0.0002665227123947701,nan,-0.0016770787124664238,-0.0002665227123947701,nan,1.6127531036508476,1.6127531036508476,0.0,0.0,0.0,nan,0
854,0.8170000000000006,0.45,,scientific,0,1,0.19419354838709676,1.0,0.0,-0.0016779556673847428,-0.0002677942566688998,nan,-0.0016779556673847428,-0.0002677942566688998,nan,1.6139345622590486,1.6139345622590486,0.0,0.0,0.0,nan,0,1,1.0,0.0,-2.1081042445278832e-05,0.0006083613371442717,nan,-2.1081042445278832e-05,0.0006083613371442717,nan,0.6319276905387298,0.6319276905387298,0.0,0.0,0.0,nan,0,1,1.0,0.0,-0.0016779556673847428,-0.0002677942566688998,nan,-0.0016779556673847428,-0.0002677942566688998,nan,1.6139345622590486,1.6139345622590486,0.0,0.0,0.0,nan,0
855,0.8180000000000006,0.45,,scientific,0,1,0.19419354838709676,1.0,0.0,-0.0016788268746051797,-0.0002690682023234781,nan,-0.0016788268746051797,-0.0002690682023234781,nan,1.6151158584673628,1.6151158584673628,0.0,0.0,0.0,nan,0,1,1.0,0.0,-2.1081042445278832e-05,0.0006083613371442717,nan,-2.1081042445278832e-05,0.0006083613371442717,nan,0.6319276905387298,0.6319276905387298,0.0,0.0,0.0,nan,0,1,1.0,0.0,-0.0016788268746051797,-0.0002690682023234781,nan,-0.0016788268746051797,-0.0002690682023234781,nan,1.6151158584673628,1.6151158584673628,0.0,0.0,0.0,nan,0
856,0.8190000000000006,0.45,,scientific,0,1,0.19419354838709676,1.0,0.0,-0.0016796923082004304,-0.0002703445647850279,nan,-0.0016796923082004304,-0.0002703445647850279,nan,1.6162969922876178,1.6162969922876178,0.0,0.0,0.0,nan,0,1,1.0,0.0,-2.1081042445278832e-05,0.0006083613371442717,nan,-2.1081042445278832e-05,0.0006083613371442717,nan,0.6319276905387298,0.6319276905387298,0.0,0.0,0.0,nan,0,1,1.0,0.0,-0.0016796923082004304,-0.0002703445647850279,nan,-0.0016796923082004304,-0.0002703445647850279,nan,1.6162969922876178,1.6162969922876178,0.0,0.0,0.0,nan,0
857,0.8200000000000006,0.45,,scientific,0,1,0.19419354838709676,1.0,0.0,-0.0016805519433035385,-0.00027162336089514523,nan,-0.0016805519433035385,-0.00027162336089514523,nan,1.6174779637333359,1.6174779637333359,0.0,0.0,0.0,nan,0,1,1.0,0.0,-2.1081042445278832e-05,0.0006083613371442717,nan,-2.1081042445278832e-05,0.0006083613371442717,nan,0.6319276905387298,0.6319276905387298,0.0,0.0,0.0,nan,0,1,1.0,0.0,-0.0016805519433035385,-0.00027162336089514523,nan,-0.0016805519433035385,-0.00027162336089514523,nan,1.6174779637333359,1.6174779637333359,0.0,0.0,0.0,nan,0
858,0.8210000000000006,0.45,,scientific,0,1,0.19419354838709676,1.0,0.0,-0.0016814057542212228,-0.0002729046058163156,nan,-0.0016814057542212228,-0.0002729046058163156,nan,1.6186587728129513,1.6186587728129513,0.0,0.0,0.0,nan,0,1,1.0,0.0,-2.1081042445278832e-05,0.0006083613371442717,nan,-2.1081042445278832e-05,0.0006083613371442717,nan,0.6319276905387298,0.6319276905387298,0.0,0.0,0.0,nan,0,1,1.0,0.0,-0.0016814057542212228,-0.0002729046058163156,nan,-0.0016814057542212228,-0.0002729046058163156,nan,1.6186587728129513,1.6186587728129513,0.0,0.0,0.0,nan,0
859,0.8220000000000006,0.45,,scientific,0,1,0.19419354838709676,1.0,0.0,-0.001682253716305788,-0.0002741883138940041,nan,-0.001682253716305788,-0.0002741883138940041,nan,1.6198394195303862,1.6198394195303862,0.0,0.0,0.0,nan,0,1,1.0,0.0,-2.1081042445278832e-05,0.0006083613371442717,nan,-2.1081042445278832e-05,0.0006083613371442717,nan,0.6319276905387298,0.6319276905387298,0.0,0.0,0.0,nan,0,1,1.0,0.0,-0.001682253716305788,-0.0002741883138940041,nan,-0.001682253716305788,-0.0002741883138940041,nan,1.6198394195303862,1.6198394195303862,0.0,0.0,0.0,nan,0
860,0.8230000000000006,0.45,,scientific,0,1,0.19419354838709676,1.0,0.0,-0.0016830958046610547,-0.00027547450079419816,nan,-0.0016830958046610547,-0.00027547450079419816,nan,1.621019903902237,1.621019903902237,0.0,0.0,0.0,nan,0,1,1.0,0.0,-2.1081042445278832e-05,0.0006083613371442717,nan,-2.1081042445278832e-05,0.0006083613371442717,nan,0.6319276905387298,0.6319276905387298,0.0,0.0,0.0,nan,0,1,1.0,0.0,-0.0016830958046610547,-0.00027547450079419816,nan,-0.0016830958046610547,-0.00027547450079419816,nan,1.621019903902237,1.621019903902237,0.0,0.0,0.0,nan,0
861,0.8240000000000006,0.45,,scientific,0,1,0.19419354838709676,1.0,0.0,-0.0016839319940328982,-0.00027676318241425316,nan,-0.0016839319940328982,-0.00027676318241425316,nan,1.6222002259335515,1.6222002259335515,0.0,0.0,0.0,nan,0,1,1.0,0.0,-2.1081042445278832e-05,0.0006083613371442717,nan,-2.1081042445278832e-05,0.0006083613371442717,nan,0.6319276905387298,0.6319276905387298,0.0,0.0,0.0,nan,0,1,1.0,0.0,-0.0016839319940328982,-0.00027676318241425316,nan,-0.0016839319940328982,-0.00027676318241425316,nan,1.6222002259335515,1.6222002259335515,0.0,0.0,0.0,nan,0
862,0.8250000000000006,0.45,,scientific,0,1,0.19419354838709676,1.0,0.0,-0.001684762259319998,-0.00027805437388964794,nan,-0.001684762259319998,-0.00027805437388964794,nan,1.6233803856477,1.6233803856477,0.0,0.0,0.0,nan,0,1,1.0,0.0,-2.1081042445278832e-05,0.0006083613371442717,nan,-2.1081042445278832e-05,0.0006083613371442717,nan,0.6319276905387298,0.6319276905387298,0.0,0.0,0.0,nan,0,1,1.0,0.0,-0.001684762259319998,-0.00027805437388964794,nan,-0.001684762259319998,-0.00027805437388964794,nan,1.6233803856477,1.6233803856477,0.0,0.0,0.0,nan,0
863,0.8260000000000006,0.45,,scientific,0,1,0.19419354838709676,1.0,0.0,-0.002160205035172338,-0.0012106343764005949,nan,-0.002160205035172338,-0.0012106343764005949,nan,1.6269147936650858,1.6269147936650858,0.0,0.0,0.0,nan,0,1,1.0,0.0,-0.0003690468997205561,-7.438710449726503e-05,nan,-0.0003690468997205561,-7.438710449726503e-05,nan,0.6330042283420484,0.6330042283420484,0.0,0.0,0.0,nan,0,1,1.0,0.0,-0.002160205035172338,-0.0012106343764005949,nan,-0.002160205035172338,-0.0012106343764005949,nan,1.6269147936650858,1.6269147936650858,0.0,0.0,0.0,nan,0
864,0.8270000000000006,0.45,,scientific,0,1,0.19419354838709676,1.0,0.0,-0.0021611361036974336,-0.0012121497462799287,nan,-0.0021611361036974336,-0.0012121497462799287,nan,1.6280960394223551,1.6280960394223551,0.0,0.0,0.0,nan,0,1,1.0,0.0,-0.0003690468997205561,-7.438710449726503e-05,nan,-0.0003690468997205561,-7.438710449726503e-05,nan,0.6330042283420484,0.6330042283420484,0.0,0.0,0.0,nan,0,1,1.0,0.0,-0.0021611361036974336,-0.0012121497462799287,nan,-0.0021611361036974336,-0.0012121497462799287,nan,1.6280960394223551,1.6280960394223551,0.0,0.0,0.0,nan,0
865,0.8280000000000006,0.45,,scientific,0,1,0.19419354838709676,1.0,0.0,-0.00216206115950823,-0.001213667635380328,nan,-0.00216206115950823,-0.001213667635380328,nan,1.629277122777744,1.629277122777744,0.0,0.0,0.0,nan,0,1,1.0,0.0,-0.0003690468997205561,-7.438710449726503e-05,nan,-0.0003690468997205561,-7.438710449726503e-05,nan,0.6330042283420484,0.6330042283420484,0.0,0.0,0.0,nan,0,1,1.0,0.0,-0.00216206115950823,-0.001213667635380328,nan,-0.00216206115950823,-0.001213667635380328,nan,1.629277122777744,1.629277122777744,0.0,0.0,0.0,nan,0
866,0.8290000000000006,0.45,,scientific,0,1,0.19419354838709676,1.0,0.0,-0.00216298017749826,-0.0012151880587085656,nan,-0.00216298017749826,-0.0012151880587085656,nan,1.630458043744105,1.630458043744105,0.0,0.0,0.0,nan,0,1,1.0,0.0,-0.0003690468997205561,-7.438710449726503e-05,nan,-0.0003690468997205561,-7.438710449726503e-05,nan,0.6330042283420484,0.6330042283420484,0.0,0.0,0.0,nan,0,1,1.0,0.0,-0.00216298017749826,-0.0012151880587085656,nan,-0.00216298017749826,-0.0012151880587085656,nan,1.630458043744105,1.630458043744105,0.0,0.0,0.0,nan,0
867,0.8300000000000006,0.45,,scientific,0,1,0.19419354838709676,1.0,0.0,-0.0021638931320916875,-0.0012167110310557158,nan,-0.0021638931320916875,-0.0012167110310557158,nan,1.6316388023317079,1.6316388023317079,0.0,0.0,0.0,nan,0,1,1.0,0.0,-0.0003690468997205561,-7.438710449726503e-05,nan,-0.0003690468997205561,-7.438710449726503e-05,nan,0.6330042283420484,0.6330042283420484,0.0,0.0,0.0,nan,0,1,1.0,0.0,-0.0021638931320916875,-0.0012167110310557158,nan,-0.0021638931320916875,-0.0012167110310557158,nan,1.6316388023317079,1.6316388023317079,0.0,0.0,0.0,nan,0
868,0.8310000000000006,0.45,,scientific,0,1,0.19419354838709676,1.0,0.0,-0.0021647999991858454,-0.0012182365665831967,nan,-0.0021647999991858454,-0.0012182365665831967,nan,1.632819398537761,1.632819398537761,0.0,0.0,0.0,nan,0,1,1.0,0.0,-0.0003690468997205561,-7.438710449726503e-05,nan,-0.0003690468997205561,-7.438710449726503e-05,nan,0.6330042283420484,0.6330042283420484,0.0,0.0,0.0,nan,0,1,1.0,0.0,-0.0021647999991858454,-0.0012182365665831967,nan,-0.0021647999991858454,-0.0012182365665831967,nan,1.632819398537761,1.632819398537761,0.0,0.0,0.0,nan,0
869,0.8320000000000006,0.45,,scientific,0,1,0.19419354838709676,1.0,0.0,-0.0021657007531833902,-0.001219764680885383,nan,-0.0021657007531833902,-0.001219764680885383,nan,1.6339998323897018,1.6339998323897018,0.0,0.0,0.0,nan,0,1,1.0,0.0,-0.0003690468997205561,-7.438710449726503e-05,nan,-0.0003690468997205561,-7.438710449726503e-05,nan,0.6330042283420484,0.6330042283420484,0.0,0.0,0.0,nan,0,1,1.0,0.0,-0.0021657007531833902,-0.001219764680885383,nan,-0.0021657007531833902,-0.001219764680885383,nan,1.6339998323897018,1.6339998323897018,0.0,0.0,0.0,nan,0
870,0.8330000000000006,0.45,,scientific,0,1,0.19419354838709676,1.0,0.0,-0.0021665953684569354,-0.0012212953896806958,nan,-0.0021665953684569354,-0.0012212953896806958,nan,1.635180103888855,1.635180103888855,0.0,0.0,0.0,nan,0,1,1.0,0.0,-0.0003690468997205561,-7.438710449726503e-05,nan,-0.0003690468997205561,-7.438710449726503e-05,nan,0.6330042283420484,0.6330042283420484,0.0,0.0,0.0,nan,0,1,1.0,0.0,-0.0021665953684569354,-0.0012212953896806958,nan,-0.0021665953684569354,-0.0012212953896806958,nan,1.635180103888855,1.635180103888855,0.0,0.0,0.0,nan,0
871,0.8340000000000006,0.45,,scientific,0,1,0.19419354838709676,1.0,0.0,-0.002167483819301022,-0.0012228287088234023,nan,-0.002167483819301022,-0.0012228287088234023,nan,1.6363602130557149,1.6363602130557149,0.0,0.0,0.0,nan,0,1,1.0,0.0,-0.0003690468997205561,-7.438710449726503e-05,nan,-0.0003690468997205561,-7.438710449726503e-05,nan,0.6330042283420484,0.6330042283420484,0.0,0.0,0.0,nan,0,1,1.0,0.0,-0.002167483819301022,-0.0012228287088234023,nan,-0.002167483819301022,-0.0012228287088234023,nan,1.6363602130557149,1.6363602130557149,0.0,0.0,0.0,nan,0
872,0.8350000000000006,0.45,,scientific,0,1,0.19419354838709676,1.0,0.0,-0.0021683660807797936,-0.001224364654399414,nan,-0.0021683660807797936,-0.001224364654399414,nan,1.6375401599121233,1.6375401599121233,0.0,0.0,0.0,nan,0,1,1.0,0.0,-0.0003690468997205561,-7.438710449726503e-05,nan,-0.0003690468997205561,-7.438710449726503e-05,nan,0.6330042283420484,0.6330042283420484,0.0,0.0,0.0,nan,0,1,1.0,0.0,-0.0021683660807797936,-0.001224364654399414,nan,-0.0021683660807797936,-0.001224364654399414,nan,1.6375401599121233,1.6375401599121233,0.0,0.0,0.0,nan,0
873,0.8360000000000006,0.45,,scientific,0,1,0.19419354838709676,1.0,0.0,-0.0018309894010048254,-0.00024962334075881746,nan,-0.0018309894010048254,-0.00024962334075881746,nan,1.6410606307169238,1.6410606307169238,0.0,0.0,0.0,nan,0,1,1.0,0.0,-0.0001188093869024402,0.0006479840409730651,nan,-0.0001188093869024402,0.0006479840409730651,nan,0.6340807661453669,0.6340807661453669,0.0,0.0,0.0,nan,0,1,1.0,0.0,-0.0018309894010048254,-0.00024962334075881746,nan,-0.0018309894010048254,-0.00024962334075881746,nan,1.6410606307169238,1.6410606307169238,0.0,0.0,0.0,nan,0
874,0.8370000000000006,0.45,,scientific,0,1,0.19419354838709676,1.0,0.0,-0.0018317821146673853,-0.00025093901043294795,nan,-0.0018317821146673853,-0.00025093901043294795,nan,1.6422416361207977,1.6422416361207977,0.0,0.0,0.0,nan,0,1,1.0,0.0,-0.0001188093869024402,0.0006479840409730651,nan,-0.0001188093869024402,0.0006479840409730651,nan,0.6340807661453669,0.6340807661453669,0.0,0.0,0.0,nan,0,1,1.0,0.0,-0.0018317821146673853,-0.00025093901043294795,nan,-0.0018317821146673853,-0.00025093901043294795,nan,1.6422416361207977,1.6422416361207977,0.0,0.0,0.0,nan,0
875,0.8380000000000006,0.45,,scientific,0,1,0.19419354838709676,1.0,0.0,-0.0018325685762251526,-0.0002522573681708174,nan,-0.0018325685762251526,-0.0002522573681708174,nan,1.643422479177025,1.643422479177025,0.0,0.0,0.0,nan,0,1,1.0,0.0,-0.0001188093869024402,0.0006479840409730651,nan,-0.0001188093869024402,0.0006479840409730651,nan,0.6340807661453669,0.6340807661453669,0.0,0.0,0.0,nan,0,1,1.0,0.0,-0.0018325685762251526,-0.0002522573681708174,nan,-0.0018325685762251526,-0.0002522573681708174,nan,1.643422479177025,1.643422479177025,0.0,0.0,0.0,nan,0
876,0.8390000000000006,0.45,,scientific,0,1,0.19419354838709676,1.0,0.0,-0.0018333487608514687,-0.00025357842871707493,nan,-0.0018333487608514687,-0.00025357842871707493,nan,1.6446031599006807,1.6446031599006807,0.0,0.0,0.0,nan,0,1,1.0,0.0,-0.0001188093869024402,0.0006479840409730651,nan,-0.0001188093869024402,0.0006479840409730651,nan,0.6340807661453669,0.6340807661453669,0.0,0.0,0.0,nan,0,1,1.0,0.0,-0.0018333487608514687,-0.00025357842871707493,nan,-0.0018333487608514687,-0.00025357842871707493,nan,1.6446031599006807,1.6446031599006807,0.0,0.0,0.0,nan,0
877,0.8400000000000006,0.45,,scientific,0,1,0.19419354838709676,1.0,0.0,-0.0018341226431827305,-0.00025490220892382116,nan,-0.0018341226431827305,-0.00025490220892382116,nan,1.6457836782791784,1.6457836782791784,0.0,0.0,0.0,nan,0,1,1.0,0.0,-0.0001188093869024402,0.0006479840409730651,nan,-0.0001188093869024402,0.0006479840409730651,nan,0.6340807661453669,0.6340807661453669,0.0,0.0,0.0,nan,0,1,1.0,0.0,-0.0018341226431827305,-0.00025490220892382116,nan,-0.0018341226431827305,-0.00025490220892382116,nan,1.6457836782791784,1.6457836782791784,0.0,0.0,0.0,nan,0
878,0.8410000000000006,0.45,,scientific,0,1,0.19419354838709676,1.0,0.0,-0.001834890197494334,-0.00025622872476581534,nan,-0.001834890197494334,-0.00025622872476581534,nan,1.6469640343372323,1.6469640343372323,0.0,0.0,0.0,nan,0,1,1.0,0.0,-0.0001188093869024402,0.0006479840409730651,nan,-0.0001188093869024402,0.0006479840409730651,nan,0.6340807661453669,0.6340807661453669,0.0,0.0,0.0,nan,0,1,1.0,0.0,-0.001834890197494334,-0.00025622872476581534,nan,-0.001834890197494334,-0.00025622872476581534,nan,1.6469640343372323,1.6469640343372323,0.0,0.0,0.0,nan,0
879,0.8420000000000006,0.45,,scientific,0,1,0.19419354838709676,1.0,0.0,-0.0018356513993169124,-0.00025755799094932303,nan,-0.0018356513993169124,-0.00025755799094932303,nan,1.6481442281019771,1.6481442281019771,0.0,0.0,0.0,nan,0,1,1.0,0.0,-0.0001188093869024402,0.0006479840409730651,nan,-0.0001188093869024402,0.0006479840409730651,nan,0.6340807661453669,0.6340807661453669,0.0,0.0,0.0,nan,0,1,1.0,0.0,-0.0018356513993169124,-0.00025755799094932303,nan,-0.0018356513993169124,-0.00025755799094932303,nan,1.6481442281019771,1.6481442281019771,0.0,0.0,0.0,nan,0
880,0.8430000000000006,0.45,,scientific,0,1,0.19419354838709676,1.0,0.0,-0.001836406223874509,-0.0002588900220736348,nan,-0.001836406223874509,-0.0002588900220736348,nan,1.6493242595717315,1.6493242595717315,0.0,0.0,0.0,nan,0,1,1.0,0.0,-0.0001188093869024402,0.0006479840409730651,nan,-0.0001188093869024402,0.0006479840409730651,nan,0.6340807661453669,0.6340807661453669,0.0,0.0,0.0,nan,0,1,1.0,0.0,-0.001836406223874509,-0.0002588900220736348,nan,-0.001836406223874509,-0.0002588900220736348,nan,1.6493242595717315,1.6493242595717315,0.0,0.0,0.0,nan,0
881,0.8440000000000006,0.45,,scientific,0,1,0.19419354838709676,1.0,0.0,-0.0018371546459107794,-0.0002602248321074366,nan,-0.0018371546459107794,-0.0002602248321074366,nan,1.6505041287694213,1.6505041287694213,0.0,0.0,0.0,nan,0,1,1.0,0.0,-0.0001188093869024402,0.0006479840409730651,nan,-0.0001188093869024402,0.0006479840409730651,nan,0.6340807661453669,0.6340807661453669,0.0,0.0,0.0,nan,0,1,1.0,0.0,-0.0018371546459107794,-0.0002602248321074366,nan,-0.0018371546459107794,-0.0002602248321074366,nan,1.6505041287694213,1.6505041287694213,0.0,0.0,0.0,nan,0
882,0.8450000000000006,0.45,,scientific,0,1,0.19419354838709676,1.0,0.0,-0.0018378966408096327,-0.00026156243577149887,nan,-0.0018378966408096327,-0.00026156243577149887,nan,1.6516838357126322,1.6516838357126322,0.0,0.0,0.0,nan,0,1,1.0,0.0,-0.0001188093869024402,0.0006479840409730651,nan,-0.0001188093869024402,0.0006479840409730651,nan,0.6340807661453669,0.6340807661453669,0.0,0.0,0.0,nan,0,1,1.0,0.0,-0.0018378966408096327,-0.00026156243577149887,nan,-0.0018378966408096327,-0.00026156243577149887,nan,1.6516838357126322,1.6516838357126322,0.0,0.0,0.0,nan,0
883,0.8460000000000006,0.45,,scientific,0,1,0.19419354838709676,1.0,0.0,-0.001838632183231485,-0.0002629028492066482,nan,-0.001838632183231485,-0.0002629028492066482,nan,1.652863380416055,1.652863380416055,0.0,0.0,0.0,nan,0,1,1.0,0.0,-0.0001188093869024402,0.0006479840409730651,nan,-0.0001188093869024402,0.0006479840409730651,nan,0.6340807661453669,0.6340807661453669,0.0,0.0,0.0,nan,0,1,1.0,0.0,-0.001838632183231485,-0.0002629028492066482,nan,-0.001838632183231485,-0.0002629028492066482,nan,1.652863380416055,1.652863380416055,0.0,0.0,0.0,nan,0
884,0.8470000000000006,0.45,,scientific,0,1,0.19419354838709676,1.0,0.0,-0.001839361248580476,-0.00026424608806886697,nan,-0.001839361248580476,-0.00026424608806886697,nan,1.654042762891601,1.654042762891601,0.0,0.0,0.0,nan,0,1,1.0,0.0,-0.0001188093869024402,0.0006479840409730651,nan,-0.0001188093869024402,0.0006479840409730651,nan,0.6340807661453669,0.6340807661453669,0.0,0.0,0.0,nan,0,1,1.0,0.0,-0.001839361248580476,-0.00026424608806886697,nan,-0.001839361248580476,-0.00026424608806886697,nan,1.654042762891601,1.654042762891601,0.0,0.0,0.0,nan,0
885,0.8480000000000006,0.45,,scientific,0,1,0.19483870967741934,1.0,0.0,-0.0018400838118849286,-0.00026559216763390306,nan,-0.0018400838118849286,-0.00026559216763390306,nan,1.65522198315873,1.65522198315873,0.0,0.0,0.0,nan,0,1,1.0,0.0,-0.0001188093869024402,0.0006479840409730651,nan,-0.0001188093869024402,0.0006479840409730651,nan,0.6340807661453669,0.6340807661453669,0.0,0.0,0.0,nan,0,1,1.0,0.0,-0.0018400838118849286,-0.00026559216763390306,nan,-0.0018400838118849286,-0.00026559216763390306,nan,1.65522198315873,1.65522198315873,0.0,0.0,0.0,nan,0
886,0.8490000000000006,0.45,,scientific,0,1,0.19483870967741934,1.0,0.0,-0.0018407998479446099,-0.0002669411032794508,nan,-0.0018407998479446099,-0.0002669411032794508,nan,1.6564010412227899,1.6564010412227899,0.0,0.0,0.0,nan,0,1,1.0,0.0,-0.0001188093869024402,0.0006479840409730651,nan,-0.0001188093869024402,0.0006479840409730651,nan,0.6340807661453669,0.6340807661453669,0.0,0.0,0.0,nan,0,1,1.0,0.0,-0.0018407998479446099,-0.0002669411032794508,nan,-0.0018407998479446099,-0.0002669411032794508,nan,1.6564010412227899,1.6564010412227899,0.0,0.0,0.0,nan,0
887,0.8500000000000006,0.45,,scientific,0,1,0.19483870967741934,1.0,0.0,-0.001841509331939498,-0.000268292910557688,nan,-0.001841509331939498,-0.000268292910557688,nan,1.6575799370882742,1.6575799370882742,0.0,0.0,0.0,nan,0,1,1.0,0.0,-0.0001188093869024402,0.0006479840409730651,nan,-0.0001188093869024402,0.0006479840409730651,nan,0.6340807661453669,0.6340807661453669,0.0,0.0,0.0,nan,0,1,1.0,0.0,-0.001841509331939498,-0.000268292910557688,nan,-0.001841509331939498,-0.000268292910557688,nan,1.6575799370882742,1.6575799370882742,0.0,0.0,0.0,nan,0
888,0.8510000000000006,0.45,,scientific,0,1,0.19483870967741934,1.0,0.0,-0.0018422122376068654,-0.0002696476048502987,nan,-0.0018422122376068654,-0.0002696476048502987,nan,1.6587586707866386,1.6587586707866386,0.0,0.0,0.0,nan,0,1,1.0,0.0,-0.0001188093869024402,0.0006479840409730651,nan,-0.0001188093869024402,0.0006479840409730651,nan,0.6340807661453669,0.6340807661453669,0.0,0.0,0.0,nan,0,1,1.0,0.0,-0.0018422122376068654,-0.0002696476048502987,nan,-0.0018422122376068654,-0.0002696476048502987,nan,1.6587586707866386,1.6587586707866386,0.0,0.0,0.0,nan,0
889,0.8520000000000006,0.45,,scientific,0,1,0.19548387096774195,1.0,0.0,-0.0018429085404344516,-0.0002710052009734574,nan,-0.0018429085404344516,-0.0002710052009734574,nan,1.6599372423243697,1.6599372423243697,0.0,0.0,0.0,nan,0,1,1.0,0.0,-0.0001188093869024402,0.0006479840409730651,nan,-0.0001188093869024402,0.0006479840409730651,nan,0.6340807661453669,0.6340807661453669,0.0,0.0,0.0,nan,0,1,1.0,0.0,-0.0018429085404344516,-0.0002710052009734574,nan,-0.0018429085404344516,-0.0002710052009734574,nan,1.6599372423243697,1.6599372423243697,0.0,0.0,0.0,nan,0
890,0.8530000000000006,0.45,,scientific,0,1,0.19548387096774195,1.0,0.0,-0.00184359821440604,-0.00027236571335458173,nan,-0.00184359821440604,-0.00027236571335458173,nan,1.6611156517083272,1.6611156517083272,0.0,0.0,0.0,nan,0,1,1.0,0.0,-0.0001188093869024402,0.0006479840409730651,nan,-0.0001188093869024402,0.0006479840409730651,nan,0.6340807661453669,0.6340807661453669,0.0,0.0,0.0,nan,0,1,1.0,0.0,-0.00184359821440604,-0.00027236571335458173,nan,-0.00184359821440604,-0.00027236571335458173,nan,1.6611156517083272,1.6611156517083272,0.0,0.0,0.0,nan,0
891,0.8540000000000006,0.45,,scientific,0,1,0.19548387096774195,1.0,0.0,-0.001844281234677316,-0.00027372915733452134,nan,-0.001844281234677316,-0.00027372915733452134,nan,1.6622938989680869,1.6622938989680869,0.0,0.0,0.0,nan,0,1,1.0,0.0,-0.0001188093869024402,0.0006479840409730651,nan,-0.0001188093869024402,0.0006479840409730651,nan,0.6340807661453669,0.6340807661453669,0.0,0.0,0.0,nan,0,1,1.0,0.0,-0.001844281234677316,-0.00027372915733452134,nan,-0.001844281234677316,-0.00027372915733452134,nan,1.6622938989680869,1.6622938989680869,0.0,0.0,0.0,nan,0
892,0.8550000000000006,0.45,,scientific,0,1,0.19548387096774195,1.0,0.0,-0.0018449575763348823,-0.0002750955482720008,nan,-0.0018449575763348823,-0.0002750955482720008,nan,1.6634719841237549,1.6634719841237549,0.0,0.0,0.0,nan,0,1,1.0,0.0,-0.0001188093869024402,0.0006479840409730651,nan,-0.0001188093869024402,0.0006479840409730651,nan,0.6340807661453669,0.6340807661453669,0.0,0.0,0.0,nan,0,1,1.0,0.0,-0.0018449575763348823,-0.0002750955482720008,nan,-0.0018449575763348823,-0.0002750955482720008,nan,1.6634719841237549,1.6634719841237549,0.0,0.0,0.0,nan,0
893,0.8560000000000006,0.45,,scientific,0,1,0.19548387096774195,1.0,0.0,-0.0018456272142180939,-0.0002764649014354445,nan,-0.0018456272142180939,-0.0002764649014354445,nan,1.6646499071860676,1.6646499071860676,0.0,0.0,0.0,nan,0,1,1.0,0.0,-0.0001188093869024402,0.0006479840409730651,nan,-0.0001188093869024402,0.0006479840409730651,nan,0.6340807661453669,0.6340807661453669,0.0,0.0,0.0,nan,0,1,1.0,0.0,-0.0018456272142180939,-0.0002764649014354445,nan,-0.0018456272142180939,-0.0002764649014354445,nan,1.6646499071860676,1.6646499071860676,0.0,0.0,0.0,nan,0
894,0.8570000000000007,0.45,,scientific,0,1,0.19548387096774195,1.0,0.0,-0.0018462901229156807,-0.00027783723220320514,nan,-0.0018462901229156807,-0.00027783723220320514,nan,1.6658276681699333,1.6658276681699333,0.0,0.0,0.0,nan,0,1,1.0,0.0,-0.0001188093869024402,0.0006479840409730651,nan,-0.0001188093869024402,0.0006479840409730651,nan,0.6340807661453669,0.6340807661453669,0.0,0.0,0.0,nan,0,1,1.0,0.0,-0.0018462901229156807,-0.00027783723220320514,nan,-0.0018462901229156807,-0.00027783723220320514,nan,1.6658276681699333,1.6658276681699333,0.0,0.0,0.0,nan,0
895,0.8580000000000007,0.45,,scientific,0,1,0.19548387096774195,1.0,0.0,-0.0018469462779041094,-0.0002792125552764872,nan,-0.0018469462779041094,-0.0002792125552764872,nan,1.6670052670846893,1.6670052670846893,0.0,0.0,0.0,nan,0,1,1.0,0.0,-0.0001188093869024402,0.0006479840409730651,nan,-0.0001188093869024402,0.0006479840409730651,nan,0.6340807661453669,0.6340807661453669,0.0,0.0,0.0,nan,0,1,1.0,0.0,-0.0018469462779041094,-0.0002792125552764872,nan,-0.0018469462779041094,-0.0002792125552764872,nan,1.6670052670846893,1.6670052670846893,0.0,0.0,0.0,nan,0
896,0.8590000000000007,0.45,,scientific,0,1,0.19548387096774195,1.0,0.0,-0.0018475956538635992,-0.00028059088644383543,nan,-0.0018475956538635992,-0.00028059088644383543,nan,1.6681827039482897,1.6681827039482897,0.0,0.0,0.0,nan,0,1,1.0,0.0,-0.0001188093869024402,0.0006479840409730651,nan,-0.0001188093869024402,0.0006479840409730651,nan,0.6340807661453669,0.6340807661453669,0.0,0.0,0.0,nan,0,1,1.0,0.0,-0.0018475956538635992,-0.00028059088644383543,nan,-0.0018475956538635992,-0.00028059088644383543,nan,1.6681827039482897,1.6681827039482897,0.0,0.0,0.0,nan,0
897,0.8600000000000007,0.45,,scientific,0,1,0.19548387096774195,1.0,0.0,-0.0018482382263113571,-0.0002819722408024691,nan,-0.0018482382263113571,-0.0002819722408024691,nan,1.6693599787773108,1.6693599787773108,0.0,0.0,0.0,nan,0,1,1.0,0.0,-0.0001188093869024402,0.0006479840409730651,nan,-0.0001188093869024402,0.0006479840409730651,nan,0.6340807661453669,0.6340807661453669,0.0,0.0,0.0,nan,0,1,1.0,0.0,-0.0018482382263113571,-0.0002819722408024691,nan,-0.0018482382263113571,-0.0002819722408024691,nan,1.6693599787773108,1.6693599787773108,0.0,0.0,0.0,nan,0
898,0.8610000000000007,0.45,,scientific,0,1,0.19548387096774195,1.0,0.0,-0.0018488739705793211,-0.00028335663324482075,nan,-0.0018488739705793211,-0.00028335663324482075,nan,1.6705370915950004,1.6705370915950004,0.0,0.0,0.0,nan,0,1,1.0,0.0,-0.0001188093869024402,0.0006479840409730651,nan,-0.0001188093869024402,0.0006479840409730651,nan,0.6340807661453669,0.6340807661453669,0.0,0.0,0.0,nan,0,1,1.0,0.0,-0.0018488739705793211,-0.00028335663324482075,nan,-0.0018488739705793211,-0.00028335663324482075,nan,1.6705370915950004,1.6705370915950004,0.0,0.0,0.0,nan,0
899,0.8620000000000007,0.45,,scientific,0,1,0.19548387096774195,1.0,0.0,-0.0018495028612373426,-0.0002847440790205759,nan,-0.0018495028612373426,-0.0002847440790205759,nan,1.6717140424190506,1.6717140424190506,0.0,0.0,0.0,nan,0,1,1.0,0.0,-0.0001188093869024402,0.0006479840409730651,nan,-0.0001188093869024402,0.0006479840409730651,nan,0.6340807661453669,0.6340807661453669,0.0,0.0,0.0,nan,0,1,1.0,0.0,-0.0018495028612373426,-0.0002847440790205759,nan,-0.0018495028612373426,-0.0002847440790205759,nan,1.6717140424190506,1.6717140424190506,0.0,0.0,0.0,nan,0
900,0.8630000000000007,0.45,,scientific,0,1,0.19548387096774195,1.0,0.0,-0.0009832466835291349,0.0003631338581683091,nan,-0.0009832466835291349,0.0003631338581683091,nan,1.6753661297471016,1.6753661297471016,0.0,0.0,0.0,nan,0,1,1.0,0.0,0.0004933483726312475,0.0011064161086128085,nan,0.0004933483726312475,0.0011064161086128085,nan,0.6351573039486855,0.6351573039486855,0.0,0.0,0.0,nan,0,1,1.0,0.0,-0.0009832466835291349,0.0003631338581683091,nan,-0.0009832466835291349,0.0003631338581683091,nan,1.6753661297471016,1.6753661297471016,0.0,0.0,0.0,nan,0
901,0.8640000000000007,0.45,,scientific,0,1,0.19548387096774195,1.0,0.0,-0.0009836519783465053,0.0003618988197304955,nan,-0.0009836519783465053,0.0003618988197304955,nan,1.6765442281233878,1.6765442281233878,0.0,0.0,0.0,nan,0,1,1.0,0.0,0.0004933483726312475,0.0011064161086128085,nan,0.0004933483726312475,0.0011064161086128085,nan,0.6351573039486855,0.6351573039486855,0.0,0.0,0.0,nan,0,1,1.0,0.0,-0.0009836519783465053,0.0003618988197304955,nan,-0.0009836519783465053,0.0003618988197304955,nan,1.6765442281233878,1.6765442281233878,0.0,0.0,0.0,nan,0
902,0.8650000000000007,0.45,,scientific,0,1,0.19548387096774195,1.0,0.0,-0.0009840504238728745,0.00036066063196443484,nan,-0.0009840504238728745,0.00036066063196443484,nan,1.6777221643252287,1.6777221643252287,0.0,0.0,0.0,nan,0,1,1.0,0.0,0.0004933483726312475,0.0011064161086128085,nan,0.0004933483726312475,0.0011064161086128085,nan,0.6351573039486855,0.6351573039486855,0.0,0.0,0.0,nan,0,1,1.0,0.0,-0.0009840504238728745,0.00036066063196443484,nan,-0.0009840504238728745,0.00036066063196443484,nan,1.6777221643252287,1.6777221643252287,0.0,0.0,0.0,nan,0
903,0.8660000000000007,0.45,,scientific,0,1,0.19612903225806452,1.0,0.0,-0.0009844419950977119,0.00035941928028140104,nan,-0.0009844419950977119,0.00035941928028140104,nan,1.6788999383680898,1.6788999383680898,0.0,0.0,0.0,nan,0,1,1.0,0.0,0.0004933483726312475,0.0011064161086128085,nan,0.0004933483726312475,0.0011064161086128085,nan,0.6351573039486855,0.6351573039486855,0.0,0.0,0.0,nan,0,1,1.0,0.0,-0.0009844419950977119,0.00035941928028140104,nan,-0.0009844419950977119,0.00035941928028140104,nan,1.6788999383680898,1.6788999383680898,0.0,0.0,0.0,nan,0
904,0.8670000000000007,0.45,,scientific,0,1,0.19612903225806452,1.0,0.0,-0.0009848266676611211,0.00035817474923416527,nan,-0.0009848266676611211,0.00035817474923416527,nan,1.6800775502777667,1.6800775502777667,0.0,0.0,0.0,nan,0,1,1.0,0.0,0.0004933483726312475,0.0011064161086128085,nan,0.0004933483726312475,0.0011064161086128085,nan,0.6351573039486855,0.6351573039486855,0.0,0.0,0.0,nan,0,1,1.0,0.0,-0.0009848266676611211,0.00035817474923416527,nan,-0.0009848266676611211,0.00035817474923416527,nan,1.6800775502777667,1.6800775502777667,0.0,0.0,0.0,nan,0
905,0.8680000000000007,0.45,,scientific,0,1,0.19612903225806452,1.0,0.0,-0.0009852044169170577,0.0003569270241306123,nan,-0.0009852044169170577,0.0003569270241306123,nan,1.681255000064129,1.681255000064129,0.0,0.0,0.0,nan,0,1,1.0,0.0,0.0004933483726312475,0.0011064161086128085,nan,0.0004933483726312475,0.0011064161086128085,nan,0.6351573039486855,0.6351573039486855,0.0,0.0,0.0,nan,0,1,1.0,0.0,-0.0009852044169170577,0.0003569270241306123,nan,-0.0009852044169170577,0.0003569270241306123,nan,1.681255000064129,1.681255000064129,0.0,0.0,0.0,nan,0
906,0.8690000000000007,0.45,,scientific,0,1,0.19612903225806452,1.0,0.0,-0.0009855752177660448,0.0003556760907735661,nan,-0.0009855752177660448,0.0003556760907735661,nan,1.6824322877266924,1.6824322877266924,0.0,0.0,0.0,nan,0,1,1.0,0.0,0.0004933483726312475,0.0011064161086128085,nan,0.0004933483726312475,0.0011064161086128085,nan,0.6351573039486855,0.6351573039486855,0.0,0.0,0.0,nan,0,1,1.0,0.0,-0.0009855752177660448,0.0003556760907735661,nan,-0.0009855752177660448,0.0003556760907735661,nan,1.6824322877266924,1.6824322877266924,0.0,0.0,0.0,nan,0
907,0.8700000000000007,0.45,,scientific,0,1,0.19612903225806452,1.0,0.0,-0.0009859390462141494,0.0003544219329621297,nan,-0.0009859390462141494,0.0003544219329621297,nan,1.683609413296303,1.683609413296303,0.0,0.0,0.0,nan,0,1,1.0,0.0,0.0004933483726312475,0.0011064161086128085,nan,0.0004933483726312475,0.0011064161086128085,nan,0.6351573039486855,0.6351573039486855,0.0,0.0,0.0,nan,0,1,1.0,0.0,-0.0009859390462141494,0.0003544219329621297,nan,-0.0009859390462141494,0.0003544219329621297,nan,1.683609413296303,1.683609413296303,0.0,0.0,0.0,nan,0
908,0.8710000000000007,0.45,,scientific,0,1,0.19612903225806452,1.0,0.0,-0.0009862958778625753,0.0003531645358070756,nan,-0.0009862958778625753,0.0003531645358070756,nan,1.6847863767873705,1.6847863767873705,0.0,0.0,0.0,nan,0,1,1.0,0.0,0.0004933483726312475,0.0011064161086128085,nan,0.0004933483726312475,0.0011064161086128085,nan,0.6351573039486855,0.6351573039486855,0.0,0.0,0.0,nan,0,1,1.0,0.0,-0.0009862958778625753,0.0003531645358070756,nan,-0.0009862958778625753,0.0003531645358070756,nan,1.6847863767873705,1.6847863767873705,0.0,0.0,0.0,nan,0
909,0.8720000000000007,0.45,,scientific,0,1,0.19612903225806452,1.0,0.0,-0.0009866456884754884,0.00035190388509674035,nan,-0.0009866456884754884,0.00035190388509674035,nan,1.6859631782183004,1.6859631782183004,0.0,0.0,0.0,nan,0,1,1.0,0.0,0.0004933483726312475,0.0011064161086128085,nan,0.0004933483726312475,0.0011064161086128085,nan,0.6351573039486855,0.6351573039486855,0.0,0.0,0.0,nan,0,1,1.0,0.0,-0.0009866456884754884,0.00035190388509674035,nan,-0.0009866456884754884,0.00035190388509674035,nan,1.6859631782183004,1.6859631782183004,0.0,0.0,0.0,nan,0
910,0.8730000000000007,0.45,,scientific,0,1,0.19612903225806452,1.0,0.0,-0.0009869884533133852,0.0003506399665413459,nan,-0.0009869884533133852,0.0003506399665413459,nan,1.6871398176009642,1.6871398176009642,0.0,0.0,0.0,nan,0,1,1.0,0.0,0.0004933483726312475,0.0011064161086128085,nan,0.0004933483726312475,0.0011064161086128085,nan,0.6351573039486855,0.6351573039486855,0.0,0.0,0.0,nan,0,1,1.0,0.0,-0.0009869884533133852,0.0003506399665413459,nan,-0.0009869884533133852,0.0003506399665413459,nan,1.6871398176009642,1.6871398176009642,0.0,0.0,0.0,nan,0
911,0.8740000000000007,0.45,,scientific,0,1,0.19612903225806452,1.0,0.0,-0.000987324148201405,0.0003493727652637775,nan,-0.000987324148201405,0.0003493727652637775,nan,1.6883162949467692,1.6883162949467692,0.0,0.0,0.0,nan,0,1,1.0,0.0,0.0004933483726312475,0.0011064161086128085,nan,0.0004933483726312475,0.0011064161086128085,nan,0.6351573039486855,0.6351573039486855,0.0,0.0,0.0,nan,0,1,1.0,0.0,-0.000987324148201405,0.0003493727652637775,nan,-0.000987324148201405,0.0003493727652637775,nan,1.6883162949467692,1.6883162949467692,0.0,0.0,0.0,nan,0
912,0.8750000000000007,0.45,,scientific,0,1,0.19612903225806452,1.0,0.0,-0.0009876527491634623,0.0003481022648822889,nan,-0.0009876527491634623,0.0003481022648822889,nan,1.6894926102782484,1.6894926102782484,0.0,0.0,0.0,nan,0,1,1.0,0.0,0.0004933483726312475,0.0011064161086128085,nan,0.0004933483726312475,0.0011064161086128085,nan,0.6351573039486855,0.6351573039486855,0.0,0.0,0.0,nan,0,1,1.0,0.0,-0.0009876527491634623,0.0003481022648822889,nan,-0.0009876527491634623,0.0003481022648822889,nan,1.6894926102782484,1.6894926102782484,0.0,0.0,0.0,nan,0
913,0.8760000000000007,0.45,,scientific,0,1,0.19612903225806452,1.0,0.0,-0.0009879742312961458,0.0003468284506131104,nan,-0.0009879742312961458,0.0003468284506131104,nan,1.6906687636117328,1.6906687636117328,0.0,0.0,0.0,nan,0,1,1.0,0.0,0.0004933483726312475,0.0011064161086128085,nan,0.0004933483726312475,0.0011064161086128085,nan,0.6351573039486855,0.6351573039486855,0.0,0.0,0.0,nan,0,1,1.0,0.0,-0.0009879742312961458,0.0003468284506131104,nan,-0.0009879742312961458,0.0003468284506131104,nan,1.6906687636117328,1.6906687636117328,0.0,0.0,0.0,nan,0
914,0.8770000000000007,0.45,,scientific,0,1,0.19612903225806452,1.0,0.0,-0.0009882885709517353,0.0003455513079139047,nan,-0.0009882885709517353,0.0003455513079139047,nan,1.6918447549633329,1.6918447549633329,0.0,0.0,0.0,nan,0,1,1.0,0.0,0.0004933483726312475,0.0011064161086128085,nan,0.0004933483726312475,0.0011064161086128085,nan,0.6351573039486855,0.6351573039486855,0.0,0.0,0.0,nan,0,1,1.0,0.0,-0.0009882885709517353,0.0003455513079139047,nan,-0.0009882885709517353,0.0003455513079139047,nan,1.6918447549633329,1.6918447549633329,0.0,0.0,0.0,nan,0
915,0.8780000000000007,0.45,,scientific,0,1,0.19612903225806452,1.0,0.0,-0.0009885957435895544,0.0003442708219278069,nan,-0.0009885957435895544,0.0003442708219278069,nan,1.6930205843496235,1.6930205843496235,0.0,0.0,0.0,nan,0,1,1.0,0.0,0.0004933483726312475,0.0011064161086128085,nan,0.0004933483726312475,0.0011064161086128085,nan,0.6351573039486855,0.6351573039486855,0.0,0.0,0.0,nan,0,1,1.0,0.0,-0.0009885957435895544,0.0003442708219278069,nan,-0.0009885957435895544,0.0003442708219278069,nan,1.6930205843496235,1.6930205843496235,0.0,0.0,0.0,nan,0
916,0.8790000000000007,0.45,,scientific,0,1,0.19612903225806452,1.0,0.0,-0.0009888957250859043,0.0003429869779322212,nan,-0.0009888957250859043,0.0003429869779322212,nan,1.6941962517789368,1.6941962517789368,0.0,0.0,0.0,nan,0,1,1.0,0.0,0.0004933483726312475,0.0011064161086128085,nan,0.0004933483726312475,0.0011064161086128085,nan,0.6351573039486855,0.6351573039486855,0.0,0.0,0.0,nan,0,1,1.0,0.0,-0.0009888957250859043,0.0003429869779322212,nan,-0.0009888957250859043,0.0003429869779322212,nan,1.6941962517789368,1.6941962517789368,0.0,0.0,0.0,nan,0
917,0.8800000000000007,0.45,,scientific,0,1,0.19612903225806452,1.0,0.0,-0.0009891884921560128,0.00034169976092935696,nan,-0.0009891884921560128,0.00034169976092935696,nan,1.695371757267757,1.695371757267757,0.0,0.0,0.0,nan,0,1,1.0,0.0,0.0004933483726312475,0.0011064161086128085,nan,0.0004933483726312475,0.0011064161086128085,nan,0.6351573039486855,0.6351573039486855,0.0,0.0,0.0,nan,0,1,1.0,0.0,-0.0009891884921560128,0.00034169976092935696,nan,-0.0009891884921560128,0.00034169976092935696,nan,1.695371757267757,1.695371757267757,0.0,0.0,0.0,nan,0
918,0.8810000000000007,0.45,,scientific,0,1,0.19612903225806452,1.0,0.0,-0.0013497299361228748,-0.0006645532147528448,nan,-0.0013497299361228748,-0.0006645532147528448,nan,1.6989994778313084,1.6989994778313084,0.0,0.0,0.0,nan,0,1,1.0,0.0,0.00023464841083726203,0.00038528683301590613,nan,0.00023464841083726203,0.00038528683301590613,nan,0.6362338417520043,0.6362338417520043,0.0,0.0,0.0,nan,0,1,1.0,0.0,-0.0013497299361228748,-0.0006645532147528448,nan,-0.0013497299361228748,-0.0006645532147528448,nan,1.6989994778313084,1.6989994778313084,0.0,0.0,0.0,nan,0
919,0.8820000000000007,0.45,,scientific,0,1,0.19612903225806452,1.0,0.0,-0.0013500922185131624,-0.0006660781446690692,nan,-0.0013500922185131624,-0.0006660781446690692,nan,1.7001760742316088,1.7001760742316088,0.0,0.0,0.0,nan,0,1,1.0,0.0,0.00023464841083726203,0.00038528683301590613,nan,0.00023464841083726203,0.00038528683301590613,nan,0.6362338417520043,0.6362338417520043,0.0,0.0,0.0,nan,0,1,1.0,0.0,-0.0013500922185131624,-0.0006660781446690692,nan,-0.0013500922185131624,-0.0006660781446690692,nan,1.7001760742316088,1.7001760742316088,0.0,0.0,0.0,nan,0
920,0.8830000000000007,0.45,,scientific,0,1,0.19612903225806452,1.0,0.0,-0.0013504472007323423,-0.0006676064297322689,nan,-0.0013504472007323423,-0.0006676064297322689,nan,1.7013525085900316,1.7013525085900316,0.0,0.0,0.0,nan,0,1,1.0,0.0,0.00023464841083726203,0.00038528683301590613,nan,0.00023464841083726203,0.00038528683301590613,nan,0.6362338417520043,0.6362338417520043,0.0,0.0,0.0,nan,0,1,1.0,0.0,-0.0013504472007323423,-0.0006676064297322689,nan,-0.0013504472007323423,-0.0006676064297322689,nan,1.7013525085900316,1.7013525085900316,0.0,0.0,0.0,nan,0
921,0.8840000000000007,0.45,,scientific,0,1,0.19612903225806452,1.0,0.0,-0.0013507948594272375,-0.0006691380851367955,nan,-0.0013507948594272375,-0.0006691380851367955,nan,1.7025287809186396,1.7025287809186396,0.0,0.0,0.0,nan,0,1,1.0,0.0,0.00023464841083726203,0.00038528683301590613,nan,0.00023464841083726203,0.00038528683301590613,nan,0.6362338417520043,0.6362338417520043,0.0,0.0,0.0,nan,0,1,1.0,0.0,-0.0013507948594272375,-0.0006691380851367955,nan,-0.0013507948594272375,-0.0006691380851367955,nan,1.7025287809186396,1.7025287809186396,0.0,0.0,0.0,nan,0
922,0.8850000000000007,0.45,,scientific,0,1,0.19612903225806452,1.0,0.0,-0.001351135170782301,-0.0006706731257593528,nan,-0.001351135170782301,-0.0006706731257593528,nan,1.7037048912328736,1.7037048912328736,0.0,0.0,0.0,nan,0,1,1.0,0.0,0.00023464841083726203,0.00038528683301590613,nan,0.00023464841083726203,0.00038528683301590613,nan,0.6362338417520043,0.6362338417520043,0.0,0.0,0.0,nan,0,1,1.0,0.0,-0.001351135170782301,-0.0006706731257593528,nan,-0.001351135170782301,-0.0006706731257593528,nan,1.7037048912328736,1.7037048912328736,0.0,0.0,0.0,nan,0
923,0.8860000000000007,0.45,,scientific,0,1,0.19612903225806452,1.0,0.0,-0.0013514681109604296,-0.0006722115648998142,nan,-0.0013514681109604296,-0.0006722115648998142,nan,1.7048808395602142,1.7048808395602142,0.0,0.0,0.0,nan,0,1,1.0,0.0,0.00023464841083726203,0.00038528683301590613,nan,0.00023464841083726203,0.00038528683301590613,nan,0.6362338417520043,0.6362338417520043,0.0,0.0,0.0,nan,0,1,1.0,0.0,-0.0013514681109604296,-0.0006722115648998142,nan,-0.0013514681109604296,-0.0006722115648998142,nan,1.7048808395602142,1.7048808395602142,0.0,0.0,0.0,nan,0
924,0.8870000000000007,0.45,,scientific,0,1,0.19612903225806452,1.0,0.0,-0.0013517936571032622,-0.0006737534171337889,nan,-0.0013517936571032622,-0.0006737534171337889,nan,1.7060566259163517,1.7060566259163517,0.0,0.0,0.0,nan,0,1,1.0,0.0,0.00023464841083726203,0.00038528683301590613,nan,0.00023464841083726203,0.00038528683301590613,nan,0.6362338417520043,0.6362338417520043,0.0,0.0,0.0,nan,0,1,1.0,0.0,-0.0013517936571032622,-0.0006737534171337889,nan,-0.0013517936571032622,-0.0006737534171337889,nan,1.7060566259163517,1.7060566259163517,0.0,0.0,0.0,nan,0
925,0.8880000000000007,0.45,,scientific,0,1,0.19612903225806452,1.0,0.0,-0.001352111785181102,-0.000675298697399932,nan,-0.001352111785181102,-0.000675298697399932,nan,1.7072322503270985,1.7072322503270985,0.0,0.0,0.0,nan,0,1,1.0,0.0,0.00023464841083726203,0.00038528683301590613,nan,0.00023464841083726203,0.00038528683301590613,nan,0.6362338417520043,0.6362338417520043,0.0,0.0,0.0,nan,0,1,1.0,0.0,-0.001352111785181102,-0.000675298697399932,nan,-0.001352111785181102,-0.000675298697399932,nan,1.7072322503270985,1.7072322503270985,0.0,0.0,0.0,nan,0
926,0.8890000000000007,0.45,,scientific,0,1,0.19612903225806452,1.0,0.0,-0.0013524224709488086,-0.0006768474205291808,nan,-0.0013524224709488086,-0.0006768474205291808,nan,1.7084077128130293,1.7084077128130293,0.0,0.0,0.0,nan,0,1,1.0,0.0,0.00023464841083726203,0.00038528683301590613,nan,0.00023464841083726203,0.00038528683301590613,nan,0.6362338417520043,0.6362338417520043,0.0,0.0,0.0,nan,0,1,1.0,0.0,-0.0013524224709488086,-0.0006768474205291808,nan,-0.0013524224709488086,-0.0006768474205291808,nan,1.7084077128130293,1.7084077128130293,0.0,0.0,0.0,nan,0
927,0.8900000000000007,0.45,,scientific,0,1,0.19612903225806452,1.0,0.0,-0.0013527256907174775,-0.0006783996001679244,nan,-0.0013527256907174775,-0.0006783996001679244,nan,1.709583013391267,1.709583013391267,0.0,0.0,0.0,nan,0,1,1.0,0.0,0.00023464841083726203,0.00038528683301590613,nan,0.00023464841083726203,0.00038528683301590613,nan,0.6362338417520043,0.6362338417520043,0.0,0.0,0.0,nan,0,1,1.0,0.0,-0.0013527256907174775,-0.0006783996001679244,nan,-0.0013527256907174775,-0.0006783996001679244,nan,1.709583013391267,1.709583013391267,0.0,0.0,0.0,nan,0
928,0.8910000000000007,0.45,,scientific,0,1,0.19612903225806452,1.0,0.0,-0.0013530214212517603,-0.0006799552499432326,nan,-0.0013530214212517603,-0.0006799552499432326,nan,1.7107581520792885,1.7107581520792885,0.0,0.0,0.0,nan,0,1,1.0,0.0,0.00023464841083726203,0.00038528683301590613,nan,0.00023464841083726203,0.00038528683301590613,nan,0.6362338417520043,0.6362338417520043,0.0,0.0,0.0,nan,0,1,1.0,0.0,-0.0013530214212517603,-0.0006799552499432326,nan,-0.0013530214212517603,-0.0006799552499432326,nan,1.7107581520792885,1.7107581520792885,0.0,0.0,0.0,nan,0
929,0.8920000000000007,0.45,,scientific,0,1,0.19612903225806452,1.0,0.0,-0.0013533096393187325,-0.0006815143849123508,nan,-0.0013533096393187325,-0.0006815143849123508,nan,1.7119331288973925,1.7119331288973925,0.0,0.0,0.0,nan,0,1,1.0,0.0,0.00023464841083726203,0.00038528683301590613,nan,0.00023464841083726203,0.00038528683301590613,nan,0.6362338417520043,0.6362338417520043,0.0,0.0,0.0,nan,0,1,1.0,0.0,-0.0013533096393187325,-0.0006815143849123508,nan,-0.0013533096393187325,-0.0006815143849123508,nan,1.7119331288973925,1.7119331288973925,0.0,0.0,0.0,nan,0
930,0.8930000000000007,0.45,,scientific,0,1,0.19612903225806452,1.0,0.0,-0.0013535903213696377,-0.0006830770194602727,nan,-0.0013535903213696377,-0.0006830770194602727,nan,1.7131079438673344,1.7131079438673344,0.0,0.0,0.0,nan,0,1,1.0,0.0,0.00023464841083726203,0.00038528683301590613,nan,0.00023464841083726203,0.00038528683301590613,nan,0.6362338417520043,0.6362338417520043,0.0,0.0,0.0,nan,0,1,1.0,0.0,-0.0013535903213696377,-0.0006830770194602727,nan,-0.0013535903213696377,-0.0006830770194602727,nan,1.7131079438673344,1.7131079438673344,0.0,0.0,0.0,nan,0
931,0.8940000000000007,0.45,,scientific,0,1,0.19612903225806452,1.0,0.0,-0.0013538634440521551,-0.0006846431678461495,nan,-0.0013538634440521551,-0.0006846431678461495,nan,1.7142825970016768,1.7142825970016768,0.0,0.0,0.0,nan,0,1,1.0,0.0,0.00023464841083726203,0.00038528683301590613,nan,0.00023464841083726203,0.00038528683301590613,nan,0.6362338417520043,0.6362338417520043,0.0,0.0,0.0,nan,0,1,1.0,0.0,-0.0013538634440521551,-0.0006846431678461495,nan,-0.0013538634440521551,-0.0006846431678461495,nan,1.7142825970016768,1.7142825970016768,0.0,0.0,0.0,nan,0
932,0.8950000000000007,0.45,,scientific,0,1,0.19612903225806452,1.0,0.0,-0.0013541289846843163,-0.000686212843762604,nan,-0.0013541289846843163,-0.000686212843762604,nan,1.715457088318432,1.715457088318432,0.0,0.0,0.0,nan,0,1,1.0,0.0,0.00023464841083726203,0.00038528683301590613,nan,0.00023464841083726203,0.00038528683301590613,nan,0.6362338417520043,0.6362338417520043,0.0,0.0,0.0,nan,0,1,1.0,0.0,-0.0013541289846843163,-0.000686212843762604,nan,-0.0013541289846843163,-0.000686212843762604,nan,1.715457088318432,1.715457088318432,0.0,0.0,0.0,nan,0
933,0.8960000000000007,0.45,,scientific,0,1,0.19612903225806452,1.0,0.0,-0.001354386919941753,-0.0006877860621552889,nan,-0.001354386919941753,-0.0006877860621552889,nan,1.716631417837371,1.716631417837371,0.0,0.0,0.0,nan,0,1,1.0,0.0,0.00023464841083726203,0.00038528683301590613,nan,0.00023464841083726203,0.00038528683301590613,nan,0.6362338417520043,0.6362338417520043,0.0,0.0,0.0,nan,0,1,1.0,0.0,-0.001354386919941753,-0.0006877860621552889,nan,-0.001354386919941753,-0.0006877860621552889,nan,1.716631417837371,1.716631417837371,0.0,0.0,0.0,nan,0
934,0.8970000000000007,0.45,,scientific,0,1,0.19612903225806452,1.0,0.0,-0.0013546372272748724,-0.0006893628376540965,nan,-0.0013546372272748724,-0.0006893628376540965,nan,1.7178055855739711,1.7178055855739711,0.0,0.0,0.0,nan,0,1,1.0,0.0,0.00023464841083726203,0.00038528683301590613,nan,0.00023464841083726203,0.00038528683301590613,nan,0.6362338417520043,0.6362338417520043,0.0,0.0,0.0,nan,0,1,1.0,0.0,-0.0013546372272748724,-0.0006893628376540965,nan,-0.0013546372272748724,-0.0006893628376540965,nan,1.7178055855739711,1.7178055855739711,0.0,0.0,0.0,nan,0
935,0.8980000000000007,0.45,,scientific,0,1,0.19612903225806452,1.0,0.0,-0.0013548798844138681,-0.0006909431832337518,nan,-0.0013548798844138681,-0.0006909431832337518,nan,1.7189795915502488,1.7189795915502488,0.0,0.0,0.0,nan,0,1,1.0,0.0,0.00023464841083726203,0.00038528683301590613,nan,0.00023464841083726203,0.00038528683301590613,nan,0.6362338417520043,0.6362338417520043,0.0,0.0,0.0,nan,0,1,1.0,0.0,-0.0013548798844138681,-0.0006909431832337518,nan,-0.0013548798844138681,-0.0006909431832337518,nan,1.7189795915502488,1.7189795915502488,0.0,0.0,0.0,nan,0
936,0.8990000000000007,0.45,,scientific,0,1,0.19612903225806452,1.0,0.0,-0.0013551148686527157,-0.0006925271127663361,nan,-0.0013551148686527157,-0.0006925271127663361,nan,1.720153435768324,1.720153435768324,0.0,0.0,0.0,nan,0,1,1.0,0.0,0.00023464841083726203,0.00038528683301590613,nan,0.00023464841083726203,0.00038528683301590613,nan,0.6362338417520043,0.6362338417520043,0.0,0.0,0.0,nan,0,1,1.0,0.0,-0.0013551148686527157,-0.0006925271127663361,nan,-0.0013551148686527157,-0.0006925271127663361,nan,1.720153435768324,1.720153435768324,0.0,0.0,0.0,nan,0
937,0.9000000000000007,0.45,,scientific,0,1,0.19612903225806452,1.0,0.0,-0.001355342157900544,-0.0006941146406544705,nan,-0.001355342157900544,-0.0006941146406544705,nan,1.7213271182573167,1.7213271182573167,0.0,0.0,0.0,nan,0,1,1.0,0.0,0.00023464841083726203,0.00038528683301590613,nan,0.00023464841083726203,0.00038528683301590613,nan,0.6362338417520043,0.6362338417520043,0.0,0.0,0.0,nan,0,1,1.0,0.0,-0.001355342157900544,-0.0006941146406544705,nan,-0.001355342157900544,-0.0006941146406544705,nan,1.7213271182573167,1.7213271182573167,0.0,0.0,0.0,nan,0
938,0.9010000000000007,0.45,,scientific,0,1,0.19612903225806452,1.0,0.0,-0.0013555617289120851,-0.0006957057804975519,nan,-0.0013555617289120851,-0.0006957057804975519,nan,1.722500639032461,1.722500639032461,0.0,0.0,0.0,nan,0,1,1.0,0.0,0.00023464841083726203,0.00038528683301590613,nan,0.00023464841083726203,0.00038528683301590613,nan,0.6362338417520043,0.6362338417520043,0.0,0.0,0.0,nan,0,1,1.0,0.0,-0.0013555617289120851,-0.0006957057804975519,nan,-0.0013555617289120851,-0.0006957057804975519,nan,1.722500639032461,1.722500639032461,0.0,0.0,0.0,nan,0
939,0.9020000000000007,0.45,,scientific,0,1,0.19612903225806452,1.0,0.0,-0.0013557735599909707,-0.0006973005471690353,nan,-0.0013557735599909707,-0.0006973005471690353,nan,1.7236739981221862,1.7236739981221862,0.0,0.0,0.0,nan,0,1,1.0,0.0,0.00023464841083726203,0.00038528683301590613,nan,0.00023464841083726203,0.00038528683301590613,nan,0.6362338417520043,0.6362338417520043,0.0,0.0,0.0,nan,0,1,1.0,0.0,-0.0013557735599909707,-0.0006973005471690353,nan,-0.0013557735599909707,-0.0006973005471690353,nan,1.7236739981221862,1.7236739981221862,0.0,0.0,0.0,nan,0
940,0.9030000000000007,0.45,,scientific,0,1,0.19612903225806452,1.0,0.0,-0.0013559776291687078,-0.0006988989548675896,nan,-0.0013559776291687078,-0.0006988989548675896,nan,1.724847195548505,1.724847195548505,0.0,0.0,0.0,nan,0,1,1.0,0.0,0.00023464841083726203,0.00038528683301590613,nan,0.00023464841083726203,0.00038528683301590613,nan,0.6362338417520043,0.6362338417520043,0.0,0.0,0.0,nan,0,1,1.0,0.0,-0.0013559776291687078,-0.0006988989548675896,nan,-0.0013559776291687078,-0.0006988989548675896,nan,1.724847195548505,1.724847195548505,0.0,0.0,0.0,nan,0
941,0.9040000000000007,0.45,,scientific,0,1,0.19612903225806452,1.0,0.0,-0.0013561739131292725,-0.0007005010171813164,nan,-0.0013561739131292725,-0.0007005010171813164,nan,1.7260202313327642,1.7260202313327642,0.0,0.0,0.0,nan,0,1,1.0,0.0,0.00023464841083726203,0.00038528683301590613,nan,0.00023464841083726203,0.00038528683301590613,nan,0.6362338417520043,0.6362338417520043,0.0,0.0,0.0,nan,0,1,1.0,0.0,-0.0013561739131292725,-0.0007005010171813164,nan,-0.0013561739131292725,-0.0007005010171813164,nan,1.7260202313327642,1.7260202313327642,0.0,0.0,0.0,nan,0
942,0.9050000000000007,0.45,,scientific,0,1,0.19612903225806452,1.0,0.0,-0.001356362388601975,-0.0007021067466982948,nan,-0.001356362388601975,-0.0007021067466982948,nan,1.7271931054781027,1.7271931054781027,0.0,0.0,0.0,nan,0,1,1.0,0.0,0.00023464841083726203,0.00038528683301590613,nan,0.00023464841083726203,0.00038528683301590613,nan,0.6362338417520043,0.6362338417520043,0.0,0.0,0.0,nan,0,1,1.0,0.0,-0.001356362388601975,-0.0007021067466982948,nan,-0.001356362388601975,-0.0007021067466982948,nan,1.7271931054781027,1.7271931054781027,0.0,0.0,0.0,nan,0
943,0.9060000000000007,0.45,,scientific,0,1,0.19612903225806452,1.0,0.0,-0.00041204114099353817,-0.00014604958524382626,nan,-0.00041204114099353817,-0.00014604958524382626,nan,1.7309123710148564,1.7309123710148564,0.0,0.0,0.0,nan,0,1,1.0,0.0,0.0008925813779183301,0.0007737122644897179,nan,0.0008925813779183301,0.0007737122644897179,nan,0.6373103795553228,0.6373103795553228,0.0,0.0,0.0,nan,0,1,1.0,0.0,-0.00041204114099353817,-0.00014604958524382626,nan,-0.00041204114099353817,-0.00014604958524382626,nan,1.7309123710148564,1.7309123710148564,0.0,0.0,0.0,nan,0
944,0.9070000000000007,0.45,,scientific,0,1,0.19612903225806452,1.0,0.0,-0.0004119904030433283,-0.00014752928794663182,nan,-0.0004119904030433283,-0.00014752928794663182,nan,1.732086390342411,1.732086390342411,0.0,0.0,0.0,nan,0,1,1.0,0.0,0.0008925813779183301,0.0007737122644897179,nan,0.0008925813779183301,0.0007737122644897179,nan,0.6373103795553228,0.6373103795553228,0.0,0.0,0.0,nan,0,1,1.0,0.0,-0.0004119904030433283,-0.00014752928794663182,nan,-0.0004119904030433283,-0.00014752928794663182,nan,1.732086390342411,1.732086390342411,0.0,0.0,0.0,nan,0
945,0.9080000000000007,0.45,,scientific,0,1,0.19612903225806452,1.0,0.0,-0.00041193188093002466,-0.0001490127439744396,nan,-0.00041193188093002466,-0.0001490127439744396,nan,1.7332602478754962,1.7332602478754962,0.0,0.0,0.0,nan,0,1,1.0,0.0,0.0008925813779183301,0.0007737122644897179,nan,0.0008925813779183301,0.0007737122644897179,nan,0.6373103795553228,0.6373103795553228,0.0,0.0,0.0,nan,0,1,1.0,0.0,-0.00041193188093002466,-0.0001490127439744396,nan,-0.00041193188093002466,-0.0001490127439744396,nan,1.7332602478754962,1.7332602478754962,0.0,0.0,0.0,nan,0
946,0.9090000000000007,0.45,,scientific,0,1,0.19612903225806452,1.0,0.0,-0.0009511610980019652,-0.0010577208180397538,nan,-0.0009511610980019652,-0.0010577208180397538,nan,1.7368872952108383,1.7368872952108383,0.0,0.0,0.0,nan,0,1,1.0,0.0,0.0005019727362074306,0.00011687448556563747,nan,0.0005019727362074306,0.00011687448556563747,nan,0.6383869173586414,0.6383869173586414,0.0,0.0,0.0,nan,0,1,1.0,0.0,-0.0009511610980019652,-0.0010577208180397538,nan,-0.0009511610980019652,-0.0010577208180397538,nan,1.7368872952108383,1.7368872952108383,0.0,0.0,0.0,nan,0
947,0.9100000000000007,0.45,,scientific,0,1,0.19612903225806452,1.0,0.0,-0.0009512095296027429,-0.0010594154219566141,nan,-0.0009512095296027429,-0.0010594154219566141,nan,1.7380622128812293,1.7380622128812293,0.0,0.0,0.0,nan,0,1,1.0,0.0,0.0005019727362074306,0.00011687448556563747,nan,0.0005019727362074306,0.00011687448556563747,nan,0.6383869173586414,0.6383869173586414,0.0,0.0,0.0,nan,0,1,1.0,0.0,-0.0009512095296027429,-0.0010594154219566141,nan,-0.0009512095296027429,-0.0010594154219566141,nan,1.7380622128812293,1.7380622128812293,0.0,0.0,0.0,nan,0
948,0.9110000000000007,0.45,,scientific,0,1,0.19612903225806452,1.0,0.0,-0.0009512501074995476,-0.0010611137954178035,nan,-0.0009512501074995476,-0.0010611137954178035,nan,1.739236968748672,1.739236968748672,0.0,0.0,0.0,nan,0,1,1.0,0.0,0.0005019727362074306,0.00011687448556563747,nan,0.0005019727362074306,0.00011687448556563747,nan,0.6383869173586414,0.6383869173586414,0.0,0.0,0.0,nan,0,1,1.0,0.0,-0.0009512501074995476,-0.0010611137954178035,nan,-0.0009512501074995476,-0.0010611137954178035,nan,1.739236968748672,1.739236968748672,0.0,0.0,0.0,nan,0
949,0.9120000000000007,0.45,,scientific,0,1,0.19612903225806452,1.0,0.0,-0.0009512828098978834,-0.0010628159517751825,nan,-0.0009512828098978834,-0.0010628159517751825,nan,1.7404115628309742,1.7404115628309742,0.0,0.0,0.0,nan,0,1,1.0,0.0,0.0005019727362074306,0.00011687448556563747,nan,0.0005019727362074306,0.00011687448556563747,nan,0.6383869173586414,0.6383869173586414,0.0,0.0,0.0,nan,0,1,1.0,0.0,-0.0009512828098978834,-0.0010628159517751825,nan,-0.0009512828098978834,-0.0010628159517751825,nan,1.7404115628309742,1.7404115628309742,0.0,0.0,0.0,nan,0
950,0.9130000000000007,0.45,,scientific,0,1,0.19612903225806452,1.0,0.0,-0.0009513076159154583,-0.0010645219043198685,nan,-0.0009513076159154583,-0.0010645219043198685,nan,1.7415859951363375,1.7415859951363375,0.0,0.0,0.0,nan,0,1,1.0,0.0,0.0005019727362074306,0.00011687448556563747,nan,0.0005019727362074306,0.00011687448556563747,nan,0.6383869173586414,0.6383869173586414,0.0,0.0,0.0,nan,0,1,1.0,0.0,-0.0009513076159154583,-0.0010645219043198685,nan,-0.0009513076159154583,-0.0010645219043198685,nan,1.7415859951363375,1.7415859951363375,0.0,0.0,0.0,nan,0
951,0.9140000000000007,0.45,,scientific,0,1,0.19612903225806452,1.0,0.0,-0.0009513245043194713,-0.0010662316671393218,nan,-0.0009513245043194713,-0.0010662316671393218,nan,1.742760265687425,1.742760265687425,0.0,0.0,0.0,nan,0,1,1.0,0.0,0.0005019727362074306,0.00011687448556563747,nan,0.0005019727362074306,0.00011687448556563747,nan,0.6383869173586414,0.6383869173586414,0.0,0.0,0.0,nan,0,1,1.0,0.0,-0.0009513245043194713,-0.0010662316671393218,nan,-0.0009513245043194713,-0.0010662316671393218,nan,1.742760265687425,1.742760265687425,0.0,0.0,0.0,nan,0
952,0.9150000000000007,0.45,,scientific,0,1,0.19612903225806452,1.0,0.0,-0.001774467943189476,-0.00035923023580251867,nan,-0.001774467943189476,-0.00035923023580251867,nan,1.7464744232195735,1.7464744232195735,0.0,0.0,0.0,nan,0,1,1.0,0.0,-7.449903042877417e-05,0.0006132840607545251,nan,-7.449903042877417e-05,0.0006132840607545251,nan,0.63946345516196,0.63946345516196,0.0,0.0,0.0,nan,0,1,1.0,0.0,-0.001774467943189476,-0.00035923023580251867,nan,-0.001774467943189476,-0.00035923023580251867,nan,1.7464744232195735,1.7464744232195735,0.0,0.0,0.0,nan,0
953,0.9160000000000007,0.45,,scientific,0,1,0.19612903225806452,1.0,0.0,-0.001774680290293203,-0.0003607664044942621,nan,-0.001774680290293203,-0.0003607664044942621,nan,1.747649876061884,1.747649876061884,0.0,0.0,0.0,nan,0,1,1.0,0.0,-7.449903042877417e-05,0.0006132840607545251,nan,-7.449903042877417e-05,0.0006132840607545251,nan,0.63946345516196,0.63946345516196,0.0,0.0,0.0,nan,0,1,1.0,0.0,-0.001774680290293203,-0.0003607664044942621,nan,-0.001774680290293203,-0.0003607664044942621,nan,1.747649876061884,1.747649876061884,0.0,0.0,0.0,nan,0
954,0.9170000000000007,0.45,,scientific,0,1,0.1967741935483871,1.0,0.0,-0.0017748846912769513,-0.0003623063951965871,nan,-0.0017748846912769513,-0.0003623063951965871,nan,1.7488251673420696,1.7488251673420696,0.0,0.0,0.0,nan,0,1,1.0,0.0,-7.449903042877417e-05,0.0006132840607545251,nan,-7.449903042877417e-05,0.0006132840607545251,nan,0.63946345516196,0.63946345516196,0.0,0.0,0.0,nan,0,1,1.0,0.0,-0.0017748846912769513,-0.0003623063951965871,nan,-0.0017748846912769513,-0.0003623063951965871,nan,1.7488251673420696,1.7488251673420696,0.0,0.0,0.0,nan,0
955,0.9180000000000007,0.45,,scientific,0,1,0.1967741935483871,1.0,0.0,-0.0017750811257439538,-0.000363850221633512,nan,-0.0017750811257439538,-0.000363850221633512,nan,1.7500002970989186,1.7500002970989186,0.0,0.0,0.0,nan,0,1,1.0,0.0,-7.449903042877417e-05,0.0006132840607545251,nan,-7.449903042877417e-05,0.0006132840607545251,nan,0.63946345516196,0.63946345516196,0.0,0.0,0.0,nan,0,1,1.0,0.0,-0.0017750811257439538,-0.000363850221633512,nan,-0.0017750811257439538,-0.000363850221633512,nan,1.7500002970989186,1.7500002970989186,0.0,0.0,0.0,nan,0
956,0.9190000000000007,0.45,,scientific,0,1,0.1967741935483871,1.0,0.0,-0.001775269573604518,-0.00036539789608406133,nan,-0.001775269573604518,-0.00036539789608406133,nan,1.7511752653530865,1.7511752653530865,0.0,0.0,0.0,nan,0,1,1.0,0.0,-7.449903042877417e-05,0.0006132840607545251,nan,-7.449903042877417e-05,0.0006132840607545251,nan,0.63946345516196,0.63946345516196,0.0,0.0,0.0,nan,0,1,1.0,0.0,-0.001775269573604518,-0.00036539789608406133,nan,-0.001775269573604518,-0.00036539789608406133,nan,1.7511752653530865,1.7511752653530865,0.0,0.0,0.0,nan,0
957,0.9200000000000007,0.45,,scientific,0,1,0.1967741935483871,1.0,0.0,-0.002655670595010303,0.00016293987776360629,nan,-0.002655670595010303,0.00016293987776360629,nan,1.754764530385506,1.754764530385506,0.0,0.0,0.0,nan,0,1,1.0,0.0,-0.0007238845081469387,0.0010041828029243045,nan,-0.0007238845081469387,0.0010041828029243045,nan,0.6405399929652786,0.6405399929652786,0.0,0.0,0.0,nan,0,1,1.0,0.0,-0.002655670595010303,0.00016293987776360629,nan,-0.002655670595010303,0.00016293987776360629,nan,1.754764530385506,1.754764530385506,0.0,0.0,0.0,nan,0
958,0.9210000000000007,0.45,,scientific,0,1,0.1967741935483871,1.0,0.0,-0.002656044253771784,0.00016150536139619294,nan,-0.002656044253771784,0.00016150536139619294,nan,1.755940535941773,1.755940535941773,0.0,0.0,0.0,nan,0,1,1.0,0.0,-0.0007238845081469387,0.0010041828029243045,nan,-0.0007238845081469387,0.0010041828029243045,nan,0.6405399929652786,0.6405399929652786,0.0,0.0,0.0,nan,0,1,1.0,0.0,-0.002656044253771784,0.00016150536139619294,nan,-0.002656044253771784,0.00016150536139619294,nan,1.755940535941773,1.755940535941773,0.0,0.0,0.0,nan,0
959,0.9220000000000007,0.45,,scientific,0,1,0.1967741935483871,1.0,0.0,-0.0025936361593521784,-0.0009394414365542884,nan,-0.0025936361593521784,-0.0009394414365542884,nan,1.7596920778057747,1.7596920778057747,0.0,0.0,0.0,nan,0,1,1.0,0.0,-0.0006802734253307998,0.00024318392771381894,nan,-0.0006802734253307998,0.00024318392771381894,nan,0.6416165307664776,0.6416165307664776,0.0,0.0,0.0,nan,0,1,1.0,0.0,-0.0025936361593521784,-0.0009394414365542884,nan,-0.0025936361593521784,-0.0009394414365542884,nan,1.7596920778057747,1.7596920778057747,0.0,0.0,0.0,nan,0
960,0.9230000000000007,0.45,,scientific,0,1,0.1967741935483871,1.0,0.0,-0.0025939803821654617,-0.000941142679656142,nan,-0.0025939803821654617,-0.000941142679656142,nan,1.7608692293127364,1.7608692293127364,0.0,0.0,0.0,nan,0,1,1.0,0.0,-0.0006802734253307998,0.00024318392771381894,nan,-0.0006802734253307998,0.00024318392771381894,nan,0.6416165307664776,0.6416165307664776,0.0,0.0,0.0,nan,0,1,1.0,0.0,-0.0025939803821654617,-0.000941142679656142,nan,-0.0025939803821654617,-0.000941142679656142,nan,1.7608692293127364,1.7608692293127364,0.0,0.0,0.0,nan,0
961,0.9240000000000007,0.45,,scientific,0,1,0.1967741935483871,1.0,0.0,-0.002594316564152351,-0.00094284770202654,nan,-0.002594316564152351,-0.00094284770202654,nan,1.7620462192435729,1.7620462192435729,0.0,0.0,0.0,nan,0,1,1.0,0.0,-0.0006802734253307998,0.00024318392771381894,nan,-0.0006802734253307998,0.00024318392771381894,nan,0.6416165307664776,0.6416165307664776,0.0,0.0,0.0,nan,0,1,1.0,0.0,-0.002594316564152351,-0.00094284770202654,nan,-0.002594316564152351,-0.00094284770202654,nan,1.7620462192435729,1.7620462192435729,0.0,0.0,0.0,nan,0
962,0.9250000000000007,0.45,,scientific,0,1,0.1967741935483871,1.0,0.0,-0.0025946446865460306,-0.0009445565152844587,nan,-0.0025946446865460306,-0.0009445565152844587,nan,1.7632230475980235,1.7632230475980235,0.0,0.0,0.0,nan,0,1,1.0,0.0,-0.0006802734253307998,0.00024318392771381894,nan,-0.0006802734253307998,0.00024318392771381894,nan,0.6416165307664776,0.6416165307664776,0.0,0.0,0.0,nan,0,1,1.0,0.0,-0.0025946446865460306,-0.0009445565152844587,nan,-0.0025946446865460306,-0.0009445565152844587,nan,1.7632230475980235,1.7632230475980235,0.0,0.0,0.0,nan,0
963,0.9260000000000007,0.45,,scientific,0,1,0.1967741935483871,1.0,0.0,-0.002594964729405926,-0.0009462691313425647,nan,-0.002594964729405926,-0.0009462691313425647,nan,1.7643997144311843,1.7643997144311843,0.0,0.0,0.0,nan,0,1,1.0,0.0,-0.0006802734253307998,0.00024318392771381894,nan,-0.0006802734253307998,0.00024318392771381894,nan,0.6416165307664776,0.6416165307664776,0.0,0.0,0.0,nan,0,1,1.0,0.0,-0.002594964729405926,-0.0009462691313425647,nan,-0.002594964729405926,-0.0009462691313425647,nan,1.7643997144311843,1.7643997144311843,0.0,0.0,0.0,nan,0
964,0.9270000000000007,0.45,,scientific,0,1,0.1967741935483871,1.0,0.0,-0.002595276672660037,-0.0009479855631636849,nan,-0.002595276672660037,-0.0009479855631636849,nan,1.7655762197667542,1.7655762197667542,0.0,0.0,0.0,nan,0,1,1.0,0.0,-0.0006802734253307998,0.00024318392771381894,nan,-0.0006802734253307998,0.00024318392771381894,nan,0.6416165307664776,0.6416165307664776,0.0,0.0,0.0,nan,0,1,1.0,0.0,-0.002595276672660037,-0.0009479855631636849,nan,-0.002595276672660037,-0.0009479855631636849,nan,1.7655762197667542,1.7655762197667542,0.0,0.0,0.0,nan,0
965,0.9280000000000007,0.45,,scientific,0,1,0.1967741935483871,1.0,0.0,-0.002595580497361577,-0.0009497058228752924,nan,-0.002595580497361577,-0.0009497058228752924,nan,1.766752563613355,1.766752563613355,0.0,0.0,0.0,nan,0,1,1.0,0.0,-0.0006802734253307998,0.00024318392771381894,nan,-0.0006802734253307998,0.00024318392771381894,nan,0.6416165307664776,0.6416165307664776,0.0,0.0,0.0,nan,0,1,1.0,0.0,-0.002595580497361577,-0.0009497058228752924,nan,-0.002595580497361577,-0.0009497058228752924,nan,1.766752563613355,1.766752563613355,0.0,0.0,0.0,nan,0
966,0.9290000000000007,0.45,,scientific,0,1,0.1967741935483871,1.0,0.0,-0.00259587618399547,-0.0009514299226256488,nan,-0.00259587618399547,-0.0009514299226256488,nan,1.7679287460039212,1.7679287460039212,0.0,0.0,0.0,nan,0,1,1.0,0.0,-0.0006802734253307998,0.00024318392771381894,nan,-0.0006802734253307998,0.00024318392771381894,nan,0.6416165307664776,0.6416165307664776,0.0,0.0,0.0,nan,0,1,1.0,0.0,-0.00259587618399547,-0.0009514299226256488,nan,-0.00259587618399547,-0.0009514299226256488,nan,1.7679287460039212,1.7679287460039212,0.0,0.0,0.0,nan,0
967,0.9300000000000007,0.45,,scientific,0,1,0.1967741935483871,1.0,0.0,-0.002596163713388588,-0.0009531578746664902,nan,-0.002596163713388588,-0.0009531578746664902,nan,1.769104766958761,1.769104766958761,0.0,0.0,0.0,nan,0,1,1.0,0.0,-0.0006802734253307998,0.00024318392771381894,nan,-0.0006802734253307998,0.00024318392771381894,nan,0.6416165307664776,0.6416165307664776,0.0,0.0,0.0,nan,0,1,1.0,0.0,-0.002596163713388588,-0.0009531578746664902,nan,-0.002596163713388588,-0.0009531578746664902,nan,1.769104766958761,1.769104766958761,0.0,0.0,0.0,nan,0
968,0.9310000000000007,0.45,,scientific,0,1,0.1967741935483871,1.0,0.0,-0.003571295537663497,-0.0006300414093142633,nan,-0.003571295537663497,-0.0006300414093142633,nan,1.7727115382400414,1.7727115382400414,0.0,0.0,0.0,nan,0,1,1.0,0.0,-0.0013967756503346924,0.0004818700169201997,nan,-0.0013967756503346924,0.0004818700169201997,nan,0.6426930685697962,0.6426930685697962,0.0,0.0,0.0,nan,0,1,1.0,0.0,-0.003571295537663497,-0.0006300414093142633,nan,-0.003571295537663497,-0.0006300414093142633,nan,1.7727115382400414,1.7727115382400414,0.0,0.0,0.0,nan,0
969,0.9320000000000007,0.45,,scientific,0,1,0.1967741935483871,1.0,0.0,-0.003571789395106326,-0.0006317023316330407,nan,-0.003571789395106326,-0.0006317023316330407,nan,1.7738885982333874,1.7738885982333874,0.0,0.0,0.0,nan,0,1,1.0,0.0,-0.0013967756503346924,0.0004818700169201997,nan,-0.0013967756503346924,0.0004818700169201997,nan,0.6426930685697962,0.6426930685697962,0.0,0.0,0.0,nan,0,1,1.0,0.0,-0.003571789395106326,-0.0006317023316330407,nan,-0.003571789395106326,-0.0006317023316330407,nan,1.7738885982333874,1.7738885982333874,0.0,0.0,0.0,nan,0
970,0.9330000000000007,0.45,,scientific,0,1,0.1967741935483871,1.0,0.0,-0.0035722750748434363,-0.0006333671272194033,nan,-0.0035722750748434363,-0.0006333671272194033,nan,1.7750654969373514,1.7750654969373514,0.0,0.0,0.0,nan,0,1,1.0,0.0,-0.0013967756503346924,0.0004818700169201997,nan,-0.0013967756503346924,0.0004818700169201997,nan,0.6426930685697962,0.6426930685697962,0.0,0.0,0.0,nan,0,1,1.0,0.0,-0.0035722750748434363,-0.0006333671272194033,nan,-0.0035722750748434363,-0.0006333671272194033,nan,1.7750654969373514,1.7750654969373514,0.0,0.0,0.0,nan,0
971,0.9340000000000007,0.45,,scientific,0,1,0.1967741935483871,1.0,0.0,-0.0035727525584269147,-0.0006350358076465164,nan,-0.0035727525584269147,-0.0006350358076465164,nan,1.7762422343884618,1.7762422343884618,0.0,0.0,0.0,nan,0,1,1.0,0.0,-0.0013967756503346924,0.0004818700169201997,nan,-0.0013967756503346924,0.0004818700169201997,nan,0.6426930685697962,0.6426930685697962,0.0,0.0,0.0,nan,0,1,1.0,0.0,-0.0035727525584269147,-0.0006350358076465164,nan,-0.0035727525584269147,-0.0006350358076465164,nan,1.7762422343884618,1.7762422343884618,0.0,0.0,0.0,nan,0
972,0.9350000000000007,0.45,,scientific,0,1,0.1967741935483871,1.0,0.0,-0.0035732218279738615,-0.0006367083850261772,nan,-0.0035732218279738615,-0.0006367083850261772,nan,1.777418810610448,1.777418810610448,0.0,0.0,0.0,nan,0,1,1.0,0.0,-0.0013967756503346924,0.0004818700169201997,nan,-0.0013967756503346924,0.0004818700169201997,nan,0.6426930685697962,0.6426930685697962,0.0,0.0,0.0,nan,0,1,1.0,0.0,-0.0035732218279738615,-0.0006367083850261772,nan,-0.0035732218279738615,-0.0006367083850261772,nan,1.777418810610448,1.777418810610448,0.0,0.0,0.0,nan,0
973,0.9360000000000007,0.45,,scientific,0,1,0.1967741935483871,1.0,0.0,-0.003573682864257006,-0.0006383848706922731,nan,-0.003573682864257006,-0.0006383848706922731,nan,1.7785952256252602,1.7785952256252602,0.0,0.0,0.0,nan,0,1,1.0,0.0,-0.0013967756503346924,0.0004818700169201997,nan,-0.0013967756503346924,0.0004818700169201997,nan,0.6426930685697962,0.6426930685697962,0.0,0.0,0.0,nan,0,1,1.0,0.0,-0.003573682864257006,-0.0006383848706922731,nan,-0.003573682864257006,-0.0006383848706922731,nan,1.7785952256252602,1.7785952256252602,0.0,0.0,0.0,nan,0
974,0.9370000000000007,0.45,,scientific,0,1,0.1967741935483871,1.0,0.0,-0.0035741356494828165,-0.0006400652752121144,nan,-0.0035741356494828165,-0.0006400652752121144,nan,1.7797714794534292,1.7797714794534292,0.0,0.0,0.0,nan,0,1,1.0,0.0,-0.0013967756503346924,0.0004818700169201997,nan,-0.0013967756503346924,0.0004818700169201997,nan,0.6426930685697962,0.6426930685697962,0.0,0.0,0.0,nan,0,1,1.0,0.0,-0.0035741356494828165,-0.0006400652752121144,nan,-0.0035741356494828165,-0.0006400652752121144,nan,1.7797714794534292,1.7797714794534292,0.0,0.0,0.0,nan,0
975,0.9380000000000007,0.45,,scientific,0,1,0.1967741935483871,1.0,0.0,-0.003574580166453487,-0.0006417496105139798,nan,-0.003574580166453487,-0.0006417496105139798,nan,1.7809475721205512,1.7809475721205512,0.0,0.0,0.0,nan,0,1,1.0,0.0,-0.0013967756503346924,0.0004818700169201997,nan,-0.0013967756503346924,0.0004818700169201997,nan,0.6426930685697962,0.6426930685697962,0.0,0.0,0.0,nan,0,1,1.0,0.0,-0.003574580166453487,-0.0006417496105139798,nan,-0.003574580166453487,-0.0006417496105139798,nan,1.7809475721205512,1.7809475721205512,0.0,0.0,0.0,nan,0
976,0.9390000000000007,0.45,,scientific,0,1,0.1967741935483871,1.0,0.0,-0.003575016396627228,-0.0006434378882675275,nan,-0.003575016396627228,-0.0006434378882675275,nan,1.7821235036544796,1.7821235036544796,0.0,0.0,0.0,nan,0,1,1.0,0.0,-0.0013967756503346924,0.0004818700169201997,nan,-0.0013967756503346924,0.0004818700169201997,nan,0.6426930685697962,0.6426930685697962,0.0,0.0,0.0,nan,0,1,1.0,0.0,-0.003575016396627228,-0.0006434378882675275,nan,-0.003575016396627228,-0.0006434378882675275,nan,1.7821235036544796,1.7821235036544796,0.0,0.0,0.0,nan,0
977,0.9400000000000007,0.45,,scientific,0,1,0.1967741935483871,1.0,0.0,-0.0035754443219790308,-0.0006451301192998608,nan,-0.0035754443219790308,-0.0006451301192998608,nan,1.7832992740893943,1.7832992740893943,0.0,0.0,0.0,nan,0,1,1.0,0.0,-0.0013967756503346924,0.0004818700169201997,nan,-0.0013967756503346924,0.0004818700169201997,nan,0.6426930685697962,0.6426930685697962,0.0,0.0,0.0,nan,0,1,1.0,0.0,-0.0035754443219790308,-0.0006451301192998608,nan,-0.0035754443219790308,-0.0006451301192998608,nan,1.7832992740893943,1.7832992740893943,0.0,0.0,0.0,nan,0
978,0.9410000000000007,0.45,,scientific,0,1,0.1967741935483871,1.0,0.0,-0.004649717295673627,-0.0004817324238068854,nan,-0.004649717295673627,-0.0004817324238068854,nan,1.7870577378275532,1.7870577378275532,0.0,0.0,0.0,nan,0,1,1.0,0.0,-0.0021416896799217764,0.0005961746171881602,nan,-0.0021416896799217764,0.0005961746171881602,nan,0.6437696063731149,0.6437696063731149,0.0,0.0,0.0,nan,0,1,1.0,0.0,-0.004649717295673627,-0.0004817324238068854,nan,-0.004649717295673627,-0.0004817324238068854,nan,1.7870577378275532,1.7870577378275532,0.0,0.0,0.0,nan,0
979,0.9420000000000007,0.45,,scientific,0,1,0.1967741935483871,1.0,0.0,-0.004650404200827389,-0.00048338926093917053,nan,-0.004650404200827389,-0.00048338926093917053,nan,1.788234698549486,1.788234698549486,0.0,0.0,0.0,nan,0,1,1.0,0.0,-0.0021416896799217764,0.0005961746171881602,nan,-0.0021416896799217764,0.0005961746171881602,nan,0.6437696063731149,0.6437696063731149,0.0,0.0,0.0,nan,0,1,1.0,0.0,-0.004650404200827389,-0.00048338926093917053,nan,-0.004650404200827389,-0.00048338926093917053,nan,1.788234698549486,1.788234698549486,0.0,0.0,0.0,nan,0
980,0.9430000000000007,0.45,,scientific,0,1,0.1967741935483871,1.0,0.0,-0.0046510827963887925,-0.00048505007421814313,nan,-0.0046510827963887925,-0.00048505007421814313,nan,1.7894114983929708,1.7894114983929708,0.0,0.0,0.0,nan,0,1,1.0,0.0,-0.0021416896799217764,0.0005961746171881602,nan,-0.0021416896799217764,0.0005961746171881602,nan,0.6437696063731149,0.6437696063731149,0.0,0.0,0.0,nan,0,1,1.0,0.0,-0.0046510827963887925,-0.00048505007421814313,nan,-0.0046510827963887925,-0.00048505007421814313,nan,1.7894114983929708,1.7894114983929708,0.0,0.0,0.0,nan,0
981,0.9440000000000007,0.45,,scientific,0,1,0.1967741935483871,1.0,0.0,-0.0046517530649914,-0.0004867148748933948,nan,-0.0046517530649914,-0.0004867148748933948,nan,1.7905881373848804,1.7905881373848804,0.0,0.0,0.0,nan,0,1,1.0,0.0,-0.0021416896799217764,0.0005961746171881602,nan,-0.0021416896799217764,0.0005961746171881602,nan,0.6437696063731149,0.6437696063731149,0.0,0.0,0.0,nan,0,1,1.0,0.0,-0.0046517530649914,-0.0004867148748933948,nan,-0.0046517530649914,-0.0004867148748933948,nan,1.7905881373848804,1.7905881373848804,0.0,0.0,0.0,nan,0
982,0.9450000000000007,0.45,,scientific,0,1,0.1967741935483871,1.0,0.0,-0.0046524149902703645,-0.0004883836736291147,nan,-0.0046524149902703645,-0.0004883836736291147,nan,1.7917646155554128,1.7917646155554128,0.0,0.0,0.0,nan,0,1,1.0,0.0,-0.0021416896799217764,0.0005961746171881602,nan,-0.0021416896799217764,0.0005961746171881602,nan,0.6437696063731149,0.6437696063731149,0.0,0.0,0.0,nan,0,1,1.0,0.0,-0.0046524149902703645,-0.0004883836736291147,nan,-0.0046524149902703645,-0.0004883836736291147,nan,1.7917646155554128,1.7917646155554128,0.0,0.0,0.0,nan,0
983,0.9460000000000007,0.45,,scientific,0,1,0.1967741935483871,1.0,0.0,-0.004653068555274498,-0.0004900564808120581,nan,-0.004653068555274498,-0.0004900564808120581,nan,1.7929409329279695,1.7929409329279695,0.0,0.0,0.0,nan,0,1,1.0,0.0,-0.0021416896799217764,0.0005961746171881602,nan,-0.0021416896799217764,0.0005961746171881602,nan,0.6437696063731149,0.6437696063731149,0.0,0.0,0.0,nan,0,1,1.0,0.0,-0.004653068555274498,-0.0004900564808120581,nan,-0.004653068555274498,-0.0004900564808120581,nan,1.7929409329279695,1.7929409329279695,0.0,0.0,0.0,nan,0
984,0.9470000000000007,0.45,,scientific,0,1,0.1967741935483871,1.0,0.0,-0.0046537137430786866,-0.0004917333071430947,nan,-0.0046537137430786866,-0.0004917333071430947,nan,1.7941170895298049,1.7941170895298049,0.0,0.0,0.0,nan,0,1,1.0,0.0,-0.0021416896799217764,0.0005961746171881602,nan,-0.0021416896799217764,0.0005961746171881602,nan,0.6437696063731149,0.6437696063731149,0.0,0.0,0.0,nan,0,1,1.0,0.0,-0.0046537137430786866,-0.0004917333071430947,nan,-0.0046537137430786866,-0.0004917333071430947,nan,1.7941170895298049,1.7941170895298049,0.0,0.0,0.0,nan,0
985,0.9480000000000007,0.45,,scientific,0,1,0.1967741935483871,1.0,0.0,-0.004654350537272437,-0.0004934141631305538,nan,-0.004654350537272437,-0.0004934141631305538,nan,1.7952930853838827,1.7952930853838827,0.0,0.0,0.0,nan,0,1,1.0,0.0,-0.0021416896799217764,0.0005961746171881602,nan,-0.0021416896799217764,0.0005961746171881602,nan,0.6437696063731149,0.6437696063731149,0.0,0.0,0.0,nan,0,1,1.0,0.0,-0.004654350537272437,-0.0004934141631305538,nan,-0.004654350537272437,-0.0004934141631305538,nan,1.7952930853838827,1.7952930853838827,0.0,0.0,0.0,nan,0
986,0.9490000000000007,0.45,,scientific,0,1,0.1967741935483871,1.0,0.0,-0.004654978921434155,-0.0004950990581171474,nan,-0.004654978921434155,-0.0004950990581171474,nan,1.7964689204987165,1.7964689204987165,0.0,0.0,0.0,nan,0,1,1.0,0.0,-0.0021416896799217764,0.0005961746171881602,nan,-0.0021416896799217764,0.0005961746171881602,nan,0.6437696063731149,0.6437696063731149,0.0,0.0,0.0,nan,0,1,1.0,0.0,-0.004654978921434155,-0.0004950990581171474,nan,-0.004654978921434155,-0.0004950990581171474,nan,1.7964689204987165,1.7964689204987165,0.0,0.0,0.0,nan,0
987,0.9500000000000007,0.45,,scientific,0,1,0.1967741935483871,1.0,0.0,-0.004655598879730286,-0.0004967880040017205,nan,-0.004655598879730286,-0.0004967880040017205,nan,1.7976445949069007,1.7976445949069007,0.0,0.0,0.0,nan,0,1,1.0,0.0,-0.0021416896799217764,0.0005961746171881602,nan,-0.0021416896799217764,0.0005961746171881602,nan,0.6437696063731149,0.6437696063731149,0.0,0.0,0.0,nan,0,1,1.0,0.0,-0.004655598879730286,-0.0004967880040017205,nan,-0.004655598879730286,-0.0004967880040017205,nan,1.7976445949069007,1.7976445949069007,0.0,0.0,0.0,nan,0
988,0.9510000000000007,0.45,,scientific,0,1,0.1967741935483871,1.0,0.0,-0.004656210396099932,-0.0004984810109794552,nan,-0.004656210396099932,-0.0004984810109794552,nan,1.7988201086456024,1.7988201086456024,0.0,0.0,0.0,nan,0,1,1.0,0.0,-0.0021416896799217764,0.0005961746171881602,nan,-0.0021416896799217764,0.0005961746171881602,nan,0.6437696063731149,0.6437696063731149,0.0,0.0,0.0,nan,0,1,1.0,0.0,-0.004656210396099932,-0.0004984810109794552,nan,-0.004656210396099932,-0.0004984810109794552,nan,1.7988201086456024,1.7988201086456024,0.0,0.0,0.0,nan,0
989,0.9520000000000007,0.45,,scientific,0,1,0.1967741935483871,1.0,0.0,-0.0046568134542843325,-0.0005001780896864582,nan,-0.0046568134542843325,-0.0005001780896864582,nan,1.7999954617506972,1.7999954617506972,0.0,0.0,0.0,nan,0,1,1.0,0.0,-0.0021416896799217764,0.0005961746171881602,nan,-0.0021416896799217764,0.0005961746171881602,nan,0.6437696063731149,0.6437696063731149,0.0,0.0,0.0,nan,0,1,1.0,0.0,-0.0046568134542843325,-0.0005001780896864582,nan,-0.0046568134542843325,-0.0005001780896864582,nan,1.7999954617506972,1.7999954617506972,0.0,0.0,0.0,nan,0
990,0.9530000000000007,0.45,,scientific,0,1,0.1967741935483871,1.0,0.0,-0.00465740803822859,-0.0005018792507438893,nan,-0.00465740803822859,-0.0005018792507438893,nan,1.8011706542473185,1.8011706542473185,0.0,0.0,0.0,nan,0,1,1.0,0.0,-0.0021416896799217764,0.0005961746171881602,nan,-0.0021416896799217764,0.0005961746171881602,nan,0.6437696063731149,0.6437696063731149,0.0,0.0,0.0,nan,0,1,1.0,0.0,-0.00465740803822859,-0.0005018792507438893,nan,-0.00465740803822859,-0.0005018792507438893,nan,1.8011706542473185,1.8011706542473185,0.0,0.0,0.0,nan,0
991,0.9540000000000007,0.45,,scientific,0,1,0.1967741935483871,1.0,0.0,-0.00406835646543467,0.00037283738309308557,nan,-0.00406835646543467,0.00037283738309308557,nan,1.804856372107884,1.804856372107884,0.0,0.0,0.0,nan,0,1,1.0,0.0,-0.0017182908652702829,0.0012244542768196824,nan,-0.0017182908652702829,0.0012244542768196824,nan,0.6448461441764335,0.6448461441764335,0.0,0.0,0.0,nan,0,1,1.0,0.0,-0.00406835646543467,0.00037283738309308557,nan,-0.00406835646543467,0.00037283738309308557,nan,1.804856372107884,1.804856372107884,0.0,0.0,0.0,nan,0
992,0.9550000000000007,0.45,,scientific,0,1,0.1967741935483871,1.0,0.0,-0.004068805809408469,0.000371322360528364,nan,-0.004068805809408469,0.000371322360528364,nan,1.8060326154827369,1.8060326154827369,0.0,0.0,0.0,nan,0,1,1.0,0.0,-0.0017182908652702829,0.0012244542768196824,nan,-0.0017182908652702829,0.0012244542768196824,nan,0.6448461441764335,0.6448461441764335,0.0,0.0,0.0,nan,0,1,1.0,0.0,-0.004068805809408469,0.000371322360528364,nan,-0.004068805809408469,0.000371322360528364,nan,1.8060326154827369,1.8060326154827369,0.0,0.0,0.0,nan,0
993,0.9560000000000007,0.45,,scientific,0,1,0.1967741935483871,1.0,0.0,-0.004069246648357892,0.0003698032148249359,nan,-0.004069246648357892,0.0003698032148249359,nan,1.8072086982618027,1.8072086982618027,0.0,0.0,0.0,nan,0,1,1.0,0.0,-0.0017182908652702829,0.0012244542768196824,nan,-0.0017182908652702829,0.0012244542768196824,nan,0.6448461441764335,0.6448461441764335,0.0,0.0,0.0,nan,0,1,1.0,0.0,-0.004069246648357892,0.0003698032148249359,nan,-0.004069246648357892,0.0003698032148249359,nan,1.8072086982618027,1.8072086982618027,0.0,0.0,0.0,nan,0
994,0.9570000000000007,0.45,,scientific,0,1,0.1967741935483871,1.0,0.0,-0.004069678966812468,0.00036827993609772657,nan,-0.004069678966812468,0.00036827993609772657,nan,1.8083846204611573,1.8083846204611573,0.0,0.0,0.0,nan,0,1,1.0,0.0,-0.0017182908652702829,0.0012244542768196824,nan,-0.0017182908652702829,0.0012244542768196824,nan,0.6448461441764335,0.6448461441764335,0.0,0.0,0.0,nan,0,1,1.0,0.0,-0.004069678966812468,0.00036827993609772657,nan,-0.004069678966812468,0.00036827993609772657,nan,1.8083846204611573,1.8083846204611573,0.0,0.0,0.0,nan,0
995,0.9580000000000007,0.45,,scientific,0,1,0.1967741935483871,1.0,0.0,-0.004070102749242143,0.0003667525152738481,nan,-0.004070102749242143,0.0003667525152738481,nan,1.80956038212274,1.80956038212274,0.0,0.0,0.0,nan,0,1,1.0,0.0,-0.0017182908652702829,0.0012244542768196824,nan,-0.0017182908652702829,0.0012244542768196824,nan,0.6448461441764335,0.6448461441764335,0.0,0.0,0.0,nan,0,1,1.0,0.0,-0.004070102749242143,0.0003667525152738481,nan,-0.004070102749242143,0.0003667525152738481,nan,1.80956038212274,1.80956038212274,0.0,0.0,0.0,nan,0
996,0.9590000000000007,0.45,,scientific,0,1,0.1967741935483871,1.0,0.0,-0.004070517980210634,0.000365220943065863,nan,-0.004070517980210634,0.000365220943065863,nan,1.8107359832723517,1.8107359832723517,0.0,0.0,0.0,nan,0,1,1.0,0.0,-0.0017182908652702829,0.0012244542768196824,nan,-0.0017182908652702829,0.0012244542768196824,nan,0.6448461441764335,0.6448461441764335,0.0,0.0,0.0,nan,0,1,1.0,0.0,-0.004070517980210634,0.000365220943065863,nan,-0.004070517980210634,0.000365220943065863,nan,1.8107359832723517,1.8107359832723517,0.0,0.0,0.0,nan,0
997,0.9600000000000007,0.45,,scientific,0,1,0.1967741935483871,1.0,0.0,-0.004070924645224954,0.00036368520929759465,nan,-0.004070924645224954,0.00036368520929759465,nan,1.8119114239366274,1.8119114239366274,0.0,0.0,0.0,nan,0,1,1.0,0.0,-0.0017182908652702829,0.0012244542768196824,nan,-0.0017182908652702829,0.0012244542768196824,nan,0.6448461441764335,0.6448461441764335,0.0,0.0,0.0,nan,0,1,1.0,0.0,-0.004070924645224954,0.00036368520929759465,nan,-0.004070924645224954,0.00036368520929759465,nan,1.8119114239366274,1.8119114239366274,0.0,0.0,0.0,nan,0
998,0.9610000000000007,0.45,,scientific,0,1,0.1967741935483871,1.0,0.0,-0.004071322729493927,0.0003621453049796213,nan,-0.004071322729493927,0.0003621453049796213,nan,1.8130867041445535,1.8130867041445535,0.0,0.0,0.0,nan,0,1,1.0,0.0,-0.0017182908652702829,0.0012244542768196824,nan,-0.0017182908652702829,0.0012244542768196824,nan,0.6448461441764335,0.6448461441764335,0.0,0.0,0.0,nan,0,1,1.0,0.0,-0.004071322729493927,0.0003621453049796213,nan,-0.004071322729493927,0.0003621453049796213,nan,1.8130867041445535,1.8130867041445535,0.0,0.0,0.0,nan,0
999,0.9620000000000007,0.45,,scientific,0,1,0.1967741935483871,1.0,0.0,-0.003885406598867326,-0.0007354814681629125,nan,-0.003885406598867326,-0.0007354814681629125,nan,1.816904143270707,1.816904143270707,0.0,0.0,0.0,nan,0,1,1.0,0.0,-0.0015905409831827105,0.00047556138875619764,nan,-0.0015905409831827105,0.00047556138875619764,nan,0.6459226819736702,0.6459226819736702,0.0,0.0,0.0,nan,0,1,1.0,0.0,-0.003885406598867326,-0.0007354814681629125,nan,-0.003885406598867326,-0.0007354814681629125,nan,1.816904143270707,1.816904143270707,0.0,0.0,0.0,nan,0
1000,0.9630000000000007,0.45,,scientific,0,1,0.1967741935483871,1.0,0.0,-0.003885746290415723,-0.0007372817429855498,nan,-0.003885746290415723,-0.0007372817429855498,nan,1.8180805655868468,1.8180805655868468,0.0,0.0,0.0,nan,0,1,1.0,0.0,-0.0015905409831827105,0.00047556138875619764,nan,-0.0015905409831827105,0.00047556138875619764,nan,0.6459226819736702,0.6459226819736702,0.0,0.0,0.0,nan,0,1,1.0,0.0,-0.003885746290415723,-0.0007372817429855498,nan,-0.003885746290415723,-0.0007372817429855498,nan,1.8180805655868468,1.8180805655868468,0.0,0.0,0.0,nan,0
1001,0.9640000000000007,0.45,,scientific,0,1,0.1967741935483871,1.0,0.0,-0.003886077385720304,-0.0007390860973555838,nan,-0.003886077385720304,-0.0007390860973555838,nan,1.819256827233393,1.819256827233393,0.0,0.0,0.0,nan,0,1,1.0,0.0,-0.0015905409831827105,0.00047556138875619764,nan,-0.0015905409831827105,0.00047556138875619764,nan,0.6459226819736702,0.6459226819736702,0.0,0.0,0.0,nan,0,1,1.0,0.0,-0.003886077385720304,-0.0007390860973555838,nan,-0.003886077385720304,-0.0007390860973555838,nan,1.819256827233393,1.819256827233393,0.0,0.0,0.0,nan,0
1002,0.9650000000000007,0.45,,scientific,0,1,0.1967741935483871,1.0,0.0,-0.003886399870461433,-0.0007408945397213416,nan,-0.003886399870461433,-0.0007408945397213416,nan,1.8204329282340934,1.8204329282340934,0.0,0.0,0.0,nan,0,1,1.0,0.0,-0.0015905409831827105,0.00047556138875619764,nan,-0.0015905409831827105,0.00047556138875619764,nan,0.6459226819736702,0.6459226819736702,0.0,0.0,0.0,nan,0,1,1.0,0.0,-0.003886399870461433,-0.0007408945397213416,nan,-0.003886399870461433,-0.0007408945397213416,nan,1.8204329282340934,1.8204329282340934,0.0,0.0,0.0,nan,0
1003,0.9660000000000007,0.45,,scientific,0,1,0.1967741935483871,1.0,0.0,-0.003886713729962065,-0.0007427070791285294,nan,-0.003886713729962065,-0.0007427070791285294,nan,1.8216088686299128,1.8216088686299128,0.0,0.0,0.0,nan,0,1,1.0,0.0,-0.0015905409831827105,0.00047556138875619764,nan,-0.0015905409831827105,0.00047556138875619764,nan,0.6459226819736702,0.6459226819736702,0.0,0.0,0.0,nan,0,1,1.0,0.0,-0.003886713729962065,-0.0007427070791285294,nan,-0.003886713729962065,-0.0007427070791285294,nan,1.8216088686299128,1.8216088686299128,0.0,0.0,0.0,nan,0
1004,0.9670000000000007,0.45,,scientific,0,1,0.1967741935483871,1.0,0.0,-0.003887018950240924,-0.0007445237246716543,nan,-0.003887018950240924,-0.0007445237246716543,nan,1.8227846484436572,1.8227846484436572,0.0,0.0,0.0,nan,0,1,1.0,0.0,-0.0015905409831827105,0.00047556138875619764,nan,-0.0015905409831827105,0.00047556138875619764,nan,0.6459226819736702,0.6459226819736702,0.0,0.0,0.0,nan,0,1,1.0,0.0,-0.003887018950240924,-0.0007445237246716543,nan,-0.003887018950240924,-0.0007445237246716543,nan,1.8227846484436572,1.8227846484436572,0.0,0.0,0.0,nan,0
1005,0.9680000000000007,0.45,,scientific,0,1,0.1967741935483871,1.0,0.0,-0.003887315517565421,-0.0007463444847272021,nan,-0.003887315517565421,-0.0007463444847272021,nan,1.8239602676929627,1.8239602676929627,0.0,0.0,0.0,nan,0,1,1.0,0.0,-0.0015905409831827105,0.00047556138875619764,nan,-0.0015905409831827105,0.00047556138875619764,nan,0.6459226819736702,0.6459226819736702,0.0,0.0,0.0,nan,0,1,1.0,0.0,-0.003887315517565421,-0.0007463444847272021,nan,-0.003887315517565421,-0.0007463444847272021,nan,1.8239602676929627,1.8239602676929627,0.0,0.0,0.0,nan,0
1006,0.9690000000000007,0.45,,scientific,0,1,0.1967741935483871,1.0,0.0,-0.0038876034181802893,-0.0007481693677414444,nan,-0.0038876034181802893,-0.0007481693677414444,nan,1.825135726401962,1.825135726401962,0.0,0.0,0.0,nan,0,1,1.0,0.0,-0.0015905409831827105,0.00047556138875619764,nan,-0.0015905409831827105,0.00047556138875619764,nan,0.6459226819736702,0.6459226819736702,0.0,0.0,0.0,nan,0,1,1.0,0.0,-0.0038876034181802893,-0.0007481693677414444,nan,-0.0038876034181802893,-0.0007481693677414444,nan,1.825135726401962,1.825135726401962,0.0,0.0,0.0,nan,0
1007,0.9700000000000008,0.45,,scientific,0,1,0.1967741935483871,1.0,0.0,-0.0038878826382761425,-0.000749998383017304,nan,-0.0038878826382761425,-0.000749998383017304,nan,1.826311024606703,1.826311024606703,0.0,0.0,0.0,nan,0,1,1.0,0.0,-0.0015905409831827105,0.00047556138875619764,nan,-0.0015905409831827105,0.00047556138875619764,nan,0.6459226819736702,0.6459226819736702,0.0,0.0,0.0,nan,0,1,1.0,0.0,-0.0038878826382761425,-0.000749998383017304,nan,-0.0038878826382761425,-0.000749998383017304,nan,1.826311024606703,1.826311024606703,0.0,0.0,0.0,nan,0
1008,0.9710000000000008,0.45,,scientific,0,1,0.1967741935483871,1.0,0.0,-0.00388815316504188,-0.0007518315387695913,nan,-0.00388815316504188,-0.0007518315387695913,nan,1.8274861623270398,1.8274861623270398,0.0,0.0,0.0,nan,0,1,1.0,0.0,-0.0015905409831827105,0.00047556138875619764,nan,-0.0015905409831827105,0.00047556138875619764,nan,0.6459226819736702,0.6459226819736702,0.0,0.0,0.0,nan,0,1,1.0,0.0,-0.00388815316504188,-0.0007518315387695913,nan,-0.00388815316504188,-0.0007518315387695913,nan,1.8274861623270398,1.8274861623270398,0.0,0.0,0.0,nan,0
1009,0.9720000000000008,0.45,,scientific,0,1,0.1967741935483871,1.0,0.0,-0.0038884149854595796,-0.0007536688437612815,nan,-0.0038884149854595796,-0.0007536688437612815,nan,1.8286611395888646,1.8286611395888646,0.0,0.0,0.0,nan,0,1,1.0,0.0,-0.0015905409831827105,0.00047556138875619764,nan,-0.0015905409831827105,0.00047556138875619764,nan,0.6459226819736702,0.6459226819736702,0.0,0.0,0.0,nan,0,1,1.0,0.0,-0.0038884149854595796,-0.0007536688437612815,nan,-0.0038884149854595796,-0.0007536688437612815,nan,1.8286611395888646,1.8286611395888646,0.0,0.0,0.0,nan,0
1010,0.9730000000000008,0.45,,scientific,0,1,0.1967741935483871,1.0,0.0,-0.0038886680869864663,-0.0007555103067624013,nan,-0.0038886680869864663,-0.0007555103067624013,nan,1.829835956423894,1.829835956423894,0.0,0.0,0.0,nan,0,1,1.0,0.0,-0.0015905409831827105,0.00047556138875619764,nan,-0.0015905409831827105,0.00047556138875619764,nan,0.6459226819736702,0.6459226819736702,0.0,0.0,0.0,nan,0,1,1.0,0.0,-0.0038886680869864663,-0.0007555103067624013,nan,-0.0038886680869864663,-0.0007555103067624013,nan,1.829835956423894,1.829835956423894,0.0,0.0,0.0,nan,0
1011,0.9740000000000008,0.45,,scientific,0,1,0.1967741935483871,1.0,0.0,-0.0038889124567837523,-0.0007573559358407843,nan,-0.0038889124567837523,-0.0007573559358407843,nan,1.8310106128647994,1.8310106128647994,0.0,0.0,0.0,nan,0,1,1.0,0.0,-0.0015905409831827105,0.00047556138875619764,nan,-0.0015905409831827105,0.00047556138875619764,nan,0.6459226819736702,0.6459226819736702,0.0,0.0,0.0,nan,0,1,1.0,0.0,-0.0038889124567837523,-0.0007573559358407843,nan,-0.0038889124567837523,-0.0007573559358407843,nan,1.8310106128647994,1.8310106128647994,0.0,0.0,0.0,nan,0
1012,0.9750000000000008,0.45,,scientific,0,1,0.1967741935483871,1.0,0.0,-0.0038891480819388514,-0.0007592057390611934,nan,-0.0038891480819388514,-0.0007592057390611934,nan,1.8321851089288357,1.8321851089288357,0.0,0.0,0.0,nan,0,1,1.0,0.0,-0.0015905409831827105,0.00047556138875619764,nan,-0.0015905409831827105,0.00047556138875619764,nan,0.6459226819736702,0.6459226819736702,0.0,0.0,0.0,nan,0,1,1.0,0.0,-0.0038891480819388514,-0.0007592057390611934,nan,-0.0038891480819388514,-0.0007592057390611934,nan,1.8321851089288357,1.8321851089288357,0.0,0.0,0.0,nan,0
1013,0.9760000000000008,0.45,,scientific,0,1,0.1967741935483871,1.0,0.0,-0.0038893749499763746,-0.0007610597248590371,nan,-0.0038893749499763746,-0.0007610597248590371,nan,1.833359444652618,1.833359444652618,0.0,0.0,0.0,nan,0,1,1.0,0.0,-0.0015905409831827105,0.00047556138875619764,nan,-0.0015905409831827105,0.00047556138875619764,nan,0.6459226819736702,0.6459226819736702,0.0,0.0,0.0,nan,0,1,1.0,0.0,-0.0038893749499763746,-0.0007610597248590371,nan,-0.0038893749499763746,-0.0007610597248590371,nan,1.833359444652618,1.833359444652618,0.0,0.0,0.0,nan,0
1014,0.9770000000000008,0.45,,scientific,0,1,0.1967741935483871,1.0,0.0,-0.003889593047892779,-0.0007629179011963311,nan,-0.003889593047892779,-0.0007629179011963311,nan,1.8345336200613958,1.8345336200613958,0.0,0.0,0.0,nan,0,1,1.0,0.0,-0.0015905409831827105,0.00047556138875619764,nan,-0.0015905409831827105,0.00047556138875619764,nan,0.6459226819736702,0.6459226819736702,0.0,0.0,0.0,nan,0,1,1.0,0.0,-0.003889593047892779,-0.0007629179011963311,nan,-0.003889593047892779,-0.0007629179011963311,nan,1.8345336200613958,1.8345336200613958,0.0,0.0,0.0,nan,0
1015,0.9780000000000008,0.45,,scientific,0,1,0.1967741935483871,1.0,0.0,-0.003889802363510379,-0.0007647802754894083,nan,-0.003889802363510379,-0.0007647802754894083,nan,1.835707635177416,1.835707635177416,0.0,0.0,0.0,nan,0,1,1.0,0.0,-0.0015905409831827105,0.00047556138875619764,nan,-0.0015905409831827105,0.00047556138875619764,nan,0.6459226819736702,0.6459226819736702,0.0,0.0,0.0,nan,0,1,1.0,0.0,-0.003889802363510379,-0.0007647802754894083,nan,-0.003889802363510379,-0.0007647802754894083,nan,1.835707635177416,1.835707635177416,0.0,0.0,0.0,nan,0
1016,0.9790000000000008,0.45,,scientific,0,1,0.1967741935483871,1.0,0.0,-0.003890002885570001,-0.0007666468564610449,nan,-0.003890002885570001,-0.0007666468564610449,nan,1.836881490038208,1.836881490038208,0.0,0.0,0.0,nan,0,1,1.0,0.0,-0.0015905409831827105,0.00047556138875619764,nan,-0.0015905409831827105,0.00047556138875619764,nan,0.6459226819736702,0.6459226819736702,0.0,0.0,0.0,nan,0,1,1.0,0.0,-0.003890002885570001,-0.0007666468564610449,nan,-0.003890002885570001,-0.0007666468564610449,nan,1.836881490038208,1.836881490038208,0.0,0.0,0.0,nan,0
1017,0.9800000000000008,0.45,,scientific,0,1,0.1967741935483871,1.0,0.0,-0.003890194602061958,-0.0007685176517741352,nan,-0.003890194602061958,-0.0007685176517741352,nan,1.8380551846702624,1.8380551846702624,0.0,0.0,0.0,nan,0,1,1.0,0.0,-0.0015905409831827105,0.00047556138875619764,nan,-0.0015905409831827105,0.00047556138875619764,nan,0.6459226819736702,0.6459226819736702,0.0,0.0,0.0,nan,0,1,1.0,0.0,-0.003890194602061958,-0.0007685176517741352,nan,-0.003890194602061958,-0.0007685176517741352,nan,1.8380551846702624,1.8380551846702624,0.0,0.0,0.0,nan,0
1018,0.9810000000000008,0.45,,scientific,0,1,0.1967741935483871,1.0,0.0,-0.0038903775011294114,-0.0007703926690930088,nan,-0.0038903775011294114,-0.0007703926690930088,nan,1.8392287191003271,1.8392287191003271,0.0,0.0,0.0,nan,0,1,1.0,0.0,-0.0015905409831827105,0.00047556138875619764,nan,-0.0015905409831827105,0.00047556138875619764,nan,0.6459226819736702,0.6459226819736702,0.0,0.0,0.0,nan,0,1,1.0,0.0,-0.0038903775011294114,-0.0007703926690930088,nan,-0.0038903775011294114,-0.0007703926690930088,nan,1.8392287191003271,1.8392287191003271,0.0,0.0,0.0,nan,0
1019,0.9820000000000008,0.45,,scientific,0,1,0.1967741935483871,1.0,0.0,-0.0038905515720117573,-0.0007722719158915831,nan,-0.0038905515720117573,-0.0007722719158915831,nan,1.84040209335129,1.84040209335129,0.0,0.0,0.0,nan,0,1,1.0,0.0,-0.0015905409831827105,0.00047556138875619764,nan,-0.0015905409831827105,0.00047556138875619764,nan,0.6459226819736702,0.6459226819736702,0.0,0.0,0.0,nan,0,1,1.0,0.0,-0.0038905515720117573,-0.0007722719158915831,nan,-0.0038905515720117573,-0.0007722719158915831,nan,1.84040209335129,1.84040209335129,0.0,0.0,0.0,nan,0
1020,0.9830000000000008,0.45,,scientific,0,1,0.1967741935483871,1.0,0.0,-0.0038907168032579495,-0.0007741553992329041,nan,-0.0038907168032579495,-0.0007741553992329041,nan,1.8415753074630818,1.8415753074630818,0.0,0.0,0.0,nan,0,1,1.0,0.0,-0.0015905409831827105,0.00047556138875619764,nan,-0.0015905409831827105,0.00047556138875619764,nan,0.6459226819736702,0.6459226819736702,0.0,0.0,0.0,nan,0,1,1.0,0.0,-0.0038907168032579495,-0.0007741553992329041,nan,-0.0038907168032579495,-0.0007741553992329041,nan,1.8415753074630818,1.8415753074630818,0.0,0.0,0.0,nan,0
1021,0.9840000000000008,0.45,,scientific,0,1,0.1967741935483871,1.0,0.0,-0.003890873183962335,-0.0007760431259732307,nan,-0.003890873183962335,-0.0007760431259732307,nan,1.8427483614569806,1.8427483614569806,0.0,0.0,0.0,nan,0,1,1.0,0.0,-0.0015905409831827105,0.00047556138875619764,nan,-0.0015905409831827105,0.00047556138875619764,nan,0.6459226819736702,0.6459226819736702,0.0,0.0,0.0,nan,0,1,1.0,0.0,-0.003890873183962335,-0.0007760431259732307,nan,-0.003890873183962335,-0.0007760431259732307,nan,1.8427483614569806,1.8427483614569806,0.0,0.0,0.0,nan,0
1022,0.9850000000000008,0.45,,scientific,0,1,0.1967741935483871,1.0,0.0,-0.003891020702914982,-0.0007779351031130006,nan,-0.003891020702914982,-0.0007779351031130006,nan,1.8439212553589321,1.8439212553589321,0.0,0.0,0.0,nan,0,1,1.0,0.0,-0.0015905409831827105,0.00047556138875619764,nan,-0.0015905409831827105,0.00047556138875619764,nan,0.6459226819736702,0.6459226819736702,0.0,0.0,0.0,nan,0,1,1.0,0.0,-0.003891020702914982,-0.0007779351031130006,nan,-0.003891020702914982,-0.0007779351031130006,nan,1.8439212553589321,1.8439212553589321,0.0,0.0,0.0,nan,0
1023,0.9860000000000008,0.45,,scientific,0,1,0.1967741935483871,1.0,0.0,-0.0038911593489785396,-0.0007798313383074634,nan,-0.0038911593489785396,-0.0007798313383074634,nan,1.8450939892046319,1.8450939892046319,0.0,0.0,0.0,nan,0,1,1.0,0.0,-0.0015905409831827105,0.00047556138875619764,nan,-0.0015905409831827105,0.00047556138875619764,nan,0.6459226819736702,0.6459226819736702,0.0,0.0,0.0,nan,0,1,1.0,0.0,-0.0038911593489785396,-0.0007798313383074634,nan,-0.0038911593489785396,-0.0007798313383074634,nan,1.8450939892046319,1.8450939892046319,0.0,0.0,0.0,nan,0
1024,0.9870000000000008,0.45,,scientific,0,1,0.1967741935483871,1.0,0.0,-0.0038912891114774354,-0.0007817318386182678,nan,-0.0038912891114774354,-0.0007817318386182678,nan,1.8462665630184587,1.8462665630184587,0.0,0.0,0.0,nan,0,1,1.0,0.0,-0.0015905409831827105,0.00047556138875619764,nan,-0.0015905409831827105,0.00047556138875619764,nan,0.6459226819736702,0.6459226819736702,0.0,0.0,0.0,nan,0,1,1.0,0.0,-0.0038912891114774354,-0.0007817318386182678,nan,-0.0038912891114774354,-0.0007817318386182678,nan,1.8462665630184587,1.8462665630184587,0.0,0.0,0.0,nan,0
1025,0.9880000000000008,0.45,,scientific,0,1,0.1967741935483871,1.0,0.0,-0.0038914099800868625,-0.0007836366108331323,nan,-0.0038914099800868625,-0.0007836366108331323,nan,1.8474389768311867,1.8474389768311867,0.0,0.0,0.0,nan,0,1,1.0,0.0,-0.0015905409831827105,0.00047556138875619764,nan,-0.0015905409831827105,0.00047556138875619764,nan,0.6459226819736702,0.6459226819736702,0.0,0.0,0.0,nan,0,1,1.0,0.0,-0.0038914099800868625,-0.0007836366108331323,nan,-0.0038914099800868625,-0.0007836366108331323,nan,1.8474389768311867,1.8474389768311867,0.0,0.0,0.0,nan,0
1026,0.9890000000000008,0.45,,scientific,0,1,0.1967741935483871,1.0,0.0,-0.003891521943997308,-0.0007855456620645138,nan,-0.003891521943997308,-0.0007855456620645138,nan,1.84861123066005,1.84861123066005,0.0,0.0,0.0,nan,0,1,1.0,0.0,-0.0015905409831827105,0.00047556138875619764,nan,-0.0015905409831827105,0.00047556138875619764,nan,0.6459226819736702,0.6459226819736702,0.0,0.0,0.0,nan,0,1,1.0,0.0,-0.003891521943997308,-0.0007855456620645138,nan,-0.003891521943997308,-0.0007855456620645138,nan,1.84861123066005,1.84861123066005,0.0,0.0,0.0,nan,0
1027,0.9900000000000008,0.45,,scientific,0,1,0.1967741935483871,1.0,0.0,-0.003891624993251488,-0.0007874589982424297,nan,-0.003891624993251488,-0.0007874589982424297,nan,1.8497833245488522,1.8497833245488522,0.0,0.0,0.0,nan,0,1,1.0,0.0,-0.0015905409831827105,0.00047556138875619764,nan,-0.0015905409831827105,0.00047556138875619764,nan,0.6459226819736702,0.6459226819736702,0.0,0.0,0.0,nan,0,1,1.0,0.0,-0.003891624993251488,-0.0007874589982424297,nan,-0.003891624993251488,-0.0007874589982424297,nan,1.8497833245488522,1.8497833245488522,0.0,0.0,0.0,nan,0
1028,0.9910000000000008,0.45,,scientific,0,1,0.1967741935483871,1.0,0.0,-0.003891719118175972,-0.0007893766260622028,nan,-0.003891719118175972,-0.0007893766260622028,nan,1.8509552585248856,1.8509552585248856,0.0,0.0,0.0,nan,0,1,1.0,0.0,-0.0015905409831827105,0.00047556138875619764,nan,-0.0015905409831827105,0.00047556138875619764,nan,0.6459226819736702,0.6459226819736702,0.0,0.0,0.0,nan,0,1,1.0,0.0,-0.003891719118175972,-0.0007893766260622028,nan,-0.003891719118175972,-0.0007893766260622028,nan,1.8509552585248856,1.8509552585248856,0.0,0.0,0.0,nan,0
1029,0.9920000000000008,0.45,,scientific,0,1,0.1967741935483871,1.0,0.0,-0.0038918043092484524,-0.0007912985519507376,nan,-0.0038918043092484524,-0.0007912985519507376,nan,1.852127032610697,1.852127032610697,0.0,0.0,0.0,nan,0,1,1.0,0.0,-0.0015905409831827105,0.00047556138875619764,nan,-0.0015905409831827105,0.00047556138875619764,nan,0.6459226819736702,0.6459226819736702,0.0,0.0,0.0,nan,0,1,1.0,0.0,-0.0038918043092484524,-0.0007912985519507376,nan,-0.0038918043092484524,-0.0007912985519507376,nan,1.852127032610697,1.852127032610697,0.0,0.0,0.0,nan,0
1030,0.9930000000000008,0.45,,scientific,0,1,0.1967741935483871,1.0,0.0,-0.0038918805567111116,-0.0007932247825147061,nan,-0.0038918805567111116,-0.0007932247825147061,nan,1.853298646837283,1.853298646837283,0.0,0.0,0.0,nan,0,1,1.0,0.0,-0.0015905409831827105,0.00047556138875619764,nan,-0.0015905409831827105,0.00047556138875619764,nan,0.6459226819736702,0.6459226819736702,0.0,0.0,0.0,nan,0,1,1.0,0.0,-0.0038918805567111116,-0.0007932247825147061,nan,-0.0038918805567111116,-0.0007932247825147061,nan,1.853298646837283,1.853298646837283,0.0,0.0,0.0,nan,0
1031,0.9940000000000008,0.45,,scientific,0,1,0.1967741935483871,1.0,0.0,-0.003891947850949023,-0.0007951553241163705,nan,-0.003891947850949023,-0.0007951553241163705,nan,1.854470101224881,1.854470101224881,0.0,0.0,0.0,nan,0,1,1.0,0.0,-0.0015905409831827105,0.00047556138875619764,nan,-0.0015905409831827105,0.00047556138875619764,nan,0.6459226819736702,0.6459226819736702,0.0,0.0,0.0,nan,0,1,1.0,0.0,-0.003891947850949023,-0.0007951553241163705,nan,-0.003891947850949023,-0.0007951553241163705,nan,1.854470101224881,1.854470101224881,0.0,0.0,0.0,nan,0
1032,0.9950000000000008,0.45,,scientific,0,1,0.1967741935483871,1.0,0.0,-0.0038920061832798535,-0.0007970901829325313,nan,-0.0038920061832798535,-0.0007970901829325313,nan,1.8556413958058506,1.8556413958058506,0.0,0.0,0.0,nan,0,1,1.0,0.0,-0.0015905409831827105,0.00047556138875619764,nan,-0.0015905409831827105,0.00047556138875619764,nan,0.6459226819736702,0.6459226819736702,0.0,0.0,0.0,nan,0,1,1.0,0.0,-0.0038920061832798535,-0.0007970901829325313,nan,-0.0038920061832798535,-0.0007970901829325313,nan,1.8556413958058506,1.8556413958058506,0.0,0.0,0.0,nan,0
1033,0.9960000000000008,0.45,,scientific,0,1,0.1967741935483871,1.0,0.0,-0.0038920555444195556,-0.0007990293646931402,nan,-0.0038920555444195556,-0.0007990293646931402,nan,1.856812530606029,1.856812530606029,0.0,0.0,0.0,nan,0,1,1.0,0.0,-0.0015905409831827105,0.00047556138875619764,nan,-0.0015905409831827105,0.00047556138875619764,nan,0.6459226819736702,0.6459226819736702,0.0,0.0,0.0,nan,0,1,1.0,0.0,-0.0038920555444195556,-0.0007990293646931402,nan,-0.0038920555444195556,-0.0007990293646931402,nan,1.856812530606029,1.856812530606029,0.0,0.0,0.0,nan,0
1034,0.9970000000000008,0.45,,scientific,0,1,0.1967741935483871,1.0,0.0,-0.003892095925242439,-0.000800972875897759,nan,-0.003892095925242439,-0.000800972875897759,nan,1.8579835056722063,1.8579835056722063,0.0,0.0,0.0,nan,0,1,1.0,0.0,-0.0015905409831827105,0.00047556138875619764,nan,-0.0015905409831827105,0.00047556138875619764,nan,0.6459226819736702,0.6459226819736702,0.0,0.0,0.0,nan,0,1,1.0,0.0,-0.003892095925242439,-0.000800972875897759,nan,-0.003892095925242439,-0.000800972875897759,nan,1.8579835056722063,1.8579835056722063,0.0,0.0,0.0,nan,0
1035,0.9980000000000008,0.45,,scientific,0,1,0.1967741935483871,1.0,0.0,-0.0038921273170143054,-0.0008029207224152485,nan,-0.0038921273170143054,-0.0008029207224152485,nan,1.8591543210276131,1.8591543210276131,0.0,0.0,0.0,nan,0,1,1.0,0.0,-0.0015905409831827105,0.00047556138875619764,nan,-0.0015905409831827105,0.00047556138875619764,nan,0.6459226819736702,0.6459226819736702,0.0,0.0,0.0,nan,0,1,1.0,0.0,-0.0038921273170143054,-0.0008029207224152485,nan,-0.0038921273170143054,-0.0008029207224152485,nan,1.8591543210276131,1.8591543210276131,0.0,0.0,0.0,nan,0
1036,0.9990000000000008,0.45,,scientific,0,1,0.1967741935483871,1.0,0.0,-0.003892149711823759,-0.0008048729096249372,nan,-0.003892149711823759,-0.0008048729096249372,nan,1.8603249766854908,1.8603249766854908,0.0,0.0,0.0,nan,0,1,1.0,0.0,-0.0015905409831827105,0.00047556138875619764,nan,-0.0015905409831827105,0.00047556138875619764,nan,0.6459226819736702,0.6459226819736702,0.0,0.0,0.0,nan,0,1,1.0,0.0,-0.003892149711823759,-0.0008048729096249372,nan,-0.003892149711823759,-0.0008048729096249372,nan,1.8603249766854908,1.8603249766854908,0.0,0.0,0.0,nan,0
1037,1.0000000000000007,0.45,,scientific,0,1,0.1967741935483871,1.0,0.0,-0.0038921631009261426,-0.0008068294439333419,nan,-0.0038921631009261426,-0.0008068294439333419,nan,1.8614954726859148,1.8614954726859148,0.0,0.0,0.0,nan,0,1,1.0,0.0,-0.0015905409831827105,0.00047556138875619764,nan,-0.0015905409831827105,0.00047556138875619764,nan,0.6459226819736702,0.6459226819736702,0.0,0.0,0.0,nan,0,1,1.0,0.0,-0.0038921631009261426,-0.0008068294439333419,nan,-0.0038921631009261426,-0.0008068294439333419,nan,1.8614954726859148,1.8614954726859148,0.0,0.0,0.0,nan,0
1038,1.0010000000000006,0.45,,scientific,0,1,0.19741935483870968,1.0,0.0,-0.003892167475482576,-0.0008087903309570947,nan,-0.003892167475482576,-0.0008087903309570947,nan,1.862665809063597,1.862665809063597,0.0,0.0,0.0,nan,0,1,1.0,0.0,-0.0015905409831827105,0.00047556138875619764,nan,-0.0015905409831827105,0.00047556138875619764,nan,0.6459226819736702,0.6459226819736702,0.0,0.0,0.0,nan,0,1,1.0,0.0,-0.003892167475482576,-0.0008087903309570947,nan,-0.003892167475482576,-0.0008087903309570947,nan,1.862665809063597,1.862665809063597,0.0,0.0,0.0,nan,0
1039,1.0020000000000004,0.45,,scientific,0,1,0.19741935483870968,1.0,0.0,-0.0038921628271211366,-0.0008107555762436264,nan,-0.0038921628271211366,-0.0008107555762436264,nan,1.8638359858367726,1.8638359858367726,0.0,0.0,0.0,nan,0,1,1.0,0.0,-0.0015905409831827105,0.00047556138875619764,nan,-0.0015905409831827105,0.00047556138875619764,nan,0.6459226819736702,0.6459226819736702,0.0,0.0,0.0,nan,0,1,1.0,0.0,-0.0038921628271211366,-0.0008107555762436264,nan,-0.0038921628271211366,-0.0008107555762436264,nan,1.8638359858367726,1.8638359858367726,0.0,0.0,0.0,nan,0
1040,1.0030000000000003,0.45,,scientific,0,1,0.19741935483870968,1.0,0.0,-0.0038921491481183072,-0.0008127251854871002,nan,-0.0038921491481183072,-0.0008127251854871002,nan,1.8650060030359086,1.8650060030359086,0.0,0.0,0.0,nan,0,1,1.0,0.0,-0.0015905409831827105,0.00047556138875619764,nan,-0.0015905409831827105,0.00047556138875619764,nan,0.6459226819736702,0.6459226819736702,0.0,0.0,0.0,nan,0,1,1.0,0.0,-0.0038921491481183072,-0.0008127251854871002,nan,-0.0038921491481183072,-0.0008127251854871002,nan,1.8650060030359086,1.8650060030359086,0.0,0.0,0.0,nan,0
1041,1.0040000000000002,0.45,,scientific,0,1,0.19741935483870968,1.0,0.0,-0.0038921264315329167,-0.000814699163567584,nan,-0.0038921264315329167,-0.000814699163567584,nan,1.8661758606872683,1.8661758606872683,0.0,0.0,0.0,nan,0,1,1.0,0.0,-0.0015905409831827105,0.00047556138875619764,nan,-0.0015905409831827105,0.00047556138875619764,nan,0.6459226819736702,0.6459226819736702,0.0,0.0,0.0,nan,0,1,1.0,0.0,-0.0038921264315329167,-0.000814699163567584,nan,-0.0038921264315329167,-0.000814699163567584,nan,1.8661758606872683,1.8661758606872683,0.0,0.0,0.0,nan,0
1042,1.0050000000000001,0.45,,scientific,0,1,0.19741935483870968,1.0,0.0,-0.0038920946696577685,-0.0008166775156426148,nan,-0.0038920946696577685,-0.0008166775156426148,nan,1.8673455588263697,1.8673455588263697,0.0,0.0,0.0,nan,0,1,1.0,0.0,-0.0015905409831827105,0.00047556138875619764,nan,-0.0015905409831827105,0.00047556138875619764,nan,0.6459226819736702,0.6459226819736702,0.0,0.0,0.0,nan,0,1,1.0,0.0,-0.0038920946696577685,-0.0008166775156426148,nan,-0.0038920946696577685,-0.0008166775156426148,nan,1.8673455588263697,1.8673455588263697,0.0,0.0,0.0,nan,0
1043,1.006,0.45,,scientific,0,1,0.19741935483870968,1.0,0.0,-0.0038920538542834273,-0.0008186602466056337,nan,-0.0038920538542834273,-0.0008186602466056337,nan,1.8685150974647322,1.8685150974647322,0.0,0.0,0.0,nan,0,1,1.0,0.0,-0.0015905409831827105,0.00047556138875619764,nan,-0.0015905409831827105,0.00047556138875619764,nan,0.6459226819736702,0.6459226819736702,0.0,0.0,0.0,nan,0,1,1.0,0.0,-0.0038920538542834273,-0.0008186602466056337,nan,-0.0038920538542834273,-0.0008186602466056337,nan,1.8685150974647322,1.8685150974647322,0.0,0.0,0.0,nan,0
1044,1.007,0.45,,scientific,0,1,0.19741935483870968,1.0,0.0,-0.0038920039790403273,-0.0008206473617928974,nan,-0.0038920039790403273,-0.0008206473617928974,nan,1.869684476650538,1.869684476650538,0.0,0.0,0.0,nan,0,1,1.0,0.0,-0.0015905409831827105,0.00047556138875619764,nan,-0.0015905409831827105,0.00047556138875619764,nan,0.6459226819736702,0.6459226819736702,0.0,0.0,0.0,nan,0,1,1.0,0.0,-0.0038920039790403273,-0.0008206473617928974,nan,-0.0038920039790403273,-0.0008206473617928974,nan,1.869684476650538,1.869684476650538,0.0,0.0,0.0,nan,0
1045,1.0079999999999998,0.45,,scientific,0,1,0.19741935483870968,1.0,0.0,-0.0038919450374740507,-0.0008226388659273695,nan,-0.0038919450374740507,-0.0008226388659273695,nan,1.8708536964069122,1.8708536964069122,0.0,0.0,0.0,nan,0,1,1.0,0.0,-0.0015905409831827105,0.00047556138875619764,nan,-0.0015905409831827105,0.00047556138875619764,nan,0.6459226819736702,0.6459226819736702,0.0,0.0,0.0,nan,0,1,1.0,0.0,-0.0038919450374740507,-0.0008226388659273695,nan,-0.0038919450374740507,-0.0008226388659273695,nan,1.8708536964069122,1.8708536964069122,0.0,0.0,0.0,nan,0
1046,1.0089999999999997,0.45,,scientific,0,1,0.19741935483870968,1.0,0.0,-0.0038918770226777093,-0.0008246347643693246,nan,-0.0038918770226777093,-0.0008246347643693246,nan,1.8720227567600123,1.8720227567600123,0.0,0.0,0.0,nan,0,1,1.0,0.0,-0.0015905409831827105,0.00047556138875619764,nan,-0.0015905409831827105,0.00047556138875619764,nan,0.6459226819736702,0.6459226819736702,0.0,0.0,0.0,nan,0,1,1.0,0.0,-0.0038918770226777093,-0.0008246347643693246,nan,-0.0038918770226777093,-0.0008246347643693246,nan,1.8720227567600123,1.8720227567600123,0.0,0.0,0.0,nan,0
1047,1.0099999999999996,0.45,,scientific,0,1,0.19741935483870968,1.0,0.0,-0.0038917999276684057,-0.0008266350620185867,nan,-0.0038917999276684057,-0.0008266350620185867,nan,1.8731916577385541,1.8731916577385541,0.0,0.0,0.0,nan,0,1,1.0,0.0,-0.0015905409831827105,0.00047556138875619764,nan,-0.0015905409831827105,0.00047556138875619764,nan,0.6459226819736702,0.6459226819736702,0.0,0.0,0.0,nan,0,1,1.0,0.0,-0.0038917999276684057,-0.0008266350620185867,nan,-0.0038917999276684057,-0.0008266350620185867,nan,1.8731916577385541,1.8731916577385541,0.0,0.0,0.0,nan,0
1048,1.0109999999999995,0.45,,scientific,0,1,0.19741935483870968,1.0,0.0,-0.0038917137464445873,-0.000828639762607822,nan,-0.0038917137464445873,-0.000828639762607822,nan,1.8743603993685718,1.8743603993685718,0.0,0.0,0.0,nan,0,1,1.0,0.0,-0.0015905409831827105,0.00047556138875619764,nan,-0.0015905409831827105,0.00047556138875619764,nan,0.6459226819736702,0.6459226819736702,0.0,0.0,0.0,nan,0,1,1.0,0.0,-0.0038917137464445873,-0.000828639762607822,nan,-0.0038917137464445873,-0.000828639762607822,nan,1.8743603993685718,1.8743603993685718,0.0,0.0,0.0,nan,0
1049,1.0119999999999993,0.45,,scientific,0,1,0.19741935483870968,1.0,0.0,-0.0038916184729274107,-0.0008306488705466224,nan,-0.0038916184729274107,-0.0008306488705466224,nan,1.8755289816893614,1.8755289816893614,0.0,0.0,0.0,nan,0,1,1.0,0.0,-0.0015905409831827105,0.00047556138875619764,nan,-0.0015905409831827105,0.00047556138875619764,nan,0.6459226819736702,0.6459226819736702,0.0,0.0,0.0,nan,0,1,1.0,0.0,-0.0038916184729274107,-0.0008306488705466224,nan,-0.0038916184729274107,-0.0008306488705466224,nan,1.8755289816893614,1.8755289816893614,0.0,0.0,0.0,nan,0
1050,1.0129999999999992,0.45,,scientific,0,1,0.19741935483870968,1.0,0.0,-0.0038915141010683425,-0.0008326623909217068,nan,-0.0038915141010683425,-0.0008326623909217068,nan,1.8766974047194216,1.8766974047194216,0.0,0.0,0.0,nan,0,1,1.0,0.0,-0.0015905409831827105,0.00047556138875619764,nan,-0.0015905409831827105,0.00047556138875619764,nan,0.6459226819736702,0.6459226819736702,0.0,0.0,0.0,nan,0,1,1.0,0.0,-0.0038915141010683425,-0.0008326623909217068,nan,-0.0038915141010683425,-0.0008326623909217068,nan,1.8766974047194216,1.8766974047194216,0.0,0.0,0.0,nan,0
1051,1.0139999999999991,0.45,,scientific,0,1,0.19741935483870968,1.0,0.0,-0.0038914006250878575,-0.0008346803276044827,nan,-0.0038914006250878575,-0.0008346803276044827,nan,1.8778656684983697,1.8778656684983697,0.0,0.0,0.0,nan,0,1,1.0,0.0,-0.0015905409831827105,0.00047556138875619764,nan,-0.0015905409831827105,0.00047556138875619764,nan,0.6459226819736702,0.6459226819736702,0.0,0.0,0.0,nan,0,1,1.0,0.0,-0.0038914006250878575,-0.0008346803276044827,nan,-0.0038914006250878575,-0.0008346803276044827,nan,1.8778656684983697,1.8778656684983697,0.0,0.0,0.0,nan,0
1052,1.014999999999999,0.45,,scientific,0,1,0.19741935483870968,1.0,0.0,-0.0038912780400256093,-0.0008367026845137161,nan,-0.0038912780400256093,-0.0008367026845137161,nan,1.879033773056769,1.879033773056769,0.0,0.0,0.0,nan,0,1,1.0,0.0,-0.0015905409831827105,0.00047556138875619764,nan,-0.0015905409831827105,0.00047556138875619764,nan,0.6459226819736702,0.6459226819736702,0.0,0.0,0.0,nan,0,1,1.0,0.0,-0.0038912780400256093,-0.0008367026845137161,nan,-0.0038912780400256093,-0.0008367026845137161,nan,1.879033773056769,1.879033773056769,0.0,0.0,0.0,nan,0
1053,1.015999999999999,0.45,,scientific,0,1,0.19806451612903225,1.0,0.0,-0.00389114634053583,-0.000838729465482935,nan,-0.00389114634053583,-0.000838729465482935,nan,1.88020171842713,1.88020171842713,0.0,0.0,0.0,nan,0,1,1.0,0.0,-0.0015905409831827105,0.00047556138875619764,nan,-0.0015905409831827105,0.00047556138875619764,nan,0.6459226819736702,0.6459226819736702,0.0,0.0,0.0,nan,0,1,1.0,0.0,-0.00389114634053583,-0.000838729465482935,nan,-0.00389114634053583,-0.000838729465482935,nan,1.88020171842713,1.88020171842713,0.0,0.0,0.0,nan,0
1054,1.0169999999999988,0.45,,scientific,0,1,0.19806451612903225,1.0,0.0,-0.003891005521260621,-0.0008407606745456994,nan,-0.003891005521260621,-0.0008407606745456994,nan,1.8813695046358316,1.8813695046358316,0.0,0.0,0.0,nan,0,1,1.0,0.0,-0.0015905409831827105,0.00047556138875619764,nan,-0.0015905409831827105,0.00047556138875619764,nan,0.6459226819736702,0.6459226819736702,0.0,0.0,0.0,nan,0,1,1.0,0.0,-0.003891005521260621,-0.0008407606745456994,nan,-0.003891005521260621,-0.0008407606745456994,nan,1.8813695046358316,1.8813695046358316,0.0,0.0,0.0,nan,0
1055,1.0179999999999987,0.45,,scientific,0,1,0.19806451612903225,1.0,0.0,-0.0038908555769743454,-0.000842796315094644,nan,-0.0038908555769743454,-0.000842796315094644,nan,1.8825371317063757,1.8825371317063757,0.0,0.0,0.0,nan,0,1,1.0,0.0,-0.0015905409831827105,0.00047556138875619764,nan,-0.0015905409831827105,0.00047556138875619764,nan,0.6459226819736702,0.6459226819736702,0.0,0.0,0.0,nan,0,1,1.0,0.0,-0.0038908555769743454,-0.000842796315094644,nan,-0.0038908555769743454,-0.000842796315094644,nan,1.8825371317063757,1.8825371317063757,0.0,0.0,0.0,nan,0
1056,1.0189999999999986,0.45,,scientific,0,1,0.19806451612903225,1.0,0.0,-0.003890696503354869,-0.0008448363911409871,nan,-0.003890696503354869,-0.0008448363911409871,nan,1.8837045996737944,1.8837045996737944,0.0,0.0,0.0,nan,0,1,1.0,0.0,-0.0015905409831827105,0.00047556138875619764,nan,-0.0015905409831827105,0.00047556138875619764,nan,0.6459226819736702,0.6459226819736702,0.0,0.0,0.0,nan,0,1,1.0,0.0,-0.003890696503354869,-0.0008448363911409871,nan,-0.003890696503354869,-0.0008448363911409871,nan,1.8837045996737944,1.8837045996737944,0.0,0.0,0.0,nan,0
1057,1.0199999999999985,0.45,,scientific,0,1,0.19806451612903225,1.0,0.0,-0.0038905282953731746,-0.000846880906586188,nan,-0.0038905282953731746,-0.000846880906586188,nan,1.8848719085646322,1.8848719085646322,0.0,0.0,0.0,nan,0,1,1.0,0.0,-0.0015905409831827105,0.00047556138875619764,nan,-0.0015905409831827105,0.00047556138875619764,nan,0.6459226819736702,0.6459226819736702,0.0,0.0,0.0,nan,0,1,1.0,0.0,-0.0038905282953731746,-0.000846880906586188,nan,-0.0038905282953731746,-0.000846880906586188,nan,1.8848719085646322,1.8848719085646322,0.0,0.0,0.0,nan,0
1058,1.0209999999999984,0.45,,scientific,0,1,0.19806451612903225,1.0,0.0,-0.003890350948895162,-0.0008489298647317885,nan,-0.003890350948895162,-0.0008489298647317885,nan,1.8860390584084454,1.8860390584084454,0.0,0.0,0.0,nan,0,1,1.0,0.0,-0.0015905409831827105,0.00047556138875619764,nan,-0.0015905409831827105,0.00047556138875619764,nan,0.6459226819736702,0.6459226819736702,0.0,0.0,0.0,nan,0,1,1.0,0.0,-0.003890350948895162,-0.0008489298647317885,nan,-0.003890350948895162,-0.0008489298647317885,nan,1.8860390584084454,1.8860390584084454,0.0,0.0,0.0,nan,0
1059,1.0219999999999982,0.45,,scientific,0,1,0.19806451612903225,1.0,0.0,-0.003890164459801448,-0.0008509832688159877,nan,-0.003890164459801448,-0.0008509832688159877,nan,1.887206049231844,1.887206049231844,0.0,0.0,0.0,nan,0,1,1.0,0.0,-0.0015905409831827105,0.00047556138875619764,nan,-0.0015905409831827105,0.00047556138875619764,nan,0.6459226819736702,0.6459226819736702,0.0,0.0,0.0,nan,0,1,1.0,0.0,-0.003890164459801448,-0.0008509832688159877,nan,-0.003890164459801448,-0.0008509832688159877,nan,1.887206049231844,1.887206049231844,0.0,0.0,0.0,nan,0
1060,1.0229999999999981,0.45,,scientific,0,1,0.19806451612903225,1.0,0.0,-0.00388996882391923,-0.0008530411219473082,nan,-0.00388996882391923,-0.0008530411219473082,nan,1.8883728810626705,1.8883728810626705,0.0,0.0,0.0,nan,0,1,1.0,0.0,-0.0015905409831827105,0.00047556138875619764,nan,-0.0015905409831827105,0.00047556138875619764,nan,0.6459226819736702,0.6459226819736702,0.0,0.0,0.0,nan,0,1,1.0,0.0,-0.00388996882391923,-0.0008530411219473082,nan,-0.00388996882391923,-0.0008530411219473082,nan,1.8883728810626705,1.8883728810626705,0.0,0.0,0.0,nan,0
1061,1.023999999999998,0.45,,scientific,0,1,0.19806451612903225,1.0,0.0,-0.003889764037705497,-0.0008551034268819835,nan,-0.003889764037705497,-0.0008551034268819835,nan,1.8895395539390347,1.8895395539390347,0.0,0.0,0.0,nan,0,1,1.0,0.0,-0.0015905409831827105,0.00047556138875619764,nan,-0.0015905409831827105,0.00047556138875619764,nan,0.6459226819736702,0.6459226819736702,0.0,0.0,0.0,nan,0,1,1.0,0.0,-0.003889764037705497,-0.0008551034268819835,nan,-0.003889764037705497,-0.0008551034268819835,nan,1.8895395539390347,1.8895395539390347,0.0,0.0,0.0,nan,0
1062,1.024999999999998,0.45,,scientific,0,1,0.19806451612903225,1.0,0.0,-0.00388955009783741,-0.0008571701869784393,nan,-0.00388955009783741,-0.0008571701869784393,nan,1.890706067885823,1.890706067885823,0.0,0.0,0.0,nan,0,1,1.0,0.0,-0.0015905409831827105,0.00047556138875619764,nan,-0.0015905409831827105,0.00047556138875619764,nan,0.6459226819736702,0.6459226819736702,0.0,0.0,0.0,nan,0,1,1.0,0.0,-0.00388955009783741,-0.0008571701869784393,nan,-0.00388955009783741,-0.0008571701869784393,nan,1.890706067885823,1.890706067885823,0.0,0.0,0.0,nan,0
1063,1.0259999999999978,0.45,,scientific,0,1,0.19806451612903225,1.0,0.0,-0.0038893270009599966,-0.0008592414052305912,nan,-0.0038893270009599966,-0.0008592414052305912,nan,1.8918724229170234,1.8918724229170234,0.0,0.0,0.0,nan,0,1,1.0,0.0,-0.0015905409831827105,0.00047556138875619764,nan,-0.0015905409831827105,0.00047556138875619764,nan,0.6459226819736702,0.6459226819736702,0.0,0.0,0.0,nan,0,1,1.0,0.0,-0.0038893270009599966,-0.0008592414052305912,nan,-0.0038893270009599966,-0.0008592414052305912,nan,1.8918724229170234,1.8918724229170234,0.0,0.0,0.0,nan,0
1064,1.0269999999999977,0.45,,scientific,0,1,0.19806451612903225,1.0,0.0,-0.003889094743515515,-0.000861317083536674,nan,-0.003889094743515515,-0.000861317083536674,nan,1.8930386190736925,1.8930386190736925,0.0,0.0,0.0,nan,0,1,1.0,0.0,-0.0015905409831827105,0.00047556138875619764,nan,-0.0015905409831827105,0.00047556138875619764,nan,0.6459226819736702,0.6459226819736702,0.0,0.0,0.0,nan,0,1,1.0,0.0,-0.003889094743515515,-0.000861317083536674,nan,-0.003889094743515515,-0.000861317083536674,nan,1.8930386190736925,1.8930386190736925,0.0,0.0,0.0,nan,0
1065,1.0279999999999976,0.45,,scientific,0,1,0.19806451612903225,1.0,0.0,-0.0038888533228330644,-0.0008633972243896652,nan,-0.0038888533228330644,-0.0008633972243896652,nan,1.8942046563925363,1.8942046563925363,0.0,0.0,0.0,nan,0,1,1.0,0.0,-0.0015905409831827105,0.00047556138875619764,nan,-0.0015905409831827105,0.00047556138875619764,nan,0.6459226819736702,0.6459226819736702,0.0,0.0,0.0,nan,0,1,1.0,0.0,-0.0038888533228330644,-0.0008633972243896652,nan,-0.0038888533228330644,-0.0008633972243896652,nan,1.8942046563925363,1.8942046563925363,0.0,0.0,0.0,nan,0
1066,1.0289999999999975,0.45,,scientific,0,1,0.19806451612903225,1.0,0.0,-0.0038886027363103834,-0.0008654818306060374,nan,-0.0038886027363103834,-0.0008654818306060374,nan,1.8953705349086085,1.8953705349086085,0.0,0.0,0.0,nan,0,1,1.0,0.0,-0.0015905409831827105,0.00047556138875619764,nan,-0.0015905409831827105,0.00047556138875619764,nan,0.6459226819736702,0.6459226819736702,0.0,0.0,0.0,nan,0,1,1.0,0.0,-0.0038886027363103834,-0.0008654818306060374,nan,-0.0038886027363103834,-0.0008654818306060374,nan,1.8953705349086085,1.8953705349086085,0.0,0.0,0.0,nan,0
1067,1.0299999999999974,0.45,,scientific,0,1,0.19806451612903225,1.0,0.0,-0.0038883429808663737,-0.0008675709045221644,nan,-0.0038883429808663737,-0.0008675709045221644,nan,1.8965362546464888,1.8965362546464888,0.0,0.0,0.0,nan,0,1,1.0,0.0,-0.0015905409831827105,0.00047556138875619764,nan,-0.0015905409831827105,0.00047556138875619764,nan,0.6459226819736702,0.6459226819736702,0.0,0.0,0.0,nan,0,1,1.0,0.0,-0.0038883429808663737,-0.0008675709045221644,nan,-0.0038883429808663737,-0.0008675709045221644,nan,1.8965362546464888,1.8965362546464888,0.0,0.0,0.0,nan,0
1068,1.0309999999999973,0.45,,scientific,0,1,0.19806451612903225,1.0,0.0,-0.003888074054561204,-0.0008696644482618392,nan,-0.003888074054561204,-0.0008696644482618392,nan,1.8977018156397938,1.8977018156397938,0.0,0.0,0.0,nan,0,1,1.0,0.0,-0.0015905409831827105,0.00047556138875619764,nan,-0.0015905409831827105,0.00047556138875619764,nan,0.6459226819736702,0.6459226819736702,0.0,0.0,0.0,nan,0,1,1.0,0.0,-0.003888074054561204,-0.0008696644482618392,nan,-0.003888074054561204,-0.0008696644482618392,nan,1.8977018156397938,1.8977018156397938,0.0,0.0,0.0,nan,0
1069,1.0319999999999971,0.45,,scientific,0,1,0.19806451612903225,1.0,0.0,-0.0038877959550174205,-0.0008717624637495638,nan,-0.0038877959550174205,-0.0008717624637495638,nan,1.8988672179114956,1.8988672179114956,0.0,0.0,0.0,nan,0,1,1.0,0.0,-0.0015905409831827105,0.00047556138875619764,nan,-0.0015905409831827105,0.00047556138875619764,nan,0.6459226819736702,0.6459226819736702,0.0,0.0,0.0,nan,0,1,1.0,0.0,-0.0038877959550174205,-0.0008717624637495638,nan,-0.0038877959550174205,-0.0008717624637495638,nan,1.8988672179114956,1.8988672179114956,0.0,0.0,0.0,nan,0
1070,1.032999999999997,0.45,,scientific,0,1,0.19870967741935483,1.0,0.0,-0.004184185527784489,-0.0019120893369578332,nan,-0.004184185527784489,-0.0019120893369578332,nan,1.9026649809197331,1.9026649809197331,0.0,0.0,0.0,nan,0,1,1.0,0.0,-0.0017980192694216706,-0.00025268017342996903,nan,-0.0017980192694216706,-0.00025268017342996903,nan,0.6469992197769887,0.6469992197769887,0.0,0.0,0.0,nan,0,1,1.0,0.0,-0.004184185527784489,-0.0019120893369578332,nan,-0.004184185527784489,-0.0019120893369578332,nan,1.9026649809197331,1.9026649809197331,0.0,0.0,0.0,nan,0
1071,1.033999999999997,0.45,,scientific,0,1,0.19870967741935483,1.0,0.0,-0.004183954715982398,-0.001914416873355788,nan,-0.004183954715982398,-0.001914416873355788,nan,1.9038314347089043,1.9038314347089043,0.0,0.0,0.0,nan,0,1,1.0,0.0,-0.0017980192694216706,-0.00025268017342996903,nan,-0.0017980192694216706,-0.00025268017342996903,nan,0.6469992197769887,0.6469992197769887,0.0,0.0,0.0,nan,0,1,1.0,0.0,-0.004183954715982398,-0.001914416873355788,nan,-0.004183954715982398,-0.001914416873355788,nan,1.9038314347089043,1.9038314347089043,0.0,0.0,0.0,nan,0
1072,1.0349999999999968,0.45,,scientific,0,1,0.19870967741935483,1.0,0.0,-0.0041837147254003325,-0.001916748856871234,nan,-0.0041837147254003325,-0.001916748856871234,nan,1.904997729774966,1.904997729774966,0.0,0.0,0.0,nan,0,1,1.0,0.0,-0.0017980192694216706,-0.00025268017342996903,nan,-0.0017980192694216706,-0.00025268017342996903,nan,0.6469992197769887,0.6469992197769887,0.0,0.0,0.0,nan,0,1,1.0,0.0,-0.0041837147254003325,-0.001916748856871234,nan,-0.0041837147254003325,-0.001916748856871234,nan,1.904997729774966,1.904997729774966,0.0,0.0,0.0,nan,0
1073,1.0359999999999967,0.45,,scientific,0,1,0.19870967741935483,1.0,0.0,-0.004183465554317228,-0.0019190852883236287,nan,-0.004183465554317228,-0.0019190852883236287,nan,1.9061638661630558,1.9061638661630558,0.0,0.0,0.0,nan,0,1,1.0,0.0,-0.0017980192694216706,-0.00025268017342996903,nan,-0.0017980192694216706,-0.00025268017342996903,nan,0.6469992197769887,0.6469992197769887,0.0,0.0,0.0,nan,0,1,1.0,0.0,-0.004183465554317228,-0.0019190852883236287,nan,-0.004183465554317228,-0.0019190852883236287,nan,1.9061638661630558,1.9061638661630558,0.0,0.0,0.0,nan,0
1074,1.0369999999999966,0.45,,scientific,0,1,0.19870967741935483,1.0,0.0,-0.00418320720132902,-0.0019214261691621118,nan,-0.00418320720132902,-0.0019214261691621118,nan,1.9073298438917767,1.9073298438917767,0.0,0.0,0.0,nan,0,1,1.0,0.0,-0.0017980192694216706,-0.00025268017342996903,nan,-0.0017980192694216706,-0.00025268017342996903,nan,0.6469992197769887,0.6469992197769887,0.0,0.0,0.0,nan,0,1,1.0,0.0,-0.00418320720132902,-0.0019214261691621118,nan,-0.00418320720132902,-0.0019214261691621118,nan,1.9073298438917767,1.9073298438917767,0.0,0.0,0.0,nan,0
1075,1.0379999999999965,0.45,,scientific,0,1,0.19870967741935483,1.0,0.0,-0.004182939665099903,-0.001923771501465923,nan,-0.004182939665099903,-0.001923771501465923,nan,1.9084956629933256,1.9084956629933256,0.0,0.0,0.0,nan,0,1,1.0,0.0,-0.0017980192694216706,-0.00025268017342996903,nan,-0.0017980192694216706,-0.00025268017342996903,nan,0.6469992197769887,0.6469992197769887,0.0,0.0,0.0,nan,0,1,1.0,0.0,-0.004182939665099903,-0.001923771501465923,nan,-0.004182939665099903,-0.001923771501465923,nan,1.9084956629933256,1.9084956629933256,0.0,0.0,0.0,nan,0
1076,1.0389999999999964,0.45,,scientific,0,1,0.19870967741935483,1.0,0.0,-0.004182662945092291,-0.0019261212865463147,nan,-0.004182662945092291,-0.0019261212865463147,nan,1.909661323500463,1.909661323500463,0.0,0.0,0.0,nan,0,1,1.0,0.0,-0.0017980192694216706,-0.00025268017342996903,nan,-0.0017980192694216706,-0.00025268017342996903,nan,0.6469992197769887,0.6469992197769887,0.0,0.0,0.0,nan,0,1,1.0,0.0,-0.004182662945092291,-0.0019261212865463147,nan,-0.004182662945092291,-0.0019261212865463147,nan,1.909661323500463,1.909661323500463,0.0,0.0,0.0,nan,0
1077,1.0399999999999963,0.45,,scientific,0,1,0.19870967741935483,1.0,0.0,-0.004182377040897014,-0.0019284755261590326,nan,-0.004182377040897014,-0.0019284755261590326,nan,1.910826825441754,1.910826825441754,0.0,0.0,0.0,nan,0,1,1.0,0.0,-0.0017980192694216706,-0.00025268017342996903,nan,-0.0017980192694216706,-0.00025268017342996903,nan,0.6469992197769887,0.6469992197769887,0.0,0.0,0.0,nan,0,1,1.0,0.0,-0.004182377040897014,-0.0019284755261590326,nan,-0.004182377040897014,-0.0019284755261590326,nan,1.910826825441754,1.910826825441754,0.0,0.0,0.0,nan,0
1078,1.0409999999999962,0.45,,scientific,0,1,0.19870967741935483,1.0,0.0,-0.004182081952683863,-0.001930834222128069,nan,-0.004182081952683863,-0.001930834222128069,nan,1.9119921688449333,1.9119921688449333,0.0,0.0,0.0,nan,0,1,1.0,0.0,-0.0017980192694216706,-0.00025268017342996903,nan,-0.0017980192694216706,-0.00025268017342996903,nan,0.6469992197769887,0.6469992197769887,0.0,0.0,0.0,nan,0,1,1.0,0.0,-0.004182081952683863,-0.001930834222128069,nan,-0.004182081952683863,-0.001930834222128069,nan,1.9119921688449333,1.9119921688449333,0.0,0.0,0.0,nan,0
1079,1.041999999999996,0.45,,scientific,0,1,0.19870967741935483,1.0,0.0,-0.0041817776802653755,-0.0019331973749406423,nan,-0.0041817776802653755,-0.0019331973749406423,nan,1.9131573537437112,1.9131573537437112,0.0,0.0,0.0,nan,0,1,1.0,0.0,-0.0017980192694216706,-0.00025268017342996903,nan,-0.0017980192694216706,-0.00025268017342996903,nan,0.6469992197769887,0.6469992197769887,0.0,0.0,0.0,nan,0,1,1.0,0.0,-0.0041817776802653755,-0.0019331973749406423,nan,-0.0041817776802653755,-0.0019331973749406423,nan,1.9131573537437112,1.9131573537437112,0.0,0.0,0.0,nan,0
1080,1.042999999999996,0.45,,scientific,0,1,0.19870967741935483,1.0,0.0,-0.0033501835680560888,-0.0011581948455913046,nan,-0.0033501835680560888,-0.0011581948455913046,nan,1.9170973000546647,1.9170973000546647,0.0,0.0,0.0,nan,0,1,1.0,0.0,-0.0012429103128989802,0.00026586691263087497,nan,-0.0012429103128989802,0.00026586691263087497,nan,0.6480757575803073,0.6480757575803073,0.0,0.0,0.0,nan,0,1,1.0,0.0,-0.0033501835680560888,-0.0011581948455913046,nan,-0.0033501835680560888,-0.0011581948455913046,nan,1.9170973000546647,1.9170973000546647,0.0,0.0,0.0,nan,0
1081,1.0439999999999958,0.45,,scientific,0,1,0.19870967741935483,1.0,0.0,-0.0033496734494715733,-0.0011603883511865293,nan,-0.0033496734494715733,-0.0011603883511865293,nan,1.9182636441282375,1.9182636441282375,0.0,0.0,0.0,nan,0,1,1.0,0.0,-0.0012429103128989802,0.00026586691263087497,nan,-0.0012429103128989802,0.00026586691263087497,nan,0.6480757575803073,0.6480757575803073,0.0,0.0,0.0,nan,0,1,1.0,0.0,-0.0033496734494715733,-0.0011603883511865293,nan,-0.0033496734494715733,-0.0011603883511865293,nan,1.9182636441282375,1.9182636441282375,0.0,0.0,0.0,nan,0
1082,1.0449999999999957,0.45,,scientific,0,1,0.19870967741935483,1.0,0.0,-0.003418173243576744,-0.00011152765527726462,nan,-0.003418173243576744,-0.00011152765527726462,nan,1.9220219714217646,1.9220219714217646,0.0,0.0,0.0,nan,0,1,1.0,0.0,-0.0012916713269862637,0.0010164581443051024,nan,-0.0012916713269862637,0.0010164581443051024,nan,0.649152295383626,0.649152295383626,0.0,0.0,0.0,nan,0,1,1.0,0.0,-0.003418173243576744,-0.00011152765527726462,nan,-0.003418173243576744,-0.00011152765527726462,nan,1.9220219714217646,1.9220219714217646,0.0,0.0,0.0,nan,0
1083,1.0459999999999956,0.45,,scientific,0,1,0.19870967741935483,1.0,0.0,-0.003417662184521896,-0.00011349836112179897,nan,-0.003417662184521896,-0.00011349836112179897,nan,1.9231893565177822,1.9231893565177822,0.0,0.0,0.0,nan,0,1,1.0,0.0,-0.0012916713269862637,0.0010164581443051024,nan,-0.0012916713269862637,0.0010164581443051024,nan,0.649152295383626,0.649152295383626,0.0,0.0,0.0,nan,0,1,1.0,0.0,-0.003417662184521896,-0.00011349836112179897,nan,-0.003417662184521896,-0.00011349836112179897,nan,1.9231893565177822,1.9231893565177822,0.0,0.0,0.0,nan,0
1084,1.0469999999999955,0.45,,scientific,0,1,0.19870967741935483,1.0,0.0,-0.0034171420086358947,-0.00011547354681603456,nan,-0.0034171420086358947,-0.00011547354681603456,nan,1.9243565831704317,1.9243565831704317,0.0,0.0,0.0,nan,0,1,1.0,0.0,-0.0012916713269862637,0.0010164581443051024,nan,-0.0012916713269862637,0.0010164581443051024,nan,0.649152295383626,0.649152295383626,0.0,0.0,0.0,nan,0,1,1.0,0.0,-0.0034171420086358947,-0.00011547354681603456,nan,-0.0034171420086358947,-0.00011547354681603456,nan,1.9243565831704317,1.9243565831704317,0.0,0.0,0.0,nan,0
1085,1.0479999999999954,0.45,,scientific,0,1,0.19870967741935483,1.0,0.0,-0.0034166127167155444,-0.00011745321313791674,nan,-0.0034166127167155444,-0.00011745321313791674,nan,1.9255236513988505,1.9255236513988505,0.0,0.0,0.0,nan,0,1,1.0,0.0,-0.0012916713269862637,0.0010164581443051024,nan,-0.0012916713269862637,0.0010164581443051024,nan,0.649152295383626,0.649152295383626,0.0,0.0,0.0,nan,0,1,1.0,0.0,-0.0034166127167155444,-0.00011745321313791674,nan,-0.0034166127167155444,-0.00011745321313791674,nan,1.9255236513988505,1.9255236513988505,0.0,0.0,0.0,nan,0
1086,1.0489999999999953,0.45,,scientific,0,1,0.19870967741935483,1.0,0.0,-0.0034160743100168276,-0.0001194373598710989,nan,-0.0034160743100168276,-0.0001194373598710989,nan,1.9266905612363172,1.9266905612363172,0.0,0.0,0.0,nan,0,1,1.0,0.0,-0.0012916713269862637,0.0010164581443051024,nan,-0.0012916713269862637,0.0010164581443051024,nan,0.649152295383626,0.649152295383626,0.0,0.0,0.0,nan,0,1,1.0,0.0,-0.0034160743100168276,-0.0001194373598710989,nan,-0.0034160743100168276,-0.0001194373598710989,nan,1.9266905612363172,1.9266905612363172,0.0,0.0,0.0,nan,0
1087,1.0499999999999952,0.45,,scientific,0,1,0.19870967741935483,1.0,0.0,-0.003415526790253149,-0.00012142598668732746,nan,-0.003415526790253149,-0.00012142598668732746,nan,1.9278573127161782,1.9278573127161782,0.0,0.0,0.0,nan,0,1,1.0,0.0,-0.0012916713269862637,0.0010164581443051024,nan,-0.0012916713269862637,0.0010164581443051024,nan,0.649152295383626,0.649152295383626,0.0,0.0,0.0,nan,0,1,1.0,0.0,-0.003415526790253149,-0.00012142598668732746,nan,-0.003415526790253149,-0.00012142598668732746,nan,1.9278573127161782,1.9278573127161782,0.0,0.0,0.0,nan,0
1088,1.050999999999995,0.45,,scientific,0,1,0.19870967741935483,1.0,0.0,-0.00341497015903687,-0.000123419093545691,nan,-0.00341497015903687,-0.000123419093545691,nan,1.929023905854861,1.929023905854861,0.0,0.0,0.0,nan,0,1,1.0,0.0,-0.0012916713269862637,0.0010164581443051024,nan,-0.0012916713269862637,0.0010164581443051024,nan,0.649152295383626,0.649152295383626,0.0,0.0,0.0,nan,0,1,1.0,0.0,-0.00341497015903687,-0.000123419093545691,nan,-0.00341497015903687,-0.000123419093545691,nan,1.929023905854861,1.929023905854861,0.0,0.0,0.0,nan,0
1089,1.051999999999995,0.45,,scientific,0,1,0.19870967741935483,1.0,0.0,-0.003414404417537229,-0.00012541668046256674,nan,-0.003414404417537229,-0.00012541668046256674,nan,1.9301903406705798,1.9301903406705798,0.0,0.0,0.0,nan,0,1,1.0,0.0,-0.0012916713269862637,0.0010164581443051024,nan,-0.0012916713269862637,0.0010164581443051024,nan,0.649152295383626,0.649152295383626,0.0,0.0,0.0,nan,0,1,1.0,0.0,-0.003414404417537229,-0.00012541668046256674,nan,-0.003414404417537229,-0.00012541668046256674,nan,1.9301903406705798,1.9301903406705798,0.0,0.0,0.0,nan,0
1090,1.0529999999999948,0.45,,scientific,0,1,0.19870967741935483,1.0,0.0,-0.0034138295678290305,-0.00012741874782475036,nan,-0.0034138295678290305,-0.00012741874782475036,nan,1.931356617212903,1.931356617212903,0.0,0.0,0.0,nan,0,1,1.0,0.0,-0.0012916713269862637,0.0010164581443051024,nan,-0.0012916713269862637,0.0010164581443051024,nan,0.649152295383626,0.649152295383626,0.0,0.0,0.0,nan,0,1,1.0,0.0,-0.0034138295678290305,-0.00012741874782475036,nan,-0.0034138295678290305,-0.00012741874782475036,nan,1.931356617212903,1.931356617212903,0.0,0.0,0.0,nan,0
1091,1.0539999999999947,0.45,,scientific,0,1,0.19870967741935483,1.0,0.0,-0.0037910015347477543,0.000927652935964629,nan,-0.0037910015347477543,0.000927652935964629,nan,1.9353002218949655,1.9353002218949655,0.0,0.0,0.0,nan,0,1,1.0,0.0,-0.001543708986287839,0.0017224510087143787,nan,-0.001543708986287839,0.0017224510087143787,nan,0.6502288331869446,0.6502288331869446,0.0,0.0,0.0,nan,0,1,1.0,0.0,-0.0037910015347477543,0.000927652935964629,nan,-0.0037910015347477543,0.000927652935964629,nan,1.9353002218949655,1.9353002218949655,0.0,0.0,0.0,nan,0
1092,1.0549999999999946,0.45,,scientific,0,1,0.19870967741935483,1.0,0.0,-0.0037905063980926365,0.0009259119823193705,nan,-0.0037905063980926365,0.0009259119823193705,nan,1.9364677290511043,1.9364677290511043,0.0,0.0,0.0,nan,0,1,1.0,0.0,-0.001543708986287839,0.0017224510087143787,nan,-0.001543708986287839,0.0017224510087143787,nan,0.6502288331869446,0.6502288331869446,0.0,0.0,0.0,nan,0,1,1.0,0.0,-0.0037905063980926365,0.0009259119823193705,nan,-0.0037905063980926365,0.0009259119823193705,nan,1.9364677290511043,1.9364677290511043,0.0,0.0,0.0,nan,0
1093,1.0559999999999945,0.45,,scientific,0,1,0.19870967741935483,1.0,0.0,-0.003790002185088685,0.0009241666034920687,nan,-0.003790002185088685,0.0009241666034920687,nan,1.9376350782447134,1.9376350782447134,0.0,0.0,0.0,nan,0,1,1.0,0.0,-0.001543708986287839,0.0017224510087143787,nan,-0.001543708986287839,0.0017224510087143787,nan,0.6502288331869446,0.6502288331869446,0.0,0.0,0.0,nan,0,1,1.0,0.0,-0.003790002185088685,0.0009241666034920687,nan,-0.003790002185088685,0.0009241666034920687,nan,1.9376350782447134,1.9376350782447134,0.0,0.0,0.0,nan,0
1094,1.0569999999999944,0.45,,scientific,0,1,0.19870967741935483,1.0,0.0,-0.0037894888986197807,0.0009224168002448959,nan,-0.0037894888986197807,0.0009224168002448959,nan,1.9388022694966396,1.9388022694966396,0.0,0.0,0.0,nan,0,1,1.0,0.0,-0.001543708986287839,0.0017224510087143787,nan,-0.001543708986287839,0.0017224510087143787,nan,0.6502288331869446,0.6502288331869446,0.0,0.0,0.0,nan,0,1,1.0,0.0,-0.0037894888986197807,0.0009224168002448959,nan,-0.0037894888986197807,0.0009224168002448959,nan,1.9388022694966396,1.9388022694966396,0.0,0.0,0.0,nan,0
1095,1.0579999999999943,0.45,,scientific,0,1,0.19870967741935483,1.0,0.0,-0.003788966541915162,0.0009206625734351981,nan,-0.003788966541915162,0.0009206625734351981,nan,1.9399693028398612,1.9399693028398612,0.0,0.0,0.0,nan,0,1,1.0,0.0,-0.001543708986287839,0.0017224510087143787,nan,-0.001543708986287839,0.0017224510087143787,nan,0.6502288331869446,0.6502288331869446,0.0,0.0,0.0,nan,0,1,1.0,0.0,-0.003788966541915162,0.0009206625734351981,nan,-0.003788966541915162,0.0009206625734351981,nan,1.9399693028398612,1.9399693028398612,0.0,0.0,0.0,nan,0
1096,1.0589999999999942,0.45,,scientific,0,1,0.19870967741935483,1.0,0.0,-0.0037884351179074903,0.0009189039241556667,nan,-0.0037884351179074903,0.0009189039241556667,nan,1.9411361783053809,1.9411361783053809,0.0,0.0,0.0,nan,0,1,1.0,0.0,-0.001543708986287839,0.0017224510087143787,nan,-0.001543708986287839,0.0017224510087143787,nan,0.6502288331869446,0.6502288331869446,0.0,0.0,0.0,nan,0,1,1.0,0.0,-0.0037884351179074903,0.0009189039241556667,nan,-0.0037884351179074903,0.0009189039241556667,nan,1.9411361783053809,1.9411361783053809,0.0,0.0,0.0,nan,0
1097,1.059999999999994,0.45,,scientific,0,1,0.19870967741935483,1.0,0.0,-0.003787894629709856,0.0009171408540575016,nan,-0.003787894629709856,0.0009171408540575016,nan,1.9423028959270847,1.9423028959270847,0.0,0.0,0.0,nan,0,1,1.0,0.0,-0.001543708986287839,0.0017224510087143787,nan,-0.001543708986287839,0.0017224510087143787,nan,0.6502288331869446,0.6502288331869446,0.0,0.0,0.0,nan,0,1,1.0,0.0,-0.003787894629709856,0.0009171408540575016,nan,-0.003787894629709856,0.0009171408540575016,nan,1.9423028959270847,1.9423028959270847,0.0,0.0,0.0,nan,0
1098,1.060999999999994,0.45,,scientific,0,1,0.19870967741935483,1.0,0.0,-0.0037873450808106465,0.0009153733647968087,nan,-0.0037873450808106465,0.0009153733647968087,nan,1.9434694557400332,1.9434694557400332,0.0,0.0,0.0,nan,0,1,1.0,0.0,-0.001543708986287839,0.0017224510087143787,nan,-0.001543708986287839,0.0017224510087143787,nan,0.6502288331869446,0.6502288331869446,0.0,0.0,0.0,nan,0,1,1.0,0.0,-0.0037873450808106465,0.0009153733647968087,nan,-0.0037873450808106465,0.0009153733647968087,nan,1.9434694557400332,1.9434694557400332,0.0,0.0,0.0,nan,0
1099,1.0619999999999938,0.45,,scientific,0,1,0.19870967741935483,1.0,0.0,-0.003786786475428445,0.0009136014574070672,nan,-0.003786786475428445,0.0009136014574070672,nan,1.9446358577591771,1.9446358577591771,0.0,0.0,0.0,nan,0,1,1.0,0.0,-0.001543708986287839,0.0017224510087143787,nan,-0.001543708986287839,0.0017224510087143787,nan,0.6502288331869446,0.6502288331869446,0.0,0.0,0.0,nan,0,1,1.0,0.0,-0.003786786475428445,0.0009136014574070672,nan,-0.003786786475428445,0.0009136014574070672,nan,1.9446358577591771,1.9446358577591771,0.0,0.0,0.0,nan,0
1100,1.0629999999999937,0.45,,scientific,0,1,0.19870967741935483,1.0,0.0,-0.003786218817223259,0.0009118251336953131,nan,-0.003786218817223259,0.0009118251336953131,nan,1.9458021020239709,1.9458021020239709,0.0,0.0,0.0,nan,0,1,1.0,0.0,-0.001543708986287839,0.0017224510087143787,nan,-0.001543708986287839,0.0017224510087143787,nan,0.6502288331869446,0.6502288331869446,0.0,0.0,0.0,nan,0,1,1.0,0.0,-0.003786218817223259,0.0009118251336953131,nan,-0.003786218817223259,0.0009118251336953131,nan,1.9458021020239709,1.9458021020239709,0.0,0.0,0.0,nan,0
1101,1.0639999999999936,0.45,,scientific,0,1,0.19870967741935483,1.0,0.0,-0.00378564211015424,0.000910044395362781,nan,-0.00378564211015424,0.000910044395362781,nan,1.9469681885663082,1.9469681885663082,0.0,0.0,0.0,nan,0,1,1.0,0.0,-0.001543708986287839,0.0017224510087143787,nan,-0.001543708986287839,0.0017224510087143787,nan,0.6502288331869446,0.6502288331869446,0.0,0.0,0.0,nan,0,1,1.0,0.0,-0.00378564211015424,0.000910044395362781,nan,-0.00378564211015424,0.000910044395362781,nan,1.9469681885663082,1.9469681885663082,0.0,0.0,0.0,nan,0
1102,1.0649999999999935,0.45,,scientific,0,1,0.19870967741935483,1.0,0.0,-0.003785056358637369,0.0009082592438961635,nan,-0.003785056358637369,0.0009082592438961635,nan,1.9481341174097127,1.9481341174097127,0.0,0.0,0.0,nan,0,1,1.0,0.0,-0.001543708986287839,0.0017224510087143787,nan,-0.001543708986287839,0.0017224510087143787,nan,0.6502288331869446,0.6502288331869446,0.0,0.0,0.0,nan,0,1,1.0,0.0,-0.003785056358637369,0.0009082592438961635,nan,-0.003785056358637369,0.0009082592438961635,nan,1.9481341174097127,1.9481341174097127,0.0,0.0,0.0,nan,0
1103,1.0659999999999934,0.45,,scientific,0,1,0.19870967741935483,1.0,0.0,-0.0037844615678727257,0.000906469681532829,nan,-0.0037844615678727257,0.000906469681532829,nan,1.9492998885878667,1.9492998885878667,0.0,0.0,0.0,nan,0,1,1.0,0.0,-0.001543708986287839,0.0017224510087143787,nan,-0.001543708986287839,0.0017224510087143787,nan,0.6502288331869446,0.6502288331869446,0.0,0.0,0.0,nan,0,1,1.0,0.0,-0.0037844615678727257,0.000906469681532829,nan,-0.0037844615678727257,0.000906469681532829,nan,1.9492998885878667,1.9492998885878667,0.0,0.0,0.0,nan,0
1104,1.0669999999999933,0.45,,scientific,0,1,0.19870967741935483,1.0,0.0,-0.003783857742878928,0.000904675710006736,nan,-0.003783857742878928,0.000904675710006736,nan,1.9504655021390036,1.9504655021390036,0.0,0.0,0.0,nan,0,1,1.0,0.0,-0.001543708986287839,0.0017224510087143787,nan,-0.001543708986287839,0.0017224510087143787,nan,0.6502288331869446,0.6502288331869446,0.0,0.0,0.0,nan,0,1,1.0,0.0,-0.003783857742878928,0.000904675710006736,nan,-0.003783857742878928,0.000904675710006736,nan,1.9504655021390036,1.9504655021390036,0.0,0.0,0.0,nan,0
1105,1.0679999999999932,0.45,,scientific,0,1,0.19870967741935483,1.0,0.0,-0.003783244888713689,0.0009028773316061311,nan,-0.003783244888713689,0.0009028773316061311,nan,1.951630958080436,1.951630958080436,0.0,0.0,0.0,nan,0,1,1.0,0.0,-0.001543708986287839,0.0017224510087143787,nan,-0.001543708986287839,0.0017224510087143787,nan,0.6502288331869446,0.6502288331869446,0.0,0.0,0.0,nan,0,1,1.0,0.0,-0.003783244888713689,0.0009028773316061311,nan,-0.003783244888713689,0.0009028773316061311,nan,1.951630958080436,1.951630958080436,0.0,0.0,0.0,nan,0
1106,1.068999999999993,0.45,,scientific,0,1,0.19870967741935483,1.0,0.0,-0.0037826230110630937,0.00090107454867036,nan,-0.0037826230110630937,0.00090107454867036,nan,1.9527962564547856,1.9527962564547856,0.0,0.0,0.0,nan,0,1,1.0,0.0,-0.001543708986287839,0.0017224510087143787,nan,-0.001543708986287839,0.0017224510087143787,nan,0.6502288331869446,0.6502288331869446,0.0,0.0,0.0,nan,0,1,1.0,0.0,-0.0037826230110630937,0.00090107454867036,nan,-0.0037826230110630937,0.00090107454867036,nan,1.9527962564547856,1.9527962564547856,0.0,0.0,0.0,nan,0
1107,1.069999999999993,0.45,,scientific,0,1,0.19870967741935483,1.0,0.0,-0.003781992115827604,0.0008992673630298161,nan,-0.003781992115827604,0.0008992673630298161,nan,1.9539613973021002,1.9539613973021002,0.0,0.0,0.0,nan,0,1,1.0,0.0,-0.001543708986287839,0.0017224510087143787,nan,-0.001543708986287839,0.0017224510087143787,nan,0.6502288331869446,0.6502288331869446,0.0,0.0,0.0,nan,0,1,1.0,0.0,-0.003781992115827604,0.0008992673630298161,nan,-0.003781992115827604,0.0008992673630298161,nan,1.9539613973021002,1.9539613973021002,0.0,0.0,0.0,nan,0
1108,1.0709999999999928,0.45,,scientific,0,1,0.19870967741935483,1.0,0.0,-0.0037813522083776693,0.0008974557769374034,nan,-0.0037813522083776693,0.0008974557769374034,nan,1.9551263806391277,1.9551263806391277,0.0,0.0,0.0,nan,0,1,1.0,0.0,-0.001543708986287839,0.0017224510087143787,nan,-0.001543708986287839,0.0017224510087143787,nan,0.6502288331869446,0.6502288331869446,0.0,0.0,0.0,nan,0,1,1.0,0.0,-0.0037813522083776693,0.0008974557769374034,nan,-0.0037813522083776693,0.0008974557769374034,nan,1.9551263806391277,1.9551263806391277,0.0,0.0,0.0,nan,0
1109,1.0719999999999927,0.45,,scientific,0,1,0.19870967741935483,1.0,0.0,-0.00378070329511961,0.0008956397934987375,nan,-0.00378070329511961,0.0008956397934987375,nan,1.956291206484374,1.956291206484374,0.0,0.0,0.0,nan,0,1,1.0,0.0,-0.001543708986287839,0.0017224510087143787,nan,-0.001543708986287839,0.0017224510087143787,nan,0.6502288331869446,0.6502288331869446,0.0,0.0,0.0,nan,0,1,1.0,0.0,-0.00378070329511961,0.0008956397934987375,nan,-0.00378070329511961,0.0008956397934987375,nan,1.956291206484374,1.956291206484374,0.0,0.0,0.0,nan,0
1110,1.0729999999999926,0.45,,scientific,0,1,0.19870967741935483,1.0,0.0,-0.003780045381365047,0.0008938194162692981,nan,-0.003780045381365047,0.0008938194162692981,nan,1.9574558748814135,1.9574558748814135,0.0,0.0,0.0,nan,0,1,1.0,0.0,-0.001543708986287839,0.0017224510087143787,nan,-0.001543708986287839,0.0017224510087143787,nan,0.6502288331869446,0.6502288331869446,0.0,0.0,0.0,nan,0,1,1.0,0.0,-0.003780045381365047,0.0008938194162692981,nan,-0.003780045381365047,0.0008938194162692981,nan,1.9574558748814135,1.9574558748814135,0.0,0.0,0.0,nan,0
1111,1.0739999999999925,0.45,,scientific,0,1,0.19870967741935483,1.0,0.0,-0.0037793784736100803,0.0008919946475671448,nan,-0.0037793784736100803,0.0008919946475671448,nan,1.9586203858776203,1.9586203858776203,0.0,0.0,0.0,nan,0,1,1.0,0.0,-0.001543708986287839,0.0017224510087143787,nan,-0.001543708986287839,0.0017224510087143787,nan,0.6502288331869446,0.6502288331869446,0.0,0.0,0.0,nan,0,1,1.0,0.0,-0.0037793784736100803,0.0008919946475671448,nan,-0.0037793784736100803,0.0008919946475671448,nan,1.9586203858776203,1.9586203858776203,0.0,0.0,0.0,nan,0
1112,1.0749999999999924,0.45,,scientific,0,1,0.19870967741935483,1.0,0.0,-0.0037787025785183926,0.0008901654903578998,nan,-0.0037787025785183926,0.0008901654903578998,nan,1.9597847394929926,1.9597847394929926,0.0,0.0,0.0,nan,0,1,1.0,0.0,-0.001543708986287839,0.0017224510087143787,nan,-0.001543708986287839,0.0017224510087143787,nan,0.6502288331869446,0.6502288331869446,0.0,0.0,0.0,nan,0,1,1.0,0.0,-0.0037787025785183926,0.0008901654903578998,nan,-0.0037787025785183926,0.0008901654903578998,nan,1.9597847394929926,1.9597847394929926,0.0,0.0,0.0,nan,0
1113,1.0759999999999923,0.45,,scientific,0,1,0.19870967741935483,1.0,0.0,-0.0037780177028383425,0.0008883319479868916,nan,-0.0037780177028383425,0.0008883319479868916,nan,1.9609489357666448,1.9609489357666448,0.0,0.0,0.0,nan,0,1,1.0,0.0,-0.001543708986287839,0.0017224510087143787,nan,-0.001543708986287839,0.0017224510087143787,nan,0.6502288331869446,0.6502288331869446,0.0,0.0,0.0,nan,0,1,1.0,0.0,-0.0037780177028383425,0.0008883319479868916,nan,-0.0037780177028383425,0.0008883319479868916,nan,1.9609489357666448,1.9609489357666448,0.0,0.0,0.0,nan,0
1114,1.0769999999999922,0.45,,scientific,0,1,0.19870967741935483,1.0,0.0,-0.003777323852998954,0.0008864940232338926,nan,-0.003777323852998954,0.0008864940232338926,nan,1.9621129747064403,1.9621129747064403,0.0,0.0,0.0,nan,0,1,1.0,0.0,-0.001543708986287839,0.0017224510087143787,nan,-0.001543708986287839,0.0017224510087143787,nan,0.6502288331869446,0.6502288331869446,0.0,0.0,0.0,nan,0,1,1.0,0.0,-0.003777323852998954,0.0008864940232338926,nan,-0.003777323852998954,0.0008864940232338926,nan,1.9621129747064403,1.9621129747064403,0.0,0.0,0.0,nan,0
1115,1.077999999999992,0.45,,scientific,0,1,0.19870967741935483,1.0,0.0,-0.003776621036807186,0.0008846517188622933,nan,-0.003776621036807186,0.0008846517188622933,nan,1.9632768563654963,1.9632768563654963,0.0,0.0,0.0,nan,0,1,1.0,0.0,-0.001543708986287839,0.0017224510087143787,nan,-0.001543708986287839,0.0017224510087143787,nan,0.6502288331869446,0.6502288331869446,0.0,0.0,0.0,nan,0,1,1.0,0.0,-0.003776621036807186,0.0008846517188622933,nan,-0.003776621036807186,0.0008846517188622933,nan,1.9632768563654963,1.9632768563654963,0.0,0.0,0.0,nan,0
1116,1.078999999999992,0.45,,scientific,0,1,0.19870967741935483,1.0,0.0,-0.003775909262292455,0.000882805038794898,nan,-0.003775909262292455,0.000882805038794898,nan,1.964440580780864,1.964440580780864,0.0,0.0,0.0,nan,0,1,1.0,0.0,-0.001543708986287839,0.0017224510087143787,nan,-0.001543708986287839,0.0017224510087143787,nan,0.6502288331869446,0.6502288331869446,0.0,0.0,0.0,nan,0,1,1.0,0.0,-0.003775909262292455,0.000882805038794898,nan,-0.003775909262292455,0.000882805038794898,nan,1.964440580780864,1.964440580780864,0.0,0.0,0.0,nan,0
1117,1.0799999999999919,0.45,,scientific,0,1,0.19870967741935483,1.0,0.0,-0.003775188537343043,0.0008809539866970545,nan,-0.003775188537343043,0.0008809539866970545,nan,1.9656041479782305,1.9656041479782305,0.0,0.0,0.0,nan,0,1,1.0,0.0,-0.001543708986287839,0.0017224510087143787,nan,-0.001543708986287839,0.0017224510087143787,nan,0.6502288331869446,0.6502288331869446,0.0,0.0,0.0,nan,0,1,1.0,0.0,-0.003775188537343043,0.0008809539866970545,nan,-0.003775188537343043,0.0008809539866970545,nan,1.9656041479782305,1.9656041479782305,0.0,0.0,0.0,nan,0
1118,1.0809999999999917,0.45,,scientific,0,1,0.19870967741935483,1.0,0.0,-0.003774458869519609,0.0008790985667266544,nan,-0.003774458869519609,0.0008790985667266544,nan,1.9667675579848964,1.9667675579848964,0.0,0.0,0.0,nan,0,1,1.0,0.0,-0.001543708986287839,0.0017224510087143787,nan,-0.001543708986287839,0.0017224510087143787,nan,0.6502288331869446,0.6502288331869446,0.0,0.0,0.0,nan,0,1,1.0,0.0,-0.003774458869519609,0.0008790985667266544,nan,-0.003774458869519609,0.0008790985667266544,nan,1.9667675579848964,1.9667675579848964,0.0,0.0,0.0,nan,0
1119,1.0819999999999916,0.45,,scientific,0,1,0.19870967741935483,1.0,0.0,-0.003773720266653491,0.000877238782215438,nan,-0.003773720266653491,0.000877238782215438,nan,1.9679308108201359,1.9679308108201359,0.0,0.0,0.0,nan,0,1,1.0,0.0,-0.001543708986287839,0.0017224510087143787,nan,-0.001543708986287839,0.0017224510087143787,nan,0.6502288331869446,0.6502288331869446,0.0,0.0,0.0,nan,0,1,1.0,0.0,-0.003773720266653491,0.000877238782215438,nan,-0.003773720266653491,0.000877238782215438,nan,1.9679308108201359,1.9679308108201359,0.0,0.0,0.0,nan,0
1120,1.0829999999999915,0.45,,scientific,0,1,0.19870967741935483,1.0,0.0,-0.0037729727375432646,0.0008753746365735605,nan,-0.0037729727375432646,0.0008753746365735605,nan,1.9690939065294026,1.9690939065294026,0.0,0.0,0.0,nan,0,1,1.0,0.0,-0.001543708986287839,0.0017224510087143787,nan,-0.001543708986287839,0.0017224510087143787,nan,0.6502288331869446,0.6502288331869446,0.0,0.0,0.0,nan,0,1,1.0,0.0,-0.0037729727375432646,0.0008753746365735605,nan,-0.0037729727375432646,0.0008753746365735605,nan,1.9690939065294026,1.9690939065294026,0.0,0.0,0.0,nan,0
1121,1.0839999999999914,0.45,,scientific,0,1,0.19870967741935483,1.0,0.0,-0.003772216290402482,0.0008735061337287449,nan,-0.003772216290402482,0.0008735061337287449,nan,1.9702568451370066,1.9702568451370066,0.0,0.0,0.0,nan,0,1,1.0,0.0,-0.001543708986287839,0.0017224510087143787,nan,-0.001543708986287839,0.0017224510087143787,nan,0.6502288331869446,0.6502288331869446,0.0,0.0,0.0,nan,0,1,1.0,0.0,-0.003772216290402482,0.0008735061337287449,nan,-0.003772216290402482,0.0008735061337287449,nan,1.9702568451370066,1.9702568451370066,0.0,0.0,0.0,nan,0
1122,1.0849999999999913,0.45,,scientific,0,1,0.19870967741935483,1.0,0.0,-0.003771450934109806,0.000871633278459128,nan,-0.003771450934109806,0.000871633278459128,nan,1.971419626679944,1.971419626679944,0.0,0.0,0.0,nan,0,1,1.0,0.0,-0.001543708986287839,0.0017224510087143787,nan,-0.001543708986287839,0.0017224510087143787,nan,0.6502288331869446,0.6502288331869446,0.0,0.0,0.0,nan,0,1,1.0,0.0,-0.003771450934109806,0.000871633278459128,nan,-0.003771450934109806,0.000871633278459128,nan,1.971419626679944,1.971419626679944,0.0,0.0,0.0,nan,0
1123,1.0859999999999912,0.45,,scientific,0,1,0.19870967741935483,1.0,0.0,-0.003770676678161658,0.0008697560752535166,nan,-0.003770676678161658,0.0008697560752535166,nan,1.9725822511947841,1.9725822511947841,0.0,0.0,0.0,nan,0,1,1.0,0.0,-0.001543708986287839,0.0017224510087143787,nan,-0.001543708986287839,0.0017224510087143787,nan,0.6502288331869446,0.6502288331869446,0.0,0.0,0.0,nan,0,1,1.0,0.0,-0.003770676678161658,0.0008697560752535166,nan,-0.003770676678161658,0.0008697560752535166,nan,1.9725822511947841,1.9725822511947841,0.0,0.0,0.0,nan,0
1124,1.086999999999991,0.45,,scientific,0,1,0.19870967741935483,1.0,0.0,-0.003769893531838843,0.000867874528531186,nan,-0.003769893531838843,0.000867874528531186,nan,1.9737447187125088,1.9737447187125088,0.0,0.0,0.0,nan,0,1,1.0,0.0,-0.001543708986287839,0.0017224510087143787,nan,-0.001543708986287839,0.0017224510087143787,nan,0.6502288331869446,0.6502288331869446,0.0,0.0,0.0,nan,0,1,1.0,0.0,-0.003769893531838843,0.000867874528531186,nan,-0.003769893531838843,0.000867874528531186,nan,1.9737447187125088,1.9737447187125088,0.0,0.0,0.0,nan,0
1125,1.087999999999991,0.45,,scientific,0,1,0.19870967741935483,1.0,0.0,-0.0037691015044582173,0.000865988642913162,nan,-0.0037691015044582173,0.000865988642913162,nan,1.9749070292620752,1.9749070292620752,0.0,0.0,0.0,nan,0,1,1.0,0.0,-0.001543708986287839,0.0017224510087143787,nan,-0.001543708986287839,0.0017224510087143787,nan,0.6502288331869446,0.6502288331869446,0.0,0.0,0.0,nan,0,1,1.0,0.0,-0.0037691015044582173,0.000865988642913162,nan,-0.0037691015044582173,0.000865988642913162,nan,1.9749070292620752,1.9749070292620752,0.0,0.0,0.0,nan,0
1126,1.0889999999999909,0.45,,scientific,0,1,0.19870967741935483,1.0,0.0,-0.0037683006052155344,0.0008640984229823206,nan,-0.0037683006052155344,0.0008640984229823206,nan,1.9760691828625605,1.9760691828625605,0.0,0.0,0.0,nan,0,1,1.0,0.0,-0.001543708986287839,0.0017224510087143787,nan,-0.001543708986287839,0.0017224510087143787,nan,0.6502288331869446,0.6502288331869446,0.0,0.0,0.0,nan,0,1,1.0,0.0,-0.0037683006052155344,0.0008640984229823206,nan,-0.0037683006052155344,0.0008640984229823206,nan,1.9760691828625605,1.9760691828625605,0.0,0.0,0.0,nan,0
1127,1.0899999999999908,0.45,,scientific,0,1,0.1993548387096774,1.0,0.0,-0.0037674908433766125,0.0008622038740110618,nan,-0.0037674908433766125,0.0008622038740110618,nan,1.9772311795587956,1.9772311795587956,0.0,0.0,0.0,nan,0,1,1.0,0.0,-0.001543708986287839,0.0017224510087143787,nan,-0.001543708986287839,0.0017224510087143787,nan,0.6502288331869446,0.6502288331869446,0.0,0.0,0.0,nan,0,1,1.0,0.0,-0.0037674908433766125,0.0008622038740110618,nan,-0.0037674908433766125,0.0008622038740110618,nan,1.9772311795587956,1.9772311795587956,0.0,0.0,0.0,nan,0
1128,1.0909999999999906,0.45,,scientific,0,1,0.1993548387096774,1.0,0.0,-0.0037666722289289244,0.0008603050010573828,nan,-0.0037666722289289244,0.0008603050010573828,nan,1.978393019377898,1.978393019377898,0.0,0.0,0.0,nan,0,1,1.0,0.0,-0.001543708986287839,0.0017224510087143787,nan,-0.001543708986287839,0.0017224510087143787,nan,0.6502288331869446,0.6502288331869446,0.0,0.0,0.0,nan,0,1,1.0,0.0,-0.0037666722289289244,0.0008603050010573828,nan,-0.0037666722289289244,0.0008603050010573828,nan,1.978393019377898,1.978393019377898,0.0,0.0,0.0,nan,0
1129,1.0919999999999905,0.45,,scientific,0,1,0.1993548387096774,1.0,0.0,-0.003765844771814555,0.0008584018086043557,nan,-0.003765844771814555,0.0008584018086043557,nan,1.9795547023400144,1.9795547023400144,0.0,0.0,0.0,nan,0,1,1.0,0.0,-0.001543708986287839,0.0017224510087143787,nan,-0.001543708986287839,0.0017224510087143787,nan,0.6502288331869446,0.6502288331869446,0.0,0.0,0.0,nan,0,1,1.0,0.0,-0.003765844771814555,0.0008584018086043557,nan,-0.003765844771814555,0.0008584018086043557,nan,1.9795547023400144,1.9795547023400144,0.0,0.0,0.0,nan,0
1130,1.0929999999999904,0.45,,scientific,0,1,0.1993548387096774,1.0,0.0,-0.0037650084821948377,0.0008564943019707756,nan,-0.0037650084821948377,0.0008564943019707756,nan,1.980716228463858,1.980716228463858,0.0,0.0,0.0,nan,0,1,1.0,0.0,-0.001543708986287839,0.0017224510087143787,nan,-0.001543708986287839,0.0017224510087143787,nan,0.6502288331869446,0.6502288331869446,0.0,0.0,0.0,nan,0,1,1.0,0.0,-0.0037650084821948377,0.0008564943019707756,nan,-0.0037650084821948377,0.0008564943019707756,nan,1.980716228463858,1.980716228463858,0.0,0.0,0.0,nan,0
1131,1.0939999999999903,0.45,,scientific,0,1,0.1993548387096774,1.0,0.0,-0.003764163372147496,0.0008545824868413407,nan,-0.003764163372147496,0.0008545824868413407,nan,1.981877597814636,1.981877597814636,0.0,0.0,0.0,nan,0,1,1.0,0.0,-0.001543708986287839,0.0017224510087143787,nan,-0.001543708986287839,0.0017224510087143787,nan,0.6502288331869446,0.6502288331869446,0.0,0.0,0.0,nan,0,1,1.0,0.0,-0.003764163372147496,0.0008545824868413407,nan,-0.003764163372147496,0.0008545824868413407,nan,1.981877597814636,1.981877597814636,0.0,0.0,0.0,nan,0
1132,1.0949999999999902,0.45,,scientific,0,1,0.1993548387096774,1.0,0.0,-0.003763309452492583,0.0008526663684288974,nan,-0.003763309452492583,0.0008526663684288974,nan,1.9830388104156524,1.9830388104156524,0.0,0.0,0.0,nan,0,1,1.0,0.0,-0.001543708986287839,0.0017224510087143787,nan,-0.001543708986287839,0.0017224510087143787,nan,0.6502288331869446,0.6502288331869446,0.0,0.0,0.0,nan,0,1,1.0,0.0,-0.003763309452492583,0.0008526663684288974,nan,-0.003763309452492583,0.0008526663684288974,nan,1.9830388104156524,1.9830388104156524,0.0,0.0,0.0,nan,0
1133,1.09599999999999,0.45,,scientific,0,1,0.1993548387096774,1.0,0.0,-0.003762446733605571,0.0008507459525297908,nan,-0.003762446733605571,0.0008507459525297908,nan,1.9841998662886795,1.9841998662886795,0.0,0.0,0.0,nan,0,1,1.0,0.0,-0.001543708986287839,0.0017224510087143787,nan,-0.001543708986287839,0.0017224510087143787,nan,0.6502288331869446,0.6502288331869446,0.0,0.0,0.0,nan,0,1,1.0,0.0,-0.003762446733605571,0.0008507459525297908,nan,-0.003762446733605571,0.0008507459525297908,nan,1.9841998662886795,1.9841998662886795,0.0,0.0,0.0,nan,0
1134,1.09699999999999,0.45,,scientific,0,1,0.1993548387096774,1.0,0.0,-0.0037615752272565158,0.0008488212446001835,nan,-0.0037615752272565158,0.0008488212446001835,nan,1.9853607654700074,1.9853607654700074,0.0,0.0,0.0,nan,0,1,1.0,0.0,-0.001543708986287839,0.0017224510087143787,nan,-0.001543708986287839,0.0017224510087143787,nan,0.6502288331869446,0.6502288331869446,0.0,0.0,0.0,nan,0,1,1.0,0.0,-0.0037615752272565158,0.0008488212446001835,nan,-0.0037615752272565158,0.0008488212446001835,nan,1.9853607654700074,1.9853607654700074,0.0,0.0,0.0,nan,0
1135,1.0979999999999899,0.45,,scientific,0,1,0.1993548387096774,1.0,0.0,-0.003760694945145511,0.0008468922510330655,nan,-0.003760694945145511,0.0008468922510330655,nan,1.986521507999919,1.986521507999919,0.0,0.0,0.0,nan,0,1,1.0,0.0,-0.001543708986287839,0.0017224510087143787,nan,-0.001543708986287839,0.0017224510087143787,nan,0.6502288331869446,0.6502288331869446,0.0,0.0,0.0,nan,0,1,1.0,0.0,-0.003760694945145511,0.0008468922510330655,nan,-0.003760694945145511,0.0008468922510330655,nan,1.986521507999919,1.986521507999919,0.0,0.0,0.0,nan,0
1136,1.0989999999999898,0.45,,scientific,0,1,0.1993548387096774,1.0,0.0,-0.003759805898836646,0.0008449589777930914,nan,-0.003759805898836646,0.0008449589777930914,nan,1.9876820939102877,1.9876820939102877,0.0,0.0,0.0,nan,0,1,1.0,0.0,-0.001543708986287839,0.0017224510087143787,nan,-0.001543708986287839,0.0017224510087143787,nan,0.6502288331869446,0.6502288331869446,0.0,0.0,0.0,nan,0,1,1.0,0.0,-0.003759805898836646,0.0008449589777930914,nan,-0.003759805898836646,0.0008449589777930914,nan,1.9876820939102877,1.9876820939102877,0.0,0.0,0.0,nan,0
1137,1.0999999999999897,0.45,,scientific,0,1,0.1993548387096774,1.0,0.0,-0.0037589080998992447,0.0008430214305471263,nan,-0.0037589080998992447,0.0008430214305471263,nan,1.9888425232244322,1.9888425232244322,0.0,0.0,0.0,nan,0,1,1.0,0.0,-0.001543708986287839,0.0017224510087143787,nan,-0.001543708986287839,0.0017224510087143787,nan,0.6502288331869446,0.6502288331869446,0.0,0.0,0.0,nan,0,1,1.0,0.0,-0.0037589080998992447,0.0008430214305471263,nan,-0.0037589080998992447,0.0008430214305471263,nan,1.9888425232244322,1.9888425232244322,0.0,0.0,0.0,nan,0
1138,1.1009999999999895,0.45,,scientific,0,1,0.1993548387096774,1.0,0.0,-0.003758001560336452,0.0008410796152930937,nan,-0.003758001560336452,0.0008410796152930937,nan,1.9900027959698638,1.9900027959698638,0.0,0.0,0.0,nan,0,1,1.0,0.0,-0.001543708986287839,0.0017224510087143787,nan,-0.001543708986287839,0.0017224510087143787,nan,0.6502288331869446,0.6502288331869446,0.0,0.0,0.0,nan,0,1,1.0,0.0,-0.003758001560336452,0.0008410796152930937,nan,-0.003758001560336452,0.0008410796152930937,nan,1.9900027959698638,1.9900027959698638,0.0,0.0,0.0,nan,0
1139,1.1019999999999894,0.45,,scientific,0,1,0.1993548387096774,1.0,0.0,-0.003757086292706995,0.0008391335382156531,nan,-0.003757086292706995,0.0008391335382156531,nan,1.9911629121732122,1.9911629121732122,0.0,0.0,0.0,nan,0,1,1.0,0.0,-0.001543708986287839,0.0017224510087143787,nan,-0.001543708986287839,0.0017224510087143787,nan,0.6502288331869446,0.6502288331869446,0.0,0.0,0.0,nan,0,1,1.0,0.0,-0.003757086292706995,0.0008391335382156531,nan,-0.003757086292706995,0.0008391335382156531,nan,1.9911629121732122,1.9911629121732122,0.0,0.0,0.0,nan,0
1140,1.1029999999999893,0.45,,scientific,0,1,0.1993548387096774,1.0,0.0,-0.0037561623093920115,0.0008371832060592338,nan,-0.0037561623093920115,0.0008371832060592338,nan,1.9923228718675454,1.9923228718675454,0.0,0.0,0.0,nan,0,1,1.0,0.0,-0.001543708986287839,0.0017224510087143787,nan,-0.001543708986287839,0.0017224510087143787,nan,0.6502288331869446,0.6502288331869446,0.0,0.0,0.0,nan,0,1,1.0,0.0,-0.0037561623093920115,0.0008371832060592338,nan,-0.0037561623093920115,0.0008371832060592338,nan,1.9923228718675454,1.9923228718675454,0.0,0.0,0.0,nan,0
1141,1.1039999999999892,0.45,,scientific,0,1,0.1993548387096774,1.0,0.0,-0.003755229622308358,0.0008352286258638276,nan,-0.003755229622308358,0.0008352286258638276,nan,1.993482675094365,1.993482675094365,0.0,0.0,0.0,nan,0,1,1.0,0.0,-0.001543708986287839,0.0017224510087143787,nan,-0.001543708986287839,0.0017224510087143787,nan,0.6502288331869446,0.6502288331869446,0.0,0.0,0.0,nan,0,1,1.0,0.0,-0.003755229622308358,0.0008352286258638276,nan,-0.003755229622308358,0.0008352286258638276,nan,1.993482675094365,1.993482675094365,0.0,0.0,0.0,nan,0
1142,1.104999999999989,0.45,,scientific,0,1,0.1993548387096774,1.0,0.0,-0.0037542882437884306,0.0008332698036912808,nan,-0.0037542882437884306,0.0008332698036912808,nan,1.9946423218690206,1.9946423218690206,0.0,0.0,0.0,nan,0,1,1.0,0.0,-0.001543708986287839,0.0017224510087143787,nan,-0.001543708986287839,0.0017224510087143787,nan,0.6502288331869446,0.6502288331869446,0.0,0.0,0.0,nan,0,1,1.0,0.0,-0.0037542882437884306,0.0008332698036912808,nan,-0.0037542882437884306,0.0008332698036912808,nan,1.9946423218690206,1.9946423218690206,0.0,0.0,0.0,nan,0
1143,1.105999999999989,0.45,,scientific,0,1,0.1993548387096774,1.0,0.0,-0.0037533381882963596,0.0008313067465615795,nan,-0.0037533381882963596,0.0008313067465615795,nan,1.9958018122292975,1.9958018122292975,0.0,0.0,0.0,nan,0,1,1.0,0.0,-0.001543708986287839,0.0017224510087143787,nan,-0.001543708986287839,0.0017224510087143787,nan,0.6502288331869446,0.6502288331869446,0.0,0.0,0.0,nan,0,1,1.0,0.0,-0.0037533381882963596,0.0008313067465615795,nan,-0.0037533381882963596,0.0008313067465615795,nan,1.9958018122292975,1.9958018122292975,0.0,0.0,0.0,nan,0
1144,1.1069999999999889,0.45,,scientific,0,1,0.1993548387096774,1.0,0.0,-0.0037523794693234786,0.0008293394613371444,nan,-0.0037523794693234786,0.0008293394613371444,nan,1.996961146207489,1.996961146207489,0.0,0.0,0.0,nan,0,1,1.0,0.0,-0.001543708986287839,0.0017224510087143787,nan,-0.001543708986287839,0.0017224510087143787,nan,0.6502288331869446,0.6502288331869446,0.0,0.0,0.0,nan,0,1,1.0,0.0,-0.0037523794693234786,0.0008293394613371444,nan,-0.0037523794693234786,0.0008293394613371444,nan,1.996961146207489,1.996961146207489,0.0,0.0,0.0,nan,0
1145,1.1079999999999888,0.45,,scientific,0,1,0.1993548387096774,1.0,0.0,-0.0037514120997989304,0.0008273679545747703,nan,-0.0037514120997989304,0.0008273679545747703,nan,1.9981203238252978,1.9981203238252978,0.0,0.0,0.0,nan,0,1,1.0,0.0,-0.001543708986287839,0.0017224510087143787,nan,-0.001543708986287839,0.0017224510087143787,nan,0.6502288331869446,0.6502288331869446,0.0,0.0,0.0,nan,0,1,1.0,0.0,-0.0037514120997989304,0.0008273679545747703,nan,-0.0037514120997989304,0.0008273679545747703,nan,1.9981203238252978,1.9981203238252978,0.0,0.0,0.0,nan,0
1146,1.1089999999999887,0.45,,scientific,0,1,0.1993548387096774,1.0,0.0,-0.0037504360942468193,0.0008253922332900853,nan,-0.0037504360942468193,0.0008253922332900853,nan,1.9992793451285422,1.9992793451285422,0.0,0.0,0.0,nan,0,1,1.0,0.0,-0.001543708986287839,0.0017224510087143787,nan,-0.001543708986287839,0.0017224510087143787,nan,0.6502288331869446,0.6502288331869446,0.0,0.0,0.0,nan,0,1,1.0,0.0,-0.0037504360942468193,0.0008253922332900853,nan,-0.0037504360942468193,0.0008253922332900853,nan,1.9992793451285422,1.9992793451285422,0.0,0.0,0.0,nan,0
1147,1.1099999999999886,0.45,,scientific,0,1,0.1993548387096774,1.0,0.0,-0.0037494514663811143,0.000823412304578401,nan,-0.0037494514663811143,0.000823412304578401,nan,2.0004382101363407,2.0004382101363407,0.0,0.0,0.0,nan,0,1,1.0,0.0,-0.001543708986287839,0.0017224510087143787,nan,-0.001543708986287839,0.0017224510087143787,nan,0.6502288331869446,0.6502288331869446,0.0,0.0,0.0,nan,0,1,1.0,0.0,-0.0037494514663811143,0.000823412304578401,nan,-0.0037494514663811143,0.000823412304578401,nan,2.0004382101363407,2.0004382101363407,0.0,0.0,0.0,nan,0
1148,1.1109999999999884,0.45,,scientific,0,1,0.1993548387096774,1.0,0.0,-0.003748458230356552,0.0008214281756436391,nan,-0.003748458230356552,0.0008214281756436391,nan,2.0015969188845375,2.0015969188845375,0.0,0.0,0.0,nan,0,1,1.0,0.0,-0.001543708986287839,0.0017224510087143787,nan,-0.001543708986287839,0.0017224510087143787,nan,0.6502288331869446,0.6502288331869446,0.0,0.0,0.0,nan,0,1,1.0,0.0,-0.003748458230356552,0.0008214281756436391,nan,-0.003748458230356552,0.0008214281756436391,nan,2.0015969188845375,2.0015969188845375,0.0,0.0,0.0,nan,0
1149,1.1119999999999883,0.45,,scientific,0,1,0.1993548387096774,1.0,0.0,-0.003747456400100144,0.0008194398536288361,nan,-0.003747456400100144,0.0008194398536288361,nan,2.0027554714079105,2.0027554714079105,0.0,0.0,0.0,nan,0,1,1.0,0.0,-0.001543708986287839,0.0017224510087143787,nan,-0.001543708986287839,0.0017224510087143787,nan,0.6502288331869446,0.6502288331869446,0.0,0.0,0.0,nan,0,1,1.0,0.0,-0.003747456400100144,0.0008194398536288361,nan,-0.003747456400100144,0.0008194398536288361,nan,2.0027554714079105,2.0027554714079105,0.0,0.0,0.0,nan,0
1150,1.1129999999999882,0.45,,scientific,0,1,0.1993548387096774,1.0,0.0,-0.0038053055749625057,-0.0003434686861975178,nan,-0.0038053055749625057,-0.0003434686861975178,nan,2.006809004768942,2.006809004768942,0.0,0.0,0.0,nan,0,1,1.0,0.0,-0.0015814797101993917,0.0009642469361189842,nan,-0.0015814797101993917,0.0009642469361189842,nan,0.6513053709870201,0.6513053709870201,0.0,0.0,0.0,nan,0,1,1.0,0.0,-0.0038053055749625057,-0.0003434686861975178,nan,-0.0038053055749625057,-0.0003434686861975178,nan,2.006809004768942,2.006809004768942,0.0,0.0,0.0,nan,0
1151,1.113999999999988,0.45,,scientific,0,1,0.1993548387096774,1.0,0.0,-0.003804302112720991,-0.00034571703940768425,nan,-0.003804302112720991,-0.00034571703940768425,nan,2.007968710588284,2.007968710588284,0.0,0.0,0.0,nan,0,1,1.0,0.0,-0.0015814797101993917,0.0009642469361189842,nan,-0.0015814797101993917,0.0009642469361189842,nan,0.6513053709870201,0.6513053709870201,0.0,0.0,0.0,nan,0,1,1.0,0.0,-0.003804302112720991,-0.00034571703940768425,nan,-0.003804302112720991,-0.00034571703940768425,nan,2.007968710588284,2.007968710588284,0.0,0.0,0.0,nan,0
1152,1.114999999999988,0.45,,scientific,0,1,0.1993548387096774,1.0,0.0,-0.0038032901005491276,-0.00034796947201741154,nan,-0.0038032901005491276,-0.00034796947201741154,nan,2.009128260063403,2.009128260063403,0.0,0.0,0.0,nan,0,1,1.0,0.0,-0.0015814797101993917,0.0009642469361189842,nan,-0.0015814797101993917,0.0009642469361189842,nan,0.6513053709870201,0.6513053709870201,0.0,0.0,0.0,nan,0,1,1.0,0.0,-0.0038032901005491276,-0.00034796947201741154,nan,-0.0038032901005491276,-0.00034796947201741154,nan,2.009128260063403,2.009128260063403,0.0,0.0,0.0,nan,0
1153,1.115999999999988,0.45,,scientific,0,1,0.1993548387096774,1.0,0.0,-0.003802269553547189,-0.0003502259767310155,nan,-0.003802269553547189,-0.0003502259767310155,nan,2.0102876532246063,2.0102876532246063,0.0,0.0,0.0,nan,0,1,1.0,0.0,-0.0015814797101993917,0.0009642469361189842,nan,-0.0015814797101993917,0.0009642469361189842,nan,0.6513053709870201,0.6513053709870201,0.0,0.0,0.0,nan,0,1,1.0,0.0,-0.003802269553547189,-0.0003502259767310155,nan,-0.003802269553547189,-0.0003502259767310155,nan,2.0102876532246063,2.0102876532246063,0.0,0.0,0.0,nan,0
1154,1.1169999999999878,0.45,,scientific,0,1,0.1993548387096774,1.0,0.0,-0.0027171642507037236,-0.0007888591312029404,nan,-0.0027171642507037236,-0.0007888591312029404,nan,2.014358307958976,2.014358307958976,0.0,0.0,0.0,nan,0,1,1.0,0.0,-0.0008765301083512761,0.0006803279191444676,nan,-0.0008765301083512761,0.0006803279191444676,nan,0.6523819087903387,0.6523819087903387,0.0,0.0,0.0,nan,0,1,1.0,0.0,-0.0027171642507037236,-0.0007888591312029404,nan,-0.0027171642507037236,-0.0007888591312029404,nan,2.014358307958976,2.014358307958976,0.0,0.0,0.0,nan,0
1155,1.1179999999999877,0.45,,scientific,0,1,0.1993548387096774,1.0,0.0,-0.0027159140387149174,-0.0007912089006309499,nan,-0.0027159140387149174,-0.0007912089006309499,nan,2.015518800030708,2.015518800030708,0.0,0.0,0.0,nan,0,1,1.0,0.0,-0.0008765301083512761,0.0006803279191444676,nan,-0.0008765301083512761,0.0006803279191444676,nan,0.6523819087903387,0.6523819087903387,0.0,0.0,0.0,nan,0,1,1.0,0.0,-0.0027159140387149174,-0.0007912089006309499,nan,-0.0027159140387149174,-0.0007912089006309499,nan,2.015518800030708,2.015518800030708,0.0,0.0,0.0,nan,0
1156,1.1189999999999876,0.45,,scientific,0,1,0.1993548387096774,1.0,0.0,-0.002714655523868445,-0.0007935626439494075,nan,-0.002714655523868445,-0.0007935626439494075,nan,2.016679135339577,2.016679135339577,0.0,0.0,0.0,nan,0,1,1.0,0.0,-0.0008765301083512761,0.0006803279191444676,nan,-0.0008765301083512761,0.0006803279191444676,nan,0.6523819087903387,0.6523819087903387,0.0,0.0,0.0,nan,0,1,1.0,0.0,-0.002714655523868445,-0.0007935626439494075,nan,-0.002714655523868445,-0.0007935626439494075,nan,2.016679135339577,2.016679135339577,0.0,0.0,0.0,nan,0
1157,1.1199999999999875,0.45,,scientific,0,1,0.1993548387096774,1.0,0.0,-0.0027133887221971165,-0.0007959203531602508,nan,-0.0027133887221971165,-0.0007959203531602508,nan,2.017839313925079,2.017839313925079,0.0,0.0,0.0,nan,0,1,1.0,0.0,-0.0008765301083512761,0.0006803279191444676,nan,-0.0008765301083512761,0.0006803279191444676,nan,0.6523819087903387,0.6523819087903387,0.0,0.0,0.0,nan,0,1,1.0,0.0,-0.0027133887221971165,-0.0007959203531602508,nan,-0.0027133887221971165,-0.0007959203531602508,nan,2.017839313925079,2.017839313925079,0.0,0.0,0.0,nan,0
1158,1.1209999999999873,0.45,,scientific,0,1,0.1993548387096774,1.0,0.0,-0.0016832807019690318,-0.0013486747030413298,nan,-0.0016832807019690318,-0.0013486747030413298,nan,2.0219173249660605,2.0219173249660605,0.0,0.0,0.0,nan,0,1,1.0,0.0,-0.0002084775756026424,0.0003228309940958609,nan,-0.0002084775756026424,0.0003228309940958609,nan,0.6534584465936574,0.6534584465936574,0.0,0.0,0.0,nan,0,1,1.0,0.0,-0.0016832807019690318,-0.0013486747030413298,nan,-0.0016832807019690318,-0.0013486747030413298,nan,2.0219173249660605,2.0219173249660605,0.0,0.0,0.0,nan,0
1159,1.1219999999999872,0.45,,scientific,0,1,0.1993548387096774,1.0,0.0,-0.0016817964292832727,-0.0013511477785593023,nan,-0.0016817964292832727,-0.0013511477785593023,nan,2.0230785996501934,2.0230785996501934,0.0,0.0,0.0,nan,0,1,1.0,0.0,-0.0002084775756026424,0.0003228309940958609,nan,-0.0002084775756026424,0.0003228309940958609,nan,0.6534584465936574,0.6534584465936574,0.0,0.0,0.0,nan,0,1,1.0,0.0,-0.0016817964292832727,-0.0013511477785593023,nan,-0.0016817964292832727,-0.0013511477785593023,nan,2.0230785996501934,2.0230785996501934,0.0,0.0,0.0,nan,0
1160,1.1229999999999871,0.45,,scientific,0,1,0.1993548387096774,1.0,0.0,-0.001680304092571648,-0.001353624700642047,nan,-0.001680304092571648,-0.001353624700642047,nan,2.0242397171688973,2.0242397171688973,0.0,0.0,0.0,nan,0,1,1.0,0.0,-0.0002084775756026424,0.0003228309940958609,nan,-0.0002084775756026424,0.0003228309940958609,nan,0.6534584465936574,0.6534584465936574,0.0,0.0,0.0,nan,0,1,1.0,0.0,-0.001680304092571648,-0.001353624700642047,nan,-0.001680304092571648,-0.001353624700642047,nan,2.0242397171688973,2.0242397171688973,0.0,0.0,0.0,nan,0
1161,1.123999999999987,0.45,,scientific,0,1,0.1993548387096774,1.0,0.0,-0.0016788037079292744,-0.0013561054609507342,nan,-0.0016788037079292744,-0.0013561054609507342,nan,2.025400677552648,2.025400677552648,0.0,0.0,0.0,nan,0,1,1.0,0.0,-0.0002084775756026424,0.0003228309940958609,nan,-0.0002084775756026424,0.0003228309940958609,nan,0.6534584465936574,0.6534584465936574,0.0,0.0,0.0,nan,0,1,1.0,0.0,-0.0016788037079292744,-0.0013561054609507342,nan,-0.0016788037079292744,-0.0013561054609507342,nan,2.025400677552648,2.025400677552648,0.0,0.0,0.0,nan,0
1162,1.124999999999987,0.45,,scientific,0,1,0.1993548387096774,1.0,0.0,-0.0016772952917799794,-0.0013585900509700865,nan,-0.0016772952917799794,-0.0013585900509700865,nan,2.026561480835133,2.026561480835133,0.0,0.0,0.0,nan,0,1,1.0,0.0,-0.0002084775756026424,0.0003228309940958609,nan,-0.0002084775756026424,0.0003228309940958609,nan,0.6534584465936574,0.6534584465936574,0.0,0.0,0.0,nan,0,1,1.0,0.0,-0.0016772952917799794,-0.0013585900509700865,nan,-0.0016772952917799794,-0.0013585900509700865,nan,2.026561480835133,2.026561480835133,0.0,0.0,0.0,nan,0
1163,1.1259999999999868,0.45,,scientific,0,1,0.1993548387096774,1.0,0.0,-0.0016757788605044801,-0.0013610784624904374,nan,-0.0016757788605044801,-0.0013610784624904374,nan,2.0277221270365393,2.0277221270365393,0.0,0.0,0.0,nan,0,1,1.0,0.0,-0.0002084775756026424,0.0003228309940958609,nan,-0.0002084775756026424,0.0003228309940958609,nan,0.6534584465936574,0.6534584465936574,0.0,0.0,0.0,nan,0,1,1.0,0.0,-0.0016757788605044801,-0.0013610784624904374,nan,-0.0016757788605044801,-0.0013610784624904374,nan,2.0277221270365393,2.0277221270365393,0.0,0.0,0.0,nan,0
1164,1.1269999999999867,0.45,,scientific,0,1,0.1993548387096774,1.0,0.0,-0.001674254430666743,-0.0013635706861377787,nan,-0.001674254430666743,-0.0013635706861377787,nan,2.0288826161916313,2.0288826161916313,0.0,0.0,0.0,nan,0,1,1.0,0.0,-0.0002084775756026424,0.0003228309940958609,nan,-0.0002084775756026424,0.0003228309940958609,nan,0.6534584465936574,0.6534584465936574,0.0,0.0,0.0,nan,0,1,1.0,0.0,-0.001674254430666743,-0.0013635706861377787,nan,-0.001674254430666743,-0.0013635706861377787,nan,2.0288826161916313,2.0288826161916313,0.0,0.0,0.0,nan,0
1165,1.1279999999999866,0.45,,scientific,0,1,0.1993548387096774,1.0,0.0,-0.0016727220186864044,-0.001366066713109057,nan,-0.0016727220186864044,-0.001366066713109057,nan,2.030042948336754,2.030042948336754,0.0,0.0,0.0,nan,0,1,1.0,0.0,-0.0002084775756026424,0.0003228309940958609,nan,-0.0002084775756026424,0.0003228309940958609,nan,0.6534584465936574,0.6534584465936574,0.0,0.0,0.0,nan,0,1,1.0,0.0,-0.0016727220186864044,-0.001366066713109057,nan,-0.0016727220186864044,-0.001366066713109057,nan,2.030042948336754,2.030042948336754,0.0,0.0,0.0,nan,0
1166,1.1289999999999865,0.45,,scientific,0,1,0.1993548387096774,1.0,0.0,-0.0016711816420611726,-0.001368566534811626,nan,-0.0016711816420611726,-0.001368566534811626,nan,2.0312031235075203,2.0312031235075203,0.0,0.0,0.0,nan,0,1,1.0,0.0,-0.0002084775756026424,0.0003228309940958609,nan,-0.0002084775756026424,0.0003228309940958609,nan,0.6534584465936574,0.6534584465936574,0.0,0.0,0.0,nan,0,1,1.0,0.0,-0.0016711816420611726,-0.001368566534811626,nan,-0.0016711816420611726,-0.001368566534811626,nan,2.0312031235075203,2.0312031235075203,0.0,0.0,0.0,nan,0
1167,1.1299999999999863,0.45,,scientific,0,1,0.1993548387096774,1.0,0.0,-0.0016696333180764888,-0.0013710701424894103,nan,-0.0016696333180764888,-0.0013710701424894103,nan,2.032363141730554,2.032363141730554,0.0,0.0,0.0,nan,0,1,1.0,0.0,-0.0002084775756026424,0.0003228309940958609,nan,-0.0002084775756026424,0.0003228309940958609,nan,0.6534584465936574,0.6534584465936574,0.0,0.0,0.0,nan,0,1,1.0,0.0,-0.0016696333180764888,-0.0013710701424894103,nan,-0.0016696333180764888,-0.0013710701424894103,nan,2.032363141730554,2.032363141730554,0.0,0.0,0.0,nan,0
1168,1.1309999999999862,0.45,,scientific,0,1,0.1993548387096774,1.0,0.0,-0.0016680770642155667,-0.0013735775270049477,nan,-0.0016680770642155667,-0.0013735775270049477,nan,2.0335230030210054,2.0335230030210054,0.0,0.0,0.0,nan,0,1,1.0,0.0,-0.0002084775756026424,0.0003228309940958609,nan,-0.0002084775756026424,0.0003228309940958609,nan,0.6534584465936574,0.6534584465936574,0.0,0.0,0.0,nan,0,1,1.0,0.0,-0.0016680770642155667,-0.0013735775270049477,nan,-0.0016680770642155667,-0.0013735775270049477,nan,2.0335230030210054,2.0335230030210054,0.0,0.0,0.0,nan,0
1169,1.1319999999999861,0.45,,scientific,0,1,0.1993548387096774,1.0,0.0,-0.0016665128993243643,-0.0013760886783486805,nan,-0.0016665128993243643,-0.0013760886783486805,nan,2.0346827074341114,2.0346827074341114,0.0,0.0,0.0,nan,0,1,1.0,0.0,-0.0002084775756026424,0.0003228309940958609,nan,-0.0002084775756026424,0.0003228309940958609,nan,0.6534584465936574,0.6534584465936574,0.0,0.0,0.0,nan,0,1,1.0,0.0,-0.0016665128993243643,-0.0013760886783486805,nan,-0.0016665128993243643,-0.0013760886783486805,nan,2.0346827074341114,2.0346827074341114,0.0,0.0,0.0,nan,0
1170,1.132999999999986,0.45,,scientific,0,1,0.1993548387096774,1.0,0.0,-0.0016649408408571738,-0.001378603587248787,nan,-0.0016649408408571738,-0.001378603587248787,nan,2.0358422550034607,2.0358422550034607,0.0,0.0,0.0,nan,0,1,1.0,0.0,-0.0002084775756026424,0.0003228309940958609,nan,-0.0002084775756026424,0.0003228309940958609,nan,0.6534584465936574,0.6534584465936574,0.0,0.0,0.0,nan,0,1,1.0,0.0,-0.0016649408408571738,-0.001378603587248787,nan,-0.0016649408408571738,-0.001378603587248787,nan,2.0358422550034607,2.0358422550034607,0.0,0.0,0.0,nan,0
1171,1.133999999999986,0.45,,scientific,0,1,0.1993548387096774,1.0,0.0,-0.001663360906341874,-0.0013811222445559827,nan,-0.001663360906341874,-0.0013811222445559827,nan,2.037001645757642,2.037001645757642,0.0,0.0,0.0,nan,0,1,1.0,0.0,-0.0002084775756026424,0.0003228309940958609,nan,-0.0002084775756026424,0.0003228309940958609,nan,0.6534584465936574,0.6534584465936574,0.0,0.0,0.0,nan,0,1,1.0,0.0,-0.001663360906341874,-0.0013811222445559827,nan,-0.001663360906341874,-0.0013811222445559827,nan,2.037001645757642,2.037001645757642,0.0,0.0,0.0,nan,0
1172,1.1349999999999858,0.45,,scientific,0,1,0.1993548387096774,1.0,0.0,-0.0016617731136084756,-0.0013836446409757387,nan,-0.0016617731136084756,-0.0013836446409757387,nan,2.0381608797123287,2.0381608797123287,0.0,0.0,0.0,nan,0,1,1.0,0.0,-0.0002084775756026424,0.0003228309940958609,nan,-0.0002084775756026424,0.0003228309940958609,nan,0.6534584465936574,0.6534584465936574,0.0,0.0,0.0,nan,0,1,1.0,0.0,-0.0016617731136084756,-0.0013836446409757387,nan,-0.0016617731136084756,-0.0013836446409757387,nan,2.0381608797123287,2.0381608797123287,0.0,0.0,0.0,nan,0
1173,1.1359999999999857,0.45,,scientific,0,1,0.1993548387096774,1.0,0.0,-0.001660177480949193,-0.0013861707670956573,nan,-0.001660177480949193,-0.0013861707670956573,nan,2.039319956901662,2.039319956901662,0.0,0.0,0.0,nan,0,1,1.0,0.0,-0.0002084775756026424,0.0003228309940958609,nan,-0.0002084775756026424,0.0003228309940958609,nan,0.6534584465936574,0.6534584465936574,0.0,0.0,0.0,nan,0,1,1.0,0.0,-0.001660177480949193,-0.0013861707670956573,nan,-0.001660177480949193,-0.0013861707670956573,nan,2.039319956901662,2.039319956901662,0.0,0.0,0.0,nan,0
1174,1.1369999999999856,0.45,,scientific,0,1,0.1993548387096774,1.0,0.0,-0.0016585740273292679,-0.0013887006132803034,nan,-0.0016585740273292679,-0.0013887006132803034,nan,2.040478877374653,2.040478877374653,0.0,0.0,0.0,nan,0,1,1.0,0.0,-0.0002084775756026424,0.0003228309940958609,nan,-0.0002084775756026424,0.0003228309940958609,nan,0.6534584465936574,0.6534584465936574,0.0,0.0,0.0,nan,0,1,1.0,0.0,-0.0016585740273292679,-0.0013887006132803034,nan,-0.0016585740273292679,-0.0013887006132803034,nan,2.040478877374653,2.040478877374653,0.0,0.0,0.0,nan,0
1175,1.1379999999999855,0.45,,scientific,0,1,0.1993548387096774,1.0,0.0,-0.0016569627713832775,-0.0013912341698193585,nan,-0.0016569627713832775,-0.0013912341698193585,nan,2.0416376411586104,2.0416376411586104,0.0,0.0,0.0,nan,0,1,1.0,0.0,-0.0002084775756026424,0.0003228309940958609,nan,-0.0002084775756026424,0.0003228309940958609,nan,0.6534584465936574,0.6534584465936574,0.0,0.0,0.0,nan,0,1,1.0,0.0,-0.0016569627713832775,-0.0013912341698193585,nan,-0.0016569627713832775,-0.0013912341698193585,nan,2.0416376411586104,2.0416376411586104,0.0,0.0,0.0,nan,0
1176,1.1389999999999854,0.45,,scientific,0,1,0.1993548387096774,1.0,0.0,-0.002732967317290674,-0.0018000414913004216,nan,-0.002732967317290674,-0.0018000414913004216,nan,2.045719270553226,2.045719270553226,0.0,0.0,0.0,nan,0,1,1.0,0.0,-0.0009093657706444187,5.823913587424715e-05,nan,-0.0009093657706444187,5.823913587424715e-05,nan,0.654534984396976,0.654534984396976,0.0,0.0,0.0,nan,0,1,1.0,0.0,-0.002732967317290674,-0.0018000414913004216,nan,-0.002732967317290674,-0.0018000414913004216,nan,2.045719270553226,2.045719270553226,0.0,0.0,0.0,nan,0
1177,1.1399999999999852,0.45,,scientific,0,1,0.1993548387096774,1.0,0.0,-0.0027316146772992413,-0.0018026838490522515,nan,-0.0027316146772992413,-0.0018026838490522515,nan,2.0468792906116065,2.0468792906116065,0.0,0.0,0.0,nan,0,1,1.0,0.0,-0.0009093657706444187,5.823913587424715e-05,nan,-0.0009093657706444187,5.823913587424715e-05,nan,0.654534984396976,0.654534984396976,0.0,0.0,0.0,nan,0,1,1.0,0.0,-0.0027316146772992413,-0.0018026838490522515,nan,-0.0027316146772992413,-0.0018026838490522515,nan,2.0468792906116065,2.0468792906116065,0.0,0.0,0.0,nan,0
1178,1.1409999999999851,0.45,,scientific,0,1,0.1993548387096774,1.0,0.0,-0.002730254338396568,-0.0018053299003099705,nan,-0.002730254338396568,-0.0018053299003099705,nan,2.048039154263114,2.048039154263114,0.0,0.0,0.0,nan,0,1,1.0,0.0,-0.0009093657706444187,5.823913587424715e-05,nan,-0.0009093657706444187,5.823913587424715e-05,nan,0.654534984396976,0.654534984396976,0.0,0.0,0.0,nan,0,1,1.0,0.0,-0.002730254338396568,-0.0018053299003099705,nan,-0.002730254338396568,-0.0018053299003099705,nan,2.048039154263114,2.048039154263114,0.0,0.0,0.0,nan,0
1179,1.141999999999985,0.45,,scientific,0,1,0.1993548387096774,1.0,0.0,-0.0027288863200598313,-0.0018079796349460275,nan,-0.0027288863200598313,-0.0018079796349460275,nan,2.0491988615453014,2.0491988615453014,0.0,0.0,0.0,nan,0,1,1.0,0.0,-0.0009093657706444187,5.823913587424715e-05,nan,-0.0009093657706444187,5.823913587424715e-05,nan,0.654534984396976,0.654534984396976,0.0,0.0,0.0,nan,0,1,1.0,0.0,-0.0027288863200598313,-0.0018079796349460275,nan,-0.0027288863200598313,-0.0018079796349460275,nan,2.0491988615453014,2.0491988615453014,0.0,0.0,0.0,nan,0
1180,1.142999999999985,0.45,,scientific,0,1,0.1993548387096774,1.0,0.0,-0.0027275106416241516,-0.0018106330426176699,nan,-0.0027275106416241516,-0.0018106330426176699,nan,2.0503584124827094,2.0503584124827094,0.0,0.0,0.0,nan,0,1,1.0,0.0,-0.0009093657706444187,5.823913587424715e-05,nan,-0.0009093657706444187,5.823913587424715e-05,nan,0.654534984396976,0.654534984396976,0.0,0.0,0.0,nan,0,1,1.0,0.0,-0.0027275106416241516,-0.0018106330426176699,nan,-0.0027275106416241516,-0.0018106330426176699,nan,2.0503584124827094,2.0503584124827094,0.0,0.0,0.0,nan,0
1181,1.1439999999999848,0.45,,scientific,0,1,0.1993548387096774,1.0,0.0,-0.002726127322598839,-0.0018132901128824035,nan,-0.002726127322598839,-0.0018132901128824035,nan,2.0515178070992897,2.0515178070992897,0.0,0.0,0.0,nan,0,1,1.0,0.0,-0.0009093657706444187,5.823913587424715e-05,nan,-0.0009093657706444187,5.823913587424715e-05,nan,0.654534984396976,0.654534984396976,0.0,0.0,0.0,nan,0,1,1.0,0.0,-0.002726127322598839,-0.0018132901128824035,nan,-0.002726127322598839,-0.0018132901128824035,nan,2.0515178070992897,2.0515178070992897,0.0,0.0,0.0,nan,0
1182,1.1449999999999847,0.45,,scientific,0,1,0.1993548387096774,1.0,0.0,-0.002724736383225862,-0.0018159508347354576,nan,-0.002724736383225862,-0.0018159508347354576,nan,2.0526770454247125,2.0526770454247125,0.0,0.0,0.0,nan,0,1,1.0,0.0,-0.0009093657706444187,5.823913587424715e-05,nan,-0.0009093657706444187,5.823913587424715e-05,nan,0.654534984396976,0.654534984396976,0.0,0.0,0.0,nan,0,1,1.0,0.0,-0.002724736383225862,-0.0018159508347354576,nan,-0.002724736383225862,-0.0018159508347354576,nan,2.0526770454247125,2.0526770454247125,0.0,0.0,0.0,nan,0
1183,1.1459999999999846,0.45,,scientific,0,1,0.1993548387096774,1.0,0.0,-0.0035873551566347867,-0.0024577506451499177,nan,-0.0035873551566347867,-0.0024577506451499177,nan,2.056576295410979,2.056576295410979,0.0,0.0,0.0,nan,0,1,1.0,0.0,-0.0015095667293816902,-0.00038652262320710434,nan,-0.0015095667293816902,-0.00038652262320710434,nan,0.6556115222002946,0.6556115222002946,0.0,0.0,0.0,nan,0,1,1.0,0.0,-0.0035873551566347867,-0.0024577506451499177,nan,-0.0035873551566347867,-0.0024577506451499177,nan,2.056576295410979,2.056576295410979,0.0,0.0,0.0,nan,0
1184,1.1469999999999845,0.45,,scientific,0,1,0.1993548387096774,1.0,0.0,-0.0035861371659919226,-0.0024605545608652516,nan,-0.0035861371659919226,-0.0024605545608652516,nan,2.0577365846325533,2.0577365846325533,0.0,0.0,0.0,nan,0,1,1.0,0.0,-0.0015095667293816902,-0.00038652262320710434,nan,-0.0015095667293816902,-0.00038652262320710434,nan,0.6556115222002946,0.6556115222002946,0.0,0.0,0.0,nan,0,1,1.0,0.0,-0.0035861371659919226,-0.0024605545608652516,nan,-0.0035861371659919226,-0.0024605545608652516,nan,2.0577365846325533,2.0577365846325533,0.0,0.0,0.0,nan,0
1185,1.1479999999999844,0.45,,scientific,0,1,0.1993548387096774,1.0,0.0,-0.0035849116268923172,-0.002463362097110049,nan,-0.0035849116268923172,-0.002463362097110049,nan,2.0588967177036297,2.0588967177036297,0.0,0.0,0.0,nan,0,1,1.0,0.0,-0.0015095667293816902,-0.00038652262320710434,nan,-0.0015095667293816902,-0.00038652262320710434,nan,0.6556115222002946,0.6556115222002946,0.0,0.0,0.0,nan,0,1,1.0,0.0,-0.0035849116268923172,-0.002463362097110049,nan,-0.0035849116268923172,-0.002463362097110049,nan,2.0588967177036297,2.0588967177036297,0.0,0.0,0.0,nan,0
1186,1.1489999999999843,0.45,,scientific,0,1,0.1993548387096774,1.0,0.0,-0.0035836785598400474,-0.0024661732433148035,nan,-0.0035836785598400474,-0.0024661732433148035,nan,2.0600566946575762,2.0600566946575762,0.0,0.0,0.0,nan,0,1,1.0,0.0,-0.0015095667293816902,-0.00038652262320710434,nan,-0.0015095667293816902,-0.00038652262320710434,nan,0.6556115222002946,0.6556115222002946,0.0,0.0,0.0,nan,0,1,1.0,0.0,-0.0035836785598400474,-0.0024661732433148035,nan,-0.0035836785598400474,-0.0024661732433148035,nan,2.0600566946575762,2.0600566946575762,0.0,0.0,0.0,nan,0
1187,1.1499999999999841,0.45,,scientific,0,1,0.1993548387096774,1.0,0.0,-0.0035824379850923163,-0.002468987988522962,nan,-0.0035824379850923163,-0.002468987988522962,nan,2.061216515520214,2.061216515520214,0.0,0.0,0.0,nan,0,1,1.0,0.0,-0.0015095667293816902,-0.00038652262320710434,nan,-0.0015095667293816902,-0.00038652262320710434,nan,0.6556115222002946,0.6556115222002946,0.0,0.0,0.0,nan,0,1,1.0,0.0,-0.0035824379850923163,-0.002468987988522962,nan,-0.0035824379850923163,-0.002468987988522962,nan,2.061216515520214,2.061216515520214,0.0,0.0,0.0,nan,0
1188,1.150999999999984,0.45,,scientific,0,1,0.1993548387096774,1.0,0.0,-0.0035811899234286185,-0.0024718063221932647,nan,-0.0035811899234286185,-0.0024718063221932647,nan,2.062376180320862,2.062376180320862,0.0,0.0,0.0,nan,0,1,1.0,0.0,-0.0015095667293816902,-0.00038652262320710434,nan,-0.0015095667293816902,-0.00038652262320710434,nan,0.6556115222002946,0.6556115222002946,0.0,0.0,0.0,nan,0,1,1.0,0.0,-0.0035811899234286185,-0.0024718063221932647,nan,-0.0035811899234286185,-0.0024718063221932647,nan,2.062376180320862,2.062376180320862,0.0,0.0,0.0,nan,0
1189,1.151999999999984,0.45,,scientific,0,1,0.1993548387096774,1.0,0.0,-0.0035799343957413888,-0.002474628232651137,nan,-0.0035799343957413888,-0.002474628232651137,nan,2.063535689089523,2.063535689089523,0.0,0.0,0.0,nan,0,1,1.0,0.0,-0.0015095667293816902,-0.00038652262320710434,nan,-0.0015095667293816902,-0.00038652262320710434,nan,0.6556115222002946,0.6556115222002946,0.0,0.0,0.0,nan,0,1,1.0,0.0,-0.0035799343957413888,-0.002474628232651137,nan,-0.0035799343957413888,-0.002474628232651137,nan,2.063535689089523,2.063535689089523,0.0,0.0,0.0,nan,0
1190,1.1529999999999838,0.45,,scientific,0,1,0.1993548387096774,1.0,0.0,-0.0035786714230518967,-0.0024774537088247334,nan,-0.0035786714230518967,-0.0024774537088247334,nan,2.064695041863142,2.064695041863142,0.0,0.0,0.0,nan,0,1,1.0,0.0,-0.0015095667293816902,-0.00038652262320710434,nan,-0.0015095667293816902,-0.00038652262320710434,nan,0.6556115222002946,0.6556115222002946,0.0,0.0,0.0,nan,0,1,1.0,0.0,-0.0035786714230518967,-0.0024774537088247334,nan,-0.0035786714230518967,-0.0024774537088247334,nan,2.064695041863142,2.064695041863142,0.0,0.0,0.0,nan,0
1191,1.1539999999999837,0.45,,scientific,0,1,0.1993548387096774,1.0,0.0,-0.0035774010264891477,-0.002480282739334554,nan,-0.0035774010264891477,-0.002480282739334554,nan,2.0658542386790253,2.0658542386790253,0.0,0.0,0.0,nan,0,1,1.0,0.0,-0.0015095667293816902,-0.00038652262320710434,nan,-0.0015095667293816902,-0.00038652262320710434,nan,0.6556115222002946,0.6556115222002946,0.0,0.0,0.0,nan,0,1,1.0,0.0,-0.0035774010264891477,-0.002480282739334554,nan,-0.0035774010264891477,-0.002480282739334554,nan,2.0658542386790253,2.0658542386790253,0.0,0.0,0.0,nan,0
1192,1.1549999999999836,0.45,,scientific,0,1,0.1993548387096774,1.0,0.0,-0.0035761232274826374,-0.0024831153125575707,nan,-0.0035761232274826374,-0.0024831153125575707,nan,2.067013279563298,2.067013279563298,0.0,0.0,0.0,nan,0,1,1.0,0.0,-0.0015095667293816902,-0.00038652262320710434,nan,-0.0015095667293816902,-0.00038652262320710434,nan,0.6556115222002946,0.6556115222002946,0.0,0.0,0.0,nan,0,1,1.0,0.0,-0.0035761232274826374,-0.0024831153125575707,nan,-0.0035761232274826374,-0.0024831153125575707,nan,2.067013279563298,2.067013279563298,0.0,0.0,0.0,nan,0
1193,1.1559999999999835,0.45,,scientific,0,1,0.1993548387096774,1.0,0.0,-0.0035748380479345204,-0.0024859514169274497,nan,-0.0035748380479345204,-0.0024859514169274497,nan,2.068172164537703,2.068172164537703,0.0,0.0,0.0,nan,0,1,1.0,0.0,-0.0015095667293816902,-0.00038652262320710434,nan,-0.0015095667293816902,-0.00038652262320710434,nan,0.6556115222002946,0.6556115222002946,0.0,0.0,0.0,nan,0,1,1.0,0.0,-0.0035748380479345204,-0.0024859514169274497,nan,-0.0035748380479345204,-0.0024859514169274497,nan,2.068172164537703,2.068172164537703,0.0,0.0,0.0,nan,0
1194,1.1569999999999834,0.45,,scientific,0,1,0.1993548387096774,1.0,0.0,-0.003573545510231194,-0.0024887910407914216,nan,-0.003573545510231194,-0.0024887910407914216,nan,2.06933089364795,2.06933089364795,0.0,0.0,0.0,nan,0,1,1.0,0.0,-0.0015095667293816902,-0.00038652262320710434,nan,-0.0015095667293816902,-0.00038652262320710434,nan,0.6556115222002946,0.6556115222002946,0.0,0.0,0.0,nan,0,1,1.0,0.0,-0.003573545510231194,-0.0024887910407914216,nan,-0.003573545510231194,-0.0024887910407914216,nan,2.06933089364795,2.06933089364795,0.0,0.0,0.0,nan,0
1195,1.1579999999999833,0.45,,scientific,0,1,0.1993548387096774,1.0,0.0,-0.0035722456361159485,-0.002491634172321542,nan,-0.0035722456361159485,-0.002491634172321542,nan,2.070489466919451,2.070489466919451,0.0,0.0,0.0,nan,0,1,1.0,0.0,-0.0015095667293816902,-0.00038652262320710434,nan,-0.0015095667293816902,-0.00038652262320710434,nan,0.6556115222002946,0.6556115222002946,0.0,0.0,0.0,nan,0,1,1.0,0.0,-0.0035722456361159485,-0.002491634172321542,nan,-0.0035722456361159485,-0.002491634172321542,nan,2.070489466919451,2.070489466919451,0.0,0.0,0.0,nan,0
1196,1.1589999999999832,0.45,,scientific,0,1,0.1993548387096774,1.0,0.0,-0.003570938447748774,-0.0024944807998837303,nan,-0.003570938447748774,-0.0024944807998837303,nan,2.0716478843863504,2.0716478843863504,0.0,0.0,0.0,nan,0,1,1.0,0.0,-0.0015095667293816902,-0.00038652262320710434,nan,-0.0015095667293816902,-0.00038652262320710434,nan,0.6556115222002946,0.6556115222002946,0.0,0.0,0.0,nan,0,1,1.0,0.0,-0.003570938447748774,-0.0024944807998837303,nan,-0.003570938447748774,-0.0024944807998837303,nan,2.0716478843863504,2.0716478843863504,0.0,0.0,0.0,nan,0
1197,1.159999999999983,0.45,,scientific,0,1,0.1993548387096774,1.0,0.0,-0.003569623967184388,-0.002497330911474324,nan,-0.003569623967184388,-0.002497330911474324,nan,2.072806146077696,2.072806146077696,0.0,0.0,0.0,nan,0,1,1.0,0.0,-0.0015095667293816902,-0.00038652262320710434,nan,-0.0015095667293816902,-0.00038652262320710434,nan,0.6556115222002946,0.6556115222002946,0.0,0.0,0.0,nan,0,1,1.0,0.0,-0.003569623967184388,-0.002497330911474324,nan,-0.003569623967184388,-0.002497330911474324,nan,2.072806146077696,2.072806146077696,0.0,0.0,0.0,nan,0
1198,1.160999999999983,0.45,,scientific,0,1,0.1993548387096774,1.0,0.0,-0.0035683022166150703,-0.002500184494976118,nan,-0.0035683022166150703,-0.002500184494976118,nan,2.0739642520201262,2.0739642520201262,0.0,0.0,0.0,nan,0,1,1.0,0.0,-0.0015095667293816902,-0.00038652262320710434,nan,-0.0015095667293816902,-0.00038652262320710434,nan,0.6556115222002946,0.6556115222002946,0.0,0.0,0.0,nan,0,1,1.0,0.0,-0.0035683022166150703,-0.002500184494976118,nan,-0.0035683022166150703,-0.002500184494976118,nan,2.0739642520201262,2.0739642520201262,0.0,0.0,0.0,nan,0
1199,1.1619999999999828,0.45,,scientific,0,1,0.1993548387096774,1.0,0.0,-0.00356697321864984,-0.0025030415381078843,nan,-0.00356697321864984,-0.0025030415381078843,nan,2.07512220223865,2.07512220223865,0.0,0.0,0.0,nan,0,1,1.0,0.0,-0.0015095667293816902,-0.00038652262320710434,nan,-0.0015095667293816902,-0.00038652262320710434,nan,0.6556115222002946,0.6556115222002946,0.0,0.0,0.0,nan,0,1,1.0,0.0,-0.00356697321864984,-0.0025030415381078843,nan,-0.00356697321864984,-0.0025030415381078843,nan,2.07512220223865,2.07512220223865,0.0,0.0,0.0,nan,0
1200,1.1629999999999827,0.45,,scientific,0,1,0.1993548387096774,1.0,0.0,-0.0035656369958864645,-0.0025059020290484914,nan,-0.0035656369958864645,-0.0025059020290484914,nan,2.076279996759113,2.076279996759113,0.0,0.0,0.0,nan,0,1,1.0,0.0,-0.0015095667293816902,-0.00038652262320710434,nan,-0.0015095667293816902,-0.00038652262320710434,nan,0.6556115222002946,0.6556115222002946,0.0,0.0,0.0,nan,0,1,1.0,0.0,-0.0035656369958864645,-0.0025059020290484914,nan,-0.0035656369958864645,-0.0025059020290484914,nan,2.076279996759113,2.076279996759113,0.0,0.0,0.0,nan,0
1201,1.1639999999999826,0.45,,scientific,0,1,0.1993548387096774,1.0,0.0,-0.003564293571460141,-0.002508765955828971,nan,-0.003564293571460141,-0.002508765955828971,nan,2.077437635617641,2.077437635617641,0.0,0.0,0.0,nan,0,1,1.0,0.0,-0.0015095667293816902,-0.00038652262320710434,nan,-0.0015095667293816902,-0.00038652262320710434,nan,0.6556115222002946,0.6556115222002946,0.0,0.0,0.0,nan,0,1,1.0,0.0,-0.003564293571460141,-0.002508765955828971,nan,-0.003564293571460141,-0.002508765955828971,nan,2.077437635617641,2.077437635617641,0.0,0.0,0.0,nan,0
1202,1.1649999999999825,0.45,,scientific,0,1,0.1993548387096774,1.0,0.0,-0.0035629429682507573,-0.002511633305469031,nan,-0.0035629429682507573,-0.002511633305469031,nan,2.0785951188555325,2.0785951188555325,0.0,0.0,0.0,nan,0,1,1.0,0.0,-0.0015095667293816902,-0.00038652262320710434,nan,-0.0015095667293816902,-0.00038652262320710434,nan,0.6556115222002946,0.6556115222002946,0.0,0.0,0.0,nan,0,1,1.0,0.0,-0.0035629429682507573,-0.002511633305469031,nan,-0.0035629429682507573,-0.002511633305469031,nan,2.0785951188555325,2.0785951188555325,0.0,0.0,0.0,nan,0
1203,1.1659999999999824,0.45,,scientific,0,1,0.1993548387096774,1.0,0.0,-0.003561585209462074,-0.0025145040650804058,nan,-0.003561585209462074,-0.0025145040650804058,nan,2.0797524465022397,2.0797524465022397,0.0,0.0,0.0,nan,0,1,1.0,0.0,-0.0015095667293816902,-0.00038652262320710434,nan,-0.0015095667293816902,-0.00038652262320710434,nan,0.6556115222002946,0.6556115222002946,0.0,0.0,0.0,nan,0,1,1.0,0.0,-0.003561585209462074,-0.0025145040650804058,nan,-0.003561585209462074,-0.0025145040650804058,nan,2.0797524465022397,2.0797524465022397,0.0,0.0,0.0,nan,0
1204,1.1669999999999823,0.45,,scientific,0,1,0.1993548387096774,1.0,0.0,-0.003560220319081959,-0.0025173782218400422,nan,-0.003560220319081959,-0.0025173782218400422,nan,2.0809096185874356,2.0809096185874356,0.0,0.0,0.0,nan,0,1,1.0,0.0,-0.0015095667293816902,-0.00038652262320710434,nan,-0.0015095667293816902,-0.00038652262320710434,nan,0.6556115222002946,0.6556115222002946,0.0,0.0,0.0,nan,0,1,1.0,0.0,-0.003560220319081959,-0.0025173782218400422,nan,-0.003560220319081959,-0.0025173782218400422,nan,2.0809096185874356,2.0809096185874356,0.0,0.0,0.0,nan,0
1205,1.1679999999999822,0.45,,scientific,0,1,0.1993548387096774,1.0,0.0,-0.003558848321121429,-0.002520255763053653,nan,-0.003558848321121429,-0.002520255763053653,nan,2.0820666351435784,2.0820666351435784,0.0,0.0,0.0,nan,0,1,1.0,0.0,-0.0015095667293816902,-0.00038652262320710434,nan,-0.0015095667293816902,-0.00038652262320710434,nan,0.6556115222002946,0.6556115222002946,0.0,0.0,0.0,nan,0,1,1.0,0.0,-0.003558848321121429,-0.002520255763053653,nan,-0.003558848321121429,-0.002520255763053653,nan,2.0820666351435784,2.0820666351435784,0.0,0.0,0.0,nan,0
1206,1.168999999999982,0.45,,scientific,0,1,0.1993548387096774,1.0,0.0,-0.0035574692388712485,-0.0025231366766688148,nan,-0.0035574692388712485,-0.0025231366766688148,nan,2.0832234961908416,2.0832234961908416,0.0,0.0,0.0,nan,0,1,1.0,0.0,-0.0015095667293816902,-0.00038652262320710434,nan,-0.0015095667293816902,-0.00038652262320710434,nan,0.6556115222002946,0.6556115222002946,0.0,0.0,0.0,nan,0,1,1.0,0.0,-0.0035574692388712485,-0.0025231366766688148,nan,-0.0035574692388712485,-0.0025231366766688148,nan,2.0832234961908416,2.0832234961908416,0.0,0.0,0.0,nan,0
1207,1.169999999999982,0.45,,scientific,0,1,0.1993548387096774,1.0,0.0,-0.0035560830965293564,-0.002526020951099974,nan,-0.0035560830965293564,-0.002526020951099974,nan,2.0843802017830457,2.0843802017830457,0.0,0.0,0.0,nan,0,1,1.0,0.0,-0.0015095667293816902,-0.00038652262320710434,nan,-0.0015095667293816902,-0.00038652262320710434,nan,0.6556115222002946,0.6556115222002946,0.0,0.0,0.0,nan,0,1,1.0,0.0,-0.0035560830965293564,-0.002526020951099974,nan,-0.0035560830965293564,-0.002526020951099974,nan,2.0843802017830457,2.0843802017830457,0.0,0.0,0.0,nan,0
1208,1.1709999999999818,0.45,,scientific,0,1,0.1993548387096774,1.0,0.0,-0.003554689917555504,-0.0025289085731500663,nan,-0.003554689917555504,-0.0025289085731500663,nan,2.085536751948117,2.085536751948117,0.0,0.0,0.0,nan,0,1,1.0,0.0,-0.0015095667293816902,-0.00038652262320710434,nan,-0.0015095667293816902,-0.00038652262320710434,nan,0.6556115222002946,0.6556115222002946,0.0,0.0,0.0,nan,0,1,1.0,0.0,-0.003554689917555504,-0.0025289085731500663,nan,-0.003554689917555504,-0.0025289085731500663,nan,2.085536751948117,2.085536751948117,0.0,0.0,0.0,nan,0
1209,1.1719999999999817,0.45,,scientific,0,1,0.1993548387096774,1.0,0.0,-0.0035532897258101458,-0.002531799529523162,nan,-0.0035532897258101458,-0.002531799529523162,nan,2.086693146712668,2.086693146712668,0.0,0.0,0.0,nan,0,1,1.0,0.0,-0.0015095667293816902,-0.00038652262320710434,nan,-0.0015095667293816902,-0.00038652262320710434,nan,0.6556115222002946,0.6556115222002946,0.0,0.0,0.0,nan,0,1,1.0,0.0,-0.0035532897258101458,-0.002531799529523162,nan,-0.0035532897258101458,-0.002531799529523162,nan,2.086693146712668,2.086693146712668,0.0,0.0,0.0,nan,0
1210,1.1729999999999816,0.45,,scientific,0,1,0.1993548387096774,1.0,0.0,-0.0035518825456019682,-0.002534693807071657,nan,-0.0035518825456019682,-0.002534693807071657,nan,2.087849386107621,2.087849386107621,0.0,0.0,0.0,nan,0,1,1.0,0.0,-0.0015095667293816902,-0.00038652262320710434,nan,-0.0015095667293816902,-0.00038652262320710434,nan,0.6556115222002946,0.6556115222002946,0.0,0.0,0.0,nan,0,1,1.0,0.0,-0.0035518825456019682,-0.002534693807071657,nan,-0.0035518825456019682,-0.002534693807071657,nan,2.087849386107621,2.087849386107621,0.0,0.0,0.0,nan,0
1211,1.1739999999999815,0.45,,scientific,0,1,0.1993548387096774,1.0,0.0,-0.0035504684011805655,-0.002537591392396298,nan,-0.0035504684011805655,-0.002537591392396298,nan,2.08900547015244,2.08900547015244,0.0,0.0,0.0,nan,0,1,1.0,0.0,-0.0015095667293816902,-0.00038652262320710434,nan,-0.0015095667293816902,-0.00038652262320710434,nan,0.6556115222002946,0.6556115222002946,0.0,0.0,0.0,nan,0,1,1.0,0.0,-0.0035504684011805655,-0.002537591392396298,nan,-0.0035504684011805655,-0.002537591392396298,nan,2.08900547015244,2.08900547015244,0.0,0.0,0.0,nan,0
1212,1.1749999999999814,0.45,,scientific,0,1,0.1993548387096774,1.0,0.0,-0.003549047316597404,-0.0025404922712541056,nan,-0.003549047316597404,-0.0025404922712541056,nan,2.090161398890699,2.090161398890699,0.0,0.0,0.0,nan,0,1,1.0,0.0,-0.0015095667293816902,-0.00038652262320710434,nan,-0.0015095667293816902,-0.00038652262320710434,nan,0.6556115222002946,0.6556115222002946,0.0,0.0,0.0,nan,0,1,1.0,0.0,-0.003549047316597404,-0.0025404922712541056,nan,-0.003549047316597404,-0.0025404922712541056,nan,2.090161398890699,2.090161398890699,0.0,0.0,0.0,nan,0
1213,1.1759999999999813,0.45,,scientific,0,1,0.1993548387096774,1.0,0.0,-0.002412495252066281,-0.0023858106969111242,nan,-0.002412495252066281,-0.0023858106969111242,nan,2.094236959329522,2.094236959329522,0.0,0.0,0.0,nan,0,1,1.0,0.0,-0.0007615601745040536,-0.0002830459812285143,nan,-0.0007615601745040536,-0.0002830459812285143,nan,0.6566880600036132,0.6566880600036132,0.0,0.0,0.0,nan,0,1,1.0,0.0,-0.002412495252066281,-0.0023858106969111242,nan,-0.002412495252066281,-0.0023858106969111242,nan,2.094236959329522,2.094236959329522,0.0,0.0,0.0,nan,0
1214,1.1769999999999812,0.45,,scientific,0,1,0.1993548387096774,1.0,0.0,-0.002410846584955676,-0.0023886864638728383,nan,-0.002410846584955676,-0.0023886864638728383,nan,2.0953939366071737,2.0953939366071737,0.0,0.0,0.0,nan,0,1,1.0,0.0,-0.0007615601745040536,-0.0002830459812285143,nan,-0.0007615601745040536,-0.0002830459812285143,nan,0.6566880600036132,0.6566880600036132,0.0,0.0,0.0,nan,0,1,1.0,0.0,-0.002410846584955676,-0.0023886864638728383,nan,-0.002410846584955676,-0.0023886864638728383,nan,2.0953939366071737,2.0953939366071737,0.0,0.0,0.0,nan,0
1215,1.177999999999981,0.45,,scientific,0,1,0.1993548387096774,1.0,0.0,-0.002409191161306383,-0.0023915654959943728,nan,-0.002409191161306383,-0.0023915654959943728,nan,2.0965507583655487,2.0965507583655487,0.0,0.0,0.0,nan,0,1,1.0,0.0,-0.0007615601745040536,-0.0002830459812285143,nan,-0.0007615601745040536,-0.0002830459812285143,nan,0.6566880600036132,0.6566880600036132,0.0,0.0,0.0,nan,0,1,1.0,0.0,-0.002409191161306383,-0.0023915654959943728,nan,-0.002409191161306383,-0.0023915654959943728,nan,2.0965507583655487,2.0965507583655487,0.0,0.0,0.0,nan,0
1216,1.178999999999981,0.45,,scientific,0,1,0.1993548387096774,1.0,0.0,-0.0024075290060703077,-0.0023944477799067803,nan,-0.0024075290060703077,-0.0023944477799067803,nan,2.097707424632979,2.097707424632979,0.0,0.0,0.0,nan,0,1,1.0,0.0,-0.0007615601745040536,-0.0002830459812285143,nan,-0.0007615601745040536,-0.0002830459812285143,nan,0.6566880600036132,0.6566880600036132,0.0,0.0,0.0,nan,0,1,1.0,0.0,-0.0024075290060703077,-0.0023944477799067803,nan,-0.0024075290060703077,-0.0023944477799067803,nan,2.097707424632979,2.097707424632979,0.0,0.0,0.0,nan,0
1217,1.1799999999999808,0.45,,scientific,0,1,0.1993548387096774,1.0,0.0,-0.002405860144909265,-0.002397333302069341,nan,-0.002405860144909265,-0.002397333302069341,nan,2.0988639354538456,2.0988639354538456,0.0,0.0,0.0,nan,0,1,1.0,0.0,-0.0007615601745040536,-0.0002830459812285143,nan,-0.0007615601745040536,-0.0002830459812285143,nan,0.6566880600036132,0.6566880600036132,0.0,0.0,0.0,nan,0,1,1.0,0.0,-0.002405860144909265,-0.002397333302069341,nan,-0.002405860144909265,-0.002397333302069341,nan,2.0988639354538456,2.0988639354538456,0.0,0.0,0.0,nan,0
1218,1.1809999999999807,0.45,,scientific,0,1,0.1993548387096774,1.0,0.0,-0.002404184602808729,-0.002400222048429078,nan,-0.002404184602808729,-0.002400222048429078,nan,2.1000202908509484,2.1000202908509484,0.0,0.0,0.0,nan,0,1,1.0,0.0,-0.0007615601745040536,-0.0002830459812285143,nan,-0.0007615601745040536,-0.0002830459812285143,nan,0.6566880600036132,0.6566880600036132,0.0,0.0,0.0,nan,0,1,1.0,0.0,-0.002404184602808729,-0.002400222048429078,nan,-0.002404184602808729,-0.002400222048429078,nan,2.1000202908509484,2.1000202908509484,0.0,0.0,0.0,nan,0
1219,1.1819999999999806,0.45,,scientific,0,1,0.1993548387096774,1.0,0.0,-0.002402502404311531,-0.002403114005035069,nan,-0.002402502404311531,-0.002403114005035069,nan,2.101176490851741,2.101176490851741,0.0,0.0,0.0,nan,0,1,1.0,0.0,-0.0007615601745040536,-0.0002830459812285143,nan,-0.0007615601745040536,-0.0002830459812285143,nan,0.6566880600036132,0.6566880600036132,0.0,0.0,0.0,nan,0,1,1.0,0.0,-0.002402502404311531,-0.002403114005035069,nan,-0.002402502404311531,-0.002403114005035069,nan,2.101176490851741,2.101176490851741,0.0,0.0,0.0,nan,0
1220,1.1829999999999805,0.45,,scientific,0,1,0.1993548387096774,1.0,0.0,-0.002400813573956577,-0.0024060091577287677,nan,-0.002400813573956577,-0.0024060091577287677,nan,2.102332535492584,2.102332535492584,0.0,0.0,0.0,nan,0,1,1.0,0.0,-0.0007615601745040536,-0.0002830459812285143,nan,-0.0007615601745040536,-0.0002830459812285143,nan,0.6566880600036132,0.6566880600036132,0.0,0.0,0.0,nan,0,1,1.0,0.0,-0.002400813573956577,-0.0024060091577287677,nan,-0.002400813573956577,-0.0024060091577287677,nan,2.102332535492584,2.102332535492584,0.0,0.0,0.0,nan,0
1221,1.1839999999999804,0.45,,scientific,0,1,0.1993548387096774,1.0,0.0,-0.0023991181371564776,-0.0024089074922975535,nan,-0.0023991181371564776,-0.0024089074922975535,nan,2.1034884247982957,2.1034884247982957,0.0,0.0,0.0,nan,0,1,1.0,0.0,-0.0007615601745040536,-0.0002830459812285143,nan,-0.0007615601745040536,-0.0002830459812285143,nan,0.6566880600036132,0.6566880600036132,0.0,0.0,0.0,nan,0,1,1.0,0.0,-0.0023991181371564776,-0.0024089074922975535,nan,-0.0023991181371564776,-0.0024089074922975535,nan,2.1034884247982957,2.1034884247982957,0.0,0.0,0.0,nan,0
1222,1.1849999999999803,0.45,,scientific,0,1,0.1993548387096774,1.0,0.0,-0.002397416119557382,-0.0024118089936870316,nan,-0.002397416119557382,-0.0024118089936870316,nan,2.104644158806776,2.104644158806776,0.0,0.0,0.0,nan,0,1,1.0,0.0,-0.0007615601745040536,-0.0002830459812285143,nan,-0.0007615601745040536,-0.0002830459812285143,nan,0.6566880600036132,0.6566880600036132,0.0,0.0,0.0,nan,0,1,1.0,0.0,-0.002397416119557382,-0.0024118089936870316,nan,-0.002397416119557382,-0.0024118089936870316,nan,2.104644158806776,2.104644158806776,0.0,0.0,0.0,nan,0
1223,1.1859999999999802,0.45,,scientific,0,1,0.1993548387096774,1.0,0.0,-0.0023957075470018726,-0.0024147136477305877,nan,-0.0023957075470018726,-0.0024147136477305877,nan,2.105799737552967,2.105799737552967,0.0,0.0,0.0,nan,0,1,1.0,0.0,-0.0007615601745040536,-0.0002830459812285143,nan,-0.0007615601745040536,-0.0002830459812285143,nan,0.6566880600036132,0.6566880600036132,0.0,0.0,0.0,nan,0,1,1.0,0.0,-0.0023957075470018726,-0.0024147136477305877,nan,-0.0023957075470018726,-0.0024147136477305877,nan,2.105799737552967,2.105799737552967,0.0,0.0,0.0,nan,0
1224,1.18699999999998,0.45,,scientific,0,1,0.1993548387096774,1.0,0.0,-0.001321062948052919,-0.0019307495689457352,nan,-0.001321062948052919,-0.0019307495689457352,nan,2.1099724177245807,2.1099724177245807,0.0,0.0,0.0,nan,0,1,1.0,0.0,-7.552216912051825e-05,2.7635567981079096e-05,nan,-7.552216912051825e-05,2.7635567981079096e-05,nan,0.6577645978069319,0.6577645978069319,0.0,0.0,0.0,nan,0,1,1.0,0.0,-0.001321062948052919,-0.0019307495689457352,nan,-0.001321062948052919,-0.0019307495689457352,nan,2.1099724177245807,2.1099724177245807,0.0,0.0,0.0,nan,0
1225,1.18799999999998,0.45,,scientific,0,1,0.1993548387096774,1.0,0.0,-0.0013191201487458063,-0.001933556890858654,nan,-0.0013191201487458063,-0.001933556890858654,nan,2.111129139301781,2.111129139301781,0.0,0.0,0.0,nan,0,1,1.0,0.0,-7.552216912051825e-05,2.7635567981079096e-05,nan,-7.552216912051825e-05,2.7635567981079096e-05,nan,0.6577645978069319,0.6577645978069319,0.0,0.0,0.0,nan,0,1,1.0,0.0,-0.0013191201487458063,-0.001933556890858654,nan,-0.0013191201487458063,-0.001933556890858654,nan,2.111129139301781,2.111129139301781,0.0,0.0,0.0,nan,0
1226,1.1889999999999799,0.45,,scientific,0,1,0.1993548387096774,1.0,0.0,-0.001317170960329576,-0.0019363673548944706,nan,-0.001317170960329576,-0.0019363673548944706,nan,2.112285705481007,2.112285705481007,0.0,0.0,0.0,nan,0,1,1.0,0.0,-7.552216912051825e-05,2.7635567981079096e-05,nan,-7.552216912051825e-05,2.7635567981079096e-05,nan,0.6577645978069319,0.6577645978069319,0.0,0.0,0.0,nan,0,1,1.0,0.0,-0.001317170960329576,-0.0019363673548944706,nan,-0.001317170960329576,-0.0019363673548944706,nan,2.112285705481007,2.112285705481007,0.0,0.0,0.0,nan,0
1227,1.1899999999999797,0.45,,scientific,0,1,0.1993548387096774,1.0,0.0,-0.0013152154093839395,-0.0019391809467406017,nan,-0.0013152154093839395,-0.0019391809467406017,nan,2.1134421162854355,2.1134421162854355,0.0,0.0,0.0,nan,0,1,1.0,0.0,-7.552216912051825e-05,2.7635567981079096e-05,nan,-7.552216912051825e-05,2.7635567981079096e-05,nan,0.6577645978069319,0.6577645978069319,0.0,0.0,0.0,nan,0,1,1.0,0.0,-0.0013152154093839395,-0.0019391809467406017,nan,-0.0013152154093839395,-0.0019391809467406017,nan,2.1134421162854355,2.1134421162854355,0.0,0.0,0.0,nan,0
1228,1.1909999999999796,0.45,,scientific,0,1,0.1993548387096774,1.0,0.0,-0.0013132535225997425,-0.0019419976513491363,nan,-0.0013132535225997425,-0.0019419976513491363,nan,2.114598371746957,2.114598371746957,0.0,0.0,0.0,nan,0,1,1.0,0.0,-7.552216912051825e-05,2.7635567981079096e-05,nan,-7.552216912051825e-05,2.7635567981079096e-05,nan,0.6577645978069319,0.6577645978069319,0.0,0.0,0.0,nan,0,1,1.0,0.0,-0.0013132535225997425,-0.0019419976513491363,nan,-0.0013132535225997425,-0.0019419976513491363,nan,2.114598371746957,2.114598371746957,0.0,0.0,0.0,nan,0
1229,1.1919999999999795,0.45,,scientific,0,1,0.1993548387096774,1.0,0.0,-0.0013112853266270832,-0.0019448174537849978,nan,-0.0013112853266270832,-0.0019448174537849978,nan,2.11575447188741,2.11575447188741,0.0,0.0,0.0,nan,0,1,1.0,0.0,-7.552216912051825e-05,2.7635567981079096e-05,nan,-7.552216912051825e-05,2.7635567981079096e-05,nan,0.6577645978069319,0.6577645978069319,0.0,0.0,0.0,nan,0,1,1.0,0.0,-0.0013112853266270832,-0.0019448174537849978,nan,-0.0013112853266270832,-0.0019448174537849978,nan,2.11575447188741,2.11575447188741,0.0,0.0,0.0,nan,0
1230,1.1929999999999794,0.45,,scientific,0,1,0.1993548387096774,1.0,0.0,-0.0015012479937002556,-0.0008783097106150388,nan,-0.0015012479937002556,-0.0008783097106150388,nan,2.1197251876426564,2.1197251876426564,0.0,0.0,0.0,nan,0,1,1.0,0.0,-0.00020662281873418134,0.000760323276306128,nan,-0.00020662281873418134,0.000760323276306128,nan,0.6588411356102505,0.6588411356102505,0.0,0.0,0.0,nan,0,1,1.0,0.0,-0.0015012479937002556,-0.0008783097106150388,nan,-0.0015012479937002556,-0.0008783097106150388,nan,2.1197251876426564,2.1197251876426564,0.0,0.0,0.0,nan,0
1231,1.1939999999999793,0.45,,scientific,0,1,0.1993548387096774,1.0,0.0,-0.001499311844883793,-0.0008808978727713101,nan,-0.001499311844883793,-0.0008808978727713101,nan,2.1208823707296154,2.1208823707296154,0.0,0.0,0.0,nan,0,1,1.0,0.0,-0.00020662281873418134,0.000760323276306128,nan,-0.00020662281873418134,0.000760323276306128,nan,0.6588411356102505,0.6588411356102505,0.0,0.0,0.0,nan,0,1,1.0,0.0,-0.001499311844883793,-0.0008808978727713101,nan,-0.001499311844883793,-0.0008808978727713101,nan,2.1208823707296154,2.1208823707296154,0.0,0.0,0.0,nan,0
1232,1.1949999999999792,0.45,,scientific,0,1,0.1993548387096774,1.0,0.0,-0.0014973694641200717,-0.0008834890632068011,nan,-0.0014973694641200717,-0.0008834890632068011,nan,2.122039397525326,2.122039397525326,0.0,0.0,0.0,nan,0,1,1.0,0.0,-0.00020662281873418134,0.000760323276306128,nan,-0.00020662281873418134,0.000760323276306128,nan,0.6588411356102505,0.6588411356102505,0.0,0.0,0.0,nan,0,1,1.0,0.0,-0.0014973694641200717,-0.0008834890632068011,nan,-0.0014973694641200717,-0.0008834890632068011,nan,2.122039397525326,2.122039397525326,0.0,0.0,0.0,nan,0
1233,1.195999999999979,0.45,,scientific,0,1,0.1993548387096774,1.0,0.0,-0.001495420898868836,-0.0008860832706241336,nan,-0.001495420898868836,-0.0008860832706241336,nan,2.1231962704146863,2.1231962704146863,0.0,0.0,0.0,nan,0,1,1.0,0.0,-0.00020662281873418134,0.000760323276306128,nan,-0.00020662281873418134,0.000760323276306128,nan,0.6588411356102505,0.6588411356102505,0.0,0.0,0.0,nan,0,1,1.0,0.0,-0.001495420898868836,-0.0008860832706241336,nan,-0.001495420898868836,-0.0008860832706241336,nan,2.1231962704146863,2.1231962704146863,0.0,0.0,0.0,nan,0
1234,1.196999999999979,0.45,,scientific,0,1,0.1993548387096774,1.0,0.0,-0.001493466165895775,-0.0008886804780771727,nan,-0.001493466165895775,-0.0008886804780771727,nan,2.1243529882467014,2.1243529882467014,0.0,0.0,0.0,nan,0,1,1.0,0.0,-0.00020662281873418134,0.000760323276306128,nan,-0.00020662281873418134,0.000760323276306128,nan,0.6588411356102505,0.6588411356102505,0.0,0.0,0.0,nan,0,1,1.0,0.0,-0.001493466165895775,-0.0008886804780771727,nan,-0.001493466165895775,-0.0008886804780771727,nan,2.1243529882467014,2.1243529882467014,0.0,0.0,0.0,nan,0
1235,1.1979999999999789,0.45,,scientific,0,1,0.1993548387096774,1.0,0.0,-0.0014915052919896024,-0.0008912806713405784,nan,-0.0014915052919896024,-0.0008912806713405784,nan,2.1255095510534603,2.1255095510534603,0.0,0.0,0.0,nan,0,1,1.0,0.0,-0.00020662281873418134,0.000760323276306128,nan,-0.00020662281873418134,0.000760323276306128,nan,0.6588411356102505,0.6588411356102505,0.0,0.0,0.0,nan,0,1,1.0,0.0,-0.0014915052919896024,-0.0008912806713405784,nan,-0.0014915052919896024,-0.0008912806713405784,nan,2.1255095510534603,2.1255095510534603,0.0,0.0,0.0,nan,0
1236,1.1989999999999787,0.45,,scientific,0,1,0.1993548387096774,1.0,0.0,-0.0014895383044009184,-0.0008938838356046372,nan,-0.0014895383044009184,-0.0008938838356046372,nan,2.1266659588629606,2.1266659588629606,0.0,0.0,0.0,nan,0,1,1.0,0.0,-0.00020662281873418134,0.000760323276306128,nan,-0.00020662281873418134,0.000760323276306128,nan,0.6588411356102505,0.6588411356102505,0.0,0.0,0.0,nan,0,1,1.0,0.0,-0.0014895383044009184,-0.0008938838356046372,nan,-0.0014895383044009184,-0.0008938838356046372,nan,2.1266659588629606,2.1266659588629606,0.0,0.0,0.0,nan,0
1237,1.1999999999999786,0.45,,scientific,0,1,0.1993548387096774,1.0,0.0,-0.0014875652307387859,-0.0008964899549947714,nan,-0.0014875652307387859,-0.0008964899549947714,nan,2.1278222117103,2.1278222117103,0.0,0.0,0.0,nan,0,1,1.0,0.0,-0.00020662281873418134,0.000760323276306128,nan,-0.00020662281873418134,0.000760323276306128,nan,0.6588411356102505,0.6588411356102505,0.0,0.0,0.0,nan,0,1,1.0,0.0,-0.0014875652307387859,-0.0008964899549947714,nan,-0.0014875652307387859,-0.0008964899549947714,nan,2.1278222117103,2.1278222117103,0.0,0.0,0.0,nan,0
