step,accepted_step,attempt_step,attempt_index,attempt_number,time,dt,dt_base,dt_retry_attempts,dt_recovery_success_steps,dt_recovery_window_steps,dt_restore_attempt,dt_snap_applied,dt_snap_target_time,time_grid_error,dt_event,g,mass,lumen_mass_def,ratio,max_u,max_p,ch_converged,ch_snes_reason,ch_snes_its,ch_ksp_reason,ch_ksp_its,biot_converged,biot_iterations,biot_iterations_u,biot_iterations_tp,biot_snes_reason,biot_snes_its,biot_ksp_reason,biot_ksp_its,biot_u_snes_reason,biot_u_snes_its,biot_u_ksp_reason,biot_u_ksp_its,biot_tp_snes_reason,biot_tp_snes_its,biot_tp_ksp_reason,biot_tp_ksp_its,split_iterations,outer_omega,split_pf_increment,split_u_increment,split_theta_increment,split_p_increment,split_increment,step_failed,constraint_mismatch_max,constraint_mismatch_boundary_max,constraint_mismatch_interior_max,min_J,min_Je,J_fraction_ref_below_0_8,J_fraction_def_below_0_8,J_p01_ref,J_p05_ref,J_p01_def,J_p05_def,min_pf,max_pf,area_ref,area_def,area_ratio,domain_measure_ref,domain_measure_def,domain_measure_ratio,flow_potential_min,flow_potential_max,flow_potential_range,p_eff_min,p_eff_max,p_eff_range,theta_eq_min,theta_eq_max,theta_eq_range,storage_strain_min,storage_strain_max,storage_strain_range,source_pf_min,source_pf_max,source_pf_range,source_theta_min,source_theta_max,source_theta_range,energy_total_p,energy_total_theta,energy_total_cross,mu_elastic_l2,mu_storage_l2,lumen_n_components,lumen_component_event,lumen_total_volume,lumen_total_volume_ref,lumen_total_volume_def,lumen_interface_measure_ref,lumen_interface_measure_def,lumen_characteristic_length_ref,lumen_characteristic_length_def,lumen_active_cell_count,lumen_largest_volume,lumen_second_volume,lumen_largest_fraction,lumen_second_fraction,lumen_min_gap,lumen_edge_components,lumen_second_edge_touch,lumen_largest_edge_count,lumen_largest_edge_touch,lumen_largest_cx,lumen_largest_cy,lumen_largest_cz,lumen_cx,lumen_cy,lumen_cz,lumen_rmax,lumen_edge_count,lumen_edge_touch,lumen_any_component_edge_touch,lumen_edge_stop_trigger,lumen_steady_stop_trigger,lumen_amr_eligible,lumen_center_delta,mesh_num_cells,mesh_num_vertices,amr_event
0,True,0,0,0,0.0,0.0,0.0005,0,0,0,False,False,,0.0,initial_state,1.0,0.5835720178604035,0.5835720178604042,1.015043336656825,0.0,0.0,True,2,1,4,,,,,,,,,,,,,,,,,,0,,,,,,0.0,False,0.0,0.0,0.0,1.0,1.0,0.0,0.0,1.0,1.0,1.0,1.0,-0.994178505209978,0.5636662693841494,3.140290796624407,3.140290796624407,1.0,3.140290796624407,3.140290796624407,1.0,0.0,0.0,0.0,0.0,0.0,0.0,0.022181668653079252,0.02997089252604989,0.007789223872970638,0.0,0.0,0.0,30.0,30.0,0.0,0.0,0.0,0.0,8.692354450276143,8.692354450276143,8.692354450276143,0.0,2.347019459395552e-20,4,none,0.0043061512127377955,0.0043061512127377955,0.0043061512127377955,0.5983366016764622,0.5983366016764622,0.014393741585162979,0.014393741585162979,4,0.0010765378033186215,0.0010765378033186206,0.25000000003115835,0.2500000000311582,0.5508342038205016,0,False,0,False,-0.009659180067777119,0.4981020078334965,,0.007804570421642356,0.0227754300805396,,0.5148459305614005,0,False,False,False,False,False,,2972,1550,0
1,True,1,1,1,0.0005,0.0005,0.0005,0,0,0,False,False,,,none,1.00125,0.6071241988350832,0.5800024406587446,1.0147801068818976,0.01529802786154999,0.023991544320583386,True,2,1,4,1,True,1,,,2,1,2,150,,,,,,,,,8,0.8,7.370411668900569e-07,8.589599772567685e-07,1.1015105724696786e-08,1.0882434895681913e-06,1.5701710573569e-06,False,0.00262754124788786,0.0,0.00262754124788786,0.8618892936255035,0.8617496381923224,0.0,0.0,0.8859302340289907,0.9265393212964926,0.8872418690038352,0.9286869866525715,-0.9852238142977743,0.527889298623142,3.140290796624407,3.062290837258657,0.9751615489082748,3.140290796624407,3.062290837258657,0.9751615489082748,0.006622379968125232,0.023991544320583386,0.017369164352458152,0.006622379968125232,0.023991544320583386,0.017369164352458152,0.02236055350688429,0.02992611907148887,0.007565565564604582,0.0066372837713194995,0.03483840492736726,0.028201121156047764,30.0,30.0,0.0,0.0,0.0,0.0,8.625424621481216,8.625424939138759,8.625424621827596,0.20289814268239037,0.0006794434595588874,4,none,0.004634968020784884,0.005382689016056416,0.004634968020784884,0.6481979851526078,0.6013406855276178,0.01660816336783012,0.015415447955989047,5,0.0018543832371709446,0.000929441163547695,0.4000854437086114,0.20052806392185285,0.5421131503119682,0,False,0,False,0.002924766772288158,0.4825461494395591,,0.008792077167847395,0.11299458348583001,,0.5037821150774859,0,False,False,False,False,False,,2972,1550,0
2,True,2,2,1,0.001,0.0005,0.0005,0,0,0,False,False,,,none,1.0025,0.6306763798097619,0.6026125833410378,1.0153831597402085,0.015386385678395868,0.024339590639886725,True,2,1,4,1,True,2,,,2,2,2,219,,,,,,,,,6,0.8,2.9115398850779306e-06,2.6162634064806057e-07,2.754151421508988e-07,1.6336769702934055e-06,3.3600992229863603e-06,False,0.00301570747636384,0.0,0.00301570747636384,0.8545616938848815,0.8542545281917991,0.0,0.0,0.8795822676466071,0.9252831185272831,0.8811720673227608,0.9280438349167601,-0.9770366195514157,0.5643880479768031,3.140290796624407,3.0630471822624425,0.9754024008079137,3.140290796624407,3.0630471822624425,0.9754024008079137,0.0071155181415657204,0.024339590639886725,0.017224072498321003,0.0071155181415657204,0.024339590639886725,0.017224072498321003,0.022178059760115984,0.029885183097757076,0.007707123337641092,0.007304191561556719,0.034800165295267,0.02749597373371028,30.0,30.0,0.0,0.0,0.0,0.0,8.864509696205984,8.864510120589522,8.864509700867487,0.21438691416987482,0.0006503955101224125,4,none,0.020417958324317816,0.0236838316677415,0.020417958324317816,1.396118737041244,1.3023405973965398,0.03392810516666225,0.03135578874702146,22,0.006495456976816416,0.0055634594706428005,0.3181247054011428,0.27247873574199205,0.5062486179104967,0,False,0,False,-0.007514815472841503,0.46895227188283045,,0.04343877384382155,0.0596565816213807,,0.5421755283109952,0,False,False,False,False,False,0.06360295616910394,2972,1550,0
3,True,3,3,1,0.0015,0.0005,0.0005,0,0,0,False,False,,,none,1.00375,0.6542285607844411,0.625075143031639,1.0163029849862608,0.015551187146602679,0.024488224964322812,True,2,1,4,1,True,2,,,2,2,2,220,,,,,,,,,6,0.8,2.1483610576140046e-06,2.1502720784114074e-07,2.7543978763971476e-07,1.4702264769093352e-06,2.626618530355059e-06,False,0.003287432850303234,0.0,0.003287432850303234,0.8452823241613564,0.8448895120194955,0.0,0.0,0.8743457148244467,0.9240609312827983,0.8766825292656475,0.9274795372167011,-0.9705485279449716,0.6030458358092943,3.140290796624407,3.0633281666644425,0.97549187799974,3.140290796624407,3.0633281666644425,0.97549187799974,0.006479465941575793,0.024488224964322812,0.01800875902274702,0.006479465941575793,0.024488224964322812,0.01800875902274702,0.021984770820953528,0.02985274263972486,0.007867971818771333,0.008047317292882997,0.03448472589212684,0.02643740859924384,30.0,30.0,0.0,0.0,0.0,0.0,9.133678563072987,9.133679057986132,9.13367856767898,0.22416313314505043,0.0006351737989399222,4,none,0.04184693373871068,0.048444201138947304,0.04184693373871068,1.8448711883695186,1.721946514774236,0.05251770578276728,0.048604220142339574,45,0.012083506005129247,0.011133926292818876,0.2887548722345539,0.26606313290092726,0.46453161509086194,0,False,0,False,0.47422389183592983,0.02183021832181019,,0.037848306929218006,0.041927645114347656,,0.5471161012162661,0,False,False,False,False,False,0.018589473096182307,2972,1550,0
4,True,4,4,1,0.002,0.0005,0.0005,0,0,0,False,False,,,none,1.005,0.677780741759121,0.6474183002969947,1.017430261997981,0.015747820122818,0.02450092489987477,True,2,1,4,1,True,2,,,2,2,2,234,,,,,,,,,6,0.8,1.6465502893255406e-06,2.3249090049039703e-07,2.7722079210051873e-07,1.399382899290714e-06,2.1909595478896867e-06,False,0.0035136478584574388,0.0,0.0035136478584574388,0.8364064454529464,0.8359693211249015,0.0,0.0,0.8690918636012414,0.9227431072315407,0.871964173242336,0.9268387873729695,-0.9653158835385419,0.6383142591290002,3.140290796624407,3.0633184807500586,0.975488793599278,3.140290796624407,3.0633184807500586,0.975488793599278,0.005931745292627252,0.02450092489987477,0.018569179607247518,0.005931745292627252,0.02450092489987477,0.018569179607247518,0.021808428704355,0.029826579417692706,0.008018150713337707,0.008832436119369933,0.034085632693447304,0.02525319657407737,30.0,30.0,0.0,0.0,0.0,0.0,9.41076423286938,9.410764783521754,9.410764237028264,0.23247973027004787,0.0006280128849619691,4,none,0.05292899602495129,0.06136265477117399,0.05292899602495129,2.144039489079094,2.005179270272955,0.057240228161590835,0.052792283273252,57,0.014839235015482233,0.01389050401566469,0.2803611655223322,0.26243656707783686,0.451112332546964,0,False,0,False,-0.00413745712584546,0.4809325173185209,,0.020744351422279345,0.04355853356377918,,0.5468250462012569,0,False,False,False,False,False,0.017181533433248224,2972,1550,0
5,True,5,5,1,0.0025,0.0005,0.0005,0,0,0,False,False,,,none,1.00625,0.7013329227338003,0.6696567417334541,1.018743538053193,0.015969066107046175,0.024405671347787386,True,2,1,4,1,True,2,,,2,2,2,228,,,,,,,,,6,0.8,1.333251052928326e-06,2.658476380379402e-07,2.8091228910800113e-07,1.3459006139650673e-06,1.933544287992464e-06,False,0.0036620579372587826,0.0,0.0036620579372587826,0.8280210959628022,0.8275654528206569,0.0,0.0,0.8644539765341093,0.9215219303814248,0.8671000984199851,0.9258410027984472,-0.9610565855918406,0.6706061244879994,3.140290796624407,3.0631266354755344,0.9754277020358055,3.140290796624407,3.0631266354755344,0.9754277020358055,0.005457012562337824,0.024405671347787386,0.018948658785449563,0.005457012562337824,0.024405671347787386,0.018948658785449563,0.021646969377560003,0.0298052829279592,0.008158313550399199,0.009630909046602526,0.033643449285344726,0.0240125402387422,30.0,30.0,0.0,0.0,0.0,0.0,9.68534452677452,9.68534512557648,9.685344530232049,0.23954393958579667,0.0006258350084211655,4,none,0.06692779392690396,0.07751072182048405,0.06692779392690396,2.592791940371971,2.438799080917626,0.05978938812141177,0.054885861201589115,72,0.019529772205913423,0.017598165248677668,0.2918036149113642,0.2629425566887462,0.43382871178599836,0,False,0,False,0.47016996531331395,0.027421798454222435,,0.0333649577672871,0.04466560659702968,,0.5702082589598537,0,False,False,False,False,False,0.012669069232449578,2972,1550,0
6,True,6,6,1,0.003,0.0005,0.0005,0,0,0,False,False,,,none,1.0075,0.7248851037084794,0.6918028029517783,1.0202450712628146,0.016220609586104228,0.024473690111597703,True,2,1,4,1,True,2,,,2,2,2,228,,,,,,,,,6,0.8,1.1630388153578765e-06,2.982746725757666e-07,2.866241557479314e-07,1.2963238284605852e-06,1.7900379720056657e-06,False,0.003774234625028801,0.0,0.003774234625028801,0.819908656719964,0.8194536928947767,0.0,0.0,0.8606624976788467,0.9200142414444391,0.8636976781818243,0.9249830269370362,-0.9576763143204725,0.7006150297191792,3.140290796624407,3.062824027767668,0.9753313390785304,3.140290796624407,3.062824027767668,0.9753313390785304,0.00504481844434712,0.024473690111597703,0.01942887166725058,0.00504481844434712,0.024473690111597703,0.01942887166725058,0.021496924851404104,0.029788381571602362,0.008291456720198258,0.01043212276756772,0.03404215121119894,0.02361002844363122,30.0,30.0,0.0,0.0,0.0,0.0,9.951282445676535,9.951283088892868,9.951282448237007,0.24546322198351084,0.0006268140253545688,4,none,0.08580267835833924,0.09904147783996528,0.08580267835833924,3.0914057726330286,2.9273522170605335,0.06407536578778472,0.0586213560898367,92,0.023249521178163576,0.022296789949965604,0.27096498178141004,0.259861234830539,0.4131829715722779,0,False,0,False,-0.005388712519923898,0.4768078954389646,,0.01647801878100451,0.03795362786818407,,0.584754288828645,0,False,False,False,False,False,0.018171938993484068,2972,1550,0
7,True,7,7,1,0.0035,0.0005,0.0005,0,0,0,False,False,,,none,1.00875,0.7484372846831588,0.7138700180262536,1.0219455426548396,0.01650139538199142,0.024991793370882913,True,2,1,4,1,True,2,,,2,2,2,241,,,,,,,,,6,0.8,1.0938884546565901e-06,3.264746200472294e-07,2.941394644372349e-07,1.2501865725716277e-06,1.7183312019351169e-06,False,0.003940596296008701,0.0,0.003940596296008701,0.8119045850344426,0.8114652961542425,0.0,0.0,0.8558924791150136,0.9184805641525716,0.8594223154362777,0.9240934507413785,-0.955072193709101,0.7287071118460067,3.140290796624407,3.0624628091977995,0.9752163119701311,3.140290796624407,3.0624628091977995,0.9752163119701311,0.004688159176131735,0.024991793370882913,0.020303634194751178,0.004688159176131735,0.024991793370882913,0.020303634194751178,0.021356464440769964,0.02977536096854551,0.008418896527775544,0.01122720515360501,0.03431594604113464,0.02308874088752963,30.0,30.0,0.0,0.0,0.0,0.0,10.204487330185321,10.204488016226051,10.20448733168423,0.2502439893071597,0.0006297243412524719,4,none,0.10191519911383763,0.11734262049019979,0.10191519911383763,3.141267156104491,2.9721882418060277,0.07471037301756737,0.06857923578347086,109,0.028000406927012632,0.027968212320442335,0.27474220891956097,0.27442631289178265,0.399230973673002,0,False,0,False,0.46432482893247057,0.029829033447310426,,0.029554071235938745,0.042142892228424725,,0.5844538049365288,0,False,False,False,False,False,0.013730735001600393,2972,1550,0
8,True,8,8,1,0.004,0.0005,0.0005,0,0,0,False,False,,,none,1.01,0.7719894656578378,0.735874567477863,1.0238592508815783,0.01679273412011675,0.025621683289250147,True,2,1,4,1,True,2,,,2,2,2,251,,,,,,,,,6,0.8,1.0969365098285899e-06,3.5129678841223524e-07,3.031186900019545e-07,1.210507668223812e-06,1.6982016650565474e-06,False,0.0040706914074333,0.0,0.0040706914074333,0.8039567847383493,0.8035443886722724,0.0,0.0,0.8520321216144311,0.9167997493648261,0.855672078020234,0.9234256765328712,-0.9529975516267458,0.7549940956923697,3.140290796624407,3.062085319906267,0.9750961035830804,3.140290796624407,3.062085319906267,0.9750961035830804,0.004380108997172661,0.025621683289250147,0.021241574292077486,0.004380108997172661,0.025621683289250147,0.021241574292077486,0.02122502952153815,0.029764987758133733,0.008539958236595584,0.01200727291279677,0.03434789623095906,0.022340623318162292,30.0,30.0,0.0,0.0,0.0,0.0,10.442034054435817,10.442034782892058,10.442034054733123,0.25381808232499176,0.00063357492073992,4,none,0.12495112868420474,0.1431795276933987,0.12495112868420474,3.240989922948334,3.0642091815276578,0.08835542911108346,0.08155522112358564,133,0.03372556732386298,0.032714565994736086,0.2699100654712716,0.2618188914276817,0.37018425554888873,0,False,0,False,0.4730667959677093,0.024457731248718795,,0.02549941896295742,0.03567864212868025,,0.5918281349937746,0,False,False,False,False,False,0.007630644429328303,2972,1550,0
9,True,9,9,1,0.0045000000000000005,0.0005,0.0005,0,0,0,False,False,,,none,1.01125,0.7955416466325183,0.757836244421217,1.0260010660241172,0.017091916271430557,0.026205072104730595,True,2,1,4,1,True,2,,,2,2,2,259,,,,,,,,,6,0.8,1.1529470249733473e-06,3.7558438060645985e-07,3.1323082810233724e-07,1.1814571080286544e-06,1.7217156905643678e-06,False,0.004245509691930143,0.0,0.004245509691930143,0.7961174451657673,0.7957394743402347,0.0004570862479682837,0.0003744573664887107,0.8477706490913292,0.9145695305268389,0.8527452029865378,0.9226035364141632,-0.95201038750998,0.7794601090533024,3.140290796624407,3.061730017322127,0.9749829603721007,3.140290796624407,3.061730017322127,0.9749829603721007,0.0041200989014480655,0.026205072104730595,0.02208497320328253,0.0041200989014480655,0.026205072104730595,0.02208497320328253,0.02110269945473349,0.029760051937549898,0.008657352482816408,0.012765638341841141,0.03432881825098598,0.021563179909144838,30.0,30.0,0.0,0.0,0.0,0.0,10.661752668659675,10.661753439789603,10.661752667639698,0.2560722069396253,0.0006374526416266288,4,none,0.13725080083918323,0.15717451906187113,0.13725080083918323,3.2908513063605516,3.113701514833841,0.09552210320659855,0.08815925366340546,146,0.036504441951764485,0.036479164870151286,0.2659688812638459,0.2657847141663962,0.36586663510151113,0,False,0,False,0.4712720350063304,0.023036673002844704,,0.01803455896840022,0.03877202083687049,,0.591536537210834,0,False,False,False,False,False,0.008080416237461115,2972,1550,0
10,True,10,10,1,0.005000000000000001,0.0005,0.0005,0,0,0,False,False,,,none,1.0125,0.8190938276071967,0.779779555486491,1.0283825305141938,0.017395421161607326,0.026758118403087672,True,2,1,4,1,True,2,,,2,2,2,259,,,,,,,,,6,0.8,1.2453546719668821e-06,4.0469753303234683e-07,3.242565961520951e-07,1.1669193986024497e-06,1.7836848306847973e-06,False,0.004392584220604168,0.0,0.004392584220604168,0.7885214677673078,0.7881820338777433,0.0010272517133577764,0.0008360923443128459,0.8437505614082186,0.9129331340073339,0.8492630420669685,0.9218449076600782,-0.952202060246481,0.802050223613259,3.140290796624407,3.0614358793434007,0.9748892945310129,3.140290796624407,3.0614358793434007,0.9748892945310129,0.0038476444092492594,0.026758118403087672,0.02291047399383841,0.0038476444092492594,0.026758118403087672,0.02291047399383841,0.020989748881933706,0.0297610103012324,0.008771261419298695,0.013497027685803674,0.033983705480959796,0.020486677795156123,30.0,30.0,0.0,0.0,0.0,0.0,10.862021354898312,10.862022169405785,10.862021352469736,0.25687192388790536,0.0006405725787203248,4,none,0.15159909338625854,0.1733225861061069,0.15159909338625854,3.8393265248763626,3.659689584005171,0.09028801535013403,0.08284806123930774,161,0.04023712317814439,0.039286376482911486,0.2654179670825895,0.25914651338193645,0.3531803946769346,0,False,0,False,-0.005904066400659156,0.48337636462710803,,0.01196474682792472,0.039081061082397006,,0.6244219472015693,0,False,False,False,False,False,0.006077674332671903,2972,1550,0
11,True,11,11,1,0.005500000000000001,0.0005,0.0005,0,0,0,False,False,,,none,1.01375,0.8426460085818768,0.8017350538394937,1.0310061773285,0.017698989404907776,0.02741437033840127,True,2,1,4,1,True,2,,,2,2,2,271,,,,,,,,,6,0.8,1.3578638931779124e-06,4.483083730340064e-07,3.3615708421597045e-07,1.168106564694021e-06,1.8767656437282001e-06,False,0.004505623643432453,0.0,0.004505623643432453,0.7813623144626329,0.7810626130531703,0.001903731136820607,0.001544646610060759,0.8412594028390132,0.9119364374562678,0.8483825895315006,0.920826467979152,-0.9525700362866616,0.8227193069877935,3.140290796624407,3.061245731587605,0.9748287435285389,3.140290796624407,3.061245731587605,0.9748287435285389,0.0035765765274596824,0.02741437033840127,0.023837793810941588,0.0035765765274596824,0.02741437033840127,0.023837793810941588,0.020886403465061033,0.029762850181433306,0.008876446716372274,0.0141834688638632,0.03347616949811426,0.019292700634251057,30.0,30.0,0.0,0.0,0.0,0.0,11.041693825204755,11.041694684175452,11.041693821293896,0.2560899799695796,0.0006425362039130176,4,none,0.1739885486869187,0.19808295556704586,0.1739885486869187,4.288078977696979,4.10786120514341,0.09238773660527648,0.08471004252483968,184,0.04704351126137456,0.04699499164667251,0.2703828017212004,0.27010393500802743,0.3275424092620234,0,False,0,False,0.47747711557820766,0.029993025690961708,,0.02694737326583048,0.039281113494194476,,0.6288702806126365,0,False,False,False,False,False,0.014983961957549766,2972,1550,0
12,True,12,12,1,0.006000000000000002,0.0005,0.0005,0,0,0,False,False,,,none,1.015,0.8661981895565555,0.8237404745464796,1.0338582935543115,0.017997732544142497,0.028260591321711513,True,2,1,4,1,True,2,,,2,2,2,218,,,,,,,,,6,0.8,1.4812486816626703e-06,5.222725569210298e-07,3.4905165993452716e-07,1.180905769142707e-06,1.9958060470741654e-06,False,0.0045792012430237485,0.0,0.0045792012430237485,0.7748659898463575,0.7746049562042487,0.002363202073930615,0.0019069008176237855,0.8387483451734353,0.9115517635692992,0.8475077296346174,0.9196174353461476,-0.9530818314514796,0.8422558581418158,3.140290796624407,3.0612078080119045,0.9748166670750648,3.140290796624407,3.0612078080119045,0.9748166670750648,0.003320004852816106,0.028260591321711513,0.024940586468895406,0.003320004852816106,0.028260591321711513,0.024940586468895406,0.02078872070929092,0.029765409157257398,0.008976688447966476,0.01482076013894969,0.03412800562802837,0.019307245489078678,30.0,30.0,0.0,0.0,0.0,0.0,11.200153898991221,11.200154803855185,11.200153893521707,0.25366199300841585,0.0006436757098163898,4,none,0.20250180366705667,0.2293025516464563,0.20250180366705667,4.537385882372607,4.354639540382481,0.10107253717929478,0.09300508195416346,213,0.054820626715101156,0.054761624530714634,0.2707167329987563,0.2704253667821693,0.3117400224750326,0,False,0,False,0.47367269084314023,0.0220449315505149,,0.028044194543168335,0.03700007354417862,,0.6285901819543747,0,False,False,False,False,False,0.0025310393454052397,2972,1550,0
13,True,13,13,1,0.006500000000000002,0.0005,0.0005,0,0,0,False,False,,,none,1.01625,0.8897503705312353,0.8458405625181759,1.036901923118563,0.01828651963633158,0.029490510517295284,True,2,1,4,1,True,2,,,2,2,2,283,,,,,,,,,6,0.8,1.6304396552663055e-06,6.481855318771759e-07,3.6307660769166965e-07,1.196290319885947e-06,2.154393906811268e-06,False,0.004724669841817346,0.0,0.004724669841817346,0.7682532300684701,0.7680259766983916,0.0028555967052309103,0.0022938982848479364,0.8386894601678837,0.9108221076210508,0.8471911682899306,0.9181625882432204,-0.9537054909731099,0.8615791515946949,3.140290796624407,3.061374031993019,0.9748695997465527,3.140290796624407,3.061374031993019,0.9748695997465527,0.0030720549840015663,0.029490510517295284,0.02641845553329372,0.0030720549840015663,0.029490510517295284,0.02641845553329372,0.020692104242026523,0.02976852745486555,0.009076423212839028,0.015030569001684018,0.03475676649802366,0.01972619749633964,30.0,30.0,0.0,0.0,0.0,0.0,11.337471253546223,11.337472205952759,11.337471246408278,0.24968991340711597,0.000645145995812003,4,none,0.21819731255533018,0.24652715636056316,0.21819731255533018,4.637108639631222,4.4514254557680415,0.10632796232273257,0.09803480468154117,229,0.055611324650716276,0.05555250358453928,0.25486713836869296,0.25459756095965824,0.28708264683572415,0,False,0,False,0.47562206232170495,0.023585867134744636,,0.008821302466587926,0.027276899512458624,,0.6283257379057474,0,False,False,False,False,False,0.021542044773859605,2972,1550,0
14,True,14,14,1,0.007000000000000003,0.0005,0.0005,0,0,0,False,False,,,none,1.0175,0.9133025515059148,0.8680839824778093,1.0400733422267079,0.01856081842632197,0.030810602528747105,True,2,1,4,1,True,2,,,2,2,2,280,,,,,,,,,6,0.8,1.8601820041283462e-06,8.490027982009113e-07,3.781973779673495e-07,1.2063490245126556e-06,2.4040370349642996e-06,False,0.00492899513915343,0.0,0.00492899513915343,0.7621218210330784,0.7619321744137176,0.0034269545151912662,0.00274399935128451,0.8405596097010012,0.9110992373882711,0.8479992509228345,0.9170739965193778,-0.9544099528307677,0.8788868223551076,3.140290796624407,3.061793649463507,0.9750032235087022,3.140290796624407,3.061793649463507,0.9750032235087022,0.002828521760889156,0.030810602528747105,0.02798208076785795,0.002828521760889156,0.030810602528747105,0.02798208076785795,0.020605565888224462,0.029772049764153836,0.009166483875929374,0.014988184014722133,0.035362088198418816,0.02037390418369668,30.0,30.0,0.0,0.0,0.0,0.0,11.45455515081777,11.454556152382244,11.454555141841627,0.24456708405878266,0.000648461852695338,4,none,0.24520986517195653,0.27559367686592345,0.24520986517195653,4.587247267788532,4.395602878261753,0.12015645147412536,0.11157052716687868,256,0.06346205219992276,0.061396361294790244,0.25880709226530996,0.2503829169015499,0.258561306782339,0,False,0,False,0.48029299373427664,0.027050659539542752,,0.011913745470402425,0.02547223420731103,,0.6401049417924491,0,False,False,False,False,False,0.0035805056340473345,2972,1550,0
15,True,15,15,1,0.007500000000000003,0.0005,0.0005,0,0,0,False,False,,,none,1.01875,0.9368547324805956,0.8905161710040085,1.043284961153505,0.018817925091074775,0.03226433529494016,True,2,1,4,1,True,2,,,2,2,2,242,,,,,,,,,6,0.8,2.2454271385523613e-06,1.142108358603043e-06,3.9410683328860575e-07,1.2126772460461687e-06,2.8235192289873423e-06,False,0.005101228474707394,0.0,0.005101228474707394,0.7572353868043588,0.7570784324573542,0.004455398573119903,0.0035661744488244707,0.840824664043434,0.9108816108470498,0.8482277898279239,0.9158576757066675,-0.9551657031099543,0.8942259206017018,3.140290796624407,3.0625025963151757,0.9752289818532576,3.140290796624407,3.0625025963151757,0.9752289818532576,0.0025804164212520375,0.03226433529494016,0.029683918873688122,0.0025804164212520375,0.03226433529494016,0.029683918873688122,0.020528870396991493,0.02977582851554977,0.009246958118558277,0.014759614955931385,0.03594201597262803,0.02118240101669664,30.0,30.0,0.0,0.0,0.0,0.0,11.553143013880339,11.553144065860174,11.553143002841109,0.23901154829385599,0.0006547482775330462,4,none,0.27445791473964054,0.3068132731040629,0.27445791473964054,4.73683142466217,4.539499357307754,0.1295436740715107,0.12091990465768612,285,0.07029552454740584,0.06925397093851274,0.256124967698929,0.2523300193554602,0.23063777665542912,0,False,0,False,0.48167329135857684,0.022997737584268,,0.011318063719618725,0.02239062242498395,,0.6466380501644335,0,False,False,False,False,False,0.0031386570257347034,2972,1550,0
16,True,16,16,1,0.008000000000000004,0.0005,0.0005,0,0,0,False,False,,,none,1.02,0.9604069134552737,0.9131688837316683,1.0464348018718017,0.01905820092230919,0.03391210641771285,True,2,1,4,1,True,2,,,2,2,2,271,,,,,,,,,6,0.8,2.812395815858841e-06,1.5297193258542148e-06,4.102785398417237e-07,1.228591092732311e-06,3.453603334829873e-06,False,0.005235112099972013,0.0,0.005235112099972013,0.7538130299099723,0.753683775590109,0.005295377268679859,0.004232550120109166,0.8368048048149904,0.9109718840120236,0.8476534788099448,0.9158258575757565,-0.9559454938380982,0.9076749616285245,3.140290796624407,3.063511636928333,0.9755503026093614,3.140290796624407,3.063511636928333,0.9755503026093614,0.0023277386195731764,0.03391210641771285,0.031584367798139674,0.0023277386195731764,0.03391210641771285,0.031584367798139674,0.020461625191857378,0.029779727469190487,0.00931810227733311,0.013748265223499971,0.036490948736828295,0.022742683513328324,30.0,30.0,0.0,0.0,0.0,0.0,11.635526362388289,11.635527465389938,11.63552634905036,0.23388516638425955,0.0006643773795425381,3,merge,0.3050648330643474,0.3391094070729098,0.3050648330643474,5.235445262186842,5.040981316289399,0.12954367397254155,0.12103390745709079,315,0.1599602499106209,0.0740379271154741,0.5243483763888329,0.24269571281543706,0.3614702385992875,0,False,0,False,-0.22293238933736081,-0.21900222001337194,,-0.006428654506778984,0.009839811730166728,,0.6679918636332705,0,False,False,False,False,False,0.021736348748221144,2972,1550,0
17,True,17,17,1,0.008500000000000004,0.0005,0.0005,0,0,0,False,False,,,none,1.02125,0.9839590944299541,0.9360496556507643,1.049419243199896,0.019285789114861472,0.035645885585310816,True,2,1,4,1,True,2,,,2,2,2,304,,,,,,,,,6,0.8,3.4835142319962325e-06,1.983956202362582e-06,4.261267089856196e-07,1.2674014849192963e-06,4.225972564215226e-06,False,0.005324312947102717,0.0,0.005324312947102717,0.7520033966902656,0.7518970974112943,0.005751271172077279,0.004584724073237458,0.8313045477959423,0.9116940899846709,0.8431410233459907,0.917872583823826,-0.9567249816594818,0.9193314125290873,3.140290796624407,3.064797917559176,0.9759599081886364,3.140290796624407,3.064797917559176,0.9759599081886364,0.002080239543649452,0.035645885585310816,0.033565646041661366,0.002080239543649452,0.035645885585310816,0.033565646041661366,0.020403342937354563,0.029783624908297408,0.009380281970942844,0.01050062146092174,0.0369975598610489,0.026496938400127158,30.0,30.0,0.0,0.0,0.0,0.0,11.704093836753065,11.704094990540643,11.70409382093842,0.22987117869406312,0.0006771215716029364,3,none,0.336119014443496,0.37140554117246416,0.336119014443496,5.335168029138836,5.145919750380389,0.13922918234026596,0.1306351559091647,345,0.18336280571953478,0.07693342536211392,0.5455294042889066,0.2288874537178169,0.3447494957985029,0,False,0,False,-0.2313456636386319,-0.21736930532796922,,-0.016486729391358784,-0.0013643251131083883,,0.6678171743128234,0,False,False,False,False,False,0.015056478764526912,2972,1550,0
18,True,18,18,1,0.009000000000000005,0.0005,0.0005,0,0,0,False,False,,,none,1.0225,1.0075112754046331,0.9591358244707473,1.0521445842368353,0.019508404981115505,0.03743164841225035,True,2,1,4,1,True,2,,,2,2,2,384,,,,,,,,,6,0.8,4.089706489746231e-06,2.4326436962602554e-06,4.411382157130996e-07,1.3212918689121421e-06,4.958212344529334e-06,False,0.005362475657360172,0.0,0.005362475657360172,0.7518832135541718,0.7517955540478606,0.005979814296061424,0.004755560136696358,0.8273066301730376,0.9128171669797223,0.8376957075188509,0.9190624191781184,-0.9574832140502667,0.9293011891265188,3.140290796624407,3.06630414148628,0.9764395529173102,3.140290796624407,3.06630414148628,0.9764395529173102,0.0014444118838768717,0.03743164841225035,0.035987236528373476,0.0014444118838768717,0.03743164841225035,0.035987236528373476,0.020353494054367406,0.02978741607025133,0.009433922015883923,0.007739916118733777,0.037871794878662476,0.0301318787599287,30.0,30.0,0.0,0.0,0.0,0.0,11.76088674260784,11.760887946031842,11.760886724248849,0.22728167058206727,0.0006923475578775807,3,none,0.36841002938267486,0.4047782125319013,0.36841002938267486,5.684197675695884,5.501313293466673,0.14242228565084047,0.1339353022559891,376,0.1988070159236355,0.0858671875592406,0.539635189239462,0.2330750541811353,0.3349806671583362,0,False,0,False,-0.22829482246713717,-0.21905964275249704,,-0.009110358486179467,0.000822511874533884,,0.6743669354558063,0,False,False,False,False,False,0.007693705462343634,2972,1550,0
19,True,19,19,1,0.009500000000000005,0.0005,0.0005,0,0,0,False,False,,,none,1.02375,1.0310634563793117,0.9823777159344469,1.054534800754962,0.01977234704493186,0.03921201663760706,True,2,1,4,1,True,2,,,2,2,2,313,,,,,,,,,7,0.8,1.1206985308687628e-06,6.662304205376958e-07,9.130207315482842e-08,3.1493435636966937e-07,1.3443763936210668e-06,False,0.005343340344424269,0.0,0.005343340344424269,0.7534734652311813,0.7534006345999854,0.0063603220545113736,0.005057902500365695,0.8234863141281863,0.9160410466650534,0.8365805962241747,0.9205347138158606,-0.9582029446092524,0.9376903845962246,3.140290796624407,3.067948535736985,0.9769631968589708,3.140290796624407,3.067948535736985,0.9769631968589708,0.0009148187628347033,0.03921201663760706,0.03829719787477236,0.0009148187628347033,0.03921201663760706,0.03829719787477236,0.020311548077018876,0.02979101472304626,0.009479466646027383,0.0054790732003891385,0.03952470946784551,0.034045636267456374,30.0,30.0,0.0,0.0,0.0,0.0,11.807310414236104,11.807311661190932,11.807310391328926,0.22610592357228287,0.0007090151189108931,3,none,0.4019644245373406,0.4392274219165211,0.4019644245373406,5.983365955769472,5.801997608973114,0.14681616506942727,0.13856069982368835,408,0.2205751142982897,0.09074545118419941,0.5487428758208409,0.2257549316426374,0.3205406777439007,0,False,0,False,-0.2316958552836107,-0.22082456266768552,,-0.017591430207340622,-0.0012054525541298727,,0.6742786379126297,0,False,False,False,False,False,0.008720161538836592,2972,1550,0
20,True,20,20,1,0.010000000000000005,0.0005,0.0005,0,0,0,False,False,,,none,1.025,1.054615637353991,1.0057094745515618,1.0565348300361814,0.020197778477766208,0.040937871479084356,True,2,1,4,1,True,2,,,2,2,2,388,,,,,,,,,7,0.8,1.129860476636942e-06,7.002968352301035e-07,9.361570022296276e-08,3.1260972664305355e-07,1.3687545779355907e-06,False,0.005260984231719407,0.0,0.005260984231719407,0.755801536510813,0.7557440230025667,0.006399207471555972,0.005088795265605918,0.8217434303759027,0.9178271368838021,0.8350964303738467,0.9220242057148299,-0.9588707785270312,0.9446022339034472,3.140290796624407,3.069640546797579,0.9775020039854996,3.140290796624407,3.069640546797579,0.9775020039854996,0.0005628298020085639,0.040937871479084356,0.04037504167707579,0.0005628298020085639,0.040937871479084356,0.04037504167707579,0.02027698883048276,0.029794353892635156,0.009517365062152394,0.0036890185452982645,0.041204004440574385,0.03751498589527612,30.0,30.0,0.0,0.0,0.0,0.0,11.844026753303906,11.844028045614944,11.844026728297715,0.2260879907079947,0.0007255972967055967,3,none,0.4244268562967893,0.4618347155381894,0.4244268562967893,6.033227326093828,5.849743986379644,0.15309707079683377,0.14510954916489036,429,0.23425072353419596,0.0955574387114258,0.5519224810090512,0.22514465636124892,0.3099037207758324,0,False,0,False,-0.22847428313750504,-0.22400073526789144,,-0.01760546879747918,-0.005530586127004743,,0.6741751549546561,0,False,False,False,False,False,0.00432515635615898,2972,1550,0
21,True,21,21,1,0.010500000000000006,0.0005,0.0005,0,0,0,False,False,,,none,1.02625,1.078167818328671,1.0290707045511656,1.0581114604350983,0.02062093630162798,0.04257277294956808,True,2,1,4,1,True,2,,,2,2,2,287,,,,,,,,,7,0.8,1.0577678431113867e-06,6.674451804504059e-07,9.551481977673974e-08,2.928429424324221e-07,1.2881133290811224e-06,False,0.005283270793020756,0.0,0.005283270793020756,0.7592532406941838,0.7592009450735979,0.006551172106021779,0.005222336667300285,0.8206080063709139,0.9190832980040465,0.8353171670203304,0.9239643963561298,-0.9595264298041404,0.9501336253570992,3.140290796624407,3.071308150445484,0.9780330387704621,3.140290796624407,3.071308150445484,0.9780330387704621,0.00033514482300570867,0.04257277294956808,0.04223762812656237,0.00033514482300570867,0.04257277294956808,0.04223762812656237,0.020249331873214503,0.0297976321490207,0.009548300275806196,0.00233898824410683,0.043042569022099644,0.04070358077799281,30.0,30.0,0.0,0.0,0.0,0.0,11.870967212492893,11.87096854720804,11.870967185707974,0.22673834248015598,0.0007402646931855817,3,none,0.4521873116152109,0.4898246976538902,0.4521873116152109,5.933504608086619,5.745088260514228,0.16510468264786407,0.15741701123134244,455,0.2530971525088469,0.10161092110268206,0.5597175020342456,0.22470980165217008,0.2971861691328212,0,False,0,False,-0.23033362888663106,-0.22277650840606492,,-0.01903398473562953,-0.01108867052155559,,0.6895468078893745,0,False,False,False,False,False,0.00573872459022902,2972,1550,0
22,True,22,22,1,0.011000000000000006,0.0005,0.0005,0,0,0,False,False,,,none,1.0275,1.1017199993033506,1.0524224971985194,1.0592519651465122,0.021155633189770106,0.04440552469826213,True,2,1,4,1,True,2,,,2,2,2,363,,,,,,,,,6,0.8,3.8022362939571557e-06,2.449355411516611e-06,4.849665566434358e-07,1.2115492269716978e-06,4.707375793098429e-06,False,0.00538961204223062,0.0,0.00538961204223062,0.7644580183363248,0.7644126110875177,0.006399207471555971,0.005117296377796794,0.8215906777984786,0.9212057209374088,0.8351488179287431,0.9247629410446536,-0.9603075381749788,0.9543791119922718,3.140290796624407,3.07291392048164,0.97854438314592,3.140290796624407,3.07291392048164,0.97854438314592,0.00019320038514135897,0.04440552469826213,0.04421232431312077,0.00019320038514135897,0.04440552469826213,0.04421232431312077,0.02022810444003864,0.02980153769087489,0.00957343325083625,0.0014142968210281146,0.04485429619216059,0.04343999937113247,30.0,30.0,0.0,0.0,0.0,0.0,11.887434279164205,11.887435656060442,11.887434252345214,0.22737865090418272,0.0007511625174390753,3,none,0.4829393541409382,0.5210442939524548,0.4829393541409382,5.8836432244397185,5.686637130917902,0.1771162098300317,0.16985059641496245,484,0.2718386852366423,0.10762092691683565,0.5628836890300526,0.2228456347449129,0.2822383221763669,0,False,0,False,-0.23453809042774587,-0.22240315314035022,,-0.02262820625438276,-0.012534343321131423,,0.6948557397704562,0,False,False,False,False,False,0.003874067393489974,2972,1550,0
23,True,23,23,1,0.011500000000000007,0.0005,0.0005,0,0,0,False,False,,,none,1.02875,1.1252721802780303,1.0757589177078577,1.0599620840655493,0.021641262643872953,0.046242324883406995,True,2,1,4,1,True,2,,,2,2,2,333,,,,,,,,,6,0.8,3.5760522815627593e-06,2.0759114876185544e-06,4.91553590793167e-07,1.1940649244569685e-06,4.331855768759733e-06,False,0.005430761943294348,0.0,0.005430761943294348,0.7707766730796791,0.7707269141615876,0.00594331356815855,0.0047738256135866075,0.8229928584237247,0.9218278355709051,0.8347750518974917,0.925616958890337,-0.9610478862661799,0.9574357038614095,3.140290796624407,3.0744664569162463,0.9790387757150015,3.140290796624407,3.0744664569162463,0.9790387757150015,0.00011403361623641034,0.046242324883406995,0.046128291267170586,0.00011403361623641034,0.046242324883406995,0.046128291267170586,0.020212821480692953,0.029805239431330895,0.009592417950637942,0.0008920401793180771,0.04664253817746429,0.04575049799814621,30.0,30.0,0.0,0.0,0.0,0.0,11.892267062035044,11.89226847542698,11.892267033937067,0.22731345077972923,0.0007568911232326185,3,none,0.5095257612471821,0.5479577385538129,0.5095257612471821,6.132950154852873,5.942044103664183,0.17869303507064235,0.17149847842192256,509,0.2862858977643828,0.11263378303697602,0.5618673667522363,0.22105611061014618,0.2758981028568228,0,False,0,False,-0.2333160011971018,-0.2270275051850639,,-0.023095637161540516,-0.0116792727804966,,0.708271104187818,0,False,False,False,False,False,0.000974493346528262,2972,1550,0
24,True,24,24,1,0.012000000000000007,0.0005,0.0005,0,0,0,False,False,,,none,1.03,1.1488243612527094,1.0991033056348638,1.060262952674126,0.02205519821142488,0.048078285608155795,True,2,1,4,1,True,2,,,2,2,2,463,,,,,,,,,6,0.8,3.5263770808318673e-06,1.7249990689621155e-06,4.974377422293396e-07,1.2307188260642545e-06,4.144040328032492e-06,False,0.005506716417178561,0.0,0.005506716417178561,0.7776848545064331,0.7776407771371833,0.004569670135111973,0.00368559690070997,0.8267779823314818,0.9209497066311143,0.8356558409788865,0.9255308703613646,-0.9619274089739587,0.9594136828358617,3.140290796624407,3.076012535409366,0.9795311118052712,3.140290796624407,3.076012535409366,0.9795311118052712,8.224698000863522e-05,0.048078285608155795,0.04799603862814716,8.224698000863522e-05,0.048078285608155795,0.04799603862814716,0.02020293158582069,0.029809637044869792,0.009606705459049101,0.0007277022717229915,0.048422089394067266,0.04769438712234428,30.0,30.0,0.0,0.0,0.0,0.0,11.884085064398468,11.884086512764606,11.88408503538275,0.22594769906067688,0.0007568578002629478,3,none,0.5350088719710379,0.5737946455053113,0.5350088719710379,6.132950153989757,5.941320176094283,0.18711863983829458,0.1800976402933878,533,0.29957967295469967,0.1177352803317147,0.5599527197577335,0.22006229522505594,0.2637889874693231,0,False,0,False,-0.23200445157646252,-0.22952325073015725,,-0.02202816400244406,-0.012291289811487227,,0.7127974874396432,0,False,False,False,False,False,0.001230472995077074,2972,1550,0
25,True,25,25,1,0.012500000000000008,0.0005,0.0005,0,0,0,False,False,,,none,1.03125,1.1723765422273886,1.1225027873622648,1.0601880283038227,0.022371900283619895,0.0499352283127917,True,2,1,4,1,True,2,,,2,2,2,459,,,,,,,,,6,0.8,3.5889514892960227e-06,1.448123934637726e-06,5.035647597094901e-07,1.2990148889409797e-06,4.1132290079088e-06,False,0.0056394601607330265,0.0,0.0056394601607330265,0.7864539474962936,0.786413390832403,0.0025893605087730313,0.0020971239776413297,0.8308614863610438,0.9200608575802485,0.8402476773851322,0.9246543412853048,-0.9633419183772528,0.9604460415524115,3.140290796624407,3.0776287290652866,0.9800457754974546,3.140290796624407,3.0776287290652866,0.9800457754974546,8.474453875405007e-05,0.0499352283127917,0.04985048377403765,8.474453875405007e-05,0.0499352283127917,0.04985048377403765,0.020197769792237943,0.029816709591886262,0.00961893979964832,0.0008463401260404421,0.05021540652279422,0.04936906639675378,30.0,30.0,0.0,0.0,0.0,0.0,11.861600959795053,11.86160244283812,11.861600930143927,0.22284196896641656,0.0007516741394946431,3,none,0.5576345778448097,0.5964019393749906,0.5576345778448097,6.282534304418149,6.096962584973735,0.18986030492681116,0.18292209278735863,554,0.314857984748358,0.12495585390446659,0.564631386319776,0.22408196849522113,0.2518064925215755,0,False,0,False,-0.2351460307406444,-0.2243844368074,,-0.023157143444579024,-0.012634106470866716,,0.7124746050042682,0,False,False,False,False,False,0.0011798804357694404,2972,1550,0
26,True,26,26,1,0.013000000000000008,0.0005,0.0005,0,0,0,False,False,,,none,1.0325,1.1959287232020697,1.1460184408907117,1.0597793989085325,0.02256322743774696,0.05183571244879673,True,2,1,4,1,True,2,,,2,2,2,481,,,,,,,,,6,0.8,3.683783060332388e-06,1.2690689076010252e-06,5.108412983886194e-07,1.3701837634534744e-06,4.161628996631297e-06,False,0.005838522425066765,0.0,0.005838522425066765,0.7969651677539205,0.7969263038042083,0.0004947793204420201,0.0004031088514641117,0.8369942598522006,0.9195201604349663,0.8446200512960809,0.9234039118180586,-0.96508008851874,0.9606957549054662,3.140290796624407,3.079406548250606,0.9806119075216704,3.140290796624407,3.079406548250606,0.9806119075216704,0.00010985519628111514,0.05183571244879673,0.05172585725251561,0.00010985519628111514,0.05183571244879673,0.05172585725251561,0.02019652122547267,0.0298254004425937,0.00962887921712103,0.001159686791015863,0.05204702036452662,0.05088733357351075,30.0,30.0,0.0,0.0,0.0,0.0,11.823978177271622,11.823979695909555,11.823978147131813,0.21774433819727634,0.0007432901260522294,3,none,0.5854385074846181,0.6243919158837681,0.5854385074846181,6.581702162331791,6.3955686472389575,0.18973569465275109,0.183076295408809,580,0.3289374833883194,0.1292575487330908,0.5618651304671173,0.22078757560457696,0.23453727561086946,0,False,0,False,-0.23386752642963687,-0.22437672750448406,,-0.022762706528285933,-0.010656118460467526,,0.7147427864957262,0,False,False,False,False,False,0.002016932584450395,2972,1550,0
27,True,27,27,1,0.013500000000000009,0.0005,0.0005,0,0,0,False,False,,,none,1.03375,1.2194809041767463,1.1697153240237057,1.0590835559341518,0.022601405582740926,0.053797961528360576,True,2,1,4,1,True,2,,,2,2,2,467,,,,,,,,,6,0.8,3.7726103410242775e-06,1.2083139430469955e-06,5.198858328430838e-07,1.423410242514848e-06,4.24134287317734e-06,False,0.006063235092515291,0.0,0.006063235092515291,0.8080851122422604,0.8080516259959453,0.0,0.0,0.8447784734807349,0.9194797954515582,0.8504940760275641,0.9227481858274926,-0.966756090336834,0.9604989990493508,3.140290796624407,3.081436627453443,0.9812583696916769,3.140290796624407,3.081436627453443,0.9812583696916769,0.0001480069384688863,0.053797961528360576,0.05364995458989169,0.0001480069384688863,0.053797961528360576,0.05364995458989169,0.020197505004753244,0.02983378045168417,0.009636275446930926,0.001587184316778457,0.05393877733957127,0.05235159302279281,30.0,30.0,0.0,0.0,0.0,0.0,11.77115935077926,11.77116090678331,11.771159320128028,0.2106729965062962,0.0007347718048641177,3,none,0.6153669048052963,0.6545349743529634,0.6153669048052963,7.080315999903762,6.903728516127739,0.1848886333214111,0.17827088749731196,608,0.342921672498983,0.1367784040769049,0.5572637556897608,0.2222713035244915,0.21966155631695575,0,False,0,False,-0.23251512503835334,-0.22545859104545343,,-0.019675511915396935,-0.008378197953343377,,0.7156006840554662,0,False,False,False,False,False,0.0038366251334509592,2972,1550,0
28,True,28,28,1,0.014000000000000009,0.0005,0.0005,0,0,0,False,False,,,none,1.035,1.243033085151426,1.1936516175681864,1.058147049655334,0.022798304111914802,0.05583086382702911,True,2,1,4,1,True,2,,,2,2,2,603,,,,,,,,,6,0.8,3.857242595411158e-06,1.284315341275869e-06,5.308335939934629e-07,1.4487373949943088e-06,4.348380236347515e-06,False,0.006178993077815258,0.0,0.006178993077815258,0.8201741668032401,0.820140183087355,0.0,0.0,0.8528657115376499,0.9198386581141744,0.8577766405754982,0.9228235317256254,-0.968351841205902,0.9606548282954378,3.140290796624407,3.0837916880195992,0.982008319527115,3.140290796624407,3.0837916880195992,0.982008319527115,0.0001923479159766904,0.05583086382702911,0.05563851591105242,0.0001923479159766904,0.05583086382702911,0.05563851591105242,0.020196725858522814,0.02984175920602951,0.009645033347506694,0.0020685066765739136,0.055905157257969386,0.05383665058139547,30.0,30.0,0.0,0.0,0.0,0.0,11.704057300174624,11.70405889551351,11.704057268829024,0.20202224776605857,0.0007295985618797638,3,none,0.6568660031246489,0.6965199428644253,0.6568660031246489,7.329622932541776,7.162359734903511,0.19005614593679657,0.18342167314596577,647,0.3672714766370857,0.14724519836188837,0.5591269374423555,0.22416321998924743,0.2003369213211236,0,False,0,False,-0.23125762877862846,-0.2247252560089033,,-0.0191818649459981,-0.010386766571190077,,0.7154418425644951,0,False,False,False,False,False,0.0020683411766425908,2972,1550,0
29,True,29,29,1,0.01450000000000001,0.0005,0.0005,0,0,0,False,False,,,none,1.0362500000000001,1.2665852661261061,1.2178669254600583,1.057012711985105,0.02321408863195863,0.05792882763237446,True,2,1,4,1,True,2,,,2,2,2,533,,,,,,,,,6,0.8,3.957361224121273e-06,1.4941849699396764e-06,5.43327939625771e-07,1.4466614936397462e-06,4.503479911105434e-06,False,0.006200706767873879,0.0,0.006200706767873879,0.8330998631488591,0.833064395066471,0.0,0.0,0.8629127920707106,0.9209499239993749,0.8663316550724587,0.9235438651879562,-0.9698541221924236,0.9641221446852384,3.140290796624407,3.0865100144476356,0.982873948414401,3.140290796624407,3.0865100144476356,0.982873948414401,0.00023862609820528652,0.05792882763237446,0.05769020153416917,0.00023862609820528652,0.05792882763237446,0.05769020153416917,0.020179389276573808,0.029849270610962115,0.009669881334388307,0.0023855393137422348,0.05812996240832547,0.05574442309458324,30.0,30.0,0.0,0.0,0.0,0.0,11.624506899214717,11.624508535298082,11.62450686689046,0.19261624442789077,0.0007306850861779009,2,merge,0.7025586834443533,0.7428110653417306,0.7025586834443533,7.878097936559688,7.710175758242645,0.18857624551596044,0.18224193727186452,690,0.3823005352848079,0.3202581481595454,0.5441545941906906,0.4558454058093094,0.011605019947696915,0,False,0,False,-0.23143625263917122,-0.22101778683760892,,-0.013700133085731224,-0.0005666401115008778,,0.720187674770725,0,False,False,False,False,False,0.011246522479066712,2972,1550,0
30,True,30,30,1,0.01500000000000001,0.0005,0.0005,0,0,0,False,False,,,none,1.0375,1.2901374471007845,1.2423716585189286,1.0557168605659075,0.02372243394682994,0.06006704619506063,True,2,1,4,1,True,2,,,2,2,2,455,,,,,,,,,6,0.8,4.086368660286429e-06,1.8114174439125073e-06,5.567201772312163e-07,1.425081198856561e-06,4.72445084247391e-06,False,0.006380366538414922,0.0,0.006380366538414922,0.84597624425047,0.8459082568529046,0.0,0.0,0.8736383095361837,0.9227177242349366,0.8755768756303365,0.9249422432366169,-0.9712542884969979,0.9671654524491292,3.140290796624407,3.089583360957523,0.9838526305521161,3.140290796624407,3.089583360957523,0.9838526305521161,0.00028450178882919927,0.06006704619506063,0.05978254440623144,0.00028450178882919927,0.06006704619506063,0.05978254440623144,0.020164172737754355,0.02985627144248499,0.009692098704730635,0.0027333020644898006,0.060578742790683815,0.05784544072619401,30.0,30.0,0.0,0.0,0.0,0.0,11.534952188547711,11.534953865617592,11.534952154954132,0.18362011679395893,0.0007397168977476429,2,none,0.7568131134046423,0.7977144866712025,0.7568131134046423,7.927959745121505,7.748379744195379,0.20124080149677312,0.1953474502773567,741,0.40862977263352485,0.3481833407711175,0.5399348470525832,0.4600651529474169,-0.024041006076705895,0,False,0,False,-0.22887488767903982,-0.21791199753637244,,-0.014008703989026709,0.002795388060805543,,0.7198900489452823,0,False,False,False,False,False,0.003376158976372802,2972,1550,0
31,True,31,31,1,0.01550000000000001,0.0005,0.0005,0,0,0,False,False,,,none,1.03875,1.313689628075466,1.267141504923977,1.054287432493207,0.024196886762157813,0.062198490212163365,True,2,1,4,1,True,2,,,2,2,2,400,,,,,,,,,7,0.8,1.050653077932096e-06,5.073029907178078e-07,1.1396632772522925e-07,3.0095426225765393e-07,1.2102850930196746e-06,False,0.006470933734623586,0.0,0.006470933734623586,0.8570951215551239,0.8570275387571764,0.0,0.0,0.8836890250281461,0.924787000467932,0.8853780033400734,0.926581211459906,-0.9725477872591063,0.9696937542125915,3.140290796624407,3.0929545587867358,0.9849261610139562,3.140290796624407,3.0929545587867358,0.9849261610139562,0.0003287557572502359,0.062198490212163365,0.06186973445491313,0.0003287557572502359,0.062198490212163365,0.06186973445491313,0.020151531228937043,0.02986273893629553,0.009711207707358487,0.003134034934758337,0.06306845181235525,0.059934416877596916,30.0,30.0,0.0,0.0,0.0,0.0,11.437964211272675,11.437965925943393,11.437964175107552,0.1762663993780117,0.000757205676187272,1,merge,0.8050543118423783,0.8461586878258425,0.8050543118423783,7.778375594411686,7.603311695558119,0.21756693992348702,0.21176412176096734,786,0.8050543118423783,0.0,1.0,0.0,,0,False,0,False,-0.008478399121316392,0.005643263335049033,,-0.008478399121316392,0.005643263335049033,,0.7195782827978463,0,False,False,False,False,False,0.006220503637766628,2972,1550,0
32,True,32,32,1,0.01600000000000001,0.0005,0.0005,0,0,0,False,False,,,none,1.04,1.337241809050144,1.292115644492772,1.05274291086255,0.02461996821251927,0.06424925074604734,True,2,1,4,1,True,1,,,2,1,2,299,,,,,,,,,7,0.8,1.0915218721312499e-06,6.101950724667958e-07,1.1653330173958683e-07,2.964986608028779e-07,1.2904454618758192e-06,False,0.006465053411545678,0.0,0.006465053411545678,0.8682381900664664,0.8681705500041956,0.0,0.0,0.8938261281558689,0.9270039254983533,0.8953415677591231,0.9287488400563777,-0.9737335542470726,0.9719002078151917,3.140290796624407,3.0965208248760603,0.9860618093727509,3.140290796624407,3.0965208248760603,0.9860618093727509,0.00037056716291305065,0.06424925074604734,0.0638786835831343,0.00037056716291305065,0.06424925074604734,0.0638786835831343,0.02014049896092404,0.029868667771235362,0.00972816881031132,0.003547758897053144,0.06554745229332766,0.061999693396274515,30.0,30.0,0.0,0.0,0.0,0.0,11.335770328551307,11.335772080464656,11.33577029093315,0.17151187724617392,0.0007829174674795606,1,none,0.8507485664830727,0.8913732750546185,0.8507485664830727,7.479207291483321,7.316881529823817,0.23836036101570227,0.23254403204846147,828,0.8507485664830727,0.0,1.0,0.0,,0,False,0,False,-0.007569522170064312,0.006716191509656639,,-0.007569522170064312,0.006716191509656639,,0.7227069839514343,0,False,False,False,False,False,0.0014061408821252888,2972,1550,0
33,True,33,33,1,0.01650000000000001,0.0005,0.0005,0,0,0,False,False,,,none,1.04125,1.3607939900248218,1.3172087434823476,1.0510918500702702,0.02498264962395725,0.06611985233567051,True,2,1,4,1,True,2,,,2,2,2,548,,,,,,,,,7,0.8,1.1334759624033038e-06,7.184291847393438e-07,1.1895176729881794e-07,2.9230202278814814e-07,1.3785855962909555e-06,False,0.006625744500043086,0.0,0.006625744500043086,0.8790100596371018,0.8789423486142804,0.0,0.0,0.9028677076972652,0.9289422342536566,0.904975546455932,0.9301727696688453,-0.9748133113345561,0.9741037536362994,3.140290796624407,3.1001548657329523,0.9872190400536797,3.140290796624407,3.1001548657329523,0.9872190400536797,0.0004092982311941484,0.06611985233567051,0.06571055410447636,0.0004092982311941484,0.06611985233567051,0.06571055410447636,0.020129481231818503,0.029874066556672782,0.009744585324854279,0.003946315160031918,0.06795425756133452,0.0640079424013026,30.0,30.0,0.0,0.0,0.0,0.0,11.229922675976832,11.229924461327746,11.229922637064483,0.16985397311902392,0.0008163546823960842,1,none,0.8875250086258225,0.9268990215801556,0.8875250086258225,7.229900305793608,7.070186854269594,0.2564071376855347,0.25106125960160663,861,0.8875250086258225,0.0,1.0,0.0,,0,False,0,False,-0.008111975726812916,0.00937641976612214,,-0.008111975726812916,0.00937641976612214,,0.7224678167149805,0,False,False,False,False,False,0.0027149714985109314,2972,1550,0
34,True,34,34,1,0.01700000000000001,0.0005,0.0005,0,0,0,False,False,,,none,1.0425,1.3843461709995033,1.3423222470935074,1.0493330126427443,0.02528277185089689,0.0676766978728763,True,2,1,4,1,True,2,,,2,2,2,714,,,,,,,,,7,0.8,1.1672439517310366e-06,8.074511876000842e-07,1.2117247954946028e-07,2.8643482243445037e-07,1.452984356596e-06,False,0.006755638030628943,0.0,0.006755638030628943,0.8891296512258006,0.8890622032970933,0.0,0.0,0.911625864156669,0.9307163271779657,0.9123492194628638,0.9316450523911189,-0.9757908485791901,0.9761433110893213,3.140290796624407,3.103721375441528,0.9883547659910386,3.140290796624407,3.103721375441528,0.9883547659910386,0.00044429278928973084,0.0676766978728763,0.06723240508358658,0.00044429278928973084,0.0676766978728763,0.06723240508358658,0.020119283444553392,0.02987895424289595,0.009759670798342557,0.002723757988406501,0.07021607603846142,0.06749231805005491,30.0,30.0,0.0,0.0,0.0,0.0,11.121148097520905,11.121149911435817,11.121148057575436,0.17143649191710508,0.0008568395805147071,1,none,0.9262637256736762,0.96457784270173,0.9262637256736762,7.180039059835134,7.022597162143469,0.26868317418982907,0.26379520404982415,896,0.9262637256736762,0.0,1.0,0.0,,0,False,0,False,-0.0059732961917147555,0.008025157031065485,,-0.0059732961917147555,0.008025157031065485,,0.736628330316633,0,False,False,False,False,False,0.0025297946819851755,2972,1550,0
35,True,35,35,1,0.017500000000000012,0.0005,0.0005,0,0,0,False,False,,,none,1.04375,1.407898351974183,1.3673600541835105,1.0474559245099637,0.02552500716514233,0.06873959266034124,True,2,1,4,1,True,2,,,2,2,2,562,,,,,,,,,7,0.8,1.18276248627572e-06,8.55039250111318e-07,1.230369159825703e-07,2.780142223931455e-07,1.4907881166414679e-06,False,0.0067715334724537096,0.0,0.0067715334724537096,0.8984484414552092,0.898381808039922,0.0,0.0,0.9154019665476807,0.9312859647266255,0.9159375983755673,0.9321670471863035,-0.976671352607733,0.9780535619736732,3.140290796624407,3.1070968959797303,0.9894296729843115,3.140290796624407,3.1070968959797303,0.9894296729843115,0.00033592166250122596,0.06873959266034124,0.06840367099784002,0.00033592166250122596,0.06873959266034124,0.06840367099784002,0.020109732190131634,0.029883356763038663,0.009773624572907029,0.0011313220737372072,0.07224542246069893,0.07111410038696173,30.0,30.0,0.0,0.0,0.0,0.0,11.009313328268103,11.00931516499627,11.009313287611777,0.17629641517091638,0.0009033746788832382,1,none,0.953527490597851,0.9904147499813761,0.953527490597851,6.880870758978314,6.72296133331034,0.2878748299956254,0.28366294057750907,920,0.953527490597851,0.0,1.0,0.0,,0,False,0,False,-0.005631532397714432,0.00972875650622526,,-0.005631532397714432,0.00972875650622526,,0.7362140620758421,0,False,False,False,False,False,0.0017375424203898316,2972,1550,0
36,True,36,36,1,0.018000000000000013,0.0005,0.0005,0,0,0,False,False,,,none,1.045,1.4314505329488634,1.3922412380217208,1.0454414812881705,0.025719286491200033,0.06905518835239458,True,2,1,4,1,True,2,,,2,2,2,582,,,,,,,,,7,0.8,1.1830762917089111e-06,8.49108781715883e-07,1.242102279145754e-07,2.703757668817305e-07,1.4863332302099061e-06,False,0.006867385676111264,0.0,0.006867385676111264,0.9033772761922108,0.8994496731511415,0.0,0.0,0.9169755257173218,0.931783451759152,0.9175572424439762,0.9324102995108011,-0.9774608084936214,0.980563701728687,3.140290796624407,3.1101839841537506,0.9904127310429278,3.140290796624407,3.1101839841537506,0.9904127310429278,0.0001506103854929038,0.06905518835239458,0.06890457796690168,0.0001506103854929038,0.06905518835239458,0.06890457796690168,0.020097181491356565,0.029887304042468105,0.00979012255111154,-0.00011711033611710065,0.07392550217725001,0.0740426125133671,30.0,30.0,0.0,0.0,0.0,0.0,10.893420248045775,10.89342210112294,10.893420207042144,0.18457676248384008,0.0009541267337687672,1,none,0.9889636287633058,1.024863959688151,0.9889636287633058,7.080316292923182,6.916778354035702,0.28949666011743247,0.28596076905840984,952,0.9889636287633058,0.0,1.0,0.0,,0,False,0,False,-0.002066387428717354,0.007677197346759963,,-0.002066387428717354,0.007677197346759963,,0.7400788112601625,0,False,False,False,False,False,0.004113289879737524,2972,1550,0
37,True,37,37,1,0.018500000000000013,0.0005,0.0005,0,0,0,False,False,,,none,1.0462500000000001,1.455002713923544,1.4169068641388314,1.0432622939527982,0.025878460177926253,0.06827139953033692,True,2,1,4,1,True,2,,,2,2,2,843,,,,,,,,,7,0.8,1.1898763703826593e-06,7.986556612559093e-07,1.240755698957853e-07,2.74430249897331e-07,1.464364487125661e-06,False,0.006996395150680042,0.0,0.006996395150680042,0.8998687054727823,0.895471871064809,0.0,0.0,0.9148545089447352,0.9296051133636056,0.9156304210312891,0.9304938809708075,-0.9781655033802542,0.9828639501869002,3.140290796624407,3.1129178808921685,0.9912833181686032,3.140290796624407,3.1129178808921685,0.9912833181686032,2.1965642479453232e-05,0.06827139953033692,0.06824943388785747,2.1965642479453232e-05,0.06827139953033692,0.06824943388785747,0.0200856802490655,0.029890827516901267,0.009805147267835768,-0.0010659694681558972,0.0750751591602945,0.0761411286284504,30.0,30.0,0.0,0.0,0.0,0.0,10.771563873915834,10.771565736393056,10.77156383298973,0.1966785520797494,0.0010052133426127052,1,none,1.0212005433859441,1.0560835459624096,1.0212005433859441,7.2299001386509465,7.072679500442516,0.2921433285963665,0.2887733123838146,981,1.0212005433859441,0.0,1.0,0.0,,0,False,0,False,-0.0020320427633179114,0.005814540035113409,,-0.0020320427633179114,0.005814540035113409,,0.7398157860421418,0,False,False,False,False,False,0.0018629739173353361,2972,1550,0
38,True,38,38,1,0.019000000000000013,0.0005,0.0005,0,0,0,False,False,,,none,1.0475,1.4785548948982203,1.4413191964559309,1.0408830855298081,0.02601585769063193,0.06584693582527872,True,2,1,4,1,True,2,,,2,2,2,627,,,,,,,,,7,0.8,1.2307760782487748e-06,7.27587864277595e-07,1.216218158866141e-07,3.0678727743871556e-07,1.4673459560482942e-06,False,0.007041052222090121,0.0,0.007041052222090121,0.8956779465726415,0.8906606393357205,0.0,0.0,0.9106609758023122,0.9256007937397299,0.9113676313348695,0.9264220726606636,-0.9788749551159158,0.9849435640185557,3.140290796624407,3.1152657602328286,0.9920309812013337,3.140290796624407,3.1152657602328286,0.9920309812013337,-6.745270209855237e-05,0.06584693582527872,0.06591438852737727,-6.745270209855237e-05,0.06584693582527872,0.06591438852737727,0.020075282179907224,0.02989437477557958,0.009819092595672357,-0.0017569980909868089,0.07537686457133941,0.07713386266232622,30.0,30.0,0.0,0.0,0.0,0.0,10.640829022323633,10.640830887296792,10.640828982025887,0.2133678865651067,0.0010481779593640725,1,none,1.0540928359712025,1.0883796686256013,1.0540928359712025,7.229899345984009,7.078964871946923,0.3010774055188371,0.29780987899754785,1011,1.0540928359712025,0.0,1.0,0.0,,0,False,0,False,-0.0005531758706206033,0.005666183381346955,,-0.0005531758706206033,0.005666183381346955,,0.7459207821973948,0,False,False,False,False,False,0.001486289669961065,2972,1550,0
39,True,39,39,1,0.019500000000000014,0.0005,0.0005,0,0,0,False,False,,,none,1.04875,1.5021070758729016,1.465454276061699,1.0382633663316714,0.02614312105337527,0.06092908612773645,True,2,1,4,1,True,2,,,2,2,2,1036,,,,,,,,,7,0.8,1.316740834436981e-06,6.610699513396273e-07,1.1557668112336185e-07,3.805940061143447e-07,1.526115877758839e-06,False,0.0069970871907797,0.0,0.0069970871907797,0.8913543691718302,0.8825620442759955,0.0,0.0,0.9045729192369201,0.9179026755413,0.9052928571554959,0.9188095254730242,-0.9796016538464901,0.9867804748618888,3.140290796624407,3.1172223657196656,0.9926540462655438,3.140290796624407,3.1172223657196656,0.9926540462655438,-0.00012953904896819836,0.06092908612773645,0.06105862517670464,-0.00012953904896819836,0.06092908612773645,0.06105862517670464,0.020066097625690556,0.02989800826923245,0.009831910643541893,-0.002233881263490183,0.07424759739167926,0.07648147865516944,30.0,30.0,0.0,0.0,0.0,0.0,10.49720590745139,10.49720776932114,10.497205868555525,0.23570263871167169,0.0010656257758883177,1,none,1.0869413413748588,1.1206758022296341,1.0869413413748588,7.229899379879903,7.082988763495681,0.31001145198461943,0.306916014600147,1041,1.0869413413748588,0.0,1.0,0.0,,0,False,0,False,-0.001405163873064183,0.006292202931256181,,-0.001405163873064183,0.006292202931256181,,0.7483887423428953,0,False,False,False,False,False,0.0010572530601404525,2972,1550,0
40,True,40,40,1,0.020000000000000014,0.0005,0.0005,0,0,0,False,False,,,none,1.05,1.5256592568475784,1.4892921725884611,1.0353690127940933,0.02626793860860973,0.0525795441162451,True,2,1,4,1,True,2,,,2,2,2,1040,,,,,,,,,7,0.8,1.4107465470561404e-06,6.136190598953606e-07,1.0566469044142779e-07,4.896034044638324e-07,1.6179031773151157e-06,False,0.007096665507432726,0.0,0.007096665507432726,0.8841100527491071,0.8723897299290103,0.0,0.0,0.8964161470042004,0.9077711038305059,0.8970387504188934,0.908807693392924,-0.9802410948046799,0.9883523934318894,3.140290796624407,3.1188099573931933,0.9931596018896389,3.140290796624407,3.1188099573931933,0.9931596018896389,-0.00017241728844677454,0.0525795441162451,0.05275196140469188,-0.00017241728844677454,0.0525795441162451,0.05275196140469188,0.020058238032840552,0.0299012054740234,0.009842967441182848,-0.002538746015871109,0.07067084639254015,0.07320959240841125,30.0,30.0,0.0,0.0,0.0,0.0,10.335923623108979,10.33592547998691,10.335923586629804,0.26431302566206244,0.0010271622086179604,1,none,1.120360951025086,1.1540484610843733,1.120360951025086,7.08031435926075,6.940194999947604,0.3259879159390507,0.3228615193185622,1072,1.120360951025086,0.0,1.0,0.0,,0,False,0,False,-0.0022538607646178134,0.007176252962493539,,-0.0022538607646178134,0.007176252962493539,,0.7482426076355622,0,False,False,False,False,False,0.0012254920935948826,2972,1550,0
41,True,41,41,1,0.020500000000000015,0.0005,0.0005,0,0,0,False,False,,,none,1.05125,1.5492114378222581,1.5128151361588615,1.0322047816321163,0.026390311703505625,0.045505055628021145,True,2,1,4,1,True,2,,,2,2,2,678,,,,,,,,,7,0.8,1.3970010560597414e-06,5.76467356496558e-07,9.523958289635397e-08,5.839745580795797e-07,1.6229674754512717e-06,False,0.007198701071491431,0.0,0.007198701071491431,0.8761950087403206,0.860790630635435,0.0,0.0,0.8869626418493778,0.8958823468132664,0.8874037846688042,0.8989931383336116,-0.9807970391516726,0.989660228385109,3.140290796624407,3.1200931712101556,0.9935682308670386,3.140290796624407,3.1200931712101556,0.9935682308670386,-0.00019999157338541855,0.045505055628021145,0.045705047201406564,-0.00019999157338541855,0.045505055628021145,0.045705047201406564,0.020051698858074455,0.029903985195758362,0.009852286337683907,-0.00269560458387246,0.06322075117476947,0.06591635575864192,30.0,30.0,0.0,0.0,0.0,0.0,10.153331684705934,10.153333541165797,10.153331651525649,0.29708739459854716,0.0008986673499940094,1,none,1.1535677001642715,1.187421132987163,1.1535677001642715,7.229898509688665,7.062911711533077,0.3284751871401569,0.3266549964883754,1103,1.1535677001642715,0.0,1.0,0.0,,0,False,0,False,-0.0010551747282172151,0.0074297782810024615,,-0.0010551747282172151,0.0074297782810024615,,0.7481061909615329,0,False,False,False,False,False,0.0012252033712763066,2972,1550,0
42,True,42,42,1,0.021000000000000015,0.0005,0.0005,0,0,0,False,False,,,none,1.0525,1.5727636187969392,1.536032607414994,1.0288681716742714,0.0265364292761949,0.045239785161658726,True,2,1,4,1,True,2,,,2,2,2,828,,,,,,,,,7,0.8,1.150763687217212e-06,5.141365013015802e-07,8.92451098672259e-08,5.765866614380994e-07,1.3888881429301389e-06,False,0.007201803078900096,0.0,0.007201803078900096,0.8684369890532351,0.8488621173917353,0.0,0.0,0.8745221695484645,0.8879233370657249,0.8748112684187362,0.892952238830939,-0.9812765164286873,0.9907695313832815,3.140290796624407,3.121209895449373,0.993923842595869,3.140290796624407,3.121209895449373,0.993923842595869,-0.000210057950895576,0.045239785161658726,0.0454498431125543,-0.000210057950895576,0.045239785161658726,0.0454498431125543,0.020046152343083594,0.029906382582143436,0.009860230239059842,-0.0026842435733314563,0.05093462236718243,0.053618865940513884,30.0,30.0,0.0,0.0,0.0,0.0,9.95173132260943,9.951733189259047,9.95173129258233,0.32515905212715246,0.0006880847059893774,1,none,1.1888505545614207,1.224023417261144,1.1888505545614207,6.631561843563339,6.478400113650111,0.36915087158515864,0.36701979924225125,1137,1.1888505545614207,0.0,1.0,0.0,,0,False,0,False,-0.0014053997327574147,0.0076975684299179885,,-0.0014053997327574147,0.0076975684299179885,,0.7479898812143491,0,False,False,False,False,False,0.0004408731310268102,2972,1550,0
43,True,43,43,1,0.021500000000000016,0.0005,0.0005,0,0,0,False,False,,,none,1.05375,1.596315799771619,1.559036754810467,1.0255693045175183,0.026764854043470378,0.044946689500031035,True,2,1,4,1,True,2,,,2,2,2,626,,,,,,,,,6,0.8,3.1127295925969685e-06,1.7363944697346037e-06,4.366138005170324e-07,2.1835221600495974e-06,4.202683893107283e-06,False,0.007196537944780949,0.0,0.007196537944780949,0.8568861673000184,0.8386288548877425,0.0,0.0,0.8608768582190238,0.8830486136509703,0.8612586263309381,0.8907388743318131,-0.981688295439414,0.99185148497,3.140290796624407,3.122380034766289,0.9942964639206755,3.140290796624407,3.122380034766289,0.9942964639206755,-0.00019430301772815274,0.044946689500031035,0.04514099251775919,-0.00019430301772815274,0.044946689500031035,0.04514099251775919,0.02004074257515,0.029908441477197067,0.009867698902047067,-0.002433088705431006,0.044968675223236054,0.04740176392866706,30.0,30.0,0.0,0.0,0.0,0.0,9.74456950323913,9.744571391546687,9.744569475159079,0.33260133707267764,0.0004874311800905793,1,none,1.2224450527087036,1.2595491564888086,1.2224450527087036,6.681423795329759,6.528574256288916,0.3770301645494242,0.3744906635721064,1170,1.2224450527087036,0.0,1.0,0.0,,0,False,0,False,0.0008335269032019123,0.009593041608337632,,0.0008335269032019123,0.009593041608337632,,0.7479192561865065,0,False,False,False,False,False,0.0029335321800376445,2972,1550,0
44,True,44,44,1,0.022000000000000016,0.0005,0.0005,0,0,0,False,False,,,none,1.055,1.6198679807462977,1.582025826303008,1.022545684794436,0.026931427444678174,0.04465999607517637,True,2,1,4,1,True,2,,,2,2,2,719,,,,,,,,,6,0.8,1.6505158704431912e-06,1.2422912862148951e-06,4.3307462399748256e-07,1.4679705580597102e-06,2.570988422313683e-06,False,0.007334344959763976,0.0,0.007334344959763976,0.8467258482957977,0.8327948755970562,0.0,0.0,0.8512785321767763,0.8835308441738169,0.8524089995012264,0.89199906183237,-0.9820437542114836,0.9931768340616477,3.140290796624407,3.1238370494877574,0.9947604383790392,3.140290796624407,3.1238370494877574,0.9947604383790392,-0.00014362544714618958,0.04465999607517637,0.04480362152232256,-0.00014362544714618958,0.04465999607517637,0.04480362152232256,0.02003411582969176,0.029910218771057415,0.009876102941365653,-0.001861917111529371,0.04464225535274362,0.04650417246427299,30.0,30.0,0.0,0.0,0.0,0.0,9.553191959803167,9.5531938795676,9.553191933462973,0.30743725958071855,0.00038223519615822625,1,none,1.2760861633523692,1.3187587356712667,1.2760861633523692,6.132948577097661,6.0076881225304,0.4300570008351031,0.42481771267942914,1225,1.2760861633523692,0.0,1.0,0.0,,0,False,0,False,0.0038567176188793917,0.010180595537532805,,0.0038567176188793917,0.010180595537532805,,0.747925413189641,0,False,False,False,False,False,0.003079756763621309,2972,1550,0
45,True,45,45,1,0.022500000000000017,0.0005,0.0005,0,0,0,False,False,,,none,1.0562500000000001,1.6434201617209787,1.6052198058864378,1.01994222043055,0.027024419553092798,0.044345510138124614,True,2,1,4,1,True,2,,,2,2,2,836,,,,,,,,,6,0.8,1.5365782919991662e-06,1.316196133295893e-06,4.3188610039065395e-07,9.879142737877018e-07,2.2925848566215087e-06,False,0.0074008002140314826,0.0,0.0074008002140314826,0.8426753802183301,0.8334368476522823,0.0,0.0,0.8493112102249349,0.8892838607324263,0.8506198075741149,0.8985017735709341,-0.9823569003225618,0.9950501023500203,3.140290796624407,3.125705108696543,0.9953553066029608,3.140290796624407,3.125705108696543,0.9953553066029608,-5.5162077346412307e-05,0.044345510138124614,0.044400672215471025,-5.5162077346412307e-05,0.044345510138124614,0.044400672215471025,0.0200247494882499,0.029911784501612807,0.009887035013362907,-0.0009809031697246492,0.04428906736870467,0.04526997053842932,30.0,30.0,0.0,0.0,0.0,0.0,9.395115483696067,9.39511743875442,9.395115457947936,0.2539322447793168,0.0003475575135712381,1,none,1.3079331042719966,1.353207930984203,1.3079331042719966,5.335167416107842,5.269131317201714,0.5072785258429273,0.49645113227756976,1257,1.3079331042719966,0.0,1.0,0.0,,0,False,0,False,0.004762515824760762,0.011082540906304268,,0.004762515824760762,0.011082540906304268,,0.7480260044589089,0,False,False,False,False,False,0.0012782706434969857,2972,1550,0
46,True,46,46,1,0.023000000000000017,0.0005,0.0005,0,0,0,False,False,,,none,1.0575,1.666972342695658,1.6287345934553403,1.0177817277106647,0.027053282826063813,0.043995776956397094,True,2,1,4,1,True,2,,,2,2,2,1053,,,,,,,,,6,0.8,1.9699137187250195e-06,1.9558100317778143e-06,4.3129501473727513e-07,7.926788978741934e-07,2.9189224320793523e-06,False,0.007391421036043653,0.0,0.007391421036043653,0.8471759054482209,0.8416467558238427,0.0,0.0,0.8560778333922786,0.9015400957388828,0.8574448613707741,0.9103311535562306,-0.9826429143124826,0.9977240018582321,3.140290796624407,3.1279285895520506,0.9960633559523707,3.140290796624407,3.1279285895520506,0.9960633559523707,-0.0005252987281349562,0.043995776956397094,0.04452107568453205,-0.0005252987281349562,0.043995776956397094,0.04452107568453205,0.02001137999070884,0.029913214571562412,0.009901834580853572,-0.0034768117786243176,0.04390565514830949,0.047382466926933806,30.0,30.0,0.0,0.0,0.0,0.0,9.277297031120497,9.277299025239595,9.27729700540789,0.1907204746930256,0.00033516065548226724,1,none,1.3281222358813976,1.3725856100455154,1.3281222358813976,5.534613014421585,5.480493196099107,0.4960005718444842,0.48467252430008506,1275,1.3281222358813976,0.0,1.0,0.0,,0,False,0,False,0.002283800802954061,0.009343934752108148,,0.002283800802954061,0.009343934752108148,,0.7483592984870158,0,False,False,False,False,False,0.0030276689909464693,2972,1550,0
47,True,47,47,1,0.023500000000000017,0.0005,0.0005,0,0,0,False,False,,,none,1.05875,1.6905245236703355,1.652520878602749,1.0160135184871284,0.02705177078029807,0.043614946819595074,True,2,1,4,1,True,2,,,2,2,2,833,,,,,,,,,6,0.8,2.1484801426469977e-06,2.5479103799197578e-06,4.314108592567395e-07,7.25860741917818e-07,3.4381395221243467e-06,False,0.007364567877718862,0.0,0.007364567877718862,0.861261110094327,0.8581052804307574,0.0,0.0,0.8717012223739073,0.918475228156765,0.8730978923571127,0.9255485145097513,-0.9829156931152052,1.0013395190764136,3.140290796624407,3.130287205202882,0.9968144378755374,3.140290796624407,3.130287205202882,0.9968144378755374,-0.001278619782543594,0.043614946819595074,0.04489356660213867,-0.001278619782543594,0.043614946819595074,0.04489356660213867,0.019993302404617934,0.029914578465576026,0.009921276060958092,-0.00996638814148081,0.04349478554938948,0.05346117369087029,30.0,30.0,0.0,0.0,0.0,0.0,9.198516348764459,9.1985183861933,9.198516322747018,0.13972251620976234,0.00032805659925415353,1,none,1.3430160679220406,1.3865805902859327,1.3430160679220406,5.78391918934699,5.736675644281434,0.4794605681351088,0.46822102248741115,1288,1.3430160679220406,0.0,1.0,0.0,,0,False,0,False,0.003597245725085129,0.009406782578081,,0.003597245725085129,0.009406782578081,,0.7486396799453717,0,False,False,False,False,False,0.00131494768439714,2972,1550,0
48,True,48,48,1,0.024000000000000018,0.0005,0.0005,0,0,0,False,False,,,none,1.06,1.7140767046450152,1.6763876936619593,1.0145663688079085,0.027073709857375478,0.04321921158684217,True,2,1,4,1,True,2,,,2,2,2,784,,,,,,,,,6,0.8,2.099844378450891e-06,2.7432175643777234e-06,4.3248060636256816e-07,6.855472671891432e-07,3.548464956802095e-06,False,0.007523748158217117,0.0,0.007523748158217117,0.8843971700244773,0.8826807020290798,0.0,0.0,0.8951825077475347,0.9342844371625042,0.8964529417077176,0.9375795907108921,-0.9831853963734539,1.0059091498681418,3.140290796624407,3.132467178653311,0.9975086326465351,3.140290796624407,3.132467178653311,0.9975086326465351,-0.0017005994044152703,0.04321921158684217,0.04491981099125744,-0.0017005994044152703,0.04321921158684217,0.04491981099125744,0.019970454250659294,0.029915926981867267,0.009945472731207973,-0.014968000581634805,0.04307079655807513,0.058038797139709934,30.0,30.0,0.0,0.0,0.0,0.0,9.153977074448694,9.15397915944013,9.153977047789276,0.11371652316640334,0.0003225951959907204,1,none,1.3630627231065684,1.4059582707088691,1.3630627231065684,5.98336472611929,5.95017264406907,0.46995573061806317,0.4581590500454547,1306,1.3630627231065684,0.0,1.0,0.0,,0,False,0,False,0.002995730273297931,0.009483959593036884,,0.002995730273297931,0.009483959593036884,,0.755231459151068,0,False,False,False,False,False,0.0006064463128556867,2972,1550,0
49,True,49,49,1,0.02450000000000002,0.0005,0.0005,0,0,0,False,False,,,none,1.06125,1.7376288856196938,1.7000705379134273,1.0133765821984728,0.027181866258096227,0.04283607457509391,True,2,1,4,1,True,2,,,2,2,2,915,,,,,,,,,6,0.8,2.085291735545439e-06,2.3388257704092436e-06,4.3449953556800466e-07,6.491525927201531e-07,3.2293554374996584e-06,False,0.0075998335920063,0.0,0.0075998335920063,0.913255470841178,0.9123879324477429,0.0,0.0,0.9221935542182622,0.946263329576054,0.9231109669746106,0.9475117440733773,-0.9834568587238198,1.0113306323605817,3.140290796624407,3.134151675903092,0.998045047061274,3.140290796624407,3.134151675903092,0.998045047061274,-0.002011465868547499,0.04283607457509391,0.044847540443641414,-0.002011465868547499,0.04283607457509391,0.044847540443641414,0.019943346838197092,0.0299172842936191,0.009973937455422008,-0.019037936574317453,0.04265941293804047,0.061697349512357925,30.0,30.0,0.0,0.0,0.0,0.0,9.138005140853654,9.1380072771073,9.13800511315426,0.10687427999052998,0.0003182838253123211,1,none,1.3785796602492044,1.4210297875569622,1.3785796602492044,5.783920052088623,5.747668660692531,0.49137255520806034,0.4797004634860426,1320,1.3785796602492044,0.0,1.0,0.0,,0,False,0,False,0.0031191592175979946,0.008206397746193252,,0.0031191592175979946,0.008206397746193252,,0.7553772023204065,0,False,False,False,False,False,0.0012835104116451644,2972,1550,0
50,True,50,50,1,0.02500000000000002,0.0005,0.0005,0,0,0,False,False,,,none,1.0625,1.761181066594372,1.723321792847235,1.012394194021483,0.027428558809455033,0.04249663864422194,True,2,1,4,1,True,2,,,2,2,2,1109,,,,,,,,,6,0.8,2.525431845642829e-06,1.5786110567139241e-06,4.3732835273916205e-07,6.303383063856419e-07,3.0754514049116543e-06,False,0.0075800571065864596,0.0,0.0075800571065864596,0.9221039398029826,0.9191650175019377,0.0,0.0,0.9419289084608867,0.9500995142580572,0.9422263650751298,0.9504418692440418,-0.983729211445533,1.0175998806070201,3.140290796624407,3.135116367177077,0.9983522451319183,3.140290796624407,3.135116367177077,0.9983522451319183,-0.0022359309014517398,0.04249663864422194,0.04473256954567368,-0.0022359309014517398,0.04249663864422194,0.04473256954567368,0.0199120005969649,0.029918646057227664,0.010006645460262763,-0.021968711953464167,0.04229035875561349,0.06425907070907766,30.0,30.0,0.0,0.0,0.0,0.0,9.145014702056464,9.14501689238781,9.145014672872573,0.1070323348803937,0.0003154296089972025,1,none,1.3956308964976807,1.4382543924100604,1.3956308964976807,5.7839200520886225,5.7463732072133284,0.49732858665316254,0.48574321443158897,1336,1.3956308964976807,0.0,1.0,0.0,,0,False,0,False,0.003223912388671622,0.009092160220264343,,0.003223912388671622,0.009092160220264343,,0.7592001370734337,0,False,False,False,False,False,0.0008919351923332332,2972,1550,0
51,True,51,51,1,0.02550000000000002,0.0005,0.0005,0,0,0,False,False,,,none,1.06375,1.7847332475690516,1.7460054231032962,1.011577261526309,0.027838221849752955,0.04222486661578735,True,2,1,4,1,True,2,,,2,2,2,1560,,,,,,,,,6,0.8,3.3461655226705485e-06,1.3814791550600878e-06,4.4105498715506387e-07,6.372111558192216e-07,3.7021447729349294e-06,False,0.007661662220134152,0.0,0.007661662220134152,0.9253592549207974,0.9213106725561611,0.0,0.0,0.9422597527831553,0.9481695712888152,0.9423395939326119,0.9485054507972627,-0.9839965514604685,1.0253959161819999,3.140290796624407,3.1352987741090628,0.9984103311321645,3.140290796624407,3.1352987741090628,0.9984103311321645,-0.0023396139761109546,0.04222486661578735,0.044564480591898305,-0.0023396139761109546,0.04222486661578735,0.044564480591898305,0.01987302041909,0.02991998275730234,0.01004696233821234,-0.023337874767061853,0.041989915734698915,0.06532779050176077,30.0,30.0,0.0,0.0,0.0,0.0,9.169842832705141,9.169845078993074,9.169842801589713,0.10940643378069785,0.0003143715417292438,1,none,1.417442202444354,1.4608616862785977,1.417442202444354,5.634335901649808,5.591948829144722,0.5185568314629017,0.5069582164474667,1357,1.417442202444354,0.0,1.0,0.0,,0,False,0,False,0.002927644212712049,0.010420338004312931,,0.002927644212712049,0.010420338004312931,,0.7589838394040734,0,False,False,False,False,False,0.0013608199947555996,2972,1550,0
52,True,52,52,1,0.02600000000000002,0.0005,0.0005,0,0,0,False,False,,,none,1.065,1.808285428543733,1.768118137544348,1.0108871992515769,0.028414492904737527,0.0420350635869367,True,2,1,4,1,True,2,,,2,2,2,1149,,,,,,,,,6,0.8,4.207643422656319e-06,1.8314022457559906e-06,4.459775812708627e-07,6.56288857588082e-07,4.657027853209979e-06,False,0.007810758057017085,0.0,0.007810758057017085,0.9278204829405065,0.9232400057406529,0.0,0.0,0.9382494732055052,0.9430395505859467,0.9383359819794812,0.9434359439738591,-0.9842492863038558,1.0333508502575415,3.140290796624407,3.134766377254576,0.9982407936947211,3.140290796624407,3.134766377254576,0.9982407936947211,-0.002329767268516489,0.0420350635869367,0.04436483085545319,-0.002329767268516489,0.0420350635869367,0.04436483085545319,0.01983324574871229,0.02992124643151928,0.010088000682806991,-0.023301447947840347,0.04177341048482465,0.065074858432665,30.0,30.0,0.0,0.0,0.0,0.0,9.208055360350913,9.208057663611633,9.208055326893705,0.11335998335389764,0.0003152559575740263,1,none,1.4333803523362998,1.4780862911316959,1.4333803523362998,5.335167600792931,5.28397285373028,0.5540917930720742,0.5425388782322713,1373,1.4333803523362998,0.0,1.0,0.0,,0,False,0,False,0.0024905174098769876,0.012006676625691121,,0.0024905174098769876,0.012006676625691121,,0.7598833602096396,0,False,False,False,False,False,0.0016454634798234989,2972,1550,0
53,True,53,53,1,0.02650000000000002,0.0005,0.0005,0,0,0,False,False,,,none,1.0662500000000001,1.8318376095184106,1.7897210433531527,1.0102912450285402,0.029151429766642104,0.04193073689029779,True,2,1,4,1,True,1,,,2,1,2,407,,,,,,,,,7,0.8,1.543722773083619e-06,5.806299713734048e-07,8.997875102046377e-08,1.3467453979710115e-07,1.6572400463115844e-06,False,0.00787286377157392,0.0,0.00787286377157392,0.9304386801761151,0.9254399574897931,0.0,0.0,0.9334568712877918,0.9379206586258052,0.933539164003819,0.938350996764735,-0.9844757201088178,1.0419288565984524,3.140290796624407,3.133620349146358,0.9978758503877351,3.140290796624407,3.133620349146358,0.9978758503877351,-0.0022338197423104255,0.04193073689029779,0.044164556632608216,-0.0022338197423104255,0.04193073689029779,0.044164556632608216,0.019790355717007733,0.029922378600544086,0.010132022883536353,-0.02234010701778151,0.04163895911653632,0.06397906613431784,30.0,30.0,0.0,0.0,0.0,0.0,9.256169411338984,9.2561717677655,9.256169373160155,0.11890070827766877,0.0003181123217132876,1,none,1.4542156701341977,1.500693584639704,1.4542156701341977,5.38502901889303,5.337889928905848,0.5573576593086561,0.5448653642179094,1394,1.4542156701341977,0.0,1.0,0.0,,0,False,0,False,0.0015937239851369417,0.01020772973893714,,0.0015937239851369417,0.01020772973893714,,0.7594375865049661,0,False,False,False,False,False,0.0020100866518682286,2972,1550,0
54,True,54,54,1,0.02700000000000002,0.0005,0.0005,0,0,0,False,False,,,none,1.0675000000000001,1.85538979049309,1.8109015081886555,1.0097650245469683,0.030023997310674188,0.04190149599296013,True,2,1,4,1,True,1,,,2,1,2,363,,,,,,,,,7,0.8,1.8292640180930124e-06,6.992973643704377e-07,9.175240112527285e-08,1.419416940039074e-07,1.965652461477915e-06,False,0.007895018166003059,0.0,0.007895018166003059,0.925440488826213,0.925440488826213,0.0,0.0,0.9266913631526824,0.9320208207999763,0.9267611332974677,0.9324449409575912,-0.9846635668340452,1.051207684729944,3.140290796624407,3.131965407755854,0.9973488477954009,3.140290796624407,3.131965407755854,0.9973488477954009,-0.002087749614022596,0.04190149599296013,0.043989245606982724,-0.002087749614022596,0.04190149599296013,0.043989245606982724,0.019743961576350277,0.029923317834170224,0.010179356257819946,-0.020878464927006724,0.0415762107290001,0.06245467565600682,30.0,30.0,0.0,0.0,0.0,0.0,9.311614243584195,9.311616656847546,9.311614202470189,0.1259707319980511,0.0003228353650413403,1,none,1.4714984049641793,1.5200711914912686,1.4714984049641793,5.6841929702346095,5.650491143885319,0.5348415155682265,0.5208391155719487,1412,1.4714984049641793,0.0,1.0,0.0,,0,False,0,False,0.0037047752288720663,0.009723576010821461,,0.0037047752288720663,0.009723576010821461,,0.7588989634357886,0,False,False,False,False,False,0.0021658583024112927,2972,1550,0
55,True,55,55,1,0.02750000000000002,0.0005,0.0005,0,0,0,False,False,,,none,1.06875,1.8789419714677713,1.8317308124773255,1.0092911425702094,0.031135690091122867,0.041937385291982016,True,2,1,4,1,True,2,,,2,2,2,1366,,,,,,,,,7,0.8,2.1268382134798684e-06,8.118067686727965e-07,9.398583887164144e-08,1.5005772821199758e-07,2.2833794418987302e-06,False,0.008200885755113439,0.0,0.008200885755113439,0.9167525696619572,0.9167525696619572,0.0,0.0,0.9181141361395688,0.9236622053480519,0.9182113175759721,0.9241823503800968,-0.9848010414897584,1.061023041086581,3.140290796624407,3.1298789399204123,0.996684429125103,3.140290796624407,3.1298789399204123,0.996684429125103,-0.0019165423915745493,0.041937385291982016,0.043853927683556566,-0.0019165423915745493,0.041937385291982016,0.043853927683556566,0.019694884794567095,0.02992400520744879,0.010229120412881695,-0.01916587607680492,0.04157451450658467,0.06074039058338959,30.0,30.0,0.0,0.0,0.0,0.0,9.372527833023819,9.37253030213221,9.372527788756404,0.1344539830907911,0.00032932368216721076,1,none,1.4885324831713043,1.5394486262103662,1.4885324831713043,5.484730389216865,5.443457787925428,0.5613579946379738,0.5469069628768457,1430,1.4885324831713043,0.0,1.0,0.0,,0,False,0,False,0.0025980033203212762,0.009615291309040912,,0.0025980033203212762,0.009615291309040912,,0.7582816625543101,0,False,False,False,False,False,0.001112056488761637,2972,1550,0
56,True,56,56,1,0.02800000000000002,0.0005,0.0005,0,0,0,False,False,,,none,1.07,1.90249415244245,1.8522596279012336,1.0088574805202644,0.03252221268236003,0.04203019852034264,True,2,1,4,1,True,2,,,2,2,2,1017,,,,,,,,,7,0.8,2.434125081952289e-06,9.20997386651475e-07,9.667954017352076e-08,1.5910956989784566e-07,2.6091883583845236e-06,False,0.008442843979665288,0.0,0.008442843979665288,0.9056015540212455,0.9056015540212455,0.0,0.0,0.9071301054607296,0.9125770805181292,0.9072759637852698,0.9132665618802736,-0.9848775641607822,1.071191277701538,3.140290796624407,3.1274137129681137,0.9958993977022333,3.140290796624407,3.1274137129681137,0.9958993977022333,-0.001732625364825485,0.04203019852034264,0.043762823885168126,-0.001732625364825485,0.04203019852034264,0.043762823885168126,0.01964404361149231,0.029924387820803908,0.010280344209311596,-0.017326392132834496,0.041625204706958865,0.05895159683979336,30.0,30.0,0.0,0.0,0.0,0.0,9.437564295873242,9.437566819391765,9.437564248283532,0.14418413738021435,0.0003374976036804665,1,none,1.5041236801225366,1.5577497688667825,1.5041236801225366,5.634314539645302,5.602453837986241,0.552950942978362,0.5369517442246994,1447,1.5041236801225366,0.0,1.0,0.0,,0,False,0,False,0.003495493496460457,0.009996271572417677,,0.003495493496460457,0.009996271572417677,,0.7637358327781563,0,False,False,False,False,False,0.0009750049114486382,2972,1550,0
57,True,57,57,1,0.028500000000000022,0.0005,0.0005,0,0,0,False,False,,,none,1.07125,1.9260463334171307,1.8725211676855784,1.0084556145237569,0.03399444726679942,0.042173139537477894,True,2,1,4,1,True,2,,,2,2,2,1209,,,,,,,,,7,0.8,2.7500820534901714e-06,1.0309243832403725e-06,9.98548798712419e-08,1.690758318474918e-07,2.9435206842890165e-06,False,0.008604772349050776,0.0,0.008604772349050776,0.8923844055191392,0.8923844055191392,0.0,0.0,0.8940999528643966,0.9011148550961394,0.8942980502590803,0.9020403844487422,-0.9848840519320298,1.0812009618025735,3.140290796624407,3.124604784314247,0.995004917274852,3.140290796624407,3.124604784314247,0.995004917274852,-0.0015421482085675898,0.042173139537477894,0.04371528774604548,-0.0015421482085675898,0.042173139537477894,0.04371528774604548,0.019593995190987132,0.029924420259660148,0.010330425068673016,-0.015421413549922509,0.04174475725796362,0.057166170807886135,30.0,30.0,0.0,0.0,0.0,0.0,9.505745970192578,9.505748546375893,9.50574591914785,0.15497679643538134,0.0003472970166267161,1,none,1.5141257431991562,1.5706682205498648,1.5141257431991562,5.734037405760727,5.709262034111627,0.5478402421902187,0.530410317183754,1459,1.5141257431991562,0.0,1.0,0.0,,0,False,0,False,0.0030708583320716407,0.011225387633268278,,0.0030708583320716407,0.011225387633268278,,0.7680551737749797,0,False,False,False,False,False,0.0013004004436620344,2972,1550,0
58,True,58,58,1,0.029000000000000022,0.0005,0.0005,0,0,0,False,False,,,none,1.0725,1.9495985143918089,1.8925351137169857,1.0080796544092667,0.03553733268435614,0.04236044082151021,True,2,1,4,1,True,2,,,2,2,2,1228,,,,,,,,,7,0.8,3.073736968085503e-06,1.1442821274085721e-06,1.0351947700584768e-07,1.799613822070966e-07,3.2863875178206846e-06,False,0.00867106667718847,0.0,0.00867106667718847,0.8778183617716798,0.8778183617716798,0.0,0.0,0.8801067597114501,0.889373309037952,0.880344166821498,0.8907785204174588,-0.984812885174655,1.0907115578936568,3.140290796624407,3.1214744646341432,0.994008092495609,3.140290796624407,3.1214744646341432,0.994008092495609,-0.0013480714142598972,0.04236044082151021,0.04370851223577011,-0.0013480714142598972,0.04236044082151021,0.04370851223577011,0.019546442210531718,0.029924064425873274,0.010377622215341557,-0.013480499728445745,0.041960387113645636,0.05544088684209138,30.0,30.0,0.0,0.0,0.0,0.0,9.576358603640848,9.57636123055373,9.576358549034008,0.1666553591723104,0.00035867992475728386,1,none,1.5314581114690644,1.5911219233042844,1.5314581114690644,6.18275405892252,6.18533579919931,0.5146968189711794,0.49518996581149605,1478,1.5314581114690644,0.0,1.0,0.0,,0,False,0,False,0.0038961771681281956,0.010343519945704099,,0.0038961771681281956,0.010343519945704099,,0.7673179610242209,0,False,False,False,False,False,0.0012078252355036878,2972,1550,0
59,True,59,59,1,0.029500000000000023,0.0005,0.0005,0,0,0,False,False,,,none,1.07375,1.9731506953664888,1.9123108462623266,1.0077254200210863,0.03714177232125793,0.04258700873135889,True,2,1,4,1,True,2,,,2,2,2,815,,,,,,,,,7,0.8,3.4033931360805477e-06,1.2634324395819316e-06,1.0763905616403954e-07,1.9171809654041046e-07,3.6369889143439935e-06,False,0.008769149647735654,0.0,0.008769149647735654,0.8627727651704641,0.8627727651704641,0.0,0.0,0.8657333412404127,0.877590072599323,0.8662444809582575,0.8796196772113092,-0.9848114203081775,1.099623412447416,3.140290796624407,3.1180356809886014,0.9929130398816159,3.140290796624407,3.1180356809886014,0.9929130398816159,-0.0011516893421242573,0.04258700873135889,0.04373869807348315,-0.0011516893421242573,0.04258700873135889,0.04373869807348315,0.019501882937762918,0.029924057101540887,0.01042217416377797,-0.01151657137674932,0.042210831093734164,0.053727402470483486,30.0,30.0,0.0,0.0,0.0,0.0,9.64887884825084,9.648881523859913,9.648878789990738,0.17906822030465505,0.0003716207155768681,1,none,1.5595905865198771,1.6223411636391074,1.5595905865198771,6.033172519345516,6.025377578255681,0.537806985773084,0.5176739768634951,1507,1.5595905865198771,0.0,1.0,0.0,,0,False,0,False,0.0016254491780680962,0.006526653494832717,,0.0016254491780680962,0.006526653494832717,,0.7665209075793957,0,False,False,False,False,False,0.004441247021798031,2972,1550,0
60,True,60,60,1,0.030000000000000023,0.0005,0.0005,0,0,0,False,False,,,none,1.075,1.9967028763411718,1.9318498955322485,1.007389916634705,0.038802585862202095,0.04284824480263187,True,2,1,4,1,True,2,,,2,2,2,1599,,,,,,,,,7,0.8,3.736844301497152e-06,1.3903428474982002e-06,1.121388286547334e-07,2.0426160801916654e-07,3.993914932572272e-06,False,0.008882627991950248,0.0,0.008882627991950248,0.8477314850737674,0.8477314850737674,0.0,0.0,0.8513428218507952,0.8659343628640322,0.8519897629496491,0.8686582188093511,-0.9849321605665387,1.107882268848247,3.140290796624407,3.1142942321620812,0.9917216060085039,3.140290796624407,3.1142942321620812,0.9917216060085039,-0.0009534020000633779,0.04284824480263187,0.04380164680269525,-0.0009534020000633779,0.04284824480263187,0.04380164680269525,0.019460588655758764,0.029924660802832695,0.01046407214707393,-0.009533615493831984,0.042491387080061796,0.05202500257389378,30.0,30.0,0.0,0.0,0.0,0.0,9.722924015553847,9.72292673778444,9.72292395355868,0.1920961146792558,0.00038610872664479037,1,none,1.5744726455246925,1.6406418903694373,1.5744726455246925,5.883582314640656,5.866894922421757,0.5577016867043325,0.5367311555240114,1524,1.5744726455246925,0.0,1.0,0.0,,0,False,0,False,0.001592771220721555,0.006007438923890061,,0.001592771220721555,0.006007438923890061,,0.7679032035987018,0,False,False,False,False,False,0.000520241885641197,2972,1550,0
61,True,61,61,1,0.030500000000000024,0.0005,0.0005,0,0,0,False,False,,,none,1.0762500000000002,2.0202550573158464,1.9511478343464903,1.0070709357822338,0.040517690703962564,0.04313986801449473,True,2,1,4,1,True,2,,,2,2,2,1390,,,,,,,,,7,0.8,4.0698140569880645e-06,1.5265136708452228e-06,1.1691598535017526e-07,2.1741530940555503e-07,4.353684555652754e-06,False,0.008867502229812411,0.0,0.008867502229812411,0.8327017969948894,0.8327017969948894,0.0,0.0,0.8369944270830093,0.8542286419494157,0.8377330980444333,0.8579443091851414,-0.9849836812219255,1.11561724212025,3.140290796624407,3.110250542077928,0.9904339258712058,3.140290796624407,3.110250542077928,0.9904339258712058,-0.0007530949820566662,0.04313986801449473,0.0438929629965514,-0.0007530949820566662,0.04313986801449473,0.0438929629965514,0.019421913789398754,0.029924918406109627,0.010503004616710873,-0.008221587671741047,0.04279763362951086,0.05101922130125191,30.0,30.0,0.0,0.0,0.0,0.0,9.798217069272296,9.798219836043623,9.798217003463773,0.20564314416671653,0.0004021464731537896,1,none,1.591279189055442,1.6610931043217132,1.591279189055442,6.033103697173152,6.026154475198999,0.5506595569043604,0.5281242608713226,1543,1.591279189055442,0.0,1.0,0.0,,0,False,0,False,0.002617070957048645,0.006012720011850733,,0.002617070957048645,0.006012720011850733,,0.7768423061276082,0,False,False,False,False,False,0.001024313350361985,2972,1550,0
62,True,62,62,1,0.031000000000000024,0.0005,0.0005,0,0,0,False,False,,,none,1.0775000000000001,2.043807238290528,1.9701955566958596,1.0067668286918345,0.042330878091618014,0.043457715335704764,True,2,1,4,1,True,2,,,2,2,2,1240,,,,,,,,,7,0.8,4.398638858697527e-06,1.6726794367757401e-06,1.2188257828651978e-07,2.310393355331481e-07,4.713185212243379e-06,False,0.008709926998271188,0.0,0.008709926998271188,0.8175664991094004,0.8175664991094004,0.0,0.0,0.8225339839266995,0.8424567278317772,0.8237113700459358,0.8469083828218138,-0.9849626361249509,1.122962961256085,3.140290796624407,3.1059007442470645,0.9890487682178002,3.140290796624407,3.1059007442470645,0.9890487682178002,-0.000550340024425016,0.043457715335704764,0.04400805536012978,-0.000550340024425016,0.043457715335704764,0.04400805536012978,0.019385185193719574,0.029924813180624753,0.010539627986905178,-0.009032310953510155,0.04312529139519855,0.052157602348708705,30.0,30.0,0.0,0.0,0.0,0.0,9.87456144430308,9.874564253630844,9.87456137459797,0.21962261310605727,0.00041974812285089044,1,none,1.6133076117042686,1.686929676707333,1.6133076117042686,6.0331327828156045,6.020339097947274,0.5592217965141683,0.5359524058219081,1567,1.6133076117042686,0.0,1.0,0.0,,0,False,0,False,0.003426177286324979,0.00891161488380331,,0.003426177286324979,0.00891161488380331,,0.7847941654533047,0,False,False,False,False,False,0.003009691766727611,2972,1550,0
63,True,63,63,1,0.03150000000000002,0.0005,0.0005,0,0,0,False,False,,,none,1.07875,2.0673594192652054,1.9889798575979651,1.0064763559031173,0.044214589213471725,0.04379770724241709,True,2,1,4,1,True,1,,,2,1,2,293,,,,,,,,,8,0.8,1.693585171596279e-06,5.595704484899336e-07,3.560710733299853e-08,8.851718097320657e-08,1.7861839148570593e-06,False,0.008664420852948815,0.0,0.008664420852948815,0.8023867640011921,0.8023867640011921,0.0,0.0,0.8080445831061924,0.830595921439879,0.8094781883325967,0.8362193490319593,-0.9848657901402509,1.1300057313746208,3.140290796624407,3.1012373218295495,0.9875637393718959,3.140290796624407,3.1012373218295495,0.9875637393718959,-0.0003994372759847844,0.04379770724241709,0.04419714451840188,-0.0003994372759847844,0.04379770724241709,0.04419714451840188,0.0193499713431269,0.029924328950701254,0.010574357607574355,-0.009640324074944504,0.04347010970219824,0.05311043377714274,30.0,30.0,0.0,0.0,0.0,0.0,9.951824189464924,9.951827038897274,9.951824115459853,0.2339754120183938,0.0004389393027747698,1,none,1.6275829375476014,1.7052304752424436,1.6275829375476014,5.684120880881295,5.642719530305545,0.5999979630897843,0.5768789069902506,1584,1.6275829375476014,0.0,1.0,0.0,,0,False,0,False,0.0030716232640598997,0.009086910129733096,,0.0030716232640598997,0.009086910129733096,,0.7874997848775278,0,False,False,False,False,False,0.0003955211472853636,2972,1550,0
64,True,64,64,1,0.03200000000000002,0.0005,0.0005,0,0,0,False,False,,,none,1.08,2.090911600239888,2.007485077581726,1.006198464636359,0.04615302230751671,0.044455180006972565,True,2,1,4,1,True,1,,,2,1,2,293,,,,,,,,,8,0.8,1.8192828866416485e-06,6.203039419143624e-07,3.766450347245757e-08,9.518129240360703e-08,1.9248494214423924e-06,False,0.008748823229555615,0.0,0.008748823229555615,0.7871564774556368,0.7871564774556368,0.01999633100404144,0.016096248849334357,0.7934950962845804,0.8185967852662532,0.795296199459223,0.8254813803362224,-0.9846981041950307,1.1367807706339723,3.140290796624407,3.096249805303354,0.9859755053995655,3.140290796624407,3.096249805303354,0.9859755053995655,-0.0005002669763283534,0.044455180006972565,0.044955446983300916,-0.0005002669763283534,0.044455180006972565,0.044955446983300916,0.01931609614683014,0.029923490520975152,0.010607394374145013,-0.01027665893876795,0.04425160008250204,0.054528259021269995,30.0,30.0,0.0,0.0,0.0,0.0,10.02992088136286,10.029923769954083,10.029920803271406,0.24859116889432042,0.00045975258589658663,1,none,1.6403672080688094,1.7224476139018075,1.6403672080688094,5.683605567379702,5.640320223772282,0.6061108898152843,0.5816574743948568,1600,1.6403672080688094,0.0,1.0,0.0,,0,False,0,False,0.0049589885392522836,0.009520350642810945,,0.0049589885392522836,0.009520350642810945,,0.7864042217864636,0,False,False,False,False,False,0.0019364964137274338,2972,1550,0
65,True,65,65,1,0.03250000000000002,0.0005,0.0005,0,0,0,False,False,,,none,1.08125,2.1144637812145635,2.0256919770199664,1.0059323146715362,0.048158103466394396,0.04538696469288577,True,2,1,4,1,True,2,,,2,2,2,1619,,,,,,,,,8,0.8,1.94550474316827e-06,6.870838643498369e-07,3.973438285142721e-08,1.0206906866459622e-07,2.0661727561602354e-06,False,0.008763979446642844,0.0,0.008763979446642844,0.7718211706531645,0.7718211706531645,0.039959738313892205,0.031915286546788886,0.779061065362221,0.8067695984613469,0.7809525362839833,0.8149746496416146,-0.9844869082538543,1.1433515408774582,3.140290796624407,3.0909248644673544,0.9842798214069481,3.140290796624407,3.0909248644673544,0.9842798214069481,-0.0005556485271594082,0.04538696469288577,0.04594261322004518,-0.0005556485271594082,0.04538696469288577,0.04594261322004518,0.01928324229561271,0.02992243454126927,0.01063919224565656,-0.011298637126830179,0.04512445894851391,0.05642309607534409,30.0,30.0,0.0,0.0,0.0,0.0,10.10880785028124,10.108810776699954,10.10880776796994,0.2634326878952469,0.000482232250271926,1,none,1.6573527322123192,1.7439782338954108,1.6573527322123192,5.9827646230796026,5.956058016394926,0.5830007843423081,0.5565267254449879,1620,1.6573527322123192,0.0,1.0,0.0,,0,False,0,False,0.002748240187000583,0.00799346031328711,,0.002748240187000583,0.00799346031328711,,0.7859766671388675,0,False,False,False,False,False,0.002686782900678247,2972,1550,0
66,True,66,66,1,0.03300000000000002,0.0005,0.0005,0,0,0,False,False,,,none,1.0825,2.1380159621892445,2.0435789203735033,1.0056772351124805,0.05027832581610379,0.04636422097755044,True,2,1,4,1,True,2,,,2,2,2,1778,,,,,,,,,8,0.8,2.0767686233682234e-06,7.60346408554189e-07,4.1960949503872644e-08,1.0928771953471961e-07,2.214678103682873e-06,False,0.008816809196905799,0.0,0.008816809196905799,0.7563257121355704,0.7563257121355704,0.05702389412318298,0.04519157244029789,0.7642129982264959,0.7947867864960722,0.7663853302901567,0.8045713910856505,-0.9841925131297068,1.1497740591638594,3.140290796624407,3.0852468542478455,0.9824717053478838,3.140290796624407,3.0852468542478455,0.9824717053478838,-0.0006274335626138157,0.04636422097755044,0.046991654540164254,-0.0006274335626138157,0.04636422097755044,0.046991654540164254,0.019251129704180702,0.029920962565648537,0.010669832861467835,-0.011817318862920121,0.046049223155939664,0.05786654201885978,30.0,30.0,0.0,0.0,0.0,0.0,10.188474777992424,10.188477741095651,10.18847469130609,0.27850982993936174,0.0005064294241674358,1,none,1.6740900078618228,1.7655017318918045,1.6740900078618228,5.982893748155781,5.952214824292029,0.5901832144139341,0.5625099420234528,1640,1.6740900078618228,0.0,1.0,0.0,,0,False,0,False,0.0007646487903790955,0.007709516277158409,,0.0007646487903790955,0.007709516277158409,,0.7920798088170093,0,False,False,False,False,False,0.0020038111299231372,2972,1550,0
67,True,67,67,1,0.03350000000000002,0.0005,0.0005,0,0,0,False,False,,,none,1.08375,2.161568143163924,2.061121687883949,1.005432627237582,0.052464054126448244,0.04738131168515296,True,2,1,4,1,True,2,,,2,2,2,1646,,,,,,,,,8,0.8,2.2197500251063875e-06,8.432061768677397e-07,4.442452334266452e-08,1.1719813272520718e-07,2.3778132330475867e-06,False,0.009194178413050098,0.0,0.009194178413050098,0.7406130075230769,0.7406130075230769,0.07191331322090755,0.056548493710907186,0.7493647689988544,0.7826091248763984,0.7517978828370055,0.7938715179665679,-0.9838110430270809,1.156099095311971,3.140290796624407,3.079197764906997,0.9805454221682015,3.140290796624407,3.079197764906997,0.9805454221682015,-0.0007124277191668219,0.04738131168515296,0.04809373940431978,-0.0007124277191668219,0.04738131168515296,0.04809373940431978,0.019219504523440147,0.029919055215135403,0.010699550691695255,-0.012909261184361882,0.0469654386831363,0.05987469986749819,30.0,30.0,0.0,0.0,0.0,0.0,10.268939990051512,10.26894298878315,10.268939898814404,0.29392050624904736,0.0005324019217672535,1,none,1.687226877736604,1.7838028745489853,1.687226877736604,6.132477898531125,6.110445130921358,0.581755989687708,0.5522435245178928,1657,1.687226877736604,0.0,1.0,0.0,,0,False,0,False,0.001221005653652769,0.008992078037034073,,0.001221005653652769,0.008992078037034073,,0.7907607418980279,0,False,False,False,False,False,0.0013613325290142545,2972,1550,0
68,True,68,68,1,0.03400000000000002,0.0005,0.0005,0,0,0,False,False,,,none,1.085,2.1851203241386026,2.0782940722555505,1.0051978638223948,0.05472237422067611,0.04841096880353401,True,2,1,4,1,True,2,,,2,2,2,1524,,,,,,,,,8,0.8,2.3762549543994043e-06,9.386022634267929e-07,4.7021792466354056e-08,1.2601054385918987e-07,2.558447092153373e-06,False,0.009497665162852862,0.0,0.009497665162852862,0.7246197280763146,0.7246197280763146,0.08520650748445115,0.06648154526599577,0.7341716173854822,0.770191465408175,0.7370625855270678,0.7834674194318485,-0.98333822895821,1.1623738135728268,3.140290796624407,3.072758201741775,0.978494795782854,3.140290796624407,3.072758201741775,0.978494795782854,-0.0007592936324678385,0.04841096880353401,0.049170262436001845,-0.0007592936324678385,0.04841096880353401,0.049170262436001845,0.019188130932135863,0.02991669114479105,0.010728560212655187,-0.01368375449601603,0.047941525499308295,0.06162527999532433,30.0,30.0,0.0,0.0,0.0,0.0,10.350246844918585,10.350249878250102,10.350246748932397,0.3098083098347279,0.0005602110421332367,1,none,1.7011065403118735,1.8031776061024585,1.7011065403118735,6.2320001607029125,6.215875264288161,0.5786834273441599,0.5473425601331411,1675,1.7011065403118735,0.0,1.0,0.0,,0,False,0,False,0.0017150040482550386,0.00662063606803915,,0.0017150040482550386,0.00662063606803915,,0.7893587848841437,0,False,False,False,False,False,0.0024223483288288938,2972,1550,0
69,True,69,69,1,0.034500000000000024,0.0005,0.0005,0,0,0,False,False,,,none,1.0862500000000002,2.2086725051132796,2.0950676778401354,1.0049724275879746,0.057060481924594814,0.049433272632315985,True,2,1,4,1,True,2,,,2,2,2,1101,,,,,,,,,8,0.8,2.5477778275006152e-06,1.0489208597407792e-06,4.973223674233807e-08,1.3592565195710292e-07,2.759049819509327e-06,False,0.009711562553566512,0.0,0.009711562553566512,0.7082689360453812,0.7082689360453812,0.09724509925522191,0.0752830273574332,0.71863000928483,0.7577275348187579,0.7223536298537135,0.7729156377708296,-0.9827693078308146,1.1686432745577715,3.140290796624407,3.0659069649555972,0.9763130752894709,3.140290796624407,3.0659069649555972,0.9763130752894709,-0.0007651334127295317,0.049433272632315985,0.05019840604504552,-0.0007651334127295317,0.049433272632315985,0.05019840604504552,0.019156783627211144,0.029913846539154073,0.010757062911942929,-0.013924180915544294,0.048931716625712496,0.06285589754125678,30.0,30.0,0.0,0.0,0.0,0.0,10.432461722972084,10.432464790015851,10.432461622007708,0.3263275333943992,0.0005899204805869054,1,none,1.7244572951948496,1.8322264779608017,1.7244572951948496,6.4802083790549885,6.47961144585188,0.5654838149596653,0.5322718220392099,1702,1.7244572951948496,0.0,1.0,0.0,,0,False,0,False,0.0031406133232391256,0.008919877724097917,,0.0031406133232391256,0.008919877724097917,,0.7944059947635098,0,False,False,False,False,False,0.0027053417525104875,2972,1550,0
70,True,70,70,1,0.035000000000000024,0.0005,0.0005,0,0,0,False,False,,,none,1.0875000000000001,2.2322246860879615,2.11141191966663,1.0047557745071916,0.059486730530996304,0.05048856029318533,True,2,1,4,1,True,2,,,2,2,2,1248,,,,,,,,,8,0.8,2.7357955813360735e-06,1.1769309910453101e-06,5.2532731923107426e-08,1.471954580900011e-07,2.9823095431806724e-06,False,0.00982078306947894,0.0,0.00982078306947894,0.6915016264487018,0.6915016264487018,0.1086698707652689,0.08348708157228374,0.702803290944208,0.7448366826489209,0.7070747088422137,0.7618494129886649,-0.982099031525817,1.1749517019113853,3.140290796624407,3.0586209782080345,0.9739929122155941,3.140290796624407,3.0586209782080345,0.9739929122155941,-0.0008303665074426943,0.05048856029318533,0.05131892680062802,-0.0008303665074426943,0.05048856029318533,0.05131892680062802,0.019125241490443073,0.029910495157629082,0.01078525366718601,-0.01436396082983565,0.04989927935226636,0.06426324018210201,30.0,30.0,0.0,0.0,0.0,0.0,10.515673601576315,10.515676701656142,10.515673495367489,0.3436218159835389,0.0006215943727044031,1,none,1.7365911828266742,1.8505152333327204,1.7365911828266742,6.630074187550104,6.641330387914832,0.5582185601505341,0.5229648523394449,1719,1.7365911828266742,0.0,1.0,0.0,,0,False,0,False,0.0016774351403449166,0.006480043376487874,,0.0016774351403449166,0.006480043376487874,,0.7927771344024649,0,False,False,False,False,False,0.0028449397249634867,2972,1550,0
71,True,71,71,1,0.035500000000000025,0.0005,0.0005,0,0,0,False,False,,,none,1.08875,2.255776867062638,2.127293973097691,1.0045473899162591,0.06200921758589573,0.05153640651820229,True,2,1,4,1,True,2,,,2,2,2,1619,,,,,,,,,8,0.8,2.938526739732181e-06,1.324774520093835e-06,5.526683214364772e-08,1.6001424083208492e-07,3.2277896321190377e-06,False,0.009811469580289937,0.0,0.009811469580289937,0.6742452589866151,0.6742452589866151,0.11888011754414378,0.09060411140318249,0.6864825439786552,0.7316017925051531,0.691552632532526,0.7507189577283032,-0.9813216314434624,1.1813436925396577,3.140290796624407,3.0508753104929283,0.9715263674855863,3.140290796624407,3.0508753104929283,0.9715263674855863,-0.0009045070554319325,0.05153640651820229,0.05244091357363423,-0.0009045070554319325,0.05153640651820229,0.05244091357363423,0.019093281537301714,0.029906608157217306,0.010813326619915593,-0.015475746529042319,0.05096321683494273,0.06643896336398505,30.0,30.0,0.0,0.0,0.0,0.0,10.599992893608881,10.599996026338493,10.599992781842424,0.3617428609644764,0.000655295190530515,1,none,1.7570561717618869,1.8774114969338056,1.7570561717618869,6.380416253652269,6.364244052662822,0.5884918545429196,0.5521649255504991,1744,1.7570561717618869,0.0,1.0,0.0,,0,False,0,False,0.003893466659232215,0.007444300651831499,,0.003893466659232215,0.007444300651831499,,0.7966592644151077,0,False,False,False,False,False,0.002416730805397047,2972,1550,0
72,True,72,72,1,0.036000000000000025,0.0005,0.0005,0,0,0,False,False,,,none,1.09,2.2793290480373196,2.1426787548254227,1.0043467086679267,0.06465890514313756,0.05260518923593762,True,2,1,4,1,True,2,,,2,2,2,1225,,,,,,,,,8,0.8,3.1541062589085585e-06,1.4948527302196627e-06,5.768265314905353e-08,1.7465562760503957e-07,3.4952543332724368e-06,False,0.009671642179025625,0.0,0.009671642179025625,0.6564234979691012,0.6564234979691012,0.12809961333755798,0.09681585448059335,0.6697092375544307,0.7182056576868812,0.6756104578330976,0.7395449275059696,-0.9804308366490867,1.1878653727050243,3.140290796624407,3.0426431572104287,0.9689049053931748,3.140290796624407,3.0426431572104287,0.9689049053931748,-0.0009823626411431775,0.05260518923593762,0.0535875518770808,-0.0009823626411431775,0.05260518923593762,0.0535875518770808,0.019060673136474884,0.02990215418324543,0.010841481046770546,-0.016106340130523273,0.05202832506774365,0.06813466519826693,30.0,30.0,0.0,0.0,0.0,0.0,10.685552221415133,10.685555387034912,10.685552103721571,0.3806333272492981,0.0006910803829870138,1,none,1.7695418285686637,1.896785038917141,1.7695418285686637,6.0819113785044765,6.028834896409966,0.6237463589558435,0.5870261365499944,1762,1.7695418285686637,0.0,1.0,0.0,,0,False,0,False,0.001810100023334178,0.007578574476809335,,0.001810100023334178,0.007578574476809335,,0.7949040943011875,0,False,False,False,False,False,0.0020876891530223754,2972,1550,0
73,True,73,73,1,0.036500000000000025,0.0005,0.0005,0,0,0,False,False,,,none,1.09125,2.3028812290120007,2.1575284142267472,1.0041531536426,0.06744388951861324,0.05366087135474534,True,2,1,4,1,True,2,,,2,2,2,1405,,,,,,,,,8,0.8,3.3817972944494684e-06,1.6882531170140432e-06,5.968686932942185e-08,1.913564837563643e-07,3.7850933085063206e-06,False,0.009474563209435117,0.0,0.009474563209435117,0.6379564942455356,0.6379564942455356,0.13750757449331366,0.10309657619731044,0.6521639366889482,0.7043999204208015,0.6592139128665441,0.7287276531738828,-0.9794198158524491,1.194565666682983,3.140290796624407,3.0338954444493926,0.9661192675884087,3.140290796624407,3.0338954444493926,0.9661192675884087,-0.00101631397023682,0.05366087135474534,0.05467718532498216,-0.00101631397023682,0.05366087135474534,0.05467718532498216,0.019027171666585085,0.029897099079262246,0.010869927412677161,-0.016436551388791812,0.05334337918584238,0.06977993057463419,30.0,30.0,0.0,0.0,0.0,0.0,10.772505393515194,10.772508592898337,10.77250526946357,0.4001397660381648,0.0007290010880696098,1,none,1.7858776914147825,1.920463733352711,1.7858776914147825,5.982511167478212,5.909380526977396,0.6420259585281268,0.6044212868885076,1784,1.7858776914147825,0.0,1.0,0.0,,0,False,0,False,0.0028786055555316183,0.006839399098492845,,0.0028786055555316183,0.006839399098492845,,0.7988838883773994,0,False,False,False,False,False,0.0012992629880997386,2972,1550,0
74,True,74,74,1,0.037000000000000026,0.0005,0.0005,0,0,0,False,False,,,none,1.0925,2.3264334099866826,2.1718016223972265,1.0039661403544728,0.07034850728496793,0.05471444095987456,True,2,1,4,1,True,2,,,2,2,2,1709,,,,,,,,,8,0.8,3.6436085210926316e-06,1.9098931397360516e-06,6.16743815569872e-08,2.1132331997812174e-07,4.119713113202992e-06,False,0.009254142770930077,0.0,0.009254142770930077,0.6187632659949628,0.6187632659949628,0.14611563471507283,0.1086274323617616,0.6340416596138206,0.6899734046011406,0.6420418085639732,0.7177282799896815,-0.9782812186883676,1.2014976929123302,3.140290796624407,3.02459993727764,0.963159189119961,3.140290796624407,3.02459993727764,0.963159189119961,-0.0010063244058617824,0.05471444095987456,0.05572076536573634,-0.0010063244058617824,0.05471444095987456,0.05572076536573634,0.018992511535438347,0.029891406093441836,0.01089889455800349,-0.0170040488830245,0.05590437107425298,0.07290841995727748,30.0,30.0,0.0,0.0,0.0,0.0,10.861028555990533,10.86103179026996,10.861028425091343,0.4202111738259115,0.0007691031572194787,1,none,1.7951473105962645,1.9376848889073262,1.7951473105962645,6.082042774992562,6.011677199933212,0.6371822627997534,0.5972201270607836,1800,1.7951473105962645,0.0,1.0,0.0,,0,False,0,False,0.002819786534659125,0.006114994208084485,,0.002819786534659125,0.006114994208084485,,0.7982991212926815,0,False,False,False,False,False,0.000726788911902175,2972,1550,0
75,True,75,75,1,0.037500000000000026,0.0005,0.0005,0,0,0,False,False,,,none,1.09375,2.3499855909613565,2.1854542100539875,1.0037851955696293,0.07338151169744905,0.055739487388472675,True,2,1,4,1,True,2,,,2,2,2,1494,,,,,,,,,8,0.8,3.9755384084274246e-06,2.1696715442884836e-06,6.403208769899226e-08,2.3665474699566325e-07,4.535690225809905e-06,False,0.00934579881246083,0.0,0.00934579881246083,0.5987569634812563,0.5987569634812563,0.15491573733281258,0.11422939953262005,0.6152449011974893,0.6749940303501767,0.6245123869578475,0.7069228247979054,-0.9770071238669576,1.2087202423823464,3.140290796624407,3.014722671795686,0.9600138544609633,3.140290796624407,3.014722671795686,0.9600138544609633,-0.0010725327342422423,0.055739487388472675,0.05681202012271492,-0.0010725327342422423,0.055739487388472675,0.05681202012271492,0.01895639878808827,0.029885035619334786,0.010928636831246515,-0.016921655667615696,0.05864356718193671,0.0755652228495524,30.0,30.0,0.0,0.0,0.0,0.0,10.951320597847225,10.951323868057768,10.951320459556886,0.4409825158438454,0.0008114193034518294,1,none,1.802863697003852,1.953823884928254,1.802863697003852,6.032104776644546,5.950116502776776,0.6478083379762178,0.6059927385161279,1815,1.802863697003852,0.0,1.0,0.0,,0,False,0,False,0.0017547338861823025,0.0063237632430062805,,0.0017547338861823025,0.0063237632430062805,,0.8097086172809167,0,False,False,False,False,False,0.0010853209912139688,2972,1550,0
76,True,76,76,1,0.03800000000000003,0.0005,0.0005,0,0,0,False,False,,,none,1.095,2.3735377719360375,2.1984393845178003,1.0036097534983905,0.07655210380124935,0.05673014022013605,True,2,1,4,1,True,1,,,2,1,2,270,,,,,,,,,9,0.8,1.8684970604509096e-06,1.0113354465274074e-06,2.738721502977339e-08,1.1678944710217762e-07,2.128020320583899e-06,False,0.009370033997926672,0.0,0.009370033997926672,0.5778163755405057,0.5778163755405057,0.1624163903179722,0.11865462120004372,0.595611388420339,0.6594896773748455,0.6062673319186536,0.6958760256400538,-0.9755891546592435,1.2163054859419764,3.140290796624407,3.0042291191463497,0.9566722681783757,3.140290796624407,3.0042291191463497,0.9566722681783757,-0.0011238406003619232,0.05673014022013605,0.05785398082049797,-0.0011238406003619232,0.05673014022013605,0.05785398082049797,0.01891847257029012,0.029877945773296215,0.010959473203006095,-0.01710037246080299,0.0615891537131799,0.0786895261739829,30.0,30.0,0.0,0.0,0.0,0.0,11.043603088209192,11.04360639465735,11.043602941856586,0.4627405077798527,0.0008559650255627756,1,none,1.814321211132457,1.9742526280742276,1.814321211132457,6.281296622033886,6.208742323524682,0.6286130863964721,0.5844408147711542,1834,1.814321211132457,0.0,1.0,0.0,,0,False,0,False,0.0025275317656015834,0.00725178088753002,,0.0025275317656015834,0.00725178088753002,,0.8099693551386576,0,False,False,False,False,False,0.0012076561228190445,2972,1550,0
77,True,77,77,1,0.03850000000000003,0.0005,0.0005,0,0,0,False,False,,,none,1.0962500000000002,2.397089952910719,2.2107079488589623,1.0034392571788404,0.07986962377819357,0.0576804620636274,True,2,1,4,1,True,1,,,2,1,2,244,,,,,,,,,9,0.8,2.1711354037639513e-06,1.192004839883657e-06,2.8882244675301952e-08,1.389552468935147e-07,2.4808964558159297e-06,False,0.009319324012946717,0.0,0.009319324012946717,0.5558760856833446,0.5558760856833446,0.17056617194712348,0.12352346585628972,0.5750159058643477,0.6433172886108794,0.5871987064978738,0.683963554776978,-0.974018431408994,1.2243225385242822,3.140290796624407,2.9930829637336784,0.9531228658667641,3.140290796624407,2.9930829637336784,0.9531228658667641,-0.0011317933384432642,0.0576804620636274,0.05881225540207066,-0.0011317933384432642,0.0576804620636274,0.05881225540207066,0.018878387307378584,0.029870092157044968,0.010991704849666384,-0.017644734074721755,0.06476810870479134,0.08241284277951309,30.0,30.0,0.0,0.0,0.0,0.0,11.138119925724434,11.138123268285348,11.138119770716077,0.48584172415948046,0.0009027387008893933,1,none,1.820865590921973,1.9903705086315535,1.820865590921973,6.131643741767581,6.040375698548149,0.6492127046043238,0.6028981248168495,1849,1.820865590921973,0.0,1.0,0.0,,0,False,0,False,-7.942587690674739e-05,0.007200994953069059,,-7.942587690674739e-05,0.007200994953069059,,0.8076799324766079,0,False,False,False,False,False,0.0026074522739585604,2972,1550,0
78,True,78,78,1,0.03900000000000003,0.0005,0.0005,0,0,0,False,False,,,none,1.0975000000000001,2.420642133885398,2.2222078032332075,1.0032730858898862,0.08335110967259375,0.058584984810902054,True,2,1,4,1,True,1,,,2,1,2,228,,,,,,,,,9,0.8,2.5762957313755304e-06,1.412760034776012e-06,3.077417826251302e-08,1.683171361249928e-07,2.943207148626333e-06,False,0.009368806569741279,0.0,0.009368806569741279,0.5328295192598371,0.5328295192598371,0.177996208165379,0.1276884335049498,0.553480930573001,0.6266610315469152,0.567386815090214,0.6724977295387102,-0.9722854200325751,1.2328589058247446,3.140290796624407,2.9812468309874633,0.9493537458989769,3.140290796624407,2.9812468309874633,0.9493537458989769,-0.0011318472142201122,0.058584984810902054,0.059716832025122166,-0.0011318472142201122,0.058584984810902054,0.059716832025122166,0.018835705470876277,0.029861427100162877,0.0110257216292866,-0.017908074621316866,0.06821552628266794,0.08612360090398481,30.0,30.0,0.0,0.0,0.0,0.0,11.235140951660886,11.235144329260647,11.235140787262877,0.5108034979255214,0.0009517220685657604,1,none,1.8429484523967066,2.0225879064043912,1.8429484523967066,6.724682537413063,6.679323977087787,0.601541528585665,0.5518368202286962,1879,1.8429484523967066,0.0,1.0,0.0,,0,False,0,False,0.0026225402654440843,0.005324130227286309,,0.0026225402654440843,0.005324130227286309,,0.8099872640550911,0,False,False,False,False,False,0.00328986963773609,2972,1550,0
79,True,79,79,1,0.03950000000000003,0.0005,0.0005,0,0,0,False,False,,,none,1.0987500000000001,2.4441943148600753,2.232884766853646,1.0031106270198953,0.08702518219483456,0.05944053184975612,True,2,1,4,1,True,2,,,2,2,2,1206,,,,,,,,,9,0.8,3.1104109355325714e-06,1.6797766564699119e-06,3.309275492801619e-08,2.0678479182746984e-07,3.541208957977727e-06,False,0.009748433641815234,0.0,0.009748433641815234,0.5085805825429272,0.5085805825429272,0.1858845229762385,0.1321305705303385,0.5307581324778704,0.6092055541139941,0.5467824680194051,0.6606076465651165,-0.9703802266615537,1.2420156724579434,3.140290796624407,2.968682674612742,0.9453527927425919,3.140290796624407,2.968682674612742,0.9453527927425919,-0.0011629881379568716,0.05944053184975612,0.06060351998771299,-0.0011629881379568716,0.05944053184975612,0.06060351998771299,0.018789921637710285,0.029851901133307764,0.01106197949559748,-0.018510823888235165,0.07197141275232533,0.09048223664056049,30.0,30.0,0.0,0.0,0.0,0.0,11.334961447545446,11.334964858289768,11.334961272944781,0.5380532769255922,0.0010028750893371322,1,none,1.8557295284326316,2.0462399989903344,1.8557295284326316,6.925279700853294,6.901591585366233,0.5909479724662119,0.5377685727933892,1901,1.8557295284326316,0.0,1.0,0.0,,0,False,0,False,0.0011939005214223611,0.005357081397209631,,0.0011939005214223611,0.005357081397209631,,0.8092175214910432,0,False,False,False,False,False,0.0014290196981839578,2972,1550,0
80,True,80,80,1,0.04,0.0004999999999999727,0.0005,0,1,2,False,False,,,reduced_hold,1.1,2.4677464958347515,2.2426825208328705,1.0029510584931247,0.0908883384858927,0.0602440907943542,True,2,1,4,1,True,2,,,2,2,2,1636,,,,,,,,,9,0.8,3.80245724013748e-06,1.9984573929866697e-06,3.5611831881668764e-08,2.5640638753898705e-07,4.303431822719837e-06,False,0.010139394414030452,0.0,0.010139394414030452,0.48304718459436413,0.48304718459436413,0.1930034758580569,0.1358117447978551,0.5067912704566853,0.590932203551111,0.5264952990590112,0.6488008729628549,-0.9682924561128814,1.2519101803349892,3.140290796624407,2.9553513582729662,0.9411075437503311,3.140290796624407,2.9553513582729662,0.9411075437503311,-0.0011611136424447817,0.0602440907943542,0.061405204436798984,-0.0011611136424447817,0.0602440907943542,0.061405204436798984,0.018740449098325056,0.029841462280564404,0.011101013182239348,-0.01871180240468008,0.0760815256286052,0.09479332803328529,30.0,30.0,0.0,0.0,0.0,0.0,11.437903037316884,11.437906479179231,11.437902851619878,0.5677966256660482,0.0010561387402074074,1,none,1.8634747805526106,2.0655919177335322,1.8634747805526106,7.0233742426451355,7.006315723961851,0.5882049984440503,0.5319414237013214,1919,1.8634747805526106,0.0,1.0,0.0,,0,False,0,False,0.0012244220438026288,0.004549539188747294,,0.0012244220438026288,0.004549539188747294,,0.8077149919815484,0,False,False,False,False,False,0.000808118791871986,2972,1550,0
