step,accepted_step,attempt_step,attempt_index,attempt_number,time,dt,dt_base,dt_retry_attempts,dt_recovery_success_steps,dt_recovery_window_steps,dt_restore_attempt,dt_snap_applied,dt_snap_target_time,time_grid_error,dt_event,g,mass,lumen_mass_def,ratio,max_u,max_p,ch_converged,ch_snes_reason,ch_snes_its,ch_ksp_reason,ch_ksp_its,biot_converged,biot_iterations,biot_iterations_u,biot_iterations_tp,biot_snes_reason,biot_snes_its,biot_ksp_reason,biot_ksp_its,biot_u_snes_reason,biot_u_snes_its,biot_u_ksp_reason,biot_u_ksp_its,biot_tp_snes_reason,biot_tp_snes_its,biot_tp_ksp_reason,biot_tp_ksp_its,split_iterations,outer_omega,split_pf_increment,split_u_increment,split_theta_increment,split_p_increment,split_increment,step_failed,constraint_mismatch_max,constraint_mismatch_boundary_max,constraint_mismatch_interior_max,min_J,min_Je,min_pf,max_pf,area_ref,area_def,area_ratio,flow_potential_min,flow_potential_max,flow_potential_range,p_eff_min,p_eff_max,p_eff_range,theta_eq_min,theta_eq_max,theta_eq_range,storage_strain_min,storage_strain_max,storage_strain_range,energy_total_p,energy_total_theta,energy_total_cross,mu_elastic_l2,mu_storage_l2,lumen_n_components,lumen_component_event,lumen_total_volume,lumen_total_volume_ref,lumen_total_volume_def,lumen_interface_measure_ref,lumen_interface_measure_def,lumen_characteristic_length_ref,lumen_characteristic_length_def,lumen_active_cell_count,lumen_largest_volume,lumen_second_volume,lumen_largest_fraction,lumen_second_fraction,lumen_min_gap,lumen_edge_components,lumen_second_edge_touch,lumen_largest_edge_count,lumen_largest_edge_touch,lumen_largest_cx,lumen_largest_cy,lumen_largest_cz,lumen_cx,lumen_cy,lumen_cz,lumen_rmax,lumen_edge_count,lumen_edge_touch,lumen_any_component_edge_touch,lumen_edge_stop_trigger,lumen_steady_stop_trigger,lumen_amr_eligible,lumen_center_delta,mesh_num_cells,mesh_num_vertices,amr_event
0,True,0,0,0,0.0,0.0,0.001,0,0,0,False,False,,0.0,initial_state,1.0,0.734055680222959,0.7340556802229583,1.000375447762369,0.0,0.0,True,2,1,4,,,,,,,,,,,,,,,,,,0,,,,,,0.0,False,0.0,0.0,0.0,1.0,1.0,-0.9890442369437414,0.5795859912114573,3.140290796624407,3.140290796624407,1.0,0.0,0.0,0.0,0.0,0.0,0.0,0.022102070043942712,0.029945221184718707,0.007843151140775995,0.0,0.0,0.0,10.543397147979135,10.543397147979135,10.543397147979135,0.0,2.2718679246641272e-20,8,none,0.03229613408974467,0.03229613408974467,0.03229613408974467,2.193900872723137,2.193900872723137,0.02944174414740782,0.02944174414740782,30,0.006459226810097791,0.005382689016593098,0.19999999975690147,0.16666666671731215,0.23456885413140563,0,False,0,False,-0.0008450171323492692,-0.44043451600558076,,-0.010570717518681955,-0.023665861241827336,,0.5150296924843095,0,False,False,False,False,False,,2972,1550,0
1,True,1,1,1,0.001,0.001,0.001,0,0,0,False,False,,,none,1.0,0.7344587504925151,0.6951309235446652,0.9999410129326406,0.019341389454464657,0.03456153859614974,True,2,1,4,1,True,1,,,2,1,2,157,,,,,,,,,8,0.8,1.1419811061682634e-06,1.2441812059364042e-06,2.5630502035874962e-08,1.3104297171962312e-06,2.137753654282051e-06,False,0.0021528525129316974,0.0,0.0021528525129316974,0.8956431564034647,0.8956431564034647,-0.9849615700121699,0.4645817550750734,3.140290796624407,3.0373056424397387,0.9672052173335761,0.007467829856890642,0.03456153859614974,0.0270937087392591,0.007467829856890642,0.03456153859614974,0.0270937087392591,0.022677091224624635,0.02992480785006085,0.0072477166254362145,0.011625015801566711,0.03911659308860592,0.027491577287039208,9.576756404261655,9.5767566331879,9.5767564029456,0.21397020303962358,0.0009143618852880618,0,none,0.0,0.0,0.0,0.0,0.0,0.0,0.0,0,0.0,0.0,0.0,0.0,,0,False,0,False,nan,nan,,nan,nan,,0.0,0,False,False,False,False,False,,2972,1550,0
2,True,2,2,1,0.002,0.001,0.001,0,0,4,False,False,,,component_split;component_dt_reduce,1.0,0.7348468690745319,0.695944241644622,0.9999221364293588,0.01902016097054848,0.037315122327536254,True,2,1,4,1,True,2,,,2,2,2,222,,,,,,,,,7,0.8,1.277805494726312e-06,2.219807632816681e-07,1.2529681115047126e-07,5.303240908308772e-07,1.4067712229854363e-06,False,0.0026686658017411394,0.0,0.0026686658017411394,0.9027930054260339,0.9027930054260339,-0.9804681380546598,0.4929576272047795,3.140290796624407,3.04069094701353,0.9682832399732089,0.006339676829057051,0.037315122327536254,0.030975445498479203,0.006339676829057051,0.037315122327536254,0.030975445498479203,0.022535211863976102,0.029902340690273296,0.007367128826297194,0.011861272842314153,0.04154861349109932,0.029687340648785164,9.236889783101748,9.236890058385505,9.236889782880189,0.200827122485317,0.0008118878612032443,4,split,0.0224476470450339,0.02476036947242859,0.0224476470450339,1.4459801207385548,1.378240899874566,0.034247178252743725,0.03257434465495381,23,0.005861408740034486,0.005857563083852482,0.2611146160787131,0.2609432994068905,0.4578242896631961,0,False,0,False,0.3880083510263615,0.0002448389993015374,,-0.00026190634402473135,-0.01694857633117273,,0.4524474342216565,0,False,False,False,False,False,,2972,1550,0
3,True,3,3,1,0.0025,0.0005,0.001,0,1,4,False,False,,,reduced_hold,1.0,0.7350358014982559,0.6964176059916165,0.9999778635191159,0.0187095298208567,0.03927023547601675,True,2,1,4,1,True,2,,,2,2,2,296,,,,,,,,,6,0.8,2.921040106823394e-06,6.88494440621103e-07,3.142118878080618e-07,1.400264351191388e-06,3.326555164745406e-06,False,0.0028983671245059878,0.0,0.0028983671245059878,0.9021998864648239,0.9021998864648239,-0.978556551711763,0.5393265680162761,3.140290796624407,3.043007893738205,0.9690210527665863,0.005467938133111457,0.03927023547601675,0.03380229734290529,0.005467938133111457,0.03927023547601675,0.03380229734290529,0.02230336715991862,0.029892782758558816,0.007589415598640195,0.01195974769203026,0.04307645195476929,0.031116704262739034,9.064875642606223,9.064875973090125,9.064875641928047,0.1928352155283016,0.0007463991885370421,4,none,0.07149790403982113,0.07858725963495755,0.07149790403982113,2.5429305570653717,2.4306693704269007,0.061808419751461806,0.05882980623338656,73,0.01959995278714402,0.017629057711530435,0.2741332497834863,0.2465674756243461,0.36280190830332804,0,False,0,False,-0.005201239500954295,-0.3620709808773912,,-0.0015056668734791732,-0.013103521149497121,,0.4644796272872719,0,False,False,False,False,False,0.004041211403126451,2972,1550,0
4,True,4,4,1,0.003,0.0005,0.001,0,2,4,False,False,,,reduced_hold,1.0,0.735219990588351,0.6968534829269596,1.0000564105243133,0.018390938674263377,0.04144110568238018,True,2,1,4,1,True,2,,,2,2,2,240,,,,,,,,,6,0.8,2.4287498031746917e-06,6.415735493391549e-07,3.1990045201824445e-07,1.168048820514083e-06,2.7887482087737075e-06,False,0.0033061307826918115,0.0,0.0033061307826918115,0.8996725870454743,0.8996725870454743,-0.9770743391158554,0.5879262104966827,3.140290796624407,3.045160683667016,0.9697065911667642,0.004746897369410066,0.04144110568238018,0.036694208312970114,0.004746897369410066,0.04144110568238018,0.036694208312970114,0.02206036894751659,0.029885371695579276,0.007825002748062686,0.0120619670911821,0.044832448944111265,0.03277048185292916,8.918254720197668,8.91825511579753,8.918254718823476,0.18548899781181305,0.0006953733127917723,4,none,0.11173111723511958,0.12272530956592594,0.11173111723511958,3.2908513089906797,3.151460440144663,0.07458575185736142,0.07090751691618298,114,0.0294062073691922,0.02744614606198431,0.26318726686775823,0.24564460412785863,0.3105678300012517,0,False,0,False,0.0015222980691555396,0.3599429924972807,,0.001960623121865309,0.008817902267506034,,0.4684144755016127,0,False,False,False,False,False,0.022193782258987754,2972,1550,0
5,True,5,5,1,0.0035,0.0005,0.001,0,0,8,False,False,,,component_gap;component_dt_reduce,1.0,0.7353998869396383,0.6972760511670322,1.000139307078258,0.018172084845758572,0.043759114808988406,True,2,1,4,1,True,2,,,2,2,2,246,,,,,,,,,6,0.8,2.1382101929897904e-06,5.96043239293456e-07,3.265651054855948e-07,1.0218633884426692e-06,2.465372167700695e-06,False,0.003610963938369821,0.0,0.003610963938369821,0.8971578028002237,0.8971578028002237,-0.9760389863958445,0.6264703934262655,3.140290796624407,3.047129739484582,0.9703336209372817,0.004233724887221692,0.043759114808988406,0.03952538992176671,0.004233724887221692,0.043759114808988406,0.03952538992176671,0.021867648032868673,0.029880194931979222,0.008012546899110549,0.012149383257996343,0.047049808475019675,0.03490042521702333,8.784220931197485,8.784221393770121,8.784220928876,0.1786568424272303,0.0006602551839701124,4,none,0.1462682626889292,0.16040413268039616,0.1462682626889292,3.839326527227362,3.684795433243571,0.08355847388486379,0.079390167155182,149,0.03730988939578597,0.03730224062450097,0.2550785024030363,0.25502620964215716,0.2687540477329654,0,False,0,False,0.0026562155168650763,-0.34286575537392916,,-0.0019751489050542337,0.0012879117151125235,,0.46837435780532183,0,False,False,False,False,False,0.00849653218478091,2972,1550,0
6,True,6,6,1,0.00375,0.00025,0.001,0,1,8,False,False,,,component_gap,1.0,0.7354886379836234,0.6975380543929238,1.0001939453293271,0.018061662875106476,0.045280888248285384,True,2,1,4,1,True,2,,,2,2,2,297,,,,,,,,,6,0.8,1.0420602359965423e-06,3.389854794654864e-07,1.6535818908581864e-07,5.575087835709661e-07,1.2405482921636445e-06,False,0.0037570119129956454,0.0,0.0037570119129956454,0.8954463830323827,0.8954463830323827,-0.975588747559423,0.6470765070641505,3.140290796624407,3.048267680904017,0.9706959891041591,0.0039961627403075515,0.045280888248285384,0.041284725507977835,0.0039961627403075515,0.045280888248285384,0.041284725507977835,0.021764617464679246,0.029877943737797112,0.008113326273117866,0.012164379593947335,0.04848852874781611,0.03632414915386878,8.71261792141399,8.712618428408977,8.712617918908617,0.17476747604763665,0.0006433024937073631,4,none,0.16608436080346478,0.1819348887466749,0.16608436080346478,4.138494828089718,3.978870917917049,0.08792321667858842,0.08348316104228405,169,0.043259243709945196,0.042259338808149555,0.26046548573670847,0.2544450218172978,0.24636888885098795,0,False,0,False,0.0030482680022887944,-0.3387322231753738,,0.001623375522212456,-0.0008368602824774979,,0.4683732865449056,0,False,False,False,False,False,0.004178999173890531,2972,1550,0
7,True,7,7,1,0.004,0.00025,0.001,0,2,8,False,False,,,component_gap,1.0,0.7355762834033297,0.6977984470814604,1.000245281011473,0.017958616983271083,0.04677957245087244,True,2,1,4,1,True,2,,,2,2,2,299,,,,,,,,,6,0.8,9.428688001255644e-07,3.2067170437713736e-07,1.6803278616346076e-07,5.137343074631599e-07,1.1331327689767284e-06,False,0.0038597490121559264,0.0,0.0038597490121559264,0.8944521508171107,0.8944521508171107,-0.9751911021080636,0.6633734669302551,3.140290796624407,3.049328341557479,0.9710337478412169,0.0038108699611884367,0.04677957245087244,0.042968702489684006,0.0038108699611884367,0.04677957245087244,0.042968702489684006,0.021683132665348725,0.029875955510540314,0.00819282284519159,0.012177879912487878,0.04998201314905604,0.03780413323656816,8.642730403179074,8.642730949583415,8.642730400006265,0.17107275928146295,0.0006324277863668381,4,none,0.18002943439974584,0.19700641799313284,0.18002943439974584,4.337940361994116,4.174390703667106,0.09082947276968584,0.08625423309878212,183,0.046262545848901694,0.04525017352362636,0.25697212238182204,0.2513487512444812,0.23211154001364137,0,False,0,False,0.33280285837697143,-0.0008379136216536613,,0.004248225504533157,0.0008349720456038679,,0.4683824579479248,0,False,False,False,False,False,0.0031120508933670963,2972,1550,0
8,True,8,8,1,0.00425,0.00025,0.001,0,3,8,False,False,,,component_gap,1.0,0.7356629064838507,0.6980572787610523,1.0002941604933446,0.017859749332491053,0.04822696225421791,True,2,1,4,1,True,2,,,2,2,2,292,,,,,,,,,5,0.8,3.950843658162949e-06,1.4780448025110522e-06,8.51587728116289e-07,2.350262670934158e-06,4.903337468555591e-06,False,0.004026562728810593,0.0,0.004026562728810593,0.8938771731332608,0.8938771731332608,-0.9748708941622748,0.676041564479435,3.140290796624407,3.0503206797913385,0.9713497498608153,0.0036618848479145713,0.04822696225421791,0.04456507740630334,0.0036618848479145713,0.04822696225421791,0.04456507740630334,0.021619792177602827,0.02987435447081137,0.008254562293208544,0.012191586617595737,0.05150147810091965,0.039309891483323915,8.573229642212985,8.573230218868675,8.573229636094288,0.16759228818825184,0.0006269707684163024,4,none,0.19006311115609395,0.20777179602631474,0.19006311115609395,4.537385895898399,4.3704449118308695,0.09158215800605873,0.08697655043841868,193,0.04827169667129011,0.04826047989814661,0.2539771993506189,0.2539181833054996,0.21897412440553626,0,False,0,False,-0.3282901379355833,-0.0018320945192539832,,-0.002036697866872349,0.003132269085050589,,0.4684016165925116,0,False,False,False,False,False,0.0066916242775494975,2972,1550,0
9,True,9,9,1,0.0045000000000000005,0.00025,0.001,0,4,8,False,False,,,component_gap,1.0,0.7357485660052532,0.6983150380840248,1.0003411154096535,0.017761767710929792,0.04960102577806074,True,2,1,4,1,True,2,,,2,2,2,325,,,,,,,,,5,0.8,3.784253878009432e-06,1.4233510322192734e-06,8.654976621800591e-07,2.1874018480653778e-06,4.677640283551961e-06,False,0.004170973137097871,0.0,0.004170973137097871,0.8936400276533774,0.8936400276533774,-0.9746250301610682,0.6861152465273227,3.140290796624407,3.051256623386378,0.9716477934674921,0.003537364720941094,0.04960102577806074,0.04606366105711965,0.003537364720941094,0.04960102577806074,0.04606366105711965,0.021569423767363385,0.02987312515080534,0.008303701383441955,0.012206898962976123,0.05302773961822522,0.040820840655249095,8.503162433630166,8.50316303984485,8.503162426620856,0.16435127761152804,0.0006263689814566231,4,none,0.2071740347819514,0.226072938682727,0.2071740347819514,4.786692813278804,4.614164791868843,0.09445892916110105,0.08979914854668254,210,0.054298151063007026,0.05129525147680062,0.26208955731424205,0.24759498230938234,0.19606052976903507,0,False,0,False,-0.006559614617521975,0.32677815326139265,,-0.00325448844937697,0.006400221413206212,,0.4684260341713877,0,False,False,False,False,False,0.0034874813722706385,2972,1550,0
10,True,10,10,1,0.004750000000000001,0.00025,0.001,0,5,8,False,False,,,component_gap,1.0,0.7358333145093978,0.698570233507719,1.0003864002792158,0.01766263857047245,0.05087402841485281,True,2,1,4,1,True,2,,,2,2,2,327,,,,,,,,,5,0.8,3.703106712468254e-06,1.3803342194424604e-06,8.794764126791663e-07,2.0371020435803415e-06,4.5322825791988615e-06,False,0.004287560383927053,0.0,0.004287560383927053,0.8939187904653554,0.8939187904653554,-0.974446768493599,0.6947935894822876,3.140290796624407,3.052143302131171,0.9719301490842859,0.0034298466080743277,0.05087402841485281,0.04744418180677848,0.0034298466080743277,0.05087402841485281,0.04744418180677848,0.021526032052588562,0.029872233842467993,0.00834620178987943,0.012224987522129414,0.054539419469083555,0.04231443194695414,8.431832680587402,8.431833311478503,8.43183267270723,0.16139390286699498,0.0006300715131768275,4,none,0.22236263200202036,0.24222100573573913,0.22236263200202036,5.135722497836719,4.953892910944304,0.0943279181605969,0.08977288609157033,225,0.05634593247233882,0.056340166304343055,0.2533965890088352,0.25337065763743594,0.1828137561892833,0,False,0,False,-0.0005313228528633374,0.321362201193034,,-0.0002056462196872884,0.0021862437168824857,,0.4643820656286294,0,False,False,False,False,False,0.005201254364732892,2972,1550,0
11,True,11,11,1,0.005000000000000001,0.00025,0.001,0,0,16,False,False,,,component_merge;component_gap;component_dt_reduce,1.0,0.7359171934016036,0.6988212662523663,1.0004300610560855,0.017607357608926538,0.05201743858656983,True,2,1,4,1,True,2,,,2,2,2,340,,,,,,,,,5,0.8,3.6926938463642887e-06,1.3479547519181409e-06,8.933566073331685e-07,1.9046433811791573e-06,4.4585560771992965e-06,False,0.004379443525105596,0.0,0.004379443525105596,0.8947425968246431,0.8947425968246431,-0.9743306993456515,0.7015271392361081,3.140290796624407,3.0529873957807516,0.9721989438247246,0.003334384517489505,0.05201743858656983,0.04868305406908032,0.003334384517489505,0.05201743858656983,0.04868305406908032,0.02149236430381946,0.029871653496728254,0.008379289192908795,0.01224658308209344,0.05601846261020247,0.04377187952810903,8.358709538345027,8.358710189136762,8.358709529608198,0.1587789833240766,0.0006375461568801837,3,merge,0.2466457609774138,0.26805791301538595,0.2466457609774138,5.734059099550473,5.539304207362487,0.0934967388237769,0.08905297551616254,249,0.12181066059856947,0.06342787592117416,0.49386885919245166,0.2571618327021743,0.14917528201744773,0,False,0,False,0.15037267513081348,0.15658128114726486,,-0.0037870575976985967,-0.0024064903579014566,,0.4644253787370419,0,False,False,False,False,False,0.005824063335870445,2972,1550,0
12,True,12,12,1,0.005125000000000001,0.000125,0.001,0,0,32,False,False,,,component_merge;component_gap;component_dt_reduce,1.0,0.735958904531624,0.6989597454519577,1.0004561689970537,0.017571756424850565,0.052673703450235296,True,2,1,4,1,True,2,,,2,2,2,297,,,,,,,,,5,0.8,1.610811977701693e-06,7.101590979224379e-07,4.51271948880991e-07,9.920191443995245e-07,2.070456357079584e-06,False,0.004422669765294209,0.0,0.004422669765294209,0.895307766569739,0.895307766569739,-0.9742804166417637,0.7045504945901497,3.140290796624407,3.053437702713345,0.9723423403958567,0.003287546376774956,0.052673703450235296,0.04938615707346034,0.003287546376774956,0.052673703450235296,0.04938615707346034,0.021477247527049253,0.029871402083208817,0.008394154556159564,0.012253457976074147,0.05685428282443278,0.04460082484835863,8.319760058876307,8.319760724307574,8.319760051707226,0.15749317351384526,0.0006420190302996641,2,merge,0.2537719174066054,0.2755936776386885,0.2537719174066054,5.584474949117133,5.393848308805039,0.09869994230424758,0.09409679430262895,256,0.19033521640075568,0.0634367010058497,0.7500247401125617,0.24997525988743827,0.012315123345961965,0,False,0,False,0.09646562000754746,-0.0029755131992089323,,-0.003657496668548284,-0.0018607940782370317,,0.464457389911354,0,False,False,False,False,False,0.0005608658163962987,2972,1550,0
13,True,13,13,1,0.005187500000000001,6.25e-05,0.001,0,0,64,False,False,,,component_merge;component_dt_reduce,1.0,0.735979703317513,0.699032190246745,1.000470448384634,0.017550404285904625,0.05302534822409229,True,2,1,4,1,True,2,,,2,2,2,292,,,,,,,,,4,0.8,2.8650181742962093e-06,1.7653230806208797e-06,1.1344794852214493e-06,2.5792667969336745e-06,4.389117864693679e-06,False,0.004442604234200263,0.0,0.004442604234200263,0.8956299149515649,0.8956299149515649,-0.9742567205695567,0.705973824391912,3.140290796624407,3.0536693668365387,0.9724161119470272,0.0032644528625478445,0.05302534822409229,0.04976089536154445,0.0032644528625478445,0.05302534822409229,0.04976089536154445,0.021470130878040443,0.029871283602847784,0.008401152724807341,0.01225599038643869,0.05729782480514181,0.045041834418703124,8.29961486860881,8.299615532890208,8.29961485793333,0.15685804965606284,0.0006444195423092659,1,merge,0.2588572099803692,0.28097636665740133,0.2588572099803692,5.534613565787887,5.344467783596773,0.10153423118616686,0.09686921896127922,261,0.2588572099803692,0.0,1.0,0.0,,0,False,0,False,-0.004879728774753211,0.002163972963595388,,-0.004879728774753211,0.002163972963595388,,0.45838918535393547,0,False,False,False,False,False,0.004206257369973766,2972,1550,0
14,True,14,14,1,0.005218750000000001,3.125e-05,0.001,0,1,64,False,False,,,reduced_hold,1.0,0.7359900875996566,0.6990699666669244,1.0004779292070203,0.017538510362624223,0.053210684552368416,True,2,1,4,1,True,2,,,2,2,2,304,,,,,,,,,4,0.8,1.0283744586724083e-06,8.992355253187643e-07,5.689781661527321e-07,1.3308206234195794e-06,1.990225676279574e-06,False,0.004452275712225565,0.0,0.004452275712225565,0.8958023104425402,0.8958023104425402,-0.9742452008108872,0.706664314165356,3.140290796624407,3.053788472794751,0.9724540402682961,0.0032528285114372018,0.053210684552368416,0.04995785604093121,0.0032528285114372018,0.053210684552368416,0.04995785604093121,0.02146667842917322,0.029871226004054438,0.008404547574881217,0.012256940488484844,0.05753082305902006,0.04527388257053522,8.289363893202067,8.28936456565702,8.289363885111044,0.15654147791284773,0.0006457126263095795,1,none,0.2649083542222781,0.2874355934773069,0.2649083542222781,5.534613565788314,5.344812143180831,0.10386835144338265,0.09912728347628118,267,0.2649083542222781,0.0,1.0,0.0,,0,False,0,False,-0.003366618769680831,0.0032602558327652536,,-0.003366618769680831,0.0032602558327652536,,0.4583982013739412,0,False,False,False,False,False,0.0018685122468652569,2972,1550,0
15,True,15,15,1,0.005250000000000001,3.125e-05,0.001,0,2,64,False,False,,,reduced_hold,1.0,0.73600045737172,0.6991074742909853,1.0004849432534346,0.01752620230634619,0.05338427997148542,True,2,1,4,1,True,2,,,2,2,2,290,,,,,,,,,4,0.8,9.901959479768383e-07,8.888573865248275e-07,5.706985395302179e-07,1.304299009060143e-06,1.94870423538994e-06,False,0.004460983354949752,0.0,0.004460983354949752,0.895992317554909,0.895992317554909,-0.974233738871825,0.7073177918546878,3.140290796624407,3.053905907402952,0.9724914363617814,0.0032413363678303036,0.05338427997148542,0.050142943603655114,0.0032413363678303036,0.05338427997148542,0.050142943603655114,0.021463411040726563,0.029871168694359122,0.00840775765363256,0.012258100995046808,0.05775672317528846,0.04549862218024165,8.279072187551149,8.279072862524373,8.279072179351717,0.1562286940654607,0.0006471304736250137,1,none,0.26594614723741583,0.28851213128062553,0.26594614723741583,5.58447494926446,5.392951416138243,0.10332650209797285,0.09862731061940594,268,0.26594614723741583,0.0,1.0,0.0,,0,False,0,False,-0.0026195997931526514,0.0026037574279698687,,-0.0026195997931526514,0.0026037574279698687,,0.45840782089750304,0,False,False,False,False,False,0.0009944986208095482,2972,1550,0
16,True,16,16,1,0.005281250000000001,3.125e-05,0.001,0,3,64,False,False,,,reduced_hold,1.0,0.7360108127598748,0.699144834359241,1.000491643985789,0.01751359084425088,0.053549092082615095,True,2,1,4,1,True,2,,,2,2,2,327,,,,,,,,,4,0.8,9.752652113112655e-07,8.835229768738731e-07,5.724091890626335e-07,1.2893055531285125e-06,1.9291749977929528e-06,False,0.0044689093913637176,0.0,0.0044689093913637176,0.8961971850747643,0.8961971850747643,-0.9742228215112216,0.7079330366723765,3.140290796624407,3.0540222300129076,0.9725284783484918,0.003229968040870631,0.053549092082615095,0.05031912404174446,0.003229968040870631,0.053549092082615095,0.05031912404174446,0.021460334816638116,0.029871114107556107,0.008410779290917991,0.012259451749433175,0.05797840721084396,0.04571895546141079,8.268738034405681,8.26873871166413,8.268738026079635,0.15592317831570632,0.0006486656085841427,1,none,0.2669870317537696,0.28958866908394415,0.2669870317537696,5.534613565788314,5.3453700774721735,0.1046463915291246,0.09989468563794102,269,0.2669870317537696,0.0,1.0,0.0,,0,False,0,False,-0.0035059944204167684,0.0018062904732119244,,-0.0035059944204167684,0.0018062904732119244,,0.4584178675298249,0,False,False,False,False,False,0.0011923292243225451,2972,1550,0
17,True,17,17,1,0.005312500000000001,3.125e-05,0.001,0,4,64,False,False,,,reduced_hold,1.0,0.736021153879362,0.6991819315246073,1.0004981243364468,0.017500771398327036,0.05370620780999246,True,2,1,4,1,True,2,,,2,2,2,297,,,,,,,,,4,0.8,9.679775181204052e-07,8.779663137553018e-07,5.741011993508029e-07,1.2760351615490964e-06,1.914592187459583e-06,False,0.004476140554640316,0.0,0.004476140554640316,0.8964144934378924,0.8964144934378924,-0.9742125401816678,0.7085110312076229,3.140290796624407,3.054137357173862,0.9725651396542148,0.003218752635069598,0.05370620780999246,0.05048745517492286,0.003218752635069598,0.05370620780999246,0.05048745517492286,0.021457444843961886,0.02987106270090834,0.008413617856946453,0.012261022731538786,0.05819646122808583,0.04593543849654705,8.258359916523586,8.2583605958992,8.258359908070902,0.1556272640101913,0.0006502975202646467,1,none,0.270027654503313,0.29281828249389996,0.270027654503313,5.58447494926446,5.39390701875466,0.10486868869649689,0.10012321442116989,272,0.270027654503313,0.0,1.0,0.0,,0,False,0,False,-0.0022417146321605666,0.0013041646287811916,,-0.0022417146321605666,0.0013041646287811916,,0.45842821698084574,0,False,False,False,False,False,0.0013603432458899566,2972,1550,0
18,True,18,18,1,0.005343750000000001,3.125e-05,0.001,0,5,64,False,False,,,reduced_hold,1.0,0.736031480838569,0.6992186965148464,1.0005044406824228,0.017487798508830286,0.05385630598705645,True,2,1,4,1,True,2,,,2,2,2,331,,,,,,,,,4,0.8,9.646149920281605e-07,8.723495885497432e-07,5.757693290570566e-07,1.2641442965211566e-06,1.9029048873231097e-06,False,0.004482752348243744,0.0,0.004482752348243744,0.8966426244099555,0.8966426244099555,-0.9742029168879837,0.7090531653553545,3.140290796624407,3.054251250585485,0.9726014080825226,0.0032077027104131027,0.05385630598705645,0.05064860327664335,0.0032077027104131027,0.05385630598705645,0.05064860327664335,0.021454734173223227,0.029871014584439918,0.00841628041121669,0.012262831559094245,0.05841125439262397,0.046148422833529726,8.247936417411594,8.247937098755575,8.247936408832818,0.1553423444199638,0.0006520124343655691,1,none,0.27207534695963786,0.2949713581005371,0.27207534695963786,5.484752182312161,5.2982668802457,0.10756050530479519,0.10270352668494521,274,0.27207534695963786,0.0,1.0,0.0,,0,False,0,False,-0.0006378988533326535,0.0013377076738571338,,-0.0006378988533326535,0.0013377076738571338,,0.45843879636933577,0,False,False,False,False,False,0.0016041665089043444,2972,1550,0
19,True,19,19,1,0.005375000000000001,3.125e-05,0.001,0,6,64,False,False,,,reduced_hold,1.0,0.7360417937397542,0.699255088106894,1.000510627506499,0.017474704206750954,0.053999790295334,True,2,1,4,1,True,2,,,2,2,2,341,,,,,,,,,4,0.8,9.634768632909512e-07,8.667937605521724e-07,5.774102778059525e-07,1.2534999111846893e-06,1.893220469381503e-06,False,0.004488802531254426,0.0,0.004488802531254426,0.8968804491587691,0.8968804491587691,-0.9741939546935943,0.709560830220725,3.140290796624407,3.054363900390321,0.9726372804943887,0.003196822689903349,0.053999790295334,0.05080296760543065,0.003196822689903349,0.053999790295334,0.05080296760543065,0.021452195848896377,0.029870969773467967,0.00841877392457159,0.01225536878040625,0.05862301237448053,0.04636764359407428,8.237466182502361,8.23746686567908,8.2374661737988,0.1550692881329663,0.0006538006836688364,1,none,0.27613516444278,0.2992775093138116,0.27613516444278,5.285306648407579,5.104434555773643,0.11324887247705166,0.10819422266093807,278,0.27613516444278,0.0,1.0,0.0,,0,False,0,False,0.0003327476408104777,-0.0019476186618954828,,0.0003327476408104777,-0.0019476186618954828,,0.45200641812838727,0,False,False,False,False,False,0.003425715071190549,2972,1550,0
20,True,20,20,1,0.005406250000000001,3.125e-05,0.001,0,7,64,False,False,,,reduced_hold,1.0,0.7360520926796739,0.6992910819263005,1.0005167061222104,0.017461821897724536,0.05413688510195037,True,2,1,4,1,True,2,,,2,2,2,331,,,,,,,,,4,0.8,9.637164500072493e-07,8.613726434585728e-07,5.790218493494281e-07,1.2440296749843193e-06,1.8850963798116552e-06,False,0.0044943338576299095,0.0,0.0044943338576299095,0.8971271341183484,0.8971271341183484,-0.9741856518201748,0.710035337532806,3.140290796624407,3.0544753133046294,0.9726727590285513,0.0031861128118289713,0.05413688510195037,0.0509507722901214,0.0031861128118289713,0.05413688510195037,0.0509507722901214,0.021449823312335973,0.029870928259100874,0.008421104946764901,0.012204435427628684,0.05883186623064881,0.04662743080302013,8.226947900374139,8.226948585256727,8.22694789154691,0.15480866185409273,0.0006556550923300085,1,none,0.27717741687148045,0.3003540471171302,0.27717741687148045,5.335168031883725,5.1526008511442845,0.11259403464789547,0.10758738154923263,279,0.27717741687148045,0.0,1.0,0.0,,0,False,0,False,0.0009180277767156714,-0.001252622756606264,,0.0009180277767156714,-0.001252622756606264,,0.4520165067184107,0,False,False,False,False,False,0.0009086100075686943,2972,1550,0
21,True,21,21,1,0.005437500000000001,3.125e-05,0.001,0,8,64,False,False,,,reduced_hold,1.0,0.7360623777500477,0.6993266638880218,1.0005226898300903,0.017451564840276153,0.054267699064804525,True,2,1,4,1,True,2,,,2,2,2,299,,,,,,,,,4,0.8,9.648877895172863e-07,8.561302740616585e-07,5.806024565624651e-07,1.2356919036001498e-06,1.878297416735107e-06,False,0.0044993780447456135,0.0,0.0044993780447456135,0.8973820270314461,0.8973820270314461,-0.9741780059314901,0.710477914667132,3.140290796624407,3.054585505709851,0.9727078489015466,0.0031755710971587436,0.054267699064804525,0.051092127967645784,0.0031755710971587436,0.054267699064804525,0.051092127967645784,0.021447610426664338,0.02987089002965745,0.008423279602993113,0.012154637401767272,0.05903788545682938,0.04688324805506211,8.216380291877071,8.21638097834559,8.216380282928073,0.15456085539550354,0.0006575700145948084,1,none,0.2782189674243789,0.3014305849204488,0.2782189674243789,5.285306648407579,5.104713414787458,0.11406361256683846,0.1090047353563189,280,0.2782189674243789,0.0,1.0,0.0,,0,False,0,False,0.0014068483800379482,-0.0005216241976056733,,0.0014068483800379482,-0.0005216241976056733,,0.45202678212134934,0,False,False,False,False,False,0.0008793773225943997,2972,1550,0
22,True,22,22,1,0.005468750000000001,3.125e-05,0.001,0,9,64,False,False,,,reduced_hold,1.0,0.7360726490379228,0.6993618262407033,1.0005285869797083,0.01744113503789254,0.054392265363216244,True,2,1,4,1,True,2,,,2,2,2,303,,,,,,,,,4,0.8,9.66743772043806e-07,8.510919318493329e-07,5.821508312988314e-07,1.2284639866363998e-06,1.872691740273618e-06,False,0.00450395906269902,0.0,0.00450395906269902,0.8976445901183928,0.8976445901183928,-0.9741710151003641,0.7108897134458068,3.140290796624407,3.0546944995241456,0.9727425570930337,0.003165194407891418,0.054392265363216244,0.051227070955324826,0.003165194407891418,0.054392265363216244,0.051227070955324826,0.021445551432770965,0.02987085507550182,0.008425303642730853,0.012105934065067209,0.05924109911065402,0.04713516504558681,8.205762102708988,8.205762790648283,8.205762093639912,0.15432615424476365,0.000659540752078601,1,none,0.2792692700392658,0.3025071227236006,0.2792692700392658,5.3351680318963774,5.154086030497729,0.11340116034398823,0.10836810576570716,281,0.2792692700392658,0.0,1.0,0.0,,0,False,0,False,0.0018973085176363512,-0.0018114520743969776,,0.0018973085176363512,-0.0018114520743969776,,0.452037230262153,0,False,False,False,False,False,0.0013799301063173485,2972,1550,0
23,True,23,23,1,0.005500000000000001,3.125e-05,0.001,0,10,64,False,False,,,reduced_hold,1.0,0.7360829066259498,0.6993965651345283,1.0005344028054848,0.01743054164717646,0.05451056672319006,True,2,1,4,1,True,2,,,2,2,2,292,,,,,,,,,4,0.8,9.691401418548203e-07,8.462706647627572e-07,5.836658544144074e-07,1.2223362950207347e-06,1.8682019431332088e-06,False,0.0045080955262510845,0.0,0.0045080955262510845,0.8979143604796835,0.8979143604796835,-0.9741646776953515,0.7112718185338306,3.140290796624407,3.0548023196909773,0.9727768915460555,0.003154979047047156,0.05451056672319006,0.05135558767614291,0.003154979047047156,0.05451056672319006,0.05135558767614291,0.02144364090733085,0.029870823388476752,0.008427182481145903,0.012058290168524378,0.05944150902297688,0.0473832188544525,8.19509209768174,8.195092786980524,8.195092088494373,0.15410478268401834,0.0006615631944594704,1,none,0.2813196298546995,0.3046601983302378,0.2813196298546995,5.235445264944086,5.058141509806969,0.11638368196501106,0.11123438492547645,283,0.2813196298546995,0.0,1.0,0.0,,0,False,0,False,0.0018850972792088313,-0.003043071400635291,,0.0018850972792088313,-0.003043071400635291,,0.45204784197237335,0,False,False,False,False,False,0.0012316798606406014,2972,1550,0
24,True,24,24,1,0.0055312500000000014,3.125e-05,0.001,0,11,64,False,False,,,reduced_hold,1.0,0.7360931505925947,0.6994308791054712,1.0005401405398773,0.017419790790293033,0.054622550930048606,True,2,1,4,1,True,2,,,2,2,2,288,,,,,,,,,4,0.8,9.719877681744639e-07,8.416718601973883e-07,5.85146455751481e-07,1.2173085060787683e-06,1.8647809832200535e-06,False,0.004511802351721212,0.0,0.004511802351721212,0.8981909263110696,0.8981909263110696,-0.9741589920155238,0.7116252533349731,3.140290796624407,3.0549089926346955,0.9728108606752307,0.0031449211096277623,0.054622550930048606,0.051477629820420846,0.0031449211096277623,0.054622550930048606,0.051477629820420846,0.021441873733325137,0.02987079496007762,0.008428921226752484,0.01201167495578874,0.059639097999148974,0.047627423043360234,8.184369055941408,8.184369746491901,8.184369046637729,0.1538969298400976,0.0006636335940744793,1,none,0.28237092925772567,0.3057367361335564,0.28237092925772567,5.285306648420232,5.106725715178385,0.115693092746072,0.1105878580548993,284,0.28237092925772567,0.0,1.0,0.0,,0,False,0,False,0.0011379641907490272,-0.0021210545034922165,,0.0011379641907490272,-0.0021210545034922165,,0.4520586111206937,0,False,False,False,False,False,0.0011867278586469724,2972,1550,0
25,True,25,25,1,0.0055625000000000015,3.125e-05,0.001,0,12,64,False,False,,,reduced_hold,1.0,0.7361033810122983,0.6994647681215733,1.0005458020967277,0.017408886727807497,0.05472814046483014,True,2,1,4,1,True,2,,,2,2,2,301,,,,,,,,,4,0.8,9.752280122838108e-07,8.372961848799557e-07,5.865915548072293e-07,1.2133870245299079e-06,1.8623996082007394e-06,False,0.00451509188215958,0.0,0.00451509188215958,0.8984739123869344,0.8984739123869344,-0.9741539559541151,0.711950983951789,3.140290796624407,3.055014545306276,0.9728444730628778,0.0031350166906505125,0.05472814046483014,0.05159312377417963,0.0031350166906505125,0.05472814046483014,0.05159312377417963,0.021440245080241054,0.029870769779770576,0.008430524699529523,0.01196606123566779,0.05983383489648154,0.047867773660813746,8.173591766802412,8.173592458499217,8.173591757384221,0.15370276561050958,0.0006657484217447387,1,none,0.28442560701623887,0.30788981174019364,0.28442560701623887,5.285306648420232,5.10734304808525,0.11650783283585688,0.11137908863312812,286,0.28442560701623887,0.0,1.0,0.0,,0,False,0,False,0.0002361374114495697,-0.0019920079228988186,,0.0002361374114495697,-0.0019920079228988186,,0.45206953343920925,0,False,False,False,False,False,0.0009110129306571235,2972,1550,0
26,True,26,26,1,0.0055937500000000015,3.125e-05,0.001,0,13,64,False,False,,,reduced_hold,1.0,0.7361135979556195,0.6994982329784696,1.000551388496252,0.017397832601437783,0.05482723851445987,True,2,1,4,1,True,2,,,2,2,2,297,,,,,,,,,4,0.8,9.78819667052585e-07,8.331410188588729e-07,5.8800002513725e-07,1.2105828099339556e-06,1.8610391363921211e-06,False,0.004517974646380004,0.0,0.004517974646380004,0.8987629710328823,0.8987629710328823,-0.9741495667596571,0.7122499220333441,3.140290796624407,3.0551190045952015,0.9728777372717331,0.0031252620081397837,0.05482723851445987,0.05170197650632009,0.0031252620081397837,0.05482723851445987,0.05170197650632009,0.02143875038983328,0.029870747833798283,0.008431997443965004,0.011921424589998683,0.06002567775810469,0.04810425316810601,8.162759026019934,8.1627597187604,8.16275901648918,0.15352245048065663,0.0006679042724052469,1,none,0.2864747177807738,0.3100428873468309,0.2864747177807738,5.285306648420231,5.107556811279171,0.11732257292564177,0.11217681109220093,288,0.2864747177807738,0.0,1.0,0.0,,0,False,0,False,0.0005293299285881903,-0.00072608574642834,,0.0005293299285881903,-0.00072608574642834,,0.4520806057801106,0,False,False,False,False,False,0.0012994309558363743,2972,1550,0
27,True,27,27,1,0.0056250000000000015,3.125e-05,0.001,0,14,64,False,False,,,reduced_hold,1.0,0.7361238014893466,0.699531274912768,1.0005569001330734,0.017386630909173972,0.054919732734083265,True,2,1,4,1,True,2,,,2,2,2,286,,,,,,,,,4,0.8,9.827319755475138e-07,8.292024343149501e-07,5.893706720775065e-07,1.2089106426689193e-06,1.8606884596569704e-06,False,0.004520459871308018,0.0,0.004520459871308018,0.899057776373584,0.899057776373584,-0.9741458208900188,0.7125229270931377,3.140290796624407,3.0552223969673986,0.9729106617296553,0.003115653474281359,0.054919732734083265,0.051804079259801905,0.003115653474281359,0.054919732734083265,0.051804079259801905,0.021437385364534312,0.02987072910445009,0.008433343739915777,0.011877742746359495,0.06021457573244403,0.04833683298608453,8.151869632405944,8.151870326089627,8.151869622764558,0.15335614161225003,0.0006700978015887072,1,none,0.2885225164400287,0.31219596295346813,0.2885225164400287,5.285306648420231,5.107734030112446,0.11813731301542664,0.11297476130865683,290,0.2885225164400287,0.0,1.0,0.0,,0,False,0,False,0.0004467556028435444,-0.0009686165063432397,,0.0004467556028435444,-0.0009686165063432397,,0.45209182564020745,0,False,False,False,False,False,0.00025620243710215094,2972,1550,0
28,True,28,28,1,0.0056562500000000016,3.125e-05,0.001,0,15,64,False,False,,,reduced_hold,1.0,0.7361339916766019,0.6995638953552183,1.0005623369478822,0.01737528380723644,0.05500549760385706,True,2,1,4,1,True,2,,,2,2,2,279,,,,,,,,,4,0.8,9.86940570734605e-07,8.25474938935849e-07,5.907022193041033e-07,1.2083869912967725e-06,1.8613405915090207e-06,False,0.004522555829577205,0.0,0.004522555829577205,0.8993580205626858,0.8993580205626858,-0.974142713935936,0.7129705124285388,3.140290796624407,3.055324748250659,0.9729432546612942,0.0031061877344240743,0.05500549760385706,0.05189930986943299,0.0031061877344240743,0.05500549760385706,0.05189930986943299,0.021435147437857308,0.02987071356967968,0.008435566131822371,0.011834995100345108,0.0604004702258199,0.048565475125474794,8.140922384721824,8.140923079250223,8.140922374971746,0.1532039966080636,0.0006723256811347191,1,none,0.28856388439219577,0.31219596295346813,0.28856388439219577,5.285306648420231,5.107876852124693,0.11813731301542664,0.1129878001158793,290,0.28856388439219577,0.0,1.0,0.0,,0,False,0,False,0.0004459003842065177,-0.0009685358725398489,,0.0004459003842065177,-0.0009685358725398489,,0.45210319085872025,0,False,False,False,False,False,8.590114826747378e-07,2972,1550,0
29,True,29,29,1,0.005687500000000002,3.125e-05,0.001,0,16,64,False,False,,,reduced_hold,1.0,0.7361441685769297,0.6995960957711792,1.0005676985393128,0.017363793301182644,0.05508439590063888,True,2,1,4,1,True,2,,,2,2,2,291,,,,,,,,,4,0.8,9.914253357430883e-07,8.21952589612347e-07,5.91993299390632e-07,1.2090300337336544e-06,1.8629922020548412e-06,False,0.0045242700773222636,0.0,0.0045242700773222636,0.8996634112160513,0.8996634112160513,-0.9741402405918486,0.7134900551306644,3.140290796624407,3.055426083509191,0.9729755240481424,0.0030968616861519233,0.05508439590063888,0.05198753421448695,0.0030968616861519233,0.05508439590063888,0.05198753421448695,0.02143254972434668,0.029870701202959243,0.008438151478612564,0.011793162359685038,0.0605832955670758,0.04879013320739076,8.129916078807192,8.129916774083929,8.129916068950413,0.15306617583038976,0.0006745845670213469,1,none,0.2896183243013373,0.313272500756787,0.2896183243013373,5.23544526494407,5.059520396456504,0.1196736800418574,0.11448449718837975,291,0.2896183243013373,0.0,1.0,0.0,,0,False,0,False,0.001074837479070211,-0.0020044094244710364,,0.001074837479070211,-0.0020044094244710364,,0.4521146994260123,0,False,False,False,False,False,0.0012118563796449302,2972,1550,0
30,True,30,30,1,0.005718750000000002,3.125e-05,0.001,0,17,64,False,False,,,reduced_hold,1.0,0.7361543322463698,0.699627877558213,1.0005729842381728,0.0173521613639373,0.05515627960637184,True,2,1,4,1,True,2,,,2,2,2,278,,,,,,,,,4,0.8,9.961691421303336e-07,8.186292568694657e-07,5.932424475157701e-07,1.2108587334437426e-06,1.865642595415002e-06,False,0.004525609618586555,0.0,0.004525609618586555,0.8999736695898122,0.8999736695898122,-0.9741383946575173,0.7139861663213685,3.140290796624407,3.0555264269786613,0.9730074776078503,0.003087672485910153,0.05515627960637184,0.052068607120461685,0.003087672485910153,0.05515627960637184,0.052068607120461685,0.021430069168393157,0.029870691973287584,0.008440622804894427,0.011752226281244721,0.06076297935680885,0.04901075307556413,8.118849504910465,8.118850200840848,8.118849494948934,0.15294284379441353,0.0006768710748477879,1,none,0.29168106808557037,0.3154255763634242,0.29168106808557037,5.3351680318963615,5.156628396666307,0.11824391452252259,0.11312859707871847,293,0.29168106808557037,0.0,1.0,0.0,,0,False,0,False,0.0014608498326817456,-0.0018044934690853657,,0.0014608498326817456,-0.0018044934690853657,,0.4521263493654537,0,False,False,False,False,False,0.00043470901343137795,2972,1550,0
31,True,31,31,1,0.005750000000000002,3.125e-05,0.001,0,18,64,False,False,,,reduced_hold,1.0,0.7361644827375466,0.6996592419806819,1.000578193157806,0.01734039000662584,0.05522099045479634,True,2,1,4,1,True,2,,,2,2,2,303,,,,,,,,,4,0.8,1.0011570017533208e-06,8.154985936787954e-07,5.944480967395078e-07,1.2138923258762985e-06,1.8692930259834557e-06,False,0.004526581020343111,0.0,0.004526581020343111,0.9002885292263002,0.9002885292263002,-0.9741371690591203,0.7144595421892704,3.140290796624407,3.0556258020389326,0.9730391227855447,0.0030786175479362386,0.05522099045479634,0.0521423729068601,0.0030786175479362386,0.05522099045479634,0.0521423729068601,0.02142770228905365,0.029870685845295602,0.008442983556241953,0.011705566904686856,0.060939442609425326,0.04923387570473847,8.1077214451963,8.107722141687638,8.1077214351321,0.15283416996278879,0.0006791817601646559,1,none,0.29272969353912925,0.31650211416674284,0.29272969353912925,5.385029415372507,5.204996654338404,0.11754888961729058,0.1124802619402788,294,0.29272969353912925,0.0,1.0,0.0,,0,False,0,False,0.0008580744537969099,-0.0012512322576403241,,0.0008580744537969099,-0.0012512322576403241,,0.4521381386625158,0,False,False,False,False,False,0.0008181907635016373,2972,1550,0
32,True,32,32,1,0.005781250000000002,3.125e-05,0.001,0,19,64,False,False,,,reduced_hold,1.0,0.7361746200997306,0.6996901901280355,1.0005833242290716,0.01732848131728696,0.05527836024500928,True,2,1,4,1,True,2,,,2,2,2,310,,,,,,,,,4,0.8,1.006375605228796e-06,8.125543502132321e-07,5.956085741403278e-07,1.218150137735769e-06,1.873946574079747e-06,False,0.004527190494066453,0.0,0.004527190494066453,0.9006077348981291,0.9006077348981291,-0.974136555883124,0.7149108368346628,3.140290796624407,3.055724231211532,0.9730704667530222,0.0030696945386176375,0.05527836024500928,0.05220866570639165,0.0030696945386176375,0.05527836024500928,0.05220866570639165,0.021425445815826685,0.02987068277941562,0.008445236963588936,0.011642663795183732,0.06111259975750141,0.04946993596231768,8.096530671410546,8.096531368371698,8.096530661245753,0.15274032915037483,0.0006815131018925735,1,none,0.2927731627096149,0.31650211416674284,0.2927731627096149,5.385029415372507,5.2051557074318024,0.11754888961729058,0.11249352725091397,294,0.2927731627096149,0.0,1.0,0.0,,0,False,0,False,0.0008575119373180907,-0.0012511308117707117,,0.0008575119373180907,-0.0012511308117707117,,0.45215006522599377,0,False,False,False,False,False,5.715908094122731e-07,2972,1550,0
33,True,33,33,1,0.005812500000000002,3.125e-05,0.001,0,20,64,False,False,,,reduced_hold,1.0,0.7361847443789085,0.6997207228891673,1.00058837622517,0.017316437479886888,0.055328211003440236,True,2,1,4,1,True,2,,,2,2,2,312,,,,,,,,,4,0.8,1.0118129479959162e-06,8.097903457660991e-07,5.967220977860807e-07,1.2236512333722293e-06,1.8796077912021338e-06,False,0.00452744395438281,0.0,0.00452744395438281,0.9009310417494774,0.9009310417494774,-0.9741365464184423,0.71534066383561,3.140290796624407,3.0558217361735616,0.9731015164131793,0.0030609013681336945,0.055328211003440236,0.05226730963530654,0.0030609013681336945,0.055328211003440236,0.05226730963530654,0.02142329668082195,0.02987068273209221,0.00844738605127026,0.011581007264967667,0.061282358561925314,0.049701351296957644,8.08527594268469,8.085276640026347,8.08527593242131,0.15266150166284811,0.000683861487679495,1,none,0.29382274893472504,0.31757865197006147,0.29382274893472504,5.434890798848653,5.253598645458145,0.1168666174626134,0.11185580352193118,295,0.29382274893472504,0.0,1.0,0.0,,0,False,0,False,0.0002746811760949412,-0.0017981764321437453,,0.0002746811760949412,-0.0017981764321437453,,0.452162126868973,0,False,False,False,False,False,0.0007993438602987285,2972,1550,0
34,True,34,34,1,0.005843750000000002,3.125e-05,0.001,0,21,64,False,False,,,reduced_hold,1.0,0.7361948556178368,0.6997508409371258,1.0005933477798474,0.0173042607793308,0.055370355047485595,True,2,1,4,1,True,2,,,2,2,2,264,,,,,,,,,4,0.8,1.0174580955014496e-06,8.072005471087694e-07,5.977867739471528e-07,1.2304142635276582e-06,1.8862825839074557e-06,False,0.004527347061860034,0.0,0.004527347061860034,0.9012582145712483,0.9012582145712483,-0.9741371312041474,0.7157495980102407,3.140290796624407,3.0559183377824612,0.9731322784078976,0.0030522361807053555,0.055370355047485595,0.05231811886678024,0.0030522361807053555,0.055370355047485595,0.05231811886678024,0.021421252009948797,0.029870685656020735,0.008449433646071938,0.01152057750444115,0.06144861995604053,0.049928042451599375,8.073956003467472,8.073956701101826,8.073955993107651,0.1525978732519406,0.0006862232004680748,1,none,0.2968915873642994,0.32080826538001733,0.2968915873642994,5.2853066484202165,5.109164352840556,0.12139627337456654,0.11621923542124292,298,0.2968915873642994,0.0,1.0,0.0,,0,False,0,False,7.95343310579915e-05,0.0005514479685307666,,7.95343310579915e-05,0.0005514479685307666,,0.4521743213037869,0,False,False,False,False,False,0.002357714383756636,2972,1550,0
35,True,35,35,1,0.005875000000000002,3.125e-05,0.001,0,22,64,False,False,,,reduced_hold,1.0,0.7362049538561137,0.6997805447208864,1.000598237401021,0.017291953598567084,0.05540459498596989,True,2,1,4,1,True,2,,,2,2,2,290,,,,,,,,,4,0.8,1.0233010068603547e-06,8.047790991594785e-07,5.988005944583108e-07,1.2384572443364809e-06,1.8939780481986832e-06,False,0.004526905254709213,0.0,0.004526905254709213,0.9015890271704592,0.9015890271704592,-0.9741383000809448,0.7161381772722103,3.140290796624407,3.0560140561073705,0.973162759128031,0.0030436973442282806,0.05540459498596989,0.05236089764174161,0.0030436973442282806,0.05540459498596989,0.05236089764174161,0.021419309113638946,0.029870691500404726,0.00845138238676578,0.011461355446983573,0.06161127784217526,0.050149922395191684,8.062569581572719,8.062570279413809,8.062569571118622,0.1525496349375818,0.0006885944057989274,1,none,0.29894045112978396,0.32296134098665463,0.29894045112978396,5.185583881467925,5.011238235917541,0.12456122526176604,0.11930801812101394,300,0.29894045112978396,0.0,1.0,0.0,,0,False,0,False,0.0005510464196268774,-0.0003199192863863541,,0.0005510464196268774,-0.0003199192863863541,,0.4521866461448897,0,False,False,False,False,False,0.0009907595786104676,2972,1550,0
36,True,36,36,1,0.005906250000000002,3.125e-05,0.001,0,23,64,False,False,,,reduced_hold,1.0,0.7362150391302238,0.6998098344618657,1.000603043481306,0.017279518409948298,0.05543072367967348,True,2,1,4,1,True,2,,,2,2,2,278,,,,,,,,,4,0.8,1.0293323719681907e-06,8.025203161884451e-07,5.997614345529968e-07,1.2477974684332866e-06,1.9027023651854882e-06,False,0.0045261237726432965,0.0,0.0045261237726432965,0.901923261810381,0.901923261810381,-0.9741400422450089,0.7165069045104651,3.140290796624407,3.056108910465979,0.9731929647251402,0.0030352834397912934,0.05543072367967348,0.052395440239882185,0.0030352834397912934,0.05543072367967348,0.052395440239882185,0.021417465477447675,0.029870700211225044,0.00845323473377737,0.01140332268669642,0.06177021885208925,0.050366896165392826,8.051115386333532,8.05111608429676,8.051115375787331,0.1525169827271823,0.0006909711395332043,1,none,0.3019931578104691,0.3261909543966105,0.3019931578104691,5.135722497991778,4.9632206565454355,0.12702826312136645,0.1216924165610909,303,0.3019931578104691,0.0,1.0,0.0,,0,False,0,False,-0.0001625460557032815,0.0006178446454635466,,-0.0001625460557032815,0.0006178446454635466,,0.4521990989174861,0,False,False,False,False,False,0.0011783952701561596,2972,1550,0
37,True,37,37,1,0.005937500000000002,3.125e-05,0.001,0,24,64,False,False,,,reduced_hold,1.0,0.736225111473591,0.6998387101536567,1.0006077643063431,0.017266957763250986,0.05544852417822606,True,2,1,4,1,True,2,,,2,2,2,333,,,,,,,,,4,0.8,1.0355434629251524e-06,8.004187007356734e-07,6.006670506197835e-07,1.2584514309813591e-06,1.9124647107682013e-06,False,0.004525007675140188,0.0,0.004525007675140188,0.9022607087044426,0.9022607087044426,-0.974142346303188,0.7168562494476738,3.140290796624407,3.0562029194642224,0.9732229011241337,0.003026993251446205,0.05544852417822606,0.052421530926779855,0.003026993251446205,0.05544852417822606,0.052421530926779855,0.02141571875276163,0.02987071173151594,0.008454992978754308,0.01134646141615349,0.06192532207920699,0.050578860663053504,8.039592106856286,8.039592804858723,8.039592096220282,0.1525001172521893,0.0006933492957975351,1,none,0.30504794872269303,0.3294205678065659,0.30504794872269303,5.185583881467898,5.011297268742656,0.12705244976707075,0.12174410431621836,306,0.30504794872269303,0.0,1.0,0.0,,0,False,0,False,0.0005602868192201885,-0.00016676252734545142,,0.0005602868192201885,-0.00016676252734545142,,0.4522116770695038,0,False,False,False,False,False,0.001066815720119205,2972,1550,0
38,True,38,38,1,0.005968750000000002,3.125e-05,0.001,0,25,64,False,False,,,reduced_hold,1.0,0.7362351709166384,0.6998671715641636,1.0006123980615993,0.017254274272411566,0.055457769644551506,True,2,1,4,1,True,2,,,2,2,2,350,,,,,,,,,4,0.8,1.0419259976160882e-06,7.984687115359632e-07,6.01515078263208e-07,1.2704344813254582e-06,1.9232748707683105e-06,False,0.004523561855650027,0.0,0.004523561855650027,0.9025901085935458,0.9025901085935458,-0.9741452003288115,0.7171866504475952,3.140290796624407,3.056296101038451,0.9732525740366961,0.0030188257563556315,0.055457769644551506,0.05243894388819587,0.0030188257563556315,0.055457769644551506,0.05243894388819587,0.02141406674776202,0.029870726001644053,0.008456659253882032,0.01129075437726089,0.06207645878742023,0.05078570441015934,8.027998410369209,8.027999108329423,8.027998399645734,0.1524992433316794,0.0006957246150144248,1,none,0.30509324721070114,0.3294205678065659,0.30509324721070114,5.185583881467898,5.011392863692009,0.12705244976707075,0.12175986018622849,306,0.30509324721070114,0.0,1.0,0.0,,0,False,0,False,0.0005602550021686003,-0.00016772324514270553,,0.0005602550021686003,-0.00016772324514270553,,0.4522243779848476,0,False,False,False,False,False,9.612445114186878e-07,2972,1550,0
39,True,39,39,1,0.006000000000000002,3.125e-05,0.001,0,26,64,False,False,,,reduced_hold,1.0,0.7362452174868157,0.6998952182388558,1.000616942837988,0.017241470601954034,0.055458223275691255,True,2,1,4,1,True,2,,,2,2,2,324,,,,,,,,,4,0.8,1.0484720921606267e-06,7.966654874211754e-07,6.02303030241896e-07,1.2837616568852953e-06,1.9351440666821553e-06,False,0.004521791052919883,0.0,0.004521791052919883,0.9028366177165135,0.9028366177165135,-0.9741485919172094,0.7174985162528124,3.140290796624407,3.0563884724982944,0.9732819889749377,0.003010055475933614,0.055458223275691255,0.05244816779975764,0.003010055475933614,0.055458223275691255,0.05244816779975764,0.02141250741873594,0.029870742959586045,0.008458235540850106,0.011236184822071697,0.06222349210017535,0.050987307278103654,8.016332940660156,8.016333638498212,8.016332929851396,0.15251456947177555,0.0006980926719497655,1,none,0.30917176256810824,0.33372671901984025,0.30917176256810824,4.986138347563329,4.81819815504341,0.13386179674815032,0.12833501347157555,310,0.30917176256810824,0.0,1.0,0.0,,0,False,0,False,0.0002385494409763566,-0.0022799182713308746,,0.0002385494409763566,-0.0022799182713308746,,0.45223719899696296,0,False,False,False,False,False,0.002136553836615417,2972,1550,0
40,True,40,40,1,0.006031250000000002,3.125e-05,0.001,0,27,64,False,False,,,reduced_hold,1.0,0.7362552512086593,0.6999228495061277,1.0006213966367057,0.017228549451238705,0.05544963822568292,True,2,1,4,1,True,2,,,2,2,2,324,,,,,,,,,4,0.8,1.055174020917172e-06,7.950036547471665e-07,6.030282954634802e-07,1.2984462300704987e-06,1.9480833562745062e-06,False,0.004519699860075749,0.0,0.004519699860075749,0.9030864364866815,0.9030864364866815,-0.9741525082405971,0.7177922276444199,3.140290796624407,3.056480050573319,0.9733111512662526,0.003000136617797173,0.05544963822568292,0.052449501607885744,0.003000136617797173,0.05544963822568292,0.052449501607885744,0.0214110388617779,0.029870762541202984,0.008459723679425084,0.011182736480440204,0.06236627667112839,0.05118354019068819,8.00459431660176,8.004595014239456,8.004594305710317,0.15254630729449306,0.000700448863700718,1,none,0.30820409256815373,0.33265018121652157,0.30820409256815373,4.936276964087182,4.767972085068425,0.13477776212179593,0.1292809970651205,309,0.30820409256815373,0.0,1.0,0.0,,0,False,0,False,-0.0011498935334636503,-0.002163368726757005,,-0.0011498935334636503,-0.002163368726757005,,0.4522501374045853,0,False,False,False,False,False,0.001393326124642824,2972,1550,0
41,True,41,41,1,0.006062500000000002,3.125e-05,0.001,0,28,64,False,False,,,reduced_hold,1.0,0.736265272103821,0.6999500644822276,1.0006257573734243,0.017215513540987337,0.055431757537126945,True,2,1,4,1,True,2,,,2,2,2,326,,,,,,,,,4,0.8,1.0620243458350757e-06,7.934787663213713e-07,6.036881364417395e-07,1.3145013769383348e-06,1.9621053742861477e-06,False,0.004521418814148354,0.0,0.004521418814148354,0.9033394009087372,0.9033394009087372,-0.974156936101673,0.7180681390169987,3.140290796624407,3.0565708514567316,0.9733400660672353,0.002990310913532422,0.055431757537126945,0.052441446623594526,0.002990310913532422,0.055431757537126945,0.052441446623594526,0.021409659304915004,0.029870784680508362,0.008461125375593358,0.011130393533575209,0.06250465833919541,0.051374264805620205,7.992781130762589,7.992781828123079,7.992781119791072,0.15259467090879963,0.0007027883976449161,1,none,0.3092546671592208,0.3337267190198402,0.3092546671592208,4.886415580611036,4.719580508562112,0.13659367015120247,0.13105176046819453,310,0.3092546671592208,0.0,1.0,0.0,,0,False,0,False,-0.0016137063612356828,-0.0027173100160393726,,-0.0016137063612356828,-0.0027173100160393726,,0.452263190485219,0,False,False,False,False,False,0.0007224771907663942,2972,1550,0
42,True,42,42,1,0.006093750000000002,3.125e-05,0.001,0,29,64,False,False,,,reduced_hold,1.0,0.7362752801911085,0.6999768620787978,1.0006300228820564,0.017202365598821625,0.055404314084358,True,2,1,4,1,True,2,,,2,2,2,323,,,,,,,,,4,0.8,1.0690154448196452e-06,7.920854204232316e-07,6.042796899933008e-07,1.331938041955635e-06,1.9772218453823035e-06,False,0.004532301018574526,0.0,0.004532301018574526,0.9035953519439459,0.9035953519439459,-0.9741618619854177,0.7183265798689222,3.140290796624407,3.0566608908552153,0.9733687383795513,0.002980576799982783,0.055404314084358,0.05242373728437522,0.002980576799982783,0.055404314084358,0.05242373728437522,0.021408367100655388,0.02987080930992709,0.008462442209271701,0.011079140587877349,0.06263847376703549,0.051559333179158146,7.980891948102319,7.980892645110273,7.9808919370532765,0.1526598762010115,0.0007051062792828743,1,none,0.31133165108108674,0.33587979462647743,0.31133165108108674,4.886415580611035,4.720101442520312,0.13747491963607256,0.13191735596040507,312,0.31133165108108674,0.0,1.0,0.0,,0,False,0,False,-0.0015517334552634153,-0.0008280791506176169,,-0.0015517334552634153,-0.0008280791506176169,,0.4522763555095746,0,False,False,False,False,False,0.0018902470483872958,2972,1550,0
43,True,43,43,1,0.006125000000000002,3.125e-05,0.001,0,30,64,False,False,,,reduced_hold,1.0,0.7362852754865252,0.7000032410088779,1.0006341909181622,0.017189108346484457,0.0553670305347616,True,2,1,4,1,True,2,,,2,2,2,336,,,,,,,,,4,0.8,1.0761397913654936e-06,7.908191738327432e-07,6.04799964623878e-07,1.3507671210098562e-06,1.9934459181708366e-06,False,0.00454288633046245,0.0,0.00454288633046245,0.9038541351886915,0.9038541351886915,-0.9741672721091252,0.7185678562089327,3.140290796624407,3.056750184033897,0.9733971730642555,0.002970932923870378,0.0553670305347616,0.05239609761089122,0.002970932923870378,0.0553670305347616,0.05239609761089122,0.021407160718955338,0.029870836360545622,0.008463675641590285,0.011028962655016381,0.06276755006623237,0.051738587411215994,7.968925304753169,7.968926001334642,7.968925293629206,0.15274214006591327,0.0007073973000607247,1,none,0.3123808665725568,0.33695633242979617,0.3123808665725568,4.836554197134886,4.672034742923598,0.1393373541143837,0.1337236916081149,313,0.3123808665725568,0.0,1.0,0.0,,0,False,0,False,-0.001846628751679631,-0.001453693093271009,,-0.001846628751679631,-0.001453693093271009,,0.4522896297543641,0,False,False,False,False,False,0.0006916328802845694,2972,1550,0
44,True,44,44,1,0.006156250000000002,3.125e-05,0.001,0,31,64,False,False,,,reduced_hold,1.0,0.7362952580032852,0.7000291997953358,1.000638259162136,0.01717574448583447,0.055319619330611844,True,2,1,4,1,True,2,,,2,2,2,300,,,,,,,,,4,0.8,1.0833896589199505e-06,7.896752554880369e-07,6.052458413005539e-07,1.3709979386414168e-06,2.010790401398269e-06,False,0.004553177320064109,0.0,0.004553177320064109,0.9041156005719743,0.9041156005719743,-0.97417315247003,0.7187922518830999,3.140290796624407,3.0568387458667154,0.9734253748578326,0.002961378131557552,0.055319619330611844,0.052358241199054294,0.002961378131557552,0.055319619330611844,0.052358241199054294,0.0214060387405845,0.029870865762350148,0.00846482702176565,0.010979845130283968,0.06289170440772957,0.0519118592774456,7.9568797068883335,7.9568804029711435,7.95687969569232,0.15284167954831968,0.0007096560251231308,1,none,0.3134466193391441,0.3380328702331148,0.3134466193391441,4.886415580611032,4.720940627069052,0.13835616912094276,0.13278990103874455,314,0.3134466193391441,0.0,1.0,0.0,,0,False,0,False,-0.0008178904311345281,-0.002011259120981581,,-0.0008178904311345281,-0.002011259120981581,,0.45230301051629956,0,False,False,False,False,False,0.0011701206807055867,2972,1550,0
45,True,45,45,1,0.006187500000000002,3.125e-05,0.001,0,32,64,False,False,,,reduced_hold,1.0,0.7363052277518581,0.7000547367789822,1.0006422252222156,0.017162941456501057,0.0552617826969033,True,2,1,4,1,True,2,,,2,2,2,318,,,,,,,,,4,0.8,1.0907570526446821e-06,7.88649108158253e-07,6.056140729116201e-07,1.3926389813458407e-06,2.029268366028876e-06,False,0.004563176410613077,0.0,0.004563176410613077,0.9043796020656489,0.9043796020656489,-0.9741794888905211,0.7190000298248438,3.140290796624407,3.056926590885621,0.9734533483878637,0.002951911459702446,0.0552617826969033,0.05230987123720086,0.002951911459702446,0.0552617826969033,0.05230987123720086,0.02140499985087578,0.029870897444452607,0.008465897593576827,0.010931773773772328,0.06301074361943981,0.05207896984566748,7.944753629681224,7.9447543251945,7.944753618416003,0.15295871090503704,0.0007118767810782719,1,none,0.3134628786388027,0.33803287023311474,0.3134628786388027,4.986138347563324,4.816928617660374,0.1355890457384954,0.1301505185231723,314,0.3134628786388027,0.0,1.0,0.0,,0,False,0,False,0.00019395560549617782,-0.0012971361337313562,,0.00019395560549617782,-0.0012971361337313562,,0.4523164951236212,0,False,False,False,False,False,0.0012384684262283204,2972,1550,0
46,True,46,46,1,0.006218750000000002,3.125e-05,0.001,0,33,64,False,False,,,reduced_hold,1.0,0.7363151847399849,0.7000798501277559,1.0006460866374112,0.017150135844828402,0.05519321267925481,True,2,1,4,1,True,2,,,2,2,2,340,,,,,,,,,4,0.8,1.098233652280826e-06,7.877361053452708e-07,6.059012852690249e-07,1.4156974860211513e-06,2.0488926438649444e-06,False,0.004572885884517017,0.0,0.004572885884517017,0.9046459974093879,0.9046459974093879,-0.9741862670608288,0.7191914332343019,3.140290796624407,3.057013733331698,0.9734810981893058,0.002942532126637708,0.05519321267925481,0.052250680552617106,0.002942532126637708,0.05519321267925481,0.052250680552617106,0.02140404283382849,0.029870931335304145,0.008466888501475655,0.010884734690957194,0.06312446377136124,0.05223972908040405,7.932545516358499,7.932546211232934,7.93254550502713,0.15309344857268498,0.0007140536437973769,1,none,0.3145277925393791,0.3391094080364334,0.3145277925393791,5.03599973103947,4.865725402496236,0.13467411681788893,0.12928300161699166,315,0.3145277925393791,0.0,1.0,0.0,,0,False,0,False,-0.0006951315377172509,-0.0006281273424956744,,-0.0006951315377172509,-0.0006281273424956744,,0.4523300809491631,0,False,False,False,False,False,0.0011126763729755584,2972,1550,0
47,True,47,47,1,0.006250000000000002,3.125e-05,0.001,0,34,64,False,False,,,reduced_hold,1.0,0.7363251289727007,0.7001045378464017,1.0006498408803723,0.017137228731270885,0.055113591217021196,True,2,1,4,1,True,2,,,2,2,2,336,,,,,,,,,4,0.8,1.105810670776767e-06,7.869316878052983e-07,6.061039779039176e-07,1.4401796171092277e-06,2.069675839942983e-06,False,0.00458230788921361,0.0,0.00458230788921361,0.9049146478482203,0.9049146478482203,-0.9741934725790368,0.7193666866908611,3.140290796624407,3.057100187206839,0.9735086287209477,0.0029332395244741133,0.055113591217021196,0.05218035169254708,0.0029332395244741133,0.055113591217021196,0.05218035169254708,0.021403166566545694,0.029870967362895184,0.00846780079634949,0.01083871431390292,0.06323264974945782,0.0523939354355549,7.920253777352388,7.920254471520247,7.92025376595789,0.153246104036456,0.0007161804263203143,1,none,0.3155786139503958,0.34018594583975204,0.3155786139503958,4.986138347563324,4.81767570791963,0.1364526702336679,0.1310086577357732,316,0.3155786139503958,0.0,1.0,0.0,,0,False,0,False,-0.0003325652084046719,-4.092702437607027e-05,,-0.0003325652084046719,-4.092702437607027e-05,,0.45234376542138993,0,False,False,False,False,False,0.0006901148866319012,2972,1550,0
48,True,48,48,1,0.006281250000000002,3.125e-05,0.001,0,35,64,False,False,,,reduced_hold,1.0,0.7363350604523604,0.7001287977871467,1.000653485360323,0.01712422264299487,0.0550225902565349,True,2,1,4,1,True,2,,,2,2,2,341,,,,,,,,,4,0.8,1.113478777344828e-06,7.862311808486403e-07,6.062185261871209e-07,1.4660902858155517e-06,2.091630006715144e-06,False,0.004591444442623532,0.0,0.004591444442623532,0.9051854178822449,0.9051854178822449,-0.9742010909883959,0.7195259972049747,3.140290796624407,3.057185966327647,0.9735359443825737,0.002924033211852,0.0550225902565349,0.0520985570446829,0.002924033211852,0.0550225902565349,0.0520985570446829,0.021402370013975127,0.029871005454941976,0.008468635440966849,0.010793699382649208,0.06333507481915131,0.0525413754365021,7.907876789558977,7.907877482953924,7.907876778104596,0.1534168845895133,0.0007182506669271214,1,none,0.31661382001550475,0.34126248364307066,0.31661382001550475,4.936276964087179,4.7667176628505885,0.13826715402148315,0.1328435382204549,317,0.31661382001550475,0.0,1.0,0.0,,0,False,0,False,-0.0015103386085798455,-0.0018569619636914076,,-0.0015103386085798455,-0.0018569619636914076,,0.44818052014552784,0,False,False,False,False,False,0.0021645168243684893,2972,1550,0
49,True,49,49,1,0.006312500000000002,3.125e-05,0.001,0,36,64,False,False,,,reduced_hold,1.0,0.7363449791786467,0.7001526276610863,1.0006570174259524,0.01711112002447741,0.0549198719101267,True,2,1,4,1,True,2,,,2,2,2,344,,,,,,,,,4,0.8,1.121228009610677e-06,7.856299602982538e-07,6.062411835494096e-07,1.4934332464154998e-06,2.1147666344503085e-06,False,0.00460029743837285,0.0,0.00460029743837285,0.905458175027266,0.905458175027266,-0.974209107812019,0.7196695552136892,3.140290796624407,3.0572710843799187,0.9735630495323144,0.0029149129073192904,0.0549198719101267,0.05200495900280741,0.0029149129073192904,0.0549198719101267,0.05200495900280741,0.021401652223931554,0.029871045539060094,0.00846939331512854,0.010749676926406701,0.06343150017994784,0.052681823253541135,7.89541289570905,7.895413588266542,7.895412884198225,0.1536059919748061,0.0007202576174637305,1,none,0.31766107044788855,0.3423390214463893,0.31766107044788855,4.886415580611033,4.718776435724526,0.14011866809068282,0.13463705041966648,318,0.31766107044788855,0.0,1.0,0.0,,0,False,0,False,-0.0021450445840756316,-0.001973478256670606,,-0.0021450445840756316,-0.001973478256670606,,0.448193629843957,0,False,False,False,False,False,0.000645312111973479,2972,1550,0
50,True,50,50,1,0.006343750000000002,3.125e-05,0.001,0,37,64,False,False,,,reduced_hold,1.0,0.7363548851485913,0.7001760250507207,1.0006604343684913,0.017097923226686948,0.05480508866701541,True,2,1,4,1,True,2,,,2,2,2,339,,,,,,,,,4,0.8,1.1290476692542993e-06,7.851232870537299e-07,6.061680852862253e-07,1.5222109093637444e-06,2.139096308147014e-06,False,0.004608868650709898,0.0,0.004608868650709898,0.9057327895859486,0.9057327895859486,-0.9742175085848391,0.7197975355255315,3.140290796624407,3.057355554975639,0.9735899485047953,0.0029058784832421687,0.05480508866701541,0.05189921018377324,0.0029058784832421687,0.05480508866701541,0.05189921018377324,0.02140101232237234,0.029871087542924193,0.008470075220551852,0.010706634244268041,0.06352167451286923,0.05281504026860119,7.882860403860834,7.882861095517708,7.882860392296998,0.1538136208987581,0.0007221942320175758,1,none,0.3176955475431683,0.3423390214463893,0.3176955475431683,4.7866928136587426,4.62072098697667,0.14303780700926993,0.1375090806991296,318,0.3176955475431683,0.0,1.0,0.0,,0,False,0,False,-0.0013313213504039132,-0.0015080082841359933,,-0.0013313213504039132,-0.0015080082841359933,,0.441680202248693,0,False,False,False,False,False,0.0009374474899153185,2972,1550,0
51,True,51,51,1,0.006375000000000002,3.125e-05,0.001,0,38,64,False,False,,,reduced_hold,1.0,0.736364778356587,0.700198987423555,1.0006637334249144,0.017084634496177323,0.05467788366244094,True,2,1,4,1,True,2,,,2,2,2,324,,,,,,,,,4,0.8,1.136926210349816e-06,7.847063284261621e-07,6.059952529628501e-07,1.5524242895566468e-06,2.1646285249602136e-06,False,0.004617159739258626,0.0,0.004617159739258626,0.9060091344283333,0.9060091344283333,-0.9742262788830202,0.7199100982194243,3.140290796624407,3.057439391711382,0.9736166456297345,0.002896929960256724,0.05467788366244094,0.05178095370218422,0.002896929960256724,0.05467788366244094,0.05178095370218422,0.021400449508902877,0.029871131394415096,0.00847068188551222,0.010664558885928748,0.06360533352268898,0.052940774636760224,7.870217587024136,7.87021827771908,7.870217575410885,0.1540399574067961,0.0007240531560550413,1,none,0.3197618118270189,0.34449209705302647,0.3197618118270189,4.68697004670645,4.5233517979708395,0.14699991406819518,0.1413826852779671,320,0.3197618118270189,0.0,1.0,0.0,,0,False,0,False,-0.0013651235574793656,-0.00022137763435612842,,-0.0013651235574793656,-0.00022137763435612842,,0.4416917994384061,0,False,False,False,False,False,0.0012870745969663644,2972,1550,0
52,True,52,52,1,0.006406250000000002,3.125e-05,0.001,0,39,64,False,False,,,reduced_hold,1.0,0.7363746587943929,0.7002215121469358,1.0006669117812819,0.017071255963617936,0.054537891012085525,True,2,1,4,1,True,2,,,2,2,2,340,,,,,,,,,4,0.8,1.1448511550669893e-06,7.843741384836445e-07,6.057185997602455e-07,1.5840728781563423e-06,2.191371456824746e-06,False,0.004625172253597071,0.0,0.004625172253597071,0.9062870847806478,0.9062870847806478,-0.9742354043508229,0.7203108978556674,3.140290796624407,3.0575226082290303,0.9736431452512784,0.0028880675021934537,0.054537891012085525,0.05164982350989207,0.0028880675021934537,0.054537891012085525,0.05164982350989207,0.021398445510721665,0.02987117702175411,0.008472731511032446,0.010623438632006774,0.06368219947735117,0.053058760845344395,7.857482682927296,7.857483372600437,7.857482671268466,0.15428517710967904,0.0007258267161504088,1,none,0.3208112547248325,0.3455686348563446,0.3208112547248325,4.736831430182566,4.571534681803758,0.1459070857596576,0.14035166614912448,321,0.3208112547248325,0.0,1.0,0.0,,0,False,0,False,-0.0011256509438230605,-0.0008272210331656563,,-0.0011256509438230605,-0.0008272210331656563,,0.4417034979780246,0,False,False,False,False,False,0.0006514548000993336,2972,1550,0
53,True,53,53,1,0.006437500000000002,3.125e-05,0.001,0,40,64,False,False,,,reduced_hold,1.0,0.7363845264511498,0.7002435965043277,1.0006699665763399,0.01705778963277158,0.05438473621914726,True,2,1,4,1,True,2,,,2,2,2,323,,,,,,,,,4,0.8,1.1528089825635568e-06,7.841216377234407e-07,6.053339374132375e-07,1.6171545775697561e-06,2.2193317454955544e-06,False,0.004632907637685788,0.0,0.004632907637685788,0.9065665180222979,0.9065665180222979,-0.9742448707249982,0.7207932851517511,3.140290796624407,3.057605218278535,0.9736694517479867,0.002879291411437535,0.05438473621914726,0.05150544480770972,0.002879291411437535,0.05438473621914726,0.05150544480770972,0.021396033574241247,0.02987122435362499,0.008475190779383742,0.010583261473875548,0.06375198074728416,0.05316871927340862,7.844653893939569,7.84465458253276,7.844653882239041,0.15454944324844222,0.0007275069104494392,1,none,0.3248708020409774,0.34987478606961875,0.3248708020409774,4.7368314301825425,4.571274270467101,0.14772524259160122,0.14213577344935005,325,0.3248708020409774,0.0,1.0,0.0,,0,False,0,False,-0.0008769769338892026,-0.00069191925679332,,-0.0008769769338892026,-0.00069191925679332,,0.44171529590744185,0,False,False,False,False,False,0.00028309951237346574,2972,1550,0
54,True,54,54,1,0.006468750000000002,3.125e-05,0.001,0,41,64,False,False,,,reduced_hold,1.0,0.7363943813133753,0.7002652377131414,1.0006728949053727,0.01704423736894521,0.054218036662304354,True,2,1,4,1,True,2,,,2,2,2,335,,,,,,,,,4,0.8,1.1607850095317026e-06,7.8394356722087e-07,6.048369843395261e-07,1.6516654654818342e-06,2.2485141632711043e-06,False,0.004640367234205498,0.0,0.004640367234205498,0.9068473134898362,0.9068473134898362,-0.9742546638568836,0.7212613299092969,3.140290796624407,3.0576872357835985,0.973695569553749,0.0028706021246976453,0.054218036662304354,0.051347434537606707,0.0028706021246976453,0.054218036662304354,0.051347434537606707,0.02139369335045352,0.02987127331928442,0.0084775799688309,0.010544015593021197,0.06381437134813732,0.05327035575511612,7.831729387162618,7.831730074619466,7.831729375424525,0.15483290458710086,0.0007290854000393752,1,none,0.3249206614626914,0.34987478606961875,0.3249206614626914,4.7368314301825425,4.571222149924674,0.14772524259160122,0.14215920854690708,325,0.3249206614626914,0.0,1.0,0.0,,0,False,0,False,-0.0008762457753060984,-0.0006924535755004753,,-0.0008762457753060984,-0.0006924535755004753,,0.44172719141096095,0,False,False,False,False,False,9.055878502183218e-07,2972,1550,0
55,True,55,55,1,0.006500000000000002,3.125e-05,0.001,0,42,64,False,False,,,reduced_hold,1.0,0.7364042233649839,0.700286432944289,1.0006756938243375,0.017030600886818834,0.05403740217273358,True,2,1,4,1,True,2,,,2,2,2,327,,,,,,,,,4,0.8,1.1687633184880215e-06,7.838345054902945e-07,6.042233751680983e-07,1.6875996615193922e-06,2.278921396472516e-06,False,0.004647552288797967,0.0,0.004647552288797967,0.9071293522871815,0.9071293522871815,-0.9742647697322134,0.721715144907801,3.140290796624407,3.0577686749096697,0.9737215031794371,0.0028620002091501897,0.05403740217273358,0.051175401963583396,0.0028620002091501897,0.05403740217273358,0.051175401963583396,0.021391424275460997,0.029871323848661063,0.008479899573200066,0.010505689340306592,0.06386905049031497,0.05336336115000837,7.8187072947076794,7.818707980973502,7.818707282936264,0.1551356931192009,0.0007305535014028053,1,none,0.32395208454453395,0.3487982482663001,0.32395208454453395,4.786692813658688,4.620953366840992,0.14573663355668637,0.14021006438591102,324,0.32395208454453395,0.0,1.0,0.0,,0,False,0,False,-0.002183062336801622,-0.0008338137062288259,,-0.002183062336801622,-0.0008338137062288259,,0.4417391828285109,0,False,False,False,False,False,0.0013144398852585539,2972,1550,0
56,True,56,56,1,0.006531250000000002,3.125e-05,0.001,0,43,64,False,False,,,reduced_hold,1.0,0.7364140525872742,0.7003071793436906,1.0006783603543656,0.017019181512831875,0.05384243570965636,True,2,1,4,1,True,2,,,2,2,2,328,,,,,,,,,4,0.8,1.1767266156152201e-06,7.837887402542347e-07,6.034886724360982e-07,1.7249490221308532e-06,2.310553618498268e-06,False,0.004654463954243604,0.0,0.004654463954243604,0.9074125171020496,0.9074125171020496,-0.9742751744887951,0.7221548326734507,3.140290796624407,3.057849550135141,0.9737472572355769,0.00285348635890999,0.05384243570965636,0.050988949350746375,0.00285348635890999,0.05384243570965636,0.050988949350746375,0.021389225836632747,0.02987137587244397,0.008482150035811223,0.010468271214012906,0.06391568214019555,0.053447410926182645,7.805585714173886,7.805586399195958,7.805585702373569,0.15545792157662056,0.0007319021801731944,1,none,0.3239835156620923,0.3487982482663001,0.3239835156620923,4.886415580610979,4.718485374217884,0.1427624165452942,0.1373252177202285,324,0.3239835156620923,0.0,1.0,0.0,,0,False,0,False,-0.0012940485856168954,-0.0024122064001099396,,-0.0012940485856168954,-0.0024122064001099396,,0.44175126866810605,0,False,False,False,False,False,0.0018115377296354658,2972,1550,0
57,True,57,57,1,0.006562500000000002,3.125e-05,0.001,0,44,64,False,False,,,reduced_hold,1.0,0.7364238689589433,0.7003274740558234,1.0006808914866336,0.017009049843821632,0.0536327341435824,True,2,1,4,1,True,2,,,2,2,2,336,,,,,,,,,4,0.8,1.1846561439301266e-06,7.838003723256418e-07,6.02628379434649e-07,1.7637030395879665e-06,2.343408325188138e-06,False,0.00466110329461278,0.0,0.00466110329461278,0.9076966920270796,0.9076966920270796,-0.9742858644322173,0.7225804863020259,3.140290796624407,3.0579298763256264,0.9737728364560018,0.0028436117921026415,0.0536327341435824,0.050789122351479754,0.0028436117921026415,0.0536327341435824,0.050789122351479754,0.021387097568489874,0.029871429322161087,0.008484331753671213,0.010431749838105724,0.0639539145975841,0.053522164759478366,7.792362709348419,7.792363393075778,7.792362697523955,0.1557996807268458,0.000733122046416869,1,none,0.3240129235596063,0.34879824826646694,0.3240129235596063,4.786692813646035,4.620845722877914,0.14573663355714128,0.14023966303631857,324,0.3240129235596063,0.0,1.0,0.0,,0,False,0,False,-0.0011155039339623763,-0.0011731362763114312,,-0.0011155039339623763,-0.0011731362763114312,,0.44176344761801434,0,False,False,False,False,False,0.0012518677902735914,2972,1550,0
58,True,58,58,1,0.006593750000000002,3.125e-05,0.001,0,45,64,False,False,,,reduced_hold,1.0,0.7364336724560773,0.7003473142496811,1.0006832841876239,0.016998769099908804,0.05340788915747668,True,2,1,4,1,True,2,,,2,2,2,339,,,,,,,,,4,0.8,1.1925315517601733e-06,7.838632337590372e-07,6.016379554238747e-07,1.8038485081055392e-06,2.377479913854984e-06,False,0.0046674712893842365,0.0,0.0046674712893842365,0.9079817623861756,0.9079817623861756,-0.9742968260495938,0.7229921902667827,3.140290796624407,3.058009668811601,0.9737982457225768,0.002833531909913493,0.05340788915747668,0.050574357247563186,0.002833531909913493,0.05340788915747668,0.050574357247563186,0.021385039048666087,0.029871484130247972,0.008486445081581886,0.010396113939485549,0.06398338009537125,0.053587266155885695,7.77903631114741,7.779036993531042,7.779036299303575,0.15616103644528942,0.0007342033517009823,1,none,0.32706027870251464,0.35202786167642236,0.32706027870251464,4.936276964074444,4.765594757354725,0.14262889389652708,0.13725895522180678,327,0.32706027870251464,0.0,1.0,0.0,,0,False,0,False,-0.0007695441044102205,-0.0014868161712342609,,-0.0007695441044102205,-0.0014868161712342609,,0.44177571856007636,0,False,False,False,False,False,0.0004669938759154708,2972,1550,0
59,True,59,59,1,0.006625000000000002,3.125e-05,0.001,0,46,64,False,False,,,reduced_hold,1.0,0.7364434630521608,0.7003666971472544,1.0006855354049093,0.016988340994246225,0.05316748827616694,True,2,1,4,1,True,2,,,2,2,2,338,,,,,,,,,4,0.8,1.200330811062637e-06,7.839708170766365e-07,6.005128333765876e-07,1.8453691469099173e-06,2.412759260562709e-06,False,0.004673568837562238,0.0,0.004673568837562238,0.908267614564958,0.908267614564958,-0.9743080460215331,0.7233900212156558,3.140290796624407,3.058088943469841,0.9738234900911319,0.0028235251629546857,0.05316748827616694,0.05034396311321226,0.0028235251629546857,0.05316748827616694,0.05034396311321226,0.02138304989392172,0.029871540230107664,0.008488490336185945,0.010361352324590005,0.06400369442765846,0.05364234210306846,7.765604518820324,7.765605199813138,7.765604506962113,0.156542026549787,0.0007351359882289201,1,none,0.32711111012058747,0.35202786167642236,0.32711111012058747,4.936276964074444,4.765558826057215,0.14262889389652708,0.1372813229508376,327,0.32711111012058747,0.0,1.0,0.0,,0,False,0,False,-0.0007698487118191774,-0.001487048698157409,,-0.0007698487118191774,-0.001487048698157409,,0.4417880805838743,0,False,False,False,False,False,3.8321592292096187e-07,2972,1550,0
60,True,60,60,1,0.0066562500000000024,3.125e-05,0.001,0,47,64,False,False,,,reduced_hold,1.0,0.7364532407180719,0.7003856200547436,1.0006876420733297,0.0169777669911876,0.052911116034896705,True,2,1,4,1,True,2,,,2,2,2,341,,,,,,,,,4,0.8,1.2080300948283574e-06,7.841163968862311e-07,5.992484393646904e-07,1.8882454504475405e-06,2.4492335142027e-06,False,0.004679396761820102,0.0,0.004679396761820102,0.9085541358445979,0.9085541358445979,-0.9743195112324674,0.7237740487622037,3.140290796624407,3.058167716808516,0.973848574818559,0.002813591886527777,0.052911116034896705,0.050097524148368926,0.002813591886527777,0.052911116034896705,0.050097524148368926,0.02138112975618898,0.029871597556162335,0.008490467799973353,0.01032745385596283,0.06401445661379049,0.05368700275782766,7.752065301441506,7.752065980998573,7.752065289574202,0.15694265738400273,0.0007359094903550863,1,none,0.3251256321509922,0.3498747860711855,0.3251256321509922,4.936276963976844,4.766240724776763,0.14175654592497325,0.13642854019557318,325,0.3251256321509922,0.0,1.0,0.0,,0,False,0,False,-0.0006881449184720965,-0.001448364448088807,,-0.0006881449184720965,-0.001448364448088807,,0.4418005330010017,0,False,False,False,False,False,9.039901023060285e-05,2972,1550,0
61,True,61,61,1,0.0066875000000000025,3.125e-05,0.001,0,48,64,False,False,,,reduced_hold,1.0,0.7364630054220791,0.7004040803969889,1.000689601121872,0.016967048291141446,0.05263835529786121,True,2,1,4,1,True,2,,,2,2,2,347,,,,,,,,,4,0.8,1.2156036628457707e-06,7.842927955405228e-07,5.978402152427275e-07,1.932454124768695e-06,2.4868854661117455e-06,False,0.00468495581264527,0.0,0.00468495581264527,0.9088412142406227,0.9088412142406227,-0.9743312087793715,0.7241443362733448,3.140290796624407,3.0582460060567866,0.9738735053913438,0.002803732559712309,0.05263835529786121,0.049834622738148905,0.002803732559712309,0.05263835529786121,0.049834622738148905,0.021379278318633278,0.029871656043896855,0.008492377725263577,0.010294407426922668,0.0640152486060694,0.05372084117914673,7.738416599715589,7.738417277793884,7.738416587844535,0.15736290013563334,0.0007365130388086175,1,none,0.3281953528415328,0.3531043994811409,0.3281953528415328,4.886415580500722,4.718911504845069,0.1445249155189365,0.13909790531336022,328,0.3281953528415328,0.0,1.0,0.0,,0,False,0,False,-0.0015754419851706678,-0.0021801862170364255,,-0.0015754419851706678,-0.0021801862170364255,,0.44181307536137754,0,False,False,False,False,False,0.0011501561572575744,2972,1550,0
62,True,62,62,1,0.0067187500000000025,3.125e-05,0.001,0,49,64,False,False,,,reduced_hold,1.0,0.7364727571298495,0.70042207575498,1.0006914094809767,0.016956185814290512,0.052348788738294676,True,2,1,4,1,True,2,,,2,2,2,354,,,,,,,,,4,0.8,1.223023761474606e-06,7.844925629500951e-07,5.962836436473209e-07,1.9779678643601773e-06,2.525693322352971e-06,False,0.00469024667257263,0.0,0.00469024667257263,0.9091287383429043,0.9091287383429043,-0.9743431259790064,0.7245009416592791,3.140290796624407,3.0583238292580472,0.9738982875552581,0.0027939478027302067,0.052348788738294676,0.04955484093556447,0.0027939478027302067,0.052348788738294676,0.04955484093556447,0.021377495291703602,0.029871715629895036,0.008494220338191433,0.010262201936853442,0.06400563505064921,0.05374343311379577,7.724656328122271,7.724657004681169,7.72465631625322,0.1578026868795078,0.0007369354680020863,1,none,0.3272284112737909,0.3520278616778223,0.3272284112737909,4.836554197024576,4.6693291254051745,0.1455696958360926,0.1401607821960488,327,0.3272284112737909,0.0,1.0,0.0,,0,False,0,False,-0.002878828878494143,-0.002239042626131454,,-0.002878828878494143,-0.002239042626131454,,0.430964313047258,0,False,False,False,False,False,0.0013047150917265351,2972,1550,0
63,True,63,63,1,0.0067500000000000025,3.125e-05,0.001,0,50,64,False,False,,,reduced_hold,1.0,0.7364824958044425,0.7004396039070764,1.000693064090528,0.01694518018325037,0.052042000490914016,True,2,1,4,1,True,2,,,2,2,2,323,,,,,,,,,4,0.8,1.2302605544140699e-06,7.847079108319814e-07,5.945742761307363e-07,2.0247548643346308e-06,2.565630208652963e-06,False,0.004695269960480442,0.0,0.004695269960480442,0.9094165971603075,0.9094165971603075,-0.9743552503739191,0.7248439181680921,3.140290796624407,3.058401205368348,0.9739229273467016,0.0027842383745616804,0.052042000490914016,0.049257762116352334,0.0027842383745616804,0.052042000490914016,0.049257762116352334,0.02137578040915954,0.029871776251869594,0.008495995842710054,0.0102308262653133,0.06398516311097063,0.053754336845657336,7.710782377432041,7.710783052432995,7.71078236557087,0.15826190633162077,0.0007371652768033317,1,none,0.3272590311820005,0.35202786167781747,0.3272590311820005,4.836554197024907,4.6701822946348175,0.14556969583608065,0.14014828995346115,327,0.3272590311820005,0.0,1.0,0.0,,0,False,0,False,-0.0020499567537655855,-0.001544617055793814,,-0.0020499567537655855,-0.001544617055793814,,0.43097526435534067,0,False,False,False,False,False,0.0010813213545892775,2972,1550,0
64,True,64,64,1,0.0067812500000000026,3.125e-05,0.001,0,51,64,False,False,,,reduced_hold,1.0,0.7364922214063132,0.7004566628741609,1.0006945619085317,0.01693403170492587,0.051717577988320336,True,2,1,4,1,True,2,,,2,2,2,331,,,,,,,,,4,0.8,1.2372819832251712e-06,7.849306033456344e-07,5.927077643065503e-07,2.0727783522873107e-06,2.6066636433691098e-06,False,0.004700026235928979,0.0,0.004700026235928979,0.9097046799677805,0.9097046799677805,-0.9743675697370603,0.725173315189375,3.140290796624407,3.0584781543592405,0.973947431125452,0.002774605170762106,0.051717577988320336,0.04894297281755823,0.002774605170762106,0.051717577988320336,0.04894297281755823,0.021374133424053122,0.029871837848685297,0.008497704424632175,0.010200269244405216,0.06395336236538707,0.05375309312098185,7.69679261762231,7.69679329102909,7.696792605775096,0.15874039930494643,0.0007371906432000041,1,none,0.32830558365032236,0.3531043994811357,0.32830558365032236,4.786692813548784,4.622064363562812,0.14753585125900287,0.1420601522724169,328,0.32830558365032236,0.0,1.0,0.0,,0,False,0,False,-0.0021820871897372295,-0.0021168609361942817,,-0.0021820871897372295,-0.0021168609361942817,,0.4309863302064302,0,False,False,False,False,False,0.0005873001879497753,2972,1550,0
65,True,65,65,1,0.006812500000000003,3.125e-05,0.001,0,52,64,False,False,,,reduced_hold,1.0,0.736501933893318,0.7004732509687961,1.0006958999204547,0.016922740351269255,0.05137511399174841,True,2,1,4,1,True,2,,,2,2,2,342,,,,,,,,,4,0.8,1.244053718998436e-06,7.851521430946912e-07,5.90679894773154e-07,2.121996233750218e-06,2.6487552355208963e-06,False,0.004704516003645354,0.0,0.004704516003645354,0.9093106600525483,0.9093106600525483,-0.974380072075313,0.7254891790706243,3.140290796624407,3.058554697325464,0.9739718056089571,0.0027650492214531465,0.05137511399174841,0.048610064770295267,0.0027650492214531465,0.05137511399174841,0.048610064770295267,0.021372554104646876,0.029871900360376562,0.008499346255729685,0.010170519632016897,0.06390974479048309,0.053739225158466186,7.682684901227059,7.682685573006058,7.6826848894001865,0.1592379538581732,0.0007369994432927165,1,none,0.330352365706383,0.35525747508777294,0.330352365706383,4.886415580501075,4.718690509099004,0.1454061650038138,0.1400186619865693,330,0.330352365706383,0.0,1.0,0.0,,0,False,0,False,-0.0016222481730018257,-0.0010910018469227653,,-0.0016222481730018257,-0.0010910018469227653,,0.43099751127527947,0,False,False,False,False,False,0.0011686772846685473,2972,1550,0
66,True,66,66,1,0.006843750000000003,3.125e-05,0.001,0,53,64,False,False,,,reduced_hold,1.0,0.7365116332207188,0.7004893668489964,1.0006970751493107,0.0169113057385031,0.051014208826744914,True,2,1,4,1,True,2,,,2,2,2,337,,,,,,,,,4,0.8,1.2505390728564981e-06,7.853635638443838e-07,5.884866269228866e-07,2.1723604499041706e-06,2.691860013917899e-06,False,0.004708739718100699,0.0,0.004708739718100699,0.9087418112507263,0.9087418112507263,-0.9743927456319772,0.7257915539496753,3.140290796624407,3.0586308565978704,0.9739960579082945,0.002755571689481296,0.051014208826744914,0.04825863713726362,0.002755571689481296,0.051014208826744914,0.04825863713726362,0.021371042230251623,0.029871963728159884,0.008500921497908261,0.010141566082446117,0.0638538048436367,0.053712238761190585,7.668457067155294,7.668457737274962,7.668457055355302,0.15975430013075365,0.0007365792750873818,1,none,0.3304045988895534,0.35525747508777294,0.3304045988895534,4.886415580501075,4.718669312033034,0.1454061650038138,0.14004142992050397,330,0.3304045988895534,0.0,1.0,0.0,,0,False,0,False,-0.0016230497978441674,-0.001090969176813333,,-0.0016230497978441674,-0.001090969176813333,,0.43100880857777657,0,False,False,False,False,False,8.022902990249673e-07,2972,1550,0
67,True,67,67,1,0.006875000000000003,3.125e-05,0.001,0,54,64,False,False,,,reduced_hold,1.0,0.736521319341184,0.70050500957678,1.0006980846664892,0.01689972710564652,0.05063447283283414,True,2,1,4,1,True,2,,,2,2,2,351,,,,,,,,,4,0.8,1.2566989390647343e-06,7.855556237166714e-07,5.861241344591616e-07,2.223816593262551e-06,2.735926096016608e-06,False,0.004712697788249008,0.0,0.004712697788249008,0.9081679514420643,0.9081679514420643,-0.9744055788882121,0.7260804826071575,3.140290796624407,3.0587066558614766,0.9740201955657649,0.0027461738686404753,0.05063447283283414,0.047888298964193665,0.0027461738686404753,0.05063447283283414,0.047888298964193665,0.02136959758696421,0.029872027894441055,0.008502430307476844,0.010113397117597504,0.06378501965863034,0.05367162254103284,7.6541069450121055,7.654107613443782,7.654106933245833,0.16028910485861433,0.0007359174875649363,1,none,0.33145499928454625,0.35633401289109157,0.33145499928454625,4.93627696397722,4.767173851846029,0.1443735898497838,0.13905723163680905,331,0.33145499928454625,0.0,1.0,0.0,,0,False,0,False,-0.0011134369772794975,-0.0007700629717629423,,-0.0011134369772794975,-0.0007700629717629423,,0.4310202234925984,0,False,False,False,False,False,0.0006022341897665075,2972,1550,0
68,True,68,68,1,0.006906250000000003,3.125e-05,0.001,0,55,64,False,False,,,reduced_hold,1.0,0.7365309922048058,0.7005201786817077,1.0006989256034562,0.016888003291750484,0.05023552903586884,True,2,1,4,1,True,2,,,2,2,2,342,,,,,,,,,4,0.8,1.262491744285094e-06,7.857187139457189e-07,5.835888512511434e-07,2.276303330766627e-06,2.780894119307027e-06,False,0.00471639058238528,0.0,0.00471639058238528,0.9075891690021832,0.9075891690021832,-0.9744185605636745,0.726356007341936,3.140290796624407,3.058782120278439,0.9740442265940517,0.002736857182007359,0.05023552903586884,0.04749867185386148,0.002736857182007359,0.05023552903586884,0.04749867185386148,0.021368219963290323,0.02987209280281837,0.008503872839528047,0.01008600109635525,0.06370284937006367,0.05361684827370841,7.639632359961827,7.639633026679302,7.639632348236376,0.16084196557190247,0.0007350012155370315,1,none,0.3315080547895757,0.35633401289109157,0.3315080547895757,4.93627696397722,4.767161518576723,0.1443735898497838,0.13907985013629254,331,0.3315080547895757,0.0,1.0,0.0,,0,False,0,False,-0.0011145062257182175,-0.0007701917195358793,,-0.0011145062257182175,-0.0007701917195358793,,0.4310317577843341,0,False,False,False,False,False,1.076971778990158e-06,2972,1550,0
69,True,69,69,1,0.006937500000000003,3.125e-05,0.001,0,56,64,False,False,,,reduced_hold,1.0,0.7365406517591124,0.7005348742300226,1.0006995951641602,0.016876132711855514,0.04981701604943329,True,2,1,4,1,True,2,,,2,2,2,342,,,,,,,,,4,0.8,1.2678734238763899e-06,7.858429606586085e-07,5.808775201725155e-07,2.329751890930872e-06,2.8266967903414178e-06,False,0.0047198184332068495,0.0,0.0047198184332068495,0.9070055692673171,0.9070055692673171,-0.9744316796162349,0.7266181708732794,3.140290796624407,3.0588572766170166,0.9740681595172886,0.0027276231802811674,0.04981701604943329,0.04708939286915212,0.0027276231802811674,0.04981701604943329,0.04708939286915212,0.021366909145633602,0.029872158398081175,0.008505249252447573,0.010059366183258365,0.06360673758249745,0.05354737139923908,7.625031138169057,7.625031803148826,7.625031126491691,0.16141240447411345,0.0007338174207833943,1,none,0.33255912095033213,0.35741055069441025,0.33255912095033213,4.986138347453366,4.815664412350963,0.14336166619883506,0.13811557138300665,332,0.33255912095033213,0.0,1.0,0.0,,0,False,0,False,-0.001473702483217556,-0.0012350333928453949,,-0.001473702483217556,-0.0012350333928453949,,0.43104341362795284,0,False,False,False,False,False,0.0005874518981556885,2972,1550,0
70,True,70,70,1,0.006968750000000003,3.125e-05,0.001,0,57,64,False,False,,,reduced_hold,1.0,0.7365502979490803,0.7005490968993593,1.0007000906383994,0.01686411333184066,0.04937859121046052,True,2,1,4,1,True,2,,,2,2,2,351,,,,,,,,,4,0.8,1.2727974039687663e-06,7.859182562857295e-07,5.779872465052655e-07,2.3840855365982634e-06,2.873258401197602e-06,False,0.004722981643050812,0.0,0.004722981643050812,0.906417275864532,0.906417275864532,-0.9744449252410775,0.7268670172726917,3.140290796624407,3.0589321533850047,0.974092003413551,0.002718473540134109,0.04937859121046052,0.04666011767032641,0.002718473540134109,0.04937859121046052,0.04666011767032641,0.02136566491363654,0.029872224626205385,0.008506559712568845,0.010033480316406471,0.06349611200194537,0.0534626316855389,7.610301112857667,7.610301776078909,7.610301101235926,0.16199986201233196,0.0007323529399874519,1,none,0.33258678806899483,0.3574105506944102,0.33258678806899483,4.986138347453366,4.817159528933102,0.14336166619883503,0.1380841909309388,332,0.33258678806899483,0.0,1.0,0.0,,0,False,0,False,0.00025086956125252766,-0.0017119959140551864,,0.00025086956125252766,-0.0017119959140551864,,0.4310551936341728,0,False,False,False,False,False,0.0017893132713995403,2972,1550,0
71,True,71,71,1,0.007000000000000003,3.125e-05,0.001,0,58,64,False,False,,,reduced_hold,1.0,0.736559930717158,0.7005628480595623,1.0007004094159413,0.016851942642146952,0.04891993395143101,True,2,1,4,1,True,2,,,2,2,2,353,,,,,,,,,4,0.8,1.2772146423408753e-06,7.859343277021543e-07,5.749155545523206e-07,2.43921901671279e-06,2.9204943616501092e-06,False,0.004725880489350293,0.0,0.004725880489350293,0.9058244321049511,0.9058244321049511,-0.9744582868690373,0.7271025929287481,3.140290796624407,3.0590067809689656,0.9741157679591915,0.002709410062488653,0.04891993395143101,0.046210523888942354,0.002709410062488653,0.04891993395143101,0.046210523888942354,0.02136448703535626,0.029872291434345184,0.008507804398988923,0.01000290950462919,0.06337038524779298,0.05336747574316379,7.595440131026354,7.5954407924711,7.595440119468001,0.16260369014863368,0.0007305945399627674,1,none,0.33363530115258444,0.3584870884977288,0.33363530115258444,5.035999730929512,4.865579780269,0.1423697806399849,0.13714102582617152,333,0.33363530115258444,0.0,1.0,0.0,,0,False,0,False,-0.0002730214745514549,-0.0019379422607913037,,-0.0002730214745514549,-0.0019379422607913037,,0.43106710087614974,0,False,False,False,False,False,0.0005705379645555303,2972,1550,0
72,True,72,72,1,0.007031250000000003,3.125e-05,0.001,0,59,64,False,False,,,reduced_hold,1.0,0.7365695500032866,0.7005761298597859,1.0007005490015832,0.01683961763039196,0.04844074940893824,True,2,1,4,1,True,2,,,2,2,2,355,,,,,,,,,4,0.8,1.2810736671139384e-06,7.85880792468802e-07,5.716604481261044e-07,2.495058021383613e-06,2.9683107247332772e-06,False,0.004728515230327102,0.0,0.004728515230327102,0.9052190658587188,0.9052190658587188,-0.9744717541644311,0.7273249475477048,3.140290796624407,3.0590811917783327,0.9741394634747301,0.002700434670711783,0.04844074940893824,0.045740314738226456,0.002700434670711783,0.04844074940893824,0.045740314738226456,0.021363375262261473,0.029872358770822158,0.008508983508560684,0.009964469560438676,0.0632289558642686,0.053264486303829926,7.580446060859173,7.580446720512472,7.5804460493723,0.1632231453521298,0.0007285289806519658,1,none,0.3366493677843689,0.3617167019079503,0.3366493677843689,4.986138347435501,4.8186481209734415,0.14508891518984446,0.13972772418018375,336,0.3366493677843689,0.0,1.0,0.0,,0,False,0,False,-0.00010272016790224904,0.0003599193460596692,,-0.00010272016790224904,0.0003599193460596692,,0.4310791389171267,0,False,False,False,False,False,0.00230416373100658,2972,1550,0
73,True,73,73,1,0.007062500000000003,3.125e-05,0.001,0,60,64,False,False,,,reduced_hold,1.0,0.7365791557449346,0.7005889453222403,1.000700507031007,0.016827134752820824,0.04794077226484972,True,2,1,4,1,True,2,,,2,2,2,355,,,,,,,,,4,0.8,1.2843206430301353e-06,7.857473287897887e-07,5.682204747615835e-07,2.551498738628445e-06,3.0166038354372046e-06,False,0.004730886110930451,0.0,0.004730886110930451,0.9046004876440665,0.9046004876440665,-0.9744853170221891,0.7275341351926248,3.140290796624407,3.059155420394169,0.9741631009722242,0.002691549408647278,0.04794077226484972,0.04524922285620244,0.002691549408647278,0.04794077226484972,0.04524922285620244,0.021362329324036877,0.029872426585110943,0.008510097261074066,0.00992698982412706,0.06307120955097202,0.05314421972684496,7.56531679986975,7.565317457719484,7.565316788462594,0.1638573813356535,0.000726143086340499,1,none,0.33865901779585217,0.36386977751590394,0.33865901779585217,4.886415580574811,4.721384390055544,0.1489311629417735,0.14345750729771362,338,0.33865901779585217,0.0,1.0,0.0,,0,False,0,False,0.0002937927405818413,0.0014728803006833617,,0.0002937927405818413,0.0014728803006833617,,0.4310913118394163,0,False,False,False,False,False,0.001181484055377555,2972,1550,0
74,True,74,74,1,0.007093750000000003,3.125e-05,0.001,0,61,64,False,False,,,reduced_hold,1.0,0.736588747877132,0.7006012984425711,1.0007002812875123,0.016814489904931604,0.04741977081257532,True,2,1,4,1,True,2,,,2,2,2,350,,,,,,,,,4,0.8,1.2868994975757538e-06,7.855237554666644e-07,5.645947928853063e-07,2.6084273416511526e-06,3.0652599178682514e-06,False,0.004732993369051003,0.0,0.004732993369051003,0.9039771159218659,0.9039771159218659,-0.9744989655647023,0.727730215363613,3.140290796624407,3.059229503722683,0.9741866922041553,0.002682756438453193,0.04741977081257532,0.04473701437412213,0.002682756438453193,0.04741977081257532,0.04473701437412213,0.021361348923181932,0.02987249482782351,0.008511145904641578,0.009890453170899137,0.06289652063258999,0.053006067461690856,7.5500502838152075,7.5500509398522455,7.550050272496186,0.16450544157186112,0.0007234238254849828,1,none,0.34069371003847365,0.36602285312254096,0.34069371003847365,4.886415580574828,4.721341839315774,0.14981241242664947,0.14432071289625054,340,0.34069371003847365,0.0,1.0,0.0,,0,False,0,False,0.00027692596973602935,0.0014664544037528596,,0.00027692596973602935,0.0014664544037528596,,0.4311036242740633,0,False,False,False,False,False,1.804937977124336e-05,2972,1550,0
75,True,75,75,1,0.007125000000000003,3.125e-05,0.001,0,62,64,False,False,,,reduced_hold,1.0,0.7365983263325082,0.7006131942973866,1.0006998697195661,0.016801678391072376,0.04687755123605004,True,2,1,4,1,True,2,,,2,2,2,359,,,,,,,,,4,0.8,1.288752073736224e-06,7.852002429336942e-07,5.607832418849329e-07,2.665719584921581e-06,3.114154793660073e-06,False,0.004734837242033376,0.0,0.004734837242033376,0.9033491565188647,0.9033491565188647,-0.9745126901380816,0.7279132541212723,3.140290796624407,3.0593034811525652,0.9742102497135304,0.0026740580381671925,0.04687755123605004,0.044203493197882845,0.0026740580381671925,0.04687755123605004,0.044203493197882845,0.02136043372939364,0.029872563450690406,0.008512129721296766,0.009854841952713704,0.06270425378759961,0.05284941183488591,7.534644496414653,7.534645150632925,7.534644485192483,0.16516625162866186,0.0007203583994789181,1,none,0.3407465281463806,0.36602285312254096,0.3407465281463806,4.886415580574828,4.721319262451317,0.14981241242664947,0.1443437773235714,340,0.3407465281463806,0.0,1.0,0.0,,0,False,0,False,0.00027642415594676526,0.0014667903297296517,,0.00027642415594676526,0.0014667903297296517,,0.43111608143167773,0,False,False,False,False,False,6.038736134153829e-07,2972,1550,0
76,True,76,76,1,0.007156250000000003,3.125e-05,0.001,0,63,64,False,False,,,reduced_hold,1.0,0.7366078910413394,0.700624639158695,1.0006992704590933,0.016788694893498244,0.046313962084411055,True,2,1,4,1,True,2,,,2,2,2,356,,,,,,,,,4,0.8,1.2898183625098357e-06,7.8476749183266e-07,5.567864144100104e-07,2.7232403893394124e-06,3.163153608964621e-06,False,0.004736417973509212,0.0,0.004736417973509212,0.9027168427686204,0.9027168427686204,-0.974526481308147,0.7280833252553709,3.140290796624407,3.0593773947159026,0.9742337868851252,0.0026654565989510486,0.046313962084411055,0.04364850548546001,0.0026654565989510486,0.046313962084411055,0.04364850548546001,0.021359583373723144,0.029872632406540735,0.00851304903281759,0.009820137959923743,0.06249376605611919,0.05267362809619545,7.519097479903425,7.519098132299906,7.519097468786905,0.16583861137869937,0.000716934340607567,1,none,0.34079983827290306,0.36602285312254096,0.34079983827290306,4.886415580574828,4.72129754565381,0.14981241242664947,0.14436702409769803,340,0.34079983827290306,0.0,1.0,0.0,,0,False,0,False,0.0002759265543331554,0.0014671204555607859,,0.0002759265543331554,0.0014671204555607859,,0.43112868913360564,0,False,False,False,False,False,5.971519322995936e-07,2972,1550,0
77,True,77,77,1,0.007187500000000003,3.125e-05,0.001,0,0,2,True,False,0.008,0.00018750000000000277,recovery_schedule_snap,1.0,0.7366174419316,0.7006356406156911,1.000698481840539,0.016775533440507077,0.045728898919075577,True,2,1,4,1,True,2,,,2,2,2,358,,,,,,,,,4,0.8,1.2900367151921802e-06,7.842169709156206e-07,5.526057304150806e-07,2.7808435871743015e-06,3.2121106975993096e-06,False,0.004737735820567903,0.0,0.004737735820567903,0.9020804373217935,0.9020804373217935,-0.9745403298560223,0.7282405115000173,3.140290796624407,3.0594512892518275,0.9742573179975955,0.0026569546219491623,0.045728898919075577,0.043071944297126415,0.0026569546219491623,0.045728898919075577,0.043071944297126415,0.021358797442499914,0.02987270164928011,0.008513904206780196,0.009786322382420398,0.062264409145810856,0.052478086763390455,7.5034073464503095,7.50340799702524,7.503407335448576,0.16652118714366398,0.0007131396193194665,1,none,0.3438323816202666,0.36925246653249677,0.3438323816202666,4.836554197098682,4.672897330336705,0.15269237208341482,0.14716025511114397,343,0.3438323816202666,0.0,1.0,0.0,,0,False,0,False,-0.0001740328055879243,0.0011985523882517906,,-0.0001740328055879243,0.0011985523882517906,,0.4311414538443309,0,False,False,False,False,False,0.0005240154886629561,2972,1550,0
78,True,78,78,1,0.008,0.0008124999999999973,0.001,0,0,0,False,True,0.008,,recovery_snap;recovery_restore,1.0,0.7368565734464705,0.7009531312162601,1.0006518764016625,0.016537079393171953,0.03245441049907886,True,2,1,4,1,True,2,,,2,2,2,307,,,,,,,,,6,0.8,3.085190357649947e-06,8.389570406368028e-07,4.5072195097677985e-07,2.4121281435839164e-06,4.0303549368674934e-06,False,0.004805073880998316,0.0,0.004805073880998316,0.8886715846396237,0.8886715846396237,-0.9752097988274397,0.7386168900496163,3.140290796624407,3.0615053858903423,0.9749114283241687,0.0024443385970671166,0.03245441049907886,0.030010071902011742,0.0024443385970671166,0.03245441049907886,0.030010071902011742,0.021306915549751917,0.029876048994137195,0.008569133444385278,0.008860594786976551,0.055083239997051836,0.04622264521007528,7.155970429985936,7.155971074714685,7.155970424063195,0.17873471840132918,0.0005799260721706565,1,none,0.3636618176985043,0.3897066847964974,0.3636618176985043,4.686970046606525,4.52946813592799,0.16629365279543618,0.16057594701414005,362,0.3636618176985043,0.0,1.0,0.0,,0,False,0,False,-0.0004661411488371873,0.0027658820097312565,,-0.0004661411488371873,0.0027658820097312565,,0.4297215019616579,0,False,False,False,False,False,0.0015943178561889078,2972,1550,0
79,True,79,79,1,0.009000000000000001,0.001,0.001,0,0,0,False,False,,,none,1.0,0.7371365248908703,0.7014509632311057,1.0005584393520064,0.016075492322007265,0.015793936754837517,True,2,1,4,1,True,2,,,2,2,2,326,,,,,,,,,6,0.8,2.4758116789268644e-06,1.0169909565211743e-06,4.588395301461348e-07,2.760809277947472e-06,3.872533493564914e-06,False,0.004862325620775732,0.0,0.004862325620775732,0.8756346362622632,0.8756346362622632,-0.976106014410867,0.7575193558107577,3.140290796624407,3.0645839262304864,0.9758917643947814,0.002247251201113618,0.015793936754837517,0.0135466855537239,0.002247251201113618,0.015793936754837517,0.0135466855537239,0.02121240322094621,0.029880530072054334,0.008668126851108123,0.007676437167419932,0.03875747850480593,0.031081041337385998,6.712609896890867,6.712610553770568,6.712609895377716,0.17589799990747224,0.0003313031872361466,1,none,0.40280152515238254,0.4316916591259228,0.40280152515238254,4.437663129225818,4.290037883149908,0.19455810256657965,0.18778460056703764,401,0.40280152515238254,0.0,1.0,0.0,,0,False,0,False,0.0002888063605537377,0.0006444816175017084,,0.0002888063605537377,0.0006444816175017084,,0.4243597842702248,0,False,False,False,False,False,0.0022517294167122394,2972,1550,0
80,True,80,80,1,0.010000000000000002,0.001,0.001,0,0,0,False,False,,,none,1.0,0.7374023202960607,0.7023720278153036,1.0004651820299415,0.01538672963089847,0.015198641242701247,True,2,1,4,1,True,2,,,2,2,2,340,,,,,,,,,6,0.8,1.486411265929641e-06,1.213061454893799e-06,4.2056400389901924e-07,1.9122740541891895e-06,2.741277564299601e-06,False,0.005134126319811047,0.0,0.005134126319811047,0.8732461582573154,0.8732461582573154,-0.976980945971498,0.7871446656224432,3.140290796624407,3.0685056791658845,0.9771406146412661,0.0020784588584739413,0.015198641242701247,0.013120182384227306,0.0020784588584739413,0.015198641242701247,0.013120182384227306,0.02106427667188778,0.029884904729857487,0.008820628057969706,0.006316924569910105,0.027743860166550657,0.02142693559664055,6.306341815192771,6.306342507736799,6.3063418170102645,0.1376315535363591,0.0001942497570058492,1,none,0.43889292919173295,0.4715235578507167,0.43889292919173295,3.191128542461457,3.1078518988421275,0.29552150693811285,0.28244134114321756,438,0.43889292919173295,0.0,1.0,0.0,,0,False,0,False,-0.0019482531341336261,-0.0004448303039104015,,-0.0019482531341336261,-0.0004448303039104015,,0.4169513154819637,0,False,False,False,False,False,0.002488179182635653,2972,1550,0
81,True,81,81,1,0.011000000000000003,0.001,0.001,0,0,0,False,False,,,none,1.0,0.7376554600496478,0.7036000333029807,1.0004011260723542,0.014658828612351333,0.014548697864170684,True,2,1,4,1,True,2,,,2,2,2,390,,,,,,,,,6,0.8,1.98568551928003e-06,1.4095071381366678e-06,4.0565898404777204e-07,1.2250062261673803e-06,2.7558767787083914e-06,False,0.005420777265940425,0.0,0.005420777265940425,0.8855366944413685,0.8855366944413685,-0.9778438208557607,0.8277637367654306,3.140290796624407,3.072574374787557,0.9784362575881059,0.0012482656460377443,0.014548697864170684,0.01330043221813294,0.0012482656460377443,0.014548697864170684,0.01330043221813294,0.020861181316172848,0.029889219104278802,0.009028037788105955,0.005144683046907101,0.027836431235381754,0.022691748188474654,6.004543232483927,6.004543979925371,6.004543235617681,0.09247264782613905,0.0001606318350666642,1,none,0.43933493786775624,0.4704470200473981,0.43933493786775624,3.1412671589853107,3.061801628804629,0.2995269082425714,0.28697805483843764,437,0.43933493786775624,0.0,1.0,0.0,,0,False,0,False,-0.0007987567159921551,-0.0002952023039845595,,-0.0007987567159921551,-0.0002952023039845595,,0.4146086108814052,0,False,False,False,False,False,0.00115919392410497,2972,1550,0
82,True,82,82,1,0.012000000000000004,0.001,0.001,0,0,0,False,False,,,none,1.0,0.7378988679734387,0.7045556965484016,1.0003643754125657,0.014103078479465849,0.01396325512631461,True,2,1,4,1,True,2,,,2,2,2,357,,,,,,,,,6,0.8,2.7002361652452938e-06,1.107830668487181e-06,3.9840489467809226e-07,8.735405977646414e-07,3.0725174977835085e-06,False,0.0057159133675076055,0.0,0.0057159133675076055,0.9057807894028019,0.9057807894028019,-0.9786999981884578,0.8757038393000225,3.140290796624407,3.075757651731693,0.9794499461762959,0.00021682914947161389,0.01396325512631461,0.013746425976842997,0.00021682914947161389,0.01396325512631461,0.013746425976842997,0.02062148080349989,0.02989349999094229,0.009272019187442401,0.0018053174264824716,0.02758712087793808,0.025781803451455608,5.812179776931453,5.812180596736454,5.812179780400672,0.0701312214441431,0.00014226627135443097,1,none,0.4402259478811025,0.4704470200473981,0.4402259478811025,3.2409899259376034,3.1678460933051156,0.29031069568122764,0.2779339241331643,437,0.4402259478811025,0.0,1.0,0.0,,0,False,0,False,-0.0011005718709498206,0.00046451234339194047,,-0.0011005718709498206,0.00046451234339194047,,0.41519653295685194,0,False,False,False,False,False,0.0008174709372207182,2972,1550,0
83,True,83,83,1,0.013000000000000005,0.001,0.001,0,0,0,False,False,,,none,1.0,0.7381359491992183,0.7049096290613273,1.0003452020497852,0.013861656120642198,0.013538880289976433,True,2,1,4,1,True,2,,,2,2,2,338,,,,,,,,,6,0.8,4.0216273400923565e-06,7.472627375891179e-07,3.901005163120293e-07,6.863157264103869e-07,4.165944760881094e-06,False,0.006003339022850691,0.0,0.006003339022850691,0.9113280223666677,0.9113280223666677,-0.9795530996713819,0.9202323772663296,3.140290796624407,3.0777132969755727,0.9800727054589655,-6.267904067810586e-05,0.013538880289976433,0.01360155933065454,-6.267904067810586e-05,0.013538880289976433,0.01360155933065454,0.020398838113668355,0.029897765498356908,0.009498927384688553,-0.0005993474039763941,0.02714426525384672,0.027743612657823113,5.698499065620243,5.698499968241907,5.698499069081902,0.06174765426471335,0.0001258397280052907,1,none,0.445557324228062,0.4758297090639912,0.445557324228062,2.991683008556873,2.922353492554985,0.3181016890512887,0.3049304783717425,442,0.445557324228062,0.0,1.0,0.0,,0,False,0,False,-0.0003707239057970334,-0.0006963012345327232,,-0.0003707239057970334,-0.0006963012345327232,,0.4155403916665818,0,False,False,False,False,False,0.0013711915310896296,2972,1550,0
84,True,84,84,1,0.014000000000000005,0.001,0.001,0,0,0,False,False,,,none,1.0,0.7383694158658596,0.7047993622546493,1.0003363572997175,0.014004995594288625,0.013290610441881822,True,2,1,4,1,True,1,,,2,1,2,108,,,,,,,,,7,0.8,1.3410347509249502e-06,2.5730376570315657e-07,8.144794440443989e-08,1.3806962429701986e-07,1.3748732377330636e-06,False,0.006267048553525901,0.0,0.006267048553525901,0.9105860064296963,0.9105860064296963,-0.9804008331724846,0.9563296967784674,3.140290796624407,3.0787535361797778,0.9804039611520126,-4.750233382345716e-05,0.013290610441881822,0.013338112775705279,-4.750233382345716e-05,0.013290610441881822,0.013338112775705279,0.020218351516107663,0.029902004165862424,0.009683652649754761,-0.000471302454081321,0.026749120190983668,0.02722042264506499,5.632006748261596,5.632007734622196,5.6320067516943295,0.05740290083912928,0.00011259430046826062,1,none,0.44732923638756084,0.4779827846706285,0.44732923638756084,2.991683008556873,2.9257289595894833,0.31954106320990044,0.3057899365020653,444,0.44732923638756084,0.0,1.0,0.0,,0,False,0,False,0.0014381107691384617,-0.0008615056001710288,,0.0014381107691384617,-0.0008615056001710288,,0.4116286353340789,0,False,False,False,False,False,0.0018163632245988008,2972,1550,0
85,True,85,85,1,0.015000000000000006,0.001,0.001,0,0,0,False,False,,,none,1.0,0.7386010755448789,0.7045013825346322,1.0003331422814543,0.014261780959715349,0.013129911668309378,True,2,1,4,1,True,1,,,2,1,2,109,,,,,,,,,7,0.8,1.4395197449745455e-06,2.995981063981637e-07,7.84138935594107e-08,1.2781409386074165e-07,1.47799232163822e-06,False,0.006496105899307293,0.0,0.006496105899307293,0.9069957957713806,0.9069957957713806,-0.9812354666263594,0.9825336319255799,3.140290796624407,3.0792859235185626,0.9805734955592582,8.925641544184998e-05,0.013129911668309378,0.013040655252867527,8.925641544184998e-05,0.013129911668309378,0.013040655252867527,0.020087331840372105,0.029906177333131796,0.00981884549275969,0.000888900877006462,0.026403461079639607,0.025514560202633145,5.591969276906527,5.591970340007334,5.591969280261665,0.05602464876541302,0.00010325357870182872,1,none,0.45419195001747126,0.48551854929386523,0.45419195001747126,3.1412671589857513,3.082527858134976,0.3091227359666084,0.2946879774785045,451,0.45419195001747126,0.0,1.0,0.0,,0,False,0,False,0.00046576122247938206,-0.002209334707559279,,0.00046576122247938206,-0.002209334707559279,,0.4136864741420388,0,False,False,False,False,False,0.0016619587671212318,2972,1550,0
86,True,86,86,1,0.016000000000000007,0.001,0.001,0,0,0,False,False,,,none,1.0,0.7388321009901342,0.7041946734006931,1.000332775242099,0.014824468169612052,0.01307508473914187,True,2,1,4,1,True,1,,,2,1,2,97,,,,,,,,,7,0.8,1.3856189616846353e-06,2.8678660082491066e-07,7.496152581422349e-08,1.1481951809260719e-07,1.4216150018482952e-06,False,0.006686084213166842,0.0,0.006686084213166842,0.8983858930774555,0.8983858930774555,-0.9820461416941736,1.0006131639437106,3.140290796624407,3.079564135706655,0.9806620899621689,0.0002416360478424147,0.01307508473914187,0.012833448691299456,0.0002416360478424147,0.01307508473914187,0.012833448691299456,0.019996934180281447,0.029910230708470868,0.009913296528189421,0.002102343426246549,0.026384468744907554,0.024282125318661005,5.566812562326166,5.566813691515649,5.566812565640355,0.05712481832394281,9.726003221382387e-05,1,none,0.45793924092715554,0.4898247005071398,0.45793924092715554,3.0415443920334586,2.9814373629138022,0.3220894633595415,0.3071936017328265,455,0.45793924092715554,0.0,1.0,0.0,,0,False,0,False,0.0024691392187863506,-0.0017919372294073906,,0.0024691392187863506,-0.0017919372294073906,,0.4136876328730645,0,False,False,False,False,False,0.0020463978232138735,2972,1550,0
87,True,87,87,1,0.017000000000000008,0.001,0.001,0,0,0,False,False,,,none,1.0,0.7390633070392233,0.7039480211304012,1.0003337600874982,0.01531125517076824,0.013055288119407663,True,2,1,4,1,True,2,,,2,2,2,387,,,,,,,,,6,0.8,4.338211780302081e-06,9.588742879615258e-07,3.351645431120627e-07,4.183819208984993e-07,4.475142461817245e-06,False,0.006837725526987444,0.0,0.006837725526987444,0.8888451902365222,0.8888451902365222,-0.9828215469193351,1.0125810265487776,3.140290796624407,3.0797097770684165,0.9807084682663431,0.0003760837817030578,0.013055288119407663,0.012679204337704605,0.0003760837817030578,0.013055288119407663,0.012679204337704605,0.019937094867256113,0.029914107734596674,0.00997701286734056,0.0019315878446951318,0.02655074113427175,0.024619153289576617,5.5503384093875106,5.550339593166371,5.550338412644841,0.0595730124773463,9.367740815181499e-05,1,none,0.4617384569503491,0.49413085172041415,0.4617384569503491,3.041544392033458,2.9833290389241784,0.3249210190814,0.30954577984924997,459,0.4617384569503491,0.0,1.0,0.0,,0,False,0,False,0.00216477172475247,0.0011993836087479596,,0.00216477172475247,0.0011993836087479596,,0.41584975293517307,0,False,False,False,False,False,0.0030067656922691684,2972,1550,0
88,True,88,88,1,0.01800000000000001,0.001,0.001,0,0,0,False,False,,,none,1.0,0.7392952912965003,0.7037746563600231,1.0003353713681824,0.01571831757665304,0.013139518546978328,True,2,1,4,1,True,2,,,2,2,2,381,,,,,,,,,6,0.8,3.6407937871522486e-06,7.791689697317264e-07,3.2584496764515056e-07,3.6397949191677167e-07,3.755148425486651e-06,False,0.006955237398843737,0.0,0.006955237398843737,0.8813394586857354,0.8813394586857354,-0.9835519159566348,1.0205816980609823,3.140290796624407,3.079780551589878,0.9807310058356464,0.00048633331131921626,0.013139518546978328,0.012653185235659113,0.00048633331131921626,0.013139518546978328,0.012653185235659113,0.01989709150969509,0.02991775957978317,0.010020668070088081,0.001822399708675974,0.0267146138666218,0.024892214157945826,5.539196833115329,5.539198061275267,5.539196836411662,0.06233696505804784,9.169419151931814e-05,1,none,0.46560452215221415,0.49843700293352183,0.46560452215221415,3.0415443920452256,2.984880844930586,0.32775257480188075,0.31197528232524263,463,0.46560452215221415,0.0,1.0,0.0,,0,False,0,False,0.001771959471894439,0.0008725794783517138,,0.001771959471894439,0.0008725794783517138,,0.4158617668145386,0,False,False,False,False,False,0.0005109818055855299,2972,1550,0
89,True,89,89,1,0.01900000000000001,0.001,0.001,0,0,0,False,False,,,none,1.0,0.7395285052073282,0.7036716839688003,1.0003372394071943,0.016075384139267953,0.013356800904319933,True,2,1,4,1,True,2,,,2,2,2,428,,,,,,,,,6,0.8,2.9805785104445704e-06,6.151585453498884e-07,3.1917982219281426e-07,3.2111885072397205e-07,3.0768915106038896e-06,False,0.007044256526783763,0.0,0.007044256526783763,0.8757814390793025,0.8757814390793025,-0.9842301862023173,1.026029895663101,3.140290796624407,3.0798089906553967,0.9807400620241845,0.0005735017876546997,0.013356800904319933,0.012783299116665234,0.0005735017876546997,0.013356800904319933,0.012783299116665234,0.019869850521684496,0.029921150931011584,0.010051300409327089,0.00168807654094685,0.026874884434174226,0.025186807893227376,5.531510323989412,5.53151158787968,5.531510327351969,0.06491194562602741,9.076821880397239e-05,1,none,0.4663586966673626,0.4995135407368405,0.4663586966673626,3.0914057755213715,3.0366592833241848,0.3231627143173054,0.30715246799558416,464,0.4663586966673626,0.0,1.0,0.0,,0,False,0,False,0.0021063752903678484,0.0016804912390223307,,0.0021063752903678484,0.0016804912390223307,,0.415867510717437,0,False,False,False,False,False,0.0008743885593231059,2972,1550,0
90,True,90,90,1,0.02000000000000001,0.001,0.001,0,0,0,False,False,,,none,1.0,0.7397632988024931,0.7036294676054788,1.000339133115426,0.016353616501007067,0.013574709962758304,True,2,1,4,1,True,2,,,2,2,2,462,,,,,,,,,6,0.8,2.4127185208399455e-06,4.790472120707556e-07,3.148554956412116e-07,2.903562891414864e-07,2.496825514523661e-06,False,0.00711051341622791,0.0,0.00711051341622791,0.8717634032701264,0.8717634032701264,-0.9848522823223702,1.0297940414063815,3.140290796624407,3.079813003852753,0.9807413399941611,0.0006422783479161278,0.013574709962758304,0.012932431614842177,0.0006422783479161278,0.013574709962758304,0.012932431614842177,0.019851029792968093,0.02992426141161185,0.010073231618643756,0.0015963688200588003,0.02703196318732269,0.025435594367263892,5.526167346362827,5.526168639052121,5.526167349812183,0.06711534797526263,9.054074143920112e-05,1,none,0.4660980187202839,0.4995135407368405,0.4660980187202839,3.0914057755213715,3.037429314532751,0.3231627143173054,0.30690295671422657,464,0.4660980187202839,0.0,1.0,0.0,,0,False,0,False,0.00210970416141706,0.0016821404502554353,,0.00210970416141706,0.0016821404502554353,,0.41586888993545335,0,False,False,False,False,False,3.715007423098425e-06,2972,1550,0
91,True,91,91,1,0.02100000000000001,0.001,0.001,0,0,0,False,False,,,none,1.0,0.7399999507089393,0.703637416986228,1.000340938036189,0.016562692741421452,0.013787870242827176,True,2,1,4,1,True,2,,,2,2,2,449,,,,,,,,,6,0.8,1.9475874250379693e-06,3.716493798834145e-07,3.123939088756348e-07,2.7028726141014535e-07,2.0253061985084994e-06,False,0.007159112479908225,0.0,0.007159112479908225,0.8688868324167351,0.8688868324167351,-0.9854168311134085,1.0324262690206616,3.140290796624407,3.0798027233316767,0.9807380662460461,0.0006972885184382172,0.013787870242827176,0.013090581724388959,0.0006972885184382172,0.013787870242827176,0.013090581724388959,0.019837868654896697,0.02992708415556704,0.010089215500670344,0.0015478631241603023,0.02718725424645385,0.025639391122293548,5.522472339465325,5.52247365550326,5.522472343017534,0.06892398896576564,9.0780951362992e-05,1,none,0.4679981622976209,0.5016666163434778,0.4679981622976209,3.0914057755213706,3.0387621996763596,0.3245556570514402,0.3080189442579381,466,0.4679981622976209,0.0,1.0,0.0,,0,False,0,False,0.0016830477429395298,0.001992569860538926,,0.0016830477429395298,0.001992569860538926,,0.4158669935933086,0,False,False,False,False,False,0.0005276382455783784,2972,1550,0
92,True,92,92,1,0.022000000000000013,0.001,0.001,0,0,0,False,False,,,none,1.0,0.7402386880024681,0.7036861270555641,1.0003426178893853,0.01672064811259657,0.013997701198543348,True,2,1,4,1,True,2,,,2,2,2,454,,,,,,,,,6,0.8,1.5761694752940595e-06,2.8921113753961666e-07,3.113400955822458e-07,2.586930701187655e-07,1.6528182164322681e-06,False,0.0071942898409466756,0.0,0.0071942898409466756,0.8668318536041183,0.8668318536041183,-0.9859246178796517,1.0342869951092786,3.140290796624407,3.079784093931379,0.9807321338654151,0.0007422638126658838,0.013997701198543348,0.013255437385877464,0.0007422638126658838,0.013997701198543348,0.013255437385877464,0.019828565024453605,0.02992962308939826,0.010101058064944653,0.00153159714156166,0.0273424809350961,0.02581088379353444,5.519967218180705,5.519968553302318,5.519967221847895,0.07037991032560374,9.133963357207215e-05,1,none,0.4731229605633608,0.5070493053600756,0.4731229605633608,3.2409899259501476,3.1934181112892293,0.3128977978612051,0.29631131538385,471,0.4731229605633608,0.0,1.0,0.0,,0,False,0,False,0.0013443152744170906,0.0001431281568634254,,0.0013443152744170906,0.0001431281568634254,,0.4158625759494925,0,False,False,False,False,False,0.001880205919713435,2972,1550,0
93,True,93,93,1,0.023000000000000013,0.001,0.001,0,0,0,False,False,,,none,1.0,0.7404796887771492,0.7037681392399884,1.000344182408974,0.01684089820816781,0.014205313025469719,True,2,1,4,1,True,2,,,2,2,2,451,,,,,,,,,5,0.8,4.38110984603671e-06,8.690420868980365e-07,1.5509513751203303e-06,1.2181602827049086e-06,4.882491400318822e-06,False,0.007219342424832041,0.0,0.007219342424832041,0.8653631362752883,0.8653631362752883,-0.9863779977291608,1.03561642199678,3.140290796624407,3.0797607332574257,0.9807246948492646,0.0007799588694546235,0.014205313025469719,0.013425354156015095,0.0007799588694546235,0.014205313025469719,0.013425354156015095,0.0198219178900161,0.029931889988645804,0.010109972098629703,0.0015397702825738486,0.027499058063914762,0.025959287781340913,5.518337327321096,5.518338677730875,5.518337330913151,0.07153683890095291,9.212036864317766e-05,1,none,0.47296557361040914,0.5070493053600756,0.47296557361040914,3.2409899259501476,3.1938570121429066,0.3128977978612051,0.2961720401459517,471,0.47296557361040914,0.0,1.0,0.0,,0,False,0,False,0.0013457567055433265,0.0001431203136343167,,0.0013457567055433265,0.0001431203136343167,,0.41585621160482666,0,False,False,False,False,False,1.4414524646773672e-06,2972,1550,0
94,True,94,94,1,0.024000000000000014,0.001,0.001,0,0,0,False,False,,,none,1.0,0.7407231204654814,0.7038769313940213,1.000345619467787,0.01693418138662742,0.014412109524610776,True,2,1,4,1,True,2,,,2,2,2,406,,,,,,,,,5,0.8,3.600519118870954e-06,6.892845770438172e-07,1.55660259161898e-06,1.2277165322991078e-06,4.1676313015214314e-06,False,0.007236996733220177,0.0,0.007236996733220177,0.8643083683489158,0.8643083683489158,-0.9867803265385869,1.0365760837653188,3.140290796624407,3.0797348423172735,0.9807164500904735,0.0008124717596954331,0.014412109524610776,0.013599637764915342,0.0008124717596954331,0.014412109524610776,0.013599637764915342,0.01981711958117341,0.02993390163269293,0.010116782051519523,0.0015667845491471387,0.027658547301086266,0.026091762751939127,5.517359392823669,5.5173607563600395,5.517359396565216,0.07246743856526511,9.305709029268317e-05,1,none,0.4738906310287093,0.5081258431633943,0.4738906310287093,3.2908513094262934,3.246271039907048,0.30881118311722067,0.2919599905264093,472,0.4738906310287093,0.0,1.0,0.0,,0,False,0,False,0.00048529027334602657,0.00030132421540414445,,0.00048529027334602657,0.00030132421540414445,,0.41854900716884974,0,False,False,False,False,False,0.0008748891103868808,2972,1550,0
95,True,95,95,1,0.025000000000000015,0.001,0.001,0,0,0,False,False,,,none,1.0,0.7409691216927614,0.7040080540797864,1.0003469337301696,0.017007460533305523,0.01461898841861413,True,2,1,4,1,True,2,,,2,2,2,464,,,,,,,,,5,0.8,2.971870621404871e-06,5.519738744017499e-07,1.5645264900430208e-06,1.2457327432064828e-06,3.6244011027940243e-06,False,0.00724916214856056,0.0,0.00724916214856056,0.863548443694186,0.863548443694186,-0.9871355528343819,1.0372765997798135,3.140290796624407,3.0797078452323703,0.9807078530889053,0.0008412206465562123,0.01461898841861413,0.013777767772057919,0.0008412206465562123,0.01461898841861413,0.013777767772057919,0.019813617001100934,0.029935677764171907,0.010122060763070973,0.0016087049512929696,0.027822025596250757,0.026213320644957787,5.516871628134575,5.516873002681733,5.516871632029457,0.07321524490333257,9.410917180625986e-05,1,none,0.47589973388153545,0.5102789187700316,0.47589973388153545,3.2908513094262943,3.2470932781970228,0.31011970507958947,0.29312353733538754,474,0.47589973388153545,0.0,1.0,0.0,,0,False,0,False,-0.0005955321173044526,-0.0010424948634067232,,-0.0005955321173044526,-0.0010424948634067232,,0.41853237088634465,0,False,False,False,False,False,0.0017245366788524695,2972,1550,0
96,True,96,96,1,0.026000000000000016,0.001,0.001,0,0,0,False,False,,,none,1.0,0.7412178141564355,0.7041578944451562,1.0003481306680837,0.01706595276036338,0.014827213205828917,True,2,1,4,1,True,2,,,2,2,2,453,,,,,,,,,5,0.8,2.4725623605497728e-06,4.476779646163833e-07,1.5743218571187276e-06,1.2686256732301017e-06,3.2251946600772517e-06,False,0.007257300444634282,0.0,0.007257300444634282,0.8629978392253043,0.8629978392253043,-0.9874478793619275,1.0377939674818863,3.140290796624407,3.079680623252314,0.9806991844713092,0.0008672270701234736,0.014827213205828917,0.013959986135705444,0.0008672270701234736,0.014827213205828917,0.013959986135705444,0.01981103016259057,0.029937239396809635,0.010126209234219065,0.001662651583492894,0.027990244993727462,0.02632759341023457,5.516754957751593,5.516756341598729,5.516754961801968,0.07381998661613674,9.524806238540471e-05,1,none,0.4768592947852577,0.5113554565733501,0.4768592947852577,3.3407126929024398,3.299409887105476,0.30613554865688264,0.289057323037605,475,0.4768592947852577,0.0,1.0,0.0,,0,False,0,False,-0.0012672830414114788,-0.0004942933062594339,,-0.0012672830414114788,-0.0004942933062594339,,0.4185165553470081,0,False,False,False,False,False,0.0008670491631374524,2972,1550,0
97,True,97,97,1,0.027000000000000017,0.001,0.001,0,0,0,False,False,,,none,1.0,0.741469306278165,0.704323647937984,1.000349220370869,0.01711338610911506,0.015036955974053613,True,2,1,4,1,True,2,,,2,2,2,342,,,,,,,,,5,0.8,2.0731731178423536e-06,3.676378212139679e-07,1.5856717597968247e-06,1.2940575599314746e-06,2.9363487943982574e-06,False,0.007280979412884401,0.0,0.007280979412884401,0.86259657105206,0.86259657105206,-0.9877215272486922,1.0381807670990375,3.140290796624407,3.0796537179697965,0.9806906167034622,0.0008912093545795067,0.015036955974053613,0.014145746619474106,0.0008912093545795067,0.015036955974053613,0.014145746619474106,0.01980909616450481,0.029938607636243463,0.010129511471738652,0.0017265261249585278,0.028163696965432833,0.026437170840474304,5.5169209270397115,5.516922318789141,5.516920931246629,0.07431271945731054,9.64544278013682e-05,1,none,0.47783899202674907,0.5124319943766686,0.47783899202674907,3.290851309426294,3.247657114116395,0.3114282270419582,0.2942668977890278,476,0.47783899202674907,0.0,1.0,0.0,,0,False,0,False,-0.0007669013769281297,0.0002226636551808268,,-0.0007669013769281297,0.0002226636551808268,,0.41850158342881716,0,False,False,False,False,False,0.000874304920899327,2972,1550,0
98,True,98,98,1,0.028000000000000018,0.001,0.001,0,0,0,False,False,,,none,1.0,0.741723695963622,0.7045031202723153,1.0003502131253268,0.017152432280895243,0.01524858553840191,True,2,1,4,1,True,2,,,2,2,2,436,,,,,,,,,5,0.8,1.7510329939567531e-06,3.054785704042578e-07,1.5983368660185893e-06,1.3206279702138675e-06,2.7309655208161646e-06,False,0.0073012555907895895,0.0,0.0073012555907895895,0.8623025901806073,0.8623025901806073,-0.9879626740101816,1.0384735376971517,3.140290796624407,3.079627447673328,0.9806822511417452,0.0009136721580949556,0.01524858553840191,0.014334913380306954,0.0009136721580949556,0.01524858553840191,0.014334913380306954,0.01980763231151424,0.029939813370050902,0.010132181058536662,0.0017987747861248175,0.02834266776842087,0.026543892982296053,5.517303452623918,5.517304851122228,5.517303456987615,0.07471725984712137,9.77148436170364e-05,1,none,0.4777617138731355,0.5124319943766686,0.4777617138731355,3.290851309426294,3.247835490754943,0.3114282270419582,0.29420314867122915,476,0.4777617138731355,0.0,1.0,0.0,,0,False,0,False,-0.0007668581985650056,0.00022269513559685045,,-0.0007668581985650056,0.00022269513559685045,,0.41848746103129414,0,False,False,False,False,False,5.343582726128839e-08,2972,1550,0
99,True,99,99,1,0.02900000000000002,0.001,0.001,0,0,0,False,False,,,none,1.0,0.7419810727175757,0.7046945773648744,1.0003511192313541,0.01718501691434137,0.015462458258977024,True,2,1,4,1,True,2,,,2,2,2,365,,,,,,,,,5,0.8,1.489141483297171e-06,2.5661089942264133e-07,1.612133281354633e-06,1.347531098535885e-06,2.5880891192831016e-06,False,0.007318629418785602,0.0,0.007318629418785602,0.8620863784030154,0.8620863784030154,-0.9881824271594605,1.0386978643464653,3.140290796624407,3.0796019816082802,0.9806741416809669,0.0009349705855274081,0.015462458258977024,0.014527487673449616,0.0009349705855274081,0.015462458258977024,0.014527487673449616,0.019806510678267678,0.0299409121357973,0.010134401457529623,0.001878229946172792,0.02852728704856195,0.02664905710238916,5.5178530006231075,5.517854404910255,5.517853005143134,0.07505178368950209,9.902005517266762e-05,1,none,0.47769362431935347,0.5124319943766686,0.47769362431935347,3.290851309426294,3.2479843674049,0.3114282270419582,0.29414773612412726,476,0.47769362431935347,0.0,1.0,0.0,,0,False,0,False,-0.0007668250316875133,0.00022272186561425125,,-0.0007668250316875133,0.00022272186561425125,,0.41847417827475303,0,False,False,False,False,False,4.259736603165488e-08,2972,1550,0
100,True,100,100,1,0.03000000000000002,0.001,0.001,0,0,0,False,False,,,none,1.0,0.7422415192871635,0.7048966341382132,1.0003519482181993,0.017212538221012104,0.015678846111605478,True,2,1,4,1,True,2,,,2,2,2,349,,,,,,,,,5,0.8,1.2746745079426047e-06,2.1773862235142078e-07,1.6269170310430247e-06,1.3743244141489647e-06,2.4915520925892684e-06,False,0.0073335559919784936,0.0,0.0073335559919784936,0.8619271341231418,0.8619271341231418,-0.9883727741695507,1.038871779337644,3.140290796624407,3.0795773905024832,0.980666310843828,0.0009553555716143104,0.015678846111605478,0.014723490539991167,0.0009553555716143104,0.015678846111605478,0.014723490539991167,0.01980564110331178,0.029941863870847754,0.010136222767535973,0.0019640002460719146,0.02871756903731812,0.026753568791246206,5.518532372599203,5.518533781870163,5.518532377274731,0.07533018371642737,0.00010036360967372183,1,none,0.4787021081523749,0.513508532179997,0.4787021081523749,3.2409899259494694,3.1961024680801673,0.3168837570697239,0.2995536675893382,477,0.4787021081523749,0.0,1.0,0.0,,0,False,0,False,-0.000992015278369605,-0.0006227198239266742,,-0.000992015278369605,-0.0006227198239266742,,0.41846171086022327,0,False,False,False,False,False,0.0008749184519797007,2972,1550,0
101,True,101,101,1,0.03100000000000002,0.001,0.001,0,0,0,False,False,,,none,1.0,0.7425051129555513,0.7051081727303463,1.0003527089666604,0.017236025051239987,0.015897955317979717,True,2,1,4,1,True,2,,,2,2,2,430,,,,,,,,,5,0.8,1.0979330362035495e-06,1.8648716038005595e-07,1.6425738667034626e-06,1.400785310978423e-06,2.429090942719898e-06,False,0.00734641211784505,0.0,0.00734641211784505,0.8618101240759061,0.8618101240759061,-0.9885373903378823,1.0390080951540606,3.140290796624407,3.0795536805645662,0.9806587606074161,0.0009750054952689544,0.015897955317979717,0.014922949822710764,0.0009750054952689544,0.015897955317979717,0.014922949822710764,0.019804959524229695,0.02994268695168941,0.010137727427459716,0.0020553940519854094,0.02891344664366452,0.02685805259167911,5.519313605718851,5.519315019294556,5.519313610548606,0.07556314471119296,0.00010174102178910549,1,none,0.4797103144635761,0.5145850699833157,0.4797103144635761,3.2908513094256153,3.248374618738228,0.31273674900439746,0.29535405904009365,478,0.4797103144635761,0.0,1.0,0.0,,0,False,0,False,-0.0012565880121224446,0.00020485528875632591,,-0.0012565880121224446,0.00020485528875632591,,0.421135603918038,0,False,False,False,False,False,0.0008688379012092712,2972,1550,0
102,True,102,102,1,0.03200000000000002,0.001,0.001,0,0,0,False,False,,,none,1.0,0.7427719265724686,0.7053282825890551,1.0003534090422854,0.017256246732381828,0.016119940799209545,True,2,1,4,1,True,2,,,2,2,2,428,,,,,,,,,5,0.8,9.515147093895173e-07,1.611302729107884e-07,1.6590121265475023e-06,1.4268213403182976e-06,2.391544183211402e-06,False,0.007357511216237003,0.0,0.007357511216237003,0.861724844739624,0.861724844739624,-0.9886795493694142,1.0391159984810792,3.140290796624407,3.079530816894339,0.9806514798580498,0.000994048162730374,0.016119940799209545,0.015125892636479172,0.000994048162730374,0.016119940799209545,0.015125892636479172,0.019804420007594605,0.02994339774684707,0.010138977739252465,0.002151866898364424,0.02911479801833767,0.026962931119973246,5.520175669597179,5.520177086901688,5.52017567457969,0.07575895767246328,0.00010314919812616457,1,none,0.48180433824613633,0.5167381455899529,0.48180433824613633,3.1911285424733236,3.1429355653383078,0.323859185684478,0.3065951103545927,480,0.48180433824613633,0.0,1.0,0.0,,0,False,0,False,-0.0028317414689494535,0.0009328544591461179,,-0.0028317414689494535,0.0009328544591461179,,0.421122877074695,0,False,False,False,False,False,0.0017352496087428752,2972,1550,0
103,True,103,103,1,0.03300000000000002,0.001,0.001,0,0,0,False,False,,,none,1.0,0.7430420293840888,0.7055562160195513,1.0003540541610982,0.017273785276697238,0.016344918204783128,True,2,1,4,1,True,2,,,2,2,2,437,,,,,,,,,5,0.8,8.29696959087109e-07,1.40400659246052e-07,1.6761576771193065e-06,1.452415272542874e-06,2.3721559964548922e-06,False,0.007373249274915334,0.0,0.007373249274915334,0.8616637465694335,0.8616637465694335,-0.9888021491289348,1.0392021331289425,3.140290796624407,3.0795087397582614,0.9806444495740706,0.001012576069226803,0.016344918204783128,0.015332342135556325,0.001012576069226803,0.016344918204783128,0.015332342135556325,0.019803989334355288,0.02994401074564467,0.010140021411289384,0.002252984020975618,0.02932146651144119,0.027068482490465572,5.52110274460069,5.521104165143849,5.521102749734249,0.07592412320315488,0.00010458600504913391,1,none,0.4817619943471042,0.5167381455899529,0.4817619943471042,3.1911285424733236,3.1429865694443984,0.323859185684478,0.306563189948513,480,0.4817619943471042,0.0,1.0,0.0,,0,False,0,False,-0.002832027485543509,0.000932946271512021,,-0.002832027485543509,0.000932946271512021,,0.42111118924950197,0,False,False,False,False,False,3.003914156693469e-07,2972,1550,0
104,True,104,104,1,0.03400000000000002,0.001,0.001,0,0,0,False,False,,,none,1.0,0.7433154877080952,0.7057913550367897,1.0003546530329475,0.017289090794838795,0.016572973517902982,True,2,1,4,1,True,2,,,2,2,2,394,,,,,,,,,5,0.8,7.280210854337503e-07,1.2335475179114193e-07,1.6939503031184879e-06,1.4775920947078817e-06,2.366004463944232e-06,False,0.007387057544301813,0.0,0.007387057544301813,0.8616213523270729,0.8616213523270729,-0.9889077421931559,1.0392713566500869,3.140290796624407,3.0794873755898577,0.980637646328834,0.0010306569508382708,0.016572973517902982,0.015542316567064712,0.0010306569508382708,0.016572973517902982,0.015542316567064712,0.019803643216749565,0.02994453871096578,0.010140895494216214,0.002358393823970939,0.029533276303268484,0.027174882479297544,5.522082930815437,5.522084354178599,5.5220829360982,0.0760637970393985,0.00010605000439793817,1,none,0.4817238658810843,0.5167381455899529,0.4817238658810843,3.1911285424733236,3.1430297054555596,0.323859185684478,0.3065347203336482,480,0.4817238658810843,0.0,1.0,0.0,,0,False,0,False,-0.002832279374594209,0.0009330270848955025,,-0.002832279374594209,0.0009330270848955025,,0.42110042036706335,0,False,False,False,False,False,2.6453524682405196e-07,2972,1550,0
105,True,105,105,1,0.035000000000000024,0.001,0.001,0,0,0,False,False,,,none,1.0,0.7435923654876648,0.7060331864504377,1.000355210860604,0.017302518025640725,0.016804170585435593,True,2,1,4,1,True,2,,,2,2,2,389,,,,,,,,,5,0.8,6.429708829048335e-07,1.0927962970615931e-07,1.7123408602619704e-06,1.5023990011860932e-06,2.369528977290595e-06,False,0.007399163493006317,0.0,0.007399163493006317,0.8615936449449292,0.8615936449449292,-0.9889985681921205,1.0393272630096073,3.140290796624407,3.079466644512726,0.980631044686351,0.0010483411151725119,0.016804170585435593,0.01575582947026308,0.0010483411151725119,0.016804170585435593,0.01575582947026308,0.019803363684951964,0.0299449928409606,0.010141629156008636,0.0024678086389903608,0.029750043932620603,0.02728223529363024,5.5231072784586885,5.523108704283639,5.523107283888701,0.07618211598711437,0.00010754026326267927,1,none,0.48168936051287387,0.5167381455899529,0.48168936051287387,3.1911285424733236,3.1430662489271057,0.323859185684478,0.3065091998473146,480,0.48168936051287387,0.0,1.0,0.0,,0,False,0,False,-0.0028325020340522707,0.0009330985440321792,,-0.0028325020340522707,0.0009330985440321792,,0.42109046140058776,0,False,False,False,False,False,2.3384533880093074e-07,2972,1550,0
106,True,106,106,1,0.036000000000000025,0.001,0.001,0,0,0,False,False,,,none,1.0,0.7438727247498191,0.7062812827751401,1.0003557332367183,0.017314351057086477,0.017038556975422853,True,2,1,4,1,True,2,,,2,2,2,405,,,,,,,,,5,0.8,5.717438299218968e-07,9.762784301863278e-08,1.7312891366557156e-06,1.526893107885075e-06,2.38016529686391e-06,False,0.00740983445504341,0.0,0.00740983445504341,0.8615776431956833,0.8615776431956833,-0.9890765860111189,1.0393725450783915,3.140290796624407,3.079446465352715,0.9806246187973752,0.0010656665185895576,0.017038556975422853,0.015972890456833297,0.0010656665185895576,0.017038556975422853,0.015972890456833297,0.019803137274608043,0.029945382930055598,0.010142245655447555,0.0025738471252919753,0.02997158640898998,0.027397739283698003,5.524169059068131,5.524170487047636,5.524169064643495,0.07628243600354327,0.0001090562159062078,1,none,0.4816579673715697,0.5167381455899529,0.4816579673715697,3.1911285424733236,3.143097234437853,0.323859185684478,0.30648620226839074,480,0.4816579673715697,0.0,1.0,0.0,,0,False,0,False,-0.0028326996449775485,0.0009331621025406931,,-0.0028326996449775485,0.0009331621025406931,,0.4210812138960252,0,False,False,False,False,False,2.0758073560342318e-07,2972,1550,0
107,True,107,107,1,0.037000000000000026,0.001,0.001,0,0,0,False,False,,,none,1.0,0.7441566259874135,0.7065352873286556,1.0003562256592593,0.017324821348481824,0.017276168641617247,True,2,1,4,1,True,2,,,2,2,2,396,,,,,,,,,5,0.8,5.120759219805838e-07,8.797226261149082e-08,1.7507621977954124e-06,1.5511346697709359e-06,2.3960692614897557e-06,False,0.007419292537271652,0.0,0.007419292537271652,0.8615711052906976,0.8615711052906976,-0.9891435046251317,1.0394092442501068,3.140290796624407,3.079426758919147,0.9806183434442808,0.0010826623057751867,0.017276168641617247,0.01619350633584206,0.0010826623057751867,0.017276168641617247,0.01619350633584206,0.019802953778749466,0.029945717523125658,0.010142763744376192,0.0026762643794881313,0.03019772701709256,0.02752146263760443,5.525263217555484,5.525264647425785,5.5252632232740275,0.0763675074662705,0.00011059755896061831,1,none,0.4826910031980606,0.5178146833932715,0.4826910031980606,3.2409899259494694,3.19533995363132,0.3195410632086888,0.30212184631529426,481,0.4826910031980606,0.0,1.0,0.0,,0,False,0,False,-0.0036267650591844834,0.0005995601236338929,,-0.0036267650591844834,0.0005995601236338929,,0.42252669353173317,0,False,False,False,False,False,0.000861295630065638,2972,1550,0
108,True,108,108,1,0.03800000000000003,0.001,0.001,0,0,0,False,False,,,none,1.0,0.7444441284795811,0.7067949025791445,1.0003566919503613,0.017334120615661305,0.01751703351841469,True,2,1,4,1,True,2,,,2,2,2,353,,,,,,,,,5,0.8,4.621275611986348e-07,7.997449045382759e-08,1.7707330735481727e-06,1.5751833482313297e-06,2.415917217175574e-06,False,0.0074277229198985,0.0,0.0074277229198985,0.8615723226830044,0.8615723226830044,-0.9892008118891883,1.039438932673028,3.140290796624407,3.0794074499473627,0.9806121946596507,0.0010993512730334905,0.01751703351841469,0.0164176822453812,0.0010993512730334905,0.01751703351841469,0.0164176822453812,0.019802805336634866,0.02994600405944594,0.010143198722811074,0.002782509625748175,0.0304282992381628,0.027645789612414626,5.526385960340904,5.52638739187531,5.526385966200724,0.07643960627826872,0.00011216419798449316,1,none,0.48266461148429174,0.5178146833932715,0.48266461148429174,3.2409899259494694,3.195367344160324,0.3195410632086888,0.3021027378065829,481,0.48266461148429174,0.0,1.0,0.0,,0,False,0,False,-0.003626975446353996,0.0005995894344579184,,-0.003626975446353996,0.0005995894344579184,,0.4225179363780351,0,False,False,False,False,False,2.1241912696506048e-07,2972,1550,0
109,True,109,109,1,0.03900000000000003,0.001,0.001,0,0,0,False,False,,,none,1.0,0.7447352905621274,0.7070598808056134,1.0003571351764269,0.01734241000563314,0.017761174219730617,True,2,1,4,1,True,2,,,2,2,2,433,,,,,,,,,5,0.8,4.2038226912261266e-07,7.336116801272649e-08,1.791179666602278e-06,1.5990952786046736e-06,2.4387565317739436e-06,False,0.0074352804557379255,0.0,0.0074352804557379255,0.8615799750568802,0.8615799750568802,-0.9892498009602345,1.0394628370868817,3.140290796624407,3.079388468266902,0.980606150098274,0.001115751595341881,0.017761174219730617,0.016645422624388735,0.001115751595341881,0.017761174219730617,0.016645422624388735,0.019802685814565596,0.029946249004801175,0.010143563190235579,0.002892405690880286,0.030663149261597668,0.027770743570717384,5.527534445742724,5.527535878746466,5.527534451741709,0.0765006302590979,0.00011375619148234182,1,none,0.48264017360880695,0.5178146833932715,0.48264017360880695,3.2409899259494694,3.1953908630877113,0.3195410632086888,0.30208521854658554,481,0.48264017360880695,0.0,1.0,0.0,,0,False,0,False,-0.003627164685300745,0.0005996160604412204,,-0.003627164685300745,0.0005996160604412204,,0.4225098003370884,0,False,False,False,False,False,1.9110290932752202e-07,2972,1550,0
110,True,110,110,1,0.04000000000000003,0.001,0.001,0,0,0,False,False,,,none,1.0,0.7450301698569,0.7073300165154296,1.0003575592963392,0.017349825184419656,0.018008610228584195,True,2,1,4,1,True,2,,,2,2,2,436,,,,,,,,,5,0.8,3.855801272986854e-07,6.790855445099564e-08,1.8120839289472358e-06,1.6229226647657659e-06,2.4639013266960508e-06,False,0.007442094966397198,0.0,0.007442094966397198,0.8615930287459805,0.8615930287459805,-0.9892915941920801,1.039481927635264,3.140290796624407,3.079369749343569,0.9806001892097624,0.00113187803520749,0.018008610228584195,0.016876732193376705,0.00113187803520749,0.018008610228584195,0.016876732193376705,0.01980259036182368,0.029946457970960398,0.010143867609136718,0.0030057936939553594,0.030902137489628917,0.02789634379567356,5.528706551231628,5.528707985537024,5.528706557367709,0.07655217270210907,0.00011537371754390752,1,none,0.48261740399294867,0.5178146833932715,0.48261740399294867,3.2409899259494694,3.195411063532474,0.3195410632086888,0.3020690574059809,481,0.48261740399294867,0.0,1.0,0.0,,0,False,0,False,-0.0036273358091439053,0.0005996404290839762,,-0.0036273358091439053,0.0005996404290839762,,0.4225021930397598,0,False,False,False,False,False,1.7285022547777368e-07,2972,1550,0
111,True,111,111,1,0.04100000000000003,0.001,0.001,0,0,0,False,False,,,none,1.0,0.7453288234673061,0.7076051401863566,1.000357967050444,0.01735648212160745,0.018259359465299815,True,2,1,4,1,True,2,,,2,2,2,457,,,,,,,,,5,0.8,3.566599483161419e-07,6.34310668349942e-08,1.8334311657026381e-06,1.6467130586420224e-06,2.4908559885799497e-06,False,0.0074482755366535,0.0,0.0074482755366535,0.8616106636943769,0.8616106636943769,-0.989327164577584,1.0394969797708886,3.140290796624407,3.079351234448531,0.9805942932923978,0.0011477428050284443,0.018259359465299815,0.017111616660271372,0.0011477428050284443,0.018259359465299815,0.017111616660271372,0.019802515101145557,0.029946635822887917,0.01014412072174236,0.0031225318811650316,0.031145139148251323,0.028022607267086292,5.529900698445141,5.529902133908152,5.529900704716346,0.07659557863758096,0.00011701704425891337,1,none,0.48365635550695063,0.5188912211965901,0.48365635550695063,3.290851309425616,3.247904115005057,0.3153537929291355,0.2978267451138702,482,0.48365635550695063,0.0,1.0,0.0,,0,False,0,False,-0.0028994970847476104,0.0010766559643027244,,-0.0028994970847476104,0.0010766559643027244,,0.4237315856319532,0,False,False,False,False,False,0.0008702258497487043,2972,1550,0
112,True,112,112,1,0.04200000000000003,0.001,0.001,0,0,0,False,False,,,none,1.0,0.7456313081456867,0.7078851130967402,1.0003583608588162,0.017362480565265327,0.01851343950659104,True,2,1,4,1,True,2,,,2,2,2,399,,,,,,,,,5,0.8,3.32726506219063e-07,5.977336899539185e-08,1.8552094770622751e-06,1.670509365320835e-06,2.519262496642242e-06,False,0.007453914004248156,0.0,0.007453914004248156,0.8616322215983202,0.8616322215983202,-0.989357354812788,1.039508621514983,3.140290796624407,3.0793328705312657,0.9805884454526737,0.0011633561815005008,0.01851343950659104,0.01735008332509054,0.0011633561815005008,0.01851343950659104,0.01735008332509054,0.019802456892425088,0.02994678677406394,0.010144329881638853,0.003242494479578606,0.031392044457787024,0.02814954997820842,5.531115721609704,5.5311171581063965,5.5311157280141074,0.0766319891389044,0.00011868651483904334,1,none,0.48363623760542884,0.5188912211965901,0.48363623760542884,3.290851309425616,3.247923306334881,0.3153537929291355,0.29781259715223274,482,0.48363623760542884,0.0,1.0,0.0,,0,False,0,False,-0.0028996074570463663,0.0010766971227368857,,-0.0028996074570463663,0.0010766971227368857,,0.42372437649664474,0,False,False,False,False,False,1.1779669365163866e-07,2972,1550,0
113,True,113,113,1,0.04300000000000003,0.001,0.001,0,0,0,False,False,,,none,1.0,0.745937680437183,0.7081698229761962,1.0003587430680856,0.017367906826411133,0.01877086847241826,True,2,1,4,1,True,2,,,2,2,2,416,,,,,,,,,5,0.8,3.130170211151433e-07,5.680435753788667e-08,1.8774092995175566e-06,1.6943502294069794e-06,2.548861465115273e-06,False,0.0074590877990889605,0.0,0.0074590877990889605,0.8616571680626546,0.8616571680626546,-0.9893828941621329,1.0395173658342445,3.140290796624407,3.0793146099628137,0.9805826305235367,0.001178726951306908,0.01877086847241826,0.017592141521111354,0.001178726951306908,0.01877086847241826,0.017592141521111354,0.019802413170828783,0.029946914470810663,0.01014450129998188,0.0033655705580669187,0.031642758343733646,0.02827718778566673,5.532350768540744,5.532352205964594,5.532350775076423,0.07666237572418694,0.00012038253034852779,1,none,0.4836171374143526,0.5188912211965901,0.4836171374143526,3.290851309425616,3.2479400629268045,0.3153537929291355,0.297799299275586,482,0.4836171374143526,0.0,1.0,0.0,,0,False,0,False,-0.0028997088469990442,0.0010767354782147648,,-0.0028997088469990442,0.0010767354782147648,,0.4237175821337499,0,False,False,False,False,False,1.0840233017501195e-07,2972,1550,0
114,True,114,114,1,0.04400000000000003,0.001,0.001,0,0,0,False,False,,,none,1.0,0.7462479968038505,0.7084591803407463,1.0003591154424825,0.0173728360620075,0.019031665663429214,True,2,1,4,1,True,2,,,2,2,2,367,,,,,,,,,5,0.8,2.9687985568661295e-07,5.441304956363726e-08,1.9000230320678828e-06,1.7182700627244217e-06,2.5794646652975763e-06,False,0.0074638622760618365,0.0,0.0074638622760618365,0.8616850649918724,0.8616850649918724,-0.9894044133008392,1.0395236357349182,3.140290796624407,3.0792964101602878,0.9805768349448134,0.0011938627351886035,0.019031665663429214,0.01783780292824061,0.0011938627351886035,0.019031665663429214,0.01783780292824061,0.019802381821325408,0.029947022066504195,0.010144640245178787,0.003491662892027144,0.031897199835462645,0.028405536943435502,5.533605226102586,5.53360666436202,5.533605232767556,0.07668756826041725,0.00012210554117399647,1,none,0.48359889404458545,0.5188912211965901,0.48359889404458545,3.290851309425616,3.2479547252381775,0.3153537929291355,0.2977867211551863,482,0.48359889404458545,0.0,1.0,0.0,,0,False,0,False,-0.002899802559594167,0.0010767714820350577,,-0.002899802559594167,0.0010767714820350577,,0.4237111326853367,0,False,False,False,False,False,1.0039086392855966e-07,2972,1550,0
115,True,115,115,1,0.04500000000000003,0.001,0.001,0,0,0,False,False,,,none,1.0,0.7465623137321633,0.708753115400539,1.0003594795500272,0.017377332988636574,0.019295852020351213,True,2,1,4,1,True,2,,,2,2,2,447,,,,,,,,,5,0.8,2.837600244802959e-07,5.250561244811727e-08,1.9230447236948565e-06,1.7422995595311092e-06,2.6109357240852435e-06,False,0.00746829263815648,0.0,0.00746829263815648,0.8617155503519208,0.8617155503519208,-0.9894224573274011,1.0395277833685297,3.140290796624407,3.0792782331633193,0.9805710466283338,0.0012087702267202767,0.019295852020351213,0.018087081793630937,0.0012087702267202767,0.019295852020351213,0.018087081793630937,0.019802361083157353,0.029947112286637004,0.01014475120347965,0.003620686875168177,0.03215530132317765,0.02853461444800947,5.534878664040161,5.534880103056561,5.534878670832652,0.0767082773654348,0.00012385604080249695,1,none,0.4835813679429809,0.5188912211965901,0.4835813679429809,3.290851309425616,3.247967585431664,0.3153537929291355,0.29777475003877635,482,0.4835813679429809,0.0,1.0,0.0,,0,False,0,False,-0.002899889723813475,0.0010768055052013457,,-0.002899889723813475,0.0010768055052013457,,0.42370496859851114,0,False,False,False,False,False,9.356910265595151e-08,2972,1550,0
116,True,116,116,1,0.046000000000000034,0.001,0.001,0,0,0,False,False,,,none,1.0,0.7468806878263847,0.7090515754117247,1.000359836790749,0.017381454024222472,0.01956345042451579,True,2,1,4,1,True,2,,,2,2,2,388,,,,,,,,,5,0.8,2.7318257588224277e-07,5.10029438503969e-08,1.9464698274999886e-06,1.7664665546635166e-06,2.6431759113157213e-06,False,0.007472425528294897,0.0,0.007472425528294897,0.8617483227655695,0.8617483227655695,-0.989437497150172,1.0395301033954185,3.140290796624407,3.079260045211353,0.9805652548233247,0.0012234553722395378,0.01956345042451579,0.01833999505227625,0.0012234553722395378,0.01956345042451579,0.01833999505227625,0.019802349483022907,0.029947187485750856,0.01014483800272795,0.003752569407420504,0.032417007702836245,0.02866443829541574,5.536170792590988,5.536172232296984,5.536170799509265,0.07672511246413062,0.00012563455848234854,1,none,0.4835644380531854,0.5188912211965901,0.4835644380531854,3.290851309425616,3.2479788945154566,0.3153537929291355,0.29776328834508947,482,0.4835644380531854,0.0,1.0,0.0,,0,False,0,False,-0.002899971319296306,0.0010768378736053935,,-0.002899971319296306,0.0010768378736053935,,0.42369903906345385,0,False,False,False,False,False,8.77811847664712e-08,2972,1550,0
117,True,117,117,1,0.047000000000000035,0.001,0.001,0,0,0,False,False,,,none,1.0,0.7472031758900253,0.7093545224067075,1.000360188430311,0.017385248709008136,0.01983448588880628,True,2,1,4,1,True,2,,,2,2,2,338,,,,,,,,,5,0.8,2.6474404685324544e-07,4.983797579960109e-08,1.9702949676116858e-06,1.7907950096377214e-06,2.676113274903612e-06,False,0.007476300350960811,0.0,0.007476300350960811,0.8617831298593933,0.8617831298593933,-0.9894499394164328,1.039530843577859,3.140290796624407,3.079241816316636,0.9805594499804303,0.0012379235075505798,0.01983448588880628,0.0185965623812557,0.0012379235075505798,0.01983448588880628,0.0185965623812557,0.01980234578211071,0.02994724969708216,0.010144903914971453,0.003887247875043557,0.03268227548468456,0.028795027609641,5.5374814304504225,5.537482870788206,5.537481437492746,0.07673859702970842,0.0001274416552768852,1,none,0.4835479993409648,0.5188912211965901,0.4835479993409648,3.290851309425616,3.247988868470984,0.3153537929291355,0.29775225157628005,482,0.4835479993409648,0.0,1.0,0.0,,0,False,0,False,-0.002900048199539087,0.0010768688736679888,,-0.002900048199539087,0.0010768688736679888,,0.4236933006906698,0,False,False,False,False,False,8.289496734439558e-08,2972,1550,0
118,True,118,118,1,0.048000000000000036,0.001,0.001,0,0,0,False,False,,,none,1.0,0.7475298349971076,0.7096619312454961,1.0003605357145413,0.01738876045380444,0.020108985664099046,True,2,1,4,1,True,2,,,2,2,2,356,,,,,,,,,5,0.8,2.5810145457374745e-07,4.8954857869986026e-08,1.994517790086701e-06,1.8153069504006013e-06,2.7096961966440485e-06,False,0.0074799503766401565,0.0,0.0074799503766401565,0.8618197592102721,0.8618197592102721,-0.9894601351560806,1.039530213029742,3.140290796624407,3.079223519858334,0.9805536236224632,0.0012521794646428897,0.020108985664099046,0.018856806199456157,0.0012521794646428897,0.020108985664099046,0.018856806199456157,0.01980234893485129,0.0299473006757804,0.010144951740929109,0.0040246692093325685,0.032951071889623276,0.02892640268029071,5.5388104805133205,5.538811921433412,5.5388104876779485,0.07674918126915162,0.00012927792082834276,1,none,0.4835319606470205,0.5188912211965901,0.4835319606470205,3.290851309425616,3.2479976933993324,0.3153537929291355,0.297741566522456,482,0.4835319606470205,0.0,1.0,0.0,,0,False,0,False,-0.0029001211044854215,0.0010768987576988086,,-0.0029001211044854215,0.0010768987576988086,,0.42368771639257646,0,False,False,False,False,False,7.879204590594179e-08,2972,1550,0
119,True,119,119,1,0.04900000000000004,0.001,0.001,0,0,0,False,False,,,none,1.0,0.7478607225547438,0.7099737879611434,1.0003608792105254,0.017392026378871016,0.02038697928618243,True,2,1,4,1,True,2,,,2,2,2,398,,,,,,,,,5,0.8,2.5296722846825265e-07,4.830708143020915e-08,2.0191367997688912e-06,1.8400218387424142e-06,2.7438877119928193e-06,False,0.0074834036715992385,0.0,0.0074834036715992385,0.8618580314129081,0.8618580314129081,-0.9894683872890142,1.0395283896323666,3.140290796624407,3.0792051321869978,0.980547768218449,0.0012662276542434003,0.02038697928618243,0.01912075163193903,0.0012662276542434003,0.02038697928618243,0.01912075163193903,0.019802358051838165,0.02994734193644507,0.010144983884606905,0.004164789003976776,0.033223373888046005,0.02905858488406923,5.540157911474058,5.540159352934287,5.540157918759493,0.07675725285308635,0.00013114397339742418,1,none,0.4835162428055755,0.5188912211965901,0.4835162428055755,3.290851309425616,3.248005529846449,0.3153537929291355,0.2977311697055109,482,0.4835162428055755,0.0,1.0,0.0,,0,False,0,False,-0.0029001906496693842,0.0010769277284110774,,-0.0029001906496693842,0.0010769277284110774,,0.42368225447903934,0,False,False,False,False,False,7.533813630410735e-08,2972,1550,0
120,True,120,120,1,0.05000000000000004,0.001,0.001,0,0,0,False,False,,,none,1.0,0.748195896358299,0.7102900883141074,1.0003612194685036,0.01739507890661667,0.02066849856088321,True,2,1,4,1,True,2,,,2,2,2,370,,,,,,,,,5,0.8,2.490981726364103e-07,4.7855869739626764e-08,2.0441512465179977e-06,1.864957290718482e-06,2.7786615660645756e-06,False,0.00748668386489947,0.0,0.00748668386489947,0.8618977943645256,0.8618977943645256,-0.9894749571479041,1.039525524338647,3.140290796624407,3.079186632287401,0.9805418770762604,0.0012800721342588505,0.02066849856088321,0.019388426426624358,0.0012800721342588505,0.02066849856088321,0.019388426426624358,0.019802372378306766,0.029947374785739517,0.010145002407432751,0.004307570700931814,0.03349916729724157,0.029191596596309755,5.541523743821541,5.54152518578571,5.541523751226157,0.07676314557610035,0.0001330404553816673,1,none,0.4845667918007678,0.5199677589999089,0.4845667918007678,3.340712692901761,3.2993734602206475,0.3112915157922557,0.2937326117476632,483,0.4845667918007678,0.0,1.0,0.0,,0,False,0,False,-0.0020331924517904337,0.0011984671867220759,,-0.0020331924517904337,0.0011984671867220759,,0.4236768877877871,0,False,False,False,False,False,0.0008754757078593779,2972,1550,0
121,True,121,121,1,0.05100000000000004,0.001,0.001,0,0,0,False,False,,,none,1.0,0.7485354146402314,0.7106108365904001,1.0003615572715199,0.01739794647363742,0.020953577552992413,True,2,1,4,1,True,2,,,2,2,2,387,,,,,,,,,5,0.8,2.4629412338591593e-07,4.756951405197559e-08,2.0695610185030617e-06,1.8901289675334574e-06,2.8139996405646716e-06,False,0.007489810816884555,0.0,0.007489810816884555,0.8619389192970213,0.8619389192970213,-0.9894800701279566,1.0395217473896787,3.140290796624407,3.0791680014307494,0.9805359442318653,0.0012937166585819272,0.020953577552992413,0.019659860894410484,0.0012937166585819272,0.020953577552992413,0.019659860894410484,0.019802391263051607,0.029947400350639784,0.010145009087588176,0.004452984762716255,0.03377844616308074,0.029325461400364485,5.542908039164042,5.542909481601499,5.542908046686282,0.07676714716194005,0.00013496803766911136,1,none,0.48455153355800173,0.5199677589999089,0.48455153355800173,3.340712692901761,3.2993813726860606,0.3112915157922557,0.2937226581742645,483,0.48455153355800173,0.0,1.0,0.0,,0,False,0,False,-0.0020332300978550635,0.0011984984945172862,,-0.0020332300978550635,0.0011984984945172862,,0.4236715929592194,0,False,False,False,False,False,4.8963294650568586e-08,2972,1550,0
122,True,122,122,1,0.05200000000000004,0.001,0.001,0,0,0,False,False,,,none,1.0,0.7488793361134616,0.7109360445182324,1.0003618932690175,0.017400653836771005,0.021242252511918504,True,2,1,4,1,True,2,,,2,2,2,384,,,,,,,,,5,0.8,2.443850065015084e-07,4.742141249363444e-08,2.0953665596160087e-06,1.9155511578110693e-06,2.8498894854211434e-06,False,0.007492801156896534,0.0,0.007492801156896534,0.8619812969952503,0.8619812969952503,-0.9894839205867613,1.0395171692420855,3.140290796624407,3.0791492229166195,0.9805299643671501,0.0013071647221390042,0.021242252511918504,0.0199350877897795,0.0013071647221390042,0.021242252511918504,0.0199350877897795,0.019802414153789572,0.029947419602933806,0.010145005449144234,0.004601008051299726,0.03406121188811068,0.029460203836810958,5.544310892049786,5.54431233493451,5.54431089968831,0.07676950515430928,0.0001369274126820565,1,none,0.4845364150028911,0.5199677589999089,0.4845364150028911,3.340712692901761,3.2993886264431938,0.3112915157922557,0.29371284796191527,483,0.4845364150028911,0.0,1.0,0.0,,0,False,0,False,-0.0020332665099129913,0.0011985292720807447,,-0.0020332665099129913,0.0011985292720807447,,0.42366634994792324,0,False,False,False,False,False,4.767700048225436e-08,2972,1550,0
123,True,123,123,1,0.05300000000000004,0.001,0.001,0,0,0,False,False,,,none,1.0,0.7492277200101223,0.7112657303492909,1.0003622277676332,0.017403222582053866,0.021534561775238707,True,2,1,4,1,True,2,,,2,2,2,369,,,,,,,,,5,0.8,2.4323084983180096e-07,4.738986330050108e-08,2.121568799067512e-06,1.9412367309480367e-06,2.886323138564379e-06,False,0.007495668746127862,0.0,0.007495668746127862,0.8620248348748979,0.8620248348748979,-0.9894866760797801,1.0395118843947744,3.140290796624407,3.079130281801482,0.9805239327234699,0.001320419597943866,0.021534561775238707,0.020214142177294843,0.001320419597943866,0.021534561775238707,0.020214142177294843,0.01980244057802613,0.0299474333803989,0.010144992802372767,0.0047516232060435745,0.03434747245026203,0.02959584924421846,5.545732423683045,5.545733866992843,5.545732431436405,0.07677043292050778,0.0001389192974026673,1,none,0.48558178295013255,0.5210442968017589,0.48558178295013255,3.3905740762758136,3.351874101987681,0.30734871740308406,0.28973748307681346,484,0.48558178295013255,0.0,1.0,0.0,,0,False,0,False,-0.0019312609248402775,0.0003369067442959035,,-0.0019312609248402775,0.0003369067442959035,,0.425330854324804,0,False,False,False,False,False,0.000867639625519931,2972,1550,0
124,True,124,124,1,0.05400000000000004,0.001,0.001,0,0,0,False,False,,,none,1.0,0.7495806261162665,0.7115999180684326,1.000362561149739,0.017405671450057916,0.02183054569027559,True,2,1,4,1,True,2,,,2,2,2,356,,,,,,,,,5,0.8,2.42715181302786e-07,4.7456837806261444e-08,2.1481690882895664e-06,1.9671973114610355e-06,2.9232958291612853e-06,False,0.007498425080581499,0.0,0.007498425080581499,0.8620694543790091,0.8620694543790091,-0.9894884810274048,1.039505973807077,3.140290796624407,3.0791111646719997,0.9805178450294567,0.0013334843700828444,0.02183054569027559,0.020497061320192744,0.0013334843700828444,0.02183054569027559,0.020497061320192744,0.01980247013096461,0.029947442405137022,0.010144972274172413,0.004904818078147415,0.034637241752790586,0.029732423674643172,5.5471727770778685,5.5471742207941475,5.547172784944661,0.07677011430200792,0.00014094443245493904,1,none,0.48662751605332766,0.5221208346050775,0.48662751605332766,3.4404354597519595,3.404315141886384,0.3035202030168124,0.2858886417804903,485,0.48662751605332766,0.0,1.0,0.0,,0,False,0,False,-0.0012715063924718468,0.0008976096879936131,,-0.0012715063924718468,0.0008976096879936131,,0.42532572794869555,0,False,False,False,False,False,0.0008658312965306599,2972,1550,0
125,True,125,125,1,0.05500000000000004,0.001,0.001,0,0,0,False,False,,,none,1.0,0.7499381148031554,0.7119386367059969,1.0003628936953908,0.017408016698787516,0.022130246538416092,True,2,1,4,1,True,2,,,2,2,2,351,,,,,,,,,5,0.8,2.4274142537744026e-07,4.760775293921154e-08,2.175169160940403e-06,1.9934439751711216e-06,2.960805575951655e-06,False,0.007501079624051831,0.0,0.007501079624051831,0.8621150888803073,0.8621150888803073,-0.9894894598833133,1.0394995065988328,3.140290796624407,3.0790918594457235,0.9805116974375532,0.0013463619605798755,0.022130246538416092,0.020783884577836215,0.0013463619605798755,0.022130246538416092,0.020783884577836215,0.019802502467005836,0.029947447299416566,0.01014494483241073,0.005060585210349987,0.034930539029617944,0.029869953819267957,5.548632113301633,5.548633557408829,5.548632121280606,0.07676870770689335,0.0001430035816885537,1,none,0.48661258670032076,0.5221208346050775,0.48661258670032076,3.4404354597519595,3.4043258420148805,0.3035202030168124,0.2858789723913824,485,0.48661258670032076,0.0,1.0,0.0,,0,False,0,False,-0.0012715212081507554,0.0008976321588370414,,-0.0012715212081507554,0.0008976321588370414,,0.42532058871334627,0,False,False,False,False,False,2.6915481528283584e-08,2972,1550,0
126,True,126,126,1,0.05600000000000004,0.001,0.001,0,0,0,False,False,,,none,1.0,0.750300247055596,0.7122819197481385,1.0003632256386117,0.017410272429882065,0.022433708421626727,True,2,1,4,1,True,2,,,2,2,2,351,,,,,,,,,5,0.8,2.4322903128141856e-07,4.78301213025083e-08,2.2025710723543943e-06,2.019986280296565e-06,2.99885177751763e-06,False,0.007503640088573206,0.0,0.007503640088573206,0.862161681950876,0.862161681950876,-0.98948971987226,1.039492541938823,3.140290796624407,3.079072355188725,0.9805054864659389,0.0013590551525592164,0.022433708421626727,0.02107465326906751,0.0013590551525592164,0.022433708421626727,0.02107465326906751,0.019802537290305882,0.029947448599361298,0.010144911309055416,0.005218921382314612,0.03522738830016792,0.030008466917853305,5.550110608550515,5.550112053035503,5.55011061664046,0.07676634969210318,0.00014509753289203747,1,none,0.4865976475343898,0.5221208346050775,0.4865976475343898,3.4404354597519595,3.4043361609185707,0.3035202030168124,0.2858693293103547,485,0.4865976475343898,0.0,1.0,0.0,,0,False,0,False,-0.001271535700028247,0.0008976545885917335,,-0.001271535700028247,0.0008976545885917335,,0.42531542951194395,0,False,False,False,False,False,2.670408973888748e-08,2972,1550,0
127,True,127,127,1,0.057000000000000044,0.001,0.001,0,0,0,False,False,,,none,1.0,0.7506670844977359,0.7126298046252719,1.000363556956761,0.01741245085158433,0.022740977191280105,True,2,1,4,1,True,2,,,2,2,2,320,,,,,,,,,5,0.8,2.441113964103744e-07,4.811392648216279e-08,2.2303771827995105e-06,2.0468335227518636e-06,3.037435624205464e-06,False,0.007506112680686175,0.0,0.007506112680686175,0.8622091857808735,0.8622091857808735,-0.9894893533556129,1.039485130253634,3.140290796624407,3.0790526419627184,0.9804992089498478,0.0013715666112037125,0.022740977191280105,0.02136941058007639,0.0013715666112037125,0.022740977191280105,0.02136941058007639,0.01980257434873183,0.029947446766778064,0.010144872418046232,0.005379827201641875,0.03552781786816947,0.030147990666527597,5.551608451861113,5.551609896713106,5.551608460060722,0.07676315798674968,0.00014722709747273186,1,none,0.4876481233549406,0.5231973724083961,0.4876481233549406,3.4902968432281054,3.4558487130224917,0.299801074755866,0.28221612914787736,486,0.4876481233549406,0.0,1.0,0.0,,0,False,0,False,-0.00040312154805284675,0.0008977467184802903,,-0.00040312154805284675,0.0008977467184802903,,0.42531024396662415,0,False,False,False,False,False,0.0008684141568624212,2972,1550,0
128,True,128,128,1,0.058000000000000045,0.001,0.001,0,0,0,False,False,,,none,1.0,0.7510386894166827,0.7129823322782152,1.0003638878164607,0.017414562522634777,0.023052100350585063,True,2,1,4,1,True,2,,,2,2,2,357,,,,,,,,,5,0.8,2.4533242740880203e-07,4.8450659956393294e-08,2.2585901143549646e-06,2.073994123108062e-06,3.0765591809255445e-06,False,0.0075085022992698045,0.0,0.0075085022992698045,0.8622575599664173,0.8622575599664173,-0.9894884398735819,1.0394773149077432,3.140290796624407,3.079032710682693,0.9804928619962322,0.001383898900760666,0.023052100350585063,0.021668201449824398,0.001383898900760666,0.023052100350585063,0.021668201449824398,0.019802613425461284,0.02994744219936791,0.010144828773906624,0.0055433067536443375,0.035831859893844756,0.030288553140200417,5.55312584330984,5.553127288519864,5.553125851617971,0.07675923415326368,0.00014939311184085754,1,none,0.4886990540837078,0.5242739102117147,0.4886990540837078,3.5401582267042513,3.5072360599376293,0.2961867106712872,0.2786804456455084,487,0.4886990540837078,0.0,1.0,0.0,,0,False,0,False,5.32944535594257e-05,0.0001611802887791998,,5.32944535594257e-05,0.0001611802887791998,,0.4253050263468615,0,False,False,False,False,False,0.0008665135151227275,2972,1550,0
129,True,129,129,1,0.059000000000000045,0.001,0.001,0,0,0,False,False,,,none,1.0,0.7514151247842558,0.7133395468013173,1.000364218368421,0.017416616580604317,0.023367126957622157,True,2,1,4,1,True,2,,,2,2,2,354,,,,,,,,,5,0.8,2.4684666097101885e-07,4.883357745954888e-08,2.287212731500259e-06,2.101476114622777e-06,3.1162255906443864e-06,False,0.0075108127183612814,0.0,0.0075108127183612814,0.8623067706812991,0.8623067706812991,-0.9894870479080954,1.0394691337395388,3.140290796624407,3.0790125529873813,0.9804864429425149,0.0013960544964448306,0.023367126957622157,0.021971072461177327,0.0013960544964448306,0.023367126957622157,0.021971072461177327,0.019802654331302308,0.029947435239540476,0.010144780908238168,0.005709367261333395,0.036139549979427296,0.0304301827180939,5.554662992595434,5.554664438156213,5.554663001010969,0.07675466574555921,0.00015159643935956977,1,none,0.48868396546710585,0.5242739102117147,0.48868396546710585,3.5401582267042513,3.5072488173605056,0.2961867106712872,0.2786708277144026,487,0.48868396546710585,0.0,1.0,0.0,,0,False,0,False,5.331671042967627e-05,0.00016118253139666138,,5.331671042967627e-05,0.00016118253139666138,,0.42529977151374765,0,False,False,False,False,False,2.2369568758240124e-08,2972,1550,0
130,True,130,130,1,0.060000000000000046,0.001,0.001,0,0,0,False,False,,,none,1.0,0.7517964542771471,0.71370149510828,1.0003645487204418,0.01741862088919802,0.02368610755788146,True,2,1,4,1,True,2,,,2,2,2,355,,,,,,,,,5,0.8,2.4861639302841177e-07,4.925692974116828e-08,2.3162481163969086e-06,2.1292870261457217e-06,3.1564386470252675e-06,False,0.007513046732699727,0.0,0.007513046732699727,0.8623567897032071,0.8623567897032071,-0.9894852364059372,1.0394606186594006,3.140290796624407,3.078992161151386,0.9804799493286058,0.0014080357979662339,0.02368610755788146,0.022278071759915228,0.0014080357979662339,0.02368610755788146,0.022278071759915228,0.019802696906702996,0.029947426182029682,0.010144729275326687,0.0058780188091225784,0.03645092682029658,0.030572908011174002,5.556220117907334,5.5562215638131285,5.556220126429148,0.07674952795766822,0.00015383796791735633,1,none,0.48866877942015674,0.5242739102117147,0.48866877942015674,3.5401582267042513,3.507261415158199,0.2961867106712872,0.2786611669766936,487,0.48866877942015674,0.0,1.0,0.0,,0,False,0,False,5.3339060783521525e-05,0.00016118490081119743,,5.3339060783521525e-05,0.00016118490081119743,,0.42529447482340144,0,False,False,False,False,False,2.247559659389919e-08,2972,1550,0
131,True,131,131,1,0.06100000000000005,0.001,0.001,0,0,0,False,False,,,none,1.0,0.7521827422956897,0.7140682266394769,1.0003648791110786,0.017420582223917236,0.024009094105366394,True,2,1,4,1,True,2,,,2,2,2,344,,,,,,,,,5,0.8,2.506066313292755e-07,4.9715676623797655e-08,2.345699554972056e-06,2.1574341949339394e-06,3.197202533439933e-06,False,0.007515206279351084,0.0,0.007515206279351084,0.8624075934903068,0.8624075934903068,-0.9894830560927623,1.0394517963605299,3.140290796624407,3.078971527994567,0.9804733788680481,0.0014198451420954037,0.024009094105366394,0.02258924896327099,0.0014198451420954037,0.024009094105366394,0.02258924896327099,0.019802741018197352,0.02994741528046381,0.010144674262266458,0.006049274091340899,0.03676603189639007,0.03071675780504917,5.557797445016169,5.557798891262231,5.557797453643206,0.07674388555317317,0.00015611861101648297,1,none,0.48865348018031785,0.5242739102117147,0.48865348018031785,3.5401582267042513,3.507273896751253,0.2961867106712872,0.27865145099329247,487,0.48865348018031785,0.0,1.0,0.0,,0,False,0,False,5.3361514130969555e-05,0.00016118739383497586,,5.3361514130969555e-05,0.00016118739383497586,,0.4252891320853596,0,False,False,False,False,False,2.2591325308218946e-08,2972,1550,0
132,True,132,132,1,0.06200000000000005,0.001,0.001,0,0,0,False,False,,,none,1.0,0.7525740539814789,0.7144397931398256,1.0003652091595832,0.017422506513850796,0.024336139923204467,True,2,1,4,1,True,2,,,2,2,2,362,,,,,,,,,5,0.8,2.527916168977586e-07,5.0205859286731443e-08,2.375570512505698e-06,2.1859241670988727e-06,3.238521877967476e-06,False,0.007517292555434546,0.0,0.007517292555434546,0.8624591626764689,0.8624591626764689,-0.9894805506035061,1.0394426902044314,3.140290796624407,3.0789506467856933,0.980466729417336,0.0014314848112800824,0.024336139923204467,0.022904655111924386,0.0014314848112800824,0.024336139923204467,0.022904655111924386,0.01980278654897785,0.02994740275301753,0.010144616204039683,0.00622314817305284,0.037084909170035804,0.030861760996982963,5.559395206552305,5.55939665313527,5.559395215283561,0.07673779452244439,0.0001584393111548509,1,none,0.488638053724867,0.5242739102117147,0.488638053724867,3.5401582267042513,3.507286300041815,0.2961867106712872,0.2786416687562925,487,0.488638053724867,0.0,1.0,0.0,,0,False,0,False,5.338410245950868e-05,0.0001611899984649488,,5.338410245950868e-05,0.0001611899984649488,,0.4252837395390536,0,False,False,False,False,False,2.27380008683133e-08,2972,1550,0
133,True,133,133,1,0.06300000000000004,0.001,0.001,0,0,0,False,False,,,none,1.0,0.7529704552339669,0.7148162484584326,1.0003655387833956,0.017424398716678967,0.024667299598002033,True,2,1,4,1,True,2,,,2,2,2,363,,,,,,,,,5,0.8,2.551489492286399e-07,5.072419589431135e-08,2.4058646284878424e-06,2.2147635347169016e-06,3.280401813141532e-06,False,0.00751930609581764,0.0,0.00751930609581764,0.8625114814432455,0.8625114814432455,-0.9894777574602431,1.0394333202956771,3.140290796624407,3.0789295111812844,0.98045999895644,0.001442957042230964,0.024667299598002033,0.02322434255577107,0.001442957042230964,0.024667299598002033,0.02322434255577107,0.019802833398521614,0.029947388787301216,0.010144555388779602,0.0063996583207785685,0.03740760485022009,0.031007946529441523,5.5610136414210265,5.561015088338233,5.561013650255431,0.07673130293941699,0.00016080103895561943,1,none,0.49182195724356825,0.5275035236216706,0.49182195724356825,3.590019610180397,3.5580646583864226,0.29387222405459995,0.27645476092422044,490,0.49182195724356825,0.0,1.0,0.0,,0,False,0,False,0.0006495576945546102,0.0012012470413214449,,0.0006495576945546102,0.0012012470413214449,,0.42549495125661757,0,False,False,False,False,False,0.0011988084101752772,2972,1550,0
134,True,134,134,1,0.06400000000000004,0.001,0.001,0,0,0,False,False,,,none,1.0,0.7533720127262037,0.7151976483767456,1.0003658679690604,0.017426263335467037,0.025002628930337584,True,2,1,4,1,True,2,,,2,2,2,361,,,,,,,,,5,0.8,2.576597780790561e-07,5.126782703452601e-08,2.436585700437993e-06,2.2439584577912766e-06,3.3228476322576845e-06,False,0.007521246861012662,0.0,0.007521246861012662,0.862564537168349,0.862564537168349,-0.989474708917511,1.0394237039044156,3.140290796624407,3.0789081151655884,0.9804531855696929,0.001454264031595709,0.025002628930337584,0.023548364898741875,0.001454264031595709,0.025002628930337584,0.023548364898741875,0.019802881480477926,0.029947373544587555,0.010144492064109629,0.006578823814159406,0.03773416717035419,0.031155343356194784,5.562652994329328,5.5626544415790145,5.562653003265979,0.07672445205944069,0.0001632047945102284,1,none,0.49180627958006345,0.5275035236216706,0.49180627958006345,3.590019610180397,3.5580780148304316,0.29387222405459995,0.27644491072436567,490,0.49180627958006345,0.0,1.0,0.0,,0,False,0,False,0.0006495959901499511,0.001201280971577016,,0.0006495959901499511,0.001201280971577016,,0.4254894461542226,0,False,False,False,False,False,5.1164586049686326e-08,2972,1550,0
135,True,135,135,1,0.06500000000000004,0.001,0.001,0,0,0,False,False,,,none,1.0,0.753778793919867,0.7155840504466386,1.0003661966778183,0.017428104336247852,0.025342184894714265,True,2,1,4,1,True,2,,,2,2,2,359,,,,,,,,,5,0.8,2.6030682212515896e-07,5.183423006201538e-08,2.467737676587688e-06,2.273515040884378e-06,3.3658648681474005e-06,False,0.007523114295724585,0.0,0.007523114295724585,0.8626183199316948,0.8626183199316948,-0.9894714326883536,1.0394138551910528,3.140290796624407,3.0788864530060587,0.9804462874316118,0.0014654079426380687,0.025342184894714265,0.023876776952076195,0.0014654079426380687,0.025342184894714265,0.023876776952076195,0.019802930724044734,0.029947357163441768,0.010144426439397034,0.006760665785460657,0.0380646461983115,0.031303980412850846,5.564313515397437,5.564314962978509,5.56431352443531,0.07671727722181529,0.00016565160691199332,1,none,0.4917904410356743,0.5275035236216706,0.4917904410356743,3.590019610180397,3.5580913880842924,0.29387222405459995,0.2764349688614708,490,0.4917904410356743,0.0,1.0,0.0,,0,False,0,False,0.0006496345657155323,0.0012013152696495834,,0.0006496345657155323,0.0012013152696495834,,0.42548388083929767,0,False,False,False,False,False,5.161813675202751e-08,2972,1550,0
136,True,136,136,1,0.06600000000000004,0.001,0.001,0,0,0,False,False,,,none,1.0,0.7541908670796398,0.715975513868943,1.0003665248781286,0.017429924372964516,0.025686025596173577,True,2,1,4,1,True,2,,,2,2,2,359,,,,,,,,,5,0.8,2.6307700585164376e-07,5.242158857174063e-08,2.4993246509420436e-06,2.303439317325211e-06,3.4094594781816156e-06,False,0.007524907388346229,0.0,0.007524907388346229,0.862672822238419,0.862672822238419,-0.9894679525676873,1.0394037863722356,3.140290796624407,3.0788645191979866,0.9804393027892674,0.0014763909102733647,0.025686025596173577,0.024209634685900212,0.0014763909102733647,0.025686025596173577,0.024209634685900212,0.019802981068138825,0.029947339762838435,0.01014435869469961,0.0069452070982369595,0.03839909366126393,0.031453886563026966,5.565995459845084,5.5659969077570075,5.56599546898327,0.07670980886242929,0.00016814253705637347,1,none,0.49177443252647884,0.5275035236216706,0.49177443252647884,3.590019610180397,3.5581048010997174,0.29387222405459995,0.27642492844757366,490,0.49177443252647884,0.0,1.0,0.0,,0,False,0,False,0.0006496734433524309,0.0012013499552935936,,0.0006496734433524309,0.0012013499552935936,,0.4254782526082537,0,False,False,False,False,False,5.210148319594476e-08,2972,1550,0
137,True,137,137,1,0.06700000000000005,0.001,0.001,0,0,0,False,False,,,none,1.0,0.754608301287098,0.7163720993829259,1.0003668524381035,0.017431725828568997,0.026034210226344674,True,2,1,4,1,True,2,,,2,2,2,360,,,,,,,,,5,0.8,2.6595884279757164e-07,5.3028227532697816e-08,2.5313508493060545e-06,2.3337370923964136e-06,3.453637508148015e-06,False,0.007526624719241967,0.0,0.007526624719241967,0.8627280385953501,0.8627280385953501,-0.9894642889760269,1.0393935076572867,3.140290796624407,3.078842308431574,0.9804322299517975,0.0014872150465693817,0.026034210226344674,0.024546995179775294,0.0014872150465693817,0.026034210226344674,0.024546995179775294,0.019803032461713565,0.029947321444880135,0.01014428898316657,0.007132472216300487,0.038737562798648775,0.03160509058234829,5.567699087734616,5.567700535977463,5.567699096972231,0.07670207301935626,0.00017067867742650135,1,none,0.49281896223893656,0.5285800614244525,0.49281896223893656,3.6398809936193586,3.61054295160803,0.2904381007791426,0.2729888378807124,491,0.49281896223893656,0.0,1.0,0.0,,0,False,0,False,0.0006412937368680603,0.0003428465312932097,,0.0006412937368680603,0.0003428465312932097,,0.4270000887546938,0,False,False,False,False,False,0.0008585443194740427,2972,1550,0
138,True,138,138,1,0.06800000000000005,0.001,0.001,0,0,0,False,False,,,none,1.0,0.7550311664541371,0.7167738691702178,1.0003671792346416,0.017433510778769083,0.026386799025035258,True,2,1,4,1,True,2,,,2,2,2,359,,,,,,,,,5,0.8,2.6894235186351e-07,5.365257243201841e-08,2.5638206229732904e-06,2.3644138492242053e-06,3.49840501147892e-06,False,0.007528264497466319,0.0,0.007528264497466319,0.8627839652141636,0.8627839652141636,-0.9894604594248485,1.0393830274839468,3.140290796624407,3.0788198155577655,0.9804250672795275,0.0014978824447631303,0.026386799025035258,0.024888916580272126,0.0014978824447631303,0.026386799025035258,0.024888916580272126,0.019803084862580263,0.02994730229712424,0.010144217434543978,0.007322487102877383,0.039080108231000006,0.03175762112812262,5.569424663759313,5.569426112333437,5.56942467309533,0.0766940919992264,0.0001732611532972737,1,none,0.4928025983522953,0.5285800614244525,0.4928025983522953,3.6398809936193586,3.6105590127001883,0.2904381007791426,0.2729785590645968,491,0.4928025983522953,0.0,1.0,0.0,,0,False,0,False,0.0006413330190508496,0.00034286047370237464,,0.0006413330190508496,0.00034286047370237464,,0.4269943712282684,0,False,False,False,False,False,4.168309798960949e-08,2972,1550,0
139,True,139,139,1,0.06900000000000005,0.001,0.001,0,0,0,False,False,,,none,1.0,0.7554595333360241,0.7171808867730971,1.0003675051807581,0.017435280963823997,0.02674385324810056,True,2,1,4,1,True,2,,,2,2,2,362,,,,,,,,,5,0.8,2.7201947712681934e-07,5.429346595147414e-08,2.596738450489153e-06,2.395475228335052e-06,3.5437684075284957e-06,False,0.007529824594070312,0.0,0.007529824594070312,0.8628405997333372,0.8628405997333372,-0.9894564789181818,1.0393723527338146,3.140290796624407,3.0787970355603114,0.9804178131750737,0.001508395183111651,0.02674385324810056,0.02523545806498891,0.001508395183111651,0.02674385324810056,0.02523545806498891,0.01980313823633093,0.029947282394590907,0.010144144158259979,0.007515279133841774,0.039426785846146305,0.03191150671230453,5.571172457070243,5.5711739059766,5.57117246650388,0.07668588493832472,0.00017589112368266368,1,none,0.4938547240789666,0.5296565992277712,0.4938547240789666,3.5900196101432127,3.5587456603208105,0.29507170252289633,0.2775442648713744,492,0.4938547240789666,0.0,1.0,0.0,,0,False,0,False,0.0014813093162968098,0.0005239558406088254,,0.0014813093162968098,0.0005239558406088254,,0.4269885848159213,0,False,False,False,False,False,0.0008592762721325521,2972,1550,0
140,True,140,140,1,0.07000000000000005,0.001,0.001,0,0,0,False,False,,,none,1.0,0.7558934735441378,0.7175932170274268,1.000367830210865,0.017437037814684638,0.027105435140942068,True,2,1,4,1,True,2,,,2,2,2,362,,,,,,,,,5,0.8,2.751824020938037e-07,5.494981589444543e-08,2.630108928818663e-06,2.426926747285995e-06,3.5897341476539433e-06,False,0.007531302572240601,0.0,0.007531302572240601,0.862897941016812,0.862897941016812,-0.98945236029889,1.0393614890653091,3.140290796624407,3.0787739635275786,0.9804104660743664,0.0015187553275804557,0.027105435140942068,0.025586679813361612,0.0015187553275804557,0.027105435140942068,0.025586679813361612,0.019803192554673454,0.029947261801494447,0.010144069246820993,0.007710877017787066,0.039777652695986404,0.032066775678199336,5.572942741134254,5.572944190374019,5.572942750664624,0.07667746827437774,0.00017856978269006985,1,none,0.49383798370002385,0.5296565992277712,0.49383798370002385,3.5900196101432127,3.5587599463922475,0.29507170252289633,0.27753374273005427,492,0.49383798370002385,0.0,1.0,0.0,,0,False,0,False,0.0014813756073887786,0.0005239760078218344,,0.0014813756073887786,0.0005239760078218344,,0.4269827275427431,0,False,False,False,False,False,6.929087497624939e-08,2972,1550,0
141,True,141,141,1,0.07100000000000005,0.001,0.001,0,0,0,False,False,,,none,1.0,0.7563330595584711,0.718010926012109,1.0003681542268046,0.017438782484786107,0.02747160792069088,True,2,1,4,1,True,2,,,2,2,2,360,,,,,,,,,5,0.8,2.7842580498543597e-07,5.5620864213676636e-08,2.6639367696786156e-06,2.458773859389076e-06,3.636308927178555e-06,False,0.00753269571503874,0.0,0.00753269571503874,0.8629559889754218,0.8629559889754218,-0.9894481145473879,1.0393504412744314,3.140290796624407,3.0787505946284877,0.980403024438988,0.0015289649339612285,0.02747160792069088,0.02594264298672965,0.0015289649339612285,0.02747160792069088,0.02594264298672965,0.019803247793627844,0.02994724057273694,0.010143992779109098,0.007909310722316387,0.040132766903021956,0.03222345618070557,5.574735793621752,5.574737243196362,5.574735803247924,0.07666885611137632,0.00018129836107383455,1,none,0.4959629159888542,0.5318096748344084,0.4959629159888542,3.49029684319092,3.4534095857691156,0.30473607187417,0.2872308677387292,494,0.4959629159888542,0.0,1.0,0.0,,0,False,0,False,0.0007687473160660974,0.0018768336131692236,,0.0007687473160660974,0.0018768336131692236,,0.4269767975420335,0,False,False,False,False,False,0.001529072523440192,2972,1550,0
142,True,142,142,1,0.07200000000000005,0.001,0.001,0,0,0,False,False,,,none,1.0,0.756778364739894,0.7184340810059893,1.0003684770476877,0.01744051590119508,0.027842435744973977,True,2,1,4,1,True,2,,,2,2,2,359,,,,,,,,,5,0.8,2.8174482405857176e-07,5.630591588891687e-08,2.698226794227089e-06,2.491021928568636e-06,3.6834995023404963e-06,False,0.007534001040381247,0.0,0.007534001040381247,0.8630147445647408,0.8630147445647408,-0.9894437510386048,1.039339213414611,3.140290796624407,3.078726924092269,0.9803954867497255,0.001539026048651052,0.027842435744973977,0.026303409696322926,0.001539026048651052,0.027842435744973977,0.026303409696322926,0.01980330393292695,0.02994721875519302,0.010143914822266072,0.008110611416240289,0.04049218758077519,0.0323815761645349,5.57655189631391,5.576553346225112,5.576551906035108,0.07666006047616286,0.00018407812729629352,1,none,0.49594579583227744,0.5318096748344084,0.49594579583227744,3.49029684319092,3.453418342243681,0.30473607187417,0.28722022453269425,494,0.49594579583227744,0.0,1.0,0.0,,0,False,0,False,0.000768790265863711,0.0018769004523486229,,0.000768790265863711,0.0018769004523486229,,0.42697079303975083,0,False,False,False,False,False,7.944910961001996e-08,2972,1550,0
143,True,143,143,1,0.07300000000000005,0.001,0.001,0,0,0,False,False,,,none,1.0,0.7572294633422709,0.7188627504390925,1.0003687984535077,0.01744223888278046,0.028217983692694494,True,2,1,4,1,True,2,,,2,2,2,359,,,,,,,,,5,0.8,2.8513565892054164e-07,5.7004390794292226e-08,2.7329839340236266e-06,2.52367641476645e-06,3.7313128620684682e-06,False,0.007535215314932624,0.0,0.007535215314932624,0.8630742094946845,0.8630742094946845,-0.9894392777655217,1.0393278082924642,3.140290796624407,3.078702947201698,0.9803878515044173,0.0015489407114279736,0.028217983692694494,0.02666904298126652,0.0015489407114279736,0.028217983692694494,0.02666904298126652,0.019803360958537682,0.029947196388827604,0.010143835430289922,0.00831481143203556,0.040855974734391266,0.03254116330235571,5.578391335027778,5.578392785277501,5.578391344843056,0.07665109154222283,0.00018691038752286112,1,none,0.49913150561266123,0.5350392882443642,0.49913150561266123,3.4404354597147746,3.400392552104251,0.31102998123889875,0.29357287311065644,497,0.49913150561266123,0.0,1.0,0.0,,0,False,0,False,-2.3028645745509223e-05,0.0019888251084803645,,-2.3028645745509223e-05,0.0019888251084803645,,0.42768270695075833,0,False,False,False,False,False,0.0007996901383862493,2972,1550,0
144,True,144,144,1,0.07400000000000005,0.001,0.001,0,0,0,False,False,,,none,1.0,0.7576864305244326,0.7192970038596969,1.0003691180736614,0.01744395216910836,0.028598317765917973,True,2,1,4,1,True,2,,,2,2,2,358,,,,,,,,,5,0.8,2.885932892366532e-07,5.7715639353871214e-08,2.7682132256177543e-06,2.5567426478956016e-06,3.779755893132746e-06,False,0.0075363350740257,0.0,0.0075363350740257,0.8631343861668349,0.8631343861668349,-0.9894347015304801,1.0393162280850792,3.140290796624407,3.0786786592699737,0.9803801172105902,0.0015587109560809284,0.028598317765917973,0.027039606809837045,0.0015587109560809284,0.028598317765917973,0.027039606809837045,0.019803418859574606,0.0299471735076524,0.010143754648077794,0.008521944214870996,0.04122418917459286,0.03270224495972186,5.580254399554349,5.580255850144786,5.580254409462911,0.07664195807308137,0.0001897964880893657,1,none,0.49911399499974374,0.5350392882443642,0.49911399499974374,3.4404354597147746,3.4003981504095426,0.31102998123889875,0.2935620906273171,497,0.49911399499974374,0.0,1.0,0.0,,0,False,0,False,-2.301879375037669e-05,0.0019888938214367214,,-2.301879375037669e-05,0.0019888938214367214,,0.4276766043672991,0,False,False,False,False,False,6.941564794337696e-08,2972,1550,0
145,True,145,145,1,0.07500000000000005,0.001,0.001,0,0,0,False,False,,,none,1.0,0.7581493423620423,0.719736911923669,1.0003694357497785,0.017445655930694522,0.028983504876725897,True,2,1,4,1,True,2,,,2,2,2,365,,,,,,,,,5,0.8,2.9211579197066225e-07,5.84394678804813e-08,2.8039198102132274e-06,2.5902260141920435e-06,3.8288358431810814e-06,False,0.0075373566272072465,0.0,0.0075373566272072465,0.8631952776768463,0.8631952776768463,-0.9894300281063615,1.0393044750094966,3.140290796624407,3.0786540556219237,0.980372282379473,0.001568338810364709,0.028983504876725897,0.02741516606636119,0.001568338810364709,0.028983504876725897,0.02741516606636119,0.01980347762495252,0.029947150140531804,0.010143672515579284,0.00873204424988935,0.0415968925899316,0.032864848340042246,5.582141383618218,5.582142834551609,5.582141393619191,0.07663266756663112,0.00019273781775019043,1,none,0.5001589473883261,0.5361158260476828,0.5001589473883261,3.4902968431909205,3.4524844491547726,0.3072035704318786,0.28973856638848794,498,0.5001589473883261,0.0,1.0,0.0,,0,False,0,False,-0.0005605506602099322,0.0013296076681432148,,-0.0005605506602099322,0.0013296076681432148,,0.4276704222339899,0,False,False,False,False,False,0.0008506460717501977,2972,1550,0
146,True,146,146,1,0.07600000000000005,0.001,0.001,0,0,0,False,False,,,none,1.0,0.7586182758593769,0.7201825463727173,1.0003697513653025,0.017447350291497642,0.029373612833468794,True,2,1,4,1,True,2,,,2,2,2,360,,,,,,,,,5,0.8,2.957011965684043e-07,5.9175597876359935e-08,2.8401089291294463e-06,2.6241318893753406e-06,3.878560022894246e-06,False,0.007538276066712927,0.0,0.007538276066712927,0.8632568877587836,0.8632568877587836,-0.9894252623814643,1.0392925506975526,3.140290796624407,3.0786291315917684,0.9803643455252868,0.0015778262957382506,0.029373612833468794,0.027795786537730544,0.0015778262957382506,0.029373612833468794,0.027795786537730544,0.019803537246512237,0.02994712631190732,0.010143589065395083,0.008945147044169939,0.04197414751058159,0.03302900046641165,5.584052584843986,5.584054036122846,5.584052594936554,0.0766232262048697,0.00019573580764710414,1,none,0.5001409927199001,0.5361158260476828,0.5001409927199001,3.4902968431909205,3.4524925798988293,0.3072035704318786,0.2897274830548983,498,0.5001409927199001,0.0,1.0,0.0,,0,False,0,False,-0.0005605559385921324,0.0013296595255685546,,-0.0005605559385921324,0.0013296595255685546,,0.42766415895958837,0,False,False,False,False,False,5.2125366967722076e-08,2972,1550,0
147,True,147,147,1,0.07700000000000005,0.001,0.001,0,0,0,False,False,,,none,1.0,0.7590933089610747,0.720633980002084,1.000370064951751,0.017449035320896106,0.02976873240197688,True,2,1,4,1,True,2,,,2,2,2,359,,,,,,,,,5,0.8,2.99347276661814e-07,5.992365821228503e-08,2.8767859231077345e-06,2.6584656411551746e-06,3.928935790955586e-06,False,0.007539089273121309,0.0,0.007539089273121309,0.863319220568123,0.863319220568123,-0.9894204084834142,1.0392804556717647,3.140290796624407,3.0786038825207966,0.9803563051645027,0.0015871754293080007,0.02976873240197688,0.02818155697266888,0.0015871754293080007,0.02976873240197688,0.02818155697266888,0.01980359772164118,0.02994710204241707,0.01014350432077589,0.009161289143741733,0.04235601718909846,0.033194728045356725,5.585988304727878,5.58598975635468,5.585988314911114,0.07661363908501287,0.0001987919317852443,1,none,0.5022587361778658,0.5382689016543201,0.5022587361778658,3.4902968431909205,3.451653555869521,0.308437319710733,0.29102499891611494,500,0.5022587361778658,0.0,1.0,0.0,,0,False,0,False,-0.0006652665055648941,0.0012557682652834777,,-0.0006652665055648941,0.0012557682652834777,,0.4276578130124247,0,False,False,False,False,False,0.00012815701768640757,2972,1550,0
148,True,148,148,1,0.07800000000000006,0.001,0.001,0,0,0,False,False,,,none,1.0,0.759574520563811,0.7210912866481274,1.000370376327835,0.017450710994493544,0.030169006539301227,True,2,1,4,1,True,2,,,2,2,2,359,,,,,,,,,5,0.8,3.030510343294914e-07,6.068333010653867e-08,2.913956233725949e-06,2.693232681465271e-06,3.97997055322573e-06,False,0.007539791926585118,0.0,0.007539791926585118,0.8633822806640238,0.8633822806640238,-0.9894154698820214,1.0392681901336311,3.140290796624407,3.0785783037389245,0.9803481598099707,0.0015963882239777788,0.030169006539301227,0.02857261831532345,0.0015963882239777788,0.030169006539301227,0.02857261831532345,0.019803659049331845,0.029947077349410108,0.010143418300078262,0.009380508118328603,0.042742565558691256,0.03336205744036265,5.587948848618397,5.587950300595745,5.587948858891391,0.07660391061223726,0.00020190770989607167,1,none,0.502240340851121,0.5382689016543201,0.502240340851121,3.4902968431909205,3.4516611113100795,0.308437319710733,0.29101370305759566,500,0.502240340851121,0.0,1.0,0.0,,0,False,0,False,-0.0006652749318766983,0.0012558176933937318,,-0.0006652749318766983,0.0012558176933937318,,0.42765138291806437,0,False,False,False,False,False,5.014120874002814e-08,2972,1550,0
149,True,149,149,1,0.07900000000000006,0.001,0.001,0,0,0,False,False,,,none,1.0,0.7600619905279757,0.7215545411921087,1.000370685172041,0.01745237714456447,0.030574534014115896,True,2,1,4,1,True,2,,,2,2,2,360,,,,,,,,,5,0.8,3.0681249169421324e-07,6.145465362871881e-08,2.951625399352963e-06,2.728438410515043e-06,4.031672015131145e-06,False,0.0075403795104926966,0.0,0.0075403795104926966,0.8634460730335448,0.8634460730335448,-0.9894104494801722,1.0392557544804213,3.140290796624407,3.0785523905528205,0.9803399079671375,0.0016054666879986158,0.030574534014115896,0.02896906732611728,0.0016054666879986158,0.030574534014115896,0.02896906732611728,0.019803721227597892,0.02994705224740086,0.010143331019802967,0.009602842479204331,0.04313385713265943,0.0335310146534551,5.589934525711901,5.589935978042708,5.589934536073869,0.07659404453611371,0.00020508470944005801,1,none,0.5032892933736186,0.5393454394576387,0.5032892933736186,3.4404354597147746,3.4002212522497355,0.3135332406452714,0.2960332613888701,501,0.5032892933736186,0.0,1.0,0.0,,0,False,0,False,-0.0011178248462067576,0.001968450526057484,,-0.0011178248462067576,0.001968450526057484,,0.4276448672233212,0,False,False,False,False,False,0.0008441842092520492,2972,1550,0
150,True,150,150,1,0.08000000000000006,0.001,0.001,0,0,0,False,False,,,none,1.0,0.760555799689341,0.7220238195453678,1.0003709911783523,0.017454033496954024,0.030985264061098597,True,2,1,4,1,True,2,,,2,2,2,363,,,,,,,,,5,0.8,3.1063017269973753e-07,6.223740382184363e-08,2.9897990525338917e-06,2.7640882348593766e-06,4.08404783802131e-06,False,0.0075408473035514685,0.0,0.0075408473035514685,0.8635106029466765,0.8635106029466765,-0.9894053496929456,1.0392431484717344,3.140290796624407,3.078526138250775,0.9803315481355979,0.0016144128255203307,0.030985264061098597,0.029370851235578265,0.0016144128255203307,0.030985264061098597,0.029370851235578265,0.01980378425764133,0.029947026748464726,0.010143242490823396,0.009828331703536052,0.043529956999304245,0.033701625295768194,5.591945649047128,5.591947101734135,5.591945659497078,0.07658404382521404,0.0002083245454150959,1,none,0.5032704247961821,0.5393454394576387,0.5032704247961821,3.4404354597147746,3.400227083056763,0.3135332406452714,0.29602165532059,501,0.5032704247961821,0.0,1.0,0.0,,0,False,0,False,-0.001117848666437469,0.001968525057674149,,-0.001117848666437469,0.001968525057674149,,0.4276382645038134,0,False,False,False,False,False,7.824554475382817e-08,2972,1550,0
151,True,151,151,1,0.08100000000000006,0.001,0.001,0,0,0,False,False,,,none,1.0,0.7610560298707202,0.7224991986435402,1.0003712939956964,0.017455679768271747,0.03140126885423106,True,2,1,4,1,True,2,,,2,2,2,368,,,,,,,,,5,0.8,3.1450300195747926e-07,6.303152241467503e-08,3.028482924352136e-06,2.8001876999800115e-06,4.1371058832558285e-06,False,0.0075411903848165256,0.0,0.0075411903848165256,0.8635758759428848,0.8635758759428848,-0.9894001725163785,1.0392303716223048,3.140290796624407,3.0784995420914285,0.9803230788055043,0.0016232286357532623,0.03140126885423106,0.029778040218477794,0.0016232286357532623,0.03140126885423106,0.029778040218477794,0.01980384814188848,0.02994700086258189,0.01014315272069341,0.010057016170700005,0.04393093085535868,0.033873914684658675,5.593982535505003,5.593983988551173,5.593982546042151,0.07657391095057102,0.00021162888283410096,1,none,0.5043203441424121,0.5404219772609573,0.5043203441424121,3.3905740762386287,3.348264793984226,0.31877904160730236,0.3012428079454865,502,0.5043203441424121,0.0,1.0,0.0,,0,False,0,False,-0.00027030424604454365,0.0019076649270569053,,-0.00027030424604454365,0.0019076649270569053,,0.4276315733337579,0,False,False,False,False,False,0.0008497267207978857,2972,1550,0
152,True,152,152,1,0.08200000000000006,0.001,0.001,0,0,0,False,False,,,none,1.0,0.7615627638936586,0.7229807564495188,1.0003715933934987,0.017457315650553407,0.03182262145927313,True,2,1,4,1,True,2,,,2,2,2,366,,,,,,,,,5,0.8,3.184300904161432e-07,6.383699142499466e-08,3.0676828392839915e-06,2.8367423384292974e-06,4.190854087299084e-06,False,0.0075414036363902325,0.0,0.0075414036363902325,0.8636418978494307,0.8636418978494307,-0.9893949195834917,1.0392174234038551,3.140290796624407,3.0784725972974347,0.9803144984555499,0.0016319161125857948,0.03182262145927313,0.030190705346687333,0.0016319161125857948,0.03182262145927313,0.030190705346687333,0.01980391288298072,0.029946974597917456,0.010143061714936737,0.010288937204479685,0.044336845028226005,0.03404790782374632,5.5960455058165035,5.5960469592247755,5.5960455164398875,0.07656364791455836,0.00021499943853473512,1,none,0.5075003207359309,0.5436515906695962,0.5075003207359309,3.4404354596232185,3.398877402302682,0.31603650005928874,0.29862820023582376,505,0.5075003207359309,0.0,1.0,0.0,,0,False,0,False,-0.0015593658187150873,0.00047970928007468034,,-0.0015593658187150873,0.00047970928007468034,,0.42916793563075273,0,False,False,False,False,False,0.0019237299882998863,2972,1550,0
153,True,153,153,1,0.08300000000000006,0.001,0.001,0,0,0,False,False,,,none,1.0,0.7620760855901534,0.7234685719462366,1.0003718890290005,0.017458940662719358,0.032249395830668715,True,2,1,4,1,True,2,,,2,2,2,366,,,,,,,,,5,0.8,3.224129767409356e-07,6.465381870639177e-08,3.1074047127380506e-06,2.873757548650475e-06,4.245300547784162e-06,False,0.007541481741515574,0.0,0.007541481741515574,0.8637086746550606,0.8637086746550606,-0.9893895922136766,1.0392043027452793,3.140290796624407,3.078445299057966,0.9803058055537657,0.0016404772457007662,0.032249395830668715,0.030608918584967948,0.0016404772457007662,0.032249395830668715,0.030608918584967948,0.0198039784862736,0.02994694796106838,0.010142969474794778,0.010524137085458015,0.044747766390652345,0.034223629305194334,5.598134884572613,5.598136338346034,5.598134895281339,0.07655325626590158,0.0002184379817597477,1,none,0.5074807524335263,0.5436515906695962,0.5074807524335263,3.4404354596232185,3.398882093754778,0.31603650005928874,0.29861627348944453,505,0.5074807524335263,0.0,1.0,0.0,,0,False,0,False,-0.001559407673098139,0.0004797371714181551,,-0.001559407673098139,0.0004797371714181551,,0.42916104573356567,0,False,False,False,False,False,5.02962863585196e-08,2972,1550,0
154,True,154,154,1,0.08400000000000006,0.001,0.001,0,0,0,False,False,,,none,1.0,0.762596079814388,0.7239627251146821,1.0003721801395484,0.017461139599261304,0.032681666828079194,True,2,1,4,1,True,2,,,2,2,2,367,,,,,,,,,5,0.8,3.2644577347248385e-07,6.54813432733846e-08,3.147654555562886e-06,2.911238935461049e-06,4.300452998212526e-06,False,0.0075414191846658665,0.0,0.0075414191846658665,0.8637762122303874,0.8637762122303874,-0.989384191460613,1.0391910075371813,3.140290796624407,3.0784176425311283,0.9802969985582901,0.0016489140223164712,0.032681666828079194,0.031032752805762724,0.0016489140223164712,0.032681666828079194,0.031032752805762724,0.019804044962314093,0.029946920957303065,0.010142875994988972,0.010762659020807416,0.04516376229139394,0.03440110327058653,5.6002510002265655,5.600252454368177,5.600251011019656,0.07654273727192502,0.00022194633470007814,1,none,0.5074609219287839,0.5436515906695962,0.5074609219287839,3.4404354596232185,3.3988868535124466,0.31603650005928874,0.2986041864879193,505,0.5074609219287839,0.0,1.0,0.0,,0,False,0,False,-0.0015594501525999075,0.00047976544532587546,,-0.0015594501525999075,0.00047976544532587546,,0.4291540643998892,0,False,False,False,False,False,5.102863831504e-08,2972,1550,0
155,True,155,155,1,0.08500000000000006,0.001,0.001,0,0,0,False,False,,,none,1.0,0.7631228324545148,0.7244632969878531,1.0003724667826874,0.017465258316903563,0.0331195102221566,True,2,1,4,1,True,2,,,2,2,2,366,,,,,,,,,5,0.8,3.3053427804406254e-07,6.632048728254431e-08,3.1884384765271366e-06,2.949192162240095e-06,4.356320195349809e-06,False,0.0075412102543764604,0.0,0.0075412102543764604,0.8638445168043014,0.8638445168043014,-0.989378718142026,1.039177537803875,3.140290796624407,3.0783896228018506,0.9802880759039589,0.0016572284223623462,0.0331195102221566,0.03146228179979426,0.0016572284223623462,0.0331195102221566,0.03146228179979426,0.019804112310980622,0.029946893590710132,0.01014278127972951,0.011004547154297984,0.045584900560321134,0.034580353406023154,5.602394185125511,5.602395639638421,5.602394196002056,0.07653209227569034,0.00022552638025829448,1,none,0.509577427215017,0.5458046662762335,0.509577427215017,3.3407126926709276,3.295480042078538,0.32675941721876006,0.30925839070997035,507,0.509577427215017,0.0,1.0,0.0,,0,False,0,False,-0.0018022197626977971,-0.0002454813040423166,,-0.0018022197626977971,-0.0002454813040423166,,0.4291469901892135,0,False,False,False,False,False,0.0007648005825417566,2972,1550,0
156,True,156,156,1,0.08600000000000006,0.001,0.001,0,0,0,False,False,,,none,1.0,0.7636564304444843,0.7249703696259874,1.0003727488477236,0.017469392184082153,0.03356300269895262,True,2,1,4,1,True,2,,,2,2,2,362,,,,,,,,,5,0.8,3.34675042072816e-07,6.717077992015446e-08,3.2297626692273402e-06,2.987622890172457e-06,4.412910233720879e-06,False,0.007540849035018834,0.0,0.007540849035018834,0.8639135946944524,0.8639135946944524,-0.9893731728778297,1.0391638920224155,3.140290796624407,3.078361234923344,0.9802790360155075,0.001665422418812825,0.03356300269895262,0.031897580280139795,0.001665422418812825,0.03356300269895262,0.031897580280139795,0.01980418053988792,0.029946865864389147,0.010142685324501226,0.011249846546431633,0.04601124949617735,0.03476140294974572,5.604564775524429,5.604566230411768,5.604564786483366,0.07652132184332672,0.00022918005633557485,1,none,0.5095570959048091,0.5458046662762335,0.5095570959048091,3.3407126926709276,3.295480293072984,0.32675941721876006,0.3092460282501978,507,0.5095570959048091,0.0,1.0,0.0,,0,False,0,False,-0.0018022708837996402,-0.0002454790055731816,,-0.0018022708837996402,-0.0002454790055731816,,0.4291398216678684,0,False,False,False,False,False,5.1172746789746596e-08,2972,1550,0
157,True,157,157,1,0.08700000000000006,0.001,0.001,0,0,0,False,False,,,none,1.0,0.7641969617759317,0.7254840261283864,1.0003730260235462,0.01747354065727846,0.034012221861153664,True,2,1,4,1,True,2,,,2,2,2,360,,,,,,,,,5,0.8,3.388691472057675e-07,6.803248180182727e-08,3.271633424585376e-06,3.0265368783260584e-06,4.470231700733191e-06,False,0.007540329410596848,0.0,0.007540329410596848,0.8639834525306821,0.8639834525306821,-0.9893675561156221,1.0391500689866038,3.140290796624407,3.0783324738893363,0.9802698772987293,0.0016734979762311356,0.034012221861153664,0.03233872388492253,0.0016734979762311356,0.034012221861153664,0.03233872388492253,0.019804249655066983,0.02994683778057811,0.010142588125511127,0.011498603193219502,0.04644287784787881,0.03494427465465931,5.606763111605879,5.606764566870772,5.60676312264625,0.07651042647826314,0.0002329093623831647,1,none,0.5105968892362612,0.5468812040795521,0.5105968892362612,3.3905740761470735,3.347942172728779,0.32258914968229113,0.30502133124963343,508,0.5105968892362612,0.0,1.0,0.0,,0,False,0,False,-0.0010443232293245628,-0.0005970644961815133,,-0.0010443232293245628,-0.0005970644961815133,,0.4302350127712189,0,False,False,False,False,False,0.0008355219950010727,2972,1550,0
158,True,158,158,1,0.08800000000000006,0.001,0.001,0,0,0,False,False,,,none,1.0,0.7647445155101225,0.7260043506319835,1.0003732981285438,0.01747770320957343,0.03446724622720146,True,2,1,4,1,True,2,,,2,2,2,361,,,,,,,,,5,0.8,3.4311711549533866e-07,6.890558898044208e-08,3.314057121642304e-06,3.0659398123374814e-06,4.528293152339262e-06,False,0.007539645053689335,0.0,0.007539645053689335,0.8640540969489667,0.8640540969489667,-0.989361868155652,1.0391360669740797,3.140290796624407,3.0783033346449553,0.9802605981439413,0.0016814570521713344,0.03446724622720146,0.032785789175030125,0.0016814570521713344,0.03446724622720146,0.032785789175030125,0.019804319665129605,0.029946809340778258,0.010142489675648653,0.011750864067987487,0.04687985481496229,0.0351289907469748,5.608989537504685,5.608990993150352,5.60898954862545,0.07649940642066982,0.00023671635870675762,1,none,0.5105760161908393,0.5468812040795521,0.5105760161908393,3.3905740761470735,3.347945668972265,0.32258914968229113,0.30500854355117013,508,0.5105760161908393,0.0,1.0,0.0,,0,False,0,False,-0.0010443529970345716,-0.0005970725509989286,,-0.0010443529970345716,-0.0005970725509989286,,0.43022770814208827,0,False,False,False,False,False,3.083823345717167e-08,2972,1550,0
159,True,159,159,1,0.08900000000000007,0.001,0.001,0,0,0,False,False,,,none,1.0,0.7652991817899484,0.7265314283209162,1.000373565007651,0.017481879211387566,0.03492815526141266,True,2,1,4,1,True,2,,,2,2,2,365,,,,,,,,,5,0.8,3.4741794986568254e-07,6.97901148385135e-08,3.3570402339424274e-06,3.1058375116559933e-06,4.587103189719605e-06,False,0.007538789419587124,0.0,0.007538789419587124,0.8641255347462106,0.8641255347462106,-0.9893561091708807,1.0391218844044723,3.140290796624407,3.0782738120743636,0.980251196922047,0.0016893015955492163,0.03492815526141266,0.03323885366586344,0.0016893015955492163,0.03492815526141266,0.03323885366586344,0.01980439057797764,0.029946780545854403,0.010142389967876763,0.012006677014565405,0.047322249897509924,0.03531557288294452,5.611244401330034,5.611245857359537,5.611244412530057,0.07648826180019826,0.0002406031698721144,1,none,0.510554861065047,0.5468812040795521,0.510554861065047,3.3905740761470735,3.3479492255501553,0.32258914968229113,0.30499558187364656,508,0.510554861065047,0.0,1.0,0.0,,0,False,0,False,-0.0010443832610151163,-0.0005970806616590163,,-0.0010443832610151163,-0.0005970806616590163,,0.43022030599996924,0,False,False,False,False,False,3.1331953744831375e-08,2972,1550,0
160,True,160,160,1,0.09000000000000007,0.001,0.001,0,0,0,False,False,,,none,1.0,0.7658610518519798,0.7270653454444086,1.0003738266752953,0.01748606798407493,0.03539502936292973,True,2,1,4,1,True,2,,,2,2,2,368,,,,,,,,,5,0.8,3.517718034545195e-07,7.068618596128862e-08,3.4005893264323008e-06,3.1462358240242344e-06,4.646670589358594e-06,False,0.0075377557466656375,0.0,0.0075377557466656375,0.8641977729381034,0.8641977729381034,-0.9893502792212442,1.0391075199489506,3.140290796624407,3.0782439009981046,0.9802416719836906,0.0016970335459268295,0.03539502936292973,0.0336979958170029,0.0016970335459268295,0.03539502936292973,0.0336979958170029,0.019804462400255247,0.02994675139610622,0.010142288995850974,0.012266090846180407,0.04777013301824324,0.035504042172062836,5.613528055196529,5.613529511613246,5.613528066474832,0.07647699255047113,0.0002445719868276136,1,none,0.5105334196975412,0.5468812040795521,0.5105334196975412,3.3905740761470735,3.3479528435838515,0.32258914968229113,0.3049824436302605,508,0.5105334196975412,0.0,1.0,0.0,,0,False,0,False,-0.0010444140350378771,-0.0005970888351963391,,-0.0010444140350378771,-0.0005970888351963391,,0.43021280489972313,0,False,False,False,False,False,3.1840967153245306e-08,2972,1550,0
161,True,161,161,1,0.09100000000000007,0.001,0.001,0,0,0,False,False,,,none,1.0,0.7664302180386025,0.7276061893271777,1.000374082802479,0.017490268815354433,0.03586794990900503,True,2,1,4,1,True,2,,,2,2,2,368,,,,,,,,,5,0.8,3.561805215710564e-07,7.159409484760076e-08,3.444711055354697e-06,3.187140661297999e-06,4.707004368825845e-06,False,0.007536537053505786,0.0,0.007536537053505786,0.8642708187770636,0.8642708187770636,-0.9893443782720839,1.0390929722517557,3.140290796624407,3.0782135961742214,0.9802320216596137,0.001704654832222551,0.03586794990900503,0.03416329507678248,0.001704654832222551,0.03586794990900503,0.03416329507678248,0.019804535138741225,0.02994672189136042,0.010142186752619194,0.012529155338547263,0.048223574453754366,0.0356944191152071,5.615840855255362,5.615842312062439,5.615840866610793,0.07646559834324648,0.0002486250684341787,1,none,0.5105116878934254,0.5468812040795521,0.5105116878934254,3.3905740761470735,3.3479565240985893,0.32258914968229113,0.3049691262229736,508,0.5105116878934254,0.0,1.0,0.0,,0,False,0,False,-0.001044445316714615,-0.0005970970836154481,,-0.001044445316714615,-0.0005970970836154481,,0.4302052033864478,0,False,False,False,False,False,3.2350884336134225e-08,2972,1550,0
162,True,162,162,1,0.09200000000000007,0.001,0.001,0,0,0,False,False,,,none,1.0,0.7670067738102062,0.7281540483519269,1.0003743329908663,0.017494480919211595,0.03634699921846049,True,2,1,4,1,True,2,,,2,2,2,368,,,,,,,,,5,0.8,3.606444006767799e-07,7.251381727596654e-08,3.4894121679857848e-06,3.2285580532179938e-06,4.768113570220561e-06,False,0.007535126131258096,0.0,0.007535126131258096,0.8643446793718714,0.8643446793718714,-0.9893384062089287,1.0390782388150168,3.140290796624407,3.0781828923137677,0.9802222442655945,0.0017121673759886982,0.03634699921846049,0.03463483184247179,0.0017121673759886982,0.03634699921846049,0.03463483184247179,0.019804608805924915,0.029946692031044643,0.010142083225119728,0.012795921236431688,0.04868264480173809,0.0358867235653064,5.618183161715231,5.618184618915819,5.6181831731465905,0.07645407858700692,0.0002527647413438272,1,none,0.51156040882204,0.5479577418828707,0.51156040882204,3.3407126926709276,3.295326952260871,0.3280484090026754,0.31047626911257875,509,0.51156040882204,0.0,1.0,0.0,,0,False,0,False,-0.0012470125108373215,0.00021938464495945624,,-0.0012470125108373215,0.00021938464495945624,,0.4301975000230596,0,False,False,False,False,False,0.0008412347361060467,2972,1550,0
163,True,163,163,1,0.09300000000000007,0.001,0.001,0,0,0,False,False,,,none,1.0,0.7675908137574777,0.7287090119437136,1.0003745770246542,0.017498703420528627,0.03683226059527702,True,2,1,4,1,True,2,,,2,2,2,368,,,,,,,,,5,0.8,3.651584588548761e-07,7.344469285815826e-08,3.534699500957529e-06,3.270493886885172e-06,4.8300067959791715e-06,False,0.0075335155333221635,0.0,0.0075335155333221635,0.8644193614860549,0.8644193614860549,-0.9893323628472137,1.0390633162575595,3.140290796624407,3.078151784073814,0.9802123381002205,0.0017195730929810509,0.03683226059527702,0.03511268750229597,0.0017195730929810509,0.03683226059527702,0.03511268750229597,0.0198046834187122,0.029946661814236067,0.010141978395523867,0.01306644026651423,0.04914741495524203,0.0360809746887278,5.620555338859073,5.6205567964564445,5.620555350365189,0.07644243287895792,0.0002569934023522991,1,none,0.5115381061868551,0.5479577418828707,0.5115381061868551,3.3407126926709276,3.2953270939527965,0.3280484090026754,0.310462719846883,509,0.5115381061868551,0.0,1.0,0.0,,0,False,0,False,-0.0012470531925779938,0.0002194112160395742,,-0.0012470531925779938,0.0002194112160395742,,0.43018969336450885,0,False,False,False,False,False,4.859039331769071e-08,2972,1550,0
164,True,164,164,1,0.09400000000000007,0.001,0.001,0,0,0,False,False,,,none,1.0,0.7681824336136852,0.7292711706490143,1.0003748146320979,0.017502935791409078,0.03732381832994237,True,2,1,4,1,True,2,,,2,2,2,368,,,,,,,,,5,0.8,3.6972891471640463e-07,7.438785210875124e-08,3.580579992740727e-06,3.312954269477126e-06,4.892693746698298e-06,False,0.007531697597145406,0.0,0.007531697597145406,0.8644948723252717,0.8644948723252717,-0.9893262479403847,1.0390482041248035,3.140290796624407,3.078120266007537,0.9802023014289953,0.0017268738863993871,0.03732381832994237,0.03559694444354298,0.0017268738863993871,0.03732381832994237,0.03559694444354298,0.019804758979375982,0.029946631239701923,0.010141872260325941,0.013340765153736639,0.04961795607227149,0.03627719091853485,5.622957755096259,5.622959213093672,5.622957766675959,0.07643066121727153,0.000261313527503601,1,none,0.5115155006072086,0.5479577418828707,0.5115155006072086,3.3407126926709276,3.295327251978917,0.3280484090026754,0.3104489851804747,509,0.5115155006072086,0.0,1.0,0.0,,0,False,0,False,-0.0012470945227341455,0.00021943816755982135,,-0.0012470945227341455,0.00021943816755982135,,0.43018178185347067,0,False,False,False,False,False,4.934132397040387e-08,2972,1550,0
165,True,165,165,1,0.09500000000000007,0.001,0.001,0,0,0,False,False,,,none,1.0,0.7687817302670852,0.7298406161243851,1.0003750455883056,0.017507177561091953,0.037821757708339544,True,2,1,4,1,True,2,,,2,2,2,367,,,,,,,,,5,0.8,3.7435428163422363e-07,7.534308798233708e-08,3.6270606630169e-06,3.355945311065603e-06,4.9561835814618885e-06,False,0.0075296644095427245,0.0,0.0075296644095427245,0.8645712191473408,0.8645712191473408,-0.9893200611898739,1.0390329007540025,3.140290796624407,3.0780883326153967,0.9801921325006354,0.0017340716476086564,0.037821757708339544,0.036087686060730886,0.0017340716476086564,0.037821757708339544,0.036087686060730886,0.01980483549622999,0.029946600305949367,0.010141764809719376,0.01361894961375315,0.050094339546532,0.03647538993277885,5.625390782992414,5.625392241393068,5.625390794644421,0.07641876284205523,0.0002657276662626831,1,none,0.5114925877186058,0.5479577418828707,0.5114925877186058,3.3407126926709276,3.2953274265027166,0.3280484090026754,0.31043506244928476,509,0.5114925877186058,0.0,1.0,0.0,,0,False,0,False,-0.0012471365111607405,0.00021946550469806151,,-0.0012471365111607405,0.00021946550469806151,,0.43017376394482704,0,False,False,False,False,False,5.010336410947981e-08,2972,1550,0
166,True,166,166,1,0.09600000000000007,0.001,0.001,0,0,0,False,False,,,none,1.0,0.7693888416998733,0.7304174513640959,1.0003752697851764,0.017511416219126337,0.038326683496606555,True,2,1,4,1,True,2,,,2,2,2,450,,,,,,,,,6,0.8,1.0194977830833434e-07,1.832755384325096e-08,7.348879268643894e-07,6.80702164612529e-07,1.0070478431962498e-06,False,0.007527401976509699,0.0,0.007527401976509699,0.8646485803715206,0.8646485803715206,-0.9893137919247995,1.0390173880458453,3.140290796624407,3.078055937388572,0.9801818165047858,0.0017411744482755743,0.038326683496606555,0.03658550904833098,0.0017411744482755743,0.038326683496606555,0.03658550904833098,0.01980491305977078,0.029946568959623998,0.01014165589985322,0.01390133484593665,0.05057718500937149,0.036675850163434845,5.627855001057498,5.627856460316772,5.627855013002758,0.07640717264729033,0.00027024308397162347,1,none,0.511469322732312,0.5479577418828707,0.511469322732312,3.3407126926709276,3.295327840742853,0.3280484090026754,0.3104209034431084,509,0.511469322732312,0.0,1.0,0.0,,0,False,0,False,-0.001247179543492501,0.00021949339663597655,,-0.001247179543492501,0.00021949339663597655,,0.4301656279556115,0,False,False,False,False,False,5.1281007960041456e-08,2972,1550,0
167,True,167,167,1,0.09700000000000007,0.001,0.001,0,0,0,False,False,,,none,1.0,0.7700038357822234,0.731001797960217,1.0003754865104109,0.01751567263097889,0.038838170713396375,True,2,1,4,1,True,2,,,2,2,2,453,,,,,,,,,6,0.8,1.0278155024345896e-07,1.8506490039414198e-08,7.44438713558445e-07,6.895241770879779e-07,1.0200681968757938e-06,False,0.007524914749295666,0.0,0.007524914749295666,0.8647266438940802,0.8647266438940802,-0.9893074506320947,1.0390016810238958,3.140290796624407,3.078023163889272,0.9801713800511505,0.0017481795192762376,0.038838170713396375,0.03708999119412014,0.0017481795192762376,0.038838170713396375,0.03708999119412014,0.019804991594880524,0.029946537253160474,0.01014154565827995,0.01418768419232276,0.051066002554251415,0.036878318361928654,5.630350625569841,5.6303520852564635,5.630350637593556,0.07639505695759347,0.0002748581571577079,1,none,0.5114457797575873,0.5479577418828707,0.5114457797575873,3.3407126926709276,3.295328085318883,0.3280484090026754,0.31040659170547846,509,0.5114457797575873,0.0,1.0,0.0,,0,False,0,False,-0.0012472229398354927,0.0002195215598039295,,-0.0012472229398354927,0.0002195215598039295,,0.4301573925491168,0,False,False,False,False,False,5.17339986295767e-08,2972,1550,0
168,True,168,168,1,0.09800000000000007,0.001,0.001,0,0,0,False,False,,,none,1.0,0.7706268131606749,0.7315937221135546,1.0003756952887293,0.01751993544151974,0.03935631501250121,True,2,1,4,1,True,2,,,2,2,2,455,,,,,,,,,6,0.8,1.040164594655402e-07,1.8738990726993393e-08,7.541147685308578e-07,6.984675826189305e-07,1.033303741258636e-06,False,0.007522186503468755,0.0,0.007522186503468755,0.8648055597212652,0.8648055597212652,-0.9893010362518074,1.0389857808367728,3.140290796624407,3.0779899579000563,0.980160805874628,0.0017550870525258858,0.03935631501250121,0.03760122795997532,0.0017550870525258858,0.03935631501250121,0.03760122795997532,0.019805071095816137,0.029946505181259037,0.0101414340854429,0.014478071441090005,0.05156213396624412,0.037084062525154116,5.63287804222463,5.632879502342011,5.632878054325639,0.07638278587668562,0.00027957562040730973,1,none,0.5114219176704031,0.5479577418828707,0.5114219176704031,3.3407126926709276,3.295328325497085,0.3280484090026754,0.3103920867085422,509,0.5114219176704031,0.0,1.0,0.0,,0,False,0,False,-0.0012472669819005523,0.00021955012830293473,,-0.0012472669819005523,0.00021955012830293473,,0.4301490462878196,0,False,False,False,False,False,5.2496310633465907e-08,2972,1550,0
169,True,169,169,1,0.09900000000000007,0.001,0.001,0,0,0,False,False,,,none,1.0,0.7712578756898157,0.7321933197904733,1.000375896046173,0.01752420293622646,0.03988120609939226,True,2,1,4,1,True,2,,,2,2,2,433,,,,,,,,,6,0.8,1.0528989187281846e-07,1.8976769471062538e-08,7.639169909776119e-07,7.07522521952452e-07,1.0467107371592184e-06,False,0.007519208442767173,0.0,0.007519208442767173,0.864885339354269,0.864885339354269,-0.9892945481771915,1.0389696844074272,3.140290796624407,3.0779563135586705,0.9801500921084308,0.0017618988509370105,0.03988120609939226,0.03811930724845525,0.0017618988509370105,0.03988120609939226,0.03811930724845525,0.019805151577962865,0.029946472740885955,0.01014132116292309,0.014772553822104642,0.05207003937792891,0.03729748555582427,5.635437641410884,5.635439101962819,5.635437653588108,0.07637037578982815,0.0002843983334382449,1,none,0.5124684441158216,0.5490342796861893,0.5124684441158216,3.2908513091947817,3.242697152403345,0.333673100423689,0.3160754273558987,510,0.5124684441158216,0.0,1.0,0.0,,0,False,0,False,-0.001999716354226224,-0.00015380661080852812,,-0.001999716354226224,-0.00015380661080852812,,0.43014058742448513,0,False,False,False,False,False,0.0008399853049626776,2972,1550,0
170,True,170,170,1,0.10000000000000007,0.001,0.001,0,0,0,False,False,,,none,1.0,0.7718971264455003,0.7328006883453695,1.0003760882545158,0.017528474130736278,0.04041293470807507,True,2,1,4,1,True,2,,,2,2,2,427,,,,,,,,,6,0.8,1.0658344855319881e-07,1.921799072776219e-08,7.73846850326527e-07,7.166901445876439e-07,1.0602891463098398e-06,False,0.007515971511549072,0.0,0.007515971511549072,0.8649659917743079,0.8649659917743079,-0.9892879858690617,1.0389533877205024,3.140290796624407,3.077922224999169,0.9801392368845968,0.0017686167337328425,0.04041293470807507,0.03864431797434223,0.0017686167337328425,0.04041293470807507,0.03864431797434223,0.019805233061397486,0.029946439929345307,0.010141206867947821,0.01507118971416399,0.05258408830089924,0.03751289858673525,5.638029817840613,5.638031278830952,5.6380298300929015,0.0763578307701863,0.0002893292620798178,1,none,0.5124439520069846,0.5490342796861893,0.5124439520069846,3.2908513091947817,3.2426934269916843,0.333673100423689,0.3160606844553848,510,0.5124439520069846,0.0,1.0,0.0,,0,False,0,False,-0.001999796814352582,-0.0001537948986882409,,-0.001999796814352582,-0.0001537948986882409,,0.4301320142913373,0,False,False,False,False,False,8.130809120354938e-08,2972,1550,0
171,True,171,171,1,0.10100000000000008,0.001,0.001,0,0,0,False,False,,,none,1.0,0.7725446697380838,0.7334159263785619,1.000376271442773,0.017532748017881124,0.040951592647225935,True,2,1,4,1,True,2,,,2,2,2,428,,,,,,,,,6,0.8,1.0789351141598802e-07,1.946237463447617e-08,7.839058633191413e-07,7.259718506289136e-07,1.0740406529940021e-06,False,0.007512466289873808,0.0,0.007512466289873808,0.8650475252477994,0.8650475252477994,-0.9892813488078214,1.0389368872450704,3.140290796624407,3.07788768628432,0.9801282383124627,0.0017752425155090482,0.040951592647225935,0.039176350131716886,0.0017752425155090482,0.040951592647225935,0.039176350131716886,0.01980531556377465,0.029946406744039103,0.010141091180264454,0.015374038910979715,0.05310435954991359,0.037730320638933876,5.64065497058906,5.640656432021558,5.6406549829152075,0.07634515180972397,0.00029437146848775573,1,none,0.5134810024398394,0.550110817489508,0.5134810024398394,3.3407126926709267,3.2948939565518076,0.3293374007865908,0.31168287004733264,511,0.5134810024398394,0.0,1.0,0.0,,0,False,0,False,-0.001430882021123745,0.0004608103279497285,,-0.001430882021123745,0.0004608103279497285,,0.4323359442788495,0,False,False,False,False,False,0.000837498433768876,2972,1550,0
172,True,172,172,1,0.10200000000000008,0.001,0.001,0,0,0,False,False,,,none,1.0,0.7732006111255576,0.7340391336962654,1.0003764451878299,0.017537023491231978,0.04149727281888022,True,2,1,4,1,True,2,,,2,2,2,434,,,,,,,,,6,0.8,1.0921920951639029e-07,1.9709811570577237e-08,7.94095567491491e-07,7.353688940267376e-07,1.087967137836099e-06,False,0.007508683028297391,0.0,0.007508683028297391,0.8651299475523752,0.8651299475523752,-0.9892746364819592,1.0389201797909784,3.140290796624407,3.077852691400254,0.9801170944769606,0.0017817780034086552,0.04149727281888022,0.03971549481547157,0.0017817780034086552,0.04149727281888022,0.03971549481547157,0.01980539910104511,0.02994637318240979,0.01014097408136468,0.015681162518595755,0.05363093196912512,0.037949769450529365,5.643313503130913,5.64331496500959,5.643313515529797,0.07633233884408379,0.000299528109846717,1,none,0.5145167202920475,0.5511873552928266,0.5145167202920475,3.3905740761470735,3.347270599724397,0.3251292217270629,0.3074246344675038,512,0.5145167202920475,0.0,1.0,0.0,,0,False,0,False,-0.000637296929652409,0.00020037230638645222,,-0.000637296929652409,0.00020037230638645222,,0.432849518399075,0,False,False,False,False,False,0.0008352276698489834,2972,1550,0
173,True,173,173,1,0.10300000000000008,0.001,0.001,0,0,0,False,False,,,none,1.0,0.7738650574267112,0.7346704112878268,1.0003766090233857,0.017541299341069162,0.04205006921711176,True,2,1,4,1,True,2,,,2,2,2,441,,,,,,,,,6,0.8,1.1056010944939597e-07,1.9960184898940662e-08,8.044175194904078e-07,7.448825015479562e-07,1.1020705211365124e-06,False,0.007504611667836796,0.0,0.007504611667836796,0.8652132659598422,0.8652132659598422,-0.9892678483825464,1.0389032618326552,3.140290796624407,3.0778172342626804,0.9801058034405981,0.0017882249971060257,0.04205006921711176,0.040261844220005734,0.0017882249971060257,0.04205006921711176,0.040261844220005734,0.019805483690836727,0.02994633924191273,0.010140855551076002,0.01599262290371866,0.05416388435784589,0.03817126145412723,5.646005823369127,5.646007285697833,5.646005835839456,0.07631939140843978,0.00030480243889865647,1,none,0.5155521424872388,0.5522638930961452,0.5155521424872388,3.4404354596232194,3.3996443461602546,0.3210430188721672,0.3032976923421603,513,0.5155521424872388,0.0,1.0,0.0,,0,False,0,False,6.969659353528503e-05,-0.00023882010452545653,,6.969659353528503e-05,-0.00023882010452545653,,0.4330582423867546,0,False,False,False,False,False,0.0008323039202310436,2972,1550,0
174,True,174,174,1,0.10400000000000008,0.001,0.001,0,0,0,False,False,,,none,1.0,0.774538116734259,0.7353098613525159,1.0003767623999356,0.017545574335044993,0.042610076954383354,True,2,1,4,1,True,2,,,2,2,2,446,,,,,,,,,6,0.8,1.1191625617580718e-07,2.0213646426207032e-08,8.14873300585198e-07,7.545141834244864e-07,1.1163529857950783e-06,False,0.007500241845093746,0.0,0.007500241845093746,0.8652974876781172,0.8652974876781172,-0.9892609839923837,1.0388861311090098,3.140290796624407,3.0777813086916446,0.9800943632354189,0.001794585284361415,0.042610076954383354,0.040815491670021936,0.001794585284361415,0.042610076954383354,0.040815491670021936,0.01980556934445495,0.02994630491996192,0.01014073557550697,0.01630848366834696,0.05470329539125688,0.03839481172290992,5.6487323436743955,5.648733806457107,5.64873235621492,0.07630630911650639,0.0003101978094583128,1,none,0.5165904511073001,0.5533404308994638,0.5165904511073001,3.4902968430993653,3.4514155679751024,0.31707356467027625,0.2993498991547845,514,0.5165904511073001,0.0,1.0,0.0,,0,False,0,False,-0.0005119857076646179,0.0003575290442199897,,-0.0005119857076646179,0.0003575290442199897,,0.4330492668106385,0,False,False,False,False,False,0.0008330585854179963,2972,1550,0
175,True,175,175,1,0.10500000000000008,0.001,0.001,0,0,0,False,False,,,none,1.0,0.7752198984280427,0.7359575873192805,1.0003769051647449,0.017549847227342003,0.043177392260433656,True,2,1,4,1,True,2,,,2,2,2,450,,,,,,,,,6,0.8,1.1328759364033509e-07,2.0470174899685557e-08,8.254645065851962e-07,7.642651999432042e-07,1.1308165432153037e-06,False,0.0074955628900937165,0.0,0.0074955628900937165,0.8653826199979159,0.8653826199979159,-0.9892540427858831,1.0388687858513816,3.140290796624407,3.077744908419962,0.9800827718656892,0.001800860638583958,0.043177392260433656,0.0413765316218497,0.001800860638583958,0.043177392260433656,0.0413765316218497,0.019805656070743093,0.029946270213929413,0.01014061414318632,0.016628809657366378,0.0552492435518802,0.03862043389451382,5.651493480928034,5.651494944168567,5.651493493537316,0.07629309133596131,0.0003157176774969529,1,none,0.5165642967138564,0.5533404308994638,0.5165642967138564,3.4902968430993653,3.4514260675140465,0.31707356467027625,0.2993338328037381,514,0.5165642967138564,0.0,1.0,0.0,,0,False,0,False,-0.0005120160642993634,0.0003575634672426887,,-0.0005120160642993634,0.0003575634672426887,,0.43304016965771874,0,False,False,False,False,False,4.5896293584595975e-08,2972,1550,0
176,True,176,176,1,0.10600000000000008,0.001,0.001,0,0,0,False,False,,,none,1.0,0.7759105131882756,0.736613693862818,1.0003770369235576,0.01755411674402742,0.04375211254532293,True,2,1,4,1,True,2,,,2,2,2,450,,,,,,,,,6,0.8,1.1467475539929848e-07,2.0729882751601014e-08,8.361927535341633e-07,7.741368907498503e-07,1.1454633447857142e-06,False,0.007490563822068657,0.0,0.007490563822068657,0.8654686703876185,0.8654686703876185,-0.9892470242302264,1.0388512244502495,3.140290796624407,3.077708027095026,0.9800710273084731,0.0018070528168194623,0.04375211254532293,0.041945059728503466,0.0018070528168194623,0.04375211254532293,0.041945059728503466,0.019805743877748753,0.029946235121151132,0.01014049124340238,0.016953666969450592,0.05580180707394195,0.03884814010449136,5.6542896565611445,5.654291120263459,5.6542896692377935,0.07627973715723571,0.00032136560431878013,1,none,0.5165377841405443,0.5533404308994638,0.5165377841405443,3.4902968430993653,3.45143673227648,0.31707356467027625,0.29931754466775295,514,0.5165377841405443,0.0,1.0,0.0,,0,False,0,False,-0.0005120468580318688,0.00035759839443504245,,-0.0005120468580318688,0.00035759839443504245,,0.4330309491594718,0,False,False,False,False,False,4.6563534308862315e-08,2972,1550,0
177,True,177,177,1,0.10700000000000008,0.001,0.001,0,0,0,False,False,,,none,1.0,0.7766100730088688,0.7372782869004431,1.0003771572527678,0.01755838154719024,0.04433433636577077,True,2,1,4,1,True,2,,,2,2,2,432,,,,,,,,,6,0.8,1.1607766321589534e-07,2.099276539328126e-08,8.470596760945722e-07,7.841306117749516e-07,1.1602954930898084e-06,False,0.007485233341704044,0.0,0.007485233341704044,0.8655556464359839,0.8655556464359839,-0.9892399277852131,1.0388334446666556,3.140290796624407,3.0776706582877598,0.9800591275164836,0.001813163560351749,0.04433433636577077,0.04252117280541902,0.001813163560351749,0.04433433636577077,0.04252117280541902,0.019805832776666726,0.029946199638926065,0.010140366862259338,0.01728312297714562,0.05636106389781534,0.03907794092066972,5.65712129658594,5.657122760753989,5.6571213093286286,0.07626624539389218,0.0003271452581693706,1,none,0.517575095554839,0.5544169687027825,0.517575095554839,3.540158226575511,3.5031945858829223,0.3132159260797135,0.2954874945517152,515,0.517575095554839,0.0,1.0,0.0,,0,False,0,False,-0.0013415896376287035,0.00041266186082723966,,-0.0013415896376287035,0.00041266186082723966,,0.43302160354380154,0,False,False,False,False,False,0.0008313682749013023,2972,1550,0
178,True,178,178,1,0.10800000000000008,0.001,0.001,0,0,0,False,False,,,none,1.0,0.7773186912108274,0.7379514735919452,1.000377265766833,0.017562640238246864,0.04492416344860643,True,2,1,4,1,True,2,,,2,2,2,429,,,,,,,,,6,0.8,1.1749670940032606e-07,2.1258884634108106e-08,8.580669288282719e-07,7.942477474556966e-07,1.1753151728719499e-06,False,0.007479559823376843,0.0,0.007479559823376843,0.8656435556980648,0.8656435556980648,-0.9892327529047724,1.0388154437793602,3.140290796624407,3.0776327954906777,0.9800470704174651,0.0018191945962807825,0.04492416344860643,0.04310496885232565,0.0018191945962807825,0.04492416344860643,0.04310496885232565,0.019805922781103203,0.029946163764523862,0.01014024098342066,0.017617246347133707,0.05692709162068163,0.03930984527354792,5.659988831626883,5.659990296264614,5.659988844434032,0.07625261485042556,0.0003330604174354396,1,none,0.5175478689531141,0.5544169687027825,0.5175478689531141,3.540158226575511,3.503208719167199,0.3132159260797135,0.29547075863418626,515,0.5175478689531141,0.0,1.0,0.0,,0,False,0,False,-0.001341656549448107,0.00041270021591053446,,-0.001341656549448107,0.00041270021591053446,,0.43301213101662944,0,False,False,False,False,False,7.712524872192349e-08,2972,1550,0
179,True,179,179,1,0.10900000000000008,0.001,0.001,0,0,0,False,False,,,none,1.0,0.7780364824557069,0.73863336232517,1.0003773625465735,0.017566891341508153,0.04552169469833453,True,2,1,4,1,True,2,,,2,2,2,431,,,,,,,,,6,0.8,1.1893061813593083e-07,2.152804019327902e-08,8.692161845614625e-07,8.04489673960994e-07,1.1905244052341855e-06,False,0.007474643406702407,0.0,0.007474643406702407,0.8657324053576706,0.8657324053576706,-0.9892254990396656,1.038797218044588,3.140290796624407,3.0775944321253395,0.9800348539165666,0.0018251476411548634,0.04552169469833453,0.043696547057179666,0.0018251476411548634,0.04552169469833453,0.043696547057179666,0.019806013909777063,0.02994612749519833,0.010140113585421266,0.01795610707114597,0.05749996745469711,0.03954386038355114,5.66289269694289,5.662894162054194,5.662892709813042,0.0762388444484698,0.00033911497210484617,1,none,0.5196525414655117,0.5565700443094008,0.5196525414655117,3.5401582265743956,3.502904435060767,0.31443229860828065,0.29669809787802387,517,0.5196525414655117,0.0,1.0,0.0,,0,False,0,False,-0.0013460036353498657,0.0004182929399454953,,-0.0013460036353498657,0.0004182929399454953,,0.43411374265324293,0,False,False,False,False,False,7.08348205111717e-06,2972,1550,0
180,True,180,180,1,0.11000000000000008,0.001,0.001,0,0,0,False,False,,,none,1.0,0.7787635627590903,0.7393240627644613,1.0003774471709568,0.017571133361416708,0.04612703226065212,True,2,1,4,1,True,2,,,2,2,2,418,,,,,,,,,6,0.8,1.203806387569767e-07,2.180046380957106e-08,8.805091389263443e-07,8.14857820685363e-07,1.2059255242653924e-06,False,0.007480758022553571,0.0,0.007480758022553571,0.8658222026093656,0.8658222026093656,-0.9892181656307171,1.0387787652155045,3.140290796624407,3.077555561504128,0.9800224758841712,0.0018310243967473833,0.04612703226065212,0.04429600786390474,0.0018310243967473833,0.04612703226065212,0.04429600786390474,0.019806106173922478,0.029946090828153586,0.010139984654231108,0.01829977648064118,0.058079768123414685,0.0397799916427735,5.6658333324732,5.665834798061977,5.665833345404654,0.07622493355469341,0.0003453129316469552,1,none,0.5196246053031014,0.5565700443094008,0.5196246053031014,3.5401582265743956,3.5029185178666147,0.31443229860828065,0.29668095483966256,517,0.5196246053031014,0.0,1.0,0.0,,0,False,0,False,-0.0013460710925796316,0.0004183416753700833,,-0.0013460710925796316,0.0004183416753700833,,0.43410400404437766,0,False,False,False,False,False,8.322030676134728e-08,2972,1550,0
181,True,181,181,1,0.11100000000000008,0.001,0.001,0,0,0,False,False,,,none,1.0,0.7795000495041527,0.740023685854495,1.0003775191628153,0.017575365048574685,0.04674027947817022,True,2,1,4,1,True,2,,,2,2,2,413,,,,,,,,,6,0.8,1.218474059130035e-07,2.207622088138748e-08,8.919475039003533e-07,8.253535550225271e-07,1.2215207695158222e-06,False,0.007486707055527942,0.0,0.007486707055527942,0.8659129543966537,0.8659129543966537,-0.9892107521199989,1.0387600825554955,3.140290796624407,3.0775161768600103,0.9800099341653725,0.0018368265528060296,0.04674027947817022,0.04490345292536419,0.0018368265528060296,0.04674027947817022,0.04490345292536419,0.019806199587222524,0.029946053760599993,0.010139854173377469,0.01836786141697484,0.05866656981371022,0.04029870839673538,5.668811182873025,5.668812648943218,5.6688111958642455,0.07621088131566875,0.000351658423891057,1,none,0.5195962855687815,0.5565700443094008,0.5195962855687815,3.5401582265743956,3.502932817379807,0.31443229860828065,0.29666357458573206,517,0.5195962855687815,0.0,1.0,0.0,,0,False,0,False,-0.0013461394964740818,0.0004183910522596576,,-0.0013461394964740818,0.0004183910522596576,,0.43409413239074063,0,False,False,False,False,False,8.436332141391768e-08,2972,1550,0
182,True,182,182,1,0.11200000000000009,0.001,0.001,0,0,0,False,False,,,none,1.0,0.7802460614552966,0.7407323438089176,1.000377577703139,0.017579585338143463,0.04736154094127871,True,2,1,4,1,True,2,,,2,2,2,410,,,,,,,,,6,0.8,1.2332883017477532e-07,2.235500040571264e-08,9.035330107280553e-07,8.359782932168278e-07,1.2373121492171823e-06,False,0.00749248066882088,0.0,0.00749248066882088,0.8660046674704199,0.8660046674704199,-0.9892032579544613,1.038741166608255,3.140290796624407,3.077476271343151,0.979997226578896,0.001842555786487825,0.04736154094127871,0.045518985154790886,0.001842555786487825,0.04736154094127871,0.045518985154790886,0.019806294166958723,0.029946016289772302,0.010139722122813579,0.018425153908680922,0.059260448118819475,0.040835294210138554,5.671826697530814,5.6718281640863175,5.671826710580027,0.07619668687745981,0.0003581556986811244,1,none,0.520631293285195,0.5576465821127194,0.520631293285195,3.5900196100505415,3.554791756748468,0.3106649225823414,0.2929180266589856,518,0.520631293285195,0.0,1.0,0.0,,0,False,0,False,-0.0016878366389605284,0.0011720302441914493,,-0.0016878366389605284,0.0011720302441914493,,0.4340841258169105,0,False,False,False,False,False,0.0008274835157264505,2972,1550,0
183,True,183,183,1,0.11300000000000009,0.001,0.001,0,0,0,False,False,,,none,1.0,0.7810017187717664,0.7414501501855821,1.000377622188206,0.017583792370096704,0.047990922466926225,True,2,1,4,1,True,2,,,2,2,2,387,,,,,,,,,6,0.8,1.2482780120821627e-07,2.263731101968241e-08,9.152674153423222e-07,8.467335017211248e-07,1.25330223502913e-06,False,0.007498068677928134,0.0,0.007498068677928134,0.8660973490306031,0.8660973490306031,-0.9891956825664141,1.0387220163994295,3.140290796624407,3.077435837979699,0.9799843509039758,0.0018482137575286312,0.047990922466926225,0.046142708709397594,0.0018482137575286312,0.047990922466926225,0.046142708709397594,0.01980638991800285,0.029945978412832072,0.01013958849482922,0.018481733860141375,0.059861478011657435,0.04137974415151606,5.674880330635161,5.6748817976798405,5.674880343740592,0.07618234982077952,0.000364809137265911,1,none,0.5206022080973038,0.5576465821127194,0.5206022080973038,3.5900196100505415,3.554809977599036,0.3106649225823414,0.29290016140267794,518,0.5206022080973038,0.0,1.0,0.0,,0,False,0,False,-0.0016879217747959641,0.0011721145969683033,,-0.0016879217747959641,0.0011721145969683033,,0.43407398235194844,0,False,False,False,False,False,1.198478261726627e-07,2972,1550,0
184,True,184,184,1,0.11400000000000009,0.001,0.001,0,0,0,False,False,,,none,1.0,0.7817671430214055,0.742177219861678,1.0003776522318133,0.017587984305655304,0.04862853114208168,True,2,1,4,1,True,2,,,2,2,2,378,,,,,,,,,6,0.8,1.263426177471484e-07,2.2922891341119164e-08,9.271524873507534e-07,8.576206086845348e-07,1.26949311114624e-06,False,0.0075034605233248244,0.0,0.0075034605233248244,0.8661910061335074,0.8661910061335074,-0.9891880253925653,1.0387026293228416,3.140290796624407,3.0773948697255085,0.9799713048974613,0.0018538021112488447,0.04862853114208168,0.04677472903083284,0.0018538021112488447,0.04862853114208168,0.04677472903083284,0.01980648685338579,0.029945940126962823,0.010139453273577032,0.018537617716232233,0.06046973378694014,0.04193211607070791,5.677972541192722,5.677974008730495,5.677972554352501,0.07616786898429977,0.00037162324773765896,1,none,0.5205727229083449,0.5576465821127194,0.5205727229083449,3.5900196100505415,3.554828471654676,0.3106649225823414,0.2928820487735277,518,0.5205727229083449,0.0,1.0,0.0,,0,False,0,False,-0.0016880080938600178,0.0011722000880326569,,-0.0016880080938600178,0.0011722000880326569,,0.4340636999962049,0,False,False,False,False,False,1.2148951766885963e-07,2972,1550,0
185,True,185,185,1,0.11500000000000009,0.001,0.001,0,0,0,False,False,,,none,1.0,0.7825424571943979,0.7429136690726328,1.0003776672067313,0.017592159375117433,0.049274475336475256,True,2,1,4,1,True,2,,,2,2,2,373,,,,,,,,,6,0.8,1.2787468318051057e-07,2.3211985859501833e-08,9.391900201797716e-07,8.686410498733774e-07,1.2858872028356378e-06,False,0.007508645262746659,0.0,0.007508645262746659,0.8662856462510224,0.8662856462510224,-0.9891802858689704,1.0386830038869628,3.140290796624407,3.0773533594231295,0.9799580862801206,0.0018593224726183948,0.049274475336475256,0.04741515286385686,0.0018593224726183948,0.049274475336475256,0.04741515286385686,0.019806584980565183,0.02994590142934485,0.010139316448779665,0.01859282173192254,0.061085288947061805,0.04249246721513927,5.681103793076707,5.6811052611114645,5.681103806289013,0.07615324343704645,0.00037860267537737573,1,none,0.5205428319824461,0.5576465821127194,0.5205428319824461,3.5900196100505415,3.554847241602107,0.3106649225823414,0.29286368533115736,518,0.5205428319824461,0.0,1.0,0.0,,0,False,0,False,-0.0016880955990490672,0.0011722867291336207,,-0.0016880955990490672,0.0011722867291336207,,0.4340532767712178,0,False,False,False,False,False,1.231415384295458e-07,2972,1550,0
186,True,186,186,1,0.11600000000000009,0.001,0.001,0,0,0,False,False,,,none,1.0,0.7833277857171184,0.7436596154021736,1.0003776664232857,0.017596315785589272,0.049928864722312574,True,2,1,4,1,True,2,,,2,2,2,367,,,,,,,,,6,0.8,1.2942361734527278e-07,2.3504531065457932e-08,9.513818245198575e-07,8.797962804555493e-07,1.30248677798951e-06,False,0.007513611559723181,0.0,0.007513611559723181,0.8663812767847365,0.8663812767847365,-0.9891724634342187,1.0386631374300903,3.140290796624407,3.0773112998370196,0.9799446927478545,0.0018647764522292565,0.049928864722312574,0.048064088270083315,0.0018647764522292565,0.049928864722312574,0.048064088270083315,0.019806684312849546,0.029945862317171095,0.010139178004321549,0.01864736201559845,0.06170821615354209,0.04306085413794364,5.6842745550549365,5.684276023590534,5.684274568317717,0.07613847181954041,0.00038575220101211397,1,none,0.5226464900714185,0.5597996577193567,0.5226464900714185,3.5900196100505415,3.554213471422261,0.3118644010479239,0.2940996618654283,520,0.5226464900714185,0.0,1.0,0.0,,0,False,0,False,-0.003048195029428241,0.0003332503807611534,,-0.003048195029428241,0.0003332503807611534,,0.4350421313497835,0,False,False,False,False,False,0.0015980777372856295,2972,1550,0
187,True,187,187,1,0.11700000000000009,0.001,0.001,0,0,0,False,False,,,none,1.0,0.7841232544660145,0.7444151777813534,1.0003776492698464,0.017600451707720434,0.05059181028880463,True,2,1,4,1,True,2,,,2,2,2,386,,,,,,,,,6,0.8,1.309894469144002e-07,2.3800548940864806e-08,9.637297327538217e-07,8.910877981049087e-07,1.3192941912469842e-06,False,0.00751834767350831,0.0,0.00751834767350831,0.8664779050701628,0.8664779050701628,-0.9891645575296398,1.038643026883357,3.140290796624407,3.0772686836404035,0.9799311219675108,0.0018701656461843736,0.05059181028880463,0.04872164464262025,0.0018701656461843736,0.05059181028880463,0.04872164464262025,0.019806784865583217,0.029945822787648197,0.01013903792206498,0.01870125452994531,0.0623385871544013,0.04363733262445599,5.687485300816773,5.687486769857083,5.687485314128093,0.07612355290898344,0.00039307674659419653,1,none,0.5226158188158763,0.5597996577193567,0.5226158188158763,3.5900196100505415,3.5542317649611124,0.3118644010479239,0.2940808891350361,520,0.5226158188158763,0.0,1.0,0.0,,0,False,0,False,-0.003048353859671526,0.0003332934228279711,,-0.003048353859671526,0.0003332934228279711,,0.43503139313282746,0,False,False,False,False,False,1.6455900369731984e-07,2972,1550,0
188,True,188,188,1,0.11800000000000009,0.001,0.001,0,0,0,False,False,,,none,1.0,0.784928990781536,0.7451804764900904,1.0003776152882338,0.01760456525349711,0.051263424338827905,True,2,1,4,1,True,2,,,2,2,2,389,,,,,,,,,6,0.8,1.3257245250323353e-07,2.4100057615532932e-08,9.76235596883507e-07,9.025170702898817e-07,1.3363118164286816e-06,False,0.007522841444040258,0.0,0.007522841444040258,0.8665755381081123,0.8665755381081123,-0.9891565675988896,1.0386226686508098,3.140290796624407,3.0772255034175973,0.9799173715776257,0.0018754916393222485,0.051263424338827905,0.04938793269950566,0.0018754916393222485,0.051263424338827905,0.04938793269950566,0.019806886656745952,0.029945782837994445,0.010138896181248493,0.018754515121899837,0.06297647265727167,0.044221957535371836,5.690736509001958,5.690737978550813,5.6907365223596456,0.07610848567185259,0.00040058137806058485,1,none,0.5225847248622645,0.5597996577193567,0.5225847248622645,3.5900196100505415,3.5542503311098703,0.3118644010479239,0.2940618561884352,520,0.5225847248622645,0.0,1.0,0.0,,0,False,0,False,-0.0030485148684478345,0.0003333370273473888,,-0.0030485148684478345,0.0003333370273473888,,0.4350205073288146,0,False,False,False,False,False,1.6680881320243953e-07,2972,1550,0
189,True,189,189,1,0.11900000000000009,0.001,0.001,0,0,0,False,False,,,none,1.0,0.7857451234820887,0.7459556331763091,1.0003775636852654,0.01760865469170683,0.05194382053034341,True,2,1,4,1,True,2,,,2,2,2,384,,,,,,,,,6,0.8,1.341722203010698e-07,2.440301477967788e-08,9.889012898789973e-07,9.140855945885859e-07,1.3535419931385835e-06,False,0.0075270802852354934,0.0,0.0075270802852354934,0.8666741827517962,0.8666741827517962,-0.989148493087988,1.0386020595573662,3.140290796624407,3.0771817516445092,0.9799034391822135,0.0018807560032867146,0.05194382053034341,0.050063064527056694,0.0018807560032867146,0.05194382053034341,0.050063064527056694,0.01980698970221317,0.029945742465439937,0.010138752763226767,0.018807159509876895,0.06362194207065287,0.04481478256077598,5.694028663230727,5.6940301332919026,5.694028676632481,0.07609326940501154,0.00040827131079743004,1,none,0.5225532021665502,0.5597996577193567,0.5225532021665502,3.5900196100505415,3.55426917203228,0.3118644010479239,0.2940425594540786,520,0.5225532021665502,0.0,1.0,0.0,,0,False,0,False,-0.0030486780664973384,0.0003333811757195345,,-0.0030486780664973384,0.0003333811757195345,,0.43500947180345156,0,False,False,False,False,False,1.690641361289014e-07,2972,1550,0
190,True,190,190,1,0.12000000000000009,0.001,0.001,0,0,0,False,False,,,none,1.0,0.7865717828780228,0.7467407708751991,1.0003774942580597,0.017612718486364917,0.05263311389588567,True,2,1,4,1,True,2,,,2,2,2,399,,,,,,,,,6,0.8,1.3578934289131056e-07,2.470950714153163e-08,1.001728704977113e-06,9.257948758173949e-07,1.370987182963758e-06,False,0.007531051189785264,0.0,0.007531051189785264,0.8667738455051364,0.8667738455051364,-0.989140333453111,1.0385811966114875,3.140290796624407,3.077137420697816,0.9798893223536889,0.0018859602979313444,0.05263311389588567,0.05074715359795433,0.0018859602979313444,0.05263311389588567,0.05074715359795433,0.019807094016942566,0.029945701667265553,0.010138607650322987,0.018859203309268324,0.06427506396895723,0.0454158606596889,5.697362252143426,5.697363722720739,5.697362265587121,0.0760779034821126,0.00041615191274911465,1,none,0.5225212445910588,0.5597996577193567,0.5225212445910588,3.5900196100505415,3.5542882898951484,0.3118644010479239,0.2940229953077178,520,0.5225212445910588,0.0,1.0,0.0,,0,False,0,False,-0.0030488434735574405,0.0003334258985515428,,-0.0030488434735574405,0.0003334258985515428,,0.4349982843778159,0,False,False,False,False,False,1.7134651217476525e-07,2972,1550,0
191,True,191,191,1,0.1210000000000001,0.001,0.001,0,0,0,False,False,,,none,1.0,0.787409100785623,0.7475360140489189,1.0003774062848003,0.017616754707962572,0.053331420823853254,True,2,1,4,1,True,2,,,2,2,2,396,,,,,,,,,6,0.8,1.374235096839683e-07,2.501953894431744e-08,1.0147197564587288e-06,9.376464297272249e-07,1.3886497793434886e-06,False,0.007534740707559877,0.0,0.007534740707559877,0.8668745332252804,0.8668745332252804,-0.9891320881509532,1.038560078075507,3.140290796624407,3.0770925028332616,0.9798750186259568,0.001891106066321857,0.053331420823853254,0.0514403147575314,0.001891106066321857,0.053331420823853254,0.0514403147575314,0.019807199609622465,0.029945660440754765,0.0101384608311323,0.018910661940318572,0.0649359057070976,0.046025243766779037,5.70073776944057,5.700739240537818,5.70073778292385,0.07606238733340942,0.00042422871134079255,1,none,0.5224888458774251,0.5597996577193567,0.5224888458774251,3.5900196100505415,3.5543076870115202,0.3118644010479239,0.2940031600453456,520,0.5224888458774251,0.0,1.0,0.0,,0,False,0,False,-0.003049011115070085,0.000333471237740311,,-0.003049011115070085,0.000333471237740311,,0.434986942895736,0,False,False,False,False,False,1.7366438552520961e-07,2972,1550,0
192,True,192,192,1,0.1220000000000001,0.001,0.001,0,0,0,False,False,,,none,1.0,0.7882572105411605,0.748341488602583,1.0003772988538493,0.017620761147229963,0.05403885910143366,True,2,1,4,1,True,2,,,2,2,2,403,,,,,,,,,6,0.8,1.390762482244334e-07,2.5333364184466964e-08,1.0278763791985097e-06,9.496417985583e-07,1.4065323951634988e-06,False,0.007538134914262234,0.0,0.007538134914262234,0.8669762528429287,0.8669762528429287,-0.9891237566442097,1.038538702026781,3.140290796624407,3.0770469902053716,0.9798605255006899,0.0018961948342741015,0.05403885910143366,0.052142664267159564,0.0018961948342741015,0.05403885910143366,0.052142664267159564,0.019807306489866092,0.029945618783221047,0.010138312293354955,0.018961550668610664,0.06560453325420154,0.04664298258559088,5.704155713928115,5.704157185548945,5.7041557274484616,0.07604672014997964,0.0004325073954118917,1,none,0.5256561860928903,0.5630292711293124,0.5256561860928903,3.6398809935266874,3.604692794278958,0.3093668568453895,0.2916510316369618,523,0.5256561860928903,0.0,1.0,0.0,,0,False,0,False,-0.001245528075226146,0.0018686433623698153,,-0.001245528075226146,0.0018686433623698153,,0.4370146408968774,0,False,False,False,False,False,0.0023683970375011454,2972,1550,0
193,True,193,193,1,0.1230000000000001,0.001,0.001,0,0,0,False,False,,,none,1.0,0.7891162470149813,0.7491573218820906,1.000377171523788,0.01762473567683188,0.05475554791547514,True,2,1,4,1,True,2,,,2,2,2,399,,,,,,,,,6,0.8,1.4074686911733075e-07,2.565090401693918e-08,1.0412005273114068e-06,9.617825199497728e-07,1.4246374288911912e-06,False,0.007541219406271851,0.0,0.007541219406271851,0.8670790114312176,0.8670790114312176,-0.9891153384005803,1.038517066050391,3.140290796624407,3.077000874867613,0.9798458404473794,0.0019012281116552547,0.05475554791547514,0.05285431980381989,0.0019012281116552547,0.05475554791547514,0.05285431980381989,0.019807414669748044,0.0299455766920029,0.010138162022254857,0.01901188458992074,0.06628101110992596,0.047269126520005214,5.707616589537482,5.707618061685725,5.7076166030924425,0.07603090086998798,0.00044099381957393984,1,none,0.5256229631514252,0.5630292711293124,0.5256229631514252,3.6398809935266874,3.6047141433406695,0.3093668568453895,0.2916308712703105,523,0.5256229631514252,0.0,1.0,0.0,,0,False,0,False,-0.001245598875754924,0.0018687764647118132,,-0.001245598875754924,0.0018687764647118132,,0.4370031622194238,0,False,False,False,False,False,1.5076122950081465e-07,2972,1550,0
194,True,194,194,1,0.1240000000000001,0.001,0.001,0,0,0,False,False,,,none,1.0,0.7899863466256325,0.7499836426780754,1.000377023734799,0.01762867674760297,0.05548160788690957,True,2,1,4,1,True,2,,,2,2,2,398,,,,,,,,,6,0.8,1.424352947573418e-07,2.597214526704121e-08,1.0546941758306735e-06,9.740701298141442e-07,1.4429673550880042e-06,False,0.007543979289921836,0.0,0.007543979289921836,0.8671828159526455,0.8671828159526455,-0.9891068328935477,1.0384951672196796,3.140290796624407,3.07695414877468,0.9798309609040635,0.0019062073943534501,0.05548160788690957,0.053575400492556116,0.0019062073943534501,0.05548160788690957,0.053575400492556116,0.019807524163901604,0.029945534164467737,0.010138010000566133,0.01906167866433222,0.06696540220717803,0.04790372354284581,5.71112090536088,5.711122378040056,5.711120918947773,0.07601492844746498,0.0004496940084375266,1,none,0.5255892808382412,0.5630292711293124,0.5255892808382412,3.6398809935266874,3.604735800919211,0.3093668568453895,0.2916104313132826,523,0.5255892808382412,0.0,1.0,0.0,,0,False,0,False,-0.0012456705872518968,0.0018689113345983083,,-0.0012456705872518968,0.0018689113345983083,,0.4369915253703877,0,False,False,False,False,False,1.5274955018350249e-07,2972,1550,0
195,True,195,195,1,0.12500000000000008,0.001,0.001,0,0,0,False,False,,,none,1.0,0.7908676473540108,0.7508205812270536,1.00037685465854,0.017632582620239836,0.0562171610823836,True,2,1,4,1,True,2,,,2,2,2,404,,,,,,,,,6,0.8,1.4414229523659007e-07,2.629719701600345e-08,1.0683593215092116e-06,9.86506200243397e-07,1.4615247746176797e-06,False,0.007546399178957212,0.0,0.007546399178957212,0.8672876731326009,0.8672876731326009,-0.9890982396095037,1.0384730021603572,3.140290796624407,3.076906803781517,0.9798158842770155,0.0019111341663603626,0.0562171610823836,0.05430602691602324,0.0019111341663603626,0.0562171610823836,0.05430602691602324,0.01980763498919821,0.029945491198047517,0.010137856208849307,0.019110947731142656,0.06765776779032824,0.048546820059185584,5.714669175675466,5.714670648889343,5.714669189291663,0.07599880196993582,0.00045861416078156095,1,none,0.5266227287541447,0.5641058089326312,0.5266227287541447,3.5900196100505415,3.553265592988684,0.3142633579790889,0.29641619235740696,524,0.5266227287541447,0.0,1.0,0.0,,0,False,0,False,-0.0008478766755921886,0.0025948733054789353,,-0.0008478766755921886,0.0025948733054789353,,0.4369797280622456,0,False,False,False,False,False,0.000827804795418833,2972,1550,0
196,True,196,196,1,0.12600000000000008,0.001,0.001,0,0,0,False,False,,,none,1.0,0.7917602887574964,0.7516682692318681,1.0003766638200204,0.017636450546535364,0.056962331028136894,True,2,1,4,1,True,2,,,2,2,2,399,,,,,,,,,6,0.8,1.4586753724532005e-07,2.66260391460371e-08,1.0821979819920278e-06,9.990922952616228e-07,1.480312187027242e-06,False,0.007548463183057932,0.0,0.007548463183057932,0.8673935896899593,0.8673935896899593,-0.9890895580392599,1.0384505679961655,3.140290796624407,3.0768588316240546,0.9798006079346099,0.0019160098972784386,0.056962331028136894,0.05504632113085846,0.0019160098972784386,0.056962331028136894,0.05504632113085846,0.019807747160019176,0.029945447790196297,0.010137700630177122,0.019159706485392024,0.06835816740918019,0.04919846092378816,5.7182619199734495,5.718263393725551,5.718261933616084,0.07598252078940938,0.0004677606557357533,1,none,0.5276576559710768,0.5651823467359498,0.5276576559710768,3.5401582265743956,3.5010760834755352,0.31929778872219716,0.3014259864054531,525,0.5276576559710768,0.0,1.0,0.0,,0,False,0,False,-0.0014646539756817821,0.003143756108161431,,-0.0014646539756817821,0.003143756108161431,,0.43696776799731235,0,False,False,False,False,False,0.0008256431244710997,2972,1550,0
197,True,197,197,1,0.12700000000000009,0.001,0.001,0,0,0,False,False,,,none,1.0,0.7926644119841593,0.7525268398528749,1.0003764501518284,0.017640280065449834,0.057717242718528704,True,2,1,4,1,True,2,,,2,2,2,388,,,,,,,,,6,0.8,1.4761070005696562e-07,2.695858256143855e-08,1.0962121944050871e-06,1.011829974733789e-06,1.4993321035972068e-06,False,0.007550154870136494,0.0,0.007550154870136494,0.8675005717380267,0.8675005717380267,-0.98908078767897,1.0384278606390436,3.140290796624407,3.076810223946553,0.9797851292160294,0.0019208360484081978,0.057717242718528704,0.05579640667012051,0.0019208360484081978,0.057717242718528704,0.05579640667012051,0.019807860696804784,0.02994540393839485,0.010137543241590066,0.019207969548839344,0.06906665861641519,0.049858689067575845,5.72189966298689,5.721901137280807,5.721899676653073,0.07596608420140602,0.00047714005429400443,1,none,0.5297558575933596,0.5673354223427702,0.5297558575933596,3.540158226586959,3.500451517044908,0.3205141612496424,0.3026785858988735,527,0.5297558575933596,0.0,1.0,0.0,,0,False,0,False,-0.0004615564423799023,0.0027767609891835732,,-0.0004615564423799023,0.0027767609891835732,,0.43835617347410555,0,False,False,False,False,False,0.0010681245614018468,2972,1550,0
198,True,198,198,1,0.12800000000000009,0.001,0.001,0,0,0,False,False,,,none,1.0,0.7935801597868628,0.7533964277655579,1.0003762128353313,0.017644067804512078,0.05848202265461218,True,2,1,4,1,True,2,,,2,2,2,383,,,,,,,,,6,0.8,1.4937346638470994e-07,2.729516489577646e-08,1.1104040218732127e-06,1.0247208720214054e-06,1.5185873092565298e-06,False,0.0075514573028568,0.0,0.0075514573028568,0.8676086257310947,0.8676086257310947,-0.9890719280355161,1.0384048783517879,3.140290796624407,3.0767609722468854,0.9797694454138414,0.0019256140644324964,0.05848202265461218,0.056556408590179685,0.0019256140644324964,0.05848202265461218,0.056556408590179685,0.01980797560824106,0.02994535964017758,0.010137384031936519,0.019255751367119905,0.06978329713503198,0.050527545767912074,5.725582934734601,5.72558440957379,5.7255829484212475,0.07594949211646596,0.00048675911064603906,1,none,0.531860670997348,0.5694884979484692,0.531860670997348,3.4404354596994864,3.3955340221752452,0.3310560564901355,0.31327070647734384,529,0.531860670997348,0.0,1.0,0.0,,0,False,0,False,-0.0012328713967558475,0.0020515170273329945,,-0.0012328713967558475,0.0020515170273329945,,0.43834389807368546,0,False,False,False,False,False,0.0010587282763035518,2972,1550,0
199,True,199,199,1,0.1290000000000001,0.001,0.001,0,0,0,False,False,,,none,1.0,0.7945076765374863,0.7542771691384813,1.0003759509834125,0.017647810737975795,0.059256798832594194,True,2,1,4,1,True,2,,,2,2,2,385,,,,,,,,,6,0.8,1.511539649918403e-07,2.763548063062755e-08,1.1247755423831245e-06,1.0377665667820982e-06,1.5380802023289928e-06,False,0.007552352969919671,0.0,0.007552352969919671,0.8677177576417583,0.8677177576417583,-0.9890629786249453,1.038381617498056,3.140290796624407,3.0767110679355363,0.9797535537927842,0.001930345379808854,0.059256798832594194,0.05732645345278534,0.001930345379808854,0.059256798832594194,0.05732645345278534,0.01980809191250972,0.029945314893124724,0.010137222980615004,0.019303066291427157,0.07050813661041914,0.05120507031899199,5.729312270537995,5.72931374592593,5.729312284242015,0.07593274389820845,0.0004966247696662214,1,none,0.5328915336384987,0.5705650357517879,0.5328915336384987,3.4902968431756323,3.446585555336574,0.32694355889378257,0.3092286699881208,530,0.5328915336384987,0.0,1.0,0.0,,0,False,0,False,-0.0015806621476557637,0.0013043467460665723,,-0.0015806621476557637,0.0013043467460665723,,0.4383314536380598,0,False,False,False,False,False,0.0008241491585988983,2972,1550,0
200,True,200,200,1,0.1300000000000001,0.001,0.001,0,0,0,False,False,,,none,1.0,0.7954471082410337,0.7551692016955776,1.000375664216001,0.017651506467003926,0.06004170077815487,True,2,1,4,1,True,2,,,2,2,2,376,,,,,,,,,6,0.8,1.529542436074894e-07,2.7979887638242853e-08,1.1393288606847348e-06,1.0509686357490833e-06,1.5578135963160847e-06,False,0.007552823815989103,0.0,0.007552823815989103,0.8678279740390905,0.8678279740390905,-0.9890539389657669,1.038358076892816,3.140290796624407,3.076660502271641,0.9797374515694011,0.0019350314099049666,0.06004170077815487,0.0581066693682499,0.0019350314099049666,0.06004170077815487,0.0581066693682499,0.01980820961553592,0.029945269694828833,0.010137060079292912,0.01934992846740547,0.07124122840317713,0.05189129993577166,5.733088211075249,5.733089687015373,5.733088224793463,0.07591583944849577,0.0005067441807780354,1,none,0.532855167620029,0.5705650357517879,0.532855167620029,3.4902968431756323,3.4465912693284237,0.32694355889378257,0.30920705472793536,530,0.532855167620029,0.0,1.0,0.0,,0,False,0,False,-0.001580760032963813,0.0013044620638167556,,-0.001580760032963813,0.0013044620638167556,,0.4383188376943644,0,False,False,False,False,False,1.5126042786940473e-07,2972,1550,0
201,True,201,201,1,0.1310000000000001,0.001,0.001,0,0,0,False,False,,,none,1.0,0.796398602549806,0.7560726647121789,1.0003753518734453,0.017655152456324572,0.060836859556207365,True,2,1,4,1,True,2,,,2,2,2,371,,,,,,,,,6,0.8,1.5477434375425953e-07,2.8328402657123442e-08,1.1540660995180952e-06,1.064328710092051e-06,1.577790151149634e-06,False,0.007556053809352509,0.0,0.007556053809352509,0.8679392813159215,0.8679392813159215,-0.9890448085888138,1.038334254105963,3.140290796624407,3.0766092664165865,0.9797211359291076,0.001939673556547235,0.060836859556207365,0.05889718599966013,0.001939673556547235,0.060836859556207365,0.05889718599966013,0.019808328729470186,0.02994522404294407,0.010136895313473886,0.019396351914386663,0.07198262155737647,0.05258626964298981,5.736911302410086,5.736912778905753,5.736911316139137,0.0758987780860646,0.0005171246965133072,1,none,0.5338858407036446,0.5716415735551064,0.5338858407036446,3.4404354596994864,3.395112157940788,0.3323076861933273,0.3145026236938566,531,0.5338858407036446,0.0,1.0,0.0,,0,False,0,False,-0.0018770211762367945,0.0005361295063896655,,-0.0018770211762367945,0.0005361295063896655,,0.4383060477392942,0,False,False,False,False,False,0.0008234716654602432,2972,1550,0
202,True,202,202,1,0.1320000000000001,0.001,0.001,0,0,0,False,False,,,none,1.0,0.7973623087776242,0.7569876989874551,1.0003750133536677,0.01765874613347016,0.06164240777177975,True,2,1,4,1,True,2,,,2,2,2,366,,,,,,,,,6,0.8,1.566136591367673e-07,2.8680924788118546e-08,1.1689894027170892e-06,1.077848419750072e-06,1.598012475951766e-06,False,0.007562600904557137,0.0,0.007562600904557137,0.8680516855731167,0.8680516855731167,-0.9890355870374885,1.038310145295445,3.140290796624407,3.0765573514301705,0.9797046040249694,0.0019442732102039149,0.06164240777177975,0.059698134561575834,0.0019442732102039149,0.06164240777177975,0.059698134561575834,0.019808449273522776,0.02994517793518744,0.010136728661664665,0.01944235054072961,0.07273236264058867,0.05329001209985906,5.740782095997171,5.740783573051692,5.740782109733527,0.07588155915090253,0.0005277738783297913,1,none,0.534919192071105,0.5727181113570247,0.534919192071105,3.3905740763209398,3.3424141476142895,0.3378295819323153,0.32007954038425407,532,0.534919192071105,0.0,1.0,0.0,,0,False,0,False,-0.0017333893854119934,-0.00027605599870565137,,-0.0017333893854119934,-0.00027605599870565137,,0.4382930812326231,0,False,False,False,False,False,0.0008247880855240783,2972,1550,0
203,True,203,203,1,0.1330000000000001,0.001,0.001,0,0,0,False,False,,,none,1.0,0.7983383779139515,0.757914446874622,1.0003746477186544,0.01766228572723423,0.062458479634165384,True,2,1,4,1,True,2,,,2,2,2,363,,,,,,,,,6,0.8,1.584722500521131e-07,2.903747610970977e-08,1.1841009375522413e-06,1.0915293770081506e-06,1.6184832529993319e-06,False,0.0075687931412091874,0.0,0.0075687931412091874,0.8681651929415163,0.8681651929415163,-0.9890262738658184,1.0382857474380716,3.140290796624407,3.0765047482377357,0.9796878529672357,0.0019488317482384218,0.062458479634165384,0.060509647885926963,0.0019488317482384218,0.062458479634165384,0.060509647885926963,0.019808571262809643,0.02994513136932909,0.010136560106519449,0.019487938116662898,0.07349049558162919,0.054002557464966294,5.744701148716514,5.744702626333048,5.744701162456563,0.07586418249245394,0.0005386995053833132,1,none,0.5348813559315733,0.5727181113570247,0.5348813559315733,3.3905740763209398,3.342410262121469,0.3378295819323153,0.32005727243793075,532,0.5348813559315733,0.0,1.0,0.0,,0,False,0,False,-0.0017334986909391336,-0.0002760419996822077,,-0.0017334986909391336,-0.0002760419996822077,,0.43827993561808065,0,False,False,False,False,False,1.1019832539906874e-07,2972,1550,0
204,True,204,204,1,0.1340000000000001,0.001,0.001,0,0,0,False,False,,,none,1.0,0.7993269626380448,0.7588530522893292,1.000374253735749,0.017665769184511567,0.06328521094968616,True,2,1,4,1,True,2,,,2,2,2,366,,,,,,,,,6,0.8,1.603510658143311e-07,2.9398218325315493e-08,1.1994028930515808e-06,1.1053732791468226e-06,1.639205327486705e-06,False,0.007574611718566323,0.0,0.007574611718566323,0.8682798091731323,0.8682798091731323,-0.9890168686380542,1.0382610571153463,3.140290796624407,3.07645144765204,0.9796708798303042,0.0019533505386271324,0.06328521094968616,0.06133186041105902,0.0019533505386271324,0.06328521094968616,0.06133186041105902,0.019808694714423272,0.02994508434319027,0.010136389628767,0.019533128319414245,0.07425706132555032,0.05472393300613608,5.748669022902818,5.74867050108452,5.7486690366429025,0.07584664800545747,0.0005499095773246227,1,none,0.536974722312255,0.574871186963662,0.536974722312255,3.3905740763209407,3.342252057091368,0.33909961795463606,0.3213250904718199,534,0.536974722312255,0.0,1.0,0.0,,0,False,0,False,-0.0012184013403749555,0.0003300638394085103,,-0.0012184013403749555,0.0003300638394085103,,0.4408222080861634,0,False,False,False,False,False,0.0007954178579451804,2972,1550,0
205,True,205,205,1,0.1350000000000001,0.001,0.001,0,0,0,False,False,,,none,1.0,0.8003282173330457,0.759803660724091,1.0003738311068635,0.017670952953741003,0.06412273914006932,True,2,1,4,1,True,2,,,2,2,2,373,,,,,,,,,6,0.8,1.6224957278808043e-07,2.9763098219924516e-08,1.21489747877754e-06,1.1193817300125414e-06,1.6601813477182115e-06,False,0.007580037182048846,0.0,0.007580037182048846,0.8683955399538519,0.8683955399538519,-0.9890073709309664,1.0382360713017516,3.140290796624407,3.0763974403518173,0.9796536816458938,0.001957830936137293,0.06412273914006932,0.06216490820393202,0.001957830936137293,0.06412273914006932,0.06216490820393202,0.01980881964349124,0.02994503685465483,0.01013621721116359,0.01957793470125519,0.07503209821668888,0.05545416351543369,5.752686286366852,5.752687765116894,5.75268630010306,0.07582895588643072,0.0005614123222623305,1,none,0.5379980046098258,0.5759477247669806,0.5379980046098258,3.4404354597970865,3.394358927811568,0.334810945589399,0.3169953537922916,535,0.5379980046098258,0.0,1.0,0.0,,0,False,0,False,-0.0005788692038874558,-0.00017791142002588273,,-0.0005788692038874558,-0.00017791142002588273,,0.441235581320951,0,False,False,False,False,False,0.0008167253013086497,2972,1550,0
206,True,206,206,1,0.1360000000000001,0.001,0.001,0,0,0,False,False,,,none,1.0,0.8013422980999998,0.7607664192979184,1.0003733791552551,0.017676567918665433,0.06497120323099938,True,2,1,4,1,True,2,,,2,2,2,371,,,,,,,,,6,0.8,1.6416867443861976e-07,3.0132307561497105e-08,1.2305869289176195e-06,1.1335564444685395e-06,1.6814142000247795e-06,False,0.007585049430927183,0.0,0.007585049430927183,0.8685123910943757,0.8685123910943757,-0.988997780334746,1.0382107882919374,3.140290796624407,3.0763427168748017,0.979636255400823,0.0019622742818276562,0.06497120323099938,0.06300892894917172,0.0019622742818276562,0.06497120323099938,0.06300892894917172,0.019808946058540312,0.029944988901673728,0.010136042843133415,0.01962237067017588,0.0758156415636551,0.05619327089347922,5.7567535124461555,5.756754991767439,5.756753526174496,0.0758111064312157,0.0005732162045779447,1,none,0.5390229924138408,0.5770242625702992,0.5390229924138408,3.4902968432732315,3.446024494444141,0.3306448067203136,0.31283758619991325,536,0.5390229924138408,0.0,1.0,0.0,,0,False,0,False,-0.00034216511981123603,0.0006025882439125544,,-0.00034216511981123603,0.0006025882439125544,,0.44122205570302897,0,False,False,False,False,False,0.0008156031809810303,2972,1550,0
207,True,207,207,1,0.1370000000000001,0.001,0.001,0,0,0,False,False,,,none,1.0,0.8023693627719062,0.7617414767491704,1.0003728967932335,0.01768213623489086,0.06583074390661392,True,2,1,4,1,True,2,,,2,2,2,367,,,,,,,,,6,0.8,1.6610849319585893e-07,3.050583769929281e-08,1.2464734952009342e-06,1.1478990202406295e-06,1.7029066247311874e-06,False,0.007589627659986331,0.0,0.007589627659986331,0.868630368275729,0.868630368275729,-0.9889880964515981,1.0381852054037213,3.140290796624407,3.0762872676453195,0.9796185980457965,0.0019666819043899562,0.06583074390661392,0.06386406200222397,0.0019666819043899562,0.06583074390661392,0.06386406200222397,0.019809073972981393,0.02994494048225799,0.010135866509276597,0.019666449512198588,0.07660772333793853,0.056941273825739935,5.760871280023999,5.76087275991948,5.760871293740283,0.07579309960173145,0.0005853299277892018,1,none,0.5400535083328772,0.5781008003736178,0.5400535083328772,3.4404354597970856,3.3934397732151123,0.3360625752925554,0.31829267317227433,537,0.5400535083328772,0.0,1.0,0.0,,0,False,0,False,0.000250021382134306,0.001167162909599911,,0.000250021382134306,0.001167162909599911,,0.44120834315337387,0,False,False,False,False,False,0.0008181866573236745,2972,1550,0
208,True,208,208,1,0.1380000000000001,0.001,0.001,0,0,0,False,False,,,none,1.0,0.8034095709277332,0.7627289834300173,1.000372382834997,0.017687654949999295,0.06670150352442752,True,2,1,4,1,True,2,,,2,2,2,371,,,,,,,,,6,0.8,1.680692622184967e-07,3.088376313043605e-08,1.2625594541096563e-06,1.1624112077753034e-06,1.7246614957292576e-06,False,0.0075937503508250286,0.0,0.0075937503508250286,0.8687494770676699,0.8687494770676699,-0.988978318900135,1.0381593193311087,3.140290796624407,3.0762310829662938,0.9796007064928595,0.001971055120563031,0.06670150352442752,0.0647304484038645,0.001971055120563031,0.06670150352442752,0.0647304484038645,0.019809203403344456,0.029944891594500676,0.01013568819115622,0.01971018439428446,0.07740837196272496,0.0576981875684405,5.765040173546131,5.765041654018588,5.7650401872460835,0.07577493552787107,0.0005977624417959667,1,none,0.5410827494883217,0.5791773381769364,0.5410827494883217,3.3905740763209398,3.3411547143567555,0.3416396899992776,0.32388967033661703,538,0.5410827494883217,0.0,1.0,0.0,,0,False,0,False,-0.0005198323578445403,0.0008899193780909285,,-0.0005198323578445403,0.0008899193780909285,,0.4411944409467682,0,False,False,False,False,False,0.0008182534795055803,2972,1550,0
209,True,209,209,1,0.1390000000000001,0.001,0.001,0,0,0,False,False,,,none,1.0,0.8044630839064493,0.7637290912815105,1.0003718360405576,0.01769312169585552,0.06758362612494755,True,2,1,4,1,True,2,,,2,2,2,371,,,,,,,,,6,0.8,1.7005023753137035e-07,3.126596367400811e-08,1.278847101811455e-06,1.1770946823092036e-06,1.7466815521728919e-06,False,0.007597395257908524,0.0,0.007597395257908524,0.868869722490001,0.868869722490001,-0.988968447317047,1.0381331253431147,3.140290796624407,3.0761741530272793,0.9795825776179554,0.0019753952404527753,0.06758362612494755,0.06560823088449477,0.0019753952404527753,0.06758362612494755,0.06560823088449477,0.019809334373284426,0.029944842236585237,0.010135507863300811,0.019753588411219727,0.0782176123855836,0.05846402397436387,5.769260783020238,5.769262264072448,5.769260796699417,0.07575661456570017,0.0006105229470189602,1,none,0.5410418214988418,0.5791773381769364,0.5410418214988418,3.3905740763209398,3.341148009261671,0.3416396899992776,0.3238658209687643,538,0.5410418214988418,0.0,1.0,0.0,,0,False,0,False,-0.0005198800890139487,0.0008900189799316617,,-0.0005198800890139487,0.0008900189799316617,,0.441180346294959,0,False,False,False,False,False,1.1044813810344865e-07,2972,1550,0
210,True,210,210,1,0.1400000000000001,0.001,0.001,0,0,0,False,False,,,none,1.0,0.8055300648207939,0.7647419539186069,1.000371255877305,0.017698532891559295,0.06847725744085577,True,2,1,4,1,True,2,,,2,2,2,372,,,,,,,,,6,0.8,1.7205266127438274e-07,3.165265693702346e-08,1.2953387603074345e-06,1.191951087631424e-06,1.76896973071992e-06,False,0.007600539408505191,0.0,0.007600539408505191,0.8689911097971041,0.8689911097971041,-0.9889584813480333,1.038106621935467,3.140290796624407,3.0761164678394524,0.9795642082402248,0.001979703559372936,0.06847725744085577,0.06649755388148283,0.001979703559372936,0.06847725744085577,0.06649755388148283,0.019809466890322668,0.029944792406740164,0.010135325516417496,0.019796674522632323,0.07903546637476398,0.059238791852131656,5.773533704075976,5.773535185710565,5.77353371772971,0.07573813786547481,0.0006236209092519755,1,none,0.5410003219171767,0.5791773381769364,0.5410003219171767,3.3905740763209398,3.341141222754398,0.3416396899992776,0.32384163724224885,538,0.5410003219171767,0.0,1.0,0.0,,0,False,0,False,-0.0005199279939041713,0.0008901196649242862,,-0.0005199279939041713,0.0008901196649242862,,0.4411660563466703,0,False,False,False,False,False,1.115004316002563e-07,2972,1550,0
211,True,211,211,1,0.1410000000000001,0.001,0.001,0,0,0,False,False,,,none,1.0,0.8066106785711809,0.7657677266033095,1.0003706420072758,0.01770388512978344,0.06938254489777328,True,2,1,4,1,True,2,,,2,2,2,369,,,,,,,,,6,0.8,1.740764401190579e-07,3.2043828936821355e-08,1.3120367696712583e-06,1.2069821279140103e-06,1.7915288878638489e-06,False,0.0076031590806601435,0.0,0.0076031590806601435,0.8691136436957395,0.8691136436957395,-0.9889484206621005,1.038079805474692,3.140290796624407,3.076058017313855,0.9795455951469214,0.001983981365746741,0.06938254489777328,0.06739856353202653,0.001983981365746741,0.06938254489777328,0.06739856353202653,0.019809600972626542,0.0299447421033105,0.010135141130683957,0.019839455606647585,0.0798619518028236,0.060022496196176015,5.777859537975637,5.777861020195178,5.777859551599241,0.07571950606501676,0.0006370660570084898,1,none,0.5420225662614793,0.5802538759802551,0.5420225662614793,3.4404354597970856,3.39278913066997,0.33731420499571185,0.31951444394921574,539,0.5420225662614793,0.0,1.0,0.0,,0,False,0,False,-0.0009616177670576602,0.0002053014598655229,,-0.0009616177670576602,0.0002053014598655229,,0.44199717323960114,0,False,False,False,False,False,0.000814902343651242,2972,1550,0
212,True,212,212,1,0.1420000000000001,0.001,0.001,0,0,0,False,False,,,none,1.0,0.807705091859441,0.766806566261819,1.000369992976331,0.01770917515647147,0.07029963768342586,True,2,1,4,1,True,2,,,2,2,2,369,,,,,,,,,6,0.8,1.761223790451106e-07,3.2439628366527864e-08,1.3289434957857616e-06,1.2221895365425296e-06,1.8143620091135044e-06,False,0.0076052297811351685,0.0,0.0076052297811351685,0.8692373289368682,0.8692373289368682,-0.9889382649433193,1.038052672990303,3.140290796624407,3.075998791208267,0.9795267350764938,0.0019882299342210605,0.07029963768342586,0.0683114077492048,0.0019882299342210605,0.07029963768342586,0.0683114077492048,0.019809736635048484,0.0299446913247166,0.010134954689668116,0.019881944419096367,0.08069708226069877,0.060815137841602404,5.782238891632578,5.782240374439413,5.782238905221063,0.07570072037365644,0.0006508683952682519,1,none,0.5430502517265243,0.581330413783308,0.5430502517265243,3.390574076338802,3.3402079608335784,0.3429097260196351,0.3251595458092384,540,0.5430502517265243,0.0,1.0,0.0,,0,False,0,False,-0.0010110681381011732,-0.0006107998635540035,,-0.0010110681381011732,-0.0006107998635540035,,0.4419823974352374,0,False,False,False,False,False,0.0008175981343444,2972,1550,0
213,True,213,213,1,0.1430000000000001,0.001,0.001,0,0,0,False,False,,,none,1.0,0.8088134732025936,0.7678586314628357,1.000369307524616,0.01771439962035942,0.07122868668317325,True,2,1,4,1,True,2,,,2,2,2,368,,,,,,,,,6,0.8,1.7818899302293756e-07,3.2839874482732766e-08,1.3460613234286812e-06,1.2375751132262375e-06,1.837471910505866e-06,False,0.007606726220957993,0.0,0.007606726220957993,0.8693621697739821,0.8693621697739821,-0.988928013892128,1.0380252199061184,3.140290796624407,3.0759387791628443,0.9795076247299337,0.001992450533719885,0.07122868668317325,0.06923623614945337,0.001992450533719885,0.07122868668317325,0.06923623614945337,0.01980987390046941,0.02994464006946064,0.01013476616899123,0.019924153643429195,0.08154086672891364,0.06161671308548444,5.786672377611498,5.786673861007868,5.7866723911597395,0.0756817819326754,0.0006650382071303336,1,none,0.5430070545305041,0.581330413783308,0.5430070545305041,3.390574076338802,3.340198882216064,0.3429097260196351,0.325134564544399,540,0.5430070545305041,0.0,1.0,0.0,,0,False,0,False,-0.0010111483316894462,-0.0006108038324881184,,-0.0010111483316894462,-0.0006108038324881184,,0.4419674156416114,0,False,False,False,False,False,8.029174327478663e-08,2972,1550,0
214,True,214,214,1,0.1440000000000001,0.001,0.001,0,0,0,False,False,,,none,1.0,0.8099359929463495,0.7689240824944051,1.0003685847129589,0.01771955531404615,0.07216984463854823,True,2,1,4,1,True,2,,,2,2,2,364,,,,,,,,,6,0.8,1.8027793766559328e-07,3.3244774932808306e-08,1.363392661554431e-06,1.2531403672308846e-06,1.8608615422522236e-06,False,0.007607622312326305,0.0,0.007607622312326305,0.869488170614877,0.869488170614877,-0.9889176672208482,1.037997444665253,3.140290796624407,3.075877970633484,0.9794882607495579,0.001996644420598897,0.07216984463854823,0.07017320021794933,0.001996644420598897,0.07216984463854823,0.07017320021794933,0.019810012776673738,0.02994458833610424,0.010134575559430502,0.019966095841776717,0.0823933105274658,0.062427214685689084,5.791160614183114,5.791162098171221,5.791160627685761,0.07566269264531607,0.0006795860700290534,1,none,0.542963252455622,0.581330413783308,0.542963252455622,3.390574076338802,3.340189679720779,0.3429097260196351,0.3251092330187732,540,0.542963252455622,0.0,1.0,0.0,,0,False,0,False,-0.001011229037537508,-0.0006108082135005206,,-0.001011229037537508,-0.0006108082135005206,,0.4419522248732394,0,False,False,False,False,False,8.082466938407206e-08,2972,1550,0
215,True,215,215,1,0.1450000000000001,0.001,0.001,0,0,0,False,False,,,none,1.0,0.8110728232786308,0.7700030813648564,1.000367824174846,0.017724639836588257,0.07312326609481003,True,2,1,4,1,True,2,,,2,2,2,357,,,,,,,,,6,0.8,1.8238935327138275e-07,3.36543819268791e-08,1.3809399408266182e-06,1.2688870730456217e-06,1.8845338993825878e-06,False,0.0076078911540143415,0.0,0.0076078911540143415,0.8696153357267358,0.8696153357267358,-0.9889072246620788,1.0379693449214442,3.140290796624407,3.0758163549472766,0.9794686397366651,0.002000812840356501,0.07312326609481003,0.07112245325445353,0.002000812840356501,0.07312326609481003,0.07112245325445353,0.019810153275392782,0.029944536123310397,0.010134382847917615,0.02000778346315822,0.08325441457864845,0.06324663111549023,5.79570422534849,5.795705709930354,5.79570423879999,0.0756434540429183,0.0006945228567276982,1,none,0.5450600374455246,0.5834834893899452,0.5450600374455246,3.29085130938651,3.2347809940091166,0.3546094518009201,0.3369996537354383,542,0.5450600374455246,0.0,1.0,0.0,,0,False,0,False,0.00046955866922003385,-0.001297703838116777,,0.00046955866922003385,-0.001297703838116777,,0.4419368220928189,0,False,False,False,False,False,0.001632347337915928,2972,1550,0
216,True,216,216,1,0.1460000000000001,0.001,0.001,0,0,0,False,False,,,none,1.0,0.8122241382430486,0.771095791778833,1.0003670247873386,0.017729651583950724,0.074089107369402,True,2,1,4,1,True,2,,,2,2,2,356,,,,,,,,,6,0.8,1.8452433093291065e-07,3.406895401918282e-08,1.3987056161302763e-06,1.2848170995752686e-06,1.90849215410742e-06,False,0.007607505019868056,0.0,0.007607505019868056,0.8697436690636818,0.8697436690636818,-0.988896685970528,1.0379409168038698,3.140290796624407,3.0757539213045635,0.9794487582521924,0.0020049570285512216,0.074089107369402,0.07208415034085078,0.0020049570285512216,0.074089107369402,0.07208415034085078,0.019810295415980655,0.029944483429852637,0.010134188013871982,0.02004922886789437,0.0841241749728336,0.06407494610493923,5.800303840837589,5.800305326015144,5.800303854232355,0.07562406774537427,0.000709859743812878,1,none,0.5450150847044581,0.5834834893899452,0.5450150847044581,3.29085130938651,3.2347571292120505,0.3546094518009201,0.33697434640925733,542,0.5450150847044581,0.0,1.0,0.0,,0,False,0,False,0.0004695978105357859,-0.0012977646609951573,,0.0004695978105357859,-0.0012977646609951573,,0.4419212041418146,0,False,False,False,False,False,7.232886791086034e-08,2972,1550,0
217,True,217,217,1,0.1470000000000001,0.001,0.001,0,0,0,False,False,,,none,1.0,0.8133901137522894,0.7722023791292005,1.0003661841719609,0.01773458610015645,0.075067526561221,True,2,1,4,1,True,2,,,2,2,2,358,,,,,,,,,6,0.8,1.8668074381711585e-07,3.4488122737236206e-08,1.4166921601414258e-06,1.3009321158018417e-06,1.932739034958648e-06,False,0.007606435338081426,0.0,0.007606435338081426,0.8698731742414807,0.8698731742414807,-0.9888860509251923,1.037912155972005,3.140290796624407,3.075690658753596,0.9794286128086443,0.0020090782130722283,0.075067526561221,0.07305844834814877,0.0020090782130722283,0.075067526561221,0.07305844834814877,0.019810439220139975,0.029944430254625964,0.010133991034485989,0.02009044435261874,0.08500258271804381,0.06491213836542507,5.804960096097724,5.804961581872637,5.804960109429776,0.07560453563058203,0.0007256082204432807,1,none,0.5460329114638562,0.5845600271932638,0.5460329114638562,3.340712692862656,3.2865746152788757,0.34996126930769045,0.3322808549213624,543,0.5460329114638562,0.0,1.0,0.0,,0,False,0,False,0.0009469140394523041,-0.0006398089055241304,,0.0009469140394523041,-0.0006398089055241304,,0.4445774295066433,0,False,False,False,False,False,0.000812857034505168,2972,1550,0
218,True,218,218,1,0.1480000000000001,0.001,0.001,0,0,0,False,False,,,none,1.0,0.8145709276012245,0.7733230105613501,1.0003653011566447,0.017739438927714825,0.07605868364866375,True,2,1,4,1,True,2,,,2,2,2,413,,,,,,,,,6,0.8,1.8885987240013976e-07,3.491216625797829e-08,1.4349020732555486e-06,1.317233857213585e-06,1.9572776770756554e-06,False,0.007604652668190076,0.0,0.007604652668190076,0.870003855071369,0.870003855071369,-0.9888753193212739,1.0378830603482119,3.140290796624407,3.07562655616444,0.9794081998617846,0.002013177610997613,0.07605868364866375,0.07404550603766613,0.002013177610997613,0.07605868364866375,0.07404550603766613,0.019810584698258936,0.02994437659660637,0.010133791898347434,0.020131442087012077,0.08588962388259434,0.06575818179558227,5.809673632358865,5.80967511873285,5.809673645622143,0.07558486042663261,0.0007417801002282227,1,none,0.5470567496787518,0.5856365649965826,0.5470567496787518,3.290851309386511,3.2340867503883945,0.3559179737633047,0.33830678760429267,544,0.5470567496787518,0.0,1.0,0.0,,0,False,0,False,0.0016915407801258043,-0.0003115213445549825,,0.0016915407801258043,-0.0003115213445549825,,0.44456163165488644,0,False,False,False,False,False,0.000813782345356,2972,1550,0
219,True,219,219,1,0.1490000000000001,0.001,0.001,0,0,0,False,False,,,none,1.0,0.8157667594798624,0.7744578550375021,1.0003643748920432,0.017744206198600062,0.07706274045472339,True,2,1,4,1,True,2,,,2,2,2,415,,,,,,,,,6,0.8,1.910629862108812e-07,3.534130374729353e-08,1.4533378767494216e-06,1.3337239696044578e-06,1.9821111683107907e-06,False,0.007602126714499759,0.0,0.007602126714499759,0.8701357159039392,0.8701357159039392,-0.9888644909680975,1.0378536298272336,3.140290796624407,3.0755616022279235,0.9793875158102991,0.0020172564228853754,0.07706274045472339,0.07504548403183801,0.0020172564228853754,0.07706274045472339,0.07504548403183801,0.019810731850863832,0.029944322454840484,0.010133590603976651,0.020172234063364262,0.08678527932791735,0.06661304526455308,5.814445096676897,5.8144465836512795,5.814445109865005,0.07556504469612224,0.0007583875315201213,1,none,0.5470099464404361,0.5856365649965826,0.5470099464404361,3.290851309386511,3.2340603923662807,0.3559179737633047,0.3382806009013348,544,0.5470099464404361,0.0,1.0,0.0,,0,False,0,False,0.0016916776240423748,-0.00031151335383195985,,0.0016916776240423748,-0.00031151335383195985,,0.44454561305861906,0,False,False,False,False,False,1.370770190687622e-07,2972,1550,0
220,True,220,220,1,0.1500000000000001,0.001,0.001,0,0,0,False,False,,,none,1.0,0.8169777909863303,0.7756070833079309,1.0003634048833345,0.01774888417008295,0.07807986066902722,True,2,1,4,1,True,2,,,2,2,2,424,,,,,,,,,6,0.8,1.9329040829924115e-07,3.577565236270023e-08,1.472002112867465e-06,1.3504042930310489e-06,2.0072426495482383e-06,False,0.00759882627800014,0.0,0.00759882627800014,0.870268760818901,0.870268760818901,-0.9888535656996144,1.0378238620826445,3.140290796624407,3.0754957855196956,0.9793665570161968,0.002021315839424373,0.07807986066902722,0.07605854482960285,0.002021315839424373,0.07807986066902722,0.07605854482960285,0.01981088068958678,0.029944267828498072,0.010133387138911293,0.020212832179676267,0.08768952456796429,0.06747669238828802,5.819275141942266,5.819276629518253,5.819275155048686,0.07554509033796773,0.0007754430005168145,1,none,0.5480315750158586,0.5867131027999012,0.5480315750158586,3.240989925910366,3.18193226476176,0.36205796143294,0.34446463935453464,545,0.5480315750158586,0.0,1.0,0.0,,0,False,0,False,0.0018720679534384706,0.00048276732026252683,,0.0018720679534384706,0.00048276732026252683,,0.44452937042146135,0,False,False,False,False,False,0.0008145074954717262,2972,1550,0
221,True,221,221,1,0.1510000000000001,0.001,0.001,0,0,0,False,False,,,none,1.0,0.8182042056398113,0.7767708678553498,1.0003623904674017,0.017753469126820288,0.07911020985783522,True,2,1,4,1,True,2,,,2,2,2,426,,,,,,,,,6,0.8,1.9554196227041835e-07,3.621522981675046e-08,1.4908973465584229e-06,1.3672767029135958e-06,2.0326752525143964e-06,False,0.007594719248740972,0.0,0.007594719248740972,0.870402993517829,0.870402993517829,-0.988842543374317,1.0377937525566534,3.140290796624407,3.075429094486294,0.9793453198003718,0.0020253570429151556,0.07911020985783522,0.07708485281492007,0.0020253570429151556,0.07911020985783522,0.07708485281492007,0.019811031237216732,0.029944212716871584,0.010133181479654852,0.02025324825754673,0.08860232957701826,0.06834908131947154,5.824164426848458,5.824165915027242,5.824164439866429,0.0755249995228978,0.0007929593402668148,1,none,0.5490534637246904,0.5877896406027429,0.5490534637246904,3.1911285424681255,3.1294335964283224,0.36838982371304085,0.3508963822407574,546,0.5490534637246904,0.0,1.0,0.0,,0,False,0,False,0.0020984190820230583,-0.00029967356946624025,,0.0020984190820230583,-0.00029967356946624025,,0.4445129003745368,0,False,False,False,False,False,0.0008145235290223735,2972,1550,0
222,True,222,222,1,0.1520000000000001,0.001,0.001,0,0,0,False,False,,,none,1.0,0.8194461888932489,0.7779493829015265,1.0003613310114532,0.01775795758301413,0.08015395553943622,True,2,1,4,1,True,2,,,2,2,2,428,,,,,,,,,6,0.8,1.9781643616833459e-07,3.665970466681343e-08,1.5100261593605147e-06,1.3843426256545472e-06,2.058411713803094e-06,False,0.007589772592631702,0.0,0.007589772592631702,0.8705384173357481,0.8705384173357481,-0.9888314238707849,1.037763296743978,3.140290796624407,3.0753615174065527,0.979323800430314,0.0020293812089393873,0.08015395553943622,0.07812457433049683,0.0020293812089393873,0.08015395553943622,0.07812457433049683,0.019811183516280105,0.029944157119353925,0.01013297360307382,0.020293494058487176,0.08952365822605941,0.06923016416757224,5.829113615888506,5.8291151046709775,5.829113628810977,0.07550477514381286,0.0008109497420600037,1,none,0.5500681460960725,0.5888661784060614,0.5500681460960725,3.2409899259442723,3.181227618430006,0.3633866144983425,0.34582130678693224,547,0.5500681460960725,0.0,1.0,0.0,,0,False,0,False,0.001902663210631408,-0.0010849653486059326,,0.001902663210631408,-0.0010849653486059326,,0.44639993448628956,0,False,False,False,False,False,0.000809322889561816,2972,1550,0
223,True,223,223,1,0.1530000000000001,0.001,0.001,0,0,0,False,False,,,none,1.0,0.8207039281457891,0.779142804459452,1.000360225140167,0.017762345877839977,0.081211267185649,True,2,1,4,1,True,2,,,2,2,2,429,,,,,,,,,6,0.8,2.0011540867619504e-07,3.7109553080552905e-08,1.5293911686144113e-06,1.4016041691180434e-06,2.0844555378429914e-06,False,0.0075839523959728705,0.0,0.0075839523959728705,0.8706750352494035,0.8706750352494035,-0.988820207094473,1.0377324915426416,3.140290796624407,3.0752930423836697,0.9793019951175842,0.002033389508302868,0.081211267185649,0.07917787767734613,0.002033389508302868,0.081211267185649,0.07917787767734613,0.01981133754228679,0.029944101035472365,0.010132763493185575,0.02033358129300852,0.09045346875684132,0.0701198874638328,5.834123379403105,5.834124868789944,5.834123392222756,0.07548442088203026,0.0008294277662727745,1,none,0.5500187663957066,0.5888661784060614,0.5500187663957066,3.2409899259442723,3.1811919075016584,0.3633866144983425,0.34579414407454756,547,0.5500187663957066,0.0,1.0,0.0,,0,False,0,False,0.001902829916628469,-0.001085015727858162,,0.001902829916628469,-0.001085015727858162,,0.44638304794448475,0,False,False,False,False,False,1.7415211314063748e-07,2972,1550,0
224,True,224,224,1,0.1540000000000001,0.001,0.001,0,0,0,False,False,,,none,1.0,0.8219776127551527,0.7803513103263018,1.0003590716134614,0.017766630206917152,0.08228231616349123,True,2,1,4,1,True,2,,,2,2,2,431,,,,,,,,,6,0.8,2.0243911998784613e-07,3.7564691566291345e-08,1.5489950033238585e-06,1.4190628759256554e-06,2.110809718924611e-06,False,0.007577223813487181,0.0,0.007577223813487181,0.8708128498701895,0.8708128498701895,-0.9888088929710921,1.0377013334609473,3.140290796624407,3.075223657362253,0.9792799000232408,0.0020373831062598454,0.08228231616349123,0.08024493305723138,0.0020373831062598454,0.08228231616349123,0.08024493305723138,0.019811493332695263,0.02994404446485546,0.010132551132160196,0.020373521604522132,0.09139171268517218,0.07101819108065005,5.839194393570618,5.839195883562267,5.8391944062800105,0.07546394048198096,0.0008484073500367276,1,none,0.5510354262790975,0.58994271620938,0.5510354262790975,3.2908513094204173,3.23212587963457,0.35853501768408996,0.3409739885139613,548,0.5510354262790975,0.0,1.0,0.0,,0,False,0,False,0.0027061454653049886,-0.000996523647315441,,0.0027061454653049886,-0.000996523647315441,,0.446365924871831,0,False,False,False,False,False,0.0008081749309798202,2972,1550,0
225,True,225,225,1,0.1550000000000001,0.001,0.001,0,0,0,False,False,,,none,1.0,0.8232674340497003,0.7815750801343345,1.000357869263734,0.017770807139566924,0.08336727583102521,True,2,1,4,1,True,2,,,2,2,2,450,,,,,,,,,6,0.8,2.047865365263604e-07,3.80250818626092e-08,1.5688403184331966e-06,1.436720505442491e-06,2.137477295293127e-06,False,0.007569551065996313,0.0,0.007569551065996313,0.8709518642434656,0.8709518642434656,-0.9887974814501312,1.0376698207905481,3.140290796624407,3.075153350089026,0.9792575112453282,0.002041363153444598,0.08336727583102521,0.08132591267758062,0.002041363153444598,0.08336727583102521,0.08132591267758062,0.01981165089604726,0.029943987407250655,0.010132336511203394,0.02041332648988027,0.0923383360330888,0.07192500954320853,5.844327340440648,5.844328831037497,5.844327353031956,0.07544333815540592,0.0008679028226067363,1,none,0.5531208960309237,0.5920957918160172,0.5531208960309237,3.1911285424681264,3.1286056229997197,0.3710886502604313,0.35358940223382274,550,0.5531208960309237,0.0,1.0,0.0,,0,False,0,False,0.0030202966323163204,-0.0016099148116869078,,0.0030202966323163204,-0.0016099148116869078,,0.446348561641536,0,False,False,False,False,False,0.0006891586727768616,2972,1550,0
226,True,226,226,1,0.1560000000000001,0.001,0.001,0,0,0,False,False,,,none,1.0,0.8245735853402788,0.7828142953954098,1.0003566168827207,0.017774872910608502,0.08446632155451779,True,2,1,4,1,True,2,,,2,2,2,463,,,,,,,,,6,0.8,2.071605952424373e-07,3.849124161427637e-08,1.5889297945154774e-06,1.454578869492738e-06,2.1644617500376342e-06,False,0.007560897413852102,0.0,0.007560897413852102,0.8710920812389231,0.8710920812389231,-0.9887859725067571,1.0376379524964325,3.140290796624407,3.0750821081460553,0.9792348248294563,0.002045330792447534,0.08446632155451779,0.08242099076207025,0.002045330792447534,0.08446632155451779,0.08242099076207025,0.019811810237517838,0.029943929862533785,0.010132119625015947,0.020453007370251085,0.09329327853345908,0.07284027116320799,5.8495229079842455,5.849524399186294,5.849522920449417,0.07542261804843285,0.0008879289148440455,1,none,0.5551967047223229,0.5942488674226545,0.5551967047223229,3.290851309420418,3.2318702724786683,0.3611520616088322,0.3435761078965074,552,0.5551967047223229,0.0,1.0,0.0,,0,False,0,False,0.0027503571320202725,-0.0018963715486297803,,0.0027503571320202725,-0.0018963715486297803,,0.4497903556494501,0,False,False,False,False,False,0.00039360487288655116,2972,1550,0
227,True,227,227,1,0.1570000000000001,0.001,0.001,0,0,0,False,False,,,none,1.0,0.8258962619321706,0.7840691394195881,1.000355312522946,0.01777882340203274,0.08557963069238834,True,2,1,4,1,True,2,,,2,2,2,448,,,,,,,,,6,0.8,2.0955940711445495e-07,3.896292328172427e-08,1.6092661272122464e-06,1.4726398038098744e-06,2.1917661176454723e-06,False,0.0075598070717639645,0.0,0.0075598070717639645,0.8712335030113414,0.8712335030113414,-0.9887743661531795,1.03760572409697,3.140290796624407,3.0750099189939233,0.9792118367825501,0.0020492871622076036,0.08557963069238834,0.08353034353018074,0.0020492871622076036,0.08557963069238834,0.08353034353018074,0.019811971379515153,0.0299438718307659,0.010131900451250748,0.020492575639110368,0.09425647315097627,0.0737638975118659,5.854781790034103,5.854783281841181,5.8547818023648,0.07540178388839784,0.000908500763130615,1,none,0.5572722170642674,0.5964019430292917,0.5572722170642674,3.290851309420418,3.2328271494507277,0.36246058357120337,0.3447584366884265,554,0.5572722170642674,0.0,1.0,0.0,,0,False,0,False,0.002487599776442873,-0.00223342206136123,,0.002487599776442873,-0.00223342206136123,,0.4498776240731411,0,False,False,False,False,False,0.0004273692502304781,2972,1550,0
228,True,228,228,1,0.1580000000000001,0.001,0.001,0,0,0,False,False,,,none,1.0,0.8272356611365865,0.7853397973488425,1.0003539552700096,0.017782654585860667,0.08670738260880104,True,2,1,4,1,True,2,,,2,2,2,460,,,,,,,,,6,0.8,2.1198326028670958e-07,3.9440222650337715e-08,1.6298520384116831e-06,1.490904969972698e-06,2.219393550141232e-06,False,0.007570856062990544,0.0,0.007570856062990544,0.8713761319844908,0.8713761319844908,-0.9887626624209682,1.0375731327855118,3.140290796624407,3.074936769885927,0.9791885430455259,0.0020532333906803147,0.08670738260880104,0.08465414921812073,0.0020532333906803147,0.08670738260880104,0.08465414921812073,0.01981213433607244,0.02994381331210484,0.010131678976032402,0.02053204257025564,0.09522784581257994,0.0746958032423243,5.860104686302653,5.860106178714412,5.860104698490243,0.07538084051051586,0.0009296339290898444,1,none,0.5572194965655108,0.5964019430292917,0.5572194965655108,3.290851309420418,3.2327948942289164,0.36246058357120337,0.34472926046761676,554,0.5572194965655108,0.0,1.0,0.0,,0,False,0,False,0.0024878420435479063,-0.002233583386383967,,0.0024878420435479063,-0.002233583386383967,,0.4498599274422433,0,False,False,False,False,False,2.910654791316907e-07,2972,1550,0
229,True,229,229,1,0.1590000000000001,0.001,0.001,0,0,0,False,False,,,none,1.0,0.8285919822819856,0.7866264561778731,1.0003525439064418,0.01778636245471942,0.08784975870771047,True,2,1,4,1,True,2,,,2,2,2,428,,,,,,,,,6,0.8,2.1443367569714132e-07,3.9923321309917926e-08,1.6506902726064942e-06,1.5093761545037879e-06,2.2473474196749703e-06,False,0.007581245856759018,0.0,0.007581245856759018,0.8715199700064932,0.8715199700064932,-0.9887508613736071,1.0375401754925495,3.140290796624407,3.0748626479117007,0.9791649395071829,0.002057170602642815,0.08784975870771047,0.08579258810506765,0.002057170602642815,0.08784975870771047,0.08579258810506765,0.019812299122537253,0.029943754306868034,0.01013145518433078,0.02057141940739291,0.09620731576493445,0.07563589635754153,5.865492302401499,5.865493795417289,5.865492314437036,0.07535979290057157,0.0009513444066193572,1,none,0.559306046403536,0.598555018635929,0.559306046403536,3.1911285424681264,3.1277464770695502,0.3751368900815173,0.35764154831855893,556,0.559306046403536,0.0,1.0,0.0,,0,False,0,False,0.003917290256617176,-0.002896670661472156,,0.003917290256617176,-0.002896670661472156,,0.4498419833584832,0,False,False,False,False,False,0.0015757559862589155,2972,1550,0
230,True,230,230,1,0.16000000000000011,0.001,0.001,0,0,0,False,False,,,none,1.0,0.8299654267251781,0.7879293047545513,1.000351077045546,0.017789943025242835,0.08900694245117195,True,2,1,4,1,True,2,,,2,2,2,422,,,,,,,,,6,0.8,2.1690909313067907e-07,4.041210537258912e-08,1.6717835937587949e-06,1.5280550678160368e-06,2.2756307625761178e-06,False,0.00759094005668743,0.0,0.00759094005668743,0.8716650186585856,0.8716650186585856,-0.988738963105316,1.0375068491629036,3.140290796624407,3.0747875399828244,0.9791410219996205,0.002061099916256245,0.08900694245117195,0.0869458425349157,0.002061099916256245,0.08900694245117195,0.0869458425349157,0.019812465754185483,0.02994369481552658,0.010131229061341097,0.020610717331348376,0.09719479517435393,0.07658407784300555,5.870945349832956,5.870946843451896,5.870945361707281,0.07533864638272131,0.0009736486350081648,1,none,0.559251919177549,0.598555018635929,0.559251919177549,3.1911285424681264,3.1276974900953247,0.3751368900815173,0.35761253826405337,556,0.559251919177549,0.0,1.0,0.0,,0,False,0,False,0.003917672743827608,-0.002896897960399121,,0.003917672743827608,-0.002896897960399121,,0.4498237880757064,0,False,False,False,False,False,4.449283856345858e-07,2972,1550,0
231,True,231,231,1,0.16100000000000012,0.001,0.001,0,0,0,False,False,,,none,1.0,0.8313561978622064,0.7892485337775899,1.0003495545275676,0.017793392238203146,0.09017911931138399,True,2,1,4,1,True,2,,,2,2,2,418,,,,,,,,,6,0.8,2.1941141685875975e-07,4.0906885561195164e-08,1.693134791384033e-06,1.5469435388918242e-06,2.304247052173117e-06,False,0.007599901015670513,0.0,0.007599901015670513,0.871811279129826,0.871811279129826,-0.9887269677395706,1.0374731502720005,3.140290796624407,3.0747114328410428,0.9791167863008554,0.0020650224450327634,0.09017911931138399,0.08811409686635123,0.0020650224450327634,0.09017911931138399,0.08811409686635123,0.019812634248639997,0.02994363483869785,0.010131000590057854,0.02064994746633219,0.09819018903067998,0.0775402415643478,5.876464545988138,5.876466040209148,5.87646455769182,0.07531740666961537,0.000996563509741996,1,none,0.5591970243163441,0.598555018635929,0.5591970243163441,3.1911285424681264,3.1276478163659114,0.3751368900815173,0.3575831149468027,556,0.5591970243163441,0.0,1.0,0.0,,0,False,0,False,0.00391806080634655,-0.0028971286119789806,,0.00391806080634655,-0.0028971286119789806,,0.44980533783453386,0,False,False,False,False,False,4.5143401500092143e-07,2972,1550,0
232,True,232,232,1,0.16200000000000012,0.001,0.001,0,0,0,False,False,,,none,1.0,0.8327645011390602,0.7905843357630674,1.0003479754070796,0.01779670628581288,0.09136647691308376,True,2,1,4,1,True,2,,,2,2,2,417,,,,,,,,,6,0.8,2.219395164133601e-07,4.140753060718376e-08,1.7147466738024594e-06,1.5660433635739796e-06,2.3331994566362053e-06,False,0.007608089796085425,0.0,0.007608089796085425,0.8719587518958785,0.8719587518958785,-0.9887148754323838,1.0374390738324415,3.140290796624407,3.074634313057415,0.9790922281345511,0.0020689392999204744,0.09136647691308376,0.0892975376131633,0.0020689392999204744,0.09136647691308376,0.0892975376131633,0.01981280463083779,0.029943574377161917,0.010130769746324125,0.02068912092525031,0.09931784820215568,0.07862872727690537,5.882050614107315,5.882052108928846,5.882050625630378,0.07529607980729594,0.001020106392881791,1,none,0.5591413503906624,0.598555018635929,0.5591413503906624,3.1911285424681264,3.1275974409126124,0.3751368900815173,0.3575532727303349,556,0.5591413503906624,0.0,1.0,0.0,,0,False,0,False,0.003918454497730426,-0.0028973626717498954,,0.003918454497730426,-0.0028973626717498954,,0.44978662880701975,0,False,False,False,False,False,4.580140632107609e-07,2972,1550,0
233,True,233,233,1,0.16300000000000012,0.001,0.001,0,0,0,False,False,,,none,1.0,0.8341905440620103,0.7919369050666275,1.0003463386895544,0.01779988419207052,0.09256920500364457,True,2,1,4,1,True,2,,,2,2,2,423,,,,,,,,,6,0.8,2.244926754504965e-07,4.1913849320677676e-08,1.7366220690654656e-06,1.5853560567891896e-06,2.3624910094345725e-06,False,0.0076154661726712675,0.0,0.0076154661726712675,0.8721074373140985,0.8721074373140985,-0.9887026863769577,1.0374046159362804,3.140290796624407,3.0745561669874437,0.9790673431557283,0.002072851586539048,0.09256920500364457,0.09049635341710552,0.002072851586539048,0.09256920500364457,0.09049635341710552,0.0198129769203186,0.029943513431884786,0.010130536511566188,0.020728248745032755,0.10046802278153184,0.0797397740364991,5.8877042832756,5.887705778695991,5.887704294608047,0.07527467266025387,0.0010442951300358482,1,none,0.5601542640637509,0.5996315564392477,0.5601542640637509,3.1412671589919814,3.0752844352873736,0.38177686015834883,0.3642942796680897,557,0.5601542640637509,0.0,1.0,0.0,,0,False,0,False,0.004428395187612804,-0.0022717849861408667,,0.004428395187612804,-0.0022717849861408667,,0.44976765707519334,0,False,False,False,False,False,0.0008070854650714902,2972,1550,0
234,True,234,234,1,0.16400000000000012,0.001,0.001,0,0,0,False,False,,,none,1.0,0.8356345362073669,0.7933064379925326,1.0003446434548589,0.01780292115768213,0.0937874954613847,True,2,1,4,1,True,2,,,2,2,2,434,,,,,,,,,6,0.8,2.2707280307462647e-07,4.242642027030158e-08,1.7587638393906946e-06,1.6048835921306377e-06,2.392125340794574e-06,False,0.007621988596809473,0.0,0.007621988596809473,0.8722573360519302,0.8722573360519302,-0.9886904007878425,1.0373697761363765,3.140290796624407,3.0744769807478547,0.9790421269433717,0.0020767603989325038,0.0937874954613847,0.0917107350624522,0.0020767603989325038,0.0937874954613847,0.0917107350624522,0.01981315111931812,0.02994345200393921,0.01013030088462109,0.0207673418672435,0.10163081508978415,0.08086347322254064,5.893426288503507,5.893427784520819,5.893426299634765,0.07525319272478727,0.0010691480684784519,1,none,0.5600970454776742,0.5996315564392477,0.5600970454776742,3.1412671589919814,3.075225083400248,0.38177686015834883,0.364264097936129,557,0.5600970454776742,0.0,1.0,0.0,,0,False,0,False,0.004428848855462246,-0.0022719648536323194,,0.004428848855462246,-0.0022719648536323194,,0.4497484184888551,0,False,False,False,False,False,4.880233929836442e-07,2972,1550,0
235,True,235,235,1,0.16500000000000012,0.001,0.001,0,0,0,False,False,,,none,1.0,0.8370966892312892,0.7946931327615742,1.0003428886488739,0.017805812821186408,0.09502154228562333,True,2,1,4,1,True,2,,,2,2,2,429,,,,,,,,,6,0.8,2.2968028116345173e-07,4.294534490709334e-08,1.7811748587493072e-06,1.6246277559745526e-06,2.4221058104732e-06,False,0.00762761417526258,0.0,0.00762761417526258,0.872408448048682,0.872408448048682,-0.9886780189201855,1.0373345520116084,3.140290796624407,3.0743967403067103,0.9790165750291252,0.002080666831160534,0.09502154228562333,0.09294087545446279,0.002080666831160534,0.09502154228562333,0.09294087545446279,0.019813327239941957,0.029943390094600928,0.01013006285465897,0.020806411223336745,0.10280619922028172,0.08199978799694498,5.899217370703778,5.899218867315737,5.899217381623136,0.07523164673490909,0.0010946840627375754,1,none,0.5621686299652469,0.6017846320458848,0.5621686299652469,3.2409899259442714,3.178106741469494,0.3713585329152501,0.3537758015675151,559,0.5621686299652469,0.0,1.0,0.0,,0,False,0,False,0.004695176267235072,-0.0014426217192026062,,0.004695176267235072,-0.0014426217192026062,,0.45137548107834286,0,False,False,False,False,False,0.0008710570158648134,2972,1550,0
236,True,236,236,1,0.16600000000000012,0.001,0.001,0,0,0,False,False,,,none,1.0,0.8385772168792762,0.7960971894752653,1.0003410718114432,0.01780855614239174,0.09627154163357521,True,2,1,4,1,True,2,,,2,2,2,429,,,,,,,,,6,0.8,2.323144129575516e-07,4.347039166444012e-08,1.80385801769098e-06,1.6445899860166112e-06,2.452435449000324e-06,False,0.007632298640985302,0.0,0.007632298640985302,0.8725607731717718,0.8725607731717718,-0.9886655410610042,1.0372989401306352,3.140290796624407,3.0743154314383436,0.9789906828829411,0.002084571969161736,0.09627154163357521,0.09418696966441348,0.002084571969161736,0.09627154163357521,0.09418696966441348,0.019813505299346827,0.029943327705305018,0.01012982240595819,0.020845467673674838,0.10399413967849361,0.08314867200481876,5.905078276646179,5.905079773850157,5.905078287342416,0.07521004172150796,0.0011209224917896952,1,none,0.5631750086773423,0.6028611698492035,0.5631750086773423,3.2908513094204173,3.2294342736622585,0.36638614945831693,0.3487762629326949,560,0.5631750086773423,0.0,1.0,0.0,,0,False,0,False,0.004277000846684089,-0.0007493334060486075,,0.004277000846684089,-0.0007493334060486075,,0.4513556343515049,0,False,False,False,False,False,0.0008096415055497765,2972,1550,0
237,True,237,237,1,0.16700000000000012,0.001,0.001,0,0,0,False,False,,,none,1.0,0.8400763349952067,0.7975188101388765,1.0003391919425397,0.017811145917356566,0.09753769187535792,True,2,1,4,1,True,2,,,2,2,2,428,,,,,,,,,6,0.8,2.3497512978750666e-07,4.400174224249937e-08,1.8268162372957957e-06,1.664772178357339e-06,2.4831176846092574e-06,False,0.00763599638577335,0.0,0.00763599638577335,0.8727143111480374,0.8727143111480374,-0.988652967542736,1.0372629378599738,3.140290796624407,3.0742330397056983,0.9789644459074566,0.0020884768923879744,0.09753769187535792,0.09544921498296995,0.0020884768923879744,0.09753769187535792,0.09544921498296995,0.01981368531070013,0.02994326483771368,0.01012957952701355,0.020884522018934794,0.10519459096683115,0.08431006894789636,5.911009758966011,5.9110112567591715,5.911009769427734,0.07518838528372598,0.0011478832745701931,1,none,0.5673746566133786,0.6071673210624016,0.5673746566133786,3.3905740763779058,3.332421312494307,0.35815015828294683,0.34051796181119753,564,0.5673746566133786,0.0,1.0,0.0,,0,False,0,False,0.0035647321434533886,-0.0014891320338614447,,0.0035647321434533886,-0.0014891320338614447,,0.4544190392681318,0,False,False,False,False,False,0.0010269511747477093,2972,1550,0
238,True,238,238,1,0.16800000000000012,0.001,0.001,0,0,0,False,False,,,none,1.0,0.8415942615300358,0.7989581986903224,1.000337248038139,0.017813577566362322,0.09882019351502176,True,2,1,4,1,True,2,,,2,2,2,433,,,,,,,,,6,0.8,2.3766330925726726e-07,4.453966021985893e-08,1.850052460180398e-06,1.6851761557808479e-06,2.5141560037777043e-06,False,0.007638660391764432,0.0,0.007638660391764432,0.872869061618384,0.872869061618384,-0.9886402987252528,1.03722654316521,3.140290796624407,3.074149550463105,0.9789378594388777,0.002092382673917936,0.09882019351502176,0.09672781084110382,0.002092382673917936,0.09882019351502176,0.09672781084110382,0.01981386728417395,0.029943201493626264,0.010129334209452313,0.020923584984270646,0.10640749714865547,0.08548391216438482,5.917012576172203,5.917014074551304,5.917012586387428,0.07516668524194417,0.0011755868850621765,1,none,0.5683794503916333,0.6082438588657202,0.5683794503916333,3.4404354598540516,3.383774612527908,0.35358539113041393,0.33594403615849316,565,0.5683794503916333,0.0,1.0,0.0,,0,False,0,False,0.002772280546126684,-0.0016214462702272333,,0.002772280546126684,-0.0016214462702272333,,0.4543990709245927,0,False,False,False,False,False,0.000803421801577918,2972,1550,0
239,True,239,239,1,0.16900000000000012,0.001,0.001,0,0,0,False,False,,,none,1.0,0.8431312165503329,0.8004155609504071,1.0003352389024969,0.017815847428378297,0.10011924928638335,True,2,1,4,1,True,2,,,2,2,2,418,,,,,,,,,6,0.8,2.403780951676813e-07,4.508394381566068e-08,1.8735696407179868e-06,1.705803444598066e-06,2.54555353132657e-06,False,0.007640242215124812,0.0,0.007640242215124812,0.8730250235775885,0.8730250235775885,-0.9886275350144387,1.0371897518793831,3.140290796624407,3.074064948889166,0.978910918757451,0.0020962903847002823,0.10011924928638335,0.09802295890168307,0.0020962903847002823,0.10011924928638335,0.09802295890168307,0.01981405124060309,0.02994313767507219,0.010129086434469102,0.020962667279195987,0.10763279157948108,0.08667012430028509,5.923087492593161,5.923088991554751,5.923087502549826,0.07514494927249331,0.001204054362589607,1,none,0.572564778073994,0.6125500100789947,0.572564778073994,3.639880993758634,3.592231277018778,0.3365769436579628,0.3187794626348057,569,0.572564778073994,0.0,1.0,0.0,,0,False,0,False,0.0021189310417984073,-0.00023993608611638345,,0.0021189310417984073,-0.00023993608611638345,,0.4554421952681127,0,False,False,False,False,False,0.0015282133239858887,2972,1550,0
240,True,240,240,1,0.17000000000000012,0.001,0.001,0,0,0,False,False,,,none,1.0,0.8446874222462597,0.8018911046509879,1.0003331621352745,0.017817951569567923,0.10143506417164619,True,2,1,4,1,True,2,,,2,2,2,370,,,,,,,,,6,0.8,2.431199315628487e-07,4.5634786575124316e-08,1.8973707633892353e-06,1.7266558659455893e-06,2.577313742647069e-06,False,0.0076406919847797974,0.0,0.0076406919847797974,0.873182195646466,0.873182195646466,-0.9886146768574228,1.0371525606635001,3.140290796624407,3.0739792199410494,0.9788836190729094,0.0021002010929224643,0.10143506417164619,0.09933486307872372,0.0021002010929224643,0.10143506417164619,0.09933486307872372,0.019814237196682502,0.02994307338428711,0.010128836187604608,0.02100177958939154,0.10887039637144597,0.08786861678205443,5.929235278382643,5.92923677792284,5.9292352880681785,0.07512318591532845,0.001233307333045722,1,none,0.5746311377196641,0.6147030856856319,0.5746311377196641,3.6398809937586347,3.592871671690969,0.33775999091161146,0.31987289846576483,571,0.5746311377196641,0.0,1.0,0.0,,0,False,0,False,0.0009235848570140596,-8.15633762009025e-05,,0.0009235848570140596,-8.15633762009025e-05,,0.456010554821162,0,False,False,False,False,False,0.00120579202880284,2972,1550,0
241,True,241,241,1,0.17100000000000012,0.001,0.001,0,0,0,False,False,,,none,1.0,0.8462631029393045,0.803385039408754,1.0003310164672736,0.017819885975747133,0.10276784534133228,True,2,1,4,1,True,2,,,2,2,2,365,,,,,,,,,6,0.8,2.45888254991108e-07,4.6192037572566336e-08,1.921458825526864e-06,1.7477349403311087e-06,2.6094398207521356e-06,False,0.00763995839468512,0.0,0.00763995839468512,0.873340576046717,0.873340576046717,-0.9886017247272622,1.0371149654564291,3.140290796624407,3.073892348366054,0.9788559555281546,0.002104115865654418,0.10276784534133228,0.10066372947567787,0.002104115865654418,0.10276784534133228,0.10066372947567787,0.019814425172717857,0.029943008623636313,0.010128583450918455,0.021040932572234487,0.11012022209784976,0.08907928952561528,5.935456709462571,5.935458209577306,5.935456718864068,0.07510140367445259,0.001263368019811362,1,none,0.5756320671154268,0.6157796234889505,0.5756320671154268,3.6897423772347806,3.644618842727738,0.33377919677440293,0.31588053069747457,572,0.5756320671154268,0.0,1.0,0.0,,0,False,0,False,0.0014811450582557662,-0.000637237171804076,,0.0014811450582557662,-0.000637237171804076,,0.4559897696558062,0,False,False,False,False,False,0.0007871764383724463,2972,1550,0
242,True,242,242,1,0.17200000000000013,0.001,0.001,0,0,0,False,False,,,none,1.0,0.8478584850893318,0.8048975767875928,1.0003288006055784,0.017821647739492536,0.10411780224218085,True,2,1,4,1,True,2,,,2,2,2,364,,,,,,,,,6,0.8,2.4868282519545376e-07,4.6756026757925326e-08,1.945836857130985e-06,1.769042615509682e-06,2.6419352989132997e-06,False,0.00763798872066896,0.0,0.00763798872066896,0.8735001631344828,0.8735001631344828,-0.9885886791280896,1.0370769647800813,3.140290796624407,3.0738043186465807,0.9788279231817337,0.0021080357620994693,0.10411780224218085,0.10200976648008138,0.0021080357620994693,0.10411780224218085,0.10200976648008138,0.019814615176099597,0.029942943395640447,0.01012832821954085,0.02108013681459367,0.11138216743757441,0.09030203062298074,5.941752567553319,5.941754068238017,5.941752576657438,0.07507961172191398,0.0012942592683896996,1,none,0.5766363851628815,0.6168561612922691,0.5766363851628815,3.6398809937586347,3.592936987467381,0.33894303816526017,0.3209832998320105,573,0.5766363851628815,0.0,1.0,0.0,,0,False,0,False,0.0006879565219179375,-0.0006154859619052773,,0.0006879565219179375,-0.0006154859619052773,,0.4559686911891747,0,False,False,False,False,False,0.0007934867165301563,2972,1550,0
243,True,243,243,1,0.17300000000000013,0.001,0.001,0,0,0,False,False,,,none,1.0,0.8494737973012674,0.8064289303412757,1.000326513214748,0.017823232434975026,0.1054851465896574,True,2,1,4,1,True,2,,,2,2,2,374,,,,,,,,,6,0.8,2.5150624315904117e-07,4.7327077854350464e-08,1.9705079015799734e-06,1.7905804253076147e-06,2.6748037109907926e-06,False,0.007634728834603824,0.0,0.007634728834603824,0.8736609547876774,0.8736609547876774,-0.988575540609441,1.037038557479528,3.140290796624407,3.073715115066691,0.9787995170290342,0.0021119618404070277,0.1054851465896574,0.10337318474925036,0.0021119618404070277,0.1054851465896574,0.10337318474925036,0.019814807212602363,0.029942877703047203,0.01012807049044484,0.021119402885891154,0.1126561189462237,0.09153671606033253,5.948123640213529,5.948125141463334,5.948123649006674,0.07505781915698825,0.0013260045607277778,1,none,0.5787006400013237,0.6190092368989064,0.5787006400013237,3.6398809937586356,3.5934520652424355,0.34012608541890893,0.322086188709063,575,0.5787006400013237,0.0,1.0,0.0,,0,False,0,False,-0.00027517424472381786,-0.00041085230477313307,,-0.00027517424472381786,-0.00041085230477313307,,0.45710972207664663,0,False,False,False,False,False,0.0009846297818384385,2972,1550,0
244,True,244,244,1,0.17400000000000013,0.001,0.001,0,0,0,False,False,,,none,1.0,0.851109270331702,0.8079793155116889,1.0003241540974674,0.01782463557212319,0.10687009241976271,True,2,1,4,1,True,2,,,2,2,2,371,,,,,,,,,6,0.8,2.5435437633731387e-07,4.7904659405868825e-08,1.995475014859809e-06,1.8123500537136686e-06,2.7080480529858455e-06,False,0.007630123183280026,0.0,0.007630123183280026,0.8738229485366049,0.8738229485366049,-0.9885623097724988,1.0369997395425514,3.140290796624407,3.073624721712518,0.978770732002415,0.002115895152961982,0.10687009241976271,0.10475419726680073,0.002115895152961982,0.10687009241976271,0.10475419726680073,0.019815001302287246,0.02994281154886249,0.010127810246575244,0.021158741311580395,0.11394195052353207,0.09278320921195167,5.954570720700974,5.954572222510808,5.95457072916913,0.07503603432172715,0.001358628027214038,1,none,0.578635405192949,0.6190092368989064,0.578635405192949,3.6398809937586356,3.5934573859013867,0.34012608541890893,0.32204940426630574,575,0.578635405192949,0.0,1.0,0.0,,0,False,0,False,-0.00027511407231688,-0.0004108806628520951,,-0.00027511407231688,-0.0004108806628520951,,0.4570881091397227,0,False,False,False,False,False,6.651991580808402e-08,2972,1550,0
245,True,245,245,1,0.17500000000000013,0.001,0.001,0,0,0,False,False,,,none,1.0,0.8527651370945626,0.8095489497140459,1.0003217214339737,0.01783718125764855,0.10827285604367232,True,2,1,4,1,True,2,,,2,2,2,415,,,,,,,,,6,0.8,2.5723039432024593e-07,4.8489281521274596e-08,2.0207412841751412e-06,1.8343529973148077e-06,2.7416719246679055e-06,False,0.007624114790728893,0.0,0.007624114790728893,0.8739861420884616,0.8739861420884616,-0.9885489872534945,1.0369605096225725,3.140290796624407,3.0735331224104048,0.9787415629515068,0.0021198367453698908,0.10827285604367232,0.10615301929830243,0.0021198367453698908,0.10827285604367232,0.10615301929830243,0.01981519745188714,0.02994274493626747,0.010127547484380332,0.02119816253344889,0.11523952299323043,0.09404136045978154,5.9610946080437754,5.961096110408005,5.961094616172546,0.07501426661661224,0.0013921544748264907,1,none,0.5807061261694386,0.6211623125055435,0.5807061261694386,3.5401582268063447,3.4895707163043266,0.3509234744379817,0.33282381896214597,577,0.5807061261694386,0.0,1.0,0.0,,0,False,0,False,-0.00028758732388772345,-0.0003576150946585842,,-0.00028758732388772345,-0.0003576150946585842,,0.4570661902814303,0,False,False,False,False,False,5.470651478322407e-05,2972,1550,0
246,True,246,246,1,0.17600000000000013,0.001,0.001,0,0,0,False,False,,,none,1.0,0.8544416326664415,0.8111380523450946,1.0003192137387713,0.017851006515852638,0.10969365607396013,True,2,1,4,1,True,2,,,2,2,2,365,,,,,,,,,6,0.8,2.6013328503733503e-07,4.908099987412831e-08,2.0463098134362356e-06,1.856591014182049e-06,2.7756787128628435e-06,False,0.007616645275243819,0.0,0.007616645275243819,0.8741505330275096,0.8741505330275096,-0.9885355737332261,1.036920866681287,3.140290796624407,3.073440300757689,0.9787120046530157,0.002123787657541954,0.10969365607396013,0.10756986841641818,0.002123787657541954,0.10969365607396013,0.10756986841641818,0.019815395666593568,0.029942677868666126,0.010127282202072558,0.02123767694111662,0.11654868364616949,0.09531100670505288,5.967696107008654,5.967697609921441,5.967696114783247,0.07499252497862903,0.0014266094010409105,1,none,0.5817000606471865,0.6222388503088622,0.5817000606471865,3.5900196102824906,3.541793353011595,0.3466492765257623,0.3284776962792398,578,0.5817000606471865,0.0,1.0,0.0,,0,False,0,False,-0.00047006725396912764,0.00040457352242868417,,-0.00047006725396912764,0.00040457352242868417,,0.4585440554234936,0,False,False,False,False,False,0.000783728532656504,2972,1550,0
247,True,247,247,1,0.17700000000000013,0.001,0.001,0,0,0,False,False,,,none,1.0,0.8561389942919544,0.8127468446692405,1.000316630530422,0.017864699140255857,0.11113271345494173,True,2,1,4,1,True,2,,,2,2,2,407,,,,,,,,,6,0.8,2.6306234767757476e-07,4.96795928380406e-08,2.072183716666991e-06,1.8790656546993012e-06,2.8100716985515743e-06,False,0.007607654816251641,0.0,0.007607654816251641,0.8743161175004266,0.8743161175004266,-0.988522069950185,1.0368808046503646,3.140290796624407,3.0733462402026923,0.9786820518361944,0.0021277489367762504,0.11113271345494173,0.10900496451816548,0.0021277489367762504,0.11113271345494173,0.10900496451816548,0.019815595976748177,0.02994261034975092,0.010127014373002743,0.021277294993976528,0.11786926604360438,0.09659197104962786,5.974376027992575,5.974377531447791,5.974376035397796,0.07497081773722507,0.0014620190033069803,1,none,0.5816321132931224,0.6222388503088622,0.5816321132931224,3.5900196102824906,3.5417924273754537,0.3466492765257623,0.32843941321774445,578,0.5816321132931224,0.0,1.0,0.0,,0,False,0,False,-0.0004700208105627052,0.0004046176893547142,,-0.0004700208105627052,0.0004046176893547142,,0.45852165166266934,0,False,False,False,False,False,6.4091398448309e-08,2972,1550,0
248,True,248,248,1,0.17800000000000013,0.001,0.001,0,0,0,False,False,,,none,1.0,0.8578574613877846,0.8143755499003185,1.0003139704822683,0.017878250954348633,0.11259025148879684,True,2,1,4,1,True,2,,,2,2,2,425,,,,,,,,,6,0.8,2.6601693583645504e-07,5.0285239074341286e-08,2.098366140501331e-06,1.9017785467884357e-06,2.844854252162625e-06,False,0.0075970822105279265,0.0,0.0075970822105279265,0.8744828928179776,0.8744828928179776,-0.9885084766684773,1.0368403226324159,3.140290796624407,3.0732509238404346,0.97865169911779,0.002131721612248713,0.11259025148879684,0.11045852987654813,0.002131721612248713,0.11259025148879684,0.11045852987654813,0.01981579838683792,0.029942542383342388,0.01012674399650447,0.021317026981317447,0.11920108975658651,0.09788406277526907,5.981135187021551,5.981136691012541,5.98113519404192,0.07494915465681426,0.0014984102171160417,1,none,0.5826319791981359,0.6233153881121808,0.5826319791981359,3.5401582268063447,3.489703103002378,0.3521398469663812,0.33391492743142903,579,0.5826319791981359,0.0,1.0,0.0,,0,False,0,False,-0.00016462373090810056,-0.0003241298799214994,,-0.00016462373090810056,-0.0003241298799214994,,0.4584989298493807,0,False,False,False,False,False,0.0007901521347104941,2972,1550,0
249,True,249,249,1,0.17900000000000013,0.001,0.001,0,0,0,False,False,,,none,1.0,0.8595972755466732,0.8160243932201569,1.000311231851012,0.017891653294277398,0.11406649588963137,True,2,1,4,1,True,2,,,2,2,2,376,,,,,,,,,6,0.8,2.6899707901644486e-07,5.0897980418021106e-08,2.1248602421265405e-06,1.924731326228515e-06,2.8800298192319907e-06,False,0.00758486488888932,0.0,0.00758486488888932,0.8746508545024182,0.8746508545024182,-0.9884947946989876,1.0367994174966286,3.140290796624407,3.0731543346016736,0.9786209410622416,0.002135706727009505,0.11406649588963137,0.11193078916262186,0.002135706727009505,0.11406649588963137,0.11193078916262186,0.01981600291251686,0.029942473973494938,0.010126471060978078,0.021356883329965545,0.12054396016235229,0.09918707683238674,5.987974405780533,5.987975910300452,5.987974412400119,0.074927544713516,0.001535810720985818,1,none,0.5836230405443384,0.6243919259154994,0.5836230405443384,3.5900196102824906,3.541927479989693,0.3478487549912673,0.3295510954651374,580,0.5836230405443384,0.0,1.0,0.0,,0,False,0,False,-0.0008630769100618619,-0.0006774019161583714,,-0.0008630769100618619,-0.0006774019161583714,,0.46001090905209574,0,False,False,False,False,False,0.0007827119361916886,2972,1550,0
250,True,250,250,1,0.18000000000000013,0.001,0.001,0,0,0,False,False,,,none,1.0,0.8613586805407959,0.8176936017164839,1.000308413808861,0.017904897566290986,0.1155616746651952,True,2,1,4,1,True,2,,,2,2,2,372,,,,,,,,,6,0.8,2.7200324155275745e-07,5.151793255602179e-08,2.1516691986716043e-06,1.9479254628524343e-06,2.9156017921058815e-06,False,0.007570938967762175,0.0,0.007570938967762175,0.8748199981243119,0.8748199981243119,-0.9884810249101244,1.0367580860597028,3.140290796624407,3.073056455156269,0.978589772150907,0.002139705318840779,0.1155616746651952,0.11342196934635441,0.002139705318840779,0.1155616746651952,0.11342196934635441,0.019816209569701485,0.02994240512455062,0.010126195554849136,0.021396874399464482,0.12189766794457191,0.10050079354510742,5.9948945114916965,5.994896016533162,5.994894517694162,0.07490599699572335,0.0015742489633771967,1,none,0.5835522056190067,0.6243919259154994,0.5835522056190067,3.5900196102824906,3.541927269513371,0.3478487549912673,0.3295111170925774,580,0.5835522056190067,0.0,1.0,0.0,,0,False,0,False,-0.0008630596419485504,-0.000677469730323329,,-0.0008630596419485504,-0.000677469730323329,,0.4599875803874348,0,False,False,False,False,False,6.997820165051051e-08,2972,1550,0
251,True,251,251,1,0.18100000000000013,0.001,0.001,0,0,0,False,False,,,none,1.0,0.8631419223242824,0.8193834044527244,1.0003055148311124,0.01791797564026303,0.1170760182775768,True,2,1,4,1,True,2,,,2,2,2,418,,,,,,,,,6,0.8,2.750345022099191e-07,5.2145147885671426e-08,2.178796208689653e-06,1.9713625587735975e-06,2.951573538129902e-06,False,0.0075552392814816,0.0,0.0075552392814816,0.8749903192154711,0.8749903192154711,-0.9884671682149737,1.036716327406197,3.140290796624407,3.072957267885839,0.9785581867733565,0.0021437184190693003,0.1170760182775768,0.1149322998585075,0.0021437184190693003,0.1170760182775768,0.1149322998585075,0.019816418362969018,0.029942335841074866,0.010125917478105848,0.021437010513050293,0.12329629506164547,0.10185928454859518,6.001896336943022,6.0018978424985665,6.001896342711712,0.0748845208509475,0.0016137541880487842,1,none,0.5845492853401442,0.625468463718818,0.5845492853401442,3.5401582268063456,3.4897574380625858,0.3533562194947805,0.33500854756522525,581,0.5845492853401442,0.0,1.0,0.0,,0,False,0,False,-8.093249009268947e-05,-0.0007974286472092538,,-8.093249009268947e-05,-0.0007974286472092538,,0.4599639195724937,0,False,False,False,False,False,0.0007912730397344555,2972,1550,0
252,True,252,252,1,0.18200000000000013,0.001,0.001,0,0,0,False,False,,,none,1.0,0.8649472490355712,0.8210940324210594,1.0003025334679954,0.017930879526026726,0.11860975959334903,True,2,1,4,1,True,2,,,2,2,2,411,,,,,,,,,6,0.8,2.7809133748755736e-07,5.277955172714275e-08,2.2062444784307217e-06,1.9950439057198695e-06,2.9879483525359295e-06,False,0.007537699410482553,0.0,0.007537699410482553,0.8751618120669402,0.8751618120669402,-0.9884532255876736,1.0366741380810303,3.140290796624407,3.0728567549814803,0.9785261792584897,0.002147747067516024,0.11860975959334903,0.116462012525833,0.002147747067516024,0.11860975959334903,0.116462012525833,0.019816629309594852,0.029942266127938367,0.010125636818343515,0.02147730205936848,0.12475222492907734,0.10327492286970885,6.00898072042608,6.008982226487645,6.0089807257438625,0.07486312484900477,0.0016543564468084289,1,none,0.586606693377437,0.6276215393254553,0.586606693377437,3.5401582268063447,3.4897372527283568,0.35457259202318003,0.3361896044860193,583,0.586606693377437,0.0,1.0,0.0,,0,False,0,False,0.0005913784590118436,-0.0005348212452421176,,0.0005913784590118436,-0.0005348212452421176,,0.4615602037180891,0,False,False,False,False,False,0.0007217788164346243,2972,1550,0
253,True,253,253,1,0.18300000000000013,0.001,0.001,0,0,0,False,False,,,none,1.0,0.8667749109989815,0.8228257185029355,1.000299468204699,0.01794360302515505,0.12016313385205403,True,2,1,4,1,True,2,,,2,2,2,427,,,,,,,,,6,0.8,2.811707720406431e-07,5.342096768396422e-08,2.2340172390576957e-06,2.0189712240021437e-06,3.024729513624963e-06,False,0.007518251728618308,0.0,0.007518251728618308,0.8753344712314394,0.8753344712314394,-0.9884391980697217,1.036631514595237,3.140290796624407,3.0727548983487227,0.9784937438442705,0.00215179229480992,0.12016313385205403,0.1180113415572441,0.00215179229480992,0.12016313385205403,0.1180113415572441,0.019816842427023817,0.029942195990348607,0.01012535356332479,0.021517759342956605,0.1262214693274367,0.10470370998448009,6.0161485056374095,6.016150012196656,6.016148510486907,0.07484181769642471,0.001696086627326426,1,none,0.5875984906092626,0.6286980771287739,0.5875984906092626,3.5900196102824906,3.540914125321649,0.35024771192227727,0.33189084502628907,584,0.5875984906092626,0.0,1.0,0.0,,0,False,0,False,0.0008940865030831871,0.00019071809725137773,,0.0008940865030831871,0.00019071809725137773,,0.46153604480963945,0,False,False,False,False,False,0.0007861548813378901,2972,1550,0
254,True,254,254,1,0.18400000000000014,0.001,0.001,0,0,0,False,False,,,none,1.0,0.8686251607253055,0.8245786975627813,1.000296317677348,0.017956137924467982,0.12173637870720208,True,2,1,4,1,True,2,,,2,2,2,425,,,,,,,,,6,0.8,2.8427533306626414e-07,5.4069924874603184e-08,2.2621177446950116e-06,2.0431459877981024e-06,3.061920678281103e-06,False,0.007496827475184556,0.0,0.007496827475184556,0.8755082909894631,0.8755082909894631,-0.988425086716435,1.0365884564930596,3.140290796624407,3.072651679595874,0.9784608746740141,0.002155855130767765,0.12173637870720208,0.11958052357643431,0.002155855130767765,0.12173637870720208,0.11958052357643431,0.0198170577175347,0.029942125433582174,0.010125067716047473,0.021558392660688184,0.127703804561733,0.10614541190104482,6.023400541730674,6.02340204877901,6.023400546094129,0.07482060839552564,0.0017389764809900411,1,none,0.5885936206717484,0.6297746149320925,0.5885936206717484,3.5401582268063447,3.4882781096031907,0.3557889645515795,0.33746943459086975,585,0.5885936206717484,0.0,1.0,0.0,,0,False,0,False,0.0001766160583714302,0.0005207804522105409,,0.0001766160583714302,0.0005207804522105409,,0.4615115407709138,0,False,False,False,False,False,0.000789749958655317,2972,1550,0
255,True,255,255,1,0.18500000000000014,0.001,0.001,0,0,0,False,False,,,none,1.0,0.8704982529121106,0.8263532064173734,1.0002930801126526,0.017968475142130437,0.1233297342867622,True,2,1,4,1,True,2,,,2,2,2,417,,,,,,,,,6,0.8,2.8740445098215655e-07,5.4726242134189965e-08,2.2905492524231733e-06,2.0675694183232296e-06,3.099525037386261e-06,False,0.007478865919129163,0.0,0.007478865919129163,0.8756832645876514,0.8756832645876514,-0.9884108926505302,1.0365449616368663,3.140290796624407,3.072547080111272,0.9784275658209887,0.002159936610870811,0.1233297342867622,0.12116979767589138,0.002159936610870811,0.1233297342867622,0.12116979767589138,0.019817275191815666,0.02994205446325265,0.010124779271436984,0.021599212370036355,0.12919898791598575,0.10759977554594939,6.0307376832524,6.030739190780738,6.030737687111449,0.0747995050457633,0.0017830586396757994,1,none,0.589579130230625,0.6308511527354111,0.589579130230625,3.5900196102824897,3.5403991285035907,0.3514471903877823,0.3330580021240829,586,0.589579130230625,0.0,1.0,0.0,,0,False,0,False,-0.00036597244913115463,-4.3480637300959324e-05,,-0.00036597244913115463,-4.3480637300959324e-05,,0.4633151314415632,0,False,False,False,False,False,0.0007828108747396065,2972,1550,0
256,True,256,256,1,0.18600000000000014,0.001,0.001,0,0,0,False,False,,,none,1.0,0.8723944444435996,0.8281494837258926,1.0002897544102587,0.01798060603323163,0.12494344316538675,True,2,1,4,1,True,2,,,2,2,2,425,,,,,,,,,6,0.8,2.905550736649347e-07,5.538959078685539e-08,2.3193150370076574e-06,2.0922430962757415e-06,3.1375458040327164e-06,False,0.0074817062537358425,0.0,0.0074817062537358425,0.875859384711943,0.875859384711943,-0.9883966170513034,1.0365010251074651,3.140290796624407,3.0724410810355547,0.978393811279584,0.002164037770915945,0.12494344316538675,0.1227794053944708,0.002164037770915945,0.12494344316538675,0.1227794053944708,0.019817494874462674,0.029941983085256516,0.010124488210793842,0.021640228830225386,0.13070675708968504,0.10906652825945966,6.038160789978742,6.038162297977686,6.03816079331486,0.07477851515953722,0.0018283666374028478,1,none,0.5916325477103882,0.6330042283420484,0.5916325477103882,3.6897423772347815,3.6429793864741447,0.34311567780319846,0.3248069697605395,588,0.5916325477103882,0.0,1.0,0.0,,0,False,0,False,-0.0003286708512911144,-6.431531491720185e-05,,-0.0003286708512911144,-6.431531491720185e-05,,0.46328996787350746,0,False,False,False,False,False,4.2725788381173856e-05,2972,1550,0
257,True,257,257,1,0.18700000000000014,0.001,0.001,0,0,0,False,False,,,none,1.0,0.8743139943889437,0.8299677701166173,1.000286338749678,0.017992522430736718,0.1265777503245989,True,2,1,4,1,True,2,,,2,2,2,421,,,,,,,,,6,0.8,2.9372844153197585e-07,5.606035541953347e-08,2.3484184006200464e-06,2.1171683678106143e-06,3.175986467673193e-06,False,0.007482928024865804,0.0,0.007482928024865804,0.8760366446571448,0.8760366446571448,-0.9883822611540983,1.036456647272452,3.140290796624407,3.0723336631476776,0.9783596049290153,0.002168159637369941,0.1265777503245989,0.12440959068722895,0.002168159637369941,0.1265777503245989,0.12440959068722895,0.019817716763637742,0.029941911305770494,0.010124194542132751,0.021681452304410456,0.13222683015991318,0.11054537785550272,6.04567072698923,6.045672235448997,6.045670729783505,0.07475764729209805,0.0018749349502855971,1,none,0.5926220823495503,0.6340807661453669,0.5926220823495503,3.6398809937586356,3.5913834592989615,0.34840741619445015,0.33002439815503865,589,0.5926220823495503,0.0,1.0,0.0,,0,False,0,False,-7.19499805783979e-05,0.000676657033448591,,-7.19499805783979e-05,0.000676657033448591,,0.4632644439896358,0,False,False,False,False,False,0.0007841846890256231,2972,1550,0
258,True,258,258,1,0.18800000000000014,0.001,0.001,0,0,0,False,False,,,none,1.0,0.8762571640003816,0.8318083081890986,1.0002828318258155,0.018004216101768448,0.12823290317170033,True,2,1,4,1,True,2,,,2,2,2,416,,,,,,,,,6,0.8,2.969257839272533e-07,5.6738710235852946e-08,2.377862652014597e-06,2.1423465476506625e-06,3.2148504979977915e-06,False,0.007482455887504923,0.0,0.007482455887504923,0.8762150362215348,0.8762150362215348,-0.9883678262387949,1.036411827046444,3.140290796624407,3.0722248070130442,0.9783249405804937,0.0021723032484941593,0.12823290317170033,0.12606059992320617,0.0021723032484941593,0.12823290317170033,0.12606059992320617,0.01981794086476778,0.029941839131193974,0.010123898266426193,0.021722893165937722,0.13375890503157467,0.11203601186563694,6.0532683646337455,6.053269873544349,6.053268366866741,0.07473690864771215,0.001922799010551154,1,none,0.5925430903640994,0.6340807661453669,0.5925430903640994,3.6398809937586356,3.5913836413943785,0.34840741619445015,0.329980391698861,589,0.5925430903640994,0.0,1.0,0.0,,0,False,0,False,-7.184185537771601e-05,0.0006767380012262148,,-7.184185537771601e-05,0.0006767380012262148,,0.46323855393480595,0,False,False,False,False,False,1.350808648026872e-07,2972,1550,0
259,True,259,259,1,0.18900000000000014,0.001,0.001,0,0,0,False,False,,,none,1.0,0.8782242167108948,0.8336713423784403,1.0002792321872982,0.018015678600506707,0.12990915159160313,True,2,1,4,1,True,2,,,2,2,2,426,,,,,,,,,6,0.8,3.0014396863999097e-07,5.7424142690411715e-08,2.4076511053053548e-06,2.167778877043818e-06,3.2541409064006655e-06,False,0.007480212560021654,0.0,0.007480212560021654,0.8763945506841516,0.8763945506841516,-0.9883533136436625,1.036366560042616,3.140290796624407,3.0721144929437836,0.9782898119645772,0.0021764696416805875,0.12990915159160313,0.12773268194992254,0.0021764696416805875,0.12990915159160313,0.12773268194992254,0.01981816719978692,0.029941766568218314,0.010123599368431394,0.021764561783398587,0.13530265894159377,0.11353809715819518,6.060954578330142,6.060956087680938,6.060954579981977,0.07471630549924022,0.001971995230912831,1,none,0.5977897256183831,0.6394634551619601,0.5977897256183831,3.6897423772347815,3.641923634241881,0.3466168581889968,0.32828240548367327,594,0.5977897256183831,0.0,1.0,0.0,,0,False,0,False,-0.001711575579960071,0.0015612115495942688,,-0.001711575579960071,0.0015612115495942688,,0.4659944395313826,0,False,False,False,False,False,0.001863067402241663,2972,1550,0
260,True,260,260,1,0.19000000000000014,0.001,0.001,0,0,0,False,False,,,none,1.0,0.8802154181306769,0.835557118979676,1.000275538029862,0.018026901728727663,0.13160674800530403,True,2,1,4,1,True,2,,,2,2,2,412,,,,,,,,,6,0.8,3.0338253658004715e-07,5.811674481379623e-08,2.4377871008882097e-06,2.1934667306619855e-06,3.293861072860757e-06,False,0.007476118908598263,0.0,0.007476118908598263,0.8765751793683343,0.8765751793683343,-0.9883387247594015,1.0363208433707785,3.140290796624407,3.0720027009227353,0.9782542127069643,0.0021806598502576045,0.13160674800530403,0.12942608815504641,0.0021806598502576045,0.13160674800530403,0.12942608815504641,0.01981839578314611,0.029941693623797005,0.010123297840650896,0.02180646848452201,0.1368577487290668,0.1150512802445448,6.06873024854519,6.068731758325397,6.068730249595846,0.07469584484620892,0.0020225610377454586,1,none,0.599838510661407,0.6416165307685974,0.599838510661407,3.689742377234781,3.642248459276707,0.3477839183175963,0.3293781395575224,596,0.599838510661407,0.0,1.0,0.0,,0,False,0,False,-0.0028677830783749836,0.00100504986518052,,-0.0028677830783749836,0.00100504986518052,,0.4659682794133641,0,False,False,False,False,False,0.0012830166010620475,2972,1550,0
261,True,261,261,1,0.19100000000000014,0.001,0.001,0,0,0,False,False,,,none,1.0,0.882231036043183,0.8374658861022235,1.00027174680998,0.01803787779917455,0.1333259472618856,True,2,1,4,1,True,2,,,2,2,2,392,,,,,,,,,6,0.8,3.066411733784523e-07,5.881641492559857e-08,2.4682739852199365e-06,2.219411350357171e-06,3.334014305320744e-06,False,0.007478719519453586,0.0,0.007478719519453586,0.8767569121120607,0.8767569121120607,-0.9883240610533748,1.0362746721234575,3.140290796624407,3.071889410673619,0.978218136350839,0.0021848749194903093,0.1333259472618856,0.13114107234239528,0.0021848749194903093,0.1333259472618856,0.13114107234239528,0.019818626639382716,0.029941620305266873,0.010122993665884157,0.021848623709512304,0.1384238100655442,0.11657518635603188,6.0765962606851,6.076597770883453,6.076596261114001,0.07467553303069559,0.0020745348900793495,1,none,0.6018769786814857,0.6437696063731149,0.6018769786814857,3.789465144040176,3.746835735712376,0.3397680579728217,0.32127214595760895,598,0.6018769786814857,0.0,1.0,0.0,,0,False,0,False,-0.0021508361138088583,0.0006232351561129457,,-0.0021508361138088583,0.0006232351561129457,,0.4676535189873698,0,False,False,False,False,False,0.0008122779216874833,2972,1550,0
262,True,262,262,1,0.19200000000000014,0.001,0.001,0,0,0,False,False,,,none,1.0,0.8842713403995248,0.8393978937601765,1.0002678577437742,0.018048599897779422,0.13506700672910524,True,2,1,4,1,True,2,,,2,2,2,391,,,,,,,,,6,0.8,3.099203909490843e-07,5.9523365259088264e-08,2.4991151276968797e-06,2.2456138978304854e-06,3.3746039588891936e-06,False,0.007503926702387045,0.0,0.007503926702387045,0.8769397395393805,0.8769397395393805,-0.9883093240229478,1.0362280466754599,3.140290796624407,3.071774601519708,0.978181576311866,0.002189115883860285,0.13506700672910524,0.13287789084524496,0.002189115883860285,0.13506700672910524,0.13287789084524496,0.019818859766622704,0.029941546620114733,0.01012268685349203,0.02189103778596367,0.14000045644704256,0.1181094186610789,6.084553505100211,6.084555015705047,6.084553504886309,0.07465537691287602,0.0021279563249100926,1,none,0.6028616710992596,0.6448461441764335,0.6028616710992596,3.73960376056403,3.6950399656866524,0.34487404840943564,0.3263086065090662,599,0.6028616710992596,0.0,1.0,0.0,,0,False,0,False,-0.0017163981618385895,0.0012678432195370281,,-0.0017163981618385895,0.0012678432195370281,,0.4676266553660202,0,False,False,False,False,False,0.0007773389798173431,2972,1550,0
263,True,263,263,1,0.19300000000000014,0.001,0.001,0,0,0,False,False,,,none,1.0,0.8863366033123967,0.8413533938926372,1.000263868677466,0.018059060241327893,0.13683018634747202,True,2,1,4,1,True,2,,,2,2,2,368,,,,,,,,,6,0.8,3.132192845459394e-07,6.023756495409867e-08,2.5303139035236826e-06,2.2720755801817713e-06,3.4156332907480946e-06,False,0.007527866427185587,0.0,0.007527866427185587,0.8771236515235822,0.8771236515235822,-0.9882945152394167,1.0361809669270647,3.140290796624407,3.0716582525011584,0.9781445259155541,0.0021933837802409605,0.13683018634747202,0.13463680256723107,0.0021933837802409605,0.13683018634747202,0.13463680256723107,0.01981909516536467,0.029941472576197083,0.010122377410832412,0.021933721084336832,0.14158728067774223,0.1196535595934054,6.0926028770549,6.092604388054227,6.092602876176877,0.07463538190440384,0.0021828659778102303,1,none,0.6059694199916467,0.6480757575803074,0.6059694199916467,3.789465143617327,3.7466968741865965,0.3420407540477709,0.32346861266870003,602,0.6059694199916467,0.0,1.0,0.0,,0,False,0,False,-0.0018930266068023678,0.002000638033922771,,-0.0018930266068023678,0.002000638033922771,,0.4686324613597538,0,False,False,False,False,False,0.0007537810342274193,2972,1550,0
264,True,264,264,1,0.19400000000000014,0.001,0.001,0,0,0,False,False,,,none,1.0,0.8884270990491958,0.8433326403195591,1.0002597787612173,0.01806925068545676,0.13861574857300443,True,2,1,4,1,True,2,,,2,2,2,359,,,,,,,,,6,0.8,3.165372635426566e-07,6.095893867566166e-08,2.5618736952594995e-06,2.298797484327332e-06,3.457105514129959e-06,False,0.007550456560303481,0.0,0.007550456560303481,0.8773086373389252,0.8773086373389252,-0.9882796363314801,1.0361334318203088,3.140290796624407,3.0715403423777503,0.9781069783981283,0.002197679647742903,0.13861574857300443,0.13641806892526154,0.002197679647742903,0.13861574857300443,0.13641806892526154,0.019819332840898454,0.029941398181657402,0.010122065340758948,0.021976683999604268,0.14318385565073635,0.12120717165113208,6.100745276639397,6.1007467880207376,6.10074527507534,0.07461555265915983,0.0022393056158256375,1,none,0.6069517549001499,0.649152295383626,0.6069517549001499,3.739603760141181,3.6949170085387797,0.3471770470992994,0.3285333627237163,603,0.6069517549001499,0.0,1.0,0.0,,0,False,0,False,-0.002104594225539157,0.001253649192852196,,-0.002104594225539157,0.001253649192852196,,0.46860489799570043,0,False,False,False,False,False,0.0007763718091107613,2972,1550,0
265,True,265,265,1,0.19500000000000015,0.001,0.001,0,0,0,False,False,,,none,1.0,0.8905431040240637,0.8453358887395048,1.0002555877321488,0.018079164272203022,0.14042395828856846,True,2,1,4,1,True,2,,,2,2,2,357,,,,,,,,,6,0.8,3.198755219908726e-07,6.16877339625683e-08,2.593797903865985e-06,2.3257807259543873e-06,3.4990240464179244e-06,False,0.007571612155081092,0.0,0.007571612155081092,0.877494685846475,0.877494685846475,-0.98826468900098,1.0360854410929645,3.140290796624407,3.0714208495909436,0.9780689268944476,0.0022020045268076847,0.14042395828856846,0.13822195376176077,0.0022020045268076847,0.14042395828856846,0.13822195376176077,0.01981957279453518,0.0299413234450049,0.010121750650469719,0.022019936931197887,0.14487656906044644,0.12285663212924855,6.108981608701781,6.108983120452263,6.108981606429416,0.07459589359561411,0.002297318171644385,1,none,0.6111270406758398,0.6534584465969004,0.6111270406758398,3.73960376014118,3.693954238779102,0.34948004575341995,0.33087959469569656,607,0.6111270406758398,0.0,1.0,0.0,,0,False,0,False,-0.0030045101363229427,0.0017995547389330845,,-0.0030045101363229427,0.0017995547389330845,,0.46993922984228986,0,False,False,False,False,False,0.0010525500043815895,2972,1550,0
266,True,266,266,1,0.19600000000000015,0.001,0.001,0,0,0,False,False,,,none,1.0,0.8926848967894008,0.8473633966494623,1.0002512941230315,0.018088793261484146,0.14225508285024335,True,2,1,4,1,True,2,,,2,2,2,480,,,,,,,,,6,0.8,3.232319134525252e-07,6.242351221218056e-08,2.6260899262109457e-06,2.3530262182455246e-06,3.541391851948684e-06,False,0.0075912453567647115,0.0,0.0075912453567647115,0.8776817848564707,0.8776817848564707,-0.9882496750069026,1.036036991605312,3.140290796624407,3.0712997523122065,0.9780303644533935,0.002206359463498553,0.14225508285024335,0.1400487233867448,0.002206359463498553,0.14225508285024335,0.1400487233867448,0.019819815041973436,0.02994124837503451,0.010121433333061074,0.022063490343991805,0.14662009391664624,0.12455660357265444,6.1173127827005365,6.117314294806794,6.117312779697051,0.07457640821181011,0.002356947766733121,1,none,0.6110393158846749,0.6534584465969004,0.6110393158846749,3.73960376014118,3.6939684508644186,0.34948004575341995,0.33083082544556475,607,0.6110393158846749,0.0,1.0,0.0,,0,False,0,False,-0.003004798251638281,0.001799803001353106,,-0.003004798251638281,0.001799803001353106,,0.4699110280616748,0,False,False,False,False,False,3.8032179023473606e-07,2972,1550,0
267,True,267,267,1,0.19700000000000015,0.001,0.001,0,0,0,False,False,,,none,1.0,0.8948527580259475,0.8494154233445125,1.0002468965541094,0.018099916904149246,0.14410939227056876,True,2,1,4,1,True,2,,,2,2,2,511,,,,,,,,,6,0.8,3.266070148527128e-07,6.316657872690714e-08,2.658753185536572e-06,2.3805351861473247e-06,3.5842123866904718e-06,False,0.007609265415610245,0.0,0.007609265415610245,0.8778699226339196,0.8778699226339196,-0.988234596176455,1.0359880819969847,3.140290796624407,3.0711770283356414,0.9779912840036795,0.0022107454968109366,0.14410939227056876,0.14189864677375782,0.0022107454968109366,0.14410939227056876,0.14189864677375782,0.01982005959001508,0.029941172980882277,0.010121113390867197,0.022107354620864432,0.14837700486722807,0.12626965024636363,6.125739712624397,6.125741225072607,6.125739708866536,0.07455710038014814,0.002418239752950122,1,none,0.6109503095006303,0.6534584465969004,0.6109503095006303,3.73960376014118,3.6939829565110935,0.34948004575341995,0.33078133640208396,607,0.6109503095006303,0.0,1.0,0.0,,0,False,0,False,-0.0030050919352115294,0.001800055692555467,,-0.0030050919352115294,0.001800055692555467,,0.4698824191505965,0,False,False,False,False,False,3.874311357476138e-07,2972,1550,0
268,True,268,268,1,0.19800000000000015,0.001,0.001,0,0,0,False,False,,,none,1.0,0.8970469705322832,0.8514922298833938,1.0002423927019568,0.01812039698030744,0.14598715909207852,True,2,1,4,1,True,2,,,2,2,2,490,,,,,,,,,6,0.8,3.2999938198356724e-07,6.391647955758383e-08,2.69179109477797e-06,2.4083082879349384e-06,3.6274885273603096e-06,False,0.00762557869193628,0.0,0.00762557869193628,0.8780590857120348,0.8780590857120348,-0.9882194544285474,1.0359387089700287,3.140290796624407,3.0710526551694053,0.9779516783829613,0.0022151636796516553,0.14598715909207852,0.14377199541242686,0.0022151636796516553,0.14598715909207852,0.14377199541242686,0.019820306455149858,0.02994109727214274,0.01012079081699288,0.022151540302497223,0.15014684931250627,0.12799530901000905,6.134263316888763,6.1342648296645415,6.134263312352713,0.07453797322622614,0.0024812407371891084,1,none,0.6140596613060447,0.6566880600036132,0.6140596613060447,3.689742376440315,3.641141696442131,0.35595333928823186,0.3372896264411028,610,0.6140596613060447,0.0,1.0,0.0,,0,False,0,False,-0.003663797193272418,0.0014103453642669644,,-0.003663797193272418,0.0014103453642669644,,0.47164995534994475,0,False,False,False,False,False,0.0007653540076146424,2972,1550,0
269,True,269,269,1,0.19900000000000015,0.001,0.001,0,0,0,False,False,,,none,1.0,0.8992678192126596,0.8535940791171015,1.0002377808937397,0.018140642818416725,0.14788865822156602,True,2,1,4,1,True,2,,,2,2,2,526,,,,,,,,,6,0.8,3.3340913046909186e-07,6.467341313245551e-08,2.7252070921787566e-06,2.436346565143013e-06,3.67122358068695e-06,False,0.007640088657758948,0.0,0.007640088657758948,0.8782492611484367,0.8782492611484367,-0.9882042517074899,1.0358888722161796,3.140290796624407,3.070926609921863,0.9779115403015842,0.002219615058282097,0.14788865822156602,0.1456690431632839,0.002219615058282097,0.14788865822156602,0.1456690431632839,0.019820555638919102,0.02994102125853745,0.010120465619618348,0.022196057847074888,0.15192914626138523,0.12973308841431036,6.142884518282398,6.142886031370785,6.14288451294377,0.07451903048489748,0.002545998628177333,1,none,0.6139682159128615,0.6566880600036132,0.6139682159128615,3.689742376440315,3.6411428224473803,0.35595333928823186,0.3372392931844322,610,0.6139682159128615,0.0,1.0,0.0,,0,False,0,False,-0.003664192131719261,0.0014105732700526014,,-0.003664192131719261,0.0014105732700526014,,0.4716205732884721,0,False,False,False,False,False,4.5597963103817956e-07,2972,1550,0
270,True,270,270,1,0.20000000000000015,0.001,0.001,0,0,0,False,False,,,none,1.0,0.9015155910640488,0.8557212357031627,1.000233060259423,0.01816064135967957,0.14981416715595827,True,2,1,4,1,True,2,,,2,2,2,487,,,,,,,,,6,0.8,3.3683911146183523e-07,6.54376840817928e-08,2.7590046178316575e-06,2.4646507487629666e-06,3.715420901069305e-06,False,0.007652695893386061,0.0,0.007652695893386061,0.8784404345402745,0.8784404345402745,-0.988188990020727,1.0358385712841789,3.140290796624407,3.0707988693959085,0.9778708623726192,0.002224100692054564,0.14981416715595827,0.1475900664639037,0.002224100692054564,0.14981416715595827,0.1475900664639037,0.01982080714357911,0.029940944950103635,0.010120137806524526,0.02224091784377772,0.15372338627436327,0.13148246843058556,6.151604243911292,6.151605757296763,6.151604237745035,0.07450027530455372,0.00261256266639516,1,none,0.6170610212409408,0.6599176734135691,0.6170610212409408,3.839326526868753,3.7968986339310824,0.3437674127455783,0.3250342349024328,613,0.6170610212409408,0.0,1.0,0.0,,0,False,0,False,-0.0015068282190499268,0.0008646224001766956,,-0.0015068282190499268,0.0008646224001766956,,0.47307173723849516,0,False,False,False,False,False,0.0022253721944893168,2972,1550,0
271,True,271,271,1,0.20100000000000015,0.001,0.001,0,0,0,False,False,,,none,1.0,0.9037905751629638,0.8578739658997879,1.0002282307447465,0.01818038114365564,0.15176396580282145,True,2,1,4,1,True,2,,,2,2,2,423,,,,,,,,,6,0.8,3.4028492295746464e-07,6.620850139746804e-08,2.793187099755439e-06,2.493221647842119e-06,3.7600832110417765e-06,False,0.007663298148577885,0.0,0.007663298148577885,0.8786325899784468,0.8786325899784468,-0.9881736714598338,1.035787799922952,3.140290796624407,3.0706694101076524,0.9778296371178131,0.002228621649724831,0.15176396580282145,0.1495353441530966,0.002228621649724831,0.15176396580282145,0.1495353441530966,0.01982106100038524,0.029940868357299165,0.010119807356913924,0.022286130997962207,0.15552903159530954,0.13324290059734734,6.160423424888173,6.160424938554652,6.16042341786887,0.07448170988726609,0.0026809834482137626,1,none,0.6222978137083501,0.6653003624301621,0.6222978137083501,3.7894651433926057,3.743804091499522,0.3511315382278654,0.3324414411113582,618,0.6222978137083501,0.0,1.0,0.0,,0,False,0,False,-0.0025622645629240484,0.0020192976397567053,,-0.0025622645629240484,0.0020192976397567053,,0.47314082310867644,0,False,False,False,False,False,0.0015643595446282563,2972,1550,0
272,True,272,272,1,0.20200000000000015,0.001,0.001,0,0,0,False,False,,,none,1.0,0.9060930626497647,0.8600525376538521,1.000223291424097,0.018199850111836047,0.15373833670279488,True,2,1,4,1,True,2,,,2,2,2,432,,,,,,,,,6,0.8,3.4374828897394186e-07,6.698624679643097e-08,2.8277579977640392e-06,2.522060035182324e-06,3.805213812444018e-06,False,0.007671790483118918,0.0,0.007671790483118918,0.8788257128616457,0.8788257128616457,-0.9881582981861408,1.0357365577693323,3.140290796624407,3.070538208082341,0.9777878569026012,0.002233178987737438,0.15373833670279488,0.15150515771505743,0.002233178987737438,0.15373833670279488,0.15150515771505743,0.01982131721115334,0.029940791490930704,0.010119474279777364,0.02233170785146941,0.1573455162246891,0.1350138083732197,6.169342996331382,6.1693445102619116,6.1693429884325806,0.07446333814529384,0.00275131298658539,1,none,0.6243325791023013,0.6674534380367995,0.6243325791023013,3.8891879103448974,3.8463651055030015,0.34323537634241436,0.32463510976067644,620,0.6243325791023013,0.0,1.0,0.0,,0,False,0,False,-0.0013912819467606303,0.00137898398781433,,-0.0013912819467606303,0.00137898398781433,,0.47311035567516446,0,False,False,False,False,False,0.0013346167465683565,2972,1550,0
273,True,273,273,1,0.20300000000000015,0.001,0.001,0,0,0,False,False,,,none,1.0,0.9084233467126444,0.8622572205843804,1.0002182397694046,0.01821903359857778,0.1557375647822391,True,2,1,4,1,True,2,,,2,2,2,462,,,,,,,,,6,0.8,3.472289814759426e-07,6.777082175000637e-08,2.862720761648899e-06,2.5511666388219834e-06,3.850815787345767e-06,False,0.007678065220122973,0.0,0.007678065220122973,0.879019787093994,0.879019787093994,-0.9881428724203359,1.0356848420988845,3.140290796624407,3.0704052390302627,0.9777455139921225,0.0022377737742962315,0.1557375647822391,0.15349979100794287,0.0022377737742962315,0.1557375647822391,0.15349979100794287,0.01982157578950558,0.029940714362101675,0.010119138572596095,0.022377659074029187,0.15917224590148127,0.13679458682745207,6.178363897265964,6.178365411442993,6.178363888460734,0.07444516323026276,0.0028236047299622286,1,none,0.6274245658195694,0.6706830514422325,0.6274245658195694,4.038772060458342,4.001651476981259,0.33212225963854947,0.31358281420993817,623,0.6274245658195694,0.0,1.0,0.0,,0,False,0,False,-0.0011647240979530686,-0.0005352445982618613,,-0.0011647240979530686,-0.0005352445982618613,,0.4745660909086055,0,False,False,False,False,False,0.0019275890481654963,2972,1550,0
274,True,274,274,1,0.20400000000000015,0.001,0.001,0,0,0,False,False,,,none,1.0,0.9107817225693412,0.8644882860376658,1.0002130748299147,0.018237918190832755,0.15776193767621757,True,2,1,4,1,True,2,,,2,2,2,435,,,,,,,,,6,0.8,3.5072873549468723e-07,6.856260869218117e-08,2.8980788569300915e-06,2.5805420203798147e-06,3.896892307614305e-06,False,0.0076820119906606255,0.0,0.0076820119906606255,0.8792147972561969,0.8792147972561969,-0.9881273964225926,1.0356326556020357,3.140290796624407,3.070270478179982,0.9777026004981156,0.0022424070690249616,0.15776193767621757,0.15551953060719262,0.0022424070690249616,0.15776193767621757,0.15551953060719262,0.01982183672198982,0.02994063698211296,0.010118800260123139,0.02242399525668544,0.16100859795738243,0.138584602700697,6.187487070575842,6.187488584980802,6.187487060836291,0.07442718921325535,0.002897913627194368,1,none,0.6283941160978865,0.671759589245551,0.6283941160978865,3.9889106769821967,3.950104445253034,0.3368135531948133,0.31816582311034725,624,0.6283941160978865,0.0,1.0,0.0,,0,False,0,False,-0.0004201860118757694,-0.0003841503158044541,,-0.0004201860118757694,-0.0003841503158044541,,0.4745347829249226,0,False,False,False,False,False,0.0007597147121195999,2972,1550,0
275,True,275,275,1,0.20500000000000015,0.001,0.001,0,0,0,False,False,,,none,1.0,0.9131684874484647,0.8667460070788462,1.000207795746364,0.018256491942590148,0.15981174539756787,True,2,1,4,1,True,2,,,2,2,2,428,,,,,,,,,6,0.8,3.5424820360061e-07,6.936142498990735e-08,2.933835735693901e-06,2.610186427797279e-06,3.943446222395151e-06,False,0.007683517895781339,0.0,0.007683517895781339,0.8794107259986352,0.8794107259986352,-0.9881118725445303,1.0355799985958005,3.140290796624407,3.0701339004772645,0.9776591084422639,0.0022470799481573967,0.15981174539756787,0.15756466544941047,0.0022470799481573967,0.15981174539756787,0.15756466544941047,0.019822100007021,0.02994055936272265,0.010118459355701648,0.022470727163178352,0.16285392163799564,0.14038319447481729,6.196713462943607,6.196714977557222,6.196713452240939,0.0744094195008988,0.0029742961521743365,1,none,0.6304311631588997,0.6739126648521885,0.6304311631588997,3.889187910029905,3.846199417532624,0.34655700904254155,0.32782032064438704,626,0.6304311631588997,0.0,1.0,0.0,,0,False,0,False,-0.00026946925617012303,-0.0003195522950350864,,-0.00026946925617012303,-0.0003195522950350864,,0.47450301848889864,0,False,False,False,False,False,0.00016397696404603647,2972,1550,0
276,True,276,276,1,0.20600000000000016,0.001,0.001,0,0,0,False,False,,,none,1.0,0.9155839405691647,0.869030658406742,1.0002024021536333,0.018274745124118003,0.16188728042227965,True,2,1,4,1,True,2,,,2,2,2,415,,,,,,,,,6,0.8,3.577861663876683e-07,7.016742325737998e-08,2.9699948634047903e-06,2.6401007355761215e-06,3.990480646586998e-06,False,0.007682467608824142,0.0,0.007682467608824142,0.8796075565993764,0.8796075565993764,-0.9880963031926693,1.035526871845615,3.140290796624407,3.069995480438518,0.9776150297095251,0.002251793478092647,0.16188728042227965,0.159635486944187,0.002251793478092647,0.16188728042227965,0.159635486944187,0.019822365640771927,0.029940481515963346,0.01011811587519142,0.022517865456935408,0.1647075387371555,0.14218967328022009,6.206044024638184,6.20604553944022,6.206044012942836,0.07439185789786826,0.0030528103584115036,1,none,0.6335306159312006,0.6771422782621441,0.6335306159312006,3.8393265265537595,3.794122129952283,0.35274013480169286,0.33395372854756694,629,0.6335306159312006,0.0,1.0,0.0,,0,False,0,False,-0.0003674435350932558,0.0008863691644802487,,-0.0003674435350932558,0.0008863691644802487,,0.47447079007742365,0,False,False,False,False,False,0.0012098948408229965,2972,1550,0
277,True,277,277,1,0.20700000000000016,0.001,0.001,0,0,0,False,False,,,none,1.0,0.918028383119833,0.8713425163511335,1.0001968923215359,0.0182926638430069,0.16398883784203655,True,2,1,4,1,True,2,,,2,2,2,418,,,,,,,,,6,0.8,3.613462493927583e-07,7.098085251747377e-08,3.006559699711852e-06,2.67028508370698e-06,4.037998644077749e-06,False,0.0076787434992636044,0.0,0.0076787434992636044,0.8798052706981139,0.8798052706981139,-0.9880806908610171,1.0354732747921198,3.140290796624407,3.069855192259197,0.9775703560826521,0.0022565487400707926,0.16398883784203655,0.16173228910196577,0.0022565487400707926,0.16398883784203655,0.16173228910196577,0.0198226336260394,0.029940403454305084,0.010117769828265684,0.022565420961749717,0.166568745195185,0.1440033242334353,6.215479709453429,6.2154812244224535,6.215479696734805,0.07437450868441034,0.0031335159135928757,1,none,0.6398191129509224,0.683601505082056,0.6398191129509224,3.8393265265537595,3.7939776146792106,0.35610490556304286,0.33728143807460004,635,0.6398191129509224,0.0,1.0,0.0,,0,False,0,False,-0.0006949133865766486,-0.0007524057329805673,,-0.0006949133865766486,-0.0007524057329805673,,0.47810818114429654,0,False,False,False,False,False,0.001671173141292746,2972,1550,0
278,True,278,278,1,0.20800000000000016,0.001,0.001,0,0,0,False,False,,,none,1.0,0.9205021182350062,0.8736818588146941,1.0001912643007593,0.018310234699204526,0.16611671513700607,True,2,1,4,1,True,2,,,2,2,2,416,,,,,,,,,6,0.8,3.649260925982512e-07,7.180158695500963e-08,3.0435337050774226e-06,2.700739936436404e-06,4.08600295388453e-06,False,0.007672225775696234,0.0,0.007672225775696234,0.8800038506385929,0.8800038506385929,-0.9880650380975763,1.0354192082012093,3.140290796624407,3.0697130096809726,0.9775250791998943,0.0022613468057057166,0.16611671513700607,0.16385536833130035,0.0022613468057057166,0.16611671513700607,0.16385536833130035,0.019822903958993953,0.02994032519048788,0.010117421231493926,0.022613404403859224,0.16843680979339906,0.14582340538953983,6.225021474514152,6.225022989627742,6.2250214607405026,0.0743573771547788,0.003216474151646944,1,none,0.6397163154262031,0.683601505082056,0.6397163154262031,3.8393265265537595,3.793999893660107,0.35610490556304286,0.33722526797915264,635,0.6397163154262031,0.0,1.0,0.0,,0,False,0,False,-0.0006950328891874839,-0.0007524188749050623,,-0.0006950328891874839,-0.0007524188749050623,,0.478075457034187,0,False,False,False,False,False,1.2022306008362995e-07,2972,1550,0
279,True,279,279,1,0.20900000000000016,0.001,0.001,0,0,0,False,False,,,none,1.0,0.9230054509709754,0.8760489653201831,1.0001855176249297,0.018327445603810878,0.1682712121627205,True,2,1,4,1,True,2,,,2,2,2,416,,,,,,,,,6,0.8,3.685294985600814e-07,7.263001703401837e-08,3.0809203414428953e-06,2.7314653822311727e-06,4.134496631432562e-06,False,0.007662792666277202,0.0,0.007662792666277202,0.8802032773273141,0.8802032773273141,-0.988049347527939,1.0353646734387976,3.140290796624407,3.0695689060968694,0.9774791905884771,0.002266188761911759,0.1682712121627205,0.16600502340080875,0.002266188761911759,0.1682712121627205,0.16600502340080875,0.019823176632806014,0.029940246737639693,0.010117070104833679,0.022661826646214633,0.17031097712748233,0.1476491504812677,6.234670280265767,6.234671795500249,6.234670265404267,0.0743404698016531,0.0033017481174018254,1,none,0.6406737433825566,0.6846780428853745,0.6406737433825566,3.8891879100299063,3.8459832044029527,0.35209306350029745,0.33316512804793397,636,0.6406737433825566,0.0,1.0,0.0,,0,False,0,False,-0.00020715570382272102,-0.00018584610675551028,,-0.00020715570382272102,-0.00018584610675551028,,0.4787324256368009,0,False,False,False,False,False,0.0007476823186408043,2972,1550,0
280,True,280,280,1,0.21000000000000016,0.001,0.001,0,0,0,False,False,,,none,1.0,0.9255386882805821,0.8784441168570296,1.0001796524233373,0.018344284651742544,0.17045263130468113,True,2,1,4,1,True,2,,,2,2,2,416,,,,,,,,,6,0.8,3.721564951995251e-07,7.346623996121767e-08,3.11872306201138e-06,2.762461855047879e-06,4.183482614216228e-06,False,0.00765032057725977,0.0,0.00765032057725977,0.8804035302845177,0.8804035302845177,-0.988033621850873,1.035309668349092,3.140290796624407,3.0694228545561058,0.9774326816661439,0.0022710757060969617,0.17045263130468113,0.16818155559858416,0.0022710757060969617,0.17045263130468113,0.16818155559858416,0.019823451658254544,0.029940168109254362,0.010116716450999819,0.022710698660206925,0.17219046791267562,0.1494797692524687,6.244427090178348,6.244428605508672,6.2444270741948955,0.07432379373053233,0.0033894026049094265,1,none,0.6416372329506932,0.6857545806886931,0.6416372329506932,3.8393265265537604,3.7934534970640836,0.3572264958168261,0.33828659475977957,637,0.6416372329506932,0.0,1.0,0.0,,0,False,0,False,0.00041720264783803434,0.00023202094021335681,,0.00041720264783803434,0.00023202094021335681,,0.47869873711268146,0,False,False,False,False,False,0.0007512897045953824,2972,1550,0
281,True,281,281,1,0.21100000000000016,0.001,0.001,0,0,0,False,False,,,none,1.0,0.9281021389866124,0.8808675957476771,1.000173667380077,0.018360740297171836,0.17266127728181263,True,2,1,4,1,True,2,,,2,2,2,415,,,,,,,,,6,0.8,3.7580655132006327e-07,7.430980008675376e-08,3.1569453049427953e-06,2.793729035733152e-06,4.2329632757564595e-06,False,0.00763468434276085,0.0,0.00763468434276085,0.8806045882599991,0.8806045882599991,-0.9880178638439864,1.0352541886232833,3.140290796624407,3.0692748276773227,0.9773855437135244,0.002276008739581058,0.17266127728181263,0.17038526854223157,0.002276008739581058,0.17266127728181263,0.17038526854223157,0.019823729056883586,0.029940089319219928,0.010116360262336341,0.022760031471133597,0.17407447923021757,0.15131444775908398,6.2542928704736855,6.254294385873583,6.254292853332985,0.07430735762063712,0.0034795042034226264,1,none,0.6436601715460588,0.6879076562872709,0.6436601715460588,3.8393265259939504,3.793195281772726,0.35834808611866154,0.3393762375688964,639,0.6436601715460588,0.0,1.0,0.0,,0,False,0,False,0.0004080601968264197,0.0002366510394908208,,0.0004080601968264197,0.0002366510394908208,,0.4805242198828334,0,False,False,False,False,False,1.0248035412650843e-05,2972,1550,0
282,True,282,282,1,0.21200000000000016,0.001,0.001,0,0,0,False,False,,,none,1.0,0.930696113752886,0.8833196856781418,1.0001675607733111,0.018376801542843896,0.17489745736180518,True,2,1,4,1,True,2,,,2,2,2,412,,,,,,,,,6,0.8,3.794793667325145e-07,7.516091399238335e-08,3.1955905232073778e-06,2.825267154939967e-06,4.282941400668851e-06,False,0.0076259988875285595,0.0,0.0076259988875285595,0.8808064305691012,0.8808064305691012,-0.9880020763423529,1.0351982330700769,3.140290796624407,3.0691247975537195,0.9773377678439251,0.002280988958404993,0.17489745736180518,0.17261646840340017,0.002280988958404993,0.17489745736180518,0.17261646840340017,0.019824008834649617,0.029940010381711762,0.010116001547062145,0.022809836029413763,0.17596218545129022,0.15315234942187644,6.2642685900413575,6.264270105482626,6.264268571706469,0.0742911729279283,0.003572121357213271,1,none,0.6467533812308179,0.691137269693425,0.6467533812308179,3.789465142781793,3.7396933387657314,0.3647677145202982,0.34588578401686587,642,0.6467533812308179,0.0,1.0,0.0,,0,False,0,False,0.0005511027518500813,0.0005131430816764395,,0.0005511027518500813,0.0005131430816764395,,0.48048960385445827,0,False,False,False,False,False,0.00031130213931110585,2972,1550,0
283,True,283,283,1,0.21300000000000016,0.001,0.001,0,0,0,False,False,,,none,1.0,0.933320925053333,0.8858006718289326,1.0001613312277984,0.0183924585905909,0.17716148116827385,True,2,1,4,1,True,2,,,2,2,2,418,,,,,,,,,6,0.8,3.8318032348359395e-07,7.602051514370019e-08,3.234662175724747e-06,2.857076200511302e-06,4.333420137214964e-06,False,0.007645333382238065,0.0,0.007645333382238065,0.8810090354430978,0.8810090354430978,-0.9879862622521741,1.0351418046866419,3.140290796624407,3.068972735817997,0.9772893450240111,0.002286017469881898,0.17716148116827385,0.17487546369839196,0.002286017469881898,0.17716148116827385,0.17487546369839196,0.019824290976566794,0.029939931311260867,0.010115640334694073,0.022860123414014312,0.17785274147672725,0.15499261806271294,6.2743552204720485,6.274356735925421,6.274355200904783,0.07427525324742679,0.0036673244246642495,1,none,0.6487752704374231,0.6932903453000623,0.6487752704374231,3.7894651427817925,3.739021216328729,0.36590406254067176,0.3470294672863305,644,0.6487752704374231,0.0,1.0,0.0,,0,False,0,False,-0.000684680256986111,-1.2123755716191713e-05,,-0.000684680256986111,-1.2123755716191713e-05,,0.48045447803219504,0,False,False,False,False,False,0.001342782519767326,2972,1550,0
284,True,284,284,1,0.21400000000000016,0.001,0.001,0,0,0,False,False,,,none,1.0,0.9359768871402738,0.8883108407844282,1.0001549779994392,0.018407701516074907,0.1794536606641194,True,2,1,4,1,True,2,,,2,2,2,427,,,,,,,,,6,0.8,3.8690946570981126e-07,7.688856217322384e-08,3.274163692164893e-06,2.8891559427810354e-06,4.384401980937279e-06,False,0.0076621415821706285,0.0,0.0076621415821706285,0.8812123798769383,0.8812123798769383,-0.9879704245447749,1.0350849045578483,3.140290796624407,3.0688186137219144,0.9772402660991395,0.0022910953923257447,0.1794536606641194,0.17716256527179366,0.0022910953923257447,0.1794536606641194,0.17716256527179366,0.01982457547721076,0.029939852122723872,0.010115276645513111,0.02291090481059876,0.1797452845830304,0.15683437977243164,6.284553735826905,6.284555251261005,6.2845537149873865,0.07425961295254219,0.0037651857219288877,1,none,0.6518647799712073,0.6965199587073079,0.6518647799712073,3.739603759496455,3.6856957865128837,0.37251003234690067,0.3537268498157579,647,0.6518647799712073,0.0,1.0,0.0,,0,False,0,False,-0.00033950114373483195,0.00025742893774237445,,-0.00033950114373483195,0.00025742893774237445,,0.481497747142974,0,False,False,False,False,False,0.0004379580742213883,2972,1550,0
285,True,285,285,1,0.21500000000000016,0.001,0.001,0,0,0,False,False,,,none,1.0,0.9386643160116384,0.8908504803572024,1.0001485007531705,0.018422521233473974,0.1817743100951374,True,2,1,4,1,True,2,,,2,2,2,411,,,,,,,,,6,0.8,3.906695565262979e-07,7.776529096299302e-08,3.314098492822103e-06,2.9215059133442423e-06,4.435889512229325e-06,False,0.007676282043854538,0.0,0.007676282043854538,0.8814164393510766,0.8814164393510766,-0.9879545662814041,1.0350275298645695,3.140290796624407,3.0686624021220235,0.9771905217888167,0.002296223856726607,0.1817743100951374,0.17947808623841077,0.002296223856726607,0.1817743100951374,0.17947808623841077,0.019824862350677153,0.02993977283140702,0.010114910480729867,0.022962191536796607,0.18180815422436852,0.15884596268757192,6.294865112325381,6.29486662770709,6.29486509017214,0.07424426802869308,0.0038657795718748398,1,none,0.6528147721671569,0.6975964965106265,0.6528147721671569,3.7894651429726007,3.737304349725484,0.36817675856144977,0.34935060732482653,648,0.6528147721671569,0.0,1.0,0.0,,0,False,0,False,-0.0010556645610043203,6.850069246306569e-05,,-0.0010556645610043203,6.850069246306569e-05,,0.48272678603510905,0,False,False,False,False,False,0.0007406645138653734,2972,1550,0
286,True,286,286,1,0.21600000000000016,0.001,0.001,0,0,0,False,False,,,none,1.0,0.9413835293760351,0.8934198794743027,1.000141897029479,0.018436907277056526,0.18412374608688517,True,2,1,4,1,True,2,,,2,2,2,414,,,,,,,,,6,0.8,3.9445453962091574e-07,7.865003299976842e-08,3.3544699828396138e-06,2.95412593175089e-06,4.48788470194294e-06,False,0.007687609848686064,0.0,0.007687609848686064,0.8816211907056827,0.8816211907056827,-0.9879386905927529,1.0349696777546065,3.140290796624407,3.0685040713116414,0.977140102633192,0.0023014039774878676,0.18412374608688517,0.1818223421093973,0.0023014039774878676,0.18412374608688517,0.1818223421093973,0.01982515161122697,0.029939693452963764,0.010114541841736793,0.023013994733755545,0.1841577746688649,0.16114377993510937,6.305290328051009,6.305291843345508,6.305290304540847,0.07422923675958126,0.0039691823623236346,1,none,0.6548310615524136,0.6997495721124184,0.6548310615524136,3.78946514331754,3.736675572126783,0.36931310654559174,0.3504885821167006,650,0.6548310615524136,0.0,1.0,0.0,,0,False,0,False,-0.00019128095355299175,-0.0004247680059104309,,-0.00019128095355299175,-0.0004247680059104309,,0.48400020381486325,0,False,False,False,False,False,0.0009952251150496835,2972,1550,0
287,True,287,287,1,0.21700000000000016,0.001,0.001,0,0,0,False,False,,,none,1.0,0.9441348466143129,0.8960193284484087,1.0001351674343801,0.01845085119914279,0.18650228753656087,True,2,1,4,1,True,2,,,2,2,2,434,,,,,,,,,6,0.8,3.9827482939122586e-07,7.954468999159566e-08,3.39528160645748e-06,2.9870156318171327e-06,4.54039092692478e-06,False,0.007695976859743839,0.0,0.007695976859743839,0.8818266108833953,0.8818266108833953,-0.9879228006446471,1.034911354361479,3.140290796624407,3.0683435910160917,0.9770889989915412,0.002306636870325232,0.18650228753656087,0.18419565066623564,0.002306636870325232,0.18650228753656087,0.18419565066623564,0.019825443228192605,0.029939614003223237,0.010114170775030632,0.02306632556301401,0.18653650260603186,0.16347017704301786,6.315830363198829,6.315831878369089,6.315830338286706,0.07421454203677422,0.004075472627327927,1,none,0.6547147193408605,0.6997495721124184,0.6547147193408605,3.78946514331754,3.7366605884893547,0.36931310654559174,0.35042771685375174,650,0.6547147193408605,0.0,1.0,0.0,,0,False,0,False,-0.0001912802261032025,-0.00042476549718847384,,-0.0001912802261032025,-0.00042476549718847384,,0.4839634438732074,0,False,False,False,False,False,2.612062222401802e-09,2972,1550,0
288,True,288,288,1,0.21800000000000017,0.001,0.001,0,0,0,False,False,,,none,1.0,0.9469185887415017,0.898649118818287,1.000128312853986,0.01846434684370562,0.1889102556346948,True,2,1,4,1,True,2,,,2,2,2,410,,,,,,,,,6,0.8,4.021275516169728e-07,8.044878860610805e-08,3.4365367413395567e-06,3.0201743151094367e-06,4.5934100887664175e-06,False,0.007701231845811035,0.0,0.007701231845811035,0.8820326739515054,0.8820326739515054,-0.9879068997145122,1.034852560638726,3.140290796624407,3.0681809306269723,0.9770372011168685,0.002311923678364657,0.1889102556346948,0.18659833195633013,0.002311923678364657,0.1889102556346948,0.18659833195633013,0.01982573719680637,0.02993953449857256,0.01011379730176619,0.02311919545600974,0.1889446592340541,0.16582546377804436,6.326486199693861,6.326487714701011,6.3264861733328965,0.07420020631160425,0.0041847310781333415,1,none,0.6588610957112402,0.7040557233256929,0.6588610957112402,3.78946514331754,3.7349377060111104,0.3715858025860175,0.35280968389424605,654,0.6588610957112402,0.0,1.0,0.0,,0,False,0,False,0.0005214981906291991,-0.00024061070950166037,,0.0005214981906291991,-0.00024061070950166037,,0.48528090379768746,0,False,False,False,False,False,0.0007361834399030751,2972,1550,0
289,True,289,289,1,0.21900000000000017,0.001,0.001,0,0,0,False,False,,,none,1.0,0.9497350783659557,0.9013095432510912,1.0001213324924436,0.01847738502302111,0.19134797919711244,True,2,1,4,1,True,2,,,2,2,2,383,,,,,,,,,6,0.8,4.0601527893839863e-07,8.136282676641906e-08,3.478238773795975e-06,3.053601145060657e-06,4.6469445054750045e-06,False,0.007703220701575239,0.0,0.007703220701575239,0.8822393546957197,0.8822393546957197,-0.9878909911275955,1.0347932985007247,3.140290796624407,3.068016058993583,0.9769846990894874,0.0023172655335688933,0.19134797919711244,0.18903071366354354,0.0023172655335688933,0.19134797919711244,0.18903071366354354,0.019826033507496378,0.029939454955637976,0.010113421448141598,0.023172615742725215,0.19138256799212533,0.1682099522494001,6.337258820987852,6.337260335790685,6.337258793129364,0.07418625546729335,0.004297040685274319,1,none,0.6608753931723641,0.70620879893233,0.6608753931723641,3.689742376365248,3.6316581368091523,0.38279572224661046,0.3639524251878083,656,0.6608753931723641,0.0,1.0,0.0,,0,False,0,False,0.00013263258414655273,0.0004938166881657446,,0.00013263258414655273,0.0004938166881657446,,0.48524309674930727,0,False,False,False,False,False,0.0008310235028864304,2972,1550,0
290,True,290,290,1,0.22000000000000017,0.001,0.001,0,0,0,False,False,,,none,1.0,0.9525846396471194,0.9040008954916108,1.0001142267841825,0.01848995632676919,0.19381588139125813,True,2,1,4,1,True,2,,,2,2,2,396,,,,,,,,,6,0.8,4.099382587114653e-07,8.228726815047984e-08,3.5203910756913514e-06,3.0872957212450103e-06,4.700996571651602e-06,False,0.007701786691464749,0.0,0.007701786691464749,0.882446626442195,0.882446626442195,-0.9878750782958757,1.0347335684600971,3.140290796624407,3.0678489445117383,0.9769314828453025,0.002322663582127788,0.19381588139125813,0.19149321780913034,0.002322663582127788,0.19381588139125813,0.19149321780913034,0.019826332157699515,0.02993937539147938,0.010113043233779866,0.023226597893197375,0.19385055446948077,0.1706239565762834,6.348149211851435,6.34815072640673,6.348149182444598,0.07417271762106974,0.004412486724277597,1,none,0.6650177253462579,0.7105149501456045,0.6650177253462579,3.689742376365248,3.630112396915674,0.38512984250435944,0.3663896059589176,660,0.6650177253462579,0.0,1.0,0.0,,0,False,0,False,0.0007746511300161593,0.0009127508719008575,,0.0007746511300161593,0.0009127508719008575,,0.48742028025004785,0,False,False,False,False,False,0.0007666118075938626,2972,1550,0
291,True,291,291,1,0.22100000000000017,0.001,0.001,0,0,0,False,False,,,none,1.0,0.9554675982517875,0.9067234702170883,1.0001069964948888,0.018502056247070083,0.196314189007117,True,2,1,4,1,True,2,,,2,2,2,410,,,,,,,,,6,0.8,4.138960518118597e-07,8.322181319071517e-08,3.562996982793946e-06,3.121256645987495e-06,4.755567932583454e-06,False,0.0076967707132231805,0.0,0.0076967707132231805,0.8826544616468727,0.8826544616468727,-0.9878591646834887,1.0346733682688098,3.140290796624407,3.0676795550917615,0.9768775421656181,0.002328118977218744,0.196314189007117,0.19398607002989826,0.002328118977218744,0.196314189007117,0.19398607002989826,0.019826633158655953,0.02993929582341744,0.010112662664761487,0.023281153442967727,0.19634894635861522,0.1730677929156475,6.35915835805531,6.359159872317512,6.359158327047571,0.07415962321360019,0.004531156839091534,1,none,0.6691604573689773,0.714821101358879,0.6691604573689773,3.5900196094129564,3.52570561156501,0.39822685061921836,0.3795895239659256,664,0.6691604573689773,0.0,1.0,0.0,,0,False,0,False,0.002378624276176985,-0.0008614024628774981,,0.002378624276176985,-0.0008614024628774981,,0.48786113508730233,0,False,False,False,False,False,0.002391725299634182,2972,1550,0
292,True,292,292,1,0.22200000000000017,0.001,0.001,0,0,0,False,False,,,none,1.0,0.9583842813070602,0.9094775630837522,1.0000996420669543,0.01852193771951334,0.19884323193080972,True,2,1,4,1,True,2,,,2,2,2,401,,,,,,,,,6,0.8,4.178918325301719e-07,8.416763068904282e-08,3.606059851167565e-06,3.15548339609762e-06,4.810661169423767e-06,False,0.007689847676616027,0.0,0.007689847676616027,0.882862833205273,0.882862833205273,-0.9878432538205558,1.034612700329191,3.140290796624407,3.067507858038885,0.9768228666390517,0.0023336328678945986,0.19884323193080972,0.19650959906291512,0.0023336328678945986,0.19884323193080972,0.19650959906291512,0.019826936498354045,0.02993921626910278,0.010112279770748734,0.023336293891465455,0.19887807351071787,0.1755417796192524,6.370287246279422,6.370288760200771,6.370287213616057,0.07414700658378484,0.004653141118778566,1,none,0.6722359474144517,0.7180507147631128,0.6722359474144517,3.540158226341375,3.4727595040172146,0.40566023824601316,0.387147999529955,667,0.6722359474144517,0.0,1.0,0.0,,0,False,0,False,0.0018200674143426024,-0.001118427589811628,,0.0018200674143426024,-0.001118427589811628,,0.48818280217845794,0,False,False,False,False,False,0.0006148558235698669,2972,1550,0
293,True,293,293,1,0.22300000000000017,0.001,0.001,0,0,0,False,False,,,none,1.0,0.9613350173522726,0.9122634706390562,1.0000921640756704,0.018542219711346508,0.20140334209042754,True,2,1,4,1,True,2,,,2,2,2,382,,,,,,,,,6,0.8,4.219238533406707e-07,8.512431851365082e-08,3.6495829806271337e-06,3.1899742584504436e-06,4.866277590692906e-06,False,0.0077014761543034715,0.0,0.0077014761543034715,0.8830717129028849,0.8830717129028849,-0.9878273492948678,1.0345515655036022,3.140290796624407,3.067333820145566,0.9767674456909327,0.002339206414546993,0.20140334209042754,0.19906413567588055,0.002339206414546993,0.20140334209042754,0.19906413567588055,0.019827242172481992,0.02993913674647434,0.010111894573992346,0.023392030835148216,0.20143826781731658,0.17804623698216837,6.381536863821472,6.381538377351738,6.381536829445665,0.07413490326888153,0.004778532152913838,1,none,0.673169800479707,0.7191272525664313,0.673169800479707,3.59001960981752,3.5248825136761486,0.40062580750247456,0.38195304261511337,668,0.673169800479707,0.0,1.0,0.0,,0,False,0,False,0.0011572394067654488,-0.0008120045258024748,,0.0011572394067654488,-0.0008120045258024748,,0.4912767506804364,0,False,False,False,False,False,0.0007302301430271534,2972,1550,0
294,True,294,294,1,0.22400000000000017,0.001,0.001,0,0,0,False,False,,,none,1.0,0.9643201362883711,0.9150814903110813,1.0000845624609314,0.018562007572562347,0.2039948534505588,True,2,1,4,1,True,2,,,2,2,2,389,,,,,,,,,6,0.8,4.2599479990627476e-07,8.609309447307437e-08,3.6935696877963473e-06,3.224728750494755e-06,4.922419744733133e-06,False,0.007709629434085527,0.0,0.007709629434085527,0.8832810718041668,0.8832810718041668,-0.9878114547595843,1.034489965531918,3.140290796624407,3.0671574076832453,0.9767112685806757,0.0023448407835657535,0.2039948534505588,0.20165001266699303,0.0023448407835657535,0.2039948534505588,0.20165001266699303,0.019827550172340416,0.029939057273797923,0.010111507101457508,0.023448375947337355,0.20402986319812383,0.1805814872507865,6.392908198466945,6.392909711553798,6.392908162320122,0.07412335161285957,0.0049074251115897635,1,none,0.6741055083303075,0.72020379036975,0.6741055083303075,3.6398809932936658,3.5762528320837546,0.3957293063683656,0.37698984942154123,669,0.6741055083303075,0.0,1.0,0.0,,0,False,0,False,0.0007675944687085271,-0.0014292997081656947,,0.0007675944687085271,-0.0014292997081656947,,0.4912371115555978,0,False,False,False,False,False,0.0007299839175777938,2972,1550,0
295,True,295,295,1,0.22500000000000017,0.001,0.001,0,0,0,False,False,,,none,1.0,0.9673399693253453,0.9179319203014243,1.0000768364613921,0.018581287561240178,0.20661810193270777,True,2,1,4,1,True,2,,,2,2,2,411,,,,,,,,,6,0.8,4.3010246868329965e-07,8.707333242404385e-08,3.7380232230793747e-06,3.259744461603033e-06,4.97908841757397e-06,False,0.007714129249532409,0.0,0.007714129249532409,0.8834908811746235,0.8834908811746235,-0.9877955739235381,1.0344279023206835,3.140290796624407,3.066978586342458,0.9766543243827117,0.0023505371387129615,0.20661810193270777,0.2042675647939948,0.0023505371387129615,0.20661810193270777,0.2042675647939948,0.019827860488396583,0.029938977869617692,0.01011111738122111,0.023505340862613272,0.20665319552902822,0.18314785466641495,6.404402238169034,6.404403750757859,6.404402200190556,0.07411239159441357,0.005039917809319984,1,none,0.6750439278278906,0.7212803281730686,0.6750439278278906,3.5900196098175208,3.523976441311664,0.4018252859681349,0.38311489254827796,670,0.6750439278278906,0.0,1.0,0.0,,0,False,0,False,0.001446979539551228,-0.0011555726527681534,,0.001446979539551228,-0.0011555726527681534,,0.4911968828913771,0,False,False,False,False,False,0.0007324551695090632,2972,1550,0
296,True,296,296,1,0.22600000000000017,0.001,0.001,0,0,0,False,False,,,none,1.0,0.9703948846198822,0.9208150582470356,1.0000689869853063,0.018600024512667943,0.20927397084633056,True,2,1,4,1,True,2,,,2,2,2,535,,,,,,,,,7,0.8,1.2427306235425316e-07,2.18397652417251e-08,7.569299029941244e-07,6.598726548924493e-07,1.0120748826515862e-06,False,0.007714735970583475,0.0,0.007714735970583475,0.8837012431454028,0.8837012431454028,-0.9877797006780017,1.0343653692508346,3.140290796624407,3.0667972731760478,0.9765965866831952,0.002356296813761714,0.20927397084633056,0.20691767403256886,0.002356296813761714,0.20927397084633056,0.20691767403256886,0.019828173153745826,0.029938898503390005,0.01011072534964418,0.023562939072359426,0.20930914809375162,0.1857462090213922,6.416020293189109,6.416021818292351,6.416020259847518,0.07410253792328758,0.005176138820594273,1,none,0.6791633025327981,0.7255864793835994,0.6791633025327981,3.689742376955428,3.6276429202094422,0.39329926333898324,0.3744377919608397,674,0.6791633025327981,0.0,1.0,0.0,,0,False,0,False,0.000774619872692194,-0.0006417969614943517,,0.000774619872692194,-0.0006417969614943517,,0.49373966917205014,0,False,False,False,False,False,0.0008461873212017916,2972,1550,0
297,True,297,297,1,0.22700000000000017,0.001,0.001,0,0,0,False,False,,,none,1.0,0.9734851881835114,0.9237312499185735,1.0000610157735583,0.018618251277395723,0.2119622594632285,True,2,1,4,1,True,2,,,2,2,2,487,,,,,,,,,7,0.8,1.2526000423019225e-07,2.2057994359628973e-08,7.660174430091183e-07,6.669886317060768e-07,1.023637231442023e-06,False,0.007711381957105634,0.0,0.007711381957105634,0.8839118784321871,0.8839118784321871,-0.9877638496946632,1.0343023752904787,3.140290796624407,3.066613536243456,0.9765380771551001,0.0023621221936032054,0.2119622594632285,0.2096001372696253,0.0023621221936032054,0.2119622594632285,0.2096001372696253,0.019828488123547608,0.029938819248473317,0.010110331124925709,0.023621194135347377,0.21199752012800047,0.18837632599265308,6.427763079220498,6.427764604211519,6.42776304417092,0.07409292980621535,0.005316166975118889,1,none,0.6800972055969874,0.7266630171869182,0.6800972055969874,3.639880993479283,3.5757235805473884,0.3992784481078964,0.38039696876841633,675,0.6800972055969874,0.0,1.0,0.0,,0,False,0,False,0.000953303834048685,6.68856195497036e-05,,0.000953303834048685,6.68856195497036e-05,,0.49369847754707186,0,False,False,False,False,False,0.0007308617918056136,2972,1550,0
298,True,298,298,1,0.22800000000000017,0.001,0.001,0,0,0,False,False,,,none,1.0,0.9766112149854855,0.9266807594166445,1.0000529237155933,0.01863593848739168,0.21468331759165388,True,2,1,4,1,True,2,,,2,2,2,479,,,,,,,,,7,0.8,1.2644249787402518e-07,2.2300778500804376e-08,7.752018247315667e-07,6.741590708353875e-07,1.0353324837206396e-06,False,0.00770382368333053,0.0,0.00770382368333053,0.8841228679542931,0.8841228679542931,-0.9877480242171695,1.0342389268024283,3.140290796624407,3.0664272839087046,0.9764787666176965,0.0023680131832230656,0.21468331759165388,0.2123153044084308,0.0023680131832230656,0.21468331759165388,0.2123153044084308,0.019828805365987856,0.029938740121085845,0.010109934755097989,0.02368010523680602,0.214718661369161,0.191038556132355,6.439631571679809,6.439633096515221,6.439631534865128,0.07408401669178266,0.00546010684240553,1,none,0.6810246733326142,0.7277395549902368,0.6810246733326142,3.689742376955429,3.62725936341293,0.394466323467671,0.37550370960615853,676,0.6810246733326142,0.0,1.0,0.0,,0,False,0,False,0.0007653784759425509,-0.0006364290380724838,,0.0007653784759425509,-0.0006364290380724838,,0.4939797860958248,0,False,False,False,False,False,0.0007279886316732793,2972,1550,0
299,True,299,299,1,0.22900000000000018,0.001,0.001,0,0,0,False,False,,,none,1.0,0.9797733010710917,0.9296638870545457,1.0000447111180621,0.01865307459992502,0.217437488687815,True,2,1,4,1,True,2,,,2,2,2,492,,,,,,,,,7,0.8,1.2764563075442926e-07,2.254805045656002e-08,7.844824454489698e-07,6.813807809205296e-07,1.0471362363396437e-06,False,0.0076918742067083185,0.0,0.0076918742067083185,0.8843341825470319,0.8843341825470319,-0.9877322279493939,1.034175025718465,3.140290796624407,3.0662384794759294,0.9764186433854856,0.0023739709446375288,0.217437488687815,0.21506351774317747,0.0023739709446375288,0.217437488687815,0.21506351774317747,0.019829124871407675,0.02993866113974697,0.010109536268339294,0.023739684002450464,0.2174729152105111,0.19373323120806063,6.451626757528614,6.45162828216466,6.451626718890896,0.07407586363386508,0.00560806731992612,1,none,0.6840823747612144,0.7309691684001927,0.6840823747612144,3.639880993479283,3.5753090868847828,0.4016445426153755,0.3826703415772453,679,0.6840823747612144,0.0,1.0,0.0,,0,False,0,False,0.000999344317849327,-0.0006701672323158038,,0.000999344317849327,-0.0006701672323158038,,0.4963403280932508,0,False,False,False,False,False,0.0002363858729491814,2972,1550,0
300,True,300,300,1,0.23000000000000018,0.001,0.001,0,0,0,False,False,,,none,1.0,0.9829717834990385,0.9326809338417708,1.0000363784027644,0.018669651242708037,0.2202251178117582,True,2,1,4,1,True,2,,,2,2,2,492,,,,,,,,,7,0.8,1.28860516426811e-07,2.279903456323734e-08,7.938598775703844e-07,6.886532302706565e-07,1.0590474991467925e-06,False,0.007675345722752247,0.0,0.007675345722752247,0.8845457896170861,0.8845457896170861,-0.987716464749898,1.0341106715703865,3.140290796624407,3.066047085757499,0.9763576956163694,0.0023799966777626348,0.2202251178117582,0.21784512113399554,0.0023799966777626348,0.2202251178117582,0.21784512113399554,0.019829446642148068,0.029938582323749487,0.01010913568160142,0.023799942418704603,0.22026062666171567,0.19646068424301105,6.463749622506174,6.463751146898114,6.463749581986287,0.07406852307073256,0.005760160520646607,1,none,0.687142310980547,0.7341987818101485,0.687142310980547,3.590019610003137,3.522615130109632,0.40902215673942066,0.39013192506168654,682,0.687142310980547,0.0,1.0,0.0,,0,False,0,False,0.003022429566259827,-0.0009945631921044614,,0.003022429566259827,-0.0009945631921044614,,0.4962977754042237,0,False,False,False,False,False,0.002048928173719952,2972,1550,0
301,True,301,301,1,0.23100000000000018,0.001,0.001,0,0,0,False,False,,,none,1.0,0.98620700027563,0.9357322011784399,1.0000279267461052,0.018685660720675033,0.22304655179631375,True,2,1,4,1,True,2,,,2,2,2,458,,,,,,,,,7,0.8,1.3008380189846525e-07,2.3053428938968314e-08,8.033347318599083e-07,6.959759693853306e-07,1.0710660565420252e-06,False,0.0076814376067115,0.0,0.0076814376067115,0.8847576562435221,0.8847576562435221,-0.9877007385959851,1.0340458644607724,3.140290796624407,3.065853064896271,0.9762959112550496,0.0023860915828665236,0.22304655179631375,0.22066046021344723,0.0023860915828665236,0.22304655179631375,0.22066046021344723,0.01982977067769614,0.029938503692979925,0.010108733015283786,0.023860892503835607,0.2230821425037441,0.1992212499999085,6.476001150837682,6.476002674939661,6.476001108375523,0.07406204444653665,0.0059165017193660765,1,none,0.6912518855071861,0.738504933023423,0.6912518855071861,3.689742376955429,3.626534804849493,0.4003016241111101,0.38121894464259753,686,0.6912518855071861,0.0,1.0,0.0,,0,False,0,False,0.0031467269321882106,-0.0018801241293251855,,0.0031467269321882106,-0.0018801241293251855,,0.49794797612023256,0,False,False,False,False,False,0.0008942415829673667,2972,1550,0
302,True,302,302,1,0.23200000000000018,0.001,0.001,0,0,0,False,False,,,none,1.0,0.9894792902866241,0.9388179907178906,1.0000193578924967,0.018701096432304234,0.2259021387964455,True,2,1,4,1,True,2,,,2,2,2,447,,,,,,,,,7,0.8,1.3131456697703273e-07,2.331128667496957e-08,8.129076242209865e-07,7.033485759115002e-07,1.083192021914929e-06,False,0.007704231154779029,0.0,0.007704231154779029,0.8849697482546093,0.8849697482546093,-0.9876850535693459,1.033980603906678,3.140290796624407,3.0656563784157407,0.9762332780489968,0.002392256873060201,0.2259021387964455,0.2235098819233853,0.002392256873060201,0.2259021387964455,0.2235098819233853,0.019830096980466616,0.029938425267846725,0.010108328287380109,0.023922546394022436,0.22593781082731604,0.2020152644332936,6.4883823249732595,6.488383848738392,6.488382280507704,0.07405647570330967,0.006077209387315843,1,none,0.6921688139092542,0.7395814708267416,0.6921688139092542,3.739603760431574,3.678621971669885,0.3955400187860487,0.376319621445119,687,0.6921688139092542,0.0,1.0,0.0,,0,False,0,False,0.0025224411151321324,-0.0022427990879807028,,0.0025224411151321324,-0.0022427990879807028,,0.49929827754116757,0,False,False,False,False,False,0.0007219874701219934,2972,1550,0
303,True,303,303,1,0.23300000000000018,0.001,0.001,0,0,0,False,False,,,none,1.0,0.9927889932263596,0.9419386041785952,1.0000106748454292,0.018715956886402242,0.22879222868415028,True,2,1,4,1,True,2,,,2,2,2,490,,,,,,,,,7,0.8,1.32550336356428e-07,2.3572130454056428e-08,8.225791524694524e-07,7.107702336691745e-07,1.0954250426888372e-06,False,0.00772317007148228,0.0,0.00772317007148228,0.8851820320516681,0.8851820320516681,-0.9876694137998883,1.0339148893475527,3.140290796624407,3.065456987101257,0.9761697835106254,0.0023984937533268877,0.22879222868415028,0.2263937349308234,0.0023984937533268877,0.22879222868415028,0.2263937349308234,0.019830425553262237,0.02993834706899944,0.010107921515737202,0.02398491614396751,0.22882798146454592,0.20484306532057842,6.500894125160559,6.500895648541402,6.500894078629837,0.07405186303474105,0.006242405263422472,1,none,0.694151362863006,0.7417345464333789,0.694151362863006,3.739603760431574,3.6786749569245374,0.39669151811301956,0.37739206153910027,689,0.694151362863006,0.0,1.0,0.0,,0,False,0,False,0.0029877055908105197,-0.0009508496814316947,,0.0029877055908105197,-0.0009508496814316947,,0.4995979895307928,0,False,False,False,False,False,0.0013731730777329634,2972,1550,0
304,True,304,304,1,0.23400000000000018,0.001,0.001,0,0,0,False,False,,,none,1.0,0.9961364495221751,0.945094343487888,1.0000018797771533,0.01873023598095526,0.2317171726555215,True,2,1,4,1,True,2,,,2,2,2,466,,,,,,,,,7,0.8,1.3379045059697297e-07,2.3836183785385523e-08,8.32349927425844e-07,7.182406364150735e-07,1.1077653460061519e-06,False,0.007738035329163853,0.0,0.007738035329163853,0.8853944746844314,0.8853944746844314,-0.987653823450816,1.0338487273558548,3.140290796624407,3.0652548509443744,0.976105414899572,0.0024048034228777737,0.2317171726555215,0.22931236923264373,0.0024048034228777737,0.2317171726555215,0.22931236923264373,0.019830756363220726,0.029938269117254078,0.010107512754033352,0.02404801375977352,0.23175300552931155,0.20770499176953802,6.513537529479521,6.513539052427878,6.51353748082121,0.07404825279936719,0.006412214463306748,1,none,0.6993163497966118,0.7471172354457678,0.6993163497966118,3.8891879111393646,3.834161497725754,0.3842021792291824,0.36478189570857344,694,0.6993163497966118,0.0,1.0,0.0,,0,False,0,False,0.001719089742495344,-0.001384572409336387,,0.001719089742495344,-0.001384572409336387,,0.5013280241464673,0,False,False,False,False,False,0.0013407093552659057,2972,1550,0
305,True,305,305,1,0.23500000000000018,0.001,0.001,0,0,0,False,False,,,none,1.0,0.9995220002577615,0.9482855107288034,0.9999929757254408,0.018743927414811002,0.2346773231590209,True,2,1,4,1,True,2,,,2,2,2,496,,,,,,,,,7,0.8,1.3503345307941367e-07,2.4103326301332896e-08,8.422205395987441e-07,7.257591789761111e-07,1.120212848961936e-06,False,0.007748604217516539,0.0,0.007748604217516539,0.885607040999912,0.885607040999912,-0.9876382867264412,1.033782123495005,3.140290796624407,3.0650499293739237,0.9760401592962785,0.0024111871067584592,0.2346773231590209,0.23226613605226243,0.0024111871067584592,0.2346773231590209,0.23226613605226243,0.019831089382524973,0.029938191433632206,0.010107102051107233,0.024111851476098713,0.234713235397274,0.2106013839211753,6.5263135135638635,6.526315036031085,6.5263134627150645,0.07404568830669335,0.006586765547616867,1,none,0.7012956489393749,0.749270311052405,0.7012956489393749,3.9889106780916563,3.936496743242044,0.3756766553674073,0.3563044476758782,696,0.7012956489393749,0.0,1.0,0.0,,0,False,0,False,0.0009029167657919573,-0.000200227407931788,,0.0009029167657919573,-0.000200227407931788,,0.5012825804015882,0,False,False,False,False,False,0.0014383363341906254,2972,1550,0
306,True,306,306,1,0.23600000000000018,0.001,0.001,0,0,0,False,False,,,none,1.0,1.0029459870941486,0.9515124079417561,0.9999839629332586,0.018757027080452297,0.2376730337608666,True,2,1,4,1,True,2,,,2,2,2,498,,,,,,,,,7,0.8,1.3627811984471642e-07,2.4373436123357428e-08,8.521915679944359e-07,7.333251743341163e-07,1.1327674387136344e-06,False,0.007754650767298615,0.0,0.007754650767298615,0.8858196941351707,0.8858196941351707,-0.9876228078740575,1.0337150810447042,3.140290796624407,3.0648421812028497,0.975974003585063,0.002417646045582213,0.2376730337608666,0.2352553877152844,0.002417646045582213,0.2376730337608666,0.2352553877152844,0.01983142459477648,0.029938114039370287,0.010106689444593808,0.02417644170650412,0.23770902455411586,0.21353258284761173,6.53922305015312,6.539224572090232,6.539222997050538,0.07404421052007504,0.006766190613241632,1,none,0.7053985694666907,0.7535764622656795,0.7053985694666907,4.188356211996241,4.141883203693199,0.3598435396241106,0.34061731573585025,700,0.7053985694666907,0.0,1.0,0.0,,0,False,0,False,0.0005172113309881546,-0.0010312719354031417,,0.0005172113309881546,-0.0010312719354031417,,0.5015250863059333,0,False,False,False,False,False,0.0009161897669573023,2972,1550,0
307,True,307,307,1,0.23700000000000018,0.001,0.001,0,0,0,False,False,,,none,1.0,1.0064087521867067,0.95477533701744,0.9999748426278501,0.018782128134550418,0.24070465915750766,True,2,1,4,1,True,2,,,2,2,2,495,,,,,,,,,7,0.8,1.3752208081026958e-07,2.464616259081637e-08,8.622635810349433e-07,7.409378661354121e-07,1.1454288108360734e-06,False,0.007755946543961376,0.0,0.007755946543961376,0.8860323988854092,0.8860323988854092,-0.9876073911802827,1.0336476063714166,3.140290796624407,3.0646315644379496,0.9759069343935326,0.0024241814629918186,0.24070465915750766,0.23828047769451585,0.0024241814629918186,0.24070465915750766,0.23828047769451585,0.019831761968142916,0.02993803695590141,0.010106274987758495,0.024241796683975213,0.24074072761946458,0.21649893093548936,6.552267108750344,6.552268630108187,6.55226705333051,0.07404385849384314,0.006950625399143844,1,none,0.7084346887206381,0.7568060756756354,0.7084346887206381,4.238217595472387,4.193972361170729,0.3571341294435274,0.3378346959458176,703,0.7084346887206381,0.0,1.0,0.0,,0,False,0,False,0.0003482487517551095,-0.00031591388439807314,,0.0003482487517551095,-0.00031591388439807314,,0.5038507788251797,0,False,False,False,False,False,0.0007350411514458584,2972,1550,0
308,True,308,308,1,0.23800000000000018,0.001,0.001,0,0,0,False,False,,,none,1.0,1.0099106381003236,0.9580745997164246,0.9999656181539235,0.018811848605351605,0.24377255506132112,True,2,1,4,1,True,2,,,2,2,2,516,,,,,,,,,7,0.8,1.387645527869207e-07,2.492153220919571e-08,8.72437142433811e-07,7.48596700670292e-07,1.1581969917204625e-06,False,0.007752261270788277,0.0,0.007752261270788277,0.8862451168523295,0.8862451168523295,-0.9875920409545675,1.033579704413989,3.140290796624407,3.0644180365379285,0.9758389381747586,0.0024307946155263205,0.24377255506132112,0.2413417604457948,0.0024307946155263205,0.24377255506132112,0.2413417604457948,0.019832101477930054,0.029937960204772837,0.010105858726842783,0.024307928983907583,0.2438087002230258,0.21950077123911824,6.5654466554524085,6.565448176181795,6.565446597651765,0.07404466852750335,0.007140209362600615,1,none,0.7104116459510829,0.7589591512822726,0.7104116459510829,4.138494828520095,4.09094061590854,0.3667802825568216,0.3473096838357848,705,0.7104116459510829,0.0,1.0,0.0,,0,False,0,False,-0.0006988123960876434,0.00032717578145161227,,-0.0006988123960876434,0.00032717578145161227,,0.50380366567826,0,False,False,False,False,False,0.0012287804383389425,2972,1550,0
309,True,309,309,1,0.23900000000000018,0.001,0.001,0,0,0,False,False,,,none,1.0,1.0134519877230752,0.9614104973058821,0.9999562941190034,0.01884091834483359,0.2468770778053792,True,2,1,4,1,True,2,,,2,2,2,572,,,,,,,,,7,0.8,1.4000413499858506e-07,2.5199254485345056e-08,8.82712793592095e-07,7.563008247598851e-07,1.1710717201550733e-06,False,0.007743363523228325,0.0,0.007743363523228325,0.8864578076995391,0.8864578076995391,-0.9875767615262653,1.0335113747084028,3.140290796624407,3.0642015543143715,0.9757700011757426,0.0024374867774996025,0.2468770778053792,0.2444395910278796,0.0024374867774996025,0.2468770778053792,0.2444395910278796,0.019832443126457985,0.02993788380763133,0.010105440681173344,0.024374851351190586,0.24691329861000585,0.22253844725881528,6.578762652208795,6.578764172260291,6.5787625919636445,0.07404667292179534,0.007335085757079904,1,none,0.7155838596324251,0.7643418402988658,0.7155838596324251,3.988910678091657,3.9346605281322993,0.38323336970008876,0.3637334679909973,710,0.7155838596324251,0.0,1.0,0.0,,0,False,0,False,-0.0026357573318363365,0.0006672383052882697,,-0.0026357573318363365,0.0006672383052882697,,0.5052384275990034,0,False,False,False,False,False,0.0019665701625522203,2972,1550,0
310,True,310,310,1,0.24000000000000019,0.001,0.001,0,0,0,False,False,,,none,1.0,1.017033144175848,0.964783330352944,0.9999468733493088,0.018869318415424177,0.25001858468864274,True,2,1,4,1,True,2,,,2,2,2,577,,,,,,,,,7,0.8,1.4123781240431973e-07,2.547880646062515e-08,8.930910629027815e-07,7.640494724651289e-07,1.1840525884615419e-06,False,0.007729021587906004,0.0,0.007729021587906004,0.8866704325232527,0.8866704325232527,-0.9875615572046539,1.0334426167659354,3.140290796624407,3.063982073681807,0.9757001093578255,0.0024442592054124343,0.25001858468864274,0.2475743254832303,0.0024442592054124343,0.25001858468864274,0.2475743254832303,0.019832786916170318,0.02993780778602327,0.010105020869852953,0.02444257635110507,0.2500548800005115,0.22561230364940643,6.592216056316945,6.592217575641165,6.592215993563547,0.07404990133964555,0.007535401737583976,1,none,0.7164910003307828,0.7654183781021844,0.7164910003307828,3.939049294615511,3.882800342353627,0.3886310227944972,0.3690588941776333,711,0.7164910003307828,0.0,1.0,0.0,,0,False,0,False,-0.0023434786412364246,1.6232207377844717e-05,,-0.0023434786412364246,1.6232207377844717e-05,,0.5051899134678781,0,False,False,False,False,False,0.0007136075759795133,2972,1550,0
311,True,311,311,1,0.2410000000000002,0.001,0.001,0,0,0,False,False,,,none,1.0,1.0206544507170356,0.9681933989036025,0.9999373583055073,0.01889703241041198,0.253197433789622,True,2,1,4,1,True,2,,,2,2,2,491,,,,,,,,,7,0.8,1.4246590161129556e-07,2.5760242023303757e-08,9.0357248283824e-07,7.718418167805538e-07,1.197139567913694e-06,False,0.007709004488710008,0.0,0.007709004488710008,0.8868829525720472,0.8868829525720472,-0.9875464322877365,1.0333734364816174,3.140290796624407,3.0637595496889753,0.9756292484066452,0.002451113156509103,0.253197433789622,0.2507463206331129,0.002451113156509103,0.253197433789622,0.2507463206331129,0.01983313281759191,0.02993773216143868,0.01010459934384677,0.024511116553153925,0.25323380239381515,0.22872268584066124,6.60580782045715,6.605809339004666,6.605807755131556,0.07405438227550903,0.007741308487709646,1,none,0.7184492657678365,0.7675714537088216,0.7184492657678365,4.038772061567802,3.986874133940859,0.3801013981516252,0.3604072973618956,713,0.7184492657678365,0.0,1.0,0.0,,0,False,0,False,-0.0016562771642601166,0.0011101027652212598,,-0.0016562771642601166,0.0011101027652212598,,0.5079091356759342,0,False,False,False,False,False,0.0012918199051241946,2972,1550,0
312,True,312,312,1,0.2420000000000002,0.001,0.001,0,0,0,False,False,,,none,1.0,1.0243162506462384,0.9716410023724917,0.9999277515955826,0.018924043865201648,0.2564139834379577,True,2,1,4,1,True,2,,,2,2,2,581,,,,,,,,,7,0.8,1.4368686298271607e-07,2.6043205827451583e-08,9.141575577441969e-07,7.796769277037112e-07,1.2103323159933876e-06,False,0.007683082970606436,0.0,0.007683082970606436,0.88709532574793,0.88709532574793,-0.9875313910962402,1.0333038378292396,3.140290796624407,3.063533936727488,0.9755574037985821,0.0024580499233089756,0.2564139834379577,0.2539559335146487,0.0024580499233089756,0.2564139834379577,0.2539559335146487,0.019833480810853805,0.0299376569554812,0.010104176144627396,0.024580484898130826,0.2564504240405837,0.23186993914245288,6.619538892231533,6.61954040995266,6.619538824269692,0.07406013951505391,0.007952961299070324,1,none,0.7225377736427245,0.7718776048840112,0.7225377736427245,4.038772058922001,3.9873374903059497,0.3822338045440648,0.3624161613604892,717,0.7225377736427245,0.0,1.0,0.0,,0,False,0,False,0.00019560578637143515,0.0002820858278192149,,0.00019560578637143515,0.0002820858278192149,,0.5095150711220966,0,False,False,False,False,False,0.00202856661499308,2972,1550,0
313,True,313,313,1,0.2430000000000002,0.001,0.001,0,0,0,False,False,,,none,1.0,1.0280188872036917,0.9751264393871786,0.9999180558714217,0.01895033734397476,0.25966859257083497,True,2,1,4,1,True,2,,,2,2,2,543,,,,,,,,,7,0.8,1.4490041237331743e-07,2.632762393959374e-08,9.248467867853185e-07,7.87553961806513e-07,1.22363070207989e-06,False,0.007661769066766272,0.0,0.007661769066766272,0.8873075107728428,0.8873075107728428,-0.9875164379339728,1.033233826841971,3.140290796624407,3.063305188337208,0.9754845607387848,0.0024650707908923652,0.25966859257083497,0.2572035217799426,0.0024650707908923652,0.25966859257083497,0.2572035217799426,0.019833830865790145,0.029937582189669867,0.010103751323879723,0.02465069423454823,0.2597051037773532,0.23505440954280493,6.63341021374494,6.633411730589892,6.633410143082507,0.07406719423214428,0.008170519705111188,1,none,0.7244997720900976,0.7740306804906486,0.7244997720900976,4.038772058922,3.986835161638639,0.3833000076252123,0.3634460632138697,719,0.7244997720900976,0.0,1.0,0.0,,0,False,0,False,-0.000360514688952907,0.0004628327746815331,,-0.000360514688952907,0.0004628327746815331,,0.5094651858828084,0,False,False,False,False,False,0.0005847558822919373,2972,1550,0
314,True,314,314,1,0.2440000000000002,0.001,0.001,0,0,0,False,False,,,none,1.0,1.0317627034670978,0.9786500077378189,0.9999082755691492,0.01897589983420953,0.26296162013450447,True,2,1,4,1,True,2,,,2,2,2,591,,,,,,,,,7,0.8,1.4610663705231758e-07,2.6613355371199906e-08,9.356406511721792e-07,7.95471888195916e-07,1.2370345076475138e-06,False,0.0076624197563189,0.0,0.0076624197563189,0.8875194637381734,0.8875194637381734,-0.9875015770472667,1.033163409156788,3.140290796624407,3.0630732573376034,0.975410704202997,0.002472177073437721,0.26296162013450447,0.26048944306106675,0.002472177073437721,0.26296162013450447,0.26048944306106675,0.01983418295421606,0.029937507885236334,0.010103324931020275,0.024721757694637095,0.2629982004478375,0.23827644275320042,6.647422721279589,6.647424237198024,6.647422647851538,0.07407556470779311,0.008394147575873206,1,none,0.7307175883841195,0.7804899072769403,0.7307175883841195,4.038772056583767,3.9850763401419975,0.3864986170757678,0.36672702152455244,725,0.7307175883841195,0.0,1.0,0.0,,0,False,0,False,-0.0007372666882631217,0.0020234381041014395,,-0.0007372666882631217,0.0020234381041014395,,0.5112036540819832,0,False,False,False,False,False,0.0016054379661631457,2972,1550,0
315,True,315,315,1,0.2450000000000002,0.001,0.001,0,0,0,False,False,,,none,1.0,1.0355480422462682,0.9822120040719275,0.9998984142737973,0.019000719344809455,0.26629342520920785,True,2,1,4,1,True,2,,,2,2,2,569,,,,,,,,,7,0.8,1.4730451635779995e-07,2.6900050288711417e-08,9.465396086929341e-07,8.034296778025529e-07,1.2505433663985537e-06,False,0.007657539348796594,0.0,0.007657539348796594,0.8877311398113689,0.8877311398113689,-0.987486812682303,1.033092587085701,3.140290796624407,3.0628380957412276,0.975335818910008,0.0024793700921658147,0.26629342520920785,0.26381405511704203,0.0024793700921658147,0.26629342520920785,0.26381405511704203,0.019834537064571493,0.02993743406341151,0.010102896998840018,0.024793688492839413,0.2663300730313077,0.24153638453846826,6.661577344591697,6.6615788595325744,6.661577268332424,0.07408526553755625,0.008624013219008395,1,none,0.7326777604933007,0.7826429828835776,0.7326777604933007,4.038772056583767,3.983872499445322,0.38756482015753246,0.36782189218922645,727,0.7326777604933007,0.0,1.0,0.0,,0,False,0,False,-0.0009758364378023948,0.0022398641618786817,,-0.0009758364378023948,0.0022398641618786817,,0.5111525673923113,0,False,False,False,False,False,0.0003221114153212048,2972,1550,0
316,True,316,316,1,0.2460000000000002,0.001,0.001,0,0,0,False,False,,,none,1.0,1.0393752459736914,0.9858127237801733,0.9998884743742649,0.01902478585236992,0.26966436676444155,True,2,1,4,1,True,2,,,2,2,2,562,,,,,,,,,7,0.8,1.484940128715856e-07,2.718752991895586e-08,9.575441068888877e-07,8.114263165329385e-07,1.2641570382834764e-06,False,0.007646876003549352,0.0,0.007646876003549352,0.8879424939156809,0.8879424939156809,-0.9874721490592363,1.03302136356889,3.140290796624407,3.0625996546774386,0.9752598892973603,0.002486651171329932,0.26966436676444155,0.2671777155931116,0.002486651171329932,0.26966436676444155,0.2671777155931116,0.019834893182155554,0.029937360745296182,0.010102467563140628,0.024866499860030845,0.26970108042249574,0.2448345805624649,6.675875006512996,6.67587652042417,6.675874927355598,0.074096309672095,0.008860289503873992,1,none,0.7388847854577978,0.7891022096876485,0.7388847854577978,4.138494822427222,4.086601971417153,0.38134744323533604,0.3616132868460234,733,0.7388847854577978,0.0,1.0,0.0,,0,False,0,False,-0.0026506220087572675,0.0016923208718377534,,-0.0026506220087572675,0.0016923208718377534,,0.512653244249332,0,False,False,False,False,False,0.0017620188316665299,2972,1550,0
317,True,317,317,1,0.2470000000000002,0.001,0.001,0,0,0,False,False,,,none,1.0,1.043244656590569,0.9894524609858392,0.9998784589103802,0.01904809268479395,0.2730748037669012,True,2,1,4,1,True,2,,,2,2,2,617,,,,,,,,,7,0.8,1.4967671630205052e-07,2.747589402245544e-08,9.686545852675583e-07,8.194607394643242e-07,1.2778754451191947e-06,False,0.007630179337576176,0.0,0.007630179337576176,0.8881534811855266,0.8881534811855266,-0.9874575903650232,1.0329497447942018,3.140290796624407,3.0623578843492036,0.9751828995075946,0.002494021632650393,0.2730748037669012,0.2705807821342508,0.002494021632650393,0.2730748037669012,0.2705807821342508,0.019835251276028993,0.02993728795182511,0.010102036675796119,0.024940205011920916,0.2731115814492688,0.24817137643734788,6.690316622664683,6.690318135492699,6.6903165405410245,0.07410870972473256,0.009103153991791839,1,none,0.7429647639829295,0.793408360900923,0.7429647639829295,4.138494822427222,4.0862674900751115,0.3834284661183121,0.3636398085967068,737,0.7429647639829295,0.0,1.0,0.0,,0,False,0,False,-0.002749860518313509,0.0008174992323230385,,-0.002749860518313509,0.0008174992323230385,,0.5143779832522357,0,False,False,False,False,False,0.0008804323839694665,2972,1550,0
318,True,318,318,1,0.2480000000000002,0.001,0.001,0,0,0,False,False,,,none,1.0,1.0471566154313297,0.993131508371704,0.9998683728718444,0.01908005699040025,0.2765250945784974,True,2,1,4,1,True,2,,,2,2,2,612,,,,,,,,,7,0.8,1.5085336204760608e-07,2.7765007959694017e-08,9.79871455912455e-07,8.275317323919638e-07,1.2916982893600607e-06,False,0.007658694988510628,0.0,0.007658694988510628,0.8883640540698224,0.8883640540698224,-0.9874431407289667,1.0328777345006175,3.140290796624407,3.0621127341679344,0.9751048334311877,0.0025014828262958917,0.2765250945784974,0.2740236117522015,0.0025014828262958917,0.2765250945784974,0.2740236117522015,0.019835611327496918,0.02993721570364483,0.010101604376147912,0.025014817442687756,0.2765619343103337,0.25154711686764597,6.704903100884696,6.7049046125740475,6.704903015724424,0.07412247654023267,0.009352789033004558,1,none,0.7470413329863617,0.7977145121141975,0.7470413329863617,4.138494822427223,4.086103019335583,0.38550948900128806,0.3656497789954564,741,0.7470413329863617,0.0,1.0,0.0,,0,False,0,False,-0.002738420255645421,0.0022059139550731285,,-0.002738420255645421,0.0022059139550731285,,0.5150571074461183,0,False,False,False,False,False,0.0013884618547007777,2972,1550,0
319,True,319,319,1,0.2490000000000002,0.001,0.001,0,0,0,False,False,,,none,1.0,1.0511114631036556,0.9968501569320011,0.9998582199896022,0.01911548902077728,0.28001559746442795,True,2,1,4,1,True,2,,,2,2,2,545,,,,,,,,,7,0.8,1.5202384134152976e-07,2.8054618956432688e-08,9.911951095200912e-07,8.356380970420691e-07,1.3056251699265227e-06,False,0.007700114276503217,0.0,0.007700114276503217,0.8885741655952615,0.8885741655952615,-0.9874288042235735,1.032805337099745,3.140290796624407,3.0618641525209234,0.9750256746324936,0.0025090360944134424,0.28001559746442795,0.2775065613700145,0.0025090360944134424,0.28001559746442795,0.2775065613700145,0.01983597331450128,0.029937144021117867,0.010101170706616588,0.025090350584082155,0.2800524971615775,0.25496214657749533,6.719635340613142,6.7196368511061095,6.719635252343747,0.07413762114328772,0.009609381913577216,1,none,0.750040746472261,0.8009441255241534,0.750040746472261,4.2880789728556605,4.24207808829231,0.37356780534793277,0.35361949066533915,744,0.750040746472261,0.0,1.0,0.0,,0,False,0,False,-0.0021368483400727267,0.0013920266084284207,,-0.0021368483400727267,0.0013920266084284207,,0.5167368032462818,0,False,False,False,False,False,0.0010120777552313676,2972,1550,0
320,True,320,320,1,0.25000000000000017,0.001,0.001,0,0,0,False,False,,,none,1.0,1.055109539364016,1.0006086960729346,0.9998480032022915,0.019150133024648325,0.2835466697063966,True,2,1,4,1,True,2,,,2,2,2,517,,,,,,,,,7,0.8,1.5319205136263695e-07,2.8345181859105537e-08,1.002625938916259e-06,8.437786020757343e-07,1.3196561509135284e-06,False,0.007736738119339004,0.0,0.007736738119339004,0.8887837672795754,0.8887837672795754,-0.9874145848852486,1.0327325602205912,3.140290796624407,3.061612086896296,0.974945406389534,0.002516682796709507,0.2835466697063966,0.28102998690968706,0.002516682796709507,0.2835466697063966,0.28102998690968706,0.01983633719889704,0.02993707292442624,0.010100735725529199,0.02516681804691432,0.2835836271642564,0.25841680911734205,6.734514232765015,6.734515742000882,6.734514141311008,0.07415415707440275,0.009873124999046815,1,none,0.7530506818495109,0.8041737388952468,0.7530506818495109,4.238217586672532,4.190255823026535,0.3794867641642778,0.35942945426448825,747,0.7530506818495109,0.0,1.0,0.0,,0,False,0,False,-0.002336644135324698,0.0007309792820513403,,-0.002336644135324698,0.0007309792820513403,,0.5167605465084009,0,False,False,False,False,False,0.0006905808623982089,2972,1550,0
321,True,321,321,1,0.25100000000000017,0.001,0.001,0,0,0,False,False,,,none,1.0,1.0591511829916889,1.0044074133257936,0.9998377271699962,0.01918396912481154,0.28711866761144417,True,2,1,4,1,True,2,,,2,2,2,523,,,,,,,,,7,0.8,1.5435901045046953e-07,2.8636636207697816e-08,1.0141642990037172e-06,8.519519376729446e-07,1.333790872108115e-06,False,0.007768251838555118,0.0,0.007768251838555118,0.8889928086987713,0.8889928086987713,-0.9874004866787066,1.0326594084261145,3.140290796624407,3.0613564839114584,0.974864011703057,0.0025244243136424063,0.28711866761144417,0.28459424329780175,0.0025244243136424063,0.28711866761144417,0.28459424329780175,0.01983670295786943,0.029937002433393534,0.010100299475524103,0.025244233640604276,0.287155680476931,0.2619114468363267,6.7495406589315285,6.749542166846018,6.749540564213673,0.07417209779603691,0.01014421583655481,1,none,0.753931755717125,0.8052502766985654,0.753931755717125,4.188356203196386,4.138043966573079,0.3845185259477361,0.36439040368219844,748,0.753931755717125,0.0,1.0,0.0,,0,False,0,False,-0.002825071527385889,0.00024153760820466868,,-0.002825071527385889,0.00024153760820466868,,0.5167051219482359,0,False,False,False,False,False,0.0006914582195718898,2972,1550,0
322,True,322,322,1,0.25200000000000017,0.001,0.001,0,0,0,False,False,,,none,1.0,1.0632367316588862,1.0082465941100938,0.9998273948501629,0.019216982289712563,0.2907319462395481,True,2,1,4,1,True,2,,,2,2,2,483,,,,,,,,,7,0.8,1.5552700169759237e-07,2.8929138355692972e-08,1.025810529776135e-06,8.601567368883081e-07,1.3480290791807803e-06,False,0.007794335699318006,0.0,0.007794335699318006,0.8892012389752182,0.8892012389752182,-0.987386513473943,1.0325858847544316,3.140290796624407,3.061097289212098,0.9747814732643751,0.002532262029703386,0.2907319462395481,0.28819968420984476,0.002532262029703386,0.2907319462395481,0.28819968420984476,0.01983707057622784,0.029936932567369717,0.010099861991141875,0.02532261121177378,0.2907690120031373,0.26544640079136356,6.764715490794093,6.764716997318923,6.764715392729409,0.07419146011952872,0.010422857298354236,1,none,0.7558701100406284,0.8074033523052027,0.7558701100406284,4.188356203196386,4.137909113421063,0.3855466503489005,0.365339155269993,750,0.7558701100406284,0.0,1.0,0.0,,0,False,0,False,-0.0027204437133105364,0.0009403438164695811,,-0.0027204437133105364,0.0009403438164695811,,0.5189388695987169,0,False,False,False,False,False,0.0007065954261016488,2972,1550,0
323,True,323,323,1,0.25300000000000017,0.001,0.001,0,0,0,False,False,,,none,1.0,1.0673665217953467,1.012126521607017,0.9998170108987179,0.019249158607500833,0.29438685922574115,True,2,1,4,1,True,2,,,2,2,2,490,,,,,,,,,7,0.8,1.5669833276626497e-07,2.9222928934696033e-08,1.0375649578150063e-06,8.683916061060308e-07,1.3623704967109046e-06,False,0.007814666061300407,0.0,0.007814666061300407,0.8894090094405945,0.8894090094405945,-0.9873726690364699,1.032511996210261,3.140290796624407,3.0608344472643574,0.9746977733891843,0.002540197307250603,0.29438685922574115,0.29184666191849057,0.002540197307250603,0.29438685922574115,0.29184666191849057,0.019837440018948695,0.02993686334518235,0.010099423326233654,0.025401964365498027,0.2944239752344901,0.2690220108689921,6.780039589590872,6.7800410946529075,6.780039488091513,0.07421226533297201,0.010709257737473879,1,none,0.7588672223428037,0.81063296571766,0.7588672223428037,4.238217586851311,4.18942514985752,0.3825348506091692,0.36227749402259274,753,0.7588672223428037,0.0,1.0,0.0,,0,False,0,False,-0.0030243234061723004,0.001078234895451084,,-0.0030243234061723004,0.001078234895451084,,0.5203199737059281,0,False,False,False,False,False,0.0003337016892322289,2972,1550,0
324,True,324,324,1,0.25400000000000017,0.001,0.001,0,0,0,False,False,,,none,1.0,1.0715408884512891,1.0160474766966425,0.9998065808413731,0.019280481964537622,0.2980837586406406,True,2,1,4,1,True,2,,,2,2,2,529,,,,,,,,,7,0.8,1.5787535212927132e-07,2.9518246728482784e-08,1.049427883483088e-06,8.766550683221746e-07,1.376814782440476e-06,False,0.007828916442005063,0.0,0.007828916442005063,0.8896160682519492,0.8896160682519492,-0.9873589570479677,1.0324377475991264,3.140290796624407,3.060567901651834,0.9746128941121409,0.0025482315412252263,0.2980837586406406,0.29553552709941533,0.0025482315412252263,0.2980837586406406,0.29553552709941533,0.01983781126200437,0.029936794785239838,0.010098983523235468,0.025482307050439024,0.29812092209184243,0.2726386150414034,6.795513805666731,6.795515309187614,6.795513700639754,0.07423453898529839,0.011003631103850376,1,none,0.7629308526490539,0.8149391169309157,0.7629308526490539,4.337940353802297,4.290393986029273,0.37572628965108024,0.35564605727742993,757,0.7629308526490539,0.0,1.0,0.0,,0,False,0,False,-0.0007186184820701879,0.0010078742113209139,,-0.0007186184820701879,0.0010078742113209139,,0.5202624593715508,0,False,False,False,False,False,0.0023067782344430065,2972,1550,0
325,True,325,325,1,0.25500000000000017,0.001,0.001,0,0,0,False,False,,,none,1.0,1.0757601651527438,1.0200097378717028,0.9997961097510267,0.019310940456464344,0.30182299496982606,True,2,1,4,1,True,2,,,2,2,2,529,,,,,,,,,7,0.8,1.5906171003829847e-07,2.981569359823269e-08,1.0613996044450052e-06,8.849456320207952e-07,1.3913617412929499e-06,False,0.007836758929038068,0.0,0.007836758929038068,0.8898223656213349,0.8898223656213349,-0.9873453810207822,1.0323631504012314,3.140290796624407,3.0602975947412934,0.9745268170804116,0.002556366105957351,0.30182299496982606,0.29926662886386873,0.002556366105957351,0.30182299496982606,0.29926662886386873,0.019838184247993843,0.02993672690510391,0.010098542657110066,0.02556365300516642,0.3018602028890689,0.27629654988390245,6.811138978064643,6.811140479960349,6.81113886941142,0.07425831483421959,0.011306197155486123,1,none,0.7701854673047093,0.8224748815175613,0.7701854673047093,4.288078972908024,4.236886359022962,0.3836099506160857,0.36356201325273035,764,0.7701854673047093,0.0,1.0,0.0,,0,False,0,False,0.0010580337421132776,0.0002074529336720566,,0.0010580337421132776,0.0002074529336720566,,0.5231970440399778,0,False,False,False,False,False,0.0019486321734511836,2972,1550,0
326,True,326,326,1,0.25600000000000017,0.001,0.001,0,0,0,False,False,,,none,1.0,1.080024683756262,1.024013581196157,0.9997856048037778,0.019340525258134112,0.3056049164386793,True,2,1,4,1,True,2,,,2,2,2,589,,,,,,,,,7,0.8,1.6026012135590418e-07,3.0115697104114023e-08,1.0734803853153257e-06,8.932616918089591e-07,1.4060109705899239e-06,False,0.007837865559307766,0.0,0.007837865559307766,0.8900278467221217,0.8900278467221217,-0.9873319443510608,1.032288214059849,3.140290796624407,3.0600234680941556,0.9744395236847068,0.002564602430444074,0.3056049164386793,0.3030403140082352,0.002564602430444074,0.3056049164386793,0.3030403140082352,0.019838558929700757,0.029936659721755302,0.010098100792054546,0.025646016526635708,0.3056421657100657,0.27999614918342997,6.826915934021829,6.826917434201895,6.826915821637666,0.07428363215805281,0.011617181558491825,1,none,0.7742451682363658,0.8267810327061774,0.7742451682363658,4.188356207728182,4.132924875104273,0.3947997695041483,0.37467178409180824,768,0.7742451682363658,0.0,1.0,0.0,,0,False,0,False,0.001407345393971218,-0.0017212134415462237,,0.001407345393971218,-0.0017212134415462237,,0.5234936122504491,0,False,False,False,False,False,0.001960044034459773,2972,1550,0
327,True,327,327,1,0.2570000000000002,0.001,0.001,0,0,0,False,False,,,none,1.0,1.0843347742995082,1.0280592798937351,0.999775070383313,0.019369227277249774,0.30942986917644133,True,2,1,4,1,True,2,,,2,2,2,621,,,,,,,,,7,0.8,1.6147260360563525e-07,3.041864347364681e-08,1.0856704682126858e-06,9.016016196517906e-07,1.4207619581386054e-06,False,0.007831909989782365,0.0,0.007831909989782365,0.8902324570091218,0.8902324570091218,-0.9873186503336936,1.032212945790853,3.140290796624407,3.059745462194217,0.9743509949725768,0.0025729419390711095,0.30942986917644133,0.30685692723737024,0.0025729419390711095,0.30942986917644133,0.30685692723737024,0.019838935271045736,0.029936593251668468,0.010097657980622732,0.025729411857577354,0.3094671564954973,0.2837377446379199,6.842845488046467,6.842846986413796,6.842845371819902,0.07431053730666894,0.011936816061897322,1,none,0.7804304658925375,0.8332402595260893,0.7804304658925375,4.088633440775888,4.028966452824863,0.40758863399990564,0.3874097613026029,774,0.7804304658925375,0.0,1.0,0.0,,0,False,0,False,0.002689382570373395,-0.00014020084587421615,,0.002689382570373395,-0.00014020084587421615,,0.5253013597016133,0,False,False,False,False,False,0.0020354901496570316,2972,1550,0
328,True,328,328,1,0.2580000000000002,0.001,0.001,0,0,0,False,False,,,none,1.0,1.088690764848403,1.0321471042018482,0.9997645115647728,0.019397039824122383,0.31329819671022285,True,2,1,4,1,True,2,,,2,2,2,639,,,,,,,,,7,0.8,1.6270203019498508e-07,3.0725100048474026e-08,1.097970078541796e-06,9.099636987878643e-07,1.4356142270426715e-06,False,0.007818569207092563,0.0,0.007818569207092563,0.8904361399505141,0.8904361399505141,-0.9873055020864093,1.0321373510071565,3.140290796624407,3.059463516538025,0.9742612116771906,0.002581386078545684,0.31329819671022285,0.31071681063167716,0.002581386078545684,0.31329819671022285,0.31071681063167716,0.019839313244964216,0.02993652751043205,0.010097214265467832,0.025813853448901795,0.313335518596367,0.2875216651474652,6.8589284413359355,6.858929937786384,6.858928321149064,0.07433908518988412,0.012265338619391932,1,none,0.7834210464309983,0.8364698728988684,0.7834210464309983,4.038772059896189,3.9762867477367214,0.41421989678732635,0.39404655455339926,777,0.7834210464309983,0.0,1.0,0.0,,0,False,0,False,0.0013100165721483426,-0.0009553170160727826,,0.0013100165721483426,-0.0009553170160727826,,0.5252410381680922,0,False,False,False,False,False,0.0016022062688613391,2972,1550,0
329,True,329,329,1,0.2590000000000002,0.001,0.001,0,0,0,False,False,,,none,1.0,1.0930929813396149,1.0362773210140557,0.9997539358585713,0.01942395846379207,0.31721023966636885,True,2,1,4,1,True,2,,,2,2,2,575,,,,,,,,,7,0.8,1.6394940485094994e-07,3.103538341901325e-08,1.1103794157474297e-06,9.183461332998947e-07,1.450567016665351e-06,False,0.007797525473608735,0.0,0.007797525473608735,0.8906388400939622,0.8906388400939622,-0.98729250254244,1.0320614349355755,3.140290796624407,3.059177569358312,0.9741701541292653,0.002589936282729017,0.31721023966636885,0.31462030338363983,0.002589936282729017,0.31721023966636885,0.31462030338363983,0.019839692825322122,0.0299364625127122,0.010096769687390077,0.025899355627204315,0.31724759242890305,0.29134823680169875,6.875165580845137,6.875167075267453,6.875165456573107,0.07436933900211246,0.012602993549908981,1,none,0.7853401046585066,0.838622948509435,0.7853401046585066,4.038772060181905,3.975965358834912,0.4152860998407837,0.3950437359387039,779,0.7853401046585066,0.0,1.0,0.0,,0,False,0,False,0.0013004319939016286,-0.0009488621489443038,,0.0013004319939016286,-0.0009488621489443038,,0.5270425791074554,0,False,False,False,False,False,1.1555494356093024e-05,2972,1550,0
330,True,330,330,1,0.2600000000000002,0.001,0.001,0,0,0,False,False,,,none,1.0,1.0975417474202755,1.0404501937475459,0.9997433505832864,0.019449983048570242,0.3211663356917554,True,2,1,4,1,True,2,,,2,2,2,592,,,,,,,,,7,0.8,1.6521662068628538e-07,3.135001583034734e-08,1.1228986620311938e-06,9.267470830447661e-07,1.465619635637769e-06,False,0.007798112552952985,0.0,0.007798112552952985,0.8908405004925726,0.8908405004925726,-0.9872796544803527,1.0319852003351921,3.140290796624407,3.0588875577877976,0.9740778023092281,0.0025985940005779366,0.3211663356917554,0.31856774169117746,0.0025985940005779366,0.3211663356917554,0.31856774169117746,0.01984007399832404,0.02993639827240176,0.010096324274077719,0.02598593287181291,0.3212037154114946,0.29521778253968173,6.891557678660598,6.891559170936381,6.891557550171558,0.07440136994969514,0.01295003167397027,1,none,0.7904584533166699,0.8440056375260281,0.7904584533166699,3.8891879097534665,3.818284771206581,0.434026669377119,0.4140385019354564,784,0.7904584533166699,0.0,1.0,0.0,,0,False,0,False,0.002235465714678777,-0.0012444399031121519,,0.002235465714678777,-0.0012444399031121519,,0.527537319117308,0,False,False,False,False,False,0.0009806397237259294,2972,1550,0
331,True,331,331,1,0.2610000000000002,0.001,0.001,0,0,0,False,False,,,none,1.0,1.1020373842798072,1.044665982204414,0.9997327608155723,0.01947511384866985,0.3251668190237809,True,2,1,4,1,True,2,,,2,2,2,564,,,,,,,,,7,0.8,1.6650443047439413e-07,3.16694610804429e-08,1.1355279854327396e-06,9.351646587520338e-07,1.4807712263589106e-06,False,0.007827023069317374,0.0,0.007827023069317374,0.8910410667889996,0.8910410667889996,-0.9872669604662722,1.031908656306971,3.140290796624407,3.0585934175301346,0.9739841357424314,0.002607360653479542,0.3251668190237809,0.32255945837030137,0.002607360653479542,0.3251668190237809,0.32255945837030137,0.019840456718465148,0.029936334802331363,0.010095878083866215,0.026073599400702935,0.3252042215812259,0.299130622180523,6.908105491408035,6.908106981411878,6.908105358563601,0.07443525901658743,0.013306710527878234,1,none,0.7934353588854717,0.8472352509296479,0.7934353588854717,3.9390492936357835,3.868730788775282,0.4301724542003083,0.4101786359431064,787,0.7934353588854717,0.0,1.0,0.0,,0,False,0,False,0.0014252175207693245,-0.0012657366985028328,,0.0014252175207693245,-0.0012657366985028328,,0.5291298858468884,0,False,False,False,False,False,0.0008105280311176426,2972,1550,0
332,True,332,332,1,0.2620000000000002,0.001,0.001,0,0,0,False,False,,,none,1.0,1.1065802104809848,1.0489249424800753,0.9997221734283108,0.019499443978167528,0.3292120201674244,True,2,1,4,1,True,2,,,2,2,2,537,,,,,,,,,7,0.8,1.6781319709317354e-07,3.199411173828963e-08,1.1482675249882916e-06,9.435968519037612e-07,1.4960207953668223e-06,False,0.007849191151222068,0.0,0.007849191151222068,0.891240481272107,0.891240481272107,-0.9872544228162718,1.0318318093484793,3.140290796624407,3.0582950832201363,0.9738891336138645,0.002616237697511709,0.3292120201674244,0.32659578246991267,0.002616237697511709,0.3292120201674244,0.32659578246991267,0.019840840953257607,0.029936272114081355,0.010095431160823749,0.026162369794253727,0.3292494412571348,0.30308707146288105,6.924809759586895,6.924811247186557,6.9248096222422015,0.0744710931267025,0.013673294474127982,1,none,0.7953410387815976,0.8493883265362853,0.7953410387815976,4.038772060588075,3.9716812635155416,0.42061711519941936,0.40050597518371844,789,0.7953410387815976,0.0,1.0,0.0,,0,False,0,False,0.0014112200269703723,-0.0012251393348971442,,0.0014112200269703723,-0.0012251393348971442,,0.531013298146849,0,False,False,False,False,False,4.2942703272898355e-05,2972,1550,0
333,True,333,333,1,0.2630000000000002,0.001,0.001,0,0,0,False,False,,,none,1.0,1.1111705417836935,1.0532273267933396,0.9997115945574951,0.019544942021440324,0.3333022655773513,True,2,1,4,1,True,2,,,2,2,2,526,,,,,,,,,7,0.8,1.691431569303518e-07,3.232447710783611e-08,1.1611174091679068e-06,9.520416397750539e-07,1.5113673283140094e-06,False,0.007864231360413254,0.0,0.007864231360413254,0.8914386875564227,0.8914386875564227,-0.9872420436438397,1.0317546703848386,3.140290796624407,3.057992488171022,0.9737927746876658,0.0026252265768083854,0.3333022655773513,0.33067703900054296,0.0026252265768083854,0.3333022655773513,0.33067703900054296,0.019841226648075805,0.029936210218219197,0.010094983570143393,0.026252258496213696,0.3333397006733914,0.3070874421771777,6.941671206948991,6.9416726920059455,6.941671064953286,0.07450896777650487,0.014050054932060527,1,none,0.7993657356760101,0.8536944777495596,0.7993657356760101,4.138494827540367,4.075138029746568,0.4125627859039448,0.39231345286516467,793,0.7993657356760101,0.0,1.0,0.0,,0,False,0,False,0.001097123188025453,-0.001469525536600085,,0.001097123188025453,-0.001469525536600085,,0.5337293369008664,0,False,False,False,False,False,0.000397971657053591,2972,1550,0
334,True,334,334,1,0.2640000000000002,0.001,0.001,0,0,0,False,False,,,none,1.0,1.1158086909673797,1.0575733832795067,0.9997010301372337,0.01958951155653565,0.33743787726563856,True,2,1,4,1,True,2,,,2,2,2,534,,,,,,,,,7,0.8,1.7049340539730618e-07,3.266083114519077e-08,1.1740777342733939e-06,9.604968508602972e-07,1.5268095682841915e-06,False,0.007871758953766628,0.0,0.007871758953766628,0.8916356277533777,0.8916356277533777,-0.9872298248057633,1.0316772475405924,3.140290796624407,3.0576855645764427,0.9736950373714564,0.0026343287502828857,0.33743787726563856,0.33480354851535565,0.0026343287502828857,0.33743787726563856,0.33480354851535565,0.01984161376229704,0.029936149124028817,0.010094535361731778,0.026343280101316605,0.3374753216096321,0.3111320415083155,6.958690539647252,6.958692022017386,6.958690392844543,0.07454898277437269,0.014437270480400851,1,none,0.8034060314023255,0.8580006289628341,0.8034060314023255,3.939049293635784,3.8672282470433603,0.43563843201915886,0.4154944989432983,797,0.8034060314023255,0.0,1.0,0.0,,0,False,0,False,0.0009560346948873203,-0.0008043725032953284,,0.0009560346948873203,-0.0008043725032953284,,0.5336647914166841,0,False,False,False,False,False,0.0006799518516854761,2972,1550,0
335,True,335,335,1,0.2650000000000002,0.001,0.001,0,0,0,False,False,,,none,1.0,1.120494967647011,1.0619633557144224,0.9996904886983193,0.019633126296057745,0.34161917269669007,True,2,1,4,1,True,2,,,2,2,2,545,,,,,,,,,7,0.8,1.7186162933268475e-07,3.300330344905727e-08,1.187148573863523e-06,9.68960282881577e-07,1.5423460713807318e-06,False,0.007871392082987871,0.0,0.007871392082987871,0.8918312448244264,0.8918312448244264,-0.9872177678755639,1.0315995511166758,3.140290796624407,3.0573742432555373,0.973595899635155,0.0026435456677654286,0.34161917269669007,0.33897562702892464,0.0026435456677654286,0.34161917269669007,0.33897562702892464,0.01984200224441662,0.029936088839377817,0.010094086594961197,0.026435449118053005,0.3416566212958143,0.3152211721777613,6.97586844541827,6.975869924952401,6.975868293648164,0.07459124337375977,0.014835227054778993,1,none,0.8095605450011768,0.8644598557676747,0.8095605450011768,3.939049294612329,3.866263866251586,0.4389180185940032,0.41878183849156714,803,0.8095605450011768,0.0,1.0,0.0,,0,False,0,False,0.0023347971973868365,-0.00019163902749040927,,0.0023347971973868365,-0.00019163902749040927,,0.5345897995385417,0,False,False,False,False,False,0.00150878373223955,2972,1550,0
336,True,336,336,1,0.2660000000000002,0.001,0.001,0,0,0,False,False,,,none,1.0,1.1252296780859101,1.0663974834627619,0.9996799783643483,0.01967576219543563,0.345846464051157,True,2,1,4,1,True,2,,,2,2,2,539,,,,,,,,,7,0.8,1.7324620954315062e-07,3.335210961839661e-08,1.2003299823770858e-06,9.774296221322536e-07,1.55797539940528e-06,False,0.007862754054275944,0.0,0.007862754054275944,0.8920254784295105,0.8920254784295105,-0.987205874112773,1.0315215906038167,3.140290796624407,3.057058453905706,0.973495339091472,0.002652878814817142,0.345846464051157,0.34319358523633986,0.002652878814817142,0.345846464051157,0.34319358523633986,0.019842392046980916,0.029936029370563867,0.010093637323582951,0.026528780412969327,0.34588391167765886,0.3193551312646895,6.993205593006878,6.9932070695519934,6.9932054361052955,0.074635858985704,0.015244218097744403,1,none,0.812523811878928,0.8676894691776305,0.812523811878928,3.8891879111361822,3.81396863224581,0.4462059890154008,0.426077868081722,806,0.812523811878928,0.0,1.0,0.0,,0,False,0,False,0.0011571544856788395,-0.0016031058105867061,,0.0011571544856788395,-0.0016031058105867061,,0.5345229600339405,0,False,False,False,False,False,0.0018382276344955685,2972,1550,0
337,True,337,337,1,0.2670000000000002,0.001,0.001,0,0,0,False,False,,,none,1.0,1.1300131250060446,1.0708760009299874,0.999669504142711,0.019717401055583453,0.3501200581215247,True,2,1,4,1,True,2,,,2,2,2,532,,,,,,,,,7,0.8,1.746431838878096e-07,3.370702974976174e-08,1.2136219731904578e-06,9.859024570302345e-07,1.5736957628849283e-06,False,0.00784547581356293,0.0,0.00784547581356293,0.8922182680467013,0.8922182680467013,-0.9871941445332919,1.0314433713260347,3.140290796624407,3.0567381248803303,0.9733933329251259,0.0026623296775024844,0.3501200581215247,0.34745772844402223,0.0026623296775024844,0.3501200581215247,0.34745772844402223,0.019842783143369826,0.029935970722666457,0.010093187579296631,0.026623288847019828,0.3501574993161579,0.3235342104691381,7.01070263077372,7.010704104173478,7.010702468573866,0.07468293840230347,0.015664544683622415,1,none,0.8165294119919371,0.871995620390905,0.8165294119919371,4.088633445040766,4.021190830764696,0.4265462444174722,0.40611323677800215,810,0.8165294119919371,0.0,1.0,0.0,,0,False,0,False,9.558981409350537e-05,0.00023675648140420195,,9.558981409350537e-05,0.00023675648140420195,,0.5382691441908527,0,False,False,False,False,False,0.002124149901830875,2972,1550,0
338,True,338,338,1,0.2680000000000002,0.001,0.001,0,0,0,False,False,,,none,1.0,1.1348456073916602,1.0753991374039573,0.9996590738349544,0.019758025352259328,0.35444025579557836,True,2,1,4,1,True,2,,,2,2,2,416,,,,,,,,,7,0.8,1.7604873107288443e-07,3.4067876257908686e-08,1.2270245423412272e-06,9.94376319590265e-07,1.5895053533645855e-06,False,0.00785363287545518,0.0,0.00785363287545518,0.8924095539454256,0.8924095539454256,-0.9871825797705536,1.0313649001063516,3.140290796624407,3.0564131830820482,0.9732898578588577,0.0026718997324993296,0.35444025579557836,0.35176835606307905,0.0026718997324993296,0.35444025579557836,0.35176835606307905,0.019843175499468242,0.029935912898852765,0.010092737399384523,0.026718989198019454,0.3544776848294063,0.3277586956313868,7.0283601860248135,7.028361656120639,7.028360018358213,0.07473259164933897,0.016096515708277526,1,none,0.8205376537805259,0.8763017716041794,0.8205376537805259,4.1883562119930575,4.124562649130276,0.4184466302531538,0.39787862306009497,814,0.8205376537805259,0.0,1.0,0.0,,0,False,0,False,-0.00019233141809921252,0.00019351314335055235,,-0.00019233141809921252,0.00019351314335055235,,0.5398400133371815,0,False,False,False,False,False,0.00029115051474004844,2972,1550,0
339,True,339,339,1,0.2690000000000002,0.001,0.001,0,0,0,False,False,,,none,1.0,1.13972742028647,1.0799671170177922,0.999648696781267,0.01979762182631634,0.35880735191238877,True,2,1,4,1,True,2,,,2,2,2,622,,,,,,,,,7,0.8,1.7745924388530018e-07,3.443452135401715e-08,1.2405376667761624e-06,1.0028486763786524e-06,1.6054023451789533e-06,False,0.007861573575941805,0.0,0.007861573575941805,0.892599276460319,0.892599276460319,-0.9871711800734507,1.0312861890458236,3.140290796624407,3.056083553940931,0.9731848901464817,0.002681590458196086,0.35880735191238877,0.35612576145419267,0.002681590458196086,0.35880735191238877,0.35612576145419267,0.019843569054770884,0.029935855900367254,0.01009228684559637,0.02681589625480319,0.3588447628196594,0.3320288665648562,7.0461788644102805,7.046180331042552,7.046178691107771,0.07478492897596144,0.016540448076937626,1,none,0.8234829975386939,0.879531385014068,0.8234829975386939,4.238217595473869,4.1760181694858085,0.41504777194703185,0.3943866928338049,817,0.8234829975386939,0.0,1.0,0.0,,0,False,0,False,-0.00010870614495916061,-0.00029544540465823083,,-0.00010870614495916061,-0.00029544540465823083,,0.5407508332853089,0,False,False,False,False,False,0.0004960581094777161,2972,1550,0
340,True,340,340,1,0.2700000000000002,0.001,0.001,0,0,0,False,False,,,none,1.0,1.1446588545926981,1.084580158384076,0.9996383827646481,0.019836181412455682,0.36322163422530757,True,2,1,4,1,True,2,,,2,2,2,521,,,,,,,,,7,0.8,1.78870452839197e-07,3.480650418386829e-08,1.2541612750966556e-06,1.0113168202829516e-06,1.6213847003631464e-06,False,0.00786092369333008,0.0,0.00786092369333008,0.8927873709193647,0.8927873709193647,-0.9871599453419955,1.0312072423868357,3.140290796624407,3.0557491617385115,0.9730784056760693,0.002691403384424516,0.36322163422530757,0.36053023084088304,0.002691403384424516,0.36322163422530757,0.36053023084088304,0.019843963788065824,0.029935799726709976,0.010091835938644152,0.02691402531752316,0.36325902079276595,0.33634499547524277,7.064159248671549,7.064160711680304,7.064159069564031,0.07484005386377764,0.016996666774392166,1,none,0.8264284963594221,0.8827609984240239,0.8264284963594221,4.188356211997724,4.1242804637703046,0.4215310034496672,0.4007625105126453,820,0.8264284963594221,0.0,1.0,0.0,,0,False,0,False,0.000576135262907618,0.0008547099696703854,,0.000576135262907618,0.0008547099696703854,,0.541700477030358,0,False,False,False,False,False,0.0013386056697272542,2972,1550,0
341,True,341,341,1,0.2710000000000002,0.001,0.001,0,0,0,False,False,,,none,1.0,1.1496401968598065,1.089238474170407,0.9996281401845835,0.019873701865716166,0.3676833837470569,True,2,1,4,1,True,2,,,2,2,2,509,,,,,,,,,7,0.8,1.802773419264779e-07,3.5183304006707464e-08,1.267895271252769e-06,1.0197780444631567e-06,1.6374502935134055e-06,False,0.007851272977874663,0.0,0.007851272977874663,0.8929737764501373,0.8929737764501373,-0.9871488750043745,1.0311280680028847,3.140290796624407,3.055409928979878,0.9729703797699977,0.002701340000064026,0.3676833837470569,0.3649820437469929,0.002701340000064026,0.3676833837470569,0.3649820437469929,0.01984435965998558,0.029935744375021875,0.010091384715036296,0.027013391265344237,0.3677208145138483,0.34070742324850406,7.082301897599951,7.082303356825621,7.082301712519328,0.07489806664802687,0.017465505131054108,1,none,0.8304316366231719,0.8870671496372984,0.8304316366231719,4.188356211997724,4.1239955743696495,0.4235872522476751,0.40273158476902726,824,0.8304316366231719,0.0,1.0,0.0,,0,False,0,False,-4.178151409862938e-05,-0.001046052791275923,,-4.178151409862938e-05,-0.001046052791275923,,0.5431722437543822,0,False,False,False,False,False,0.001998679618324563,2972,1550,0
342,True,342,342,1,0.2720000000000002,0.001,0.001,0,0,0,False,False,,,none,1.0,1.1546717290694382,1.0939422711830131,0.9996179775312961,0.019910183453372577,0.3721928738299144,True,2,1,4,1,True,2,,,2,2,2,588,,,,,,,,,7,0.8,1.816761735824295e-07,3.556449170061928e-08,1.2817395345863331e-06,1.028229517010845e-06,1.6535970607410446e-06,False,0.007832221738146877,0.0,0.007832221738146877,0.8931584310371933,0.8931584310371933,-0.9871379680443615,1.0310486764683244,3.140290796624407,3.0550657767026226,0.972860787283332,0.002711401806908755,0.3721928738299144,0.36948147202300563,0.002711401806908755,0.3721928738299144,0.36948147202300563,0.019844756617658377,0.029935689840221807,0.01009093322256343,0.027114009118841972,0.37223057329005405,0.34511656417121206,7.100607345476173,7.100608800760366,7.100607154255763,0.0749590614878985,0.017947304959613476,1,none,0.8312390083731961,0.888143687440617,0.8312390083731961,4.238217595473869,4.175868602806843,0.41911188721838855,0.3981155000013517,825,0.8312390083731961,0.0,1.0,0.0,,0,False,0,False,4.710351461816254e-06,-0.00038999200488784444,,4.710351461816254e-06,-0.00038999200488784444,,0.5442271584335417,0,False,False,False,False,False,0.0006577060506027252,2972,1550,0
343,True,343,343,1,0.2730000000000002,0.001,0.001,0,0,0,False,False,,,none,1.0,1.1597537284181039,1.0986917500673914,0.9996079039103083,0.019945626024191875,0.37675036968232667,True,2,1,4,1,True,2,,,2,2,2,489,,,,,,,,,7,0.8,1.8306232503107173e-07,3.594938246687278e-08,1.2956938947214965e-06,1.036668314005566e-06,1.6698227555723494e-06,False,0.00784186535445075,0.0,0.00784186535445075,0.8933412704928141,0.8933412704928141,-0.9871272230216595,1.0309690765560178,3.140290796624407,3.054716624562781,0.9727496026311919,0.0027215903294443206,0.37675036968232667,0.37402877935288237,0.0027215903294443206,0.37675036968232667,0.37402877935288237,0.019845154617219914,0.029935636115108296,0.010090481497888382,0.027215894134092873,0.37678833834648523,0.34957244421239236,7.119076100976138,7.119077552162055,7.119075903451219,0.07502312353290572,0.018442416704418155,1,none,0.8373619830195973,0.8946029142604378,0.8373619830195973,4.2382175954726335,4.175316026785894,0.4221599736719862,0.40110112750635935,831,0.8373619830195973,0.0,1.0,0.0,,0,False,0,False,0.0020064959721013548,-0.0012858028972170905,,0.0020064959721013548,-0.0012858028972170905,,0.5459438512710291,0,False,False,False,False,False,0.0021930852299477423,2972,1550,0
344,True,344,344,1,0.2740000000000002,0.001,0.001,0,0,0,False,False,,,none,1.0,1.1648864670950483,1.1034871049259491,0.9995979291321118,0.019980034492054422,0.38135612797341717,True,2,1,4,1,True,2,,,2,2,2,496,,,,,,,,,7,0.8,1.8443241553009327e-07,3.633733891146208e-08,1.3097581455938097e-06,1.0450914097849713e-06,1.686125194893044e-06,False,0.007874019686783362,0.0,0.007874019686783362,0.8935222300648906,0.8935222300648906,-0.9871166379997478,1.0308892755396317,3.140290796624407,3.0543623906798487,0.9726367997393982,0.0027319070971917082,0.38135612797341717,0.37862422087622544,0.0027319070971917082,0.38135612797341717,0.37862422087622544,0.01984555362230184,0.02993558318999874,0.0100900295676969,0.02731906161273391,0.38139436624656897,0.3540753046338351,7.137708646011209,7.13771009294353,7.137708442019075,0.07509032927040551,0.01895119960946571,1,none,0.840288303227084,0.8978325276703938,0.840288303227084,4.288078978948779,4.226528910629457,0.4187574585627138,0.39762572124554085,834,0.840288303227084,0.0,1.0,0.0,,0,False,0,False,0.00024974390408990095,-0.0004730563965063645,,0.00024974390408990095,-0.0004730563965063645,,0.5467340063736612,0,False,False,False,False,False,0.001935648393402079,2972,1550,0
345,True,345,345,1,0.2750000000000002,0.001,0.001,0,0,0,False,False,,,none,1.0,1.170070212052638,1.1083285230601017,0.9995880623429477,0.020013417102514676,0.38601039651974867,True,2,1,4,1,True,2,,,2,2,2,534,,,,,,,,,7,0.8,1.85783716526356e-07,3.672782430491151e-08,1.3239320504995607e-06,1.0534957406456351e-06,1.7025022385603446e-06,False,0.007897734720094862,0.0,0.007897734720094862,0.8937012466916027,0.8937012466916027,-0.9871062104633768,1.0308092841992145,3.140290796624407,3.0540029913810236,0.9725223519630294,0.0027423536221123997,0.38601039651974867,0.3832680428976363,0.0027423536221123997,0.38601039651974867,0.3832680428976363,0.019845953579003928,0.02993553105231688,0.010089577473312954,0.02742352667813392,0.3860489046981068,0.3586253780199729,7.156505434734436,7.156506877259346,7.156505224114122,0.07516074746210477,0.019474021932537992,1,none,0.8442836891802686,0.9021386788836683,0.8442836891802686,4.188356211996487,4.121431185754185,0.4307841230407864,0.40970413001122197,838,0.8442836891802686,0.0,1.0,0.0,,0,False,0,False,-0.0004433609060849073,-0.00042437689045016365,,-0.0004433609060849073,-0.00042437689045016365,,0.5469956375879877,0,False,False,False,False,False,0.0006948121848365447,2972,1550,0
346,True,346,346,1,0.2760000000000002,0.001,0.001,0,0,0,False,False,,,none,1.0,1.1753052247758293,1.1132161849107858,0.9995783123402094,0.02004578496338861,0.3907134131585611,True,2,1,4,1,True,2,,,2,2,2,490,,,,,,,,,7,0.8,1.8711454721092371e-07,3.7120251271362464e-08,1.3382153242770395e-06,1.0618780846036764e-06,1.7189517408943955e-06,False,0.007912527087336307,0.0,0.007912527087336307,0.8938782522261915,0.8938782522261915,-0.9870959373244226,1.0307291105139633,3.140290796624407,3.053638341638483,0.9724062322256686,0.0027529314707745883,0.3907134131585611,0.3879604816877865,0.0027529314707745883,0.3907134131585611,0.3879604816877865,0.019846354447430183,0.02993547968662211,0.010089125239191928,0.02752930500116406,0.39075219142487366,0.3632228864237096,7.175466892694436,7.175468330658808,7.175466675286099,0.0752344379675284,0.02001126106958457,1,none,0.8514418029356041,0.9096744435068875,0.8514418029356041,4.537385896320195,4.481772828299155,0.40096851548140544,0.37995759069239954,845,0.8514418029356041,0.0,1.0,0.0,,0,False,0,False,-0.0006423909194399362,0.0013841680196639277,,-0.0006423909194399362,0.0013841680196639277,,0.5506480980949758,0,False,False,False,False,False,0.0018194635577872093,2972,1550,0
347,True,347,347,1,0.2770000000000002,0.001,0.001,0,0,0,False,False,,,none,1.0,1.180591761045974,1.118150263431792,0.9995686881429465,0.020079944345772937,0.39546540583120654,True,2,1,4,1,True,2,,,2,2,2,528,,,,,,,,,7,0.8,1.884228894512359e-07,3.7513943292785904e-08,1.3526076329020464e-06,1.0702352088296003e-06,1.7354714898303406e-06,False,0.007917919876163054,0.0,0.007917919876163054,0.894053180831062,0.894053180831062,-0.9870858149878399,1.030648761876592,3.140290796624407,3.053268354590825,0.9722884128670105,0.0027636421843367973,0.39546540583120654,0.39270176364686976,0.0027636421843367973,0.39546540583120654,0.39270176364686976,0.01984675619061704,0.029935429074939197,0.010088672884322157,0.027636411989117076,0.3955044542502048,0.3678680422610877,7.194593415240122,7.194594848490794,7.194593190884218,0.07531145121502504,0.02056330376792331,1,none,0.8596615075332614,0.9182867457454236,0.8596615075332614,4.736831417071713,4.688005301111708,0.387721945280081,0.36674937518923123,853,0.8596615075332614,0.0,1.0,0.0,,0,False,0,False,-0.0011106766325015677,0.00037398021521273055,,-0.0011106766325015677,0.00037398021521273055,,0.5521746318558453,0,False,False,False,False,False,0.0011134500030623605,2972,1550,0
348,True,348,348,1,0.2780000000000002,0.001,0.001,0,0,0,False,False,,,none,1.0,1.1859300706997598,1.1231309239996583,0.9995591994345576,0.020142140005643024,0.4002665917449013,True,2,1,4,1,True,2,,,2,2,2,593,,,,,,,,,7,0.8,1.897089902347899e-07,3.790845237782465e-08,1.3671086059198727e-06,1.0785637337142713e-06,1.7520594224515995e-06,False,0.007913446106803473,0.0,0.007913446106803473,0.8942259653004759,0.8942259653004759,-0.987075839141738,1.0305682459881296,3.140290796624407,3.052892941688911,0.972168865689304,0.002774487318295997,0.4002665917449013,0.3974921044266053,0.002774487318295997,0.4002665917449013,0.3974921044266053,0.01984715877005935,0.02993537919570869,0.01008822042564934,0.02774486320006,0.40030591026097745,0.37256104706091747,7.213885366679689,7.2138867950620575,7.213885135215466,0.07539183120451136,0.021130546283353657,1,none,0.8657694668290162,0.9247459725653353,0.8657694668290162,4.537385883167127,4.481049360405701,0.40761178192755165,0.3864137157152993,859,0.8657694668290162,0.0,1.0,0.0,,0,False,0,False,-0.0015789121712942754,0.00179109858122375,,-0.0015789121712942754,0.00179109858122375,,0.5530098545938795,0,False,False,False,False,False,0.0014924707645626559,2972,1550,0
349,True,349,349,1,0.2790000000000002,0.001,0.001,0,0,0,False,False,,,none,1.0,1.1913203973796502,1.1281583242552982,0.999549854082252,0.020204804689281798,0.40511717708253825,True,2,1,4,1,True,2,,,2,2,2,657,,,,,,,,,7,0.8,1.9097428807441085e-07,3.830355080570015e-08,1.3817178413671766e-06,1.086860252276882e-06,1.7687135838912954e-06,False,0.00789865252943811,0.0,0.00789865252943811,0.894396538918895,0.894396538918895,-0.9870660048178262,1.0304875766594865,3.140290796624407,3.0525120124908836,0.9720475618920771,0.002785468424252082,0.40511717708253825,0.40233170865828616,0.002785468424252082,0.40511717708253825,0.40233170865828616,0.019847562116702567,0.02993533002408913,0.010087767907386563,0.02785467416733276,0.40515676551146723,0.37730209134413445,7.233343079332514,7.233344502688825,7.23334284059659,0.07547561825199044,0.021713394665364726,1,none,0.8708031618057316,0.9301286613913239,0.8708031618057316,4.4875244864173975,4.429408353292412,0.41453975981928937,0.3931916375054728,864,0.8708031618057316,0.0,1.0,0.0,,0,False,0,False,-0.002394490487486916,0.0007271071268677742,,-0.002394490487486916,0.0007271071268677742,,0.5546947553498104,0,False,False,False,False,False,0.0013406139656091036,2972,1550,0
350,True,350,350,1,0.2800000000000002,0.001,0.001,0,0,0,False,False,,,none,1.0,1.196762978283247,1.1332326140928282,0.9995406613271202,0.02026635006107034,0.41001735570205583,True,2,1,4,1,True,2,,,2,2,2,643,,,,,,,,,7,0.8,1.9222282017916253e-07,3.869931685516892e-08,1.3964348977260402e-06,1.0951212223921286e-06,1.7854322067901244e-06,False,0.007889804753025337,0.0,0.007889804753025337,0.8945648297011287,0.8945648297011287,-0.9870563063271421,1.030406767487593,3.140290796624407,3.0521254751093476,0.9719244722145379,0.0027965871118726528,0.41001735570205583,0.4072207685901832,0.0027965871118726528,0.41001735570205583,0.4072207685901832,0.019847966162562035,0.029935281531635712,0.010087315369073677,0.027965861003953943,0.41005721372459797,0.38209135272064404,7.2529668526581546,7.252968270825553,7.252966606482289,0.07556284935394458,0.02231226491824944,1,none,0.8800804791076577,0.9398175016211915,0.8800804791076577,4.437663102941251,4.377197011677656,0.42356415068926134,0.4021205702004022,873,0.8800804791076577,0.0,1.0,0.0,,0,False,0,False,-0.0010938828133186971,0.0006323484284096589,,-0.0010938828133186971,0.0006323484284096589,,0.5566654959774993,0,False,False,False,False,False,0.0013040550345130146,2972,1550,0
351,True,351,351,1,0.2810000000000002,0.001,0.001,0,0,0,False,False,,,none,1.0,1.2022580439097292,1.1383539349661302,0.9995316291820574,0.020326738332807542,0.4149673085894671,True,2,1,4,1,True,2,,,2,2,2,720,,,,,,,,,7,0.8,1.9345672463672085e-07,3.909551936691045e-08,1.4112592623413598e-06,1.103343049825064e-06,1.8022132379613931e-06,False,0.00789560371617537,0.0,0.00789560371617537,0.8947307646676992,0.8947307646676992,-0.9870467372328646,1.0303258282691274,3.140290796624407,3.051733235893944,0.9717995668344931,0.002807845000697723,0.4149673085894671,0.4121594635887694,0.002807845000697723,0.4149673085894671,0.4121594635887694,0.019848370858654363,0.029935233686164322,0.010086862827509958,0.02807843990965376,0.4150074357451432,0.38692899583548945,7.272756951444174,7.272758364252441,7.272756697653124,0.07565355862234598,0.02292758316036493,1,none,0.8819177840399223,0.9419705771748075,0.8819177840399223,4.437663099291635,4.376838647409546,0.4245345156215983,0.40299305278794767,875,0.8819177840399223,0.0,1.0,0.0,,0,False,0,False,-0.001415101480460596,-0.0004062079726338583,,-0.001415101480460596,-0.0004062079726338583,,0.5571404547448626,0,False,False,False,False,False,0.0010870974336594126,2972,1550,0
352,True,352,352,1,0.2820000000000002,0.001,0.001,0,0,0,False,False,,,none,1.0,1.2078058177979694,1.1435224197965308,0.9995227669411135,0.020385937205676184,0.41996781533532535,True,2,1,4,1,True,2,,,2,2,2,666,,,,,,,,,7,0.8,1.9468130873200593e-07,3.9492478979071164e-08,1.426190405882314e-06,1.111522060222649e-06,1.8190549282684898e-06,False,0.007891149971162775,0.0,0.007891149971162775,0.8948942696520655,0.8948942696520655,-0.9870372903637409,1.0302447721322276,3.140290796624407,3.051335199393031,0.9716728153561456,0.0028192437257766522,0.41996781533532535,0.4171485716095487,0.0028192437257766522,0.41996781533532535,0.4171485716095487,0.019848776139338862,0.029935186451818706,0.010086410312479845,0.028192427229424152,0.4200075993773848,0.39181517214796063,7.292713604971514,7.292715012240859,7.292713343381081,0.07574778524668037,0.023559785925433768,1,none,0.8837539527629604,0.9441236527814447,0.8837539527629604,4.437663099291636,4.37559508955854,0.42550488022948424,0.40394686193512647,877,0.8837539527629604,0.0,1.0,0.0,,0,False,0,False,-0.001322225531082268,0.0007988108771635254,,-0.001322225531082268,0.0007988108771635254,,0.5570592438349351,0,False,False,False,False,False,0.0012085927231039971,2972,1550,0
353,True,353,353,1,0.2830000000000002,0.001,0.001,0,0,0,False,False,,,none,1.0,1.2134065162671857,1.1487381924203623,0.9995140855421909,0.020443920284727492,0.42501924709469197,True,2,1,4,1,True,2,,,2,2,2,706,,,,,,,,,7,0.8,1.9590216964833536e-07,3.989045711232417e-08,1.4412277393152394e-06,1.1196543970776817e-06,1.8359554117975353e-06,False,0.007875983372997941,0.0,0.007875983372997941,0.8950552669461368,0.8950552669461368,-0.9870279576947947,1.0301636046485168,3.140290796624407,3.050931268484834,0.9715441868518584,0.002830784958740649,0.42501924709469197,0.4221884621359513,0.002830784958740649,0.42501924709469197,0.4221884621359513,0.01984918197675742,0.02993513978847397,0.010085957811716551,0.02830783965888184,0.4250578581858492,0.39675001852696734,7.312837005153064,7.312838406691566,7.312836735567201,0.0758455693752097,0.02420932019871515,1,none,0.8908862018952886,0.951659417404675,0.8908862018952886,4.587247249720074,4.530142264708274,0.4149152489928455,0.39331488939571246,884,0.8908862018952886,0.0,1.0,0.0,,0,False,0,False,-0.0014112620760987436,0.002443801947041577,,-0.0014112620760987436,0.002443801947041577,,0.5606353699251562,0,False,False,False,False,False,0.0016473988971487771,2972,1550,0
354,True,354,354,1,0.2840000000000002,0.001,0.001,0,0,0,False,False,,,none,1.0,1.2190603481460438,1.154001367077656,0.9995055934260202,0.020500670322194,0.43012095368462305,True,2,1,4,1,True,2,,,2,2,2,698,,,,,,,,,7,0.8,1.9712392878291564e-07,4.028979591063002e-08,1.456370635796133e-06,1.1277362117911895e-06,1.8529127079135995e-06,False,0.007849665161966002,0.0,0.007849665161966002,0.8952136832765519,0.8952136832765519,-0.9870187302945723,1.0300823340848149,3.140290796624407,3.0505213437322944,0.9714136496567106,0.002842470321479347,0.43012095368462305,0.4272784833631437,0.002842470321479347,0.43012095368462305,0.4272784833631437,0.019849588329575927,0.029935093651472858,0.01008550532189693,0.02842469341138564,0.43015835160637944,0.4017336581949938,7.333127305099973,7.333128700701031,7.333127027308547,0.07594696043994294,0.02487664375827476,1,none,0.8948281482547243,0.9559655686179496,0.8948281482547243,4.786692783624658,4.735795458574746,0.39942633121905,0.37789982953530094,888,0.8948281482547243,0.0,1.0,0.0,,0,False,0,False,-0.0016239665662967934,0.0015196162024591804,,-0.0016239665662967934,0.0015196162024591804,,0.561059786555684,0,False,False,False,False,False,0.0009483472415944124,2972,1550,0
355,True,355,355,1,0.2850000000000002,0.001,0.001,0,0,0,False,False,,,none,1.0,1.2247675144977186,1.1593120485777835,0.9994972994673234,0.02055617049700322,0.43527306004727984,True,2,1,4,1,True,2,,,2,2,2,690,,,,,,,,,7,0.8,1.9835403344307684e-07,4.0691379508870053e-08,1.4716184570713676e-06,1.1357635634344426e-06,1.8699250964057058e-06,False,0.007867782288798641,0.0,0.007867782288798641,0.89536944285861,0.89536944285861,-0.9870095983491345,1.030000972261409,3.140290796624407,3.050105323809792,0.9712811715043849,0.0028543014644065307,0.43527306004727984,0.4324187585828733,0.0028543014644065307,0.43527306004727984,0.4324187585828733,0.019849995138692955,0.02993504799174567,0.010085052853052716,0.02854300500315777,0.43530920338631385,0.4067661983831561,7.3535846183676465,7.353586007807931,7.353584332144578,0.07605201989727811,0.02556222537984921,1,none,0.900899408788357,0.9624247954598453,0.900899408788357,4.6869700182702285,4.632207449616977,0.41068101212861496,0.3889719614620669,894,0.900899408788357,0.0,1.0,0.0,,0,False,0,False,-0.0016689881130699223,0.001660519221376776,,-0.0016689881130699223,0.001660519221376776,,0.5622962422084142,0,False,False,False,False,False,0.00014792092622052268,2972,1550,0
356,True,356,356,1,0.2860000000000002,0.001,0.001,0,0,0,False,False,,,none,1.0,1.230528208343424,1.1646703318278673,0.9994892126679921,0.020610409792219456,0.4404756750290933,True,2,1,4,1,True,2,,,2,2,2,685,,,,,,,,,7,0.8,1.995997430198189e-07,4.109618969689499e-08,1.4869705242620952e-06,1.1437323962981661e-06,1.886990749470547e-06,False,0.007922494163527749,0.0,0.007922494163527749,0.8955224678497674,0.8955224678497674,-0.9870005511190596,1.0299195289592409,3.140290796624407,3.049683105462657,0.9711467195142733,0.0028662800614856964,0.4404756750290933,0.4376093949676076,0.0028662800614856964,0.4404756750290933,0.4376093949676076,0.019850402355203797,0.029935002755595297,0.0100846004003915,0.02866279116669196,0.44051052136578595,0.411847730199094,7.374209017241741,7.374210400279758,7.374208722343221,0.07616082033233065,0.026266545011151995,1,none,0.9048488200970081,0.9667309465914784,0.9048488200970081,4.487524490586621,4.4241547632037195,0.4308526665957448,0.4090493522617045,898,0.9048488200970081,0.0,1.0,0.0,,0,False,0,False,-0.00172890582540027,0.0003665554145347418,,-0.00172890582540027,0.0003665554145347418,,0.5622100406388446,0,False,False,False,False,False,0.0012953503254594994,2972,1550,0
357,True,357,357,1,0.2870000000000002,0.001,0.001,0,0,0,False,False,,,none,1.0,1.2363426143818093,1.1700763012799777,0.999481342191601,0.020663388240364615,0.4457288903827988,True,2,1,4,1,True,2,,,2,2,2,782,,,,,,,,,7,0.8,2.0086495220365063e-07,4.15047608405353e-08,1.502426098495944e-06,1.1516384806716566e-06,1.9041073356829626e-06,False,0.00796793602244894,0.0,0.00796793602244894,0.8956726813420406,0.8956726813420406,-0.9869915768323668,1.0298380118428556,3.140290796624407,3.0492545832760767,0.9710102601178885,0.0028784077748314056,0.4457288903827988,0.4428504826079674,0.0028784077748314056,0.4457288903827988,0.4428504826079674,0.019850809940785717,0.029934957884161836,0.010084147943376118,0.02878406852295074,0.4457623962036087,0.41697832768065796,7.395000530984108,7.395001907358185,7.395000227147288,0.0762734472620403,0.026990093977881473,1,none,0.9087883032672702,0.971037097636351,0.9087883032672702,4.387801735375523,4.319486611426299,0.44260755439682437,0.42078533169347515,902,0.9087883032672702,0.0,1.0,0.0,,0,False,0,False,-0.0010541862971977002,0.0006711706459017436,,-0.0010541862971977002,0.0006711706459017436,,0.564810758289606,0,False,False,False,False,False,0.0007402951309570194,2972,1550,0
358,True,358,358,1,0.2880000000000002,0.001,0.001,0,0,0,False,False,,,none,1.0,1.242210908700996,1.1755300307363263,0.9994736974373222,0.02071510849615218,0.45103277993045915,True,2,1,4,1,True,2,,,2,2,2,723,,,,,,,,,7,0.8,2.0215582963277394e-07,4.191827343806592e-08,1.5179844467478397e-06,1.1594775825592947e-06,1.9212727984667964e-06,False,0.008003501173905081,0.0,0.008003501173905081,0.8958200080618337,0.8958200080618337,-0.9869826626294813,1.0297564309147405,3.140290796624407,3.048819649598119,0.9708717590343501,0.0028906862494204526,0.45103277993045915,0.4481420936810387,0.0028906862494204526,0.45103277993045915,0.4481420936810387,0.019851217845426296,0.029934913313147404,0.010083695467721109,0.028906853522161262,0.4510649006842607,0.4221580471620994,7.415959144613241,7.4159605140410605,7.415958831555244,0.0763900036442277,0.027733375219687627,1,none,0.9127178095150119,0.9753432488021246,0.9127178095150119,4.38780173922877,4.318525064249218,0.4445703369330254,0.4226988594188879,906,0.9127178095150119,0.0,1.0,0.0,,0,False,0,False,-0.0011877101424812094,0.0001692428219905993,,-0.0011877101424812094,0.0001692428219905993,,0.5667096649562425,0,False,False,False,False,False,0.0005193844026108901,2972,1550,0
359,True,359,359,1,0.2890000000000002,0.001,0.001,0,0,0,False,False,,,none,1.0,1.2481332584852733,1.1810315831815115,0.9994662863660683,0.020765576097448196,0.4563873991090881,True,2,1,4,1,True,2,,,2,2,2,780,,,,,,,,,7,0.8,2.034767693862729e-07,4.233780630364395e-08,1.5336448080740071e-06,1.1672453317131486e-06,1.938484807075097e-06,False,0.008028590391968904,0.0,0.008028590391968904,0.8959643719091396,0.8959643719091396,-0.9869737946102602,1.029674800289674,3.140290796624407,3.0483781945774244,0.9707311812823888,0.002903117141729444,0.4563873991090881,0.4534842819673587,0.002903117141729444,0.4563873991090881,0.4534842819673587,0.01985162599855163,0.029934868973051296,0.010083242974499664,0.029031162726648727,0.4564180887761391,0.42738692604949036,7.437084797599507,7.437086159778098,7.437084475017833,0.07651061089463411,0.028496903501322148,1,none,0.9166375325267321,0.979649400015399,0.9166375325267321,4.487524506181062,4.421007479676217,0.4366101616452642,0.414673594985125,910,0.9166375325267321,0.0,1.0,0.0,,0,False,0,False,0.0003309577523512364,0.00032526120384347826,,0.0003309577523512364,0.00032526120384347826,,0.5691045127003194,0,False,False,False,False,False,0.0015266610331932898,2972,1550,0
360,True,360,360,1,0.2900000000000002,0.001,0.001,0,0,0,False,False,,,none,1.0,1.2541098217170485,1.1865810105801415,0.9994591159421252,0.0208147993271679,0.4617927838645869,True,2,1,4,1,True,2,,,2,2,2,776,,,,,,,,,7,0.8,2.048317685763368e-07,4.276458089448491e-08,1.5494064073397631e-06,1.1749372768312073e-06,1.9557409548276675e-06,False,0.008042616618236187,0.0,0.008042616618236187,0.8961056949887143,0.8961056949887143,-0.9869649577311451,1.0295931364337498,3.140290796624407,3.0479301062156248,0.970588491197037,0.002915702127923759,0.4617927838645869,0.45887708173666314,0.002915702127923759,0.4617927838645869,0.45887708173666314,0.01985203431783125,0.029934824788655723,0.010082790470824474,0.029157012911273032,0.46182199549284725,0.4326649825815742,7.458377382509826,7.458378737115742,7.458377050082555,0.07663540887789629,0.029281205658179477,1,none,0.9237473199980878,0.9871851646385467,0.9237473199980878,4.537385889659505,4.469151800691722,0.43513388045230916,0.41338820482898475,917,0.9237473199980878,0.0,1.0,0.0,,0,False,0,False,0.0017422772646230142,-0.001225600418568103,,0.0017422772646230142,-0.001225600418568103,,0.5690144361101853,0,False,False,False,False,False,0.002096901174969419,2972,1550,0
361,True,361,361,1,0.2910000000000002,0.001,0.001,0,0,0,False,False,,,none,1.0,1.2601407468814698,1.1921783534430346,0.9994521950231227,0.02086278957130329,0.4672489496026904,True,2,1,4,1,True,2,,,2,2,2,738,,,,,,,,,7,0.8,2.0622150117503364e-07,4.3199281639194364e-08,1.5652684149793529e-06,1.1825487359257788e-06,1.97303831925603e-06,False,0.008045010060510227,0.0,0.008045010060510227,0.8962438951679305,0.8962438951679305,-0.9869561356959133,1.0295114499779123,3.140290796624407,3.0474752706253008,0.9704436525117749,0.002928442928278808,0.4672489496026904,0.4643205066744116,0.002928442928278808,0.4672489496026904,0.4643205066744116,0.019852442750110437,0.029934780678479565,0.010082337928369128,0.029284421290122296,0.4672766348877084,0.43799221359758606,7.479836743167108,7.479838089858066,7.479836400554423,0.07676455116274253,0.03008682065750162,1,none,0.9297930335459488,0.9936443913827826,0.9297930335459488,4.337940360594849,4.261427571234203,0.45811805086528534,0.4363763166232391,923,0.9297930335459488,0.0,1.0,0.0,,0,False,0,False,0.004107703259363698,-0.0022998951347849906,,0.004107703259363698,-0.0022998951347849906,,0.5717750650616973,0,False,False,False,False,False,0.002597950976036014,2972,1550,0
362,True,362,362,1,0.2920000000000002,0.001,0.001,0,0,0,False,False,,,none,1.0,1.2662261726635344,1.1978236400574884,0.9994455340475784,0.02090956604137931,0.47275589025251086,True,2,1,4,1,True,2,,,2,2,2,665,,,,,,,,,7,0.8,2.0764481164623599e-07,4.3642482023723854e-08,1.5812299803152245e-06,1.190074923858246e-06,1.990373736031675e-06,False,0.008035223897910726,0.0,0.008035223897910726,0.8963788933210545,0.8963788933210545,-0.9869473109452319,1.0294297504784715,3.140290796624407,3.0470135714221507,0.9702966281649703,0.0029413412309700097,0.47275589025251086,0.46981454902154085,0.0029413412309700097,0.47275589025251086,0.46981454902154085,0.019852851247607644,0.029934736554726157,0.010081885307118513,0.029413404732303014,0.4727819995020458,0.4433685947697428,7.501462672516938,7.501464010933432,7.501462319363176,0.07689820529029663,0.03091429977102724,1,none,0.9379528821456554,1.0022566938093316,0.9379528821456554,4.238217593642559,4.157027533170825,0.4729614143987056,0.4512613277931407,931,0.9379528821456554,0.0,1.0,0.0,,0,False,0,False,0.003909940119196029,-0.0006760388823152571,,0.003909940119196029,-0.0006760388823152571,,0.5746870568923125,0,False,False,False,False,False,0.0016358543297904076,2972,1550,0
363,True,363,363,1,0.2930000000000002,0.001,0.001,0,0,0,False,False,,,none,1.0,1.2723662276395762,1.2035168864029724,0.9994391423100156,0.02095515319545365,0.4783135776476137,True,2,1,4,1,True,2,,,2,2,2,640,,,,,,,,,7,0.8,2.0910074611036508e-07,4.409492194434673e-08,1.597290256598491e-06,1.19751100317308e-06,2.0077440700224365e-06,False,0.008012739980211958,0.0,0.008012739980211958,0.8965106104179373,0.8965106104179373,-0.9869384646452151,1.0293480489102735,3.140290796624407,3.046544889873383,0.9701473803471339,0.0029543987245755736,0.4783135776476137,0.4753591789230381,0.0029543987245755736,0.4783135776476137,0.4753591789230381,0.019853259755448632,0.029934692323226073,0.010081432567777441,0.029543980096064293,0.47833805994380046,0.44879407984773617,7.523254911390502,7.523256241158776,7.523254547326951,0.07703655326314544,0.031764206743514004,1,none,0.9418587818328567,1.0065628449988935,0.9418587818328567,4.13849482885054,4.053452599929597,0.48643909760711945,0.4647192775113322,935,0.9418587818328567,0.0,1.0,0.0,,0,False,0,False,0.0029466993007314117,-0.0024269134545581677,,0.0029466993007314117,-0.0024269134545581677,,0.5745938653233429,0,False,False,False,False,False,0.00199834797822681,2972,1550,0
364,True,364,364,1,0.2940000000000002,0.001,0.001,0,0,0,False,False,,,none,1.0,1.2785610299640706,1.2092580958008392,0.9994330289056566,0.02099957661986516,0.4839219602927407,True,2,1,4,1,True,2,,,2,2,2,656,,,,,,,,,7,0.8,2.1058499494233036e-07,4.455686036459377e-08,1.613448361968707e-06,1.2048519549683445e-06,2.0251457241470197e-06,False,0.008025817349957554,0.0,0.008025817349957554,0.896638968272277,0.896638968272277,-0.9869295764503292,1.0292663587959534,3.140290796624407,3.046069104764029,0.9699958704583475,0.002967617087822746,0.4839219602927407,0.480954343204918,0.002967617087822746,0.4839219602927407,0.480954343204918,0.019853668206020237,0.029934647882251645,0.010080979676231408,0.029676164161023377,0.48394476358079924,0.4542685994197759,7.545213146717529,7.545214467452501,7.545212771365327,0.07717978591550738,0.03263711793212812,1,none,0.944684796921945,1.0097924584088493,0.944684796921945,4.288078979278979,4.208396421839343,0.4709766136717199,0.4489523810159768,938,0.944684796921945,0.0,1.0,0.0,,0,False,0,False,0.0014187358176699714,-0.0014492540782105128,,0.0014187358176699714,-0.0014492540782105128,,0.5767022348286485,0,False,False,False,False,False,0.0018139708547079067,2972,1550,0
365,True,365,365,1,0.2950000000000002,0.001,0.001,0,0,0,False,False,,,none,1.0,1.2848106870534628,1.2150472587899408,0.9994272014722182,0.021068923845408084,0.48958096280027147,True,2,1,4,1,True,2,,,2,2,2,528,,,,,,,,,7,0.8,2.1209344939580143e-07,4.5028599811891e-08,1.6297034065584995e-06,1.212092675095161e-06,2.0425751032570014e-06,False,0.008062452711728008,0.0,0.008062452711728008,0.8967638858621519,0.8967638858621519,-0.9869206246231617,1.0291846950014478,3.140290796624407,3.0455860926473575,0.9698420591880056,0.0029809980311309514,0.48958096280027147,0.4865999647691405,0.0029809980311309514,0.48958096280027147,0.4865999647691405,0.019854076524992763,0.02993460312311581,0.010080526598123047,0.02980997403372472,0.4896024539734291,0.4597924799397044,7.567337010155222,7.567338321464147,7.567336623129285,0.07732810086826374,0.033533622439079355,1,none,0.9485788715479646,1.0140986096221238,0.9485788715479646,4.288078979278981,4.206548197892867,0.4729850427300849,0.4510010711505097,942,0.9485788715479646,0.0,1.0,0.0,,0,False,0,False,0.001617528883748679,-0.0013939128573546421,,0.001617528883748679,-0.0013939128573546421,,0.5766062529120521,0,False,False,False,False,False,0.00020635245054709598,2972,1550,0
366,True,366,366,1,0.2960000000000002,0.001,0.001,0,0,0,False,False,,,none,1.0,1.2911152952694338,1.2208843525428614,0.9994216676757948,0.02114402419390191,0.495290484122292,True,2,1,4,1,True,2,,,2,2,2,621,,,,,,,,,7,0.8,2.1361879739393025e-07,4.550983563726567e-08,1.646054446548482e-06,1.219227874056589e-06,2.0600281516567533e-06,False,0.008087514012234509,0.0,0.008087514012234509,0.8968852805670574,0.8968852805670574,-0.9869115859312988,1.029103069428197,3.140290796624407,3.0450957277404846,0.9696859064815747,0.0029945432806319054,0.495290484122292,0.49229594084166006,0.0029945432806319054,0.495290484122292,0.49229594084166006,0.019854484652859015,0.02993455792965649,0.010080073276797476,0.029945426981145086,0.4953120057656196,0.4653665787844745,7.589626075959618,7.589627377445376,7.589625676871848,0.07748169606954332,0.0344543221337819,1,none,0.9545755423296696,1.0205578364419687,0.9545755423296696,4.487524513127693,4.4127299973455205,0.4548422335995956,0.43264624978364635,948,0.9545755423296696,0.0,1.0,0.0,,0,False,0,False,0.002107335376028149,-0.00023702076804218796,,0.002107335376028149,-0.00023702076804218796,,0.5808762355613956,0,False,False,False,False,False,0.0012563079663015966,2972,1550,0
367,True,367,367,1,0.2970000000000002,0.001,0.001,0,0,0,False,False,,,none,1.0,1.297474939603946,1.226769340191544,0.9994164376457062,0.021217848563810125,0.5010503964312202,True,2,1,4,1,True,2,,,2,2,2,571,,,,,,,,,7,0.8,2.151534878908652e-07,4.59999950699602e-08,1.6625004976132105e-06,1.2262521208463892e-06,2.077500707904207e-06,False,0.008100365761236294,0.0,0.008100365761236294,0.8970030677715916,0.8970030677715916,-0.9869024354942049,1.0290214860125384,3.140290796624407,3.0445978819099713,0.9695273715360058,0.0030082545814015945,0.5010503964312202,0.4980421418498186,0.0030082545814015945,0.5010503964312202,0.4980421418498186,0.019854892569937308,0.02993451217747102,0.010079619607533712,0.030082540449892767,0.5010719407640004,0.47098940031410763,7.612079858746407,7.612081150011114,7.612079447209273,0.07764076468137503,0.03539983161279194,1,none,0.960572554410569,1.0270170632620323,0.960572554410569,4.487524513117215,4.413038530662841,0.45772098191776783,0.43533386247878075,954,0.960572554410569,0.0,1.0,0.0,,0,False,0,False,0.0005518104675858327,-0.001109590280858293,,0.0005518104675858327,-0.001109590280858293,,0.5823648404094555,0,False,False,False,False,False,0.0017835457088285153,2972,1550,0
368,True,368,368,1,0.2980000000000002,0.001,0.001,0,0,0,False,False,,,none,1.0,1.3038896933479782,1.2327021701908805,0.9994115185983257,0.021290371330115822,0.5068605438943137,True,2,1,4,1,True,2,,,2,2,2,668,,,,,,,,,7,0.8,2.1668730389577241e-07,4.6498109693597696e-08,1.6790405429936821e-06,1.2331597959266217e-06,2.0949882312750596e-06,False,0.008100397655119995,0.0,0.008100397655119995,0.8971171718348967,0.8971171718348967,-0.9868931466828113,1.0289399548032079,3.140290796624407,3.044092423699566,0.9693664124901274,0.003022133581540434,0.5068605438943137,0.5038384103127732,0.003022133581540434,0.5068605438943137,0.5038384103127732,0.01985530022598396,0.029934465733414056,0.010079165507430096,0.030221330905517485,0.506882102752381,0.4766607718468635,7.634697811448033,7.634699092095971,7.634697387077745,0.07780549567203571,0.03637077842300612,1,none,0.9676192768590459,1.0345528278852627,0.9676192768590459,4.637108663545654,4.568212572209904,0.44620598866631545,0.42363145828432996,961,0.9676192768590459,0.0,1.0,0.0,,0,False,0,False,0.0002022860148606351,0.0012372266972917351,,0.0002022860148606351,0.0012372266972917351,,0.582712600018158,0,False,False,False,False,False,0.002372702524967274,2972,1550,0
369,True,369,369,1,0.2990000000000002,0.001,0.001,0,0,0,False,False,,,none,1.0,1.3103596177582892,1.2386827769404727,0.999406917861313,0.021361573962058407,0.5127207421666188,True,2,1,4,1,True,2,,,2,2,2,637,,,,,,,,,7,0.8,2.1821490926226412e-07,4.700389029035502e-08,1.6956735867949767e-06,1.2399454599268053e-06,2.1124868683317306e-06,False,0.008087031457034377,0.0,0.008087031457034377,0.8972275125883209,0.8972275125883209,-0.9868836911614763,1.0288584925697228,3.140290796624407,3.0435792192784095,0.9692029867265937,0.0030361819815835486,0.5127207421666188,0.5096845601850353,0.0030361819815835486,0.5127207421666188,0.5096845601850353,0.019855707537151386,0.02993441845580738,0.010078710918655993,0.03036181535779097,0.5127423069851071,0.48238049162731617,7.657479324803372,7.657480594443469,7.657478887221938,0.07797607223801291,0.03736780317579825,1,none,0.9725485039620294,1.0399355169018558,0.9725485039620294,4.587247280069507,4.516296678832897,0.4534028594534797,0.4306840640120904,966,0.9725485039620294,0.0,1.0,0.0,,0,False,0,False,-0.0007481701605913762,-0.000245962695250207,,-0.0007481701605913762,-0.000245962695250207,,0.5839756736272265,0,False,False,False,False,False,0.0017615952190000402,2972,1550,0
370,True,370,370,1,0.3000000000000002,0.001,0.001,0,0,0,False,False,,,none,1.0,1.31688476173079,1.2447110801482437,0.9994026422573639,0.02143144519004453,0.5186307770312729,True,2,1,4,1,True,2,,,2,2,2,703,,,,,,,,,7,0.8,2.1972888749029796e-07,4.7516291947313784e-08,1.7123985384212162e-06,1.2466033598188632e-06,2.129992317614536e-06,False,0.008063757982577635,0.0,0.008063757982577635,0.8973340036970667,0.8973340036970667,-0.9868740388445738,1.0287771114321915,3.140290796624407,3.0430581325878086,0.9690370509186229,0.0030504015485586233,0.5186307770312729,0.5155803754827143,0.0030504015485586233,0.5186307770312729,0.5155803754827143,0.01985611444283904,0.029934370194222865,0.010078255751383824,0.030504011480065492,0.5186523388243764,0.48814832734431096,7.68042372495216,7.680424983199355,7.680423273789078,0.07815266221038615,0.03839155943351615,1,none,0.9753455292357804,1.0431651303114362,0.9753455292357804,4.637108663325787,4.567438389607269,0.44992050264496775,0.42708645242159265,969,0.9753455292357804,0.0,1.0,0.0,,0,False,0,False,-0.00047723296287402803,0.0003465435249907284,,-0.00047723296287402803,0.0003465435249907284,,0.5859293666321772,0,False,False,False,False,False,0.0006515140720898737,2972,1550,0
371,True,371,371,1,0.3010000000000002,0.001,0.001,0,0,0,False,False,,,none,1.0,1.3234651614675577,1.2507869839244385,0.9993986984570498,0.02149998363776149,0.5245904030684695,True,2,1,4,1,True,2,,,2,2,2,676,,,,,,,,,7,0.8,2.212206373045425e-07,4.8033797374791006e-08,1.7292142294619639e-06,1.2531275072713272e-06,2.147499992296497e-06,False,0.008082144814857695,0.0,0.008082144814857695,0.8974365612003747,0.8974365612003747,-0.9868641576062644,1.0286958205232744,3.140290796624407,3.042529024668912,0.968868560815902,0.0030647940215724288,0.5245904030684695,0.521525609046897,0.0030647940215724288,0.5245904030684695,0.521525609046897,0.019856520897383625,0.02993432078803132,0.010077799890647696,0.0306479366639296,0.5246119524070292,0.49396401574309956,7.703530270930185,7.703531517405956,7.703529805822732,0.07833541842207141,0.0394427137882984,1,none,0.9791957088921991,1.047471281524711,0.9791957088921991,4.736831430278078,4.669887334698938,0.4422666488949634,0.4193658813207007,973,0.9791957088921991,0.0,1.0,0.0,,0,False,0,False,-0.0003961121061139667,-3.9420557857772094e-05,,-0.0003961121061139667,-3.9420557857772094e-05,,0.5873188430528319,0,False,False,False,False,False,0.00039439683904738705,2972,1550,0
372,True,372,372,1,0.3020000000000002,0.001,0.001,0,0,0,False,False,,,none,1.0,1.3301008401363636,1.256910376762647,0.9993950935512492,0.021567194315965335,0.5305993426539144,True,2,1,4,1,True,2,,,2,2,2,636,,,,,,,,,7,0.8,2.2268703391384402e-07,4.85557225240399e-08,1.7461194982796186e-06,1.2595121558947183e-06,2.1650060846062317e-06,False,0.008087268400889913,0.0,0.008087268400889913,0.897535101023266,0.897535101023266,-0.9868540133293462,1.0286146331540098,3.140290796624407,3.0419917537529595,0.9686974712733253,0.003079361143079752,0.5305993426539144,0.5275199815108347,0.003079361143079752,0.5305993426539144,0.5275199815108347,0.019856926834229953,0.02993427006664673,0.010077343232416776,0.030793608327728983,0.5306208696414283,0.4998272613136993,7.7267981533536805,7.726799387684842,7.726797673945883,0.07852448288628829,0.040521945960745466,1,none,0.985169960369338,1.0539305083446224,0.985169960369338,4.637108663325783,4.565052047133092,0.4545636450920399,0.43161390065115984,979,0.985169960369338,0.0,1.0,0.0,,0,False,0,False,-0.0009708982509932839,0.0006798124531990064,,-0.0009708982509932839,0.0006798124531990064,,0.5890050100123657,0,False,False,False,False,False,0.0009206928024802993,2972,1550,0
373,True,373,373,1,0.3030000000000002,0.001,0.001,0,0,0,False,False,,,none,1.0,1.3367918075355205,1.2630811310847903,0.999391832428579,0.02163309076412867,0.5366572840063811,True,2,1,4,1,True,2,,,2,2,2,569,,,,,,,,,7,0.8,2.2412508461161297e-07,4.9080873404769613e-08,1.7631130883251767e-06,1.2657512118612228e-06,2.1825065585784694e-06,False,0.00807851123605935,0.0,0.00807851123605935,0.8976295353251105,0.8976295353251105,-0.9868435699696799,1.0285335587426447,3.140290796624407,3.041446175464775,0.9685237363157949,0.003094104695478425,0.5366572840063811,0.5335631793109027,0.003094104695478425,0.5366572840063811,0.5335631793109027,0.019857332206286774,0.029934217849848396,0.010076885643561621,0.030941044292856427,0.5366787782525977,0.5057377339597413,7.75022649218397,7.750227714000598,7.750225998124338,0.07871998087294517,0.04162994867881747,1,none,0.9890005312394915,1.0582366595578971,0.9890005312394915,4.736831430278075,4.669205953760007,0.4468120409747296,0.4236268611981322,983,0.9890005312394915,0.0,1.0,0.0,,0,False,0,False,-0.0007533572003763535,0.0004563839125939976,,-0.0007533572003763535,0.0004563839125939976,,0.5921521630650992,0,False,False,False,False,False,0.00031184037817512015,2972,1550,0
374,True,374,374,1,0.3040000000000002,0.001,0.001,0,0,0,False,False,,,none,1.0,1.3435380597512028,1.2692991026715004,0.9993889236317629,0.02169769288249285,0.5427638804352058,True,2,1,4,1,True,2,,,2,2,2,600,,,,,,,,,7,0.8,2.2553396597517844e-07,4.96083684356237e-08,1.780193689823489e-06,1.2718386955287253e-06,2.1999976819894417e-06,False,0.008055298012476453,0.0,0.008055298012476453,0.8977197772769526,0.8977197772769526,-0.986832789166767,1.0284526075931493,3.140290796624407,3.0408921423898527,0.9683473090003636,0.0031090264501592376,0.5427638804352058,0.5396548539850466,0.0031090264501592376,0.5427638804352058,0.5396548539850466,0.019857736962034255,0.02993416394583383,0.010076426983799576,0.031090262271181182,0.5427853310327484,0.5116950687615672,7.77381433464432,7.773815543575982,7.773813825582296,0.07892202627945924,0.0427674278146509,1,none,0.9991961847734289,1.0690020368553086,0.9991961847734289,4.736831378569883,4.667984980449271,0.45135743767094183,0.42810599818050876,993,0.9991961847734289,0.0,1.0,0.0,,0,False,0,False,-0.0013200567679087568,0.0014204643861962746,,-0.0013200567679087568,0.0014204643861962746,,0.5937581942752872,0,False,False,False,False,False,0.0011183020877305932,2972,1550,0
375,True,375,375,1,0.3050000000000002,0.001,0.001,0,0,0,False,False,,,none,1.0,1.3503395788135615,1.2755641304024306,0.999386372520608,0.021761029104087774,0.5489187487260718,True,2,1,4,1,True,2,,,2,2,2,615,,,,,,,,,7,0.8,2.2691553411465612e-07,5.0137466361338045e-08,1.7973599398481252e-06,1.2777684440285329e-06,2.2174759018040372e-06,False,0.008101194350147445,0.0,0.008101194350147445,0.8978057388038512,0.8978057388038512,-0.9868216302976539,1.0283717904381386,3.140290796624407,3.0403295041619494,0.968168141444127,0.0031241281932938327,0.5489187487260718,0.5457946205327779,0.0031241281932938327,0.5489187487260718,0.5457946205327779,0.019858141047809308,0.029934108151488267,0.01007596710367896,0.031241280107571823,0.5489401442200306,0.5176988641124587,7.797560653357382,7.797561849028476,7.7975601289381835,0.07913072349053327,0.043935102361772005,1,none,1.0062060549540148,1.0765378011503801,1.0062060549540148,4.686969972479659,4.615376339547258,0.4593747378248441,0.43602340564614406,1000,1.0062060549540148,0.0,1.0,0.0,,0,False,0,False,-0.0006432514858727824,-0.00016814489000608444,,-0.0006432514858727824,-0.00016814489000608444,,0.595270457085003,0,False,False,False,False,False,0.0017267729503985109,2972,1550,0
376,True,376,376,1,0.3060000000000002,0.001,0.001,0,0,0,False,False,,,none,1.0,1.3571963323498353,1.2818760360343586,0.9993841849950393,0.021846180435648715,0.5551214676140959,True,2,1,4,1,True,2,,,2,2,2,578,,,,,,,,,7,0.8,2.2827633053805087e-07,5.066815006172258e-08,1.8146104523229738e-06,1.2835344450824373e-06,2.234938278769117e-06,False,0.00813682465200688,0.0,0.00813682465200688,0.8978873293472993,0.8978873293472993,-0.9868100504086144,1.0282911203425205,3.140290796624407,3.039758107525857,0.967986184844214,0.003139411739163717,0.5551214676140959,0.5519820558749321,0.003139411739163717,0.5551214676140959,0.5519820558749321,0.0198585443982874,0.02993405025204307,0.010075505853755672,0.031394115944895246,0.5551427959716976,0.5237486800268023,7.821464344601285,7.821465526624807,7.821463804460227,0.07934617290504496,0.04513370457983773,1,none,1.011085573461818,1.081920490166973,1.011085573461818,4.736831355955806,4.6655072553432735,0.45681191026850954,0.43343007228371594,1005,1.011085573461818,0.0,1.0,0.0,,0,False,0,False,-0.0013861618239095575,0.0005078308114339275,,-0.0013861618239095575,0.0005078308114339275,,0.5962014894993625,0,False,False,False,False,False,0.00100441969280736,2972,1550,0
377,True,377,377,1,0.3070000000000002,0.001,0.001,0,0,0,False,False,,,none,1.0,1.364108273244418,1.2882346234830617,0.9993823656894765,0.02193361348122781,0.5613715759820181,True,2,1,4,1,True,2,,,2,2,2,531,,,,,,,,,7,0.8,2.29621151150214e-07,5.1199811941462805e-08,1.8319437206135773e-06,1.2891302786705306e-06,2.252381398582191e-06,False,0.008159006294863158,0.0,0.008159006294863158,0.8979644563571724,0.8979644563571724,-0.9867980041750471,1.0282106039699963,3.140290796624407,3.039177796313134,0.9678013894700572,0.0031548789216789422,0.5613715759820181,0.5582166970603392,0.0031548789216789422,0.5613715759820181,0.5582166970603392,0.01985894698015002,0.029933990020875236,0.010075043040725217,0.03154878812348913,0.5613928245632441,0.529844036439755,7.845524225664961,7.845525393636345,7.845523669421011,0.07956846854245003,0.046363979774830526,1,none,1.0191326672573906,1.0905327925926724,1.0191326672573906,5.035999656804895,4.972542219661297,0.43309486374531014,0.4099040781304049,1013,1.0191326672573906,0.0,1.0,0.0,,0,False,0,False,-0.0013249671465546124,0.0007730473886955052,,-0.0013249671465546124,0.0007730473886955052,,0.5973137183747504,0,False,False,False,False,False,0.0002721849029445282,2972,1550,0
378,True,378,378,1,0.3080000000000002,0.001,0.001,0,0,0,False,False,,,none,1.0,1.3710753392806196,1.2946396785437073,0.9993809185523596,0.022019635738140954,0.5676685726564796,True,2,1,4,1,True,2,,,2,2,2,560,,,,,,,,,7,0.8,2.3096013122411944e-07,5.1733321978391773e-08,1.8493582803783962e-06,1.2945500660235244e-06,2.2698028199523484e-06,False,0.00816704188487477,0.0,0.00816704188487477,0.898037031735436,0.898037031735436,-0.9867854435163985,1.0281302568344026,3.140290796624407,3.0385884108197216,0.9676137044652016,0.003170531530233966,0.5676685726564796,0.5644980411262457,0.003170531530233966,0.5676685726564796,0.5644980411262457,0.019859348715827986,0.029933927217581993,0.010074578501754007,0.03170531452963598,0.5676897281776335,0.5359844136479975,7.869739033277331,7.869740186767131,7.869738460526227,0.07979771459685586,0.04762668667351372,1,none,1.0303533493793156,1.1023747081138535,1.0303533493793156,5.085861018740404,5.0248854020612885,0.4335056361358748,0.4101002378906584,1024,1.0303533493793156,0.0,1.0,0.0,,0,False,0,False,-0.001017631724800098,0.0014414578588703728,,-0.001017631724800098,0.0014414578588703728,,0.5994291257384362,0,False,False,False,False,False,0.0007356817369653897,2972,1550,0
379,True,379,379,1,0.3090000000000002,0.001,0.001,0,0,0,False,False,,,none,1.0,1.3780974527929093,1.3010909690390902,0.9993798485074465,0.022104233395245653,0.5740119138330972,True,2,1,4,1,True,2,,,2,2,2,523,,,,,,,,,7,0.8,2.323044201758277e-07,5.226928410844278e-08,1.8668526097157198e-06,1.2997873769985966e-06,2.287199884903312e-06,False,0.008175522620184672,0.0,0.008175522620184672,0.8981049597802458,0.8981049597802458,-0.9867723177784289,1.028050094328073,3.140290796624407,3.0379897886944196,0.9674230781302311,0.0031863714397085546,0.5740119138330972,0.5708255423933887,0.0031863714397085546,0.5740119138330972,0.5708255423933887,0.019859749528359633,0.029933861588892146,0.010074112060532513,0.03186371390628301,0.574032962330016,0.542169248423733,7.8941074220418,7.894108560589117,7.894106832349022,0.08003402435589632,0.048922597266587986,1,none,1.0383944251341473,1.1109870100270536,1.0383944251341473,4.986138215774812,4.921199662000832,0.4456302500850004,0.4220086549839204,1032,1.0383944251341473,0.0,1.0,0.0,,0,False,0,False,-0.0024718768605373575,9.233402963376137e-05,,-0.0024718768605373575,9.233402963376137e-05,,0.6017406902021815,0,False,False,False,False,False,0.0019836743738400058,2972,1550,0
380,True,380,380,1,0.3100000000000002,0.001,0.001,0,0,0,False,False,,,none,1.0,1.3851745203172718,1.3075882440408753,0.9993791557568494,0.022190929281788015,0.5804010117993819,True,2,1,4,1,True,2,,,2,2,2,469,,,,,,,,,7,0.8,2.3366545221913507e-07,5.280882376848534e-08,1.8844251644942636e-06,1.3048360046538933e-06,2.304570136717247e-06,False,0.008193466137855432,0.0,0.008193466137855432,0.8981681421260598,0.8981681421260598,-0.9867585735461046,1.0279701302592827,3.140290796624407,3.0373817645127565,0.9672294577870716,0.0032024005545093688,0.5804010117993819,0.5771986112448725,0.0032024005545093688,0.5804010117993819,0.5771986112448725,0.019860149348703584,0.029933792867730524,0.01007364351902694,0.03202400528749173,0.5804219385876647,0.548397933300173,7.918627961888774,7.91862908499515,7.918627354783806,0.08027752583194085,0.05025249685307128,1,none,1.040068656829194,1.1131400856336908,1.040068656829194,4.886415448822521,4.817917882275957,0.4556059947387094,0.43175026318126924,1034,1.040068656829194,0.0,1.0,0.0,,0,False,0,False,-0.001467557012216358,-0.00037353968788478704,,-0.001467557012216358,-0.00037353968788478704,,0.601623206105694,0,False,False,False,False,False,0.0011071118635467999,2972,1550,0
381,True,381,381,1,0.3110000000000002,0.001,0.001,0,0,0,False,False,,,none,1.0,1.392306432249887,1.314131233193685,0.9993788415568841,0.022278951052069857,0.5868352331695126,True,2,1,4,1,True,2,,,2,2,2,531,,,,,,,,,7,0.8,2.3505509869271325e-07,5.335316806391376e-08,1.9020743759886237e-06,1.3096895433089424e-06,2.3219110860688e-06,False,0.008196812830919276,0.0,0.008196812830919276,0.8982264772239287,0.8982264772239287,-0.9867441546177846,1.0278903712073724,3.140290796624407,3.036764169845719,0.967032789800877,0.0032186208105046583,0.5868352331695126,0.583616612359008,0.0032186208105046583,0.5868352331695126,0.583616612359008,0.019860548143963142,0.029933720773088923,0.010073172629125781,0.03218620803841947,0.5868560228020925,0.554669814763673,7.943299135532565,7.943300242656543,7.94329851050381,0.08052836229863419,0.05161718380710166,1,none,1.0449127306250952,1.118522774650284,1.0449127306250952,4.836554065346373,4.765230192532083,0.4625288002730846,0.43855708471865607,1039,1.0449127306250952,0.0,1.0,0.0,,0,False,0,False,-0.0006465059504715626,-0.0001868096051320415,,-0.0006465059504715626,-0.0001868096051320415,,0.6051197495280937,0,False,False,False,False,False,0.0008420172027916667,2972,1550,0
382,True,382,382,1,0.3120000000000002,0.001,0.001,0,0,0,False,False,,,none,1.0,1.3994930624909312,1.3207196459100845,0.9993789049487567,0.0223655504873012,0.5933138976408544,True,2,1,4,1,True,2,,,2,2,2,611,,,,,,,,,7,0.8,2.3648094437174997e-07,5.39035077823287e-08,1.9197986672040953e-06,1.314341541726415e-06,2.339219834925436e-06,False,0.008184933797812932,0.0,0.008184933797812932,0.8982798707687184,0.8982798707687184,-0.9867290017382767,1.0278108272418276,3.140290796624407,3.036136832238681,0.9668330192548779,0.003235034065905007,0.5933138976408544,0.5900788635749494,0.003235034065905007,0.5933138976408544,0.5900788635749494,0.01986094586379086,0.02993364500869138,0.01007269914490052,0.03235034074907349,0.5933345338685369,0.5609841931194633,7.968119335971051,7.96812042652507,7.968118692462477,0.08078670164278828,0.05301746965505767,1,none,1.050811631782561,1.1249820008518043,1.050811631782561,4.836554110482753,4.762501845995634,0.4651997993420634,0.4412855535861243,1045,1.050811631782561,0.0,1.0,0.0,,0,False,0,False,0.00017460376134199304,0.00033664676337788257,,0.00017460376134199304,0.00033664676337788257,,0.6056676407832565,0,False,False,False,False,False,0.0009737698540045988,2972,1550,0
383,True,383,383,1,0.3130000000000002,0.001,0.001,0,0,0,False,False,,,none,1.0,1.4067342680923383,1.327353171764449,0.999379346892024,0.022450736344926194,0.5998362762810723,True,2,1,4,1,True,2,,,2,2,2,548,,,,,,,,,7,0.8,2.3795388068427914e-07,5.4461728836313237e-08,1.9375965442285118e-06,1.3187856035791304e-06,2.3564939986459527e-06,False,0.008157258387208544,0.0,0.008157258387208544,0.8983282248127169,0.8983282248127169,-0.9867130525423902,1.0277315115603747,3.140290796624407,3.0354995760430143,0.9666300902152004,0.0032516422212468636,0.5998362762810723,0.5965846340598254,0.0032516422212468636,0.5998362762810723,0.5965846340598254,0.019861342442198126,0.029933565262711948,0.010072222820513822,0.032516422434238114,0.5998567420051306,0.5673403195708925,7.993086865382991,7.9930879387313745,7.993086202792386,0.08105273959077793,0.054454179016096685,1,none,1.0588176862182292,1.1335943032807596,1.0588176862182292,4.936276877602165,4.863648207012052,0.4592912153790741,0.43540060512259227,1053,1.0588176862182292,0.0,1.0,0.0,,0,False,0,False,2.2043754224091855e-05,0.00183652017917445,,2.2043754224091855e-05,0.00183652017917445,,0.6073992530490747,0,False,False,False,False,False,0.0015076122907382642,2972,1550,0
384,True,384,384,1,0.3140000000000002,0.001,0.001,0,0,0,False,False,,,none,1.0,1.4140298889076752,1.3340314799399071,0.999380167975892,0.02253452325107553,0.6064015895701984,True,2,1,4,1,True,2,,,2,2,2,678,,,,,,,,,7,0.8,2.3948134518745647e-07,5.5029614107279164e-08,1.955466530104088e-06,1.3230153001933614e-06,2.3737309047203817e-06,False,0.008197518029619377,0.0,0.008197518029619377,0.8983714402804704,0.8983714402804704,-0.9866962415230554,1.0276524381140897,3.140290796624407,3.0348522222500547,0.9664239456779953,0.003268447192280438,0.6064015895701984,0.6031331423779179,0.003268447192280438,0.6064015895701984,0.6031331423779179,0.019861737809429552,0.029933481207615277,0.010071743398185725,0.03268447224059474,0.6064218667918858,0.573737394551291,8.018199932747457,8.018200988207214,8.018199250427408,0.0813266976942038,0.05592814945506163,1,none,1.0657638454570444,1.1411300675364053,1.0657638454570444,4.786692751657707,4.707307269078917,0.47679269455563617,0.4528125250959381,1060,1.0657638454570444,0.0,1.0,0.0,,0,False,0,False,-0.0005967661649613319,0.0003614558476011698,,-0.0005967661649613319,0.0003614558476011698,,0.608559687999874,0,False,False,False,False,False,0.001599606357314823,2972,1550,0
385,True,385,385,1,0.3150000000000002,0.001,0.001,0,0,0,False,False,,,none,1.0,1.42137974725155,1.3407542185755434,0.9993813680915539,0.0226169357247532,0.6130090055249756,True,2,1,4,1,True,2,,,2,2,2,698,,,,,,,,,7,0.8,2.410666927151801e-07,5.5608379286195766e-08,1.97340714138437e-06,1.3270238962198963e-06,2.3909273533482647e-06,False,0.008235275181314228,0.0,0.008235275181314228,0.8984094154044687,0.8984094154044687,-0.9866784998073765,1.0275736152320154,3.140290796624407,3.0341945885714514,0.9662145275950235,0.003285450922491853,0.6130090055249756,0.6097235546024837,0.003285450922491853,0.6130090055249756,0.6097235546024837,0.019862131923839923,0.029933392499036884,0.010071260575196962,0.03285450959893334,0.6130290752925771,0.5801745656936438,8.043456651369013,8.043457688212536,8.043455948629791,0.08160881966430797,0.05744023109050168,1,none,1.0705813986852584,1.1465127561269544,1.0705813986852584,4.637108629206584,4.550815091693097,0.49449467235065586,0.4705009441668862,1065,1.0705813986852584,0.0,1.0,0.0,,0,False,0,False,0.0009448584092156514,-0.0010453168600961858,,0.0009448584092156514,-0.0010453168600961858,,0.61050686157541,0,False,False,False,False,False,0.0020870112071640907,2972,1550,0
386,True,386,386,1,0.3160000000000002,0.001,0.001,0,0,0,False,False,,,none,1.0,1.4287836475463895,1.3475210139709217,0.9993829463848833,0.022698006391037005,0.6196576379923511,True,2,1,4,1,True,2,,,2,2,2,602,,,,,,,,,7,0.8,2.4270846351025515e-07,5.619911864572633e-08,1.9914169429404123e-06,1.3308047238619648e-06,2.408079814474496e-06,False,0.008265156487048508,0.0,0.008265156487048508,0.8984420549727963,0.8984420549727963,-0.9866597550394648,1.0274950545862256,3.140290796624407,3.0335264885076394,0.9660017765770189,0.003302655284427769,0.6196576379923511,0.6163549827079233,0.003302655284427769,0.6196576379923511,0.6163549827079233,0.01986252472706887,0.02993329877519732,0.01007077404812845,0.033026553239763085,0.619677480346423,0.5866509271066599,8.068855036420006,8.068856053880175,8.068854312534727,0.08189937517971581,0.05899128645466199,1,none,1.0732660348899097,1.149742369449314,1.0732660348899097,4.587247239890665,4.498606173615218,0.5012776985077951,0.47715492019938266,1068,1.0732660348899097,0.0,1.0,0.0,,0,False,0,False,0.0001397528496429119,-0.0011173554384433463,,0.0001397528496429119,-0.0011173554384433463,,0.6117322714346836,0,False,False,False,False,False,0.0008083220390569676,2972,1550,0
387,True,387,387,1,0.3170000000000002,0.001,0.001,0,0,0,False,False,,,none,1.0,1.4362413759764876,1.3543314709282492,0.9993849028099965,0.022777778989262424,0.626346545209569,True,2,1,4,1,True,2,,,2,2,2,540,,,,,,,,,7,0.8,2.4440706813789676e-07,5.680314266556907e-08,2.009494613386857e-06,1.3343511825037316e-06,2.4251851664259266e-06,False,0.008309434906261293,0.0,0.008309434906261293,0.8984692598510258,0.8984692598510258,-0.9866399313758811,1.0274167693693765,3.140290796624407,3.032847732204107,0.9657856321663605,0.003320062195099863,0.626346545209569,0.6230264830144692,0.003320062195099863,0.626346545209569,0.6230264830144692,0.01986291615315312,0.029933199656879406,0.010070283503726286,0.033200622346074085,0.6263661391244615,0.5931655167783874,8.09439300382822,8.094394001105197,8.094392258039871,0.08219865682806707,0.0605821901711874,1,none,1.0812365655926244,1.158354671875863,1.0812365655926244,4.587247239890668,4.496915733037039,0.5050325876498739,0.48087917576449674,1076,1.0812365655926244,0.0,1.0,0.0,,0,False,0,False,0.0020151944638298405,-0.00029477522727502643,,0.0020151944638298405,-0.00029477522727502643,,0.6161809466926803,0,False,False,False,False,False,0.002047906114066216,2972,1550,0
388,True,388,388,1,0.3180000000000002,0.001,0.001,0,0,0,False,False,,,none,1.0,1.4437527001460742,1.3611851719646815,0.9993872339632324,0.02285629797404866,0.6330747279146068,True,2,1,4,1,True,2,,,2,2,2,563,,,,,,,,,7,0.8,2.461554060676318e-07,5.742063663090543e-08,2.0276388019439254e-06,1.3376562772777053e-06,2.4422393496003757e-06,False,0.008338804702363423,0.0,0.008338804702363423,0.8984909311368967,0.8984909311368967,-0.9866189491811779,1.0273387715488205,3.140290796624407,3.0321581260730492,0.9655660327165901,0.003337673570413595,0.6330747279146068,0.6297370543441932,0.003337673570413595,0.6330747279146068,0.6297370543441932,0.0198633061422559,0.02993309474590589,0.01006978860364999,0.033376736071190544,0.6333808740583355,0.600004137987145,8.120068367629512,8.120069343899141,8.120067599159164,0.08250697087952934,0.06221382849595383,1,none,1.0860200344693585,1.1637373606769044,1.0860200344693585,4.6371086380795425,4.546990831970808,0.501923699229469,0.4776873649418129,1081,1.0860200344693585,0.0,1.0,0.0,,0,False,0,False,0.0011240356933038024,-0.0012366910843532985,,0.0011240356933038024,-0.0012366910843532985,,0.6161249931696432,0,False,False,False,False,False,0.001296676303516408,2972,1550,0
389,True,389,389,1,0.31900000000000023,0.001,0.001,0,0,0,False,False,,,none,1.0,1.451317368734557,1.3680816769742754,0.9993899371451145,0.02293840451870591,0.6398411276843482,True,2,1,4,1,True,2,,,2,2,2,562,,,,,,,,,7,0.8,2.479452610896139e-07,5.805174667322232e-08,2.0458482317090184e-06,1.3407131295773978e-06,2.4592384066610434e-06,False,0.008352501816259295,0.0,0.008352501816259295,0.8985069714925917,0.8985069714925917,-0.9865967249785333,1.0272610762520569,3.140290796624407,3.0314574726216352,0.965342915337726,0.0033554913112223425,0.6398411276843482,0.6364856363731258,0.0033554913112223425,0.6398411276843482,0.6364856363731258,0.019863694618739713,0.029932983624892665,0.010069289006152952,0.03355491341720553,0.6412253693421383,0.6076704559249327,8.145878838120725,8.145879792544127,8.145878046177634,0.08282463519695514,0.06388709892011352,1,none,1.0918552222314426,1.1701965874968159,1.0918552222314426,4.736831405031832,4.647912119961599,0.49408411971502375,0.4698261043027051,1087,1.0918552222314426,0.0,1.0,0.0,,0,False,0,False,0.003790305649156622,-0.0013676368715206725,,0.003790305649156622,-0.0013676368715206725,,0.6178723242685477,0,False,False,False,False,False,0.0026694835224552855,2972,1550,0
390,True,390,390,1,0.32000000000000023,0.001,0.001,0,0,0,False,False,,,none,1.0,1.458935111162042,1.3750205233585469,0.9993930076816362,0.023046203368466293,0.6466446247647797,True,2,1,4,1,True,2,,,2,2,2,682,,,,,,,,,7,0.8,2.4977044649683895e-07,5.869684856112193e-08,2.064121713820519e-06,1.3435152590344079e-06,2.476178971055583e-06,False,0.008349819652874457,0.0,0.008349819652874457,0.8985172765160646,0.8985172765160646,-0.9865731713978132,1.027183698398772,3.140290796624407,3.030745571203297,0.9651162161355046,0.003373517397636657,0.6466446247647797,0.643271107367143,0.003373517397636657,0.6466446247647797,0.643271107367143,0.01986408150800614,0.029932865856989066,0.010068784348982927,0.03373517418555015,0.6488718647873697,0.6151366906018195,8.17182202064411,8.171822952376644,8.171821204434682,0.08315197447628031,0.0656029095702585,1,none,1.1029715839312966,1.1820385030200737,1.1029715839312966,4.6869700439086746,4.597186348649593,0.5043934533169403,0.4798463670089382,1098,1.1029715839312966,0.0,1.0,0.0,,0,False,0,False,0.003418462926308776,-0.0008532739837077367,,0.003418462926308776,-0.0008532739837077367,,0.6207243909446759,0,False,False,False,False,False,0.0006346937772612576,2972,1550,0
391,True,391,391,1,0.32100000000000023,0.001,0.001,0,0,0,False,False,,,none,1.0,1.466605637267305,1.382001224494106,0.9993964370131734,0.023164268448951173,0.6534840361815649,True,2,1,4,1,True,2,,,2,2,2,647,,,,,,,,,7,0.8,2.5161511900606735e-07,5.9354163596788987e-08,2.0824578992007733e-06,1.3460551990027388e-06,2.4930560734878614e-06,False,0.00833011968889219,0.0,0.00833011968889219,0.8985217427988769,0.8985217427988769,-0.9865481970470656,1.0271066435966227,3.140290796624407,3.0300222171733653,0.9648858699424994,0.003391753793491792,0.6534840361815649,0.6500922823880732,0.003391753793491792,0.6534840361815649,0.6500922823880732,0.01986446678201689,0.02993274098523533,0.01006827420321844,0.0339175380359031,0.6569082105236564,0.6229906724877533,8.197895412022005,8.197896320222585,8.197894570758761,0.08348930352818248,0.06736217823024135,1,none,1.1098397437447272,1.1895742676433043,1.1098397437447272,4.7368314273848195,4.648800994067755,0.5022658229997694,0.47747354432292205,1105,1.1098397437447272,0.0,1.0,0.0,,0,False,0,False,0.0015515954949620735,-0.0016435394327368807,,0.0015515954949620735,-0.0016435394327368807,,0.6230518860062713,0,False,False,False,False,False,0.0020272428286103937,2972,1550,0
392,True,392,392,1,0.32200000000000023,0.001,0.001,0,0,0,False,False,,,none,1.0,1.4743286369684023,1.3890232696262537,0.9994002212739935,0.02328117332795263,0.660358114599069,True,2,1,4,1,True,2,,,2,2,2,700,,,,,,,,,7,0.8,2.5346973471815884e-07,6.002340005919465e-08,2.1008556070428824e-06,1.348326567808293e-06,2.5098662374863664e-06,False,0.008353512657116036,0.0,0.008353512657116036,0.8985202732947681,0.8985202732947681,-0.9865217059260193,1.0270299241017065,3.140290796624407,3.029287201425294,0.9646518101704357,0.0034102023960578486,0.660358114599069,0.6569479122030112,0.0034102023960578486,0.660358114599069,0.6569479122030112,0.01986485037949147,0.029932608529630093,0.010067758150138623,0.03410202395577087,0.6650880857339357,0.6309860617781649,8.22409639936545,8.224097283203106,8.224095532274115,0.08383693576204192,0.06916583209699921,1,none,1.1124666452295624,1.1928038810532602,1.1124666452295624,4.7866928108609645,4.6995724489722095,0.4983833006149041,0.4734331292085336,1108,1.1124666452295624,0.0,1.0,0.0,,0,False,0,False,0.0015195364156321157,-0.000999425666101566,,0.0015195364156321157,-0.000999425666101566,,0.6235935331901606,0,False,False,False,False,False,0.0006449111015765018,2972,1550,0
393,True,393,393,1,0.32300000000000023,0.001,0.001,0,0,0,False,False,,,none,1.0,1.4821037799389636,1.3960861240529105,0.9994043547747318,0.023396871801805292,0.6672655449588144,True,2,1,4,1,True,2,,,2,2,2,687,,,,,,,,,7,0.8,2.5532383768962763e-07,6.070300991763593e-08,2.1193136036376863e-06,1.3503223116851274e-06,2.526605551625351e-06,False,0.008398237892727367,0.0,0.008398237892727367,0.8985127675076605,0.8985127675076605,-0.9864935977881255,1.0269535532864194,3.140290796624407,3.028540311155381,0.9644139690537099,0.0034288651435508033,0.6672655449588144,0.6638366798152636,0.0034288651435508033,0.6672655449588144,0.6638366798152636,0.0198652322335679,0.029932467988940628,0.010067235755372727,0.034288651321670076,0.673058855413247,0.6387702040915769,8.25042225888164,8.250423117541102,8.250421365206714,0.08419517225867938,0.07101480682652478,1,none,1.119311576211976,1.2003396456764905,1.119311576211976,5.035999728241695,4.95637670623426,0.47670361812969586,0.4516652557115268,1115,1.119311576211976,0.0,1.0,0.0,,0,False,0,False,0.0005722421415691765,0.0002648474250004428,,0.0005722421415691765,0.0002648474250004428,,0.6257667186409066,0,False,False,False,False,False,0.0015797952052582825,2972,1550,0
394,True,394,394,1,0.32400000000000023,0.001,0.001,0,0,0,False,False,,,none,1.0,1.4899307152903827,1.4031892286686314,0.9994088305140566,0.023511328856396632,0.6742049436258211,True,2,1,4,1,True,2,,,2,2,2,636,,,,,,,,,7,0.8,2.571688644800078e-07,6.139170146264681e-08,2.1378306377485744e-06,1.3520359022848126e-06,2.5432706664116584e-06,False,0.008427151011570377,0.0,0.008427151011570377,0.8984991211639916,0.8984991211639916,-0.9864637677121971,1.0268775448390703,3.140290796624407,3.027781329805483,0.9641722776311468,0.0034477440172190014,0.6742049436258211,0.670757199608602,0.0034477440172190014,0.6742049436258211,0.670757199608602,0.01986561227580465,0.029932318838560984,0.010066706562756333,0.03447743994489727,0.6812641544437485,0.6467867144988513,8.276870154177551,8.276870986860791,8.276869233183607,0.08456430007607149,0.07291004588485675,1,none,1.126146373178246,1.2078754102973916,1.126146373178246,5.185583878558037,5.111241435866327,0.46585898081481514,0.44065473615701756,1122,1.126146373178246,0.0,1.0,0.0,,0,False,0,False,-0.0005356211124532041,-0.0003769315202638876,,-0.0005356211124532041,-0.0003769315202638876,,0.6273710722547131,0,False,False,False,False,False,0.0012803285532228257,2972,1550,0
395,True,395,395,1,0.32500000000000023,0.001,0.001,0,0,0,False,False,,,none,1.0,1.4978090712552798,1.4103319995431844,0.9994136398647121,0.023624525665231207,0.6811748559084372,True,2,1,4,1,True,2,,,2,2,2,568,,,,,,,,,7,0.8,2.589986298567179e-07,6.208826978161877e-08,2.156405436230852e-06,1.3534610588933297e-06,2.559858684939221e-06,False,0.008439478479912499,0.0,0.008439478479912499,0.8984792284489485,0.8984792284489485,-0.9864321060740603,1.0268019144777172,3.140290796624407,3.0270100368046307,0.9639266656637197,0.0034668410163119835,0.6811748559084372,0.6777080148921252,0.0034668410163119835,0.6811748559084372,0.6777080148921252,0.01986599042761142,0.029932160530370303,0.010066170102758884,0.03466840983477137,0.6900569093038744,0.655388499469103,8.303437134616269,8.30343794054138,8.303436185587081,0.08494459179370478,0.07485249978702663,1,none,1.1308674414182773,1.2132580993139848,1.1308674414182773,5.135722495081891,5.058017147758285,0.4724780595041239,0.4471584055105381,1127,1.1308674414182773,0.0,1.0,0.0,,0,False,0,False,-0.0012052313710204398,0.0005292325414030719,,-0.0012052313710204398,0.0005292325414030719,,0.6272257328020244,0,False,False,False,False,False,0.0011267258783906765,2972,1550,0
396,True,396,396,1,0.32600000000000023,0.001,0.001,0,0,0,False,False,,,none,1.0,1.5057384548886226,1.4175138276573733,0.9994187727638194,0.023736454511772042,0.6881737547358318,True,2,1,4,1,True,2,,,2,2,2,727,,,,,,,,,7,0.8,2.60811501986322e-07,6.279142491350412e-08,2.175036683700972e-06,1.3545915565990573e-06,2.576367260944256e-06,False,0.008434516103452805,0.0,0.008434516103452805,0.8984529774177825,0.8984529774177825,-0.9863984985051001,1.0267266741955505,3.140290796624407,3.0262262080038917,0.9636770617730285,0.0034861582084535,0.6881737547358318,0.6846875965273782,0.0034861582084535,0.6881737547358318,0.6846875965273782,0.019866366629022247,0.0299319924925255,0.010065625863503253,0.03486158167214527,0.698636092548949,0.6637745108768037,8.330120133983113,8.330120912379083,8.330119156216123,0.08533630323575196,0.07684312507170517,1,none,1.139806986381286,1.2229469395438524,1.139806986381286,5.08586111160574,5.005512875522444,0.48092030541421366,0.455420659071752,1136,1.139806986381286,0.0,1.0,0.0,,0,False,0,False,-0.0024065886469776115,0.0016440073029577013,,-0.0024065886469776115,0.0016440073029577013,,0.6319276016412467,0,False,False,False,False,False,0.0016388966024415382,2972,1550,0
397,True,397,397,1,0.32700000000000023,0.001,0.001,0,0,0,False,False,,,none,1.0,1.5137184517827986,1.4247340777533415,0.9994242202503408,0.023847125023680246,0.6952000385316673,True,2,1,4,1,True,2,,,2,2,2,536,,,,,,,,,7,0.8,2.626064806902034e-07,6.349957103918176e-08,2.193722938992963e-06,1.355421170912497e-06,2.592794099585307e-06,False,0.008411640593357084,0.0,0.008411640593357084,0.8984202555861353,0.8984202555861353,-0.9863628253979175,1.0266518271375022,3.140290796624407,3.0254296151290263,0.963423393267003,0.003505697665727653,0.6952000385316673,0.6916943408659397,0.003505697665727653,0.6952000385316673,0.6916943408659397,0.01986674086431249,0.029931814126989587,0.010065073262677096,0.03505697616711354,0.707088685700086,0.6720317095329724,8.356915968073208,8.35691671817105,8.356914960870938,0.08573967128013915,0.07888288318567771,1,none,1.1444968652604866,1.228329624898083,1.1444968652604866,5.135722245251275,5.057625084763027,0.4783473740363795,0.45258272255430004,1141,1.1444968652604866,0.0,1.0,0.0,,0,False,0,False,-0.0017038542862110343,0.0008683921870311213,,-0.0017038542862110343,0.0008683921870311213,,0.6334440439267918,0,False,False,False,False,False,0.0010466204612254685,2972,1550,0
398,True,398,398,1,0.32800000000000024,0.001,0.001,0,0,0,False,False,,,none,1.0,1.521748625760837,1.431992087862401,0.9994299700126185,0.023969688981005925,0.7022520288220828,True,2,1,4,1,True,2,,,2,2,2,568,,,,,,,,,7,0.8,2.643866075384501e-07,6.421193906550815e-08,2.2124627894879808e-06,1.3559441839317581e-06,2.6091377265624637e-06,False,0.008425345963280317,0.0,0.008425345963280317,0.8983809590915791,0.8983809590915791,-0.9863249618847552,1.0265773841431525,3.140290796624407,3.0246200246624664,0.9631655857838775,0.0035254613689325643,0.7022520288220828,0.6987265674531502,0.0035254613689325643,0.7022520288220828,0.6987265674531502,0.019867113079284238,0.029931624809423775,0.010064511730139537,0.03525461311709271,0.7156737628653017,0.680419149748209,8.383821333393138,8.383822054414168,8.383820296051377,0.08615492985198507,0.08097273995126911,1,none,1.153411650594697,1.2380184620625552,1.153411650594697,5.185583414507776,5.107550628605235,0.4774847353140379,0.4516496201270821,1150,1.153411650594697,0.0,1.0,0.0,,0,False,0,False,-0.0002610186549947985,0.001870448829303285,,-0.0002610186549947985,0.001870448829303285,,0.6346431298567707,0,False,False,False,False,False,0.0017566707639819468,2972,1550,0
399,True,399,399,1,0.32900000000000024,0.001,0.001,0,0,0,False,False,,,none,1.0,1.5298285185989613,1.439287170197824,0.9994360103042702,0.024099024562992847,0.7093279682314052,True,2,1,4,1,True,2,,,2,2,2,796,,,,,,,,,7,0.8,2.661639012818588e-07,6.492855107088681e-08,2.2312548610360453e-06,1.3561555527704522e-06,2.6253980797770187e-06,False,0.008441356278883427,0.0,0.008441356278883427,0.8983349748558884,0.8983349748558884,-0.9862847779650881,1.0265033569696171,3.140290796624407,3.0237971995453097,0.9629035638341774,0.003545451401433016,0.7093279682314052,0.7057825168299722,0.003545451401433016,0.7093279682314052,0.7057825168299722,0.019867483215151915,0.029931423889825438,0.010063940674673522,0.0354545133735116,0.7240163115642346,0.688561798190723,8.41083280753398,8.410833498675647,8.41083173932739,0.08658230976667504,0.08311366461377546,1,none,1.1633789764769245,1.2487838373437894,1.1633789764769245,5.085860457418474,5.0020395477722515,0.4910806530376801,0.465161846629164,1160,1.1633789764769245,0.0,1.0,0.0,,0,False,0,False,-0.0020601091242366805,0.001549540050595811,,-0.0020601091242366805,0.001549540050595811,,0.6369775030607361,0,False,False,False,False,False,0.001827487061723967,2972,1550,0
400,True,400,400,1,0.33000000000000024,0.001,0.001,0,0,0,False,False,,,none,1.0,1.5379576497554979,1.4466186099886018,0.9994423298445383,0.02422711281033774,0.7164260192868804,True,2,1,4,1,True,2,,,2,2,2,642,,,,,,,,,7,0.8,2.6794829549031426e-07,6.564917150703716e-08,2.2500976636369272e-06,1.3560500807098748e-06,2.641574799257697e-06,False,0.00843972810896959,0.0,0.00843972810896959,0.8982821902552195,0.8982821902552195,-0.9862421380071361,1.02642975596937,3.140290796624407,3.0229608982421308,0.9626372505029159,0.00356566984421291,0.7164260192868804,0.7128603494426675,0.00356566984421291,0.7164260192868804,0.7128603494426675,0.01986785122015315,0.02993121069003568,0.01006335946988253,0.03565669775226479,0.7324535493143293,0.6967968515620645,8.43794684707492,8.437947507495236,8.437945747241777,0.08702204223242435,0.0853066289002683,1,none,1.1701458160049687,1.2563195995131542,1.1701458160049687,5.235444438987461,5.157260411438817,0.47992853869580077,0.45378581752807445,1167,1.1701458160049687,0.0,1.0,0.0,,0,False,0,False,-0.0026097398999757196,0.00016398395247840887,,-0.0026097398999757196,0.00016398395247840887,,0.638539244473746,0,False,False,False,False,False,0.0014905903832608805,2972,1550,0
401,True,401,401,1,0.33100000000000024,0.001,0.001,0,0,0,False,False,,,none,1.0,1.5461355160974621,1.4539856654447108,0.9994489164766818,0.024353936914495826,0.7235442621135179,True,2,1,4,1,True,2,,,2,2,2,636,,,,,,,,,7,0.8,2.697544958970481e-07,6.63747349637583e-08,2.2689897915704713e-06,1.35562338484908e-06,2.6576686266912334e-06,False,0.008419829490149022,0.0,0.008419829490149022,0.8982224934734688,0.8982224934734688,-0.986196900515798,1.026356596703986,3.140290796624407,3.022110874616771,0.9623665674100401,0.0035861187740142565,0.7235442621135179,0.7199581433395036,0.0035861187740142565,0.7235442621135179,0.7199581433395036,0.01986821701648007,0.029930984502578986,0.010062767486098915,0.03586118702082387,0.7421864942864405,0.7063253072656166,8.465159787234654,8.465160416036323,8.465158654960865,0.08747437412932792,0.08755260623667006,1,none,1.175857987267303,1.2627788263330657,1.175857987267303,5.235444438987458,5.155393359977905,0.482396037642714,0.45616615655195797,1173,1.175857987267303,0.0,1.0,0.0,,0,False,0,False,-0.0011887477438723745,0.0012955444874864093,,-0.0011887477438723745,0.0012955444874864093,,0.6400107519322518,0,False,False,False,False,False,0.0018164933118772625,2972,1550,0
402,True,402,402,1,0.33200000000000024,0.001,0.001,0,0,0,False,False,,,none,1.0,1.55436159165526,1.4613875679524198,0.9994557539756664,0.024479492264838684,0.7306806927458174,True,2,1,4,1,True,2,,,2,2,2,740,,,,,,,,,7,0.8,2.716001632342993e-07,6.710650389599356e-08,2.287929875988532e-06,1.3548714270651393e-06,2.673680914554403e-06,False,0.008472091268414916,0.0,0.008472091268414916,0.8981557635128278,0.8981557635128278,-0.9861489186260589,1.0262838923349793,3.140290796624407,3.0212468788994338,0.9620914350183947,0.003606800371595588,0.7306806927458174,0.7270738923742218,0.003606800371595588,0.7306806927458174,0.7270738923742218,0.019868580538325104,0.02993074459313029,0.010062164054805187,0.03606800297736499,0.7517940632660157,0.7157260602886507,8.492467841824894,8.492468438040264,8.49246667622913,0.0879395705132016,0.08985257065831134,1,none,1.184719563562061,1.2724676637924377,1.184719563562061,5.285305630264375,5.207672558262016,0.4815114783546729,0.4549900364539985,1182,1.184719563562061,0.0,1.0,0.0,,0,False,0,False,-0.0006301621701662929,-0.00018420164680744657,,-0.0006301621701662929,-0.00018420164680744657,,0.6426090619518263,0,False,False,False,False,False,0.0015816657248325773,2972,1550,0
403,True,403,403,1,0.33300000000000024,0.001,0.001,0,0,0,False,False,,,none,1.0,1.5626353273774045,1.468823520946199,0.9994628273754631,0.024603788841916843,0.7378332212395986,True,2,1,4,1,True,2,,,2,2,2,707,,,,,,,,,7,0.8,2.734989874111303e-07,6.784570129514566e-08,2.306916527852018e-06,1.3537901388909477e-06,2.6896126750769012e-06,False,0.008514838968797622,0.0,0.008514838968797622,0.8980818813963276,0.8980818813963276,-0.986098039115248,1.0262116567061421,3.140290796624407,3.0203686565205374,0.9618117722623721,0.0036277167966821473,0.7378332212395986,0.7342055044429164,0.0036277167966821473,0.7378332212395986,0.7342055044429164,0.019868941716469288,0.029930490195576243,0.010061548479106956,0.03627716722700662,0.7611938837012852,0.7249167164742786,8.519867101634132,8.519867664213184,8.519865901755926,0.08841792106892998,0.09220749569913803,1,none,1.1893468652922072,1.27785035280823,1.1893468652922072,5.4348897807277,5.359865174730881,0.4702396568701465,0.44379730702906134,1187,1.1893468652922072,0.0,1.0,0.0,,0,False,0,False,2.1474227138305595e-06,-0.0005282927065279801,,2.1474227138305595e-06,-0.0005282927065279801,,0.6425571826990701,0,False,False,False,False,False,0.0007198708763575779,2972,1550,0
404,True,404,404,1,0.33400000000000024,0.001,0.001,0,0,0,False,False,,,none,1.0,1.5709561509027554,1.4762927001158268,0.9994701200720798,0.0247268520574643,0.7449996691724414,True,2,1,4,1,True,2,,,2,2,2,735,,,,,,,,,7,0.8,2.7546786664624824e-07,6.85945086878735e-08,2.325948547405128e-06,1.3523763741848872e-06,2.7054659958695197e-06,False,0.008558275817916738,0.0,0.008558275817916738,0.8980007238603237,0.8980007238603237,-0.9860441026530143,1.0261399031688798,3.140290796624407,3.019475948732402,0.9615274967458833,0.003648870259618382,0.7449996691724414,0.7413507989128231,0.003648870259618382,0.7449996691724414,0.7413507989128231,0.019869300484155604,0.02993022051326507,0.010060920029109466,0.03648870187815718,0.7703332541467914,0.7338445522686342,8.547353534786497,8.547354062587635,8.547352299577035,0.08890974700427932,0.09461835320491348,1,none,1.202424200520339,1.2918453434453487,1.202424200520339,5.484751107556475,5.408061846884708,0.47106799127695764,0.44467842068521846,1200,1.202424200520339,0.0,1.0,0.0,,0,False,0,False,-0.00013599280916654384,0.0012817087849410914,,-0.00013599280916654384,0.0012817087849410914,,0.6460144220874058,0,False,False,False,False,False,0.0018152653036909582,2972,1550,0
405,True,405,405,1,0.33500000000000024,0.001,0.001,0,0,0,False,False,,,none,1.0,1.5793234663435385,1.4837942527399743,0.9994776163146476,0.024848720621123747,0.7521777684357978,True,2,1,4,1,True,2,,,2,2,2,745,,,,,,,,,7,0.8,2.7751734507118636e-07,6.93547617209273e-08,2.3450247810102173e-06,1.3506269724554221e-06,2.7212424372085713e-06,False,0.008600145750354227,0.0,0.008600145750354227,0.8979121675903383,0.8979121675903383,-0.9859869435814131,1.0260686447464409,3.140290796624407,3.0185684921307727,0.961238524589991,0.0036702629750116436,0.7521777684357978,0.7485075054607861,0.0036702629750116436,0.7521777684357978,0.7485075054607861,0.019869656776267793,0.029929934717907062,0.01006027794163927,0.0367026290673642,0.7792015245128513,0.7424988954454871,8.574922986028623,8.57492347781471,8.574921714347212,0.08941540227849987,0.09708611200843577,1,none,1.211269034597811,1.3015341771575082,1.211269034597811,5.135721872766918,5.045739469868905,0.5068553980927688,0.4801155675321783,1209,1.211269034597811,0.0,1.0,0.0,,0,False,0,False,-0.0011851718385176484,0.000433135286766415,,-0.0011851718385176484,0.000433135286766415,,0.646428985943278,0,False,False,False,False,False,0.001349390090905715,2972,1550,0
406,True,406,406,1,0.33600000000000024,0.001,0.001,0,0,0,False,False,,,none,1.0,1.5877366540840656,1.4913272975912524,0.9994852989713473,0.024969446655193215,0.7593651600182819,True,2,1,4,1,True,2,,,2,2,2,719,,,,,,,,,7,0.8,2.796577634715395e-07,7.012839678737235e-08,2.3641442597542114e-06,1.3485392034970026e-06,2.736944011302202e-06,False,0.008624626394401702,0.0,0.008624626394401702,0.8978160881400097,0.8978160881400097,-0.9859263897661139,1.0259978940350047,3.140290796624407,3.0176460188555643,0.960944770496835,0.003691897173080991,0.7593651600182819,0.755673262845201,0.003691897173080991,0.7593651600182819,0.755673262845201,0.019870010529824976,0.029929631948830568,0.010059621419005592,0.03691897108602112,0.7877899734848346,0.7508710023988134,8.602571177063133,8.602571631502267,8.60256986767807,0.08993527579751344,0.09961173650858708,1,none,1.216918836084787,1.3079934009617118,1.216918836084787,5.035999296483907,4.941784863368903,0.5194573406215295,0.49250174571751454,1215,1.216918836084787,0.0,1.0,0.0,,0,False,0,False,0.00029148687776884126,-0.0011792613337692302,,0.00029148687776884126,-0.0011792613337692302,,0.6490421791062957,0,False,False,False,False,False,0.0021863997407381,2972,1550,0
407,True,407,407,1,0.33700000000000024,0.001,0.001,0,0,0,False,False,,,none,1.0,1.5961950705868007,1.4988909244573128,0.9994931489738991,0.025089095862550474,0.7665593914161111,True,2,1,4,1,True,2,,,2,2,2,519,,,,,,,,,7,0.8,2.818918610759993e-07,7.091739419079136e-08,2.383306142777914e-06,1.3461109094480709e-06,2.7525724420762756e-06,False,0.008630996997679052,0.0,0.008630996997679052,0.8977123627645409,0.8977123627645409,-0.9858622623869233,1.02592766547124,3.140290796624407,3.0167082561310687,0.9606461476032153,0.003713775068536885,0.7665593914161111,0.7628456163475742,0.003713775068536885,0.7665593914161111,0.7628456163475742,0.019870361672643805,0.029929311311934617,0.010058949639290812,0.037137750078832035,0.7979346438419332,0.7607968937631012,8.630293706517946,8.630294122190463,8.630292358113612,0.0904697914277877,0.10219618505613685,1,none,1.2193852666746903,1.3112230143716679,1.2193852666746903,4.986137913007761,4.888644047064312,0.5259473513361791,0.4988644110454086,1218,1.2193852666746903,0.0,1.0,0.0,,0,False,0,False,0.0015231757282437959,-0.0006249241466497762,,0.0015231757282437959,-0.0006249241466497762,,0.650488456119071,0,False,False,False,False,False,0.0013506839531910579,2972,1550,0
408,True,408,408,1,0.33800000000000024,0.001,0.001,0,0,0,False,False,,,none,1.0,1.6046980482193753,1.5064841943648126,0.9995011479968408,0.025209870144059753,0.7737579155799053,True,2,1,4,1,True,2,,,2,2,2,685,,,,,,,,,7,0.8,2.8422218969161605e-07,7.172322675153497e-08,2.4025098240853275e-06,1.3433402429940927e-06,2.7681298628573565e-06,False,0.008618633275488674,0.0,0.008618633275488674,0.8976008647324444,0.8976008647324444,-0.9857943759284332,1.0258579740078444,3.140290796624407,3.015754926856887,0.9603425676687689,0.003735898923918531,0.7737579155799053,0.7700220166559867,0.003735898923918531,0.7737579155799053,0.7700220166559867,0.019870710129960778,0.029928971879642163,0.010058261749681385,0.037358988664325826,0.808161286581811,0.7708022979174851,8.65808605114816,8.658086426557679,8.658084662336293,0.09101940625151772,0.10484040833489502,1,none,1.2281839625202735,1.3209118508701803,1.2281839625202735,4.936276650199835,4.8330316443874946,0.5351855029505714,0.5082457773462086,1227,1.2281839625202735,0.0,1.0,0.0,,0,False,0,False,0.0022414713269410186,-0.000462144690180682,,0.0022414713269410186,-0.000462144690180682,,0.6521317107168396,0,False,False,False,False,False,0.0007365091435658999,2972,1550,0
409,True,409,409,1,0.33900000000000025,0.001,0.001,0,0,0,False,False,,,none,1.0,1.613244895110697,1.5141061387327681,0.9995092754539552,0.025355715500301777,0.7809580886897833,True,2,1,4,1,True,2,,,2,2,2,703,,,,,,,,,7,0.8,2.8664379407215485e-07,7.25472028601722e-08,2.4217547854913228e-06,1.3402261814710495e-06,2.783618188594389e-06,False,0.008636598160199793,0.0,0.008636598160199793,0.8974814663579609,0.8974814663579609,-0.9857225379241537,1.0257888285302235,3.140290796624407,3.0147857493344623,0.9600339409888874,0.003758271011437353,0.7809580886897833,0.777199817678346,0.003758271011437353,0.7809580886897833,0.777199817678346,0.01987105585734888,0.029928612689620767,0.010057556832271886,0.03758270957083053,0.8181065643304416,0.7805238547596111,8.68594356578647,8.685943899376113,8.685942135123124,0.09158459657904854,0.10754534710769316,1,none,1.235903388609008,1.3295241518993528,1.235903388609008,5.035999517900261,4.934159561496915,0.5280080536837273,0.5009580145130379,1235,1.235903388609008,0.0,1.0,0.0,,0,False,0,False,0.0010041417350559409,-0.0003304052358314123,,0.0010041417350559409,-0.0003304052358314123,,0.6561279840341937,0,False,False,False,False,False,0.001244323029918974,2972,1550,0
410,True,410,410,1,0.34000000000000025,0.001,0.001,0,0,0,False,False,,,none,1.0,1.6218348950049049,1.5217557587530062,0.9995175099106159,0.025500569212054333,0.7881571690579254,True,2,1,4,1,True,2,,,2,2,2,638,,,,,,,,,7,0.8,2.891444614145126e-07,7.338877389442107e-08,2.4410405731889185e-06,1.3367667151607875e-06,2.7990381852373256e-06,False,0.008693357836766724,0.0,0.008693357836766724,0.8973540463384642,0.8973540463384642,-0.9856465487503986,1.0257202400563492,3.140290796624407,3.0138004363812203,0.9597201761126214,0.003780893536176804,0.7881571690579254,0.7843762755217486,0.003780893536176804,0.7881571690579254,0.7843762755217486,0.019871398799718255,0.02992823274375199,0.010056833944033734,0.03780893486214316,0.8281286834741417,0.7903197486119985,8.713861483983544,8.71386177415529,8.713860009987714,0.09216585944631998,0.11031193010718086,1,none,1.2414898323427428,1.3359833787192645,1.2414898323427428,5.135722284852556,5.037752384606658,0.5202708809468345,0.4928744954342082,1241,1.2414898323427428,0.0,1.0,0.0,,0,False,0,False,0.0003634189526663989,-0.0002191351086901394,,0.0003634189526663989,-0.0002191351086901394,,0.6578684298730673,0,False,False,False,False,False,0.000650312790176413,2972,1550,0
411,True,411,411,1,0.34100000000000025,0.001,0.001,0,0,0,False,False,,,none,1.0,1.6304673071231899,1.529432026114796,0.999525831928231,0.02564444556375237,0.7953523170130822,True,2,1,4,1,True,2,,,2,2,2,601,,,,,,,,,7,0.8,2.9171674000713705e-07,7.424907123463477e-08,2.46036710017496e-06,1.3329627173920614e-06,2.814392910480015e-06,False,0.00873279522260928,0.0,0.00873279522260928,0.8972184830768684,0.8972184830768684,-0.9855662014830788,1.0256522281214595,3.140290796624407,3.012798695861875,0.9594011800118711,0.0038037687148900806,0.7953523170130822,0.7915485482981921,0.0038037687148900806,0.7953523170130822,0.7915485482981921,0.019871738859392703,0.029927831007415393,0.01005609214802269,0.038037686711987914,0.8388319919205584,0.8007943052085704,8.741834920543527,8.741835165677976,8.74183340171787,0.09276371235004861,0.11314107213172286,1,none,1.2491901873396425,1.3445956811998228,1.2491901873396425,4.936276754281864,4.829647213354635,0.5447813192538214,0.5173008015514926,1249,1.2491901873396425,0.0,1.0,0.0,,0,False,0,False,0.0013054689053355552,-0.0009299372012933679,,0.0013054689053355552,-0.0009299372012933679,,0.6589012673688724,0,False,False,False,False,False,0.0011801261492624796,2972,1550,0
412,True,412,412,1,0.34200000000000025,0.001,0.001,0,0,0,False,False,,,none,1.0,1.6391413660618936,1.537133883170792,0.9995342227087334,0.025787371956349354,0.8025405913540997,True,2,1,4,1,True,2,,,2,2,2,683,,,,,,,,,7,0.8,2.9434641592056483e-07,7.512718261271737e-08,2.4797342142539244e-06,1.328814416108793e-06,2.829684334326479e-06,False,0.008754147608579177,0.0,0.008754147608579177,0.8970746495041498,0.8970746495041498,-0.9854812815565293,1.0255848129408378,3.140290796624407,3.0117802313726374,0.9590768582992666,0.003826898829222909,0.8025405913540997,0.7987136925248768,0.003826898829222909,0.8025405913540997,0.7987136925248768,0.01987207593529581,0.029927406407782645,0.010055330472486836,0.0382689879346903,0.8492661844159127,0.8109971964812224,8.769858873640493,8.76985907211789,8.769857308491986,0.09337867751907915,0.1160336716362182,1,none,1.2547545590177558,1.351054906025757,1.2547545590177558,4.936276891824005,4.828584976801769,0.5473983472294758,0.5197193650090206,1255,1.2547545590177558,0.0,1.0,0.0,,0,False,0,False,0.0010374325776145669,-0.00043289657022416525,,0.0010374325776145669,-0.00043289657022416525,,0.6608849257673118,0,False,False,False,False,False,0.0005647059959942201,2972,1550,0
413,True,413,413,1,0.34300000000000025,0.001,0.001,0,0,0,False,False,,,none,1.0,1.6478562817228206,1.5448602425406621,0.9995426654952198,0.025929394119590204,0.8097189498778036,True,2,1,4,1,True,2,,,2,2,2,754,,,,,,,,,7,0.8,2.970226956777479e-07,7.602236704333319e-08,2.4991418557668746e-06,1.3243236121152097e-06,2.8449156273763767e-06,False,0.008801597129735494,0.0,0.008801597129735494,0.8969224120578748,0.8969224120578748,-0.9853915672344787,1.0255180104998944,3.140290796624407,3.010744742429121,0.9587471152880049,0.003850286235570587,0.8097189498778036,0.805868663642233,0.003850286235570587,0.8097189498778036,0.805868663642233,0.019872409947500523,0.029926957836172396,0.010054547888671873,0.03850286207957819,0.8593898874538135,0.8208870253742353,8.79792822679484,8.79792837701198,8.797926613852397,0.09401127418136432,0.11899060802574278,1,none,1.2613389061127904,1.3585906706489874,1.2613389061127904,5.285306576157027,5.191153303914485,0.5141009896295649,0.4859571013484247,1262,1.2613389061127904,0.0,1.0,0.0,,0,False,0,False,-0.001167917576488632,3.12794216271913e-05,,-0.001167917576488632,3.12794216271913e-05,,0.6633694461777669,0,False,False,False,False,False,0.002253670040980754,2972,1550,0
414,True,414,414,1,0.34400000000000025,0.001,0.001,0,0,0,False,False,,,none,1.0,1.6566112392479813,1.5526099860010238,0.9995511406923528,0.02609745436421921,0.8168842488386682,True,2,1,4,1,True,2,,,2,2,2,684,,,,,,,,,7,0.8,2.9972752494075584e-07,7.693248297561757e-08,2.5185897709451967e-06,1.319491575125492e-06,2.8600887481476575e-06,False,0.008834668367144194,0.0,0.008834668367144194,0.8967616422377966,0.8967616422377966,-0.9852968289169927,1.0254518360066096,3.140290796624407,3.0096919230942207,0.9584118535549093,0.0038739332369102015,0.8168842488386682,0.813010315601758,0.0038739332369102015,0.8168842488386682,0.813010315601758,0.019872740819966952,0.029926484144584965,0.010053743324618013,0.03873933217061462,0.8698853131201564,0.8311459809495417,8.826037749969565,8.826037850353568,8.826036087797048,0.09466201392322686,0.12201273864520787,1,none,1.2700420922809732,1.3682795100374598,1.2700420922809732,5.434890728259461,5.342926631321276,0.5035168427298464,0.47541064286218687,1271,1.2700420922809732,0.0,1.0,0.0,,0,False,0,False,0.0016024950549550318,-0.0008820834341222536,,0.0016024950549550318,-0.0008820834341222536,,0.6647607820757232,0,False,False,False,False,False,0.002917090649041505,2972,1550,0
415,True,415,415,1,0.34500000000000025,0.001,0.001,0,0,0,False,False,,,none,1.0,1.6654053989749795,1.5603819652985662,0.9995596269613489,0.02627202870578571,0.8240332420390102,True,2,1,4,1,True,2,,,2,2,2,749,,,,,,,,,7,0.8,3.024549869592271e-07,7.78565536920742e-08,2.538077916427445e-06,1.3143224627969134e-06,2.8752084634263544e-06,False,0.008848956662027674,0.0,0.008848956662027674,0.8965922090623382,0.8965922090623382,-0.9851968291508848,1.025386307354027,3.140290796624407,3.0086214628100008,0.9580709742053374,0.003897842167875771,0.8240332420390102,0.8201353998711344,0.003897842167875771,0.8240332420390102,0.8201353998711344,0.01987306846322986,0.02992598414575442,0.01005291568252456,0.038978421557504146,0.8805327480779462,0.841554326520442,8.854182103649674,8.854182152664174,8.854180390853344,0.09533140308227257,0.12510089626551704,1,none,1.2776767649722909,1.37689181118759,1.2776767649722909,5.335167954839982,5.239338145393447,0.5161568756006997,0.48772449096291115,1279,1.2776767649722909,0.0,1.0,0.0,,0,False,0,False,0.002816533555727069,-0.0009032194895236305,,0.002816533555727069,-0.0009032194895236305,,0.6661877542919851,0,False,False,False,False,False,0.0012142224731056272,2972,1550,0
416,True,416,416,1,0.34600000000000025,0.001,0.001,0,0,0,False,False,,,none,1.0,1.6742378964257725,1.5681750018675245,0.9995681032728762,0.02644601357440236,0.8311625785208341,True,2,1,4,1,True,2,,,2,2,2,678,,,,,,,,,7,0.8,3.0519560573268075e-07,7.879265232545541e-08,2.5576059653572245e-06,1.3088204956617021e-06,2.890278879920417e-06,False,0.00884384070239319,0.0,0.00884384070239319,0.8964139792160416,0.8964139792160416,-0.9850913222194126,1.025321440988884,3.140290796624407,3.007533046383301,0.9577243768685972,0.0039220153922047965,0.8311625785208341,0.8272405631286293,0.0039220153922047965,0.8311625785208341,0.8272405631286293,0.01987339279505558,0.029925456611097065,0.010052063816041484,0.03922015387929776,0.8908489222183927,0.851628768339095,8.882355841728282,8.882355837874957,8.882354076957169,0.09601993303629577,0.12825588601851048,1,none,1.2842366532451206,1.3844275758108204,1.2842366532451206,5.285306571363834,5.187862135900865,0.5238778705143604,0.4950928222853072,1286,1.2842366532451206,0.0,1.0,0.0,,0,False,0,False,0.001145285884645381,-0.0010285674289722303,,0.001145285884645381,-0.0010285674289722303,,0.6688729447858989,0,False,False,False,False,False,0.0016759417901645556,2972,1550,0
417,True,417,417,1,0.34700000000000025,0.001,0.001,0,0,0,False,False,,,none,1.0,1.6831078423029746,1.5759878868325576,0.9995765469812042,0.026619366107327905,0.8382688027790488,True,2,1,4,1,True,2,,,2,2,2,736,,,,,,,,,7,0.8,3.0794960045543414e-07,7.973980177061376e-08,2.5771736260454356e-06,1.3029923091283437e-06,2.9053062229029954e-06,False,0.008829166508339426,0.0,0.008829166508339426,0.8962268190461035,0.8962268190461035,-0.9849800544758213,1.0252572578392942,3.140290796624407,3.0064263536719973,0.9573719595980396,0.003946455283732167,0.8382688027790488,0.8343223474953166,0.003946455283732167,0.8382688027790488,0.8343223474953166,0.01987371371080353,0.02992490027237911,0.010051186561575581,0.039464552874422784,0.9019552431043336,0.8624906902299109,8.910553415299974,8.91055335710939,8.91055159723777,0.09672808973773935,0.1314784826865722,1,none,1.2897284094684953,1.3908868026307322,1.2897284094684953,5.285306571363833,5.185261657596704,0.5263220908193503,0.49745933556852223,1292,1.2897284094684953,0.0,1.0,0.0,,0,False,0,False,-0.000725932520853178,-0.00013807522145701704,,-0.000725932520853178,-0.00013807522145701704,,0.6704146605266529,0,False,False,False,False,False,0.002072301786111735,2972,1550,0
418,True,418,418,1,0.34800000000000025,0.001,0.001,0,0,0,False,False,,,none,1.0,1.6920143225310538,1.5838193813755022,0.9995849375240354,0.026792063759065645,0.8453483545273363,True,2,1,4,1,True,2,,,2,2,2,635,,,,,,,,,7,0.8,3.1071856384305713e-07,8.069658773544337e-08,2.596780352223159e-06,1.2968453191678059e-06,2.9202968932504993e-06,False,0.008890045779591293,0.0,0.008890045779591293,0.8960305877150982,0.8960305877150982,-0.9848660935515521,1.0251937776097948,3.140290796624407,3.00530106040359,0.9570136191317308,0.003971164299810692,0.8453483545273363,0.8413771902275256,0.003971164299810692,0.8453483545273363,0.8413771902275256,0.01987403111195103,0.029924330467757762,0.010050299355806733,0.03971164312983396,0.9128117725297248,0.8731001293998908,8.938769177297942,8.93876906331466,8.938767304647364,0.0974563503276564,0.13476942768682998,1,none,1.2983520966057962,1.4005756423641254,1.2983520966057962,5.634336289803194,5.5458450400275385,0.4971572765008129,0.4682251621654936,1301,1.2983520966057962,0.0,1.0,0.0,,0,False,0,False,-0.0009353233750016676,0.00040286678321247566,,-0.0009353233750016676,0.00040286678321247566,,0.6728208012782554,0,False,False,False,False,False,0.0005800541200757766,2972,1550,0
419,True,419,419,1,0.34900000000000025,0.001,0.001,0,0,0,False,False,,,none,1.0,1.7009563983099398,1.5916682161896056,0.9995932571591767,0.026964101016516397,0.8523975688640381,True,2,1,4,1,True,2,,,2,2,2,819,,,,,,,,,7,0.8,3.1351646623762033e-07,8.166278896171157e-08,2.6164261353398386e-06,1.2903914473583635e-06,2.935261009656229e-06,False,0.008932870243158364,0.0,0.008932870243158364,0.8958251442700197,0.8958251442700197,-0.9847533754819071,1.0251310211285307,3.140290796624407,3.004156837343553,0.9566492506276207,0.0039961449052405085,0.8523975688640381,0.8484014239587976,0.0039961449052405085,0.8523975688640381,0.8484014239587976,0.01987434489435735,0.029923766877409535,0.010049421983052184,0.03996144929911904,0.9239388064912103,0.8839773571920913,8.966997386285607,8.966997215044849,8.966995457745734,0.09820519097010846,0.13812942605703638,1,none,1.309077454021066,1.4124175405018498,1.309077454021066,5.684196465785513,5.596784780145618,0.4969629565070511,0.4677962456819739,1312,1.309077454021066,0.0,1.0,0.0,,0,False,0,False,-0.0015483498879332105,0.0010652331606182802,,-0.0015483498879332105,0.0010652331606182802,,0.6742958473432386,0,False,False,False,False,False,0.0009025135586098947,2972,1550,0
420,True,420,420,1,0.35000000000000026,0.001,0.001,0,0,0,False,False,,,none,1.0,1.7099331062040959,1.5995330918712156,0.9996014859725029,0.027145997376703247,0.8594126774497985,True,2,1,4,1,True,2,,,2,2,2,630,,,,,,,,,7,0.8,3.163419338351132e-07,8.263706703023354e-08,2.6361088847528214e-06,1.2836365248135305e-06,2.9502023462905086e-06,False,0.008956901549535212,0.0,0.008956901549535212,0.8956103436144859,0.8956103436144859,-0.9846344425549317,1.0250690090380878,3.140290796624407,3.0029933508330515,0.9562787478347735,0.004021399617280126,0.8594126774497985,0.8553912778325184,0.004021399617280126,0.8594126774497985,0.8553912778325184,0.01987465495480956,0.029923172212774657,0.010048517257965097,0.040213996541424664,0.9355159846765031,0.8953019881350784,8.995232211966858,8.995231981968113,8.995230226205564,0.09897509237576824,0.14155914342914883,1,none,1.317688244494752,1.4221063697725678,1.317688244494752,5.534611553787209,5.4395174477902675,0.5138956387280522,0.4844871837041521,1321,1.317688244494752,0.0,1.0,0.0,,0,False,0,False,-0.002794893123722558,0.001213474089053098,,-0.002794893123722558,0.001213474089053098,,0.6755075519225321,0,False,False,False,False,False,0.0012553268146404718,2972,1550,0
421,True,421,421,1,0.35100000000000026,0.001,0.001,0,0,0,False,False,,,none,1.0,1.7189434582516272,1.6074126787467737,0.9996096053306324,0.0273314336822803,0.8663898072730459,True,2,1,4,1,True,2,,,2,2,2,749,,,,,,,,,7,0.8,3.192157773791493e-07,8.362019021467496e-08,2.6558282892910046e-06,1.2765957838141675e-06,2.9651326692392373e-06,False,0.008961513319964642,0.0,0.008961513319964642,0.8953860395872615,0.8953860395872615,-0.9845090163523148,1.0250077636715844,3.140290796624407,3.001810262371812,0.9559020029605373,0.004046930970919212,0.8663898072730459,0.8623428763021267,0.004046930970919212,0.8663898072730459,0.8623428763021267,0.019874961181642076,0.02992254508176157,0.010047583900119495,0.04046931019894741,0.9467449097111273,0.90627559951218,9.023467740309401,9.02346744998452,9.023465695932014,0.09976654948103565,0.1450592030443993,1,none,1.32627382599882,1.4317952100083615,1.32627382599882,5.484750169978047,5.3874602489287655,0.5221004296041044,0.4923558651824983,1330,1.32627382599882,0.0,1.0,0.0,,0,False,0,False,-0.002379563848842923,0.0011372025556851007,,-0.002379563848842923,0.0011372025556851007,,0.6779364590400792,0,False,False,False,False,False,0.0004222745000285346,2972,1550,0
422,True,422,422,1,0.35200000000000026,0.001,0.001,0,0,0,False,False,,,none,1.0,1.7279864420986715,1.615305617395194,0.9996175977576723,0.027516250885808936,0.8733249814591104,True,2,1,4,1,True,2,,,2,2,2,834,,,,,,,,,7,0.8,3.2215734330490313e-07,8.461323400831799e-08,2.6755834203943326e-06,1.2692844544532456e-06,2.980062821321109e-06,False,0.008946204662136581,0.0,0.008946204662136581,0.8951520823777755,0.8951520823777755,-0.984376810235362,1.0249473115110497,3.140290796624407,3.0006072289184007,0.9555189067661644,0.004072741549585143,0.8733249814591104,0.8692522399095253,0.004072741549585143,0.8733249814591104,0.8692522399095253,0.01987526344244475,0.02992188405117681,0.010046620608732057,0.04072741610475583,0.958081342657325,0.9173539265525692,9.051697979939394,9.051697627620841,9.051695875456733,0.10058008175904648,0.14863018287473947,1,none,1.3379995893247911,1.4447136522118296,1.3379995893247911,5.584472144290523,5.489129865635554,0.5174038350925905,0.4875088118068681,1342,1.3379995893247911,0.0,1.0,0.0,,0,False,0,False,-0.0014251253136389932,0.0005839383698577192,,-0.0014251253136389932,0.0005839383698577192,,0.6796933201011975,0,False,False,False,False,False,0.0011032017842631775,2972,1550,0
423,True,423,423,1,0.35300000000000026,0.001,0.001,0,0,0,False,False,,,none,1.0,1.7370610211840607,1.6232105188085755,0.9996254463750176,0.02770045256319624,0.8802141199230764,True,2,1,4,1,True,2,,,2,2,2,875,,,,,,,,,7,0.8,3.251853218939364e-07,8.561770701697669e-08,2.6953732178644626e-06,1.2617194754689212e-06,2.9950039572075197e-06,False,0.008984770540426457,0.0,0.008984770540426457,0.8949083157925599,0.8949083157925599,-0.9842375290175189,1.0248876764199042,3.140290796624407,2.9993839034039143,0.9551293487303921,0.004098834013095513,0.8802141199230764,0.8761152859099809,0.004098834013095513,0.8802141199230764,0.8761152859099809,0.01987556161790048,0.029921187645087596,0.010045626027187116,0.04098834085496689,0.9696556086468878,0.928667267791921,9.079916868751209,9.079916452642786,9.079914702550049,0.10141623362304418,0.15227261246203044,1,none,1.3412779275789475,1.4490198026249288,1.3412779275789475,5.584472085032709,5.488229217672064,0.5189460276857815,0.4887834944138415,1346,1.3412779275789475,0.0,1.0,0.0,,0,False,0,False,-0.001248038164687726,0.0006660158248805049,,-0.001248038164687726,0.0006660158248805049,,0.6809345073642701,0,False,False,False,False,False,0.0001951834187289117,2972,1550,0
424,True,424,424,1,0.35400000000000026,0.001,0.001,0,0,0,False,False,,,none,1.0,1.7461661349595947,1.6311259637472704,0.9996331344905235,0.027884060553248453,0.8870530408739126,True,2,1,4,1,True,2,,,2,2,2,763,,,,,,,,,7,0.8,3.283153098308698e-07,8.663472488287618e-08,2.715196496149765e-06,1.2539186758529044e-06,3.0099668730040094e-06,False,0.009011568188688424,0.0,0.009011568188688424,0.8946545835998787,0.8946545835998787,-0.9840908688721769,1.0248288769107585,3.140290796624407,2.9981399341501707,0.9547332168641711,0.004125211026122818,0.8870530408739126,0.8829278298477897,0.004125211026122818,0.8870530408739126,0.8829278298477897,0.01987585561544621,0.029920454344360886,0.010044598728914677,0.0412521110851064,0.9808533565494565,0.9396012454643501,9.108118279926384,9.108117798079666,9.108116050245735,0.10227557763052841,0.15598696936915146,1,none,1.3455919526034914,1.454402491641522,1.3455919526034914,5.6343334685088555,5.53869010663305,0.5162642572614482,0.48588815286561393,1351,1.3455919526034914,0.0,1.0,0.0,,0,False,0,False,-0.0026933614610294898,0.0006504536468901968,,-0.0026933614610294898,0.0006504536468901968,,0.6824216945344872,0,False,False,False,False,False,0.0014454070749557108,2972,1550,0
425,True,425,425,1,0.35500000000000026,0.001,0.001,0,0,0,False,False,,,none,1.0,1.7553006990984459,1.6390505027335758,0.9996406465831448,0.028067117059194,0.8938374615026882,True,2,1,4,1,True,2,,,2,2,2,686,,,,,,,,,7,0.8,3.315598979208498e-07,8.766625001416504e-08,2.735052167515057e-06,1.2459018784382945e-06,3.0249626753111703e-06,False,0.009019468756396476,0.0,0.009019468756396476,0.894390736241753,0.894390736241753,-0.9839365172472856,1.0247709398496112,3.140290796624407,2.996874963688918,0.954330397334651,0.004151875188118596,0.8938374615026882,0.8896855863145696,0.004151875188118596,0.8938374615026882,0.8896855863145696,0.019876145300751945,0.029919682586236427,0.010043537285484481,0.041518752794400045,0.9920742225038972,0.9505554697094971,9.1362960287471,9.136295479044419,9.136293733660612,0.1031587328387514,0.15977367570692977,1,none,1.3530485123451668,1.4630147940680707,1.3530485123451668,5.634333468508858,5.537440971856346,0.5193213366745443,0.4886909022495917,1359,1.3530485123451668,0.0,1.0,0.0,,0,False,0,False,-0.0009266696531189197,0.0018462919745598516,,-0.0009266696531189197,0.0018462919745598516,,0.6843081506589838,0,False,False,False,False,False,0.002133361021970279,2972,1550,0
426,True,426,426,1,0.35600000000000026,0.001,0.001,0,0,0,False,False,,,none,1.0,1.7644636057517256,1.6469826575874302,0.9996479684069405,0.028249679234050324,0.9005630016294681,True,2,1,4,1,True,2,,,2,2,2,809,,,,,,,,,7,0.8,3.3493127126254125e-07,8.871470171900403e-08,2.754939317705655e-06,1.237691898330761e-06,3.040003476018529e-06,False,0.009014086582480041,0.0,0.009014086582480041,0.8941166192104565,0.8941166192104565,-0.983774152876408,1.024713899218317,3.140290796624407,2.995588630249687,0.9539207749389754,0.004178829165019091,0.9005630016294681,0.896384172464449,0.004178829165019091,0.9005630016294681,0.896384172464449,0.019876430503908415,0.029918870764382037,0.010042440260473622,0.04178829264200953,1.0049448657270195,0.9631565730850099,9.164443882158272,9.164443262305472,9.164441519567369,0.10406636365913143,0.1636330953391316,1,none,1.3647141113754189,1.475933227287127,1.3647141113754189,5.434889314898177,5.327507598189542,0.5431327638048794,0.5123274199887363,1371,1.3647141113754189,0.0,1.0,0.0,,0,False,0,False,0.00020901107625000316,-0.0006195473025350033,,0.00020901107625000316,-0.0006195473025350033,,0.6856211614988122,0,False,False,False,False,False,0.002714799082717468,2972,1550,0
427,True,427,427,1,0.35700000000000026,0.001,0.001,0,0,0,False,False,,,none,1.0,1.7736537238383823,1.6549209218216174,0.999655085070938,0.028431818388651588,0.9072251845441608,True,2,1,4,1,True,2,,,2,2,2,796,,,,,,,,,7,0.8,3.3843826233785206e-07,8.978260362441497e-08,2.7748571413283627e-06,1.2293139808593197e-06,3.0551016990674866e-06,False,0.009115217303216627,0.0,0.009115217303216627,0.8938320723360198,0.8938320723360198,-0.9836034457021634,1.0246577949377653,3.140290796624407,2.9942805679313045,0.9535042331588993,0.004206075696787403,0.9072251845441608,0.9030191088473734,0.004206075696787403,0.9072251845441608,0.9030191088473734,0.019876711025311175,0.029918017228510816,0.010041306203199641,0.042060758025969744,1.0175683900918941,0.9755076320659244,9.192555567417141,9.1925548749469,9.192553135053886,0.10499918120715081,0.16756553048656248,1,none,1.3689769768211837,1.4813159080218707,1.3689769768211837,5.385028499712305,5.273442595627002,0.5501608424545981,0.519196692481836,1376,1.3689769768211837,0.0,1.0,0.0,,0,False,0,False,0.0012327568518488829,-0.00028360204681606853,,0.0012327568518488829,-0.00028360204681606853,,0.6881971826162211,0,False,False,False,False,False,0.00107745748310391,2972,1550,0
428,True,428,428,1,0.35800000000000026,0.001,0.001,0,0,0,False,False,,,none,1.0,1.7828698994060952,1.6628637612585404,0.9996619816641025,0.02862714501432212,0.9138194389571095,True,2,1,4,1,True,2,,,2,2,2,749,,,,,,,,,7,0.8,3.420868653845318e-07,9.087206949256037e-08,2.794804897155899e-06,1.220795899612986e-06,3.0702700529694375e-06,False,0.00919959938666981,0.0,0.00919959938666981,0.8935369240155915,0.8935369240155915,-0.983426702923763,1.0246026625876665,3.140290796624407,2.992950407937967,0.9530806545544059,0.004233617656426347,0.9138194389571095,0.9095858213006831,0.004233617656426347,0.9138194389571095,0.9095858213006831,0.019876986687061664,0.029917133514618815,0.010040146827557151,0.0423361776835332,1.0298030610807134,0.9874668833971803,9.220624781927505,9.220624014212541,9.22062227736805,0.10595793318120236,0.17157121795532396,1,none,1.3827009685838736,1.496387431765966,1.3827009685838736,5.584474505116467,5.473663954961393,0.5359098444786464,0.5052195311809661,1390,1.3827009685838736,0.0,1.0,0.0,,0,False,0,False,0.0012039056764276293,-0.0008071248314007704,,0.0012039056764276293,-0.0008071248314007704,,0.6893331179576293,0,False,False,False,False,False,0.0005243171714740117,2972,1550,0
429,True,429,429,1,0.35900000000000026,0.001,0.001,0,0,0,False,False,,,none,1.0,1.792110956006834,1.6708096124148932,0.9996686433050551,0.0288460563553354,0.9203411020378267,True,2,1,4,1,True,2,,,2,2,2,856,,,,,,,,,7,0.8,3.4586480118451607e-07,9.198315870221395e-08,2.814781430309739e-06,1.2121628012750145e-06,3.0855172207256715e-06,False,0.009266402514777616,0.0,0.009266402514777616,0.8932310086880318,0.8932310086880318,-0.9832482470517664,1.0245485349760597,3.140290796624407,2.991597776350805,0.9526499200540801,0.0042614578561765626,0.9203411020378267,0.9160796441816501,0.0042614578561765626,0.9203411020378267,0.9160796441816501,0.0198772573251197,0.02991624123525883,0.010038983910139129,0.04261457973895495,1.0416363766802565,0.9990217969413016,9.248645200078325,9.248644354356975,9.248642620767225,0.10694339694158263,0.17565032395021138,1,none,1.3932451377530506,1.5082293444120443,1.3932451377530506,5.335167366082071,5.215677699023891,0.5653915766543708,0.5342527733313718,1401,1.3932451377530506,0.0,1.0,0.0,,0,False,0,False,0.0009774141812661018,-0.0009652005229615951,,0.0009774141812661018,-0.0009652005229615951,,0.6922398904267149,0,False,False,False,False,False,0.0002761997857402088,2972,1550,0
430,True,430,430,1,0.36000000000000026,0.001,0.001,0,0,0,False,False,,,none,1.0,1.8013756950963717,1.678756883973593,0.9996750605149515,0.029065003960930848,0.9267854230515952,True,2,1,4,1,True,2,,,2,2,2,828,,,,,,,,,7,0.8,3.4976957069204044e-07,9.31176877696533e-08,2.834786118447225e-06,1.2034470653629919e-06,3.1008558226447008e-06,False,0.009314897842325087,0.0,0.009314897842325087,0.8929141601848654,0.8929141601848654,-0.9830607096109757,1.0244954496373493,3.140290796624407,2.990222295014392,0.9522119092374095,0.004289599125796945,0.9267854230515952,0.9224958239257982,0.004289599125796945,0.9267854230515952,0.9224958239257982,0.01987752275181326,0.02991530354805488,0.010037780796241621,0.04289599248562269,1.0531184424882125,1.0102224500025898,9.276610484817,9.276609558223061,9.276607828097806,0.1079563873592556,0.17980294002407898,1,none,1.3985055436961016,1.5146885654926256,1.3985055436961016,5.1357222268031375,5.006849145461347,0.5898638978516104,0.5586369802908208,1407,1.3985055436961016,0.0,1.0,0.0,,0,False,0,False,0.0030031080378808066,-0.001889109250282718,,0.0030031080378808066,-0.001889109250282718,,0.6944405550750835,0,False,False,False,False,False,0.0022264417659455396,2972,1550,0
431,True,431,431,1,0.36100000000000027,0.001,0.001,0,0,0,False,False,,,none,1.0,1.8106628964942044,1.6867039572559106,0.999681226275271,0.02928396744894442,0.9331475658951011,True,2,1,4,1,True,2,,,2,2,2,860,,,,,,,,,7,0.8,3.537898951954661e-07,9.427586931571021e-08,2.8548180633593594e-06,1.1946814872303187e-06,3.116296722119282e-06,False,0.00934447125853377,0.0,0.00934447125853377,0.8925862087692187,0.8925862087692187,-0.9828637314564179,1.0244434438504877,3.140290796624407,2.9888235820335862,0.9517665004929997,0.0043180443439233655,0.9331475658951011,0.9288295215511777,0.0043180443439233655,0.9331475658951011,0.9288295215511777,0.01987778278074756,0.02991431865728209,0.010036535876534528,0.043180444701998735,1.065377108038342,1.0221966633363433,9.30451429836583,9.304513287965706,9.304511561517733,0.10899773759493146,0.18402907864527335,1,none,1.4026794721680074,1.5200712550006008,1.4026794721680074,5.185583644803928,5.057817412771929,0.5862681461222775,0.5546580106375454,1412,1.4026794721680074,0.0,1.0,0.0,,0,False,0,False,0.0025447333253596368,-0.001258671722334966,,0.0025447333253596368,-0.001258671722334966,,0.6960038832077657,0,False,False,False,False,False,0.0007794606171730152,2972,1550,0
432,True,432,432,1,0.36200000000000027,0.001,0.001,0,0,0,False,False,,,none,1.0,1.819971318870288,1.6946491860894815,0.9996871292534778,0.029502948712117803,0.939422613064605,True,2,1,4,1,True,2,,,2,2,2,784,,,,,,,,,7,0.8,3.5790661698733846e-07,9.545657494362916e-08,2.874875984086411e-06,1.1858987350057845e-06,3.1318487890938187e-06,False,0.009354635890299279,0.0,0.009354635890299279,0.8922469875754122,0.8922469875754122,-0.9826569445141919,1.0243925562720213,3.140290796624407,2.987401251073484,0.9513135707956509,0.004346796365734016,0.939422613064605,0.935075816698871,0.004346796365734016,0.939422613064605,0.935075816698871,0.019878037218639892,0.02991328472257096,0.010035247503931068,0.04346796494507116,1.078875157162397,1.0354071922173258,9.332350312742292,9.332349215575084,9.332347493019515,0.11006829437393993,0.1883286681400823,1,none,1.4089380597291896,1.5276070174697334,1.4089380597291896,5.3351679252905395,5.2106282746973775,0.5726556460306894,0.5407939255889513,1419,1.4089380597291896,0.0,1.0,0.0,,0,False,0,False,0.0008083321452118728,-0.0008532458188575856,,0.0008083321452118728,-0.0008532458188575856,,0.6989613534326351,0,False,False,False,False,False,0.0017831038168398938,2972,1550,0
433,True,433,433,1,0.36300000000000027,0.001,0.001,0,0,0,False,False,,,none,1.0,1.8292997002460973,1.702590897753197,0.9996927653127465,0.029721967531864672,0.9456055702592114,True,2,1,4,1,True,2,,,2,2,2,801,,,,,,,,,7,0.8,3.6210835191105366e-07,9.665999109655323e-08,2.8949587174672423e-06,1.1771379019559168e-06,3.1475236660688164e-06,False,0.009345044051520257,0.0,0.009345044051520257,0.8918963310296804,0.8918963310296804,-0.9824399718407211,1.024342834531071,3.140290796624407,2.985954911321176,0.9508529956941786,0.004375858044624057,0.9456055702592114,0.9412297122145874,0.004375858044624057,0.9456055702592114,0.9412297122145874,0.019878285827344643,0.029912199859203605,0.010033914031858961,0.04375858175685887,1.0919680054189678,1.048209423662109,9.3601122219639,9.360111035076647,9.36010931663106,0.11116892294364188,0.1927015478470356,1,none,1.4172756402323974,1.5372958576996008,1.4172756402323974,5.584474842671268,5.467144806659753,0.5505605812575398,0.5184701303341941,1428,1.4172756402323974,0.0,1.0,0.0,,0,False,0,False,0.0011902613215318833,0.0009421434048204593,,0.0011902613215318833,0.0009421434048204593,,0.7008117403574665,0,False,False,False,False,False,0.0018355632269752339,2972,1550,0
434,True,434,434,1,0.36400000000000027,0.001,0.001,0,0,0,False,False,,,none,1.0,1.8386467585626614,1.7105273943222077,0.9996981265073482,0.02994105857917603,0.9516913721009101,True,2,1,4,1,True,2,,,2,2,2,944,,,,,,,,,7,0.8,3.6638155839514104e-07,9.788481121696182e-08,2.915064563425029e-06,1.1684391961803231e-06,3.1633318584533473e-06,False,0.009356534372161218,0.0,0.009356534372161218,0.8915340667582409,0.8915340667582409,-0.9822124282226276,1.02429432976038,3.140290796624407,2.984484168809358,0.9503846497329068,0.004405232321829759,0.9516913721009101,0.9472861397790804,0.004405232321829759,0.9516913721009101,0.9472861397790804,0.019878528351198105,0.029911062141113137,0.010032533789915032,0.04405232454615402,1.1049212057165223,1.0608688811703684,9.387793755583434,9.387792476062456,9.387790761946322,0.11230049361341501,0.19714746387502982,1,none,1.4266470508536528,1.5480612357298877,1.4266470508536528,5.584474842391117,5.46708568426247,0.5544160478542154,0.5219040392801573,1438,1.4266470508536528,0.0,1.0,0.0,,0,False,0,False,0.0006892937489379264,0.0003442219154331368,,0.0006892937489379264,0.0003442219154331368,,0.7026316900473664,0,False,False,False,False,False,0.0007800503934117561,2972,1550,0
435,True,435,435,1,0.36500000000000027,0.001,0.001,0,0,0,False,False,,,none,1.0,1.8480111922890048,1.718456953000365,0.9997032058307992,0.030160277926012072,0.9576748853790759,True,2,1,4,1,True,2,,,2,2,2,757,,,,,,,,,7,0.8,3.7071551621938276e-07,9.912997252226812e-08,2.9351913375531113e-06,1.1598460585095419e-06,3.179284166743359e-06,False,0.009401579169968866,0.0,0.009401579169968866,0.8911600183676949,0.8911600183676949,-0.9819739198777127,1.0242470957940208,3.140290796624407,2.9829886263163674,0.9499084064198359,0.004434922193752722,0.9576748853790759,0.9532399631853231,0.004434922193752722,0.9576748853790759,0.9532399631853231,0.019878764521029896,0.029909869599388562,0.010031105078358665,0.04434922328005097,1.1180453860334452,1.0736961627533943,9.415388691395131,9.415387316387463,9.415385606821957,0.11346387892477396,0.20166606400114886,1,none,1.4338916469596459,1.5566735376706937,1.4338916469596459,5.58447487523088,5.4670394313365165,0.557500417657922,0.5245587360283974,1446,1.4338916469596459,0.0,1.0,0.0,,0,False,0,False,0.0002123029058122287,-0.00025716049760471523,,0.0002123029058122287,-0.00025716049760471523,,0.7044159553413919,0,False,False,False,False,False,0.0007675813123943245,2972,1550,0
436,True,436,436,1,0.36600000000000027,0.001,0.001,0,0,0,False,False,,,none,1.0,1.8573916810968876,1.7263778269001548,0.9997079994211149,0.030415572834340123,0.9635509169413243,True,2,1,4,1,True,2,,,2,2,2,942,,,,,,,,,7,0.8,3.751042486766959e-07,1.0039383402666568e-07,2.9553362195128675e-06,1.1514049490459341e-06,3.1953916264423615e-06,False,0.009427639272990396,0.0,0.009427639272990396,0.8907740030571458,0.8907740030571458,-0.9817240458490791,1.0242011842169978,3.140290796624407,2.9814678841539943,0.9494241384775142,0.004464930738089288,0.9635509169413243,0.959085986203235,0.004464930738089288,0.9635509169413243,0.959085986203235,0.01987899407891501,0.029908620229245394,0.010029626150330383,0.044649308742842314,1.1318691585273803,1.087219849784538,9.44289086945849,9.442889396181606,9.442887691389013,0.11465994659686135,0.20625689258942725,1,none,1.4379535051001542,1.562056226687287,1.4379535051001542,5.734059025659316,5.6218432810534775,0.5448343728926571,0.5115594417035033,1451,1.4379535051001542,0.0,1.0,0.0,,0,False,0,False,-0.001367081299320308,0.00014578310337026644,,-0.001367081299320308,0.00014578310337026644,,0.7058211486793866,0,False,False,False,False,False,0.0016299748504160485,2972,1550,0
437,True,437,437,1,0.36700000000000027,0.001,0.001,0,0,0,False,False,,,none,1.0,1.8667868865239554,1.7342882446136159,0.9997125070398306,0.03067158408832809,0.9693142193325331,True,2,1,4,1,True,2,,,2,2,2,657,,,,,,,,,7,0.8,3.795398363618547e-07,1.0167485282496044e-07,2.975495541028946e-06,1.1431625398787512e-06,3.21166352072376e-06,False,0.009434818179800186,0.0,0.009434818179800186,0.8903758437784908,0.8903758437784908,-0.9814623961357186,1.0241566539399867,3.140290796624407,2.9799215381165056,0.9489317171899216,0.004495260982803296,0.9693142193325331,0.9648189583497299,0.004495260982803296,0.9693142193325331,0.9648189583497299,0.01987921673030007,0.02990731198067859,0.01002809525037852,0.04495261121559109,1.1452496730487822,1.100297061833191,9.47029420410746,9.470292629845753,9.470290930048806,0.11588957187671041,0.21091938469248714,1,none,1.4420034472133088,1.5674389025532443,1.4420034472133088,5.684196728378702,5.568259720539417,0.5515076192657826,0.5179368490640796,1456,1.4420034472133088,0.0,1.0,0.0,,0,False,0,False,-0.0015695653090064014,0.00012255812194274539,,-0.0015695653090064014,0.00012255812194274539,,0.7080054510413919,0,False,False,False,False,False,0.00020381161385177904,2972,1550,0
438,True,438,438,1,0.36800000000000027,0.001,0.001,0,0,0,False,False,,,none,1.0,1.8761954527071572,1.7421864126977624,0.999716727212434,0.030928152892000932,0.9749594969750481,True,2,1,4,1,True,2,,,2,2,2,1146,,,,,,,,,7,0.8,3.840288963075056e-07,1.0297263309789469e-07,2.995665253068455e-06,1.1351732209740248e-06,3.228112468056915e-06,False,0.009434900936478807,0.0,0.009434900936478807,0.8899653562872635,0.8899653562872635,-0.9811885535715009,1.0241135692664247,3.140290796624407,2.9783491817052417,0.9484310131108745,0.004525916049954663,0.9749594969750481,0.9704335809250935,0.004525916049954663,0.9749594969750481,0.9704335809250935,0.01987943215366788,0.029905942767857508,0.010026510614189629,0.045259161911089016,1.1583837246939357,1.1131245627828468,9.497592700962363,9.497591023047626,9.497589328469184,0.11715363806145668,0.21565286247980117,1,none,1.451287040660072,1.5782042149727609,1.451287040660072,5.783914822681886,5.66726373482531,0.5457218037802911,0.512164991278567,1466,1.451287040660072,0.0,1.0,0.0,,0,False,0,False,-0.0004507961014101679,0.0005573891884615506,,-0.0004507961014101679,0.0005573891884615506,,0.7091471519766309,0,False,False,False,False,False,0.0012003010440199517,2972,1550,0
439,True,439,439,1,0.36900000000000027,0.001,0.001,0,0,0,False,False,,,none,1.0,1.8856160071760437,1.7500705160936363,0.9997206615381691,0.031185251067917412,0.980481412658752,True,2,1,4,1,True,2,,,2,2,2,867,,,,,,,,,7,0.8,3.885754419475938e-07,1.0428597214582321e-07,3.0158401352021686e-06,1.1274900519783908e-06,3.2447483687456623e-06,False,0.009446769559322221,0.0,0.009446769559322221,0.8895423502678035,0.8895423502678035,-0.9809020943412242,1.024071995369544,3.140290796624407,2.9767504062521866,0.9479218961033752,0.004556899142007722,0.980481412658752,0.9759245135167443,0.004556899142007722,0.980481412658752,0.9759245135167443,0.019879640023152283,0.029904510471706117,0.010024870448553835,0.045568992850491784,1.1721732036947692,1.1266042108442773,9.524780471709326,9.524778687488995,9.52477699835186,0.11845303445421626,0.22045653073875468,1,none,1.4605402725430858,1.5889695128042627,1.4605402725430858,5.68419208124994,5.564937310494806,0.559083679823449,0.52490807750473,1476,1.4605402725430858,0.0,1.0,0.0,,0,False,0,False,0.0019232222808917739,-0.000481908569148133,,0.0019232222808917739,-0.000481908569148133,,0.7112703281100011,0,False,False,False,False,False,0.0025915445410951447,2972,1550,0
440,True,440,440,1,0.3700000000000003,0.001,0.001,0,0,0,False,False,,,none,1.0,1.8950471616595688,1.7579387186096862,0.9997243110910387,0.03144286991557857,0.9858745950197366,True,2,1,4,1,True,2,,,2,2,2,752,,,,,,,,,7,0.8,3.931924304666386e-07,1.0561523315835393e-07,3.036014418231989e-06,1.1201715081537736e-06,3.2615828397027383e-06,False,0.00946377624496586,0.0,0.00946377624496586,0.8891066344065903,0.8891066344065903,-0.9806025869981486,1.0240320033077808,3.140290796624407,2.975124800166549,0.9474042350996921,0.004588213486798377,0.9858745950197366,0.9812863815329382,0.004588213486798377,0.9858745950197366,0.9812863815329382,0.019879839983461097,0.02990301293499074,0.010023172951529644,0.04588213632570269,1.1858016445150523,1.1399195081893496,9.551851748890225,9.551849855683319,9.55184817220944,0.11978867237050266,0.22532947199470468,1,none,1.4687106541787445,1.5986582812976624,1.4687106541787445,5.833771269323146,5.719657481092813,0.5480702644974095,0.5135659465741744,1485,1.4687106541787445,0.0,1.0,0.0,,0,False,0,False,0.0004790135405134254,-0.0002868846921223493,,0.0004790135405134254,-0.0002868846921223493,,0.7129116142040948,0,False,False,False,False,False,0.001457317123482526,2972,1550,0
441,True,441,441,1,0.3710000000000003,0.001,0.001,0,0,0,False,False,,,none,1.0,1.9044875129548375,1.7657891643595076,0.999727678128886,0.03170102191846977,0.9911336471406247,True,2,1,4,1,True,2,,,2,2,2,950,,,,,,,,,7,0.8,3.978920811619828e-07,1.0696036847643868e-07,3.0561813651046934e-06,1.1132757185749401e-06,3.2786256252670516e-06,False,0.009593497599356349,0.0,0.009593497599356349,0.888658012723398,0.888658012723398,-0.9802895940382833,1.0239936675439112,3.140290796624407,2.9734719498488182,0.9468778983924331,0.004619862379137227,0.9911336471406247,0.9865137847614874,0.004619862379137227,0.9911336471406247,0.9865137847614874,0.01988003166228044,0.029901447970191414,0.010021416307910973,0.04619862528545682,1.199238018034987,1.1530393927495304,9.578800902558797,9.578798897603859,9.578797220013543,0.1211614852286457,0.23027064293424687,1,none,1.4821193028933028,1.6137296839185464,1.4821193028933028,5.8337624792091,5.714750549383723,0.5532380482303504,0.5186995618043675,1499,1.4821193028933028,0.0,1.0,0.0,,0,False,0,False,-0.0017400831834990646,0.0015567391568153393,,-0.0017400831834990646,0.0015567391568153393,,0.714817992876035,0,False,False,False,False,False,0.002885019786222407,2972,1550,0
442,True,442,442,1,0.3720000000000003,0.001,0.001,0,0,0,False,False,,,none,1.0,1.9139356438433197,1.7736199788442664,0.9997307639976906,0.03195973921359265,0.9962531556787367,True,2,1,4,1,True,2,,,2,2,2,916,,,,,,,,,7,0.8,4.026932895871622e-07,1.083226337586073e-07,3.0763336904193517e-06,1.10686542967875e-06,3.2958877002546676e-06,False,0.009778879298399712,0.0,0.009778879298399712,0.8881962842952994,0.8881962842952994,-0.9799626723170316,1.0239570658001975,3.140290796624407,2.9717914400981016,0.9463427537642595,0.00465184918469855,0.9962531556787367,0.9916013064940382,0.00465184918469855,0.9962531556787367,0.9916013064940382,0.01988021467099901,0.02989981336158516,0.010019598690586148,0.04651849337991792,1.2133950188182197,1.1668765254383018,9.60562245696291,9.605620337360666,9.605618665872672,0.12257243740728546,0.23527887072509188,1,none,1.4912834414068898,1.6244950473148436,1.4912834414068898,6.132929736896344,6.023615509546414,0.5297615061662005,0.49514562775245435,1509,1.4912834414068898,0.0,1.0,0.0,,0,False,0,False,-0.001392454170326971,0.00019611765847408176,,-0.001392454170326971,0.00019611765847408176,,0.7168214512546556,0,False,False,False,False,False,0.0014043278792886698,2972,1550,0
443,True,443,443,1,0.3730000000000003,0.001,0.001,0,0,0,False,False,,,none,1.0,1.9233901240434466,1.7814292697741136,0.9997335706469561,0.03221907714093388,1.001242475961097,True,2,1,4,1,True,2,,,2,2,2,1122,,,,,,,,,7,0.8,4.076129438853777e-07,1.0970353050663284e-07,3.0964633644327627e-06,1.1010032484605867e-06,3.313378441564373e-06,False,0.009954905268137915,0.0,0.009954905268137915,0.8877212450064649,0.8877212450064649,-0.9796213725472878,1.0239222805634798,3.140290796624407,2.970082853955974,0.9457986684381603,0.004684177320948471,1.001242475961097,0.9965582986401484,0.004684177320948471,1.001242475961097,0.9965582986401484,0.019880388597182604,0.029898106862736435,0.01001771826555383,0.04684177478613384,1.227250720100352,1.1804089453142181,9.632311106874797,9.632308869531562,9.632307204362466,0.12402253219906474,0.24035284918159316,1,none,1.49833520698335,1.6331073497413926,1.49833520698335,6.033206969944057,5.919273641843334,0.5413728910269874,0.5062564421389886,1517,1.49833520698335,0.0,1.0,0.0,,0,False,0,False,-0.002704907647021102,0.0010612911536254327,,-0.002704907647021102,0.0010612911536254327,,0.7180481769275769,0,False,False,False,False,False,0.0015719603383033925,2972,1550,0
444,True,444,444,1,0.3740000000000003,0.001,0.001,0,0,0,False,False,,,none,1.0,1.9328495112077513,1.7892151280168895,0.999736106391283,0.0324791090169174,1.0061002688362062,True,2,1,4,1,True,2,,,2,2,2,1165,,,,,,,,,7,0.8,4.126654124231105e-07,1.1110450689290147e-07,3.116561623176557e-06,1.09575057869788e-06,3.331105317433822e-06,False,0.010117186084873553,0.0,0.010117186084873553,0.8872326894172303,0.8872326894172303,-0.9792652417837442,1.023889399342936,3.140290796624407,2.9683457727339175,0.9452455090861909,0.004716850237072716,1.0061002688362062,1.0013834185991335,0.004716850237072716,1.0061002688362062,1.0013834185991335,0.01988055300328532,0.02989632620891872,0.010015773205633401,0.047168504006559954,1.241917048144672,1.194748544138112,9.658861734384336,9.658859375962434,9.658857717325665,0.1255128140902735,0.24549113551780896,1,none,1.504304170425486,1.6406428939672169,1.504304170425486,6.083053045892654,5.970049213660997,0.5394142979157472,0.5039503416431657,1524,1.504304170425486,0.0,1.0,0.0,,0,False,0,False,-0.0016327316902491448,0.001114627142294854,,-0.0016327316902491448,0.001114627142294854,,0.7196415410145992,0,False,False,False,False,False,0.0010735017512641543,2972,1550,0
445,True,445,445,1,0.3750000000000003,0.001,0.001,0,0,0,False,False,,,none,1.0,1.942312351969394,1.7969756291450425,0.999738381594725,0.0327399250004933,1.010802948367577,True,2,1,4,1,True,2,,,2,2,2,1012,,,,,,,,,7,0.8,4.17863715731099e-07,1.125276403270076e-07,3.1366193022176685e-06,1.091169961123485e-06,3.349075258316069e-06,False,0.010264829589439972,0.0,0.010264829589439972,0.8867304085339712,0.8867304085339712,-0.9788938218072838,1.0238585138272946,3.140290796624407,2.966579776743203,0.9446831420618972,0.004749871441436715,1.010802948367577,1.0060530769261402,0.004749871441436715,1.010802948367577,1.0060530769261402,0.01988070743086353,0.029894469109036415,0.010013761678172885,0.04749871611988728,1.256114998800604,1.2086162826807167,9.6852694268476,9.685266943722594,9.685265291828456,0.12704437359447726,0.2506921475554995,1,none,1.5134028681679306,1.6514080843181596,1.5134028681679306,5.983321373452586,5.864585437267516,0.5520038056606139,0.516115890664923,1534,1.5134028681679306,0.0,1.0,0.0,,0,False,0,False,-0.0019275527744349907,0.0009669645360002334,,-0.0019275527744349907,0.0009669645360002334,,0.7215920553213626,0,False,False,False,False,False,0.0003297327963339979,2972,1550,0
446,True,446,446,1,0.3760000000000003,0.001,0.001,0,0,0,False,False,,,none,1.0,1.9517771830127348,1.8047088342553126,0.9997404055367517,0.03300199323548945,1.0153451277021097,True,2,1,4,1,True,2,,,2,2,2,1034,,,,,,,,,7,0.8,4.232152840723647e-07,1.13974847932647e-07,3.156626661359022e-06,1.0873207250396077e-06,3.367292633695056e-06,False,0.010397026038224899,0.0,0.010397026038224899,0.88621419347921,0.88621419347921,-0.978506650130214,1.0238297229813875,3.140290796624407,2.964784444779542,0.9441114332362078,0.004783244460218611,1.0153451277021097,1.010561883241891,0.004783244460218611,1.0153451277021097,1.010561883241891,0.019880851385093067,0.029892533250651068,0.010011681865558002,0.04783244637247157,1.2698472237497322,1.2220147773772607,9.711529493657254,9.711526881891393,9.71152523694666,0.1286183524890324,0.2559541604136329,1,none,1.5193250528700712,1.6589437771966455,1.5193250528700712,5.933457909300355,5.810372960806494,0.5591827910656774,0.522969889581472,1541,1.5193250528700712,0.0,1.0,0.0,,0,False,0,False,-0.0009209111652544391,0.0003349310163986714,,-0.0009209111652544391,0.0003349310163986714,,0.7221636441646471,0,False,False,False,False,False,0.001188609986174417,2972,1550,0
447,True,447,447,1,0.3770000000000003,0.001,0.001,0,0,0,False,False,,,none,1.0,1.9612425321712506,1.8124127917170734,0.9997421877291154,0.033301053093538875,1.0197214495111502,True,2,1,4,1,True,2,,,2,2,2,1154,,,,,,,,,7,0.8,4.2872888470505104e-07,1.1544899790860881e-07,3.1765739088017192e-06,1.0842648589198383e-06,3.3857626925209672e-06,False,0.0105130598703701,0.0,0.0105130598703701,0.885683833223091,0.885683833223091,-0.9781032612050348,1.0238031380726098,3.140290796624407,2.9629593544866233,0.9435302481131993,0.004816972864744765,1.0197214495111502,1.0149044766464055,0.004816972864744765,1.0197214495111502,1.0149044766464055,0.019880984309636952,0.029890516306025173,0.01000953199638822,0.04816973047642446,1.2849162473180002,1.2367465168415759,9.73763748424605,9.737634739575348,9.737633101783707,0.13023594897376986,0.2612753041287035,1,none,1.5283674334300676,1.6697090514208996,1.5283674334300676,5.833742214530173,5.703404382794774,0.5724315508018626,0.535949173809464,1551,1.5283674334300676,0.0,1.0,0.0,,0,False,0,False,-0.00010915771159880944,0.0006737072003669489,,-0.00010915771159880944,0.0006737072003669489,,0.7254418082276555,0,False,False,False,False,False,0.0008796095567613797,2972,1550,0
448,True,448,448,1,0.3780000000000003,0.001,0.001,0,0,0,False,False,,,none,1.0,1.9707069196335922,1.8200855397340119,0.9997437361141301,0.033618715338330336,1.0239265995190807,True,2,1,4,1,True,2,,,2,2,2,1262,,,,,,,,,7,0.8,4.3440580926491424e-07,1.1695174336256018e-07,3.1964505623063623e-06,1.0820588229034029e-06,3.404487275771552e-06,False,0.010612320717540258,0.0,0.010612320717540258,0.885139105084183,0.885139105084183,-0.97768509298982,1.0237788716253915,3.140290796624407,2.9611040850546524,0.9429394526894236,0.004851060375385339,1.0239265995190807,1.0190755391436954,0.004851060375385339,1.0239265995190807,1.0190755391436954,0.019881105641873044,0.0298884254649491,0.010007319823076056,0.04851060564792317,1.2994765313236365,1.2509659256757133,9.763589208316755,9.76358632615819,9.763584695720024,0.13189840063843414,0.2666535629129914,1,none,1.5331816868698074,1.6761682130412843,1.5331816868698074,5.833746340300644,5.701096676256144,0.5746455588793744,0.5378550036715508,1557,1.5331816868698074,0.0,1.0,0.0,,0,False,0,False,-0.0002279568941645192,7.503717689863056e-05,,-0.0002279568941645192,7.503717689863056e-05,,0.7257784420657033,0,False,False,False,False,False,0.0006103433810387705,2972,1550,0
449,True,449,449,1,0.3790000000000003,0.001,0.001,0,0,0,False,False,,,none,1.0,1.9801688591697584,1.827725106150492,0.9997450630106273,0.03393839882936921,1.0279553204252023,True,2,1,4,1,True,2,,,2,2,2,1012,,,,,,,,,7,0.8,4.402433153160671e-07,1.1848489573752728e-07,3.2162457170977586e-06,1.0807558471077997e-06,3.4234664539039647e-06,False,0.010694314358270618,0.0,0.010694314358270618,0.8845797863945543,0.8845797863945543,-0.9772565662730789,1.0237570382364836,3.140290796624407,2.9592182157880647,0.9423389129978081,0.004885510732567086,1.0279553204252023,1.0230698096926352,0.004885510732567086,1.0279553204252023,1.0230698096926352,0.019881214808817584,0.029886282831365393,0.01000506802254781,0.04885510927998826,1.3135185304763741,1.2646634211963859,9.789380751779355,9.78937772725353,9.789376104365855,0.13360698471916832,0.272086770863652,1,none,1.5400678152601088,1.684780337600675,1.5400678152601088,5.734030690727493,5.594727309265467,0.5876425950510293,0.5505425841611946,1565,1.5400678152601088,0.0,1.0,0.0,,0,False,0,False,-0.0005000857549409787,-0.0002671568381328644,,-0.0005000857549409787,-0.0002671568381328644,,0.7278507809437108,0,False,False,False,False,False,0.00043720802919304747,2972,1550,0
450,True,450,450,1,0.3800000000000003,0.001,0.001,0,0,0,False,False,,,none,1.0,1.9896268593649034,1.8353295092552528,0.9997461790273373,0.03426005123465029,1.0318024218760244,True,2,1,4,1,True,2,,,2,2,2,776,,,,,,,,,7,0.8,4.4622632574532976e-07,1.2004869431470278e-07,3.235947606204491e-06,1.0803974167694087e-06,3.4426944550827377e-06,False,0.010758672946072134,0.0,0.010758672946072134,0.8840056596115448,0.8840056596115448,-0.9768108275108793,1.023737760471797,3.140290796624407,2.957301325098019,0.9417284947868239,0.00492032763985286,1.0318024218760244,1.0268820942361716,0.00492032763985286,1.0318024218760244,1.0268820942361716,0.019881311197641017,0.029884054137554395,0.010002742939913378,0.04920327840658384,1.3280565824791701,1.2788533040725862,9.815008493241011,9.815005321212915,9.815003706068763,0.13536301723757518,0.2775726084238152,1,none,1.5479767612663398,1.6944689937214368,1.5479767612663398,5.584452727669036,5.435996858287808,0.6068523009697719,0.5695282030585685,1574,1.5479767612663398,0.0,1.0,0.0,,0,False,0,False,0.0026007776970866864,-0.0014419324044861667,,0.0026007776970866864,-0.0014419324044861667,,0.730129375709782,0,False,False,False,False,False,0.003315939049412949,2972,1550,0
451,True,451,451,1,0.3810000000000003,0.001,0.001,0,0,0,False,False,,,none,1.0,1.9990794248898012,1.8428967606426563,0.9997470939807516,0.03458364018733017,1.0354627912197205,True,2,1,4,1,True,2,,,2,2,2,949,,,,,,,,,7,0.8,4.523514071981332e-07,1.2164532246324704e-07,3.255544776309884e-06,1.0810324636221328e-06,3.462170180397669e-06,False,0.010805163333353573,0.0,0.010805163333353573,0.8834165040384275,0.8834165040384275,-0.9763474238280785,1.0237211728874387,3.140290796624407,2.955352992035666,0.941108064008742,0.0049555148605133215,1.0354627912197205,1.0305072763592071,0.0049555148605133215,1.0354627912197205,1.0305072763592071,0.019881394135562804,0.029881737119140394,0.01000034298357759,0.049555150661736685,1.3438718454752874,1.2943166948135507,9.840469123654902,9.840465798782201,9.840464191572627,0.137167854884932,0.2831086012757286,1,none,1.553748119584958,1.7020040799942127,1.553748119584958,5.63427249853961,5.485362008198797,0.604161080400484,0.5665070481264938,1581,1.553748119584958,0.0,1.0,0.0,,0,False,0,False,0.002179100206548792,-0.0012145656162100278,,0.002179100206548792,-0.0012145656162100278,,0.7330266523839365,0,False,False,False,False,False,0.000479069475585058,2972,1550,0
452,True,452,452,1,0.3820000000000003,0.001,0.001,0,0,0,False,False,,,none,1.0,2.008525057835395,1.8504248670416055,0.9997478190858399,0.03490914808293402,1.038931406940821,True,2,1,4,1,True,2,,,2,2,2,912,,,,,,,,,7,0.8,4.5860199526032973e-07,1.2327444037048568e-07,3.275024443858719e-06,1.0826943741935525e-06,3.481885206822289e-06,False,0.010833694479679967,0.0,0.010833694479679967,0.8828120939743817,0.8828120939743817,-0.9758659030587676,1.0237074177421097,3.140290796624407,2.9533727973018995,0.9404774871411808,0.004991076237483018,1.038931406940821,1.0339403307033381,0.004991076237483018,1.038931406940821,1.0339403307033381,0.01988146291128945,0.029879329515293835,0.009997866604004386,0.04991076448254678,1.3594232826998767,1.30951251821733,9.86575966462531,9.86575618141934,9.865754582332338,0.13902287985942133,0.28869211936880446,1,none,1.5678667871464707,1.7181521865880711,1.5678667871464707,5.983304654516323,5.84195342041368,0.5743154613700554,0.5367611394051297,1596,1.5678667871464707,0.0,1.0,0.0,,0,False,0,False,0.002880688425450013,-0.0012108386921877458,,0.002880688425450013,-0.0012108386921877458,,0.7344124604141845,0,False,False,False,False,False,0.0007015981177737404,2972,1550,0
453,True,453,453,1,0.3830000000000003,0.001,0.001,0,0,0,False,False,,,none,1.0,2.0179622591123576,1.8579118323253456,0.9997483687384914,0.03523657720718837,1.0422033531685742,True,2,1,4,1,True,2,,,2,2,2,789,,,,,,,,,7,0.8,4.6497284190156477e-07,1.249371753820317e-07,3.2943736903332365e-06,1.085421442430842e-06,3.501834770623385e-06,False,0.010844323705190728,0.0,0.010844323705190728,0.8821921966495592,0.8821921966495592,-0.9753658158141696,1.023696640515531,3.140290796624407,2.951360324629176,0.9398366316271353,0.005027015715642376,1.0422033531685742,1.0371763374529317,0.005027015715642376,1.0422033531685742,1.0371763374529317,0.019881516797422345,0.029876829079070844,0.009995312281648499,0.0502701593198414,1.374442961052869,1.3241728017330276,9.89087748712932,9.890873840013136,9.890872249235496,0.1409294924806354,0.29432037555364504,1,none,1.575684161594248,1.7278408962513705,1.575684161594248,5.634284077848866,5.479008095652689,0.6133311250827271,0.5751713208251955,1605,1.575684161594248,0.0,1.0,0.0,,0,False,0,False,0.0020566616379292793,-0.0014806198698330412,,0.0020566616379292793,-0.0014806198698330412,,0.7340562009264177,0,False,False,False,False,False,0.0008670651823037429,2972,1550,0
454,True,454,454,1,0.3840000000000003,0.001,0.001,0,0,0,False,False,,,none,1.0,2.027389529875549,1.8653556577010846,0.9997487527488036,0.03556594729278434,1.0452738328061684,True,2,1,4,1,True,2,,,2,2,2,894,,,,,,,,,7,0.8,4.714429837237867e-07,1.2663204062847148e-07,3.313577643579571e-06,1.0892293231608762e-06,3.5220039010597306e-06,False,0.01085226710643905,0.0,0.01085226710643905,0.8815565822551616,0.8815565822551616,-0.9748467147071875,1.023688989079631,3.140290796624407,2.9493151595650096,0.9391853654875902,0.005063337227902373,1.0452738328061684,1.040210495578266,0.005063337227902373,1.0452738328061684,1.040210495578266,0.019881555054601843,0.029874233573535938,0.009992678518934095,0.050633374504723924,1.3892715763885792,1.3386382018838554,9.915820326853797,9.91581651022359,9.915814927939254,0.14288910228218976,0.2999904223540305,1,none,1.5792682051790616,1.7332235059792669,1.5792682051790616,5.584428203230556,5.426599257466483,0.6207344576394082,0.582047109156306,1610,1.5792682051790616,0.0,1.0,0.0,,0,False,0,False,0.0026003002461062077,-0.0008834730420810003,,0.0026003002461062077,-0.0008834730420810003,,0.7374152975929715,0,False,False,False,False,False,0.0008075439741555091,2972,1550,0
455,True,455,455,1,0.3850000000000003,0.001,0.001,0,0,0,False,False,,,none,1.0,2.036805372903588,1.8727543429727702,0.9997489867088932,0.03589729220845331,1.048138182941695,True,2,1,4,1,True,2,,,2,2,2,1294,,,,,,,,,7,0.8,4.78002646485034e-07,1.283591268183888e-07,3.3326211812920342e-06,1.094136159620995e-06,3.5423806217388284e-06,False,0.010907441556808117,0.0,0.010907441556808117,0.880905027373221,0.880905027373221,-0.9743081554558854,1.0236846280847982,3.140290796624407,2.9472368879744226,0.9385235568446387,0.005100044663592817,1.048138182941695,1.0430381382781022,0.005100044663592817,1.048138182941695,1.0430381382781022,0.01988157685957601,0.029871540777279423,0.009989963917703414,0.051000448935661774,1.4039101167930446,1.3529096678573829,9.940586299761627,9.940582308031827,9.940580734423209,0.14490314968179663,0.3056991487681651,1,none,1.5869907697984944,1.7429119832849806,1.5869907697984944,5.833710133997252,5.686659003338635,0.5975312256698428,0.5581452198441204,1619,1.5869907697984944,0.0,1.0,0.0,,0,False,0,False,0.0010423308834756758,-0.0005292553687453599,,0.0010423308834756758,-0.0005292553687453599,,0.7395026916181805,0,False,False,False,False,False,0.001597729230814377,2972,1550,0
456,True,456,456,1,0.3860000000000003,0.001,0.001,0,0,0,False,False,,,none,1.0,2.0462082940986615,1.8801058912573871,0.999749087351749,0.03623066768700862,1.0507918854440659,True,2,1,4,1,True,2,,,2,2,2,1238,,,,,,,,,7,0.8,4.846488868149366e-07,1.3011841343646725e-07,3.351488182270221e-06,1.1001570383489368e-06,3.5629529732978282e-06,False,0.010945295452426618,0.0,0.010945295452426618,0.8802372970033219,0.8802372970033219,-0.9737496988518244,1.023683729128575,3.140290796624407,2.9451251006691246,0.9378510753956061,0.005137142069805115,1.0507918854440659,1.0456547433742607,0.005137142069805115,1.0507918854440659,1.0456547433742607,0.019881581354357126,0.02986874849425912,0.009987167139901994,0.05137142308463555,1.4188833100492222,1.3675118869645866,9.965173923269502,9.965169750906783,9.965168186154951,0.146973086664905,0.3114432846259802,1,none,1.5915565000466585,1.7493712099115206,1.5915565000466585,5.933432878308921,5.788007411182172,0.5896657957678308,0.5499497104899493,1625,1.5915565000466585,0.0,1.0,0.0,,0,False,0,False,-0.00014618141747825116,-0.0005143371963815278,,-0.00014618141747825116,-0.0005143371963815278,,0.7405393126979398,0,False,False,False,False,False,0.0011886059235026026,2972,1550,0
457,True,457,457,1,0.3870000000000003,0.001,0.001,0,0,0,False,False,,,none,1.0,2.0555968039897228,1.8874083090026437,0.9997490697657994,0.03658636113732011,1.0532305810568725,True,2,1,4,1,True,2,,,2,2,2,1199,,,,,,,,,7,0.8,4.913750962133456e-07,1.3190913450803385e-07,3.370160844040455e-06,1.107292758139125e-06,3.583703513388929e-06,False,0.010965898612917968,0.0,0.010965898612917968,0.8795531565557357,0.8795531565557357,-0.9731709122749737,1.0236864717983796,3.140290796624407,2.9429793917140086,0.9371677918737671,0.005174633516120652,1.0532305810568725,1.0480559475407518,0.005174633516120652,1.0532305810568725,1.0480559475407518,0.019881567641008104,0.029865854561374867,0.009984286920366764,0.05174633763947425,1.4352910527487677,1.3835447151092934,9.989582129701077,9.98957777124081,9.989576215525009,0.14910037720175215,0.31721939842177366,1,none,1.5981782323084697,1.7579830970129902,1.5981782323084697,6.132849559182205,5.993192816851366,0.5733005775042724,0.5333311579146229,1633,1.5981782323084697,0.0,1.0,0.0,,0,False,0,False,0.00029534358056555813,0.0007377433524565394,,0.00029534358056555813,0.0007377433524565394,,0.7429225345131054,0,False,False,False,False,False,0.0013276483060947358,2972,1550,0
458,True,458,458,1,0.3880000000000003,0.001,0.001,0,0,0,False,False,,,none,1.0,2.0649694192196595,1.8946596076892042,0.9997489477302368,0.0369536321009924,1.0554500836558993,True,2,1,4,1,True,2,,,2,2,2,806,,,,,,,,,7,0.8,4.981791721304736e-07,1.337311959624391e-07,3.388620222287323e-06,1.1155374716074446e-06,3.6046133470558343e-06,False,0.010969466896713631,0.0,0.010969466896713631,0.8788523732730726,0.8788523732730726,-0.9725713690675875,1.023693049892633,3.140290796624407,2.9407993578935603,0.9364735778784289,0.005212523081243943,1.0554500836558993,1.0502375605746554,0.005212523081243943,1.0554500836558993,1.0502375605746554,0.01988153475053683,0.029862856845337935,0.009981322094801105,0.05212523338346714,1.4511555127943747,1.3990302794109075,10.013810281086535,10.01380573112793,10.01380418462553,0.1512865133713616,0.323023896656299,1,none,1.6047737779208746,1.766595165389051,1.6047737779208746,6.132846359944007,5.991526017877667,0.5761093827255702,0.5356811513903169,1641,1.6047737779208746,0.0,1.0,0.0,,0,False,0,False,0.0001075719857981966,0.00059526823434347,,0.0001075719857981966,0.00059526823434347,,0.7437066328252245,0,False,False,False,False,False,0.00023570602682751097,2972,1550,0
459,True,459,459,1,0.3890000000000003,0.001,0.001,0,0,0,False,False,,,none,1.0,2.0743246641381288,1.9018578085180158,0.9997487297201756,0.03732352737268345,1.0574463967018266,True,2,1,4,1,True,2,,,2,2,2,796,,,,,,,,,7,0.8,5.050785645816854e-07,1.3558621959445988e-07,3.406847074197031e-06,1.1248951431371428e-06,3.625670151759839e-06,False,0.010956364145238373,0.0,0.010956364145238373,0.8781347012032267,0.8781347012032267,-0.9719506508054352,1.0237036629898302,3.140290796624407,2.93858460321173,0.9357683073078782,0.005250815020735414,1.0574463967018266,1.0521955816810913,0.005250815020735414,1.0574463967018266,1.0521955816810913,0.019881481685050852,0.029859753254027174,0.009978271568976321,0.052508152872290735,1.4666402807836667,1.4141321279113759,10.037858188435587,10.037853441609586,10.037851904497401,0.15353300684835913,0.32885302979048253,1,none,1.6144695439220824,1.7784360966251493,1.6144695439220824,6.08300822873469,5.938161340120457,0.5847225680952521,0.5437607540280582,1652,1.6144695439220824,0.0,1.0,0.0,,0,False,0,False,-0.0019728049461452293,0.0002448181476779154,,-0.0019728049461452293,0.0002448181476779154,,0.7449488005481496,0,False,False,False,False,False,0.0021096879964123214,2972,1550,0
460,True,460,460,1,0.3900000000000003,0.001,0.001,0,0,0,False,False,,,none,1.0,2.083661072402076,1.9090009417405245,0.9997484250863147,0.03769605585703242,1.0592157246014244,True,2,1,4,1,True,2,,,2,2,2,799,,,,,,,,,7,0.8,5.120687253948471e-07,1.3747268892742353e-07,3.424819088389779e-06,1.1353343714319025e-06,3.6468456291543394e-06,False,0.010927102164915548,0.0,0.010927102164915548,0.877399897234396,0.877399897234396,-0.9713083485063245,1.0237185150427222,3.140290796624407,2.936334736589478,0.9350518556261835,0.005289513584022717,1.0592157246014244,1.0539262110174017,0.005289513584022717,1.0592157246014244,1.0539262110174017,0.019881407424786387,0.02985654174253162,0.009975134317745233,0.052895138607826304,1.4825516065652558,1.4296564679574295,10.061726121813255,10.06172117274184,10.061719645192074,0.15584138175140697,0.3347028917813174,1,none,1.6199429212707512,1.7859710023100641,1.6199429212707512,6.132835781206386,5.988910791672217,0.5824290967591332,0.5409808152505249,1659,1.6199429212707512,0.0,1.0,0.0,,0,False,0,False,-0.0016140381768782153,0.0019312725305149956,,-0.0016140381768782153,0.0019312725305149956,,0.7480905380826397,0,False,False,False,False,False,0.0017241931388683484,2972,1550,0
461,True,461,461,1,0.3910000000000003,0.001,0.001,0,0,0,False,False,,,none,1.0,2.0929771885092263,1.9160870484047074,0.9997480491187594,0.0380763469331903,1.0607544874877026,True,2,1,4,1,True,2,,,2,2,2,768,,,,,,,,,7,0.8,5.19162623568383e-07,1.3939224717011937e-07,3.442514047364673e-06,1.146832994456413e-06,3.668117897745178e-06,False,0.010882338760158206,0.0,0.010882338760158206,0.8766477232026179,0.8766477232026179,-0.9706440633244222,1.023737826766644,3.140290796624407,2.9340493706156487,0.934324099465421,0.00532862299959141,1.0607544874877026,1.0554258644881112,0.00532862299959141,1.0607544874877026,1.0554258644881112,0.019881310866166783,0.02985322031662211,0.009971909450455327,0.05328623288225051,1.4985508332721467,1.4452646003898961,10.085414822434961,10.085409665659942,10.085408147841695,0.15821321123040938,0.3405694203840931,1,none,1.6264235051556333,1.7945822740322441,1.6264235051556333,6.232509394277015,6.091349804408148,0.5758779202740117,0.5340108702930288,1667,1.6264235051556333,0.0,1.0,0.0,,0,False,0,False,-0.002134388486844676,0.0008388371141606056,,-0.002134388486844676,0.0008388371141606056,,0.7493076171644625,0,False,False,False,False,False,0.0012100328854983988,2972,1550,0
462,True,462,462,1,0.3920000000000003,0.001,0.001,0,0,0,False,False,,,none,1.0,2.102271569394968,1.9231141845114381,0.9997476165719466,0.038464025055604235,1.0620593370817928,True,2,1,4,1,True,2,,,2,2,2,881,,,,,,,,,7,0.8,5.263801750361393e-07,1.4134670210653245e-07,3.4599091512561804e-06,1.159368330450902e-06,3.6894662540083282e-06,False,0.010900436191025431,0.0,0.010900436191025431,0.875877934213802,0.875877934213802,-0.969957406755764,1.0237618326498379,3.140290796624407,2.9317281245959275,0.9335849175965901,0.005368147606609179,1.0620593370817928,1.0566911894751836,0.005368147606609179,1.0620593370817928,1.0566911894751836,0.01988119083675081,0.02984978703377882,0.009968596197028008,0.053681479087541714,1.5149839087067083,1.4613024296191666,10.108925517129144,10.108920147030512,10.108918639109302,0.16065010852344005,0.3464484057548197,1,none,1.6360112120644712,1.8064241709922944,1.6360112120644712,6.282369572408466,6.1393893514884565,0.5750773335353996,0.5329556795963203,1678,1.6360112120644712,0.0,1.0,0.0,,0,False,0,False,5.8896623420817445e-05,0.0018699013100796987,,5.8896623420817445e-05,0.0018699013100796987,,0.7513923343534826,0,False,False,False,False,False,0.002423549659284621,2972,1550,0
463,True,463,463,1,0.3930000000000003,0.001,0.001,0,0,0,False,False,,,none,1.0,2.1115427860992266,1.9300804238687412,0.9997471394931249,0.03885478048511099,1.0631271678717285,True,2,1,4,1,True,2,,,2,2,2,869,,,,,,,,,7,0.8,5.337388480053093e-07,1.433388347238485e-07,3.4769803713087833e-06,1.1729066971008834e-06,3.710865909997381e-06,False,0.011213838713534652,0.0,0.011213838713534652,0.8750902764664185,0.8750902764664185,-0.9692480038015857,1.0237907729039146,3.140290796624407,2.929370626931519,0.9328341916870844,0.005408091877150166,1.0631271678717285,1.0577190759945783,0.005408091877150166,1.0631271678717285,1.0577190759945783,0.01988104613548043,0.029846240019007927,0.009965193883527498,0.05408092193898906,1.5309046898556111,1.476823767916622,10.132259930961146,10.132254341668352,10.132252843804133,0.1631537192003029,0.35233549759299754,1,none,1.6476500190743897,1.8204177746610024,1.6476500190743897,6.232427379673709,6.085218962709106,0.5841761688545525,0.5415253022681258,1691,1.6476500190743897,0.0,1.0,0.0,,0,False,0,False,0.0006084614733702875,-0.0010727572131020917,,0.0006084614733702875,-0.0010727572131020917,,0.7527225391304303,0,False,False,False,False,False,0.0029935364885623856,2972,1550,0
464,True,464,464,1,0.3940000000000003,0.001,0.001,0,0,0,False,False,,,none,1.0,2.120789425425267,1.936983858367849,0.9997466279526562,0.039248648151695806,1.0639551281941944,True,2,1,4,1,True,2,,,2,2,2,1073,,,,,,,,,7,0.8,5.412455070419277e-07,1.453674808806063e-07,3.4937022905054095e-06,1.1873967647275816e-06,3.7322841766080617e-06,False,0.011522480978837901,0.0,0.011522480978837901,0.8742844980159553,0.8742844980159553,-0.9685154944361839,1.0238248926431686,3.140290796624407,2.926976513690064,0.9320718058456112,0.005448460294455085,1.0639551281941944,1.0585066678997392,0.005448460294455085,1.0639551281941944,1.0585066678997392,0.019880875536784158,0.02984257747218092,0.009961701935396763,0.05448460626134756,1.546710018445005,1.4922254121836576,10.15542029423805,10.155414479539806,10.155412991884043,0.16572572345871314,0.3582262081580368,1,none,1.656111302748271,1.8311809859338009,1.656111302748271,6.232326024926911,6.083918328324034,0.5876396641028663,0.5444225952337818,1701,1.656111302748271,0.0,1.0,0.0,,0,False,0,False,0.0004488542053200371,0.00028545489537087226,,0.0004488542053200371,0.00028545489537087226,,0.7539595198418408,0,False,False,False,False,False,0.0013675579006451751,2972,1550,0
465,True,465,465,1,0.3950000000000003,0.001,0.001,0,0,0,False,False,,,none,1.0,2.1300100914933697,1.9438225986241473,0.9997460938574142,0.039645684597686415,1.0645406375717914,True,2,1,4,1,True,2,,,2,2,2,1404,,,,,,,,,7,0.8,5.489164744951906e-07,1.4743728253608656e-07,3.510050159709759e-06,1.2027918479852168e-06,3.75369250225855e-06,False,0.011825563007592299,0.0,0.011825563007592299,0.8734603564738341,0.8734603564738341,-0.9677595327701091,1.0238644548479154,3.140290796624407,2.924545425686857,0.9312976456927297,0.0054892572706135975,1.0645406375717914,1.0590513803011778,0.0054892572706135975,1.0645406375717914,1.0590513803011778,0.019880677725760423,0.029838797663850544,0.00995811993809012,0.05489257617715112,1.5631440466014064,1.5082514704242553,10.178409347615952,10.178403300868375,10.178401823564265,0.16836786652366484,0.36411591475486166,1,none,1.6603636509991193,1.83764009865431,1.6603636509991193,6.232317915644829,6.082105151777189,0.5897132089623762,0.5459832112616342,1707,1.6603636509991193,0.0,1.0,0.0,,0,False,0,False,-0.0008721457623715265,-0.00010637633795680349,,-0.0008721457623715265,-0.00010637633795680349,,0.7543292029955112,0,False,False,False,False,False,0.0013778870164321165,2972,1550,0
466,True,466,466,1,0.3960000000000003,0.001,0.001,0,0,0,False,False,,,none,1.0,2.139203407441988,1.9505947806528827,0.9997455489487806,0.04004595949949925,1.0648813957128762,True,2,1,4,1,True,2,,,2,2,2,1398,,,,,,,,,7,0.8,5.567738297894366e-07,1.4955128687356892e-07,3.525999629364405e-06,1.2190523935679425e-06,3.7750661993514217e-06,False,0.012122310391160518,0.0,0.012122310391160518,0.8726175978508113,0.8726175978508113,-0.9669797912064791,1.023909727788264,3.140290796624407,2.9220770156805607,0.9305116006522673,0.005530487383662427,1.0648813957128762,1.0593509083292139,0.005530487383662427,1.0648813957128762,1.0593509083292139,0.01988045136105868,0.029834898956032398,0.009954447594973718,0.05530487746208949,1.579334638523259,1.5240297610611695,10.201230355643688,10.201224069689307,10.20122260287191,0.1710819281962205,0.3699998770806346,1,none,1.6677072373218165,1.8473276133892875,1.6677072373218165,6.381827396813379,6.233651541965761,0.5789337437460965,0.5350659163716779,1716,1.6677072373218165,0.0,1.0,0.0,,0,False,0,False,-0.0018477435299526551,0.0012885112023650115,,-0.0018477435299526551,0.0012885112023650115,,0.7569624178932598,0,False,False,False,False,False,0.0017022051152121253,2972,1550,0
467,True,467,467,1,0.3970000000000003,0.001,0.001,0,0,0,False,False,,,none,1.0,2.1483680170203963,1.9572985637688678,0.9997450010081516,0.0404495544961844,1.064975395621677,True,2,1,4,1,True,2,,,2,2,2,1421,,,,,,,,,7,0.8,5.648160280500046e-07,1.517107606623632e-07,3.5415248529848823e-06,1.236106239376422e-06,3.7963653959778226e-06,False,0.01241198107407826,0.0,0.01241198107407826,0.8717559780223255,0.8717559780223255,-0.9661759600167593,1.0239609929110973,3.140290796624407,2.919570943134054,0.9297135622829544,0.005572155135224064,1.064975395621677,1.0594032404864528,0.005572155135224064,1.064975395621677,1.0594032404864528,0.01988019503544451,0.029830879800083795,0.009950684764639284,0.05572155513879189,1.594982475819138,1.539260920680346,10.223887105333054,10.223880572445385,10.223879116236706,0.17386973772195913,0.3758732379787929,1,none,1.6770890836757977,1.8591679846212166,1.6770890836757977,6.631060876143182,6.491334653259263,0.5607452621374704,0.5167162604484551,1727,1.6770890836757977,0.0,1.0,0.0,,0,False,0,False,-0.0008596535462840733,0.0005028135523815938,,-0.0008596535462840733,0.0005028135523815938,,0.7582663297995308,0,False,False,False,False,False,0.0012623955849953071,2972,1550,0
468,True,468,468,1,0.3980000000000003,0.001,0.001,0,0,0,False,False,,,none,1.0,2.157502586210799,1.9639321351245482,0.9997444631746751,0.040856575052081734,1.064820934805047,True,2,1,4,1,True,2,,,2,2,2,1371,,,,,,,,,7,0.8,5.730537260633905e-07,1.5391849633199376e-07,3.5566015356463045e-06,1.2538969156414618e-06,3.817558569935117e-06,False,0.012693871718846061,0.0,0.012693871718846061,0.8708752517430396,0.8708752517430396,-0.9653477513493741,1.0240185438166158,3.140290796624407,2.9170268775459958,0.9289034253393333,0.005614265078934625,1.064820934805047,1.0592066697261124,0.005614265078934625,1.064820934805047,1.0592066697261124,0.01987990728091692,0.02982673875674687,0.009946831475829948,0.0561426547469128,1.6116753632214647,1.5555327084745518,10.246383912993082,10.24637712482885,10.246375679339085,0.1767331713064547,0.38173103626471944,1,none,1.6822776553416943,1.8667019066456012,1.6822776553416943,6.381754036945626,6.228975896115758,0.5850121755989907,0.5401458228119723,1734,1.6822776553416943,0.0,1.0,0.0,,0,False,0,False,-0.0005674303658924527,0.0006857603553302809,,-0.0005674303658924527,0.0006857603553302809,,0.7601560046680854,0,False,False,False,False,False,0.0003447664714953288,2972,1550,0
469,True,469,469,1,0.3990000000000003,0.001,0.001,0,0,0,False,False,,,none,1.0,2.1666058047906116,1.9704937106870921,0.9997439462798527,0.04130907944451614,1.0644166322201576,True,2,1,4,1,True,2,,,2,2,2,946,,,,,,,,,7,0.8,5.814883123524054e-07,1.5617770421086848e-07,3.5712055656792797e-06,1.2723574440557046e-06,3.838609486582043e-06,False,0.012967324087831522,0.0,0.012967324087831522,0.8699751781277228,0.8699751781277228,-0.9644948954511385,1.024082689608839,3.140290796624407,2.914444496977686,0.9280810873026505,0.005656821760881186,1.0644166322201576,1.0587598104592764,0.005656821760881186,1.0644166322201576,1.0587598104592764,0.01987958655195581,0.02982247447725569,0.009942887925299883,0.056568221741780854,1.6281636749045125,1.5715954531627316,10.268725623775179,10.268718571356871,10.268717136683115,0.1796741575618245,0.3875682143682271,1,none,1.690552856196181,1.8774629581756965,1.690552856196181,6.1823056620085115,6.017582471707578,0.6073665913068896,0.5618711049311008,1744,1.690552856196181,0.0,1.0,0.0,,0,False,0,False,-0.0005978876476127257,0.001207054847069379,,-0.0005978876476127257,0.001207054847069379,,0.7611006568813955,0,False,False,False,False,False,0.0005221834860729633,2972,1550,0
470,True,470,470,1,0.4000000000000003,0.001,0.001,0,0,0,False,False,,,none,1.0,2.1756763879134704,1.9769815390234142,0.9997434582724939,0.04177576284789947,1.0637614308627878,True,2,1,4,1,True,2,,,2,2,2,896,,,,,,,,,7,0.8,5.901293647754158e-07,1.5849124218001535e-07,3.585314285979282e-06,1.2914322654084e-06,3.859488044599051e-06,False,0.013231731578974948,0.0,0.013231731578974948,0.8690555139435489,0.8690555139435489,-0.9636171446667595,1.0241537521474395,3.140290796624407,2.9118234906839677,0.9272464492186437,0.005699829793778162,1.0637614308627878,1.0580616010690096,0.005699829793778162,1.0637614308627878,1.0580616010690096,0.0198792312392628,0.029818085723333797,0.009938854484070996,0.056998302242307224,1.6449453727891408,1.5879470705468335,10.290917613778136,10.290910287495432,10.29090886372277,0.18269466808709464,0.39337963191119496,1,none,1.6967030530652454,1.886071956510515,1.6967030530652454,6.0827262470332,5.908328625792877,0.6201403383656896,0.5743428169036734,1752,1.6967030530652454,0.0,1.0,0.0,,0,False,0,False,0.0001258637294123672,0.0007048725891706771,,0.0001258637294123672,0.0007048725891706771,,0.7608775357602722,0,False,False,False,False,False,0.000880910367684452,2972,1550,0
471,True,471,471,1,0.4010000000000003,0.001,0.001,0,0,0,False,False,,,none,1.0,2.1847130777005157,1.983393903579529,0.9997430044252168,0.04224738582219851,1.0628546111478019,True,2,1,4,1,True,2,,,2,2,2,1087,,,,,,,,,7,0.8,5.989674440714047e-07,1.608604342202625e-07,3.5989043872508114e-06,1.3110428401260933e-06,3.88015259952157e-06,False,0.013486545226311097,0.0,0.013486545226311097,0.8681160147537543,0.8681160147537543,-0.9627142747079293,1.0242320612573108,3.140290796624407,2.9091635603943824,0.9263994161055179,0.005743293841600683,1.0628546111478019,1.0571113173062012,0.005743293841600683,1.0628546111478019,1.0571113173062012,0.019878839693713447,0.029813571373539644,0.009934731679826198,0.057432942895691994,1.661293921558716,1.603860978663024,10.312965788338342,10.312958177983434,10.312956765182193,0.18579670297790335,0.3991600771420219,1,none,1.7017690653357254,1.8936069156260027,1.7017690653357254,5.933146201461968,5.749203928243991,0.6383145977961592,0.5920016359049228,1759,1.7017690653357254,0.0,1.0,0.0,,0,False,0,False,0.001240241552577686,-0.0010798268048269363,,0.001240241552577686,-0.0010798268048269363,,0.7635912288028995,0,False,False,False,False,False,0.002104041316062525,2972,1550,0
472,True,472,472,1,0.4020000000000003,0.001,0.001,0,0,0,False,False,,,none,1.0,2.1937146447389946,1.9897291230793626,0.9997425904861665,0.042723925758869935,1.0616957956269655,True,2,1,4,1,True,2,,,2,2,2,1217,,,,,,,,,7,0.8,6.080026444936597e-07,1.6328762048197797e-07,3.6119543676416745e-06,1.331124173700299e-06,3.900568674238286e-06,False,0.013731277732224267,0.0,0.013731277732224267,0.8671564428721337,0.8671564428721337,-0.9617860868200349,1.0243179599046426,3.140290796624407,2.906464418107608,0.9255398962515999,0.005787218533997249,1.0616957956269655,1.0559085770929681,0.005787218533997249,1.0616957956269655,1.0559085770929681,0.019878410200476787,0.02980893043410017,0.009930520233623383,0.057872189993613266,1.6770309882592542,1.619158798265641,10.334876575728973,10.334868670542074,10.334867268770648,0.18898230375547873,0.40490427324300976,1,none,1.7067873203533765,1.9011426326347012,1.7067873203533765,6.082727767759389,5.902024002306085,0.625095419430549,0.5783735612347517,1766,1.7067873203533765,0.0,1.0,0.0,,0,False,0,False,0.0012374604409996907,0.0003513834515354064,,0.0012374604409996907,0.0003513834515354064,,0.7648404545743949,0,False,False,False,False,False,0.0014312129584720687,2972,1550,0
473,True,473,473,1,0.4030000000000003,0.001,0.001,0,0,0,False,False,,,none,1.0,2.202679889719997,1.9959855579289953,0.9997422242204974,0.04320536452869863,1.0602849599431121,True,2,1,4,1,True,2,,,2,2,2,1087,,,,,,,,,7,0.8,6.172374667627364e-07,1.6577528883803476e-07,3.6244434995920065e-06,1.351615483917637e-06,3.920703844320006e-06,False,0.013965508908513558,0.0,0.013965508908513558,0.8661765521373108,0.8661765521373108,-0.9608324085403207,1.0244117881118833,3.140290796624407,2.9037257937341927,0.9246678036491063,0.005831608634756533,1.0602849599431121,1.0544533513083556,0.005831608634756533,1.0602849599431121,1.0544533513083556,0.01987794105944058,0.029804162042701598,0.009926220983261017,0.05831609115786545,1.693373594100435,1.6350575029425696,10.356656928061236,10.356648716796029,10.356647326102376,0.19225351226327836,0.41060689942631307,1,none,1.7148900844118196,1.9119010251453257,1.7148900844118196,5.982744967966973,5.7932438646969855,0.6391384006445519,0.5920310363118182,1776,1.7148900844118196,0.0,1.0,0.0,,0,False,0,False,0.001468910264499608,-0.0004768326006074854,,0.001468910264499608,-0.0004768326006074854,,0.7680381281848496,0,False,False,False,False,False,0.0008599481669410663,2972,1550,0
474,True,474,474,1,0.4040000000000003,0.001,0.001,0,0,0,False,False,,,none,1.0,2.2116076448395843,2.0021616043536623,0.9997419095233768,0.043691700991873854,1.0586224343353978,True,2,1,4,1,True,2,,,2,2,2,818,,,,,,,,,7,0.8,6.266475413549226e-07,1.6832274706753002e-07,3.6363497111602297e-06,1.372421336057935e-06,3.940507484295476e-06,False,0.014188889916784464,0.0,0.014188889916784464,0.8651761214924752,0.8651761214924752,-0.9598530965961786,1.0245138962582696,3.140290796624407,2.9009474245285563,0.9237830546288489,0.005876468658122422,1.0586224343353978,1.0527459656772753,0.005876468658122422,1.0586224343353978,1.0527459656772753,0.019877430518708654,0.02979926548298089,0.009921834964272236,0.05876469153226718,1.7106179870393206,1.6518532955070533,10.378314301612033,10.378305772625781,10.378304393044491,0.19561239461303268,0.4162625859278836,1,none,1.7177450597151722,1.9172815318837086,1.7177450597151722,5.932738851204834,5.738897480665641,0.6463394327543485,0.5986324256539725,1781,1.7177450597151722,0.0,1.0,0.0,,0,False,0,False,0.0006967749866695526,-0.0008302912129087469,,0.0006967749866695526,-0.0008302912129087469,,0.767658306776697,0,False,False,False,False,False,0.0008491913081748011,2972,1550,0
475,True,475,475,1,0.4050000000000003,0.001,0.001,0,0,0,False,False,,,none,1.0,2.220496775134369,2.0082556996190064,0.9997416511017129,0.04418293824340547,1.0567089124402471,True,2,1,4,1,True,2,,,2,2,2,1120,,,,,,,,,7,0.8,6.362363727966532e-07,1.7093289815847855e-07,3.6476544811562443e-06,1.3934833683941087e-06,3.959948723106464e-06,False,0.014401146933245346,0.0,0.014401146933245346,0.8641549380802337,0.8641549380802337,-0.9588480345618491,1.0246246545298971,3.140290796624407,2.898129057900343,0.9228855687554889,0.005921803068473804,1.0567089124402471,1.0507871093717733,0.005921803068473804,1.0567089124402471,1.0507871093717733,0.019876876727350515,0.029794240172809246,0.009917363445458731,0.059218035779337715,1.7272310364200518,1.6680130006407141,10.399856651677108,10.39984779300779,10.399846424567055,0.19906106172162386,0.42186593057434724,1,none,1.7226277040920313,1.924807469532904,1.7226277040920313,5.982033881036363,5.7895043477338755,0.6435294442696934,0.5950864186728874,1788,1.7226277040920313,0.0,1.0,0.0,,0,False,0,False,0.0007372530280329042,-0.0003653231556803486,,0.0007372530280329042,-0.0003653231556803486,,0.7703014414025441,0,False,False,False,False,False,0.0004667266502733311,2972,1550,0
476,True,476,476,1,0.4060000000000003,0.001,0.001,0,0,0,False,False,,,none,1.0,2.229346179828128,2.01426632566636,0.9997414510930231,0.0446790872994293,1.0545454550358793,True,2,1,4,1,True,2,,,2,2,2,955,,,,,,,,,7,0.8,6.459986867724901e-07,1.7360675510806956e-07,3.6583390148334678e-06,1.4147330333351051e-06,3.9789907654822715e-06,False,0.0146020842880763,0.0,0.0146020842880763,0.8631127898119213,0.8631127898119213,-0.9578171363711008,1.0247444574938427,3.140290796624407,2.895270454247002,0.921975269729547,0.005967616368174446,1.0545454550358793,1.0485778386677047,0.005967616368174446,1.0545454550358793,1.0485778386677047,0.01987627771253079,0.029789085681855502,0.009912807969324713,0.05967616892927437,1.7432113872607164,1.683535218331442,10.421292422487086,10.421283221944108,10.421281864666492,0.20260164725729743,0.42741151741279054,1,none,1.7295593543754961,1.9344878868958442,1.7295593543754961,5.931647325731987,5.732678263216485,0.6522599138704259,0.6034036012357954,1797,1.7295593543754961,0.0,1.0,0.0,,0,False,0,False,0.0024607884411549075,-0.0009671962705879885,,0.0024607884411549075,-0.0009671962705879885,,0.771857867234576,0,False,False,False,False,False,0.0018256027954443594,2972,1550,0
477,True,477,477,1,0.4070000000000003,0.001,0.001,0,0,0,False,False,,,none,1.0,2.238154793696106,2.0201920132169144,0.9997413134534083,0.04518017787230339,1.0521334962072877,True,2,1,4,1,True,2,,,2,2,2,895,,,,,,,,,7,0.8,6.559436068471797e-07,1.7634691498868385e-07,3.668386256039584e-06,1.4361222600375161e-06,3.997607424330845e-06,False,0.014791586555543579,0.0,0.014791586555543579,0.8620494588458752,0.8620494588458752,-0.9567603473719621,1.0248738283573886,3.140290796624407,2.8923713909947137,0.9210520866742057,0.006013913170047566,1.0521334962072877,1.04611958303724,0.006013913170047566,1.0521334962072877,1.04611958303724,0.019875630858213058,0.029783801736859808,0.00990817087864675,0.060139137104052325,1.7596334742838085,1.6994943371797562,10.44263053742467,10.442620982661342,10.442619636569995,0.20623630095664047,0.4328939324718156,1,none,1.7374744180206467,1.9452475663625295,1.7374744180206467,6.230748909015846,6.042086829193093,0.6244024898990139,0.5751239487740637,1807,1.7374744180206467,0.0,1.0,0.0,,0,False,0,False,0.003136042135754711,-0.0007582712720831822,,0.003136042135754711,-0.0007582712720831822,,0.7728066224910853,0,False,False,False,False,False,0.0007068360538844339,2972,1550,0
478,True,478,478,1,0.4080000000000003,0.001,0.001,0,0,0,False,False,,,none,1.0,2.2469215883369507,2.0260313401918815,0.9997412466220422,0.04568624627637648,1.049474843953247,True,2,1,4,1,True,2,,,2,2,2,967,,,,,,,,,7,0.8,6.660586824461389e-07,1.7915295315802075e-07,3.6777774665324737e-06,1.4575718770801742e-06,4.015755572650827e-06,False,0.014969619672884349,0.0,0.014969619672884349,0.8609647367586937,0.8609647367586937,-0.9556776447745803,1.0250130292306325,3.140290796624407,2.889431659156404,0.9201159530392348,0.006060698018390725,1.049474843953247,1.0434141459348563,0.006060698018390725,1.049474843953247,1.0434141459348563,0.019874934853846837,0.0297783882238729,0.009903453370026061,0.06060698574930853,1.7765664735134474,1.7159594877641389,10.46388037838205,10.463870456970012,10.463869122087631,0.20996718282197308,0.43830776938808363,1,none,1.7453504772389903,1.9560075481229122,1.7453504772389903,6.430476410424602,6.247767185518372,0.6083554073698119,0.5587117526672627,1817,1.7453504772389903,0.0,1.0,0.0,,0,False,0,False,0.0013406513644626233,-0.0007077978162800502,,0.0013406513644626233,-0.0007077978162800502,,0.7732685344609512,0,False,False,False,False,False,0.0017961001061693386,2972,1550,0
479,True,479,479,1,0.4090000000000003,0.001,0.001,0,0,0,False,False,,,none,1.0,2.2556455733796383,2.031782934292422,0.9997412551289382,0.046197343506109545,1.046571679090243,True,2,1,4,1,True,2,,,2,2,2,971,,,,,,,,,7,0.8,6.763505668192457e-07,1.8202633166247074e-07,3.6864959407093802e-06,1.4790255631182526e-06,4.033404593129632e-06,False,0.015136231338281125,0.0,0.015136231338281125,0.8598584215450114,0.8598584215450114,-0.9545690382391795,1.0251624631244578,3.140290796624407,2.886451064498165,0.9191668069724301,0.006107975427588452,1.046571679090243,1.0404637036626547,0.006107975427588452,1.046571679090243,1.0404637036626547,0.01987418768437771,0.0297728451911959,0.00989865750681819,0.06107975999152403,1.7940201102731168,1.7329403502815928,10.4850517701098,10.485041469578748,10.48504014593441,0.21379647358440948,0.4436476423558935,1,none,1.755257212288659,1.9689184940229372,1.755257212288659,6.330873891356955,6.14664254411396,0.6220052800959902,0.5711271477693127,1829,1.755257212288659,0.0,1.0,0.0,,0,False,0,False,0.0007015934910777747,-4.847822549467341e-05,,0.0007015934910777747,-4.847822549467341e-05,,0.7745996063221835,0,False,False,False,False,False,0.00091820329357314,2972,1550,0
480,True,480,480,1,0.4100000000000003,0.001,0.001,0,0,0,False,False,,,none,1.0,2.2643257975751654,2.03744547297199,0.9997413392564681,0.04671353762132994,1.0434265502813564,True,2,1,4,1,True,2,,,2,2,2,898,,,,,,,,,7,0.8,6.868212682666794e-07,1.849683481885968e-07,3.6945253509291085e-06,1.5004242228376254e-06,4.050521838172313e-06,False,0.01529155103754154,0.0,0.01529155103754154,0.8587303234089753,0.8587303234089753,-0.9534345720813842,1.0253225429023924,3.140290796624407,2.883429425194527,0.9182045905729533,0.006155749814845243,1.0434265502813564,1.0372708004665112,0.006155749814845243,1.0434265502813564,1.0372708004665112,0.01987338728548804,0.02976717286040692,0.009893785574918882,0.06155750399354223,1.8109250746777235,1.7493675706841811,10.506154958474948,10.506144266338783,10.506142953972315,0.2177263817668444,0.4489081961015045,1,none,1.7568162311427216,1.973224645234817,1.7568162311427216,6.3308738913830735,6.144863856867013,0.6233656455929615,0.5717998875367899,1833,1.7568162311427216,0.0,1.0,0.0,,0,False,0,False,0.0005096437926008593,-0.0007553986029937104,,0.0005096437926008593,-0.0007553986029937104,,0.7756276783683832,0,False,False,False,False,False,0.0007325169669494077,2972,1550,0
481,True,481,481,1,0.4110000000000003,0.001,0.001,0,0,0,False,False,,,none,1.0,2.272961349761803,2.04301768443874,0.999741498077669,0.047234901961844517,1.0400423748167544,True,2,1,4,1,True,2,,,2,2,2,1078,,,,,,,,,7,0.8,6.974823138698454e-07,1.8798097852485308e-07,3.7018507849985687e-06,1.5217190835299776e-06,4.06708084871966e-06,False,0.015435789459886995,0.0,0.015435789459886995,0.8575802639626525,0.8575802639626525,-0.9522743236172626,1.0254939902163536,3.140290796624407,2.8803665703710073,0.9172292494272186,0.006204025510419288,1.0400423748167544,1.0338383493063352,0.006204025510419288,1.0400423748167544,1.0338383493063352,0.01987253004891823,0.029761371618086313,0.009888841569168083,0.06204026107434467,1.827432196518499,1.7653919354441543,10.527200589170038,10.527189492923608,10.527188191890879,0.22175916445584248,0.45408411822906425,1,none,1.760416019697622,1.9796830822471057,1.760416019697622,6.231256993124956,6.036749529488844,0.6354040876283297,0.5832330830020981,1839,1.760416019697622,0.0,1.0,0.0,,0,False,0,False,0.00021742004903214162,-0.0005305557181950063,,0.00021742004903214162,-0.0005305557181950063,,0.777172457159559,0,False,False,False,False,False,0.00036871267831459095,2972,1550,0
482,True,482,482,1,0.4120000000000003,0.001,0.001,0,0,0,False,False,,,none,1.0,2.281551359910015,2.0484983546287303,0.9997417272856922,0.04777631602682934,1.0364224395874644,True,2,1,4,1,True,2,,,2,2,2,901,,,,,,,,,7,0.8,7.083547455130038e-07,1.9106685474534386e-07,3.708458584843785e-06,1.5428752299212787e-06,4.083062825757066e-06,False,0.015569236109193918,0.0,0.015569236109193918,0.8564080574884476,0.8564080574884476,-0.9510884037892775,1.0256773855922539,3.140290796624407,2.8772623484730775,0.9162407352739221,0.006252806972315235,1.0364224395874644,1.030169632615149,0.006252806972315235,1.0364224395874644,1.030169632615149,0.019871613072038732,0.029755442018946386,0.009883828946907654,0.0625280758185814,1.8437750986610852,1.781247022842504,10.548199692629117,10.54818817971576,10.54818689009537,0.22589710074069375,0.45917016585038245,1,none,1.76292459825033,1.9850616936425667,1.76292459825033,6.281401549319565,6.085404650098195,0.6320441952505327,0.5793943705031622,1844,1.76292459825033,0.0,1.0,0.0,,0,False,0,False,-0.0016122382448769785,5.8974567618479185e-05,,-0.0016122382448769785,5.8974567618479185e-05,,0.7780266955584858,0,False,False,False,False,False,0.00192228911206451,2972,1550,0
483,True,483,483,1,0.4130000000000003,0.001,0.001,0,0,0,False,False,,,none,1.0,2.29009500007679,2.0538863253500708,0.9997420297059828,0.04834751642463783,1.0325703936141104,True,2,1,4,1,True,2,,,2,2,2,905,,,,,,,,,7,0.8,7.194364493062913e-07,1.9422480156690322e-07,3.7143330219005586e-06,1.5638276441879175e-06,4.098431257986575e-06,False,0.01569225604927993,0.0,0.01569225604927993,0.8552135259944866,0.8552135259944866,-0.9498769608128547,1.0258732150606689,3.140290796624407,2.8741166244352865,0.9152390051025723,0.006302098609797325,1.0325703936141104,1.0262682950043132,0.006302098609797325,1.0325703936141104,1.0262682950043132,0.019870633924696655,0.029749384804064274,0.009878750879367619,0.06302099232049935,1.8594725357833592,1.7964515434628598,10.569163655614046,10.569151713379293,10.569150435272272,0.2301424865442408,0.4641611713126149,1,none,1.7705428035320465,1.9957997956540798,1.7705428035320465,6.5794821651352695,6.396661237255277,0.6066738219095233,0.5535834204319262,1854,1.7705428035320465,0.0,1.0,0.0,,0,False,0,False,-0.0003387930381537512,0.002235052278519162,,-0.0003387930381537512,0.002235052278519162,,0.7807327879205127,0,False,False,False,False,False,0.0025213046024637957,2972,1550,0
484,True,484,484,1,0.4140000000000003,0.001,0.001,0,0,0,False,False,,,none,1.0,2.298591485117413,2.0591804909572886,0.9997424015862754,0.048925097268889425,1.0284902352618506,True,2,1,4,1,True,2,,,2,2,2,1081,,,,,,,,,7,0.8,7.307510999184986e-07,1.9745828278747516e-07,3.719462377316772e-06,1.584543423567214e-06,4.113169724302477e-06,False,0.01580528721941521,0.0,0.01580528721941521,0.8539965108619569,0.8539965108619569,-0.9486401792326714,1.0260820058457147,3.140290796624407,2.8709292724957134,0.9142240188653107,0.0063519046553814785,1.0284902352618506,1.022138330606469,0.0063519046553814785,1.0284902352618506,1.022138330606469,0.019869589970771425,0.029743200896163356,0.009873610925391931,0.06351905290348403,1.8769773063046227,1.8134582534011385,10.590104190872758,10.590091806475272,10.590090540014828,0.23449768146500133,0.4690520446692935,1,none,1.7822785061130513,2.0108556205700596,1.7822785061130513,6.778175090660507,6.603752064499103,0.5933324511905194,0.5397775351665138,1868,1.7822785061130513,0.0,1.0,0.0,,0,False,0,False,-0.0010726142907146775,0.0014731536648689711,,-0.0010726142907146775,0.0014731536648689711,,0.7819900366799164,0,False,False,False,False,False,0.0010578199885576797,2972,1550,0
485,True,485,485,1,0.4150000000000003,0.001,0.001,0,0,0,False,False,,,none,1.0,2.3070400734502217,2.0643798054983717,0.9997428529939387,0.04950905361807839,1.0241863147063233,True,2,1,4,1,True,2,,,2,2,2,1037,,,,,,,,,7,0.8,7.423258907252557e-07,2.007699711302568e-07,3.723836266643481e-06,1.6049990526524543e-06,4.127267232580564e-06,False,0.01590883650430741,0.0,0.01590883650430741,0.8527568530804991,0.8527568530804991,-0.9473782781209228,1.0263040744056855,3.140290796624407,2.86770018441478,0.9131957420941261,0.006402229389955219,1.0241863147063233,1.017784085316368,0.006402229389955219,1.0241863147063233,1.017784085316368,0.019868479627971575,0.029736891390604613,0.009868411762633037,0.06402230037521181,1.893975769796989,1.8299534694217772,10.611033318432314,10.6110204787437,10.6110192241,0.2389650841051486,0.4738378029883975,1,none,1.7887943571177183,2.0205288253539164,1.7887943571177183,6.6284158195251575,6.443627992907263,0.6096566299905615,0.5552134167542601,1877,1.7887943571177183,0.0,1.0,0.0,,0,False,0,False,-0.001953506844762455,0.0015012477661908328,,-0.001953506844762455,0.0015012477661908328,,0.7832815230599419,0,False,False,False,False,False,0.0008813404395044516,2972,1550,0
486,True,486,486,1,0.4160000000000003,0.001,0.001,0,0,0,False,False,,,none,1.0,2.3154400678151634,2.0694832834932515,0.9997433880497159,0.050099382996996615,1.019663313388074,True,2,1,4,1,True,2,,,2,2,2,945,,,,,,,,,7,0.8,7.5415881871167e-07,2.0415928365577427e-07,3.7274419023560497e-06,1.625133864815193e-06,4.140690733555487e-06,False,0.01600347371850419,0.0,0.01600347371850419,0.8514943980672837,0.8514943980672837,-0.9460915151657583,1.0265404995635157,3.140290796624407,2.8644292711540706,0.9121541464354612,0.006453077084301799,1.019663313388074,1.013210236303772,0.006453077084301799,1.019663313388074,1.013210236303772,0.019867297502182423,0.02973045757582879,0.009863160073646366,0.0645307774168822,1.910333833047051,1.8458030556301688,10.631963336817126,10.631950028317293,10.631948785695625,0.24354710516941658,0.47851358355457335,1,none,1.7942313687664382,2.0291325423027518,1.7942313687664382,6.528696908140238,6.336355229831111,0.6216041488379553,0.5663291604357421,1885,1.7942313687664382,0.0,1.0,0.0,,0,False,0,False,-0.00238597801492878,0.001711684170837586,,-0.00238597801492878,0.001711684170837586,,0.7839676835219379,0,False,False,False,False,False,0.0004809519658195425,2972,1550,0
487,True,487,487,1,0.4170000000000003,0.001,0.001,0,0,0,False,False,,,none,1.0,2.3237908155936005,2.0744899895454,0.9997440099117534,0.0506960968090367,1.0149262407215658,True,2,1,4,1,True,2,,,2,2,2,1017,,,,,,,,,7,0.8,7.662943894000542e-07,2.076317486219625e-07,3.7302737287075182e-06,1.6449459558595793e-06,4.153445235349335e-06,False,0.016089827297290915,0.0,0.016089827297290915,0.8502090250059489,0.8502090250059489,-0.9447801856360916,1.026790895062339,3.140290796624407,2.8611164455480584,0.9110992041321646,0.006504451660684069,1.0149262407215658,1.0084217890608818,0.006504451660684069,1.0149262407215658,1.0084217890608818,0.019866045524688306,0.029723900928180457,0.009857855403492152,0.06504452325236136,1.9263164083131865,1.8612718850608252,10.652906782721594,10.652892991354388,10.65289176100865,0.24824625874485487,0.48307463201182993,1,none,1.7985780439021217,2.036663456753643,1.7985780439021217,6.578221425760169,6.38722178709196,0.619214016961519,0.5631800816865001,1892,1.7985780439021217,0.0,1.0,0.0,,0,False,0,False,-0.0019341072413923517,0.0012126240857113298,,-0.0019341072413923517,0.0012126240857113298,,0.785533243420959,0,False,False,False,False,False,0.000673237079001622,2972,1550,0
488,True,488,488,1,0.4180000000000003,0.001,0.001,0,0,0,False,False,,,none,1.0,2.332091709384337,2.07939905302179,0.9997447153251546,0.05129920840257986,1.0099804204859244,True,2,1,4,1,True,2,,,2,2,2,1145,,,,,,,,,7,0.8,7.787299805942962e-07,2.1118682804810523e-07,3.732323030562823e-06,1.6643839885011465e-06,4.165504714277257e-06,False,0.016168577636862858,0.0,0.016168577636862858,0.8489006037221994,0.8489006037221994,-0.9434446204455262,1.0270563990765726,3.140290796624407,2.8577616417867406,0.9100308942275774,0.006556357190577357,1.0099804204859244,1.003424063295347,0.006556357190577357,1.0099804204859244,1.003424063295347,0.01986471800461714,0.02971722310222763,0.00985250509761049,0.06556357860906811,1.943119819064994,1.877556240455926,10.673876417008385,10.673862128075005,10.673860910302253,0.2530650791426814,0.4875163521846148,1,none,1.802878032965104,2.0441956539179986,1.802878032965104,6.728140921614069,6.542811712979733,0.6076554215299045,0.5511019152174366,1899,1.802878032965104,0.0,1.0,0.0,,0,False,0,False,-0.001421131224141425,0.0007770941412737697,,-0.001421131224141425,0.0007770941412737697,,0.7872970596951289,0,False,False,False,False,False,0.000672926984728958,2972,1550,0
489,True,489,489,1,0.4190000000000003,0.001,0.001,0,0,0,False,False,,,none,1.0,2.3403421871723946,2.084209655975823,0.9997455082491403,0.051908740230698296,1.0048314794856354,True,2,1,4,1,True,2,,,2,2,2,1016,,,,,,,,,7,0.8,7.914974491417475e-07,2.1482891612023512e-07,3.7335870193908e-06,1.6834389402741831e-06,4.176871840527817e-06,False,0.01624045068277613,0.0,0.01624045068277613,0.8475690299161354,0.8475690299161354,-0.9420851798341954,1.0273375262876678,3.140290796624407,2.854364797618809,0.9089491968982782,0.006608797488703086,1.0048314794856354,0.9982226819969323,0.006608797488703086,1.0048314794856354,0.9982226819969323,0.01986331236856166,0.029710425899170976,0.009847113530609315,0.06608798163055213,1.9592698925724232,1.893181910941871,10.69488518149001,10.694870379509709,10.6948691746612,0.2580062002677253,0.49183429003039036,1,none,1.8102425354803169,2.0549489235290146,1.8102425354803169,6.727508183011832,6.537661598277014,0.6109093791125012,0.5537889987935143,1909,1.8102425354803169,0.0,1.0,0.0,,0,False,0,False,-0.0003884833571860366,0.001414767298657575,,-0.0003884833571860366,0.001414767298657575,,0.7874902334134575,0,False,False,False,False,False,0.0012136674473575309,2972,1550,0
490,True,490,490,1,0.4200000000000003,0.001,0.001,0,0,0,False,False,,,none,1.0,2.3485417326981013,2.0889210467926795,0.9997463796990539,0.052524720638272265,0.9994853309260312,True,2,1,4,1,True,2,,,2,2,2,1027,,,,,,,,,7,0.8,8.046302769876548e-07,2.1856111100406091e-07,3.734065386064167e-06,1.7021142368342296e-06,4.187557286118587e-06,False,0.016306211711636376,0.0,0.016306211711636376,0.8462141840341348,0.8462141840341348,-0.9407022704420207,1.0276344379385907,3.140290796624407,2.850925872523716,0.9078540992408288,0.006661776591788845,0.9994853309260312,0.9928235543342424,0.006661776591788845,0.9994853309260312,0.9928235543342424,0.019861827810307046,0.0297035113522101,0.009841683541903054,0.06661777269184285,1.9755609951337836,1.9089432224419407,10.715946184397144,10.71593085298816,10.715929661472213,0.26307230188562825,0.49602417700578727,1,none,1.8165248011889918,2.0646275396440688,1.8165248011889918,6.678397119121276,6.483999128907011,0.6183003205163476,0.560310007782249,1918,1.8165248011889918,0.0,1.0,0.0,,0,False,0,False,0.0006310585229366995,-0.0010814046762437034,,0.0006310585229366995,-0.0010814046762437034,,0.7884579555680946,0,False,False,False,False,False,0.002696356833508271,2972,1550,0
491,True,491,491,1,0.4210000000000003,0.001,0.001,0,0,0,False,False,,,none,1.0,2.3566898756621524,2.0935325324225973,0.999747327796667,0.05314719773580973,0.9939481622724096,True,2,1,4,1,True,2,,,2,2,2,1035,,,,,,,,,7,0.8,8.181209893278441e-07,2.2238337906009382e-07,3.7337548202304384e-06,1.720361232769507e-06,4.197540249869107e-06,False,0.016366658602547046,0.0,0.016366658602547046,0.8448359609156919,0.8448359609156919,-0.9392963224413312,1.0279481480475707,3.140290796624407,2.8474448389240807,0.9067455924734374,0.006715298408760515,0.9939481622724096,0.9872328638636491,0.006715298408760515,0.9939481622724096,0.9872328638636491,0.019860259259762147,0.029696481612206654,0.009836222352444506,0.06715299088209883,1.992657601009739,1.92550461012764,10.737072658248938,10.737056780040854,10.737055602316428,0.26826609804981305,0.5000819234445878,1,none,1.820698403072594,2.0721618814238854,1.820698403072594,6.6285363959288945,6.427508715023191,0.6252245616985864,0.5665331573388693,1925,1.820698403072594,0.0,1.0,0.0,,0,False,0,False,0.0004010495574586986,0.0003036277860731453,,0.0004010495574586986,0.0003036277860731453,,0.7889544666892262,0,False,False,False,False,False,0.0014040010847117367,2972,1550,0
492,True,492,492,1,0.4220000000000003,0.001,0.001,0,0,0,False,False,,,none,1.0,2.364786191767711,2.0980434776771366,0.9997483612327849,0.05377621850941381,0.9882264180621362,True,2,1,4,1,True,2,,,2,2,2,1037,,,,,,,,,7,0.8,8.320039473141629e-07,2.2630070249907326e-07,3.7326604745616576e-06,1.7381874008138515e-06,4.206838746018297e-06,False,0.016422612256677294,0.0,0.016422612256677294,0.8434342704860931,0.8434342704860931,-0.9378678015588938,1.0282781113262152,3.140290796624407,2.8439216799884455,0.9056236712362633,0.006769366709300646,0.9882264180621362,0.9814570513528356,0.006769366709300646,0.9882264180621362,0.9814570513528356,0.019858609443368924,0.029689339007794465,0.009830729564425541,0.06769367387624659,2.0093974550361575,1.941703781159911,10.75827793102842,10.758261487560366,10.758260324149115,0.27359037308340434,0.5040036273026609,1,none,1.8289510225642558,2.083991985819427,1.8289510225642558,6.578583205968614,6.37187501554421,0.6335686334190207,0.5740699615427245,1936,1.8289510225642558,0.0,1.0,0.0,,0,False,0,False,0.0005838508658888646,0.0008054056435774589,,0.0005838508658888646,0.0008054056435774589,,0.7910637070815234,0,False,False,False,False,False,0.000534038703321585,2972,1550,0
493,True,493,493,1,0.4230000000000003,0.001,0.001,0,0,0,False,False,,,none,1.0,2.3728303026168787,2.1024533021196232,0.9997494744604717,0.05441182209843255,0.9823267671678713,True,2,1,4,1,True,2,,,2,2,2,1440,,,,,,,,,7,0.8,8.462786989717053e-07,2.3031380394235307e-07,3.7307865087352806e-06,1.7555610213297647e-06,4.215447136187718e-06,False,0.016474908749263384,0.0,0.016474908749263384,0.8420090432591087,0.8420090432591087,-0.9364172042607569,1.0286255784628793,3.140290796624407,2.840356385027025,0.9044883321252316,0.006823985059131249,0.9823267671678713,0.97550278210874,0.006823985059131249,0.9823267671678713,0.97550278210874,0.019856872107685605,0.02968208602130378,0.009825213913618177,0.06823985733627352,2.0254868970158104,1.957247039679537,10.779575390575875,10.779558362255258,10.779557213735186,0.27904797329410413,0.5077855836104516,1,none,1.833012877810377,2.0915073302663947,1.833012877810377,6.528832308045396,6.313764372373472,0.6406987441503306,0.5806402550690406,1943,1.833012877810377,0.0,1.0,0.0,,0,False,0,False,0.00035222949632978176,0.00024340889158366627,,0.00035222949632978176,0.00024340889158366627,,0.7913657581999102,0,False,False,False,False,False,0.0006078559106301409,2972,1550,0
494,True,494,494,1,0.4240000000000003,0.001,0.001,0,0,0,False,False,,,none,1.0,2.3808218757261885,2.1067614894670763,0.9997506683553589,0.055054087145617284,0.9762560963549167,True,2,1,4,1,True,2,,,2,2,2,1227,,,,,,,,,7,0.8,8.609972988615079e-07,2.344280294449172e-07,3.7281450236241577e-06,1.7725309390932648e-06,4.223411428792211e-06,False,0.016524395376176226,0.0,0.016524395376176226,0.8405602037417015,0.8405602037417015,-0.9349450634789889,1.0289905151383083,3.140290796624407,2.8367489631252214,0.9033395780335146,0.006879157134174911,0.9762560963549167,0.9693769392207419,0.006879157134174911,0.9762560963549167,0.9693769392207419,0.01985504742430846,0.029674725317394943,0.009819677893086482,0.06879157802457302,2.040931013022453,1.97213943499788,10.800978466884255,10.800960832923849,10.800959699942236,0.2846417823898448,0.511424313085335,1,none,1.8370231142255147,2.099031167319049,1.8370231142255147,6.777651364402703,6.57082757094842,0.619397798577688,0.559145128795508,1950,1.8370231142255147,0.0,1.0,0.0,,0,False,0,False,0.00018844685601682962,-1.2659090514282945e-05,,0.00018844685601682962,-1.2659090514282945e-05,,0.7916122486335464,0,False,False,False,False,False,0.0003039663874897971,2972,1550,0
495,True,495,495,1,0.4250000000000003,0.001,0.001,0,0,0,False,False,,,none,1.0,2.388760624071817,2.110967566671379,0.9997519464994774,0.05572457458599543,0.9700214881696411,True,2,1,4,1,True,2,,,2,2,2,1282,,,,,,,,,7,0.8,8.760993789380875e-07,2.3864093971585294e-07,3.72473968799531e-06,1.7889905718869997e-06,4.230682288888182e-06,False,0.016571921370572174,0.0,0.016571921370572174,0.8390877236318721,0.8390877236318721,-0.9334519328200801,1.029374701211006,3.140290796624407,2.8330994150492046,0.9021774092050928,0.006934886088295318,0.9700214881696411,0.9630866020813458,0.006934886088295318,0.9700214881696411,0.9630866020813458,0.01985312649394497,0.0296672596641004,0.00981413317015543,0.06934886748356817,2.0569399526567977,1.9875910851732295,10.822500575460785,10.82248231392911,10.822481197175296,0.29037475914645594,0.5149165324855131,1,none,1.8420452661942868,2.1076409098963422,1.8420452661942868,6.578207677479432,6.356117851318954,0.6407948831144005,0.5796133140646677,1958,1.8420452661942868,0.0,1.0,0.0,,0,False,0,False,-8.789806107953076e-05,-0.0004812805139949691,,-8.789806107953076e-05,-0.0004812805139949691,,0.7934150066986703,0,False,False,False,False,False,0.0005440335943212136,2972,1550,0
496,True,496,496,1,0.4260000000000003,0.001,0.001,0,0,0,False,False,,,none,1.0,2.3966463056322604,2.1150711178611266,0.9997533021948992,0.05643162185690587,0.9636301956846383,True,2,1,4,1,True,2,,,2,2,2,986,,,,,,,,,7,0.8,8.916736420117031e-07,2.4296158633781424e-07,3.720595357065271e-06,1.8050465952886216e-06,4.23735002548443e-06,False,0.016618329630158746,0.0,0.016618329630158746,0.8375915690569078,0.8375915690569078,-0.9319384092126302,1.0297771053122964,3.140290796624407,2.8294077483393045,0.9010018280411227,0.0069911751856598855,0.9636301956846383,0.9566390204989784,0.0069911751856598855,0.9636301956846383,0.9566390204989784,0.019851114473438517,0.02965969204606315,0.009808577572624634,0.06991175835829896,2.0736181321231864,2.0037063737648872,10.84415511467788,10.844136202455454,10.844135102695937,0.29624999558750714,0.5182592010945527,1,none,1.8501060001149239,2.1194566936822876,1.8501060001149239,6.230128652117324,5.983087976896871,0.6803893826372222,0.6184451932710778,1969,1.8501060001149239,0.0,1.0,0.0,,0,False,0,False,0.0009392243931217599,-0.0009653154917042381,,0.0009392243931217599,-0.0009653154917042381,,0.7942065155342188,0,False,False,False,False,False,0.0011354604332914884,2972,1550,0
497,True,497,497,1,0.4270000000000003,0.001,0.001,0,0,0,False,False,,,none,1.0,2.40447872319198,2.1190717915352497,0.9997547328930524,0.05714705321702292,0.9570896443906557,True,2,1,4,1,True,2,,,2,2,2,1332,,,,,,,,,7,0.8,9.076819206996718e-07,2.4738752434763377e-07,3.7157231795376543e-06,1.8206429462458671e-06,4.243397994654301e-06,False,0.016664451404765357,0.0,0.016664451404765357,0.836071688772222,0.836071688772222,-0.9304051027526603,1.0301984851142643,3.140290796624407,2.825673991930441,0.8998128437556938,0.007048027934771736,0.9570896443906557,0.9500416164558839,0.007048027934771736,0.9570896443906557,0.9500416164558839,0.01984900757442868,0.029652025513763298,0.009803017939334618,0.0704802857339819,2.0896318204562156,2.0191515347222335,10.865955435236001,10.865935848122117,10.865934766171499,0.3022705694019119,0.521449540972248,1,none,1.851893189816344,2.1248106470260177,1.851893189816344,6.279538277054284,6.031397588295237,0.676741044732595,0.6140842690955076,1974,1.851893189816344,0.0,1.0,0.0,,0,False,0,False,0.001554033008369392,-0.0006391160412925056,,0.001554033008369392,-0.0006391160412925056,,0.7959344787103828,0,False,False,False,False,False,0.0006959854271690086,2972,1550,0
498,True,498,498,1,0.4280000000000003,0.001,0.001,0,0,0,False,False,,,none,1.0,2.4122577237322425,2.1229692827494393,0.999756236505209,0.05787084683297283,0.9504073848015036,True,2,1,4,1,True,2,,,2,2,2,1132,,,,,,,,,7,0.8,9.241439809074302e-07,2.519228990799263e-07,3.7101439894036003e-06,1.83579846934498e-06,4.248862399123476e-06,False,0.016902304425439385,0.0,0.016902304425439385,0.8345280601425611,0.8345280601425611,-0.9288526513876983,1.0306389410278833,3.140290796624407,2.821898173199933,0.89861046506689,0.007105447538884045,0.9504073848015036,0.9433019372626195,0.007105447538884045,0.9504073848015036,0.9433019372626195,0.019846805294860582,0.029644263256938492,0.00979745796207791,0.07105448164406693,2.104987594234074,2.033933112590007,10.887914799071945,10.887894511828575,10.887893448562371,0.308439641648973,0.5244850017954918,1,none,1.8546814484128857,2.131253808044112,1.8546814484128857,6.179155577460022,5.923772710633083,0.6898204071178854,0.6261825154377583,1980,1.8546814484128857,0.0,1.0,0.0,,0,False,0,False,0.0019036857734711949,-0.0004878601137620233,,0.0019036857734711949,-0.0004878601137620233,,0.7971293293686885,0,False,False,False,False,False,0.0003809664181479032,2972,1550,0
499,True,499,499,1,0.4290000000000003,0.001,0.001,0,0,0,False,False,,,none,1.0,2.419983197665143,2.126763332986462,0.9997578208638705,0.05860297632608728,0.94359107293735,True,2,1,4,1,True,2,,,2,2,2,1050,,,,,,,,,7,0.8,9.41084174465939e-07,2.565718523946992e-07,3.7038837283517195e-06,1.8505431204448221e-06,4.253790433559907e-06,False,0.017211971112452207,0.0,0.017211971112452207,0.832960676002875,0.832960676002875,-0.9272817084092531,1.0310998646510245,3.140290796624407,2.818080316028938,0.8973946995794712,0.007163437053505288,0.94359107293735,0.9364276358838447,0.007163437053505288,0.94359107293735,0.9364276358838447,0.01984450067674488,0.02963640854204626,0.009791907865301382,0.07163437664679376,2.120702831585319,2.049068454938525,10.910046356842647,10.910025343290766,10.910024299644162,0.31476048633466536,0.5273632801646941,1,none,1.85946754714603,2.139834635927809,1.85946754714603,6.276995387900901,6.023585361672387,0.6818022011143756,0.6173955992979463,1988,1.85946754714603,0.0,1.0,0.0,,0,False,0,False,0.0019798801381189467,-0.0005457353955185821,,0.0019798801381189467,-0.0005457353955185821,,0.7976365370295381,0,False,False,False,False,False,9.568244061726077e-05,2972,1550,0
500,True,500,500,1,0.4300000000000003,0.001,0.001,0,0,0,False,False,,,none,1.0,2.4276550784625854,2.130453749140245,0.9997594833368811,0.05934338918221212,0.9366484475309359,True,2,1,4,1,True,2,,,2,2,2,1279,,,,,,,,,7,0.8,9.584963455275323e-07,2.613343934919889e-07,3.6969657872498137e-06,1.8648773679090344e-06,4.258207902280773e-06,False,0.017515868465702966,0.0,0.017515868465702966,0.8313695002529897,0.8313695002529897,-0.9256929526498258,1.0315801902640813,3.140290796624407,2.814220470202651,0.8961655631471268,0.0072219999124350735,0.9366484475309359,0.9294264476185008,0.0072219999124350735,0.9366484475309359,0.9294264476185008,0.019842099048679594,0.02962846476324913,0.009786365714569537,0.07222000508182363,2.136768047241888,2.0645480421600646,10.932363136858134,10.932341370000058,10.932340346960506,0.3212363558019171,0.5300823561683519,1,none,1.862170288730074,2.146284800088658,1.862170288730074,6.277819257416529,6.019289882050036,0.6837676307909205,0.6187342112507996,1994,1.862170288730074,0.0,1.0,0.0,,0,False,0,False,0.0018546505281554963,0.00014517948633197155,,0.0018546505281554963,0.00014517948633197155,,0.7975425868071762,0,False,False,False,False,False,0.0007021722218759173,2972,1550,0
501,True,501,501,1,0.4310000000000003,0.001,0.001,0,0,0,False,False,,,none,1.0,2.4352733415473837,2.134040367280477,0.9997612031538341,0.06009206213187912,0.9295873093543789,True,2,1,4,1,True,2,,,2,2,2,1378,,,,,,,,,7,0.8,9.76386481018841e-07,2.6621515834141063e-07,3.68942057837764e-06,1.8788023568936422e-06,4.262150111302112e-06,False,0.017813808485386384,0.0,0.017813808485386384,0.8297545504435945,0.8297545504435945,-0.92408708089171,1.0320820455900654,3.140290796624407,2.8103186629165045,0.8949230644300205,0.0072811389455685015,0.9295873093543789,0.9223061704088105,0.0072811389455685015,0.9295873093543789,0.9223061704088105,0.019839589772049672,0.029620435404458547,0.009780845632408875,0.07281139525276337,2.1528279510812065,2.0800165558284434,10.954877990637886,10.954855442782947,10.954854441388086,0.32787064342401334,0.5326404276537314,1,none,1.8637642898504256,2.1516390303067716,1.8637642898504256,6.426641861965706,6.173157034705313,0.6695997930243007,0.6038285691980281,1999,1.8637642898504256,0.0,1.0,0.0,,0,False,0,False,0.0014415831939910168,-7.634939257107539e-05,,0.0014415831939910168,-7.634939257107539e-05,,0.7984273401479666,0,False,False,False,False,False,0.000468721310313272,2972,1550,0
502,True,502,502,1,0.43200000000000033,0.001,0.001,0,0,0,False,False,,,none,1.0,2.4428380037415502,2.137523087738831,0.9997629897526294,0.06084896408637862,0.9224155127751537,True,2,1,4,1,True,2,,,2,2,2,1498,,,,,,,,,7,0.8,9.947679137271652e-07,2.712137816798235e-07,3.6812718886173857e-06,1.8923645337525071e-06,4.265668337328059e-06,False,0.018105631810017453,0.0,0.018105631810017453,0.8281158070612585,0.8281158070612585,-0.922464802376113,1.032605256660577,3.140290796624407,2.8063749469768697,0.8936672202439107,0.007340857455156549,0.9224155127751537,0.9150746553199971,0.007340857455156549,0.9224155127751537,0.9150746553199971,0.019836973716697116,0.02961232401188056,0.009775350295183446,0.07340858018702345,2.1687066638643246,2.095298083677301,10.977603607737613,10.977580250615764,10.977579271956921,0.3346667588208655,0.5350359893858845,1,none,1.8694559016207593,2.1613219015646212,1.8694559016207593,6.476037136413783,6.2262205137225415,0.6674828621385857,0.6005106621265639,2008,1.8694559016207593,0.0,1.0,0.0,,0,False,0,False,3.304201294485053e-05,0.00025773460081185824,,3.304201294485053e-05,0.00025773460081185824,,0.800686319253359,0,False,False,False,False,False,0.0014476188632846759,2972,1550,0
503,True,503,503,1,0.43300000000000033,0.001,0.001,0,0,0,False,False,,,none,1.0,2.4503491222570277,2.1409018445706582,0.9997648449216369,0.06161405684482589,0.9151409252708762,True,2,1,4,1,True,2,,,2,2,2,1429,,,,,,,,,7,0.8,1.0136326061853677e-06,2.76333600432524e-07,3.672555715536408e-06,1.905546799806937e-06,4.26879203159673e-06,False,0.01839120849451681,0.0,0.01839120849451681,0.8264532874716454,0.8264532874716454,-0.9208268671656441,1.0331492939887281,3.140290796624407,2.802389363808585,0.8923980437801994,0.007401158333116383,0.9151409252708762,0.9077397669377598,0.007401158333116383,0.9151409252708762,0.9077397669377598,0.01983425353005636,0.029604134335828217,0.009769880805771857,0.07401158881078247,2.1839354394094115,2.109923850598629,11.000552456698502,11.000528261617303,11.000527306826376,0.3416281586213757,0.5372677650751775,1,none,1.869936394237182,2.16562802126995,1.869936394237182,6.675381305518035,6.438801854637651,0.6488402451197173,0.5808336508725859,2012,1.869936394237182,0.0,1.0,0.0,,0,False,0,False,-0.00027113418483584343,0.0003429979268730562,,-0.00027113418483584343,0.0003429979268730562,,0.8013814511134141,0,False,False,False,False,False,0.0003159002913378492,2972,1550,0
504,True,504,504,1,0.43400000000000033,0.001,0.001,0,0,0,False,False,,,none,1.0,2.4578067935770305,2.1441766090221375,0.9997667888285463,0.062387335455528735,0.9077714335282133,True,2,1,4,1,True,2,,,2,2,2,1097,,,,,,,,,7,0.8,1.0329956763872953e-06,2.815774127401829e-07,3.6633057083061373e-06,1.9183827115088023e-06,4.271576623112887e-06,False,0.018670435516245698,0.0,0.018670435516245698,0.8247670219415588,0.8247670219415588,-0.9191740200655648,1.0337151453261049,3.140290796624407,2.798361946223548,0.891115545487568,0.00746204435669777,0.9077714335282133,0.9003093891715156,0.00746204435669777,0.9077714335282133,0.9003093891715156,0.019831424273369477,0.029595870100327822,0.009764445826958346,0.07462044889198018,2.198522716044533,2.1239022671525527,11.023736782003832,11.023711719975422,11.02371079022948,0.34875841458088136,0.5393347361048925,1,none,1.8755380315760466,2.1752986681670294,1.8755380315760466,6.528179422409237,6.278970226941826,0.6664334808874574,0.5974030657219815,2021,1.8755380315760466,0.0,1.0,0.0,,0,False,0,False,0.0002978376287834863,-0.0006758907395544409,,0.0002978376287834863,-0.0006758907395544409,,0.8021598744206756,0,False,False,False,False,False,0.0011669888770968096,2972,1550,0
505,True,505,505,1,0.43500000000000033,0.001,0.001,0,0,0,False,False,,,none,1.0,2.4652111523776714,2.1473473939847922,0.9997688186716746,0.06316882056958245,0.9003148875229734,True,2,1,4,1,True,2,,,2,2,2,820,,,,,,,,,7,0.8,1.0529058587679486e-06,2.8694956562799893e-07,3.653564491460216e-06,1.9309551926229355e-06,4.274116546120191e-06,False,0.01894323807556919,0.0,0.01894323807556919,0.823057036347525,0.823057036347525,-0.9175070096464774,1.0343020364176159,3.140290796624407,2.7942927255824315,0.8898197353525669,0.007523518389710409,0.9003148875229734,0.892791369133263,0.007523518389710409,0.9003148875229734,0.892791369133263,0.01982848981791192,0.02958753504823239,0.009759045230320468,0.07523518903384051,2.212478927710559,2.1372437386767187,11.047168592799139,11.047142634661517,11.047141731188754,0.35606119016531496,0.5412361590645778,1,none,1.8779655617627489,2.18171679220258,1.8779655617627489,6.526597202152862,6.274847326299517,0.6685618016944326,0.5985693241942978,2027,1.8779655617627489,0.0,1.0,0.0,,0,False,0,False,0.001242779679056306,-0.00030543269770870734,,0.001242779679056306,-0.00030543269770870734,,0.8022941684713908,0,False,False,False,False,False,0.0010149653388869867,2972,1550,0
506,True,506,506,1,0.43600000000000033,0.001,0.001,0,0,0,False,False,,,none,1.0,2.4725623705235833,2.150414253225912,0.9997709253150407,0.06395845881089955,0.8927790958359986,True,2,1,4,1,True,2,,,2,2,2,1194,,,,,,,,,7,0.8,1.073320998767385e-06,2.92448560357646e-07,3.6433606277235624e-06,1.943228313523766e-06,4.276418720024611e-06,False,0.0192095678502594,0.0,0.0192095678502594,0.8213233503846908,0.8213233503846908,-0.9158265906139669,1.0349127219226983,3.140290796624407,2.790181735597502,0.8885106241105926,0.007585583401351488,0.8927790958359986,0.8851935124346471,0.007585583401351488,0.8927790958359986,0.8851935124346471,0.01982543639038651,0.029579132953069836,0.009753696562683326,0.0758558389478456,2.226767046024419,2.1509112070765735,11.07085963634456,11.070832752916496,11.070831876970608,0.3635401677266111,0.542971548228077,1,none,1.8803386098150514,2.1881410353901107,1.8803386098150514,6.723766743228588,6.482907407412679,0.6508676219601928,0.5800911509749581,2033,1.8803386098150514,0.0,1.0,0.0,,0,False,0,False,0.0016669089851240203,-0.0003019237722846011,,0.0016669089851240203,-0.0003019237722846011,,0.8039147468895614,0,False,False,False,False,False,0.0004241438209182267,2972,1550,0
507,True,507,507,1,0.43700000000000033,0.001,0.001,0,0,0,False,False,,,none,1.0,2.479860655951547,2.153377278548093,0.9997731052382975,0.06475625567226226,0.8851718153950279,True,2,1,4,1,True,2,,,2,2,2,1358,,,,,,,,,7,0.8,1.0942625996737391e-06,2.980772485837475e-07,3.63273301236231e-06,1.955242346253426e-06,4.278549106280952e-06,False,0.01946940093501892,0.0,0.01946940093501892,0.8195659843195937,0.8195659843195937,-0.9141335217083516,1.035545261228769,3.140290796624407,2.786029009655376,0.8871882223933409,0.007648242385605037,0.8851718153950279,0.8775235730094229,0.007648242385605037,0.8851718153950279,0.8775235730094229,0.019822273693856158,0.029570667608541757,0.009748393914685599,0.07648242858739601,2.2422262895774834,2.165743860990087,11.094821391982759,11.0947935541435,11.094792707016204,0.37119911215380835,0.5445406725956428,1,none,1.88574654937299,2.1977873145541253,1.88574654937299,7.0703526208269905,6.84818671220108,0.621691005362349,0.5507287194764264,2042,1.88574654937299,0.0,1.0,0.0,,0,False,0,False,0.0006215934387977434,-0.001069022900511742,,0.0006215934387977434,-0.001069022900511742,,0.8043303629961286,0,False,False,False,False,False,0.0012965823012513484,2972,1550,0
508,True,508,508,1,0.43800000000000033,0.001,0.001,0,0,0,False,False,,,none,1.0,2.4871062512473117,2.1562365823898575,0.9997753473232636,0.06556221867781624,0.8775006962507947,True,2,1,4,1,True,2,,,2,2,2,1400,,,,,,,,,7,0.8,1.1157825723833183e-06,3.038410345236979e-07,3.6217293641392537e-06,1.9670779392412946e-06,4.280608523237446e-06,False,0.01972273897146648,0.0,0.01972273897146648,0.8177849846191567,0.8177849846191567,-0.9124285734184404,1.0362000478698286,3.140290796624407,2.7818345581408175,0.8858525335077551,0.007711498049616214,0.8775006962507947,0.8697891982011785,0.007711498049616214,0.8775006962507947,0.8697891982011785,0.01981899976065086,0.029562142867092203,0.009743143106441345,0.07711498500099087,2.25728779146185,2.180172806460859,11.119065042906426,11.119036221683725,11.119035404709942,0.3790419110635908,0.5459435383122444,1,none,1.889053759277047,2.2052577406471405,1.889053759277047,6.919670069747418,6.681514134045418,0.6373881177625675,0.5654567876019122,2049,1.889053759277047,0.0,1.0,0.0,,0,False,0,False,-0.0002442182973187264,0.00017213585415408073,,-0.0002442182973187264,0.00017213585415408073,,0.8035584959070059,0,False,False,False,False,False,0.0015133092931323166,2972,1550,0
509,True,509,509,1,0.43900000000000033,0.001,0.001,0,0,0,False,False,,,none,1.0,2.4942994329112262,2.1589923353175973,0.9997776434030347,0.06637634865060227,0.8697733139600448,True,2,1,4,1,True,2,,,2,2,2,1426,,,,,,,,,7,0.8,1.1378798338977344e-06,3.0973869283646143e-07,3.6103836924578623e-06,1.9787623746660916e-06,4.282648656659922e-06,False,0.01996960860830288,0.0,0.01996960860830288,0.8159803470543238,0.8159803470543238,-0.9107125569270271,1.0368771489713835,3.140290796624407,2.7775984245766523,0.8845035713133244,0.007775353737650555,0.8697733139600448,0.8619979602223942,0.007775353737650555,0.8697733139600448,0.8619979602223942,0.01981561425514308,0.029553562784635133,0.009737948529492054,0.07775354168074564,2.2724070240013425,2.194653482320597,11.14360148940883,11.14357165605518,11.143570870596722,0.387072390898709,0.547180417150279,1,none,1.8943712418756333,2.214897593861818,1.8943712418756333,6.870204954923178,6.629615026589579,0.6447835569373009,0.5714875552435026,2058,1.8943712418756333,0.0,1.0,0.0,,0,False,0,False,-4.9990926128657664e-05,0.0006503340262609469,,-4.9990926128657664e-05,0.0006503340262609469,,0.8062575449301734,0,False,False,False,False,False,0.0005161373494775908,2972,1550,0
510,True,510,510,1,0.44000000000000034,0.001,0.001,0,0,0,False,False,,,none,1.0,2.5014405097032184,2.1616447058713506,0.9997799974148899,0.06719868801976005,0.861997131589726,True,2,1,4,1,True,2,,,2,2,2,1521,,,,,,,,,7,0.8,1.160542011105187e-06,3.1577259519041906e-07,3.598733339542116e-06,1.9902689944131765e-06,4.284696303201401e-06,False,0.02021006465990738,0.0,0.02021006465990738,0.8141521378221918,0.8141521378221918,-0.9089862347740355,1.0375800706611327,3.140290796624407,2.773320607120993,0.8831413352235146,0.007839811972198128,0.861997131589726,0.8541573196175279,0.007839811972198128,0.861997131589726,0.8541573196175279,0.019812099646694337,0.029544931173870175,0.009732831527175839,0.07839812387006198,2.286895915732142,2.20849779186208,11.168441289795997,11.168410415856393,11.168409663289925,0.3952945284097199,0.5482517461512646,1,none,1.8996448370687,2.224535125295234,1.8996448370687,6.720501752421512,6.467473576893788,0.6620145957089278,0.5874457203367703,2067,1.8996448370687,0.0,1.0,0.0,,0,False,0,False,-0.0005874925397506733,0.0006102815454292124,,-0.0005874925397506733,0.0006102815454292124,,0.8064888765802405,0,False,False,False,False,False,0.000538991823562331,2972,1550,0
511,True,511,511,1,0.44100000000000034,0.001,0.001,0,0,0,False,False,,,none,1.0,2.5085298210032008,2.164193873593937,0.999782411528356,0.0680292459397306,0.854179476291871,True,2,1,4,1,True,2,,,2,2,2,1301,,,,,,,,,7,0.8,1.1838218346412217e-06,3.219472181550767e-07,3.5868294747517135e-06,2.0016792589605067e-06,4.286857786788762e-06,False,0.020444188596793422,0.0,0.020444188596793422,0.8123004411566027,0.8123004411566027,-0.9072503302065527,1.0383052467957166,3.140290796624407,2.7690010713037188,0.8817658142615967,0.007904875093765577,0.854179476291871,0.8462746011981054,0.007904875093765577,0.854179476291871,0.8462746011981054,0.019808473766021416,0.029536251651032762,0.009727777885011345,0.07904875494329446,2.3009224607682923,2.221873705824998,11.193594687407863,11.193562744742687,11.193562026471207,0.4037124936983417,0.5491582207061909,1,none,1.9007527634685473,2.2298865267992642,1.9007527634685473,6.769609365032652,6.520405688042073,0.6587932645914226,0.5830167184089121,2072,1.9007527634685473,0.0,1.0,0.0,,0,False,0,False,-9.68504150644275e-05,-0.0006081317745057852,,-9.68504150644275e-05,-0.0006081317745057852,,0.8070728073920388,0,False,False,False,False,False,0.0013134918015395667,2972,1550,0
512,True,512,512,1,0.44200000000000034,0.001,0.001,0,0,0,False,False,,,none,1.0,2.515567735674478,2.1666400603962677,0.9997849016704876,0.06887325432292629,0.8463274982267217,True,2,1,4,1,True,2,,,2,2,2,1142,,,,,,,,,7,0.8,1.207806955827566e-06,3.2826823000615094e-07,3.574728782865059e-06,2.013136397507894e-06,4.289284520685447e-06,False,0.020672083431852784,0.0,0.020672083431852784,0.8104252864438323,0.8104252864438323,-0.905505625809704,1.0390535846886084,3.140290796624407,2.7646397955955546,0.880377001571749,0.007970546150963079,0.8463274982267217,0.8383569520757587,0.007970546150963079,0.8463274982267217,0.8383569520757587,0.01980473207655696,0.029527528129048516,0.009722796052491555,0.07970546539026026,2.3153914732837046,2.2356860078934444,11.219071626337376,11.219038587106281,11.219037904563507,0.41233052047715574,0.5499008259426679,1,none,1.901788227882152,2.23520284881429,1.901788227882152,6.815796189359392,6.5665084184312095,0.6558889927793965,0.5792387998907048,2077,1.901788227882152,0.0,1.0,0.0,,0,False,0,False,-0.00032349803316539846,0.0005380272419827398,,-0.00032349803316539846,0.0005380272419827398,,0.8078587137828653,0,False,False,False,False,False,0.0011683533856966335,2972,1550,0
513,True,513,513,1,0.44300000000000034,0.001,0.001,0,0,0,False,False,,,none,1.0,2.522554651336635,2.1689835384701697,0.9997874543196997,0.06972736403156626,0.8384482050674237,True,2,1,4,1,True,2,,,2,2,2,1130,,,,,,,,,7,0.8,1.2323739832346015e-06,3.3472436107954334e-07,3.5624303936897855e-06,2.0244988933603168e-06,4.291886777578777e-06,False,0.02089386830414286,0.0,0.02089386830414286,0.8085266564156622,0.8085266564156622,-0.9037528868076158,1.0398256095655851,3.140290796624407,2.7602367949823794,0.8789749019261022,0.008036828796277271,0.8384482050674237,0.8304113762711464,0.008036828796277271,0.8384482050674237,0.8304113762711464,0.019800871952172075,0.029518764434038076,0.009717892481866,0.08036829166369851,2.3297887173402714,2.249420425676573,11.244881719417375,11.244847556121174,11.244846910716424,0.42115273081883675,0.5504807236154481,1,none,1.9069252008128723,2.2448522759984506,1.9069252008128723,6.863076852831112,6.611186618879809,0.6541824677578596,0.576878345974139,2086,1.9069252008128723,0.0,1.0,0.0,,0,False,0,False,-0.0010104403688718435,0.0012658709448794003,,-0.0010104403688718435,0.0012658709448794003,,0.8075942770155453,0,False,False,False,False,False,0.0010008227757361183,2972,1550,0
514,True,514,514,1,0.44400000000000034,0.001,0.001,0,0,0,False,False,,,none,1.0,2.5294909920476805,2.171224532525554,0.9997900313720427,0.07058975571139083,0.830548409228434,True,2,1,4,1,True,2,,,2,2,2,1049,,,,,,,,,7,0.8,1.2576923261080149e-06,3.4133294735012535e-07,3.5500196597493554e-06,2.035943820095777e-06,4.294881254620531e-06,False,0.021109681816274484,0.0,0.021109681816274484,0.8066046593755022,0.8066046593755022,-0.9019928724040684,1.0406211512936743,3.140290796624407,2.7557919837771783,0.877559488038325,0.008103725159380687,0.830548409228434,0.8224446840690532,0.008103725159380687,0.830548409228434,0.8224446840690532,0.019796894243531628,0.029509964362020344,0.009713070118488716,0.08103725511731039,2.343995057602247,2.262957802484937,11.271034201814384,11.27099888720104,11.270998280373453,0.4301835939757116,0.55089921052932,1,none,1.9138911181432412,2.2564827318110914,1.9138911181432412,7.100008400483374,6.8616501204748825,0.6356281864842492,0.5578515618079297,2097,1.9138911181432412,0.0,1.0,0.0,,0,False,0,False,-0.0021886367003027154,0.0012474289543726242,,-0.0021886367003027154,0.0012474289543726242,,0.8085647012074071,0,False,False,False,False,False,0.0011783406563515566,2972,1550,0
515,True,515,515,1,0.44500000000000034,0.001,0.001,0,0,0,False,False,,,none,1.0,2.536377206952753,2.1733632943694294,0.9997926312503581,0.0714604829820885,0.8226347541239687,True,2,1,4,1,True,2,,,2,2,2,1046,,,,,,,,,7,0.8,1.2837458884653537e-06,3.480918233279893e-07,3.537532874112341e-06,2.047478551864097e-06,4.298311142691804e-06,False,0.0213196871957414,0.0,0.0213196871957414,0.8046593111421728,0.8046593111421728,-0.9002263009924613,1.0414392528561869,3.140290796624407,2.7513052729532683,0.8761307315585961,0.008171237998050198,0.8226347541239687,0.8144635161259185,0.008171237998050198,0.8226347541239687,0.8144635161259185,0.019792803735719067,0.029501131504962304,0.009708327769243238,0.08171238338812738,2.3579560475875327,2.2762436641994053,11.297538001995036,11.297501509106697,11.297500942289282,0.43942768081510253,0.5511578912892688,1,none,1.9187833328452828,2.265987124879418,1.9187833328452828,7.142397958155211,6.906843624842036,0.6345171854480909,0.5556180035534442,2106,1.9187833328452828,0.0,1.0,0.0,,0,False,0,False,-0.0009778761686042232,0.0014989219080283498,,-0.0009778761686042232,0.0014989219080283498,,0.8098012470499822,0,False,False,False,False,False,0.001236604128594635,2972,1550,0
516,True,516,516,1,0.44600000000000034,0.001,0.001,0,0,0,False,False,,,none,1.0,2.5432137690985357,2.1754001077337826,0.9997952659283522,0.07235116472039796,0.8147136905376527,True,2,1,4,1,True,2,,,2,2,2,981,,,,,,,,,7,0.8,1.3106397285459952e-06,3.55006279471313e-07,3.525026833036569e-06,2.059265314543805e-06,4.302347471534372e-06,False,0.021524068516186046,0.0,0.021524068516186046,0.8026906066341593,0.8026906066341593,-0.8984538621601751,1.0422820484530986,3.140290796624407,2.7467765825964507,0.8746886070388906,0.00823937072828408,0.8147136905376527,0.8064743198093687,0.00823937072828408,0.8147136905376527,0.8064743198093687,0.019788589757734506,0.029492269310800876,0.00970367955306637,0.08239371061215045,2.3718404064115406,2.28944669579939,11.324401740982966,11.324364043035041,11.324363517684997,0.44888966035579386,0.5512586313111048,1,none,1.9216791330653415,2.273444743483531,1.9216791330653415,7.1904517217972606,6.954308764561734,0.6323510208939367,0.5526585597861206,2113,1.9216791330653415,0.0,1.0,0.0,,0,False,0,False,-0.001661821439743862,0.0009504491140666627,,-0.001661821439743862,0.0009504491140666627,,0.8089994225298485,0,False,False,False,False,False,0.0008767003704974769,2972,1550,0
517,True,517,517,1,0.44700000000000034,0.001,0.001,0,0,0,False,False,,,none,1.0,2.5500011743495787,2.177335278489602,0.9997979138699588,0.07327760527965937,0.8067914252837916,True,2,1,4,1,True,2,,,2,2,2,906,,,,,,,,,7,0.8,1.3382881475816171e-06,3.6207302366827826e-07,3.5125150809834793e-06,2.071173313865139e-06,4.306928503078407e-06,False,0.021723026479856022,0.0,0.021723026479856022,0.8006979571800386,0.8006979571800386,-0.8966762818684952,1.0431492393040251,3.140290796624407,2.742205839793915,0.8732330912607185,0.008308127098490874,0.8067914252837916,0.7984832981853007,0.008308127098490874,0.8067914252837916,0.7984832981853007,0.019784253803479875,0.029483381409342476,0.009699127605862602,0.08308127427256039,2.3853192549042572,2.302237980631697,11.351633685910853,11.351594756265182,11.351594273799847,0.45857419072784783,0.5512034070860753,1,none,1.92342103957853,2.2797440985589343,1.92342103957853,7.085698515241224,6.841861607386931,0.6434775890211082,0.5622507878562981,2119,1.92342103957853,0.0,1.0,0.0,,0,False,0,False,-0.0025843769440567687,0.001392658609659621,,-0.0025843769440567687,0.001392658609659621,,0.8098802864914935,0,False,False,False,False,False,0.001023062997342109,2972,1550,0
518,True,518,518,1,0.44800000000000034,0.001,0.001,0,0,0,False,False,,,none,1.0,2.556739939861973,2.1791691089275047,0.9998005905038256,0.07421358241187201,0.7988739588987049,True,2,1,4,1,True,2,,,2,2,2,1248,,,,,,,,,7,0.8,1.3668291396168993e-06,3.6930154192017804e-07,3.5000598623942905e-06,2.083359634591855e-06,4.31223978150111e-06,False,0.021916776986706688,0.0,0.021916776986706688,0.7986809410339721,0.7986809410339721,-0.8948942462880622,1.0440390710691212,3.140290796624407,2.737592941519099,0.8717641514161109,0.008377510585226447,0.7988739588987049,0.7904964483134785,0.008377510585226447,0.7988739588987049,0.7904964483134785,0.01977980464465439,0.02947447123144031,0.00969466658678592,0.08377510911492156,2.398883694681345,2.3151085855664233,11.37924176991491,11.379201581898032,11.379201143739778,0.4684861496079151,0.5509943548558338,1,none,1.9251320970073542,2.2860662362921134,1.9251320970073542,7.079701206919607,6.8348690933985905,0.6458086773655765,0.5633266916162972,2125,1.9251320970073542,0.0,1.0,0.0,,0,False,0,False,-0.0018429019460976445,0.0009838751128319497,,-0.0018429019460976445,0.0009838751128319497,,0.8110297260053091,0,False,False,False,False,False,0.0008466930493851605,2972,1550,0
519,True,519,519,1,0.44900000000000034,0.001,0.001,0,0,0,False,False,,,none,1.0,2.563430602745973,2.1809019036272375,0.9998032920956617,0.07515914660624838,0.7909670730214766,True,2,1,4,1,True,2,,,2,2,2,997,,,,,,,,,7,0.8,1.396258810071932e-06,3.7669363202434803e-07,3.4876959409112573e-06,2.0958025207907927e-06,4.318315405283996e-06,False,0.022105542110184118,0.0,0.022105542110184118,0.7966396187589551,0.7966396187589551,-0.893108471319844,1.0449514640822748,3.140290796624407,2.7329377662111556,0.8702817487950073,0.008447524600194012,0.7909670730214766,0.7825195484212826,0.008447524600194012,0.7909670730214766,0.7825195484212826,0.01977524267958863,0.02946554235659922,0.00969029967701059,0.08447524921949483,2.4118297494222696,2.327354500202775,11.407233574335994,11.407192101238614,11.407191708784767,0.47863045360743167,0.5506337345976627,1,none,1.9247653806388743,2.290260770001445,1.9247653806388743,7.073376349733534,6.826748985650466,0.6475721513355422,0.5638893079808994,2129,1.9247653806388743,0.0,1.0,0.0,,0,False,0,False,-0.0016180592740491025,0.0010231534096521119,,-0.0016180592740491025,0.0010231534096521119,,0.8102549582066992,0,False,False,False,False,False,0.00022824769829074074,2972,1550,0
520,True,520,520,1,0.45000000000000034,0.001,0.001,0,0,0,False,False,,,none,1.0,2.5700737183112636,2.1825339422924808,0.9998060243888615,0.07611421370476482,0.7830763468333288,True,2,1,4,1,True,2,,,2,2,2,1128,,,,,,,,,7,0.8,1.4267133233437124e-06,3.84259482546263e-07,3.4754922653163865e-06,2.1086556212278935e-06,4.3253486879260035e-06,False,0.02230506627285389,0.0,0.02230506627285389,0.794573319462913,0.794573319462913,-0.8913196729424271,1.0458863863970211,3.140290796624407,2.7282401349162084,0.8687858264110049,0.008518172069810908,0.7830763468333288,0.774558174763518,0.008518172069810908,0.7830763468333288,0.774558174763518,0.019770568068014898,0.029456598364712136,0.009686030296697238,0.08518172392026539,2.4243582666690258,2.3391765427487603,11.435616350053657,11.435573565024061,11.435573219671985,0.48901227813780085,0.5501239959723588,1,none,1.9264316686110168,2.29661994562882,1.9264316686110168,6.976092019108648,6.7152109994139515,0.6584259322663764,0.5737516419898466,2135,1.9264316686110168,0.0,1.0,0.0,,0,False,0,False,-0.000665169181277045,0.0009651985533212297,,-0.000665169181277045,0.0009651985533212297,,0.811940747825808,0,False,False,False,False,False,0.0009546508755956146,2972,1550,0
521,True,521,521,1,0.45100000000000035,0.001,0.001,0,0,0,False,False,,,none,1.0,2.5766698589415933,2.1840655218414984,0.9998087980788616,0.0770787580141678,0.7752071426129471,True,2,1,4,1,True,2,,,2,2,2,895,,,,,,,,,7,0.8,1.458137583963407e-06,3.919972997757766e-07,3.463466754382092e-06,2.1218337347336313e-06,4.333313680471543e-06,False,0.022839127271114812,0.0,0.022839127271114812,0.7924823318887102,0.7924823318887102,-0.8895284979510307,1.046847615470242,3.140290796624407,2.7234998720749704,0.8672763283586801,0.008589456465859235,0.7752071426129471,0.7666176861470879,0.008589456465859235,0.7752071426129471,0.7666176861470879,0.01976576192264879,0.029447642489755153,0.009681880567106362,0.08589456789689613,2.43706065410747,2.351166086210574,11.46439703187616,11.464352907922015,11.464352611033533,0.49963681722951736,0.5494677709121741,1,none,1.9279718129773982,2.302907348658078,1.9279718129773982,6.967269063680968,6.7024247563774155,0.6610645656452944,0.5753057686005102,2141,1.9279718129773982,0.0,1.0,0.0,,0,False,0,False,-0.0010187634134031058,0.0006812899677651992,,-0.0010187634134031058,0.0006812899677651992,,0.8110651973561416,0,False,False,False,False,False,0.0004534677121309128,2972,1550,0
522,True,522,522,1,0.45200000000000035,0.001,0.001,0,0,0,False,False,,,none,1.0,2.583219612338751,2.1854969091802428,0.9998116060253208,0.07805277637306139,0.767364599584135,True,2,1,4,1,True,2,,,2,2,2,1034,,,,,,,,,7,0.8,1.4907049448828283e-06,3.9991941562601483e-07,3.4517001257249304e-06,2.13553216055618e-06,4.3424495550774125e-06,False,0.02336453328724175,0.0,0.02336453328724175,0.7903664758603572,0.7903664758603572,-0.8877355770980485,1.0478328754681614,3.140290796624407,2.7187167408826016,0.8657531792294624,0.00866138099123987,0.767364599584135,0.7587032185928951,0.00866138099123987,0.767364599584135,0.7587032185928951,0.019760835622659196,0.029438677885490244,0.009677842262831048,0.0866138131709783,2.4500683095871887,2.3634544964162103,11.493582244043518,11.493536753920662,11.493536506863489,0.5105095572073729,0.5486679135483294,1,none,1.929522351018357,2.309236404457357,1.929522351018357,6.865962368728741,6.583168172819272,0.6726621208921425,0.5861987117342713,2147,1.929522351018357,0.0,1.0,0.0,,0,False,0,False,0.00030272990115256485,0.0005746465149692945,,0.00030272990115256485,0.0005746465149692945,,0.8101799969058557,0,False,False,False,False,False,0.0013257893522123207,2972,1550,0
523,True,523,523,1,0.45300000000000035,0.001,0.001,0,0,0,False,False,,,none,1.0,2.589723580718835,2.186828411461536,0.9998144292385288,0.07903621589062428,0.759553579143258,True,2,1,4,1,True,2,,,2,2,2,949,,,,,,,,,7,0.8,1.5244495372548106e-06,4.0803085069741987e-07,3.4402293779354334e-06,2.1497970911424297e-06,4.352842895470929e-06,False,0.02388068602819393,0.0,0.02388068602819393,0.7882252126822684,0.7882252126822684,-0.8859415116717388,1.0488405058000785,3.140290796624407,2.71389054220339,0.864216315610208,0.008733949990798651,0.759553579143258,0.7508196291524594,0.008733949990798651,0.759553579143258,0.7508196291524594,0.01975579747099961,0.029429707558358692,0.009673910087359083,0.08733950322758595,2.4629721715836834,2.3756326683560975,11.523178332411648,11.523131448600244,11.523131252726069,0.5216359741707255,0.5477274719397668,1,none,1.9339120483454302,2.3186010587779506,1.9339120483454302,6.8082601758988694,6.514835070262465,0.6811141169327696,0.5936948602652863,2156,1.9339120483454302,0.0,1.0,0.0,,0,False,0,False,0.0009287039656643237,-9.072372790722537e-05,,0.0009287039656643237,-9.072372790722537e-05,,0.8118473914867848,0,False,False,False,False,False,0.0009135431514421914,2972,1550,0
524,True,524,524,1,0.45400000000000035,0.001,0.001,0,0,0,False,False,,,none,1.0,2.596182379780582,2.188060338445223,0.9998172572005478,0.08002915342718674,0.7517787078034847,True,2,1,4,1,True,2,,,2,2,2,801,,,,,,,,,7,0.8,1.5593055213968407e-06,4.1632798200902954e-07,3.4290479137909002e-06,2.164492515741443e-06,4.364419794593186e-06,False,0.024386996509985437,0.0,0.024386996509985437,0.786058888125407,0.786058888125407,-0.8841468846888253,1.0498703226914305,3.140290796624407,2.7090210753293533,0.8626656735870962,0.008807167854350553,0.7517787078034847,0.7429715399491341,0.008807167854350553,0.7517787078034847,0.7429715399491341,0.019750648386542845,0.029420734423444124,0.009670086036901279,0.0880716818872408,2.4752890198512514,2.3872173379640107,11.553191307743527,11.55314300240002,11.553142859016123,0.5330215927951161,0.5466494620043254,1,none,1.9362498418252092,2.3258699230508375,1.9362498418252092,6.75641417474072,6.454760757077711,0.6884924052602485,0.5999447275259866,2163,1.9362498418252092,0.0,1.0,0.0,,0,False,0,False,0.0014154684386503095,-0.0014769974886013133,,0.0014154684386503095,-0.0014769974886013133,,0.8113271418345058,0,False,False,False,False,False,0.0014692496696444256,2972,1550,0
525,True,525,525,1,0.45500000000000035,0.001,0.001,0,0,0,False,False,,,none,1.0,2.6025966373973457,2.189192982480261,0.9998201175637922,0.08103165157045691,0.7440444256073404,True,2,1,4,1,True,2,,,2,2,2,818,,,,,,,,,7,0.8,1.5954403980539467e-06,4.2482931797336096e-07,3.4182291054062495e-06,2.179749457245063e-06,4.377385969566632e-06,False,0.02488290954444572,0.0,0.02488290954444572,0.7838667988032082,0.7838667988032082,-0.8823522913133545,1.050922191415277,3.140290796624407,2.704108109458066,0.8611011796629767,0.008881038676889946,0.7440444256073404,0.7351633869304505,0.008881038676889946,0.7440444256073404,0.7351633869304505,0.019745389042923615,0.029411761456566772,0.009666372413643157,0.08881039007711714,2.488031372202309,2.3992209821251915,11.583626863755589,11.583577108579364,11.583577018984764,0.544672103036664,0.5454369336854825,1,none,1.9395163448913433,2.334157281998473,1.9395163448913433,6.654760377303823,6.339765827436328,0.7015000239405035,0.6118574085174512,2171,1.9395163448913433,0.0,1.0,0.0,,0,False,0,False,0.0023317116260114,-0.00048789562817515297,,0.0023317116260114,-0.00048789562817515297,,0.8132315222711919,0,False,False,False,False,False,0.0013482670613361816,2972,1550,0
526,True,526,526,1,0.45600000000000035,0.001,0.001,0,0,0,False,False,,,none,1.0,2.6089669919934364,2.19022658468299,0.9998229778724378,0.08204367792389909,0.7363548695132186,True,2,1,4,1,True,2,,,2,2,2,890,,,,,,,,,7,0.8,1.6328832068198173e-06,4.335413065463785e-07,3.4078111630203328e-06,2.195544157095843e-06,4.391794246109419e-06,False,0.025367905523989487,0.0,0.025367905523989487,0.7816497587814815,0.7816497587814815,-0.8805583117792926,1.051997877789741,3.140290796624407,2.699151337890797,0.8595227361721393,0.008955565650369634,0.7363548695132186,0.727399303862849,0.008955565650369634,0.7363548695132186,0.727399303862849,0.019740010611051295,0.02940279155889646,0.009662780947845166,0.08955565977993103,2.50108095107552,2.411525291295589,11.614490364889424,11.614439131239715,11.614439096718044,0.5565933360986544,0.5440930047787108,1,none,1.938763205982014,2.3382821933572657,1.938763205982014,6.64976238176457,6.326635623235532,0.7032678941339203,0.612889163036863,2175,1.938763205982014,0.0,1.0,0.0,,0,False,0,False,0.0026419552294334224,0.00024161827100221164,,0.0026419552294334224,0.00024161827100221164,,0.8123136457619776,0,False,False,False,False,False,0.0007927430999745398,2972,1550,0
527,True,527,527,1,0.45700000000000035,0.001,0.001,0,0,0,False,False,,,none,1.0,2.6152940911246167,2.191161362645362,0.9998258388174869,0.08306515055160349,0.7287139246657214,True,2,1,4,1,True,2,,,2,2,2,930,,,,,,,,,7,0.8,1.6717711998630527e-06,4.4247538160000977e-07,3.397871015284808e-06,2.212027049804057e-06,4.40785599964326e-06,False,0.02584150218331549,0.0,0.02584150218331549,0.7794061677141897,0.7794061677141897,-0.8787654965992826,1.0530951923025795,3.140290796624407,2.6941504095159448,0.8579302313059567,0.009030752032456416,0.7287139246657214,0.719683172633265,0.009030752032456416,0.7287139246657214,0.719683172633265,0.019734524038487106,0.02939382748299641,0.009659303444509305,0.09030752364603538,2.513527831954619,2.4232203083085833,11.645786927288675,11.64573418617998,11.645734208003592,0.5687913628449266,0.5426210694510876,1,none,1.9409153947076234,2.3455060696506496,1.9409153947076234,6.592071173967262,6.2602652296635215,0.7116143038361855,0.6200744931734927,2182,1.9409153947076234,0.0,1.0,0.0,,0,False,0,False,0.0011804014566674955,-0.0011423279634892214,,0.0011804014566674955,-0.0011423279634892214,,0.8125387153512548,0,False,False,False,False,False,0.0020128205609664593,2972,1550,0
528,True,528,528,1,0.45800000000000035,0.001,0.001,0,0,0,False,False,,,none,1.0,2.6215785905249858,2.191997541581196,0.9998286812932766,0.0840962966307301,0.721125330390568,True,2,1,4,1,True,2,,,2,2,2,949,,,,,,,,,7,0.8,1.7121452091751066e-06,4.5164012219642065e-07,3.3884458395861082e-06,2.2292111811490892e-06,4.425648846807369e-06,False,0.026303244654263813,0.0,0.026303244654263813,0.7771373800621838,0.7771373800621838,-0.8769744576771664,1.054214064203794,3.140290796624407,2.6891049779172564,0.8563235547509983,0.009106601916817055,0.721125330390568,0.712018728473751,0.009106601916817055,0.721125330390568,0.712018728473751,0.019728929678981034,0.029384872288385835,0.009655942609404802,0.09106602262445584,2.525484646120526,2.4344186234960703,11.67752140489957,11.677467127027487,11.677467206415256,0.5812723060027891,0.5410246419318301,1,none,1.9429997954612257,2.3527035865304704,1.9429997954612257,6.629280178296771,6.2897753868190724,0.7097915680899579,0.6178280386714601,2189,1.9429997954612257,0.0,1.0,0.0,,0,False,0,False,0.002259921118510945,-0.0013507419263615748,,0.002259921118510945,-0.0013507419263615748,,0.8115975477305559,0,False,False,False,False,False,0.0010994539918644864,2972,1550,0
529,True,529,529,1,0.45900000000000035,0.001,0.001,0,0,0,False,False,,,none,1.0,2.6278211533437057,2.192735364790317,0.99983153447246,0.08513727362049027,0.7135926784709772,True,2,1,4,1,True,2,,,2,2,2,803,,,,,,,,,7,0.8,1.7539648281084325e-06,4.6103177393609075e-07,3.3795348776860173e-06,2.247040599527685e-06,4.44515358117603e-06,False,0.026752716094418094,0.0,0.026752716094418094,0.7748423808460597,0.7748423808460597,-0.8751856620074892,1.0553562810965182,3.140290796624407,2.6840147202972724,0.8547026037150446,0.009183120194145997,0.7135926784709772,0.7044095582768312,0.009183120194145997,0.7135926784709772,0.7044095582768312,0.019723218594517408,0.029375928310037446,0.009652709715520038,0.09183120558137939,2.5382863484606797,2.4464551428793,11.709698394785429,11.70964255052032,11.709642688611265,0.5940423517249553,0.5393072569942661,1,none,1.943001997357482,2.357781143215102,1.943001997357482,6.5834471565618236,6.2371019623832185,0.7162755581215732,0.6230464113224322,2194,1.943001997357482,0.0,1.0,0.0,,0,False,0,False,0.001807290421134408,-0.0008772753148681556,,0.001807290421134408,-0.0008772753148681556,,0.8143239280549714,0,False,False,False,False,False,0.0006550154047094087,2972,1550,0
530,True,530,530,1,0.46000000000000035,0.001,0.001,0,0,0,False,False,,,none,1.0,2.634022448745311,2.193375023060079,0.9998344051009332,0.08618794021253334,0.706119200962538,True,2,1,4,1,True,2,,,2,2,2,776,,,,,,,,,7,0.8,1.7973662298738485e-06,4.7067411579505796e-07,3.3712202614438543e-06,2.2655707300300102e-06,4.466541869445385e-06,False,0.02718953982111255,0.0,0.02718953982111255,0.7725221628740775,0.7725221628740775,-0.8733995202869868,1.0565223656996066,3.140290796624407,2.678879246238894,0.853067253872954,0.009260311099219052,0.706119200962538,0.6968588898633189,0.009260311099219052,0.706119200962538,0.6968588898633189,0.01971738817150197,0.029366997601434935,0.009649609429932964,0.0926031148034104,2.550479607514921,2.457876492711511,11.742322200144029,11.7422647595751,11.742264957446713,0.6071078644539368,0.5374724346416817,1,none,1.9410686783564057,2.3608798077001287,1.9410686783564057,6.539518950630063,6.186682698468865,0.7220347017948974,0.6274990242628085,2197,1.9410686783564057,0.0,1.0,0.0,,0,False,0,False,0.0014281679048890699,-0.0005285506952566834,,0.0014281679048890699,-0.0005285506952566834,,0.8157786233833159,0,False,False,False,False,False,0.0005151143005657702,2972,1550,0
531,True,531,531,1,0.46100000000000035,0.001,0.001,0,0,0,False,False,,,none,1.0,2.6401831505054485,2.193916653479218,0.9998372812498266,0.08724839236727394,0.6987078594465785,True,2,1,4,1,True,2,,,2,2,2,807,,,,,,,,,7,0.8,1.8424350646927568e-06,4.805801844514325e-07,3.3635615419009047e-06,2.2848427964062323e-06,4.489941773758432e-06,False,0.02761336059344288,0.0,0.02761336059344288,0.7701746726674022,0.7701746726674022,-0.8716164806209254,1.0577093367366188,3.140290796624407,2.6736980898441582,0.8514173568633188,0.009338178258388927,0.6987078594465785,0.6893696811881896,0.009338178258388927,0.6987078594465785,0.6893696811881896,0.019711453316316907,0.029358082403104627,0.00964662908678772,0.09338178652611398,2.5620745899770365,2.4686928034509226,11.775396890034415,11.775337823147712,11.7753380818382,0.6204753905371102,0.5355239463460758,1,none,1.9420676914817778,2.367104890575768,1.9420676914817778,6.5411316497482215,6.185567929989383,0.7237600517234297,0.6279351268833648,2203,1.9420676914817778,0.0,1.0,0.0,,0,False,0,False,0.001458889263956724,0.00020561421777715572,,0.001458889263956724,0.00020561421777715572,,0.8150258372494286,0,False,False,False,False,False,0.0007348074043128229,2972,1550,0
532,True,532,532,1,0.46200000000000035,0.001,0.001,0,0,0,False,False,,,none,1.0,2.6463039364223606,2.194360423661619,0.9998401450200172,0.08831891476583432,0.6913614396287203,True,2,1,4,1,True,2,,,2,2,2,799,,,,,,,,,7,0.8,1.889260665746203e-06,4.907608385727397e-07,3.356634958047212e-06,2.3050360437571343e-06,4.51556657224944e-06,False,0.02802385286554837,0.0,0.02802385286554837,0.7678017538068523,0.7678017538068523,-0.869837057889868,1.0589170450251426,3.140290796624407,2.668470822003646,0.8497527760397431,0.009416726519003375,0.6913614396287203,0.6819447131097169,0.009416726519003375,0.6913614396287203,0.6819447131097169,0.01970541477487429,0.02934918528944934,0.009643770514575049,0.09416726926639962,2.5730817323695407,2.4789144631031412,11.808926370132083,11.808865646798203,11.80886596730642,0.6341515570949664,0.5334658360698256,1,none,1.9431094813030176,2.373416392371537,1.9431094813030176,6.46239956092589,6.0919403110300685,0.7345309957997983,0.6379279448240237,2209,1.9431094813030176,0.0,1.0,0.0,,0,False,0,False,0.0019218201857667306,-0.0004038262576112472,,0.0019218201857667306,-0.0004038262576112472,,0.8160559075679739,0,False,False,False,False,False,0.0007653252455064481,2972,1550,0
533,True,533,533,1,0.46300000000000036,0.001,0.001,0,0,0,False,False,,,none,1.0,2.652385488196255,2.19470655819478,0.9998429690499248,0.08940034050013143,0.6840825137288533,True,2,1,4,1,True,2,,,2,2,2,906,,,,,,,,,7,0.8,1.937481365520247e-06,5.011955116351624e-07,3.3503122137824506e-06,2.325580901710338e-06,4.542900994171144e-06,False,0.028420755148280852,0.0,0.028420755148280852,0.7654019805671209,0.7654019805671209,-0.8680616462026446,1.0601449745801035,3.140290796624407,2.6631971059483845,0.8480734041608934,0.009495962072381845,0.6840825137288533,0.6745865516564715,0.009495962072381845,0.6840825137288533,0.6745865516564715,0.019699275127099486,0.029340308231013225,0.009641033103913739,0.09495962498126201,2.584041295910899,2.489081670929637,11.842914251250662,11.842851841343487,11.84285222450487,0.6481428561178693,0.5313016588187287,1,none,1.9442494789007045,2.379909032877293,1.9442494789007045,6.577162346190134,6.214430229134916,0.7236886996581046,0.6257209131693334,2215,1.9442494789007045,0.0,1.0,0.0,,0,False,0,False,0.0016589171229913539,-0.001125487796307753,,0.0016589171229913539,-0.001125487796307753,,0.8184721465407657,0,False,False,False,False,False,0.0007680581988693839,2972,1550,0
534,True,534,534,1,0.46400000000000036,0.001,0.001,0,0,0,False,False,,,none,1.0,2.6584284891305305,2.194955116302559,0.9998457236142106,0.09049201361733357,0.6768734834124768,True,2,1,4,1,True,2,,,2,2,2,1052,,,,,,,,,7,0.8,1.9876983186631307e-06,5.119383597110155e-07,3.34485326887799e-06,2.34711083000668e-06,4.572745141467897e-06,False,0.028803855935065736,0.0,0.028803855935065736,0.762976347128619,0.762976347128619,-0.8662906291445903,1.0613930514983718,3.140290796624407,2.6578763866506465,0.8463790644827153,0.009575888522868455,0.6768734834124768,0.6672975948896083,0.009575888522868455,0.6768734834124768,0.6672975948896083,0.01969303474250814,0.029331453145722955,0.009638418403214815,0.09575888976174872,2.595410490626936,2.4996516008651875,11.877363902896496,11.877299776249357,11.877300222909671,0.6624562608042971,0.5290352944856963,1,none,1.9431560403931294,2.3840878143728013,1.9431560403931294,6.566237005942712,6.19676187141231,0.726165629481575,0.627152077396275,2219,1.9431560403931294,0.0,1.0,0.0,,0,False,0,False,0.0014760809611565158,-0.00093870217749667,,0.0014760809611565158,-0.00093870217749667,,0.8174819660923204,0,False,False,False,False,False,0.00026137698726003844,2972,1550,0
535,True,535,535,1,0.46500000000000036,0.001,0.001,0,0,0,False,False,,,none,1.0,2.6644336235847783,2.195106177992212,0.9998484304251085,0.09160758966622419,0.6697365538004472,True,2,1,4,1,True,2,,,2,2,2,793,,,,,,,,,7,0.8,2.03972515310344e-06,5.229852554647967e-07,3.3402524745883798e-06,2.369466668710541e-06,4.604959409784244e-06,False,0.029172933619557806,0.0,0.029172933619557806,0.7605236928087789,0.7605236928087789,-0.8645242952284093,1.0626615212922885,3.140290796624407,2.6525081343613564,0.8446695883109351,0.00965651066194032,0.6697365538004472,0.6600800431385069,0.00965651066194032,0.6697365538004472,0.6600800431385069,0.01968669239353856,0.029322621476142046,0.009635929082603484,0.09656511146538342,2.606198414947719,2.5096333034823353,11.912278551229093,11.912212678038992,11.912213188919555,0.6770986230848818,0.5266709486694674,1,none,1.9411330798803128,2.3873526930932267,1.9411330798803128,6.517945470450817,6.144109182057404,0.7325476114877973,0.6318680291518872,2222,1.9411330798803128,0.0,1.0,0.0,,0,False,0,False,0.0019226895531561593,-0.00046732819061770536,,0.0019226895531561593,-0.00046732819061770536,,0.8170309354301625,0,False,False,False,False,False,0.0006493478805340588,2972,1550,0
536,True,536,536,1,0.46600000000000036,0.001,0.001,0,0,0,False,False,,,none,1.0,2.6704015771042213,2.195159905621346,0.9998511313842264,0.09275886537340276,0.6626737127344265,True,2,1,4,1,True,2,,,2,2,2,841,,,,,,,,,7,0.8,2.093422679760092e-06,5.343341163622913e-07,3.3364879561320076e-06,2.3924780834047866e-06,4.639400254885191e-06,False,0.02952785449857459,0.0,0.02952785449857459,0.7580445372355844,0.7580445372355844,-0.8627631002496741,1.0639514309392732,3.140290796624407,2.6470919385301452,0.8429448449091351,0.00973783499304713,0.6626737127344265,0.6529358777413794,0.00973783499304713,0.6626737127344265,0.6529358777413794,0.019680242845303633,0.02931381550124837,0.009633572655944736,0.09737835512310161,2.6164141549246853,2.5190357998015838,11.947661249801405,11.947593600544849,11.947594176251757,0.6920767862323285,0.5242126347933946,1,none,1.9378878673096773,2.389387587982919,1.9378878673096773,6.52405159846182,6.148262551688615,0.7324858033146968,0.6303855279496606,2224,1.9378878673096773,0.0,1.0,0.0,,0,False,0,False,0.002306344637667359,0.00020841557122330392,,0.002306344637667359,0.00020841557122330392,,0.8160334641632514,0,False,False,False,False,False,0.0007770591068498808,2972,1550,0
537,True,537,537,1,0.46700000000000036,0.001,0.001,0,0,0,False,False,,,none,1.0,2.6763330352666364,2.1951163946056553,0.9998538376993689,0.093933685914214,0.6556867630221165,True,2,1,4,1,True,2,,,2,2,2,829,,,,,,,,,7,0.8,2.148854505354869e-06,5.459921148729454e-07,3.3336391942034643e-06,2.416091024164451e-06,4.676144692892308e-06,False,0.02986849176680656,0.0,0.02986849176680656,0.7555390026747093,0.7555390026747093,-0.8610075347260364,1.0652631101279972,3.140290796624407,2.641627319961338,0.8412046816813598,0.009819867286326821,0.6556867630221165,0.6458668957357897,0.009819867286326821,0.6556867630221165,0.6458668957357897,0.01967368444936001,0.029305037673630182,0.00963135322427017,0.09819867843487065,2.6260665810706687,2.527867902635798,11.983514751414315,11.983445296917028,11.983445937920887,0.707397759344765,0.5216639377545165,1,none,1.9387445025354584,2.3958001249422627,1.9387445025354584,6.627900029471516,6.261768491411906,0.7229439533756199,0.6192322521008149,2230,1.9387445025354584,0.0,1.0,0.0,,0,False,0,False,0.001452765585387783,0.0007759402859349236,,0.001452765585387783,0.0007759402859349236,,0.8175946374729491,0,False,False,False,False,False,0.0010250275607509318,2972,1550,0
538,True,538,538,1,0.46800000000000036,0.001,0.001,0,0,0,False,False,,,none,1.0,2.6822286822641837,2.194975637882176,0.9998565989006414,0.09511915652812955,0.6487774426773838,True,2,1,4,1,True,2,,,2,2,2,667,,,,,,,,,7,0.8,2.2062619666284394e-06,5.579866096069417e-07,3.3318514767192906e-06,2.4405587301402064e-06,4.715559574437792e-06,False,0.03019471415946956,0.0,0.03019471415946956,0.7530050405598362,0.7530050405598362,-0.8592578526433962,1.066594077646373,3.140290796624407,2.6361136678042327,0.8394489041071834,0.00990261192237289,0.6487774426773838,0.638874830755011,0.00990261192237289,0.6487774426773838,0.638874830755011,0.01966702961176814,0.029296289263216983,0.009629259651448844,0.09902612512723553,2.6360884739137527,2.537062348786517,12.019841641736054,12.019770353517515,12.01977106022608,0.7230686819467793,0.5190288379835982,1,none,1.9344769807352895,2.3968774951152145,1.9344769807352895,6.677819207980068,6.316060969820503,0.7178623501070287,0.6125580452686054,2231,1.9344769807352895,0.0,1.0,0.0,,0,False,0,False,0.0011023502181250805,0.0005658004931130879,,0.0011023502181250805,0.0005658004931130879,,0.8166528188517049,0,False,False,False,False,False,0.0004085947407163468,2972,1550,0
539,True,539,539,1,0.46900000000000036,0.001,0.001,0,0,0,False,False,,,none,1.0,2.6880892009306567,2.1947376940884773,0.9998593716492292,0.09631526061448548,0.641947222279602,True,2,1,4,1,True,2,,,2,2,2,1037,,,,,,,,,7,0.8,2.2654520977487284e-06,5.703091710572131e-07,3.3310947023552594e-06,2.4657676975737032e-06,4.75749177742256e-06,False,0.030506423667597815,0.0,0.030506423667597815,0.7504458986331048,0.7504458986331048,-0.8575144946386769,1.0679441318757166,3.140290796624407,2.63055046287015,0.8376773468552046,0.009986074692690045,0.641947222279602,0.6319611475869119,0.009986074692690045,0.641947222279602,0.6319611475869119,0.019660279340621416,0.02928757247319338,0.009627293132571966,0.09986075310903736,2.6457592995152206,2.545898546406183,12.056644391545552,12.056571242097066,12.056572014838528,0.7390965315770214,0.5163113973929577,1,none,1.936550178209516,2.404697068200271,1.936550178209516,6.865511911485426,6.525268628078774,0.7005150086994719,0.5935541626214067,2238,1.936550178209516,0.0,1.0,0.0,,0,False,0,False,0.0006347530443961777,0.001243504061742206,,0.0006347530443961777,0.001243504061742206,,0.8230190136147726,0,False,False,False,False,False,0.0008233645874167164,2972,1550,0
540,True,540,540,1,0.47000000000000036,0.001,0.001,0,0,0,False,False,,,none,1.0,2.693915271566887,2.1944025361180053,0.9998621396012181,0.09752190504553289,0.6351974274775137,True,2,1,4,1,True,2,,,2,2,2,649,,,,,,,,,7,0.8,2.326504631022607e-06,5.829733703452982e-07,3.331474400700461e-06,2.4917333294805496e-06,4.8020764692441245e-06,False,0.030803572979940186,0.0,0.030803572979940186,0.7478604697758124,0.7478604697758124,-0.8557777920526464,1.0693130119781828,3.140290796624407,2.6249370866429484,0.8358898129640007,0.01007026063749447,0.6351974274775137,0.6251271668400192,0.01007026063749447,0.6351974274775137,0.6251271668400192,0.01965343494010909,0.02927888896026323,0.00962545402015414,0.10070261294132607,2.6556595722602063,2.55495695931888,12.093925247702428,12.093850210615955,12.093851049663376,0.7554883794417123,0.5135156015053256,1,none,1.9367870635898465,2.4106142347335107,1.9367870635898465,6.927375888836058,6.592348261608507,0.6959674986363541,0.5875863915955429,2243,1.9367870635898465,0.0,1.0,0.0,,0,False,0,False,0.0002778584099347859,3.739245119802349e-05,,0.0002778584099347859,3.739245119802349e-05,,0.8219864968691114,0,False,False,False,False,False,0.0012578072178186976,2972,1550,0
541,True,541,541,1,0.47100000000000036,0.001,0.001,0,0,0,False,False,,,none,1.0,2.699707571412408,2.1939701217529146,0.9998649271617237,0.09873910613560669,0.6285292650108272,True,2,1,4,1,True,2,,,2,2,2,656,,,,,,,,,7,0.8,2.3894480091065804e-06,5.959929071457512e-07,3.3331141498269382e-06,2.5185891497502567e-06,4.849495909329929e-06,False,0.03108617129116309,0.0,0.03108617129116309,0.745248062527427,0.745248062527427,-0.8540478643473144,1.070701638844658,3.140290796624407,2.6192729042930263,0.8340861002772614,0.01015517496141708,0.6285292650108272,0.6183740900494101,0.01015517496141708,0.6285292650108272,0.6183740900494101,0.019646491805776708,0.02927023932173657,0.009623747515959864,0.10155175662192459,2.665723567206359,2.5641718105844347,12.131686385375037,12.131609435517843,12.131610341111495,0.772251252866883,0.5106459029307747,1,none,1.9333409553428882,2.4127071039281835,1.9333409553428882,6.932944357311195,6.5953468596136835,0.6960122509518897,0.5862742313619975,2245,1.9333409553428882,0.0,1.0,0.0,,0,False,0,False,0.0002184911410035821,-0.00031368359225393403,,0.0002184911410035821,-0.00031368359225393403,,0.8209430452520858,0,False,False,False,False,False,0.0003560601928132807,2972,1550,0
542,True,542,542,1,0.47200000000000036,0.001,0.001,0,0,0,False,False,,,none,1.0,2.705466774707428,2.1934404719108445,0.9998676812164232,0.09996809708863696,0.6219437187119338,True,2,1,4,1,True,2,,,2,2,2,806,,,,,,,,,7,0.8,2.4540333663007965e-06,6.093496086303745e-07,3.3359899195582043e-06,2.546039162826147e-06,4.8994623042221716e-06,False,0.031354173353290715,0.0,0.031354173353290715,0.7426065854375017,0.7426065854375017,-0.8523249512425148,1.072109103953058,3.140290796624407,2.613557379241028,0.8322660379256658,0.010240824461124079,0.6219437187119338,0.6117028942508097,0.010240824461124079,0.6219437187119338,0.6117028942508097,0.019639454480234714,0.02926162475621257,0.009622170275977858,0.10240825198657644,2.6764396205233947,2.574031368536818,12.169929822623365,12.169850936237022,12.169851908522405,0.7893920876543178,0.507706418406362,1,none,1.9333652327389066,2.4185214923370535,1.9333652327389066,7.124328958717123,6.8026140363321925,0.6789471700005713,0.568418323430659,2250,1.9333652327389066,0.0,1.0,0.0,,0,False,0,False,-0.0005477076576504417,0.00011599544750879816,,-0.0005477076576504417,0.00011599544750879816,,0.8198885360112695,0,False,False,False,False,False,0.0008784558476498935,2972,1550,0
543,True,543,543,1,0.47300000000000036,0.001,0.001,0,0,0,False,False,,,none,1.0,2.711193552080524,2.1928135769081964,0.9998704202297638,0.10122282025381729,0.615441699515454,True,2,1,4,1,True,2,,,2,2,2,740,,,,,,,,,7,0.8,2.520370142899473e-06,6.230557159927951e-07,3.3401761825395532e-06,2.5742146793571305e-06,4.952153292081399e-06,False,0.03160761435265186,0.0,0.03160761435265186,0.7399399813380034,0.7399399813380034,-0.8506094557692756,1.0735353613736256,3.140290796624407,2.607789949743621,0.8304294470266297,0.010327215619247088,0.615441699515454,0.6051144838962069,0.010327215619247088,0.615441699515454,0.6051144838962069,0.019632323193131875,0.029253047278846377,0.009620724085714502,0.10327216392214252,2.686919730096385,2.5836475661742426,12.20865741556946,12.20857657031749,12.208577609436846,0.8069179576951592,0.5047011370749905,1,none,1.9361664783312298,2.4273006334078264,1.9361664783312298,7.127847106269535,6.806507896968996,0.6810753926730031,0.5689162512228697,2258,1.9361664783312298,0.0,1.0,0.0,,0,False,0,False,-0.0009838139831969143,0.000546223238206815,,-0.0009838139831969143,0.000546223238206815,,0.8188229636104032,0,False,False,False,False,False,0.000612604831086519,2972,1550,0
544,True,544,544,1,0.47400000000000037,0.001,0.001,0,0,0,False,False,,,none,1.0,2.7168885566142364,2.1920889239534063,0.9998731213108976,0.10249395839714592,0.6090239735218526,True,2,1,4,1,True,2,,,2,2,2,646,,,,,,,,,8,0.8,9.658979903648061e-07,1.703836331991406e-07,8.879948948663338e-07,8.954218199742732e-07,1.5975934023548113e-06,False,0.03185709872499026,0.0,0.03185709872499026,0.7372468781552018,0.7372468781552018,-0.8489018960874668,1.0749790401651935,3.140290796624407,2.601969663615833,0.8285760243646124,0.010414360975439487,0.6090239735218526,0.5986096125464131,0.010414360975439487,0.6090239735218526,0.5986096125464131,0.019625104799174037,0.029244509480437334,0.009619404681263297,0.10414361766792153,2.6968088883786074,2.592665270710686,12.247870072696614,12.247787969007318,12.247788715063061,0.8248453306323672,0.5016318431692783,1,none,1.9335438901202537,2.4304325544964396,1.9335438901202537,7.181531794292206,6.865023630436213,0.6768563097995661,0.5633029088342391,2261,1.9335438901202537,0.0,1.0,0.0,,0,False,0,False,-3.954011173711388e-05,0.00021500322407995182,,-3.954011173711388e-05,0.00021500322407995182,,0.8177461900986566,0,False,False,False,False,False,0.001000679690050657,2972,1550,0
545,True,545,545,1,0.47500000000000037,0.001,0.001,0,0,0,False,False,,,none,1.0,2.7225524632311147,2.191267385911153,0.9998757986625808,0.10377756337479284,0.6026909831562328,True,2,1,4,1,True,2,,,2,2,2,730,,,,,,,,,8,0.8,9.958353058756662e-07,1.750337834243458e-07,8.981427820427955e-07,9.107918755063651e-07,1.6304990276575748e-06,False,0.03211338220190907,0.0,0.03211338220190907,0.7345270008825424,0.7345270008825424,-0.847201991795069,1.0764407819480386,3.140290796624407,2.596096682614353,0.8267058214497126,0.010502257074227486,0.6026909831562328,0.5921887260820053,0.010502257074227486,0.6026909831562328,0.5921887260820053,0.019617796090259806,0.029236009958975344,0.009618213868715537,0.10502257902617129,2.706109055462254,2.6010864764360826,12.287570780479442,12.28748668067007,12.287487492465157,0.8431637784322696,0.4985053677607456,1,none,1.9318468549127374,2.4345882745153453,1.9318468549127374,7.1774983067334075,6.857141279174007,0.678394663564432,0.5634554623455105,2265,1.9318468549127374,0.0,1.0,0.0,,0,False,0,False,-0.0010611679417298946,0.0011921465451767252,,-0.0010611679417298946,0.0011921465451767252,,0.816658011928242,0,False,False,False,False,False,0.001413694625079897,2972,1550,0
546,True,546,546,1,0.47600000000000037,0.001,0.001,0,0,0,False,False,,,none,1.0,2.728185928729064,2.190348438318817,0.9998784392818048,0.10507360497984587,0.5964432137097123,True,2,1,4,1,True,2,,,2,2,2,1168,,,,,,,,,8,0.8,1.028322532250585e-06,1.799444500423627e-07,9.098738996158051e-07,9.275069359789219e-07,1.6667233918459247e-06,False,0.03235174577294264,0.0,0.03235174577294264,0.7317778680578705,0.7317778680578705,-0.8455099708881598,1.077919978588734,3.140290796624407,2.5901700141265827,0.8248185221925416,0.010590912763754621,0.5964432137097123,0.5858523009459577,0.010590912763754621,0.5964432137097123,0.5858523009459577,0.019610400107056336,0.0292275498544408,0.009617149747384465,0.10590913623628803,2.7148231105779788,2.6089139743416907,12.327760181668461,12.327674068089067,12.327674945821308,0.8618875915775538,0.4953239691425793,1,none,1.9320598318927467,2.440835423348746,1.9320598318927467,7.369114890682029,7.06958391392116,0.6624500932764914,0.5465837467713501,2271,1.9320598318927467,0.0,1.0,0.0,,0,False,0,False,-0.00046347183987494446,0.00101530196769714,,-0.00046347183987494446,0.00101530196769714,,0.8173560799129019,0,False,False,False,False,False,0.0006233094213603192,2972,1550,0
547,True,547,547,1,0.47700000000000037,0.001,0.001,0,0,0,False,False,,,none,1.0,2.733789603533087,2.189331857651026,0.9998810653208242,0.10638164827630178,0.590280992419089,True,2,1,4,1,True,2,,,2,2,2,926,,,,,,,,,8,0.8,1.0620376912443866e-06,1.8502302964013843e-07,9.225593810945606e-07,9.447786456633647e-07,1.7046642132889408e-06,False,0.032572141385898146,0.0,0.032572141385898146,0.7290028342101644,0.7290028342101644,-0.8438261287497795,1.0794161534634021,3.140290796624407,2.5841888819662207,0.8229138794229002,0.010680333193756735,0.590280992419089,0.5796006592253323,0.010680333193756735,0.590280992419089,0.5796006592253323,0.01960291923268299,0.029219130643748897,0.009616211411065907,0.10680334090768429,2.7229565930354394,2.616153252127755,12.368439552559497,12.36835140965165,12.368352353356494,0.8810238816655984,0.49209141963082614,1,none,1.934466947931118,2.449413622640618,1.934466947931118,7.1756423833341945,6.856003606572841,0.6827022562689327,0.564313281888168,2279,1.934466947931118,0.0,1.0,0.0,,0,False,0,False,-0.001517593960867632,0.001092048844154293,,-0.001517593960867632,0.001092048844154293,,0.816233600607143,0,False,False,False,False,False,0.0010569122617379606,2972,1550,0
548,True,548,548,1,0.47800000000000037,0.001,0.001,0,0,0,False,False,,,none,1.0,2.73936413218372,2.188217526688624,0.9998837226681168,0.10770182534154153,0.5842046457510399,True,2,1,4,1,True,2,,,2,2,2,1092,,,,,,,,,8,0.8,1.0967870608743166e-06,1.902503378223049e-07,9.360829863286059e-07,9.624241937435838e-07,1.74403232021075e-06,False,0.03277462024884353,0.0,0.03277462024884353,0.7262015970939631,0.7262015970939631,-0.8421507083891763,1.080930749765691,3.140290796624407,2.5781526511485033,0.8209916909350679,0.010770525335124565,0.5842046457510399,0.5734341204159153,0.010770525335124565,0.5842046457510399,0.5734341204159153,0.01959534625117154,0.029210753541945883,0.009615407290774342,0.10770526270164324,2.730514269648241,2.6228090069465977,12.409610116530349,12.409519930434547,12.409520940066246,0.9005795255420078,0.48881148123362717,1,none,1.934828037089155,2.4559263735010823,1.934828037089155,7.28437209885506,6.977577175237513,0.6743000879614864,0.5545844892853642,2285,1.934828037089155,0.0,1.0,0.0,,0,False,0,False,-0.0012107563449109122,9.215779009443215e-05,,-0.0012107563449109122,9.215779009443215e-05,,0.8162688010046656,0,False,False,False,False,False,0.001045911775703354,2972,1550,0
549,True,549,549,1,0.47900000000000037,0.001,0.001,0,0,0,False,False,,,none,1.0,2.7449101527961792,2.1870052777442384,0.9998863353599551,0.10903445192583025,0.5782142558805795,True,2,1,4,1,True,2,,,2,2,2,1258,,,,,,,,,8,0.8,1.1328109404936509e-06,1.9566641251529926e-07,9.505016675792524e-07,9.80526492016444e-07,1.785057868391311e-06,False,0.03295918786107871,0.0,0.03295918786107871,0.723371818884006,0.723371818884006,-0.840483981524737,1.0824629389184879,3.140290796624407,2.5720606356726767,0.8190517382776977,0.01086149591743799,0.5782142558805795,0.5673527599631415,0.01086149591743799,0.5782142558805795,0.5673527599631415,0.01958768530540756,0.029202419907623685,0.009614734602216124,0.10861496887805028,2.7375018798031117,2.628886910925061,12.451272975394732,12.451180733943833,12.451181809402334,0.9205613050616194,0.4854879575529172,1,none,1.9340757718052095,2.461357759652607,1.9340757718052095,7.538934102373102,7.26842125022968,0.6529723502631021,0.532185932878916,2290,1.9340757718052095,0.0,1.0,0.0,,0,False,0,False,-0.0007135378237963447,0.00011654073109112527,,-0.0007135378237963447,0.00011654073109112527,,0.817264586730889,0,False,False,False,False,False,0.0004978160157638622,2972,1550,0
550,True,550,550,1,0.48000000000000037,0.001,0.001,0,0,0,False,False,,,none,1.0,2.7504282971434915,2.1856949767176275,0.9998888168590384,0.1103792473586867,0.5723099926467137,True,2,1,4,1,True,2,,,2,2,2,1298,,,,,,,,,8,0.8,1.1700287460257192e-06,2.0126161875161446e-07,9.657952096927588e-07,9.990662304697437e-07,1.827667153953241e-06,False,0.0331258700610893,0.0,0.0331258700610893,0.7205165861094132,0.7205165861094132,-0.8388262039144706,1.0840113067549861,3.140290796624407,2.565912203247377,0.8170938201027603,0.010953252154228509,0.5723099926467137,0.5613567404924852,0.010953252154228509,0.5723099926467137,0.5613567404924852,0.01957994346622507,0.029194131019572352,0.009614187553347281,0.10953253156566818,2.7441565938824217,2.6346240623167536,12.49342918717057,12.493334879599555,12.493336020752215,0.940976065183472,0.4821247045758524,1,none,1.9333823310176022,2.4668863079400802,1.9333823310176022,7.696809209809465,7.445380490793121,0.641015319645983,0.5193508467185531,2295,1.9333823310176022,0.0,1.0,0.0,,0,False,0,False,-0.0002977268355750963,0.00027338858130302466,,-0.0002977268355750963,0.00027338858130302466,,0.8167055802393572,0,False,False,False,False,False,0.0004444097501648964,2972,1550,0
551,True,551,551,1,0.48100000000000037,0.001,0.001,0,0,0,False,False,,,none,1.0,2.755919190282241,2.184286474208135,0.9998911827050878,0.11173632997817824,0.5664919990306281,True,2,1,4,1,True,2,,,2,2,2,1183,,,,,,,,,8,0.8,1.2084077753054596e-06,2.0702801991817033e-07,9.819430755497997e-07,1.0180098086769793e-06,1.8718082504980762e-06,False,0.03328026375016274,0.0,0.03328026375016274,0.717634096812818,0.717634096812818,-0.8371774631661023,1.0855755451662266,3.140290796624407,2.559706723554733,0.8151177356906687,0.011045801762009722,0.5664919990306281,0.5554461972686183,0.011045801762009722,0.5664919990306281,0.5554461972686183,0.019572122274168866,0.02918588731583051,0.009613765041661646,0.11045802802552387,2.752225777814803,2.641767749789279,12.536079615474394,12.535983232088224,12.535984438729347,0.9618306912187424,0.47872493160699764,1,none,1.9305424830787492,2.470193020479707,1.9305424830787492,7.750495537269706,7.5030607582624365,0.6374284092162423,0.5146013194556152,2298,1.9305424830787492,0.0,1.0,0.0,,0,False,0,False,-0.00018583968595174642,0.00044209081860332,,-0.00018583968595174642,0.00044209081860332,,0.8155498551928477,0,False,False,False,False,False,0.00020243314728809374,2972,1550,0
552,True,552,552,1,0.4820000000000004,0.001,0.001,0,0,0,False,False,,,none,1.0,2.7613834500075987,2.182779533530451,0.9998934889343638,0.11310657211382813,0.5607599626725984,True,2,1,4,1,True,2,,,2,2,2,1221,,,,,,,,,8,0.8,1.2479824223458528e-06,2.1297251771842328e-07,9.990923360819992e-07,1.0374715231667094e-06,1.917641801063792e-06,False,0.03362085374938545,0.0,0.03362085374938545,0.7147249214723395,0.7147249214723395,-0.8355376482182797,1.087155404498818,3.140290796624407,2.5534434654179394,0.8131232522041311,0.011139151289318347,0.5607599626725984,0.5496208113832801,0.011139151289318347,0.5607599626725984,0.5496208113832801,0.01956422297750591,0.029177688241091397,0.009613465263585488,0.11139152371422552,2.7599189544609937,2.648527430746768,12.57922508771198,12.579126619862699,12.579127891759548,0.9831318419656395,0.47529240826090857,1,none,1.9315889130656112,2.477680973554211,1.9315889130656112,7.907164466306871,7.683779909368904,0.6266926618541524,0.5027704946911369,2305,1.9315889130656112,0.0,1.0,0.0,,0,False,0,False,-4.286907668874488e-05,1.6080843872017754e-05,,-4.286907668874488e-05,1.6080843872017754e-05,,0.8144564509345642,0,False,False,False,False,False,0.00044936076117480336,2972,1550,0
553,True,553,553,1,0.4830000000000004,0.001,0.001,0,0,0,False,False,,,none,1.0,2.7668216866631363,2.181173885151015,0.9998957531943271,0.11449037947917377,0.5551135434596205,True,2,1,4,1,True,2,,,2,2,2,724,,,,,,,,,8,0.8,1.2888867892163188e-06,2.191195802282418e-07,1.01727303406699e-06,1.0575239103379962e-06,1.965310100882855e-06,False,0.03394941688119535,0.0,0.03394941688119535,0.7117876537300097,0.7117876537300097,-0.8339067880684087,1.0887511013074465,3.140290796624407,2.547121665199602,0.8111101264690452,0.011233306927515289,0.5551135434596205,0.5438802365321052,0.011233306927515289,0.5551135434596205,0.5438802365321052,0.019556244493462764,0.029169533940342038,0.009613289446879274,0.11233308046506565,2.767295486900187,2.6549624064351214,12.622866400210487,12.622765840590258,12.622767177600018,1.0048862299874046,0.4718311963038446,1,none,1.9349090449832729,2.487564400366418,1.9349090449832729,7.739218661073824,7.49082003945983,0.6428463929771603,0.516608070889606,2314,1.9349090449832729,0.0,1.0,0.0,,0,False,0,False,-0.0005185337497126042,0.00044859021146610706,,-0.0005185337497126042,0.00044859021146610706,,0.8133261516093152,0,False,False,False,False,False,0.0006429006410165836,2972,1550,0
554,True,554,554,1,0.4840000000000004,0.001,0.001,0,0,0,False,False,,,none,1.0,2.772234503553804,2.1794693618044,0.9998979538028694,0.1158876966338534,0.5495522785621485,True,2,1,4,1,True,2,,,2,2,2,1246,,,,,,,,,8,0.8,1.331057386966231e-06,2.2547059142986924e-07,1.0363898431310795e-06,1.0780720954095015e-06,2.0146697259955544e-06,False,0.03426593907433961,0.0,0.03426593907433961,0.708823306739661,0.708823306739661,-0.832285102157502,1.0903625141287425,3.140290796624407,2.540740704355517,0.8090781615150532,0.01132827669776556,0.5495522785621485,0.5382240018643829,0.01132827669776556,0.5495522785621485,0.5382240018643829,0.019548187429356288,0.029161425510787507,0.009613238081431219,0.11328277849014934,2.777094359827104,2.6638115813369545,12.667004295597698,12.66690163742901,12.666903039408316,1.0271010490623702,0.46834491142045703,1,none,1.933705736867985,2.4927965613410485,1.933705736867985,7.858070361142583,7.6291364767461545,0.6344551389276666,0.5069265028255767,2319,1.933705736867985,0.0,1.0,0.0,,0,False,0,False,-3.006914038884771e-05,0.00014329293312492948,,-3.006914038884771e-05,0.00014329293312492948,,0.8123827809355233,0,False,False,False,False,False,0.0005760243942094297,2972,1550,0
555,True,555,555,1,0.4850000000000004,0.001,0.001,0,0,0,False,False,,,none,1.0,2.7776224962829943,2.177665691136402,0.9999000020723195,0.11729802955236263,0.5440758408874032,True,2,1,4,1,True,2,,,2,2,2,1216,,,,,,,,,8,0.8,1.3748832976077055e-06,2.3209767767972418e-07,1.0565079221504387e-06,1.0993228460152172e-06,2.0661299870440373e-06,False,0.03457037147628916,0.0,0.03457037147628916,0.7058295548720098,0.7058295548720098,-0.8306726736990547,1.0919894907926184,3.140290796624407,2.5342998461074284,0.8070271227211262,0.01142406792484797,0.5440758408874032,0.5326517729625553,0.01142406792484797,0.5440758408874032,0.5326517729625553,0.01954005254603691,0.02915336336849527,0.009613310822458362,0.11424069100684,2.786241242402751,2.6720005513959113,12.711639436291732,12.711534673078505,12.711536139878119,1.0497833548343323,0.4648375890849031,1,none,1.9347215893296608,2.5003715875021073,1.9347215893296608,7.68828711899661,7.4322633481978,0.650436579384259,0.5206278353413831,2326,1.9347215893296608,0.0,1.0,0.0,,0,False,0,False,0.0007238676694458641,-0.0007527125347989263,,0.0007238676694458641,-0.0007527125347989263,,0.8116684858909153,0,False,False,False,False,False,0.0011710023534447702,2972,1550,0
556,True,556,556,1,0.4860000000000004,0.001,0.001,0,0,0,False,False,,,none,1.0,2.782986253607795,2.1757628013150696,0.9999018769047269,0.11872206050553505,0.538683774222852,True,2,1,4,1,True,2,,,2,2,2,1079,,,,,,,,,8,0.8,1.4194777006540908e-06,2.388637653322043e-07,1.0773091892823447e-06,1.120859880040021e-06,2.11870120617288e-06,False,0.034862622176770275,0.0,0.034862622176770275,0.7028099409116857,0.7028099409116857,-0.8290696975196181,1.0936318026345548,3.140290796624407,2.5277986235237617,0.8049568613967115,0.011520690548044927,0.538683774222852,0.527163083674807,0.011520690548044927,0.538683774222852,0.527163083674807,0.019531840986827222,0.02914534848759809,0.009613507500770866,0.1152069174358006,2.7947343521969596,2.679527434761159,12.756772422419118,12.756665546466538,12.75666707766964,1.0729410155494914,0.46131220621957325,1,none,1.9304515759950518,2.5024639163824087,1.9304515759950518,7.5890012961700535,7.318126537433763,0.6594975593548335,0.5275808135102296,2328,1.9304515759950518,0.0,1.0,0.0,,0,False,0,False,0.0006968524656134911,-0.0008530113767111747,,0.0006968524656134911,-0.0008530113767111747,,0.8104458655677104,0,False,False,False,False,False,0.00010387337929923559,2972,1550,0
557,True,557,557,1,0.4870000000000004,0.001,0.001,0,0,0,False,False,,,none,1.0,2.788326356709417,2.173760563740058,0.9999036304329063,0.12015972800735644,0.5333757552852727,True,2,1,4,1,True,2,,,2,2,2,752,,,,,,,,,8,0.8,1.4653378007731379e-06,2.4581106835092264e-07,1.0991456760976907e-06,1.1429315838222865e-06,2.1730282497660376e-06,False,0.035142630198098934,0.0,0.035142630198098934,0.699764004209773,0.699764004209773,-0.8274764470582914,1.0952892075936664,3.140290796624407,2.521236528031144,0.8028672155907653,0.011618154359963611,0.5333757552852727,0.5217576009253091,0.011618154359963611,0.5333757552852727,0.5217576009253091,0.01952355396203167,0.029137382235291456,0.009613828273259788,0.11618155569721869,2.802567244917281,2.6863856892200624,12.802403508853521,12.802294512125078,12.802296107249282,1.0965822225427198,0.45777001211490037,1,none,1.9320822254644825,2.5108294896756465,1.9320822254644825,7.657669079761339,7.38689160371619,0.6557686062229003,0.5231110266982915,2336,1.9320822254644825,0.0,1.0,0.0,,0,False,0,False,-0.0007038405951115984,-0.0007263781792848189,,-0.0007038405951115984,-0.0007263781792848189,,0.8145095609287453,0,False,False,False,False,False,0.0014064057085542002,2972,1550,0
558,True,558,558,1,0.4880000000000004,0.001,0.001,0,0,0,False,False,,,none,1.0,2.793643378009153,2.1716585648502678,0.9999052644306182,0.12161077484541757,0.5281512621722962,True,2,1,4,1,True,2,,,2,2,2,1150,,,,,,,,,8,0.8,1.5129748606130685e-06,2.530442258138449e-07,1.1224155694367324e-06,1.1659880201261883e-06,2.229903379668419e-06,False,0.03541026953951015,0.0,0.03541026953951015,0.6966916635311656,0.6966916635311656,-0.8258929055882598,1.0969635212766988,3.140290796624407,2.5146126977979635,0.8007579108600376,0.011716465088461723,0.5281512621722962,0.5164347970838346,0.011716465088461723,0.5281512621722962,0.5164347970838346,0.019515182393616506,0.0291294645279413,0.009614282134324793,0.1171646631169034,2.809734913106567,2.6925702499896635,12.848532977581861,12.848421852753496,12.848423511405148,1.1207141235014066,0.4542140488924092,1,none,1.9325124626552723,2.5180005026575403,1.9325124626552723,7.602936850131967,7.32263728345246,0.662375750921523,0.5278187046140665,2343,1.9325124626552723,0.0,1.0,0.0,,0,False,0,False,-0.0019804276127672014,0.0010596599704369967,,-0.0019804276127672014,0.0010596599704369967,,0.8135215113851302,0,False,False,False,False,False,0.002195360263352818,2972,1550,0
559,True,559,559,1,0.4890000000000004,0.001,0.001,0,0,0,False,False,,,none,1.0,2.7989378815902928,2.169456439068991,0.9999068355626579,0.12307505607901742,0.5230098398901004,True,2,1,4,1,True,2,,,2,2,2,829,,,,,,,,,8,0.8,1.5619515338075967e-06,2.6051307428261194e-07,1.1467682974282385e-06,1.1897831588355492e-06,2.2887160481089043e-06,False,0.035665462672775095,0.0,0.035665462672775095,0.693588270996883,0.693588270996883,-0.8243193070547595,1.0986533884765899,3.140290796624407,2.5079263374787626,0.7986286939332523,0.011815629112682025,0.5230098398901004,0.5111942107774183,0.011815629112682025,0.5230098398901004,0.5111942107774183,0.019506733057617052,0.029121596535273794,0.009614863477656742,0.11815630345790928,2.8162339012857602,2.698077597827851,12.895161170783977,12.895047910360653,12.895049632136702,1.1453439780000654,0.45064780325477405,1,none,1.9335739079842638,2.5259037804310775,1.9335739079842638,7.656852719659804,7.380612494022698,0.6597759870568084,0.5239602836621482,2351,1.9335739079842638,0.0,1.0,0.0,,0,False,0,False,-0.0021978456988028146,0.001354649586574758,,-0.0021978456988028146,0.001354649586574758,,0.8122540907777566,0,False,False,False,False,False,0.00036645531482636876,2972,1550,0
560,True,560,560,1,0.4900000000000004,0.001,0.001,0,0,0,False,False,,,none,1.0,2.8042104234704457,2.167153877721786,0.9999084061899005,0.12455373917506482,0.5179508605263979,True,2,1,4,1,True,2,,,2,2,2,1143,,,,,,,,,8,0.8,1.6125051237617207e-06,2.6823994588094035e-07,1.172356651020861e-06,1.2144135311787464e-06,2.34975440942812e-06,False,0.035929334023254655,0.0,0.035929334023254655,0.6904558792390377,0.6904558792390377,-0.822755631759294,1.1003577130189015,3.140290796624407,2.501176737519826,0.7964793388588141,0.011915654053721006,0.5179508605263979,0.506035206472677,0.011915654053721006,0.5179508605263979,0.506035206472677,0.01949821143490549,0.029113778158796472,0.009615566723890981,0.11915655296059291,2.822061106941454,2.7029045539808614,12.94228838172565,12.942172978074815,12.94217476273208,1.1704798822703846,0.44707433846884004,1,none,1.9297632692602922,2.528758371578149,1.9297632692602922,7.695704056968094,7.426749007979202,0.6571870105343977,0.5196791401424714,2354,1.9297632692602922,0.0,1.0,0.0,,0,False,0,False,-0.001292553598968189,0.0017229909442535408,,-0.001292553598968189,0.0017229909442535408,,0.8109728177465951,0,False,False,False,False,False,0.0009773582463967012,2972,1550,0
561,True,561,561,1,0.4910000000000004,0.001,0.001,0,0,0,False,False,,,none,1.0,2.8094615518350325,2.1647506376901227,0.9999099953965328,0.12604936649125073,0.5129736436365119,True,2,1,4,1,True,2,,,2,2,2,719,,,,,,,,,8,0.8,1.6648282451384005e-06,2.762396978947917e-07,1.199204300735996e-06,1.2398893225345892e-06,2.4131676161308406e-06,False,0.03655219844573199,0.0,0.03655219844573199,0.6872965905178765,0.6872965905178765,-0.8212020069225289,1.1020764626657833,3.140290796624407,2.494363285616183,0.7943096506531971,0.012016548650811677,0.5129736436365119,0.5009570949857002,0.012016548650811677,0.5129736436365119,0.5009570949857002,0.019489617686671085,0.029106010034612644,0.009616392347941559,0.12016549893890917,2.8272155313557503,2.707050032416841,12.989914831707607,12.989797276303088,12.98979912373091,1.1961306046919316,0.4434963056581107,1,none,1.923866733067295,2.5294613026754424,1.923866733067295,7.64394403164587,7.368963822389404,0.6618209898459465,0.5221539362757996,2355,1.923866733067295,0.0,1.0,0.0,,0,False,0,False,-0.001557697611059718,0.0016577725062256502,,-0.001557697611059718,0.0016577725062256502,,0.8096775180576072,0,False,False,False,False,False,0.00027304723365526105,2972,1550,0
562,True,562,562,1,0.4920000000000004,0.001,0.001,0,0,0,False,False,,,none,1.0,2.8146918065352473,2.1622463733459116,0.9999115693678128,0.12756092942922997,0.5080775612551431,True,2,1,4,1,True,2,,,2,2,2,1038,,,,,,,,,8,0.8,1.718915711896791e-06,2.8451629001697e-07,1.2271182783313568e-06,1.2662676027146538e-06,2.478885567062405e-06,False,0.037174241045980494,0.0,0.037174241045980494,0.6841103380741136,0.6841103380741136,-0.8196586098312482,1.1038095934491372,3.140290796624407,2.48748526118826,0.7921193998537118,0.012118321030293347,0.5080775612551431,0.4959592402248498,0.012118321030293347,0.5080775612551431,0.4959592402248498,0.019480952032754312,0.02909829304915624,0.009617341016401926,0.12118322262965883,2.8317892067943355,2.7106059841646766,13.038040607775535,13.037920890810309,13.037922801009755,1.2223046161968423,0.439916372378325,1,none,1.9209524322426843,2.5333786033069585,1.9209524322426843,7.629084636566249,7.351147189692382,0.6641369768437119,0.5226265731520658,2359,1.9209524322426843,0.0,1.0,0.0,,0,False,0,False,-0.001236395397046435,0.0014320278422343478,,-0.001236395397046435,0.0014320278422343478,,0.8083678027763929,0,False,False,False,False,False,0.0003926776872326509,2972,1550,0
563,True,563,563,1,0.4930000000000004,0.001,0.001,0,0,0,False,False,,,none,1.0,2.8199017193163716,2.159640739981964,0.999913135906852,0.12908791578165096,0.5032619412376789,True,2,1,4,1,True,2,,,2,2,2,806,,,,,,,,,8,0.8,1.7748887167862089e-06,2.930858481252212e-07,1.2563790996483402e-06,1.2936128169344301e-06,2.5471654507543245e-06,False,0.03779520627225025,0.0,0.03779520627225025,0.6808969205064513,0.6808969205064513,-0.8181252402124277,1.1055569893253616,3.140290796624407,2.48054195339323,0.7899083600982555,0.012220978913557268,0.5032619412376789,0.4910409623241216,0.012220978913557268,0.5032619412376789,0.4910409623241216,0.019472215053373192,0.029090626201062137,0.009618411147688945,0.12220980131945439,2.836263520489543,2.7140537191700886,13.086665865625989,13.086543975393848,13.086545948514429,1.2490110053739114,0.4363376269248956,1,none,1.9172213085369079,2.5364983921928657,1.9172213085369079,7.583135919210531,7.29666960060764,0.6689840243446241,0.5255058577346708,2362,1.9172213085369079,0.0,1.0,0.0,,0,False,0,False,-0.0008012202882770127,0.001936890371330973,,-0.0008012202882770127,0.001936890371330973,,0.8115116485498125,0,False,False,False,False,False,0.0006665309809591144,2972,1550,0
564,True,564,564,1,0.4940000000000004,0.001,0.001,0,0,0,False,False,,,none,1.0,2.825091814161893,2.1569335445144553,0.9999146622169032,0.1306305099542058,0.4985260102591518,True,2,1,4,1,True,2,,,2,2,2,928,,,,,,,,,8,0.8,1.8330199500575637e-06,3.019754801589301e-07,1.2873611679122505e-06,1.3219036155541237e-06,2.618373402207888e-06,False,0.038414998617123275,0.0,0.038414998617123275,0.6776545365362735,0.6776545365362735,-0.8166021393538736,1.1073187160739248,3.140290796624407,2.473532856860853,0.787676370455796,0.012324532383347783,0.4985260102591518,0.486201477875804,0.012324532383347783,0.4985260102591518,0.486201477875804,0.019463406419630375,0.029083010696769367,0.009619604277138993,0.12324533584294844,2.840094492169493,2.7168491563265444,13.135790577530898,13.135666500325819,13.135668536729717,1.2762603056503607,0.4327614901770469,1,none,1.9133692538301728,2.539545082128974,1.9133692538301728,7.521636925809139,7.221537644428155,0.6752639371397956,0.5299063296599861,2365,1.9133692538301728,0.0,1.0,0.0,,0,False,0,False,-0.0005012424405904549,0.0021700374798300924,,-0.0005012424405904549,0.0021700374798300924,,0.8101914140571813,0,False,False,False,False,False,0.00037992668148494096,2972,1550,0
565,True,565,565,1,0.4950000000000004,0.001,0.001,0,0,0,False,False,,,none,1.0,2.8302626066806567,2.154124461506747,0.9999161135991483,0.13218829832725054,0.49386907452529283,True,2,1,4,1,True,2,,,2,2,2,857,,,,,,,,,8,0.8,1.8931828157270534e-06,3.111501975623809e-07,1.3203316607866702e-06,1.3512027191300129e-06,2.6925787085742453e-06,False,0.03903349448492899,0.0,0.03903349448492899,0.6743839910215816,0.6743839910215816,-0.815089347041222,1.1090945747499823,3.140290796624407,2.4664573201714792,0.7854232234870567,0.012428989783916442,0.49386907452529283,0.4814400847413764,0.012428989783916442,0.49386907452529283,0.4814400847413764,0.019454527126250093,0.02907544673520611,0.009620919608956016,0.12428990962688677,2.8438030683647564,2.7195131587378696,13.185414586090054,13.185288306721596,13.185290407087866,1.3040626946565264,0.42918924780347595,1,none,1.908351940520407,2.541443988562089,1.908351940520407,7.509695463061964,7.2069431542002516,0.6768434222300286,0.5295870661636085,2367,1.908351940520407,0.0,1.0,0.0,,0,False,0,False,-0.00029825001233720153,0.002051772702724499,,-0.00029825001233720153,0.002051772702724499,,0.8088567481823343,0,False,False,False,False,False,0.000234930805625801,2972,1550,0
566,True,566,566,1,0.4960000000000004,0.001,0.001,0,0,0,False,False,,,none,1.0,2.8354146041120387,2.1512131529906906,0.9999176276956909,0.133762542342838,0.48929040303999694,True,2,1,4,1,True,2,,,2,2,2,1002,,,,,,,,,8,0.8,1.955897240966302e-06,3.2071067978504707e-07,1.3549021710302965e-06,1.3815291136801195e-06,2.7699768848053887e-06,False,0.03965052055049706,0.0,0.03965052055049706,0.6710844999197174,0.6710844999197174,-0.8135870796513212,1.1108843576914995,3.140290796624407,2.4593146880308794,0.7831487105189336,0.01253435920461841,0.48929040303999694,0.4767560438353785,0.01253435920461841,0.48929040303999694,0.4767560438353785,0.019445578211542504,0.029067935398256604,0.0096223571867141,0.1253436035672093,2.848230946494099,2.7228873429268896,13.235537680126539,13.235409181438298,13.235411346848236,1.332428903998551,0.4256220540362898,1,none,1.9054520331748988,2.5456366533993933,1.9054520331748988,7.50424994675923,7.194921643754789,0.6784519895952418,0.5296658191764565,2371,1.9054520331748988,0.0,1.0,0.0,,0,False,0,False,0.00012303718114755176,0.002146635562348039,,0.00012303718114755176,0.002146635562348039,,0.8075073647228611,0,False,False,False,False,False,0.000431835456545911,2972,1550,0
567,True,567,567,1,0.4970000000000004,0.001,0.001,0,0,0,False,False,,,none,1.0,2.8405483049762665,2.148199131352327,0.9999191128802254,0.13537500927730733,0.48478930569492534,True,2,1,4,1,True,2,,,2,2,2,997,,,,,,,,,8,0.8,2.0214700182080897e-06,3.307143924590337e-07,1.391637093239863e-06,1.4132232841159606e-06,2.8512395364020816e-06,False,0.040265862928294816,0.0,0.040265862928294816,0.6677555103126057,0.6677555103126057,-0.8120955966180192,1.112687895311815,3.140290796624407,2.4521041362922356,0.7808525691085921,0.012640647337497911,0.48478930569492534,0.4721486583574274,0.012640647337497911,0.48478930569492534,0.4721486583574274,0.019436560523440928,0.029060477983090097,0.009623917459649169,0.1264064845639422,2.8520622269404305,2.7256557423764884,13.286159594548858,13.286028857862263,13.286031089968782,1.361368261243698,0.4220619216623148,1,none,1.9045582723107146,2.5519713883911326,1.9045582723107146,7.471910264283938,7.142438642554106,0.6830840569886576,0.5333075627597278,2377,1.9045582723107146,0.0,1.0,0.0,,0,False,0,False,-0.000492929693103892,0.0013609463613100399,,-0.000492929693103892,0.0013609463613100399,,0.8061429637350268,0,False,False,False,False,False,0.0009983600106188264,2972,1550,0
568,True,568,568,1,0.4980000000000004,0.001,0.001,0,0,0,False,False,,,none,1.0,2.845664199931366,2.1450821147973107,0.9999205313232111,0.13700903085287605,0.4803649694019254,True,2,1,4,1,True,2,,,2,2,2,889,,,,,,,,,8,0.8,2.0899993139758606e-06,3.4116296236168234e-07,1.4298640879661801e-06,1.4458236839173088e-06,2.9358826158990995e-06,False,0.04087923837784241,0.0,0.04087923837784241,0.6643994906874303,0.6643994906874303,-0.8106146218273297,1.1145049519816068,3.140290796624407,2.4448250982829354,0.778534618803759,0.012747862831103818,0.4803649694019254,0.4676171065708216,0.012747862831103818,0.4803649694019254,0.4676171065708216,0.019427475240091967,0.029053073109136646,0.00962559786904468,0.12747863913610719,2.855421646583764,2.727943007447657,13.337280086141687,13.337147089099801,13.337149390038052,1.3908925600862523,0.41851028606135177,1,none,1.902163179706037,2.556815001276492,1.902163179706037,7.390861601943981,7.042771154117127,0.691885503742618,0.5401746381022343,2382,1.902163179706037,0.0,1.0,0.0,,0,False,0,False,0.0001437440405890854,0.0003785917603104425,,0.0001437440405890854,0.0003785917603104425,,0.8047635531071688,0,False,False,False,False,False,0.0011706297473068222,2972,1550,0
569,True,569,569,1,0.4990000000000004,0.001,0.001,0,0,0,False,False,,,none,1.0,2.8507627715831614,2.141861853807561,0.9999219583311285,0.13865899857412764,0.47601636548945975,True,2,1,4,1,True,2,,,2,2,2,712,,,,,,,,,8,0.8,2.1624403764339953e-06,3.522126064735283e-07,1.4695443889760898e-06,1.4796225215156741e-06,3.0247389340467694e-06,False,0.04149033636200383,0.0,0.04149033636200383,0.6610165224502342,0.6610165224502342,-0.8091440550582125,1.1163355242688937,3.140290796624407,2.4374770646482897,0.7761946974045866,0.012856015573610045,0.47601636548945975,0.4631603499158497,0.012856015573610045,0.47601636548945975,0.4631603499158497,0.019418322378655532,0.02904572027529106,0.009627397896635529,0.12856016622037797,2.860874852157833,2.732314685937455,13.38889868257272,13.388763398714826,13.388765771086694,1.4210135599635945,0.4149675971425157,1,none,1.9016534389282658,2.5636781658129753,1.9016534389282658,7.129167912263898,6.722522268519473,0.7192082434761642,0.5657559359329796,2389,1.9016534389282658,0.0,1.0,0.0,,0,False,0,False,-0.0005163354133380869,-0.00039651726394215257,,-0.0005163354133380869,-0.00039651726394215257,,0.8033689419044341,0,False,False,False,False,False,0.0010180858927293925,2972,1550,0
570,True,570,570,1,0.5000000000000003,0.001,0.001,0,0,0,False,False,,,none,1.0,2.85584449417029,2.138537968837375,0.9999234092069017,0.14032379644885654,0.47174257545930026,True,2,1,4,1,True,2,,,2,2,2,916,,,,,,,,,8,0.8,2.238143847136156e-06,3.6385420254874057e-07,1.5109754803465383e-06,1.514310418658054e-06,3.117348345541543e-06,False,0.04209891292345458,0.0,0.04209891292345458,0.6576065928310774,0.6576065928310774,-0.8076840730171345,1.1181796948667397,3.140290796624407,2.4300593832076207,0.7738325972294555,0.012965113917289908,0.47174257545930026,0.4587774615420104,0.012965113917289908,0.47174257545930026,0.4587774615420104,0.0194091015256663,0.029038420365085672,0.009629318839419372,0.12965114950015802,2.865648973135985,2.735997823635827,13.44101485180422,13.440877249088059,13.440879695762177,1.4517422621692757,0.4114349861119893,1,none,1.9003830990853043,2.569810396145052,1.9003830990853043,7.008329199251655,6.562578860180283,0.7333589285216381,0.5791574134419158,2395,1.9003830990853043,0.0,1.0,0.0,,0,False,0,False,0.0008209759472404812,-0.0004891810308766773,,0.0008209759472404812,-0.0004891810308766773,,0.801959205762843,0,False,False,False,False,False,0.0013405179032131564,2972,1550,0
571,True,571,571,1,0.5010000000000003,0.001,0.001,0,0,0,False,False,,,none,1.0,2.860909834042613,2.1351102067044447,0.9999248923849062,0.1420034853358556,0.46754282653285395,True,2,1,4,1,True,2,,,2,2,2,784,,,,,,,,,8,0.8,2.316645145213598e-06,3.7595854194650166e-07,1.554342421674722e-06,1.5497909325855307e-06,3.213412804581173e-06,False,0.04270470581430674,0.0,0.04270470581430674,0.6541697152661459,0.6541697152661459,-0.8062348966576697,1.1200374625170686,3.140290796624407,2.422571559582922,0.7714481608477205,0.01307516710639322,0.46754282653285395,0.4544676594264607,0.01307516710639322,0.46754282653285395,0.4544676594264607,0.01939981268741466,0.02903117448328835,0.009631361795873691,0.13075168146883423,2.8697602242679783,2.739008542799144,13.493628022657257,13.493488062478015,13.493490586552472,1.4830900957441144,0.4079131559003252,1,none,1.8966617096550713,2.5734592779734813,1.8966617096550713,6.992204528548932,6.5289242176267335,0.7360938220460043,0.5810028257134553,2399,1.8966617096550713,0.0,1.0,0.0,,0,False,0,False,0.0004626760680052506,-0.0008648324671570226,,0.0004626760680052506,-0.0008648324671570226,,0.8005345123894928,0,False,False,False,False,False,0.000519126964277013,2972,1550,0
572,True,572,572,1,0.5020000000000003,0.001,0.001,0,0,0,False,False,,,none,1.0,2.865959249363173,2.1315781833050176,0.9999265255753933,0.14369777078976934,0.4634161770291055,True,2,1,4,1,True,2,,,2,2,2,718,,,,,,,,,8,0.8,2.3982847572177955e-06,3.886579160014495e-07,1.5993234377904197e-06,1.5861083128024945e-06,3.313065014602151e-06,False,0.04330740711620856,0.0,0.04330740711620856,0.650702417741648,0.650702417741648,-0.8047962544005451,1.1219089009463281,3.140290796624407,2.415012956067287,0.7690411851868167,0.013186183105531652,0.4634161770291055,0.4502299939235738,0.013186183105531652,0.4634161770291055,0.4502299939235738,0.01939045549526836,0.029023981272002723,0.009633525776734365,0.1318618416585066,2.8732236683901773,2.7413618267316706,13.546737534459673,13.546595171821254,13.546597776784173,1.515067238296916,0.4044032334324537,1,none,1.89124578432723,2.5753945316336573,1.89124578432723,6.896540649453798,6.407538677646254,0.7468656135123707,0.5903189600478417,2401,1.89124578432723,0.0,1.0,0.0,,0,False,0,False,0.00042239533275381294,-0.0008399952862425866,,0.00042239533275381294,-0.0008399952862425866,,0.7990941950287287,0,False,False,False,False,False,4.732254418533349e-05,2972,1550,0
573,True,573,573,1,0.5030000000000003,0.001,0.001,0,0,0,False,False,,,none,1.0,2.870993190535396,2.127941539656489,0.9999283421773298,0.14540686310262657,0.45936168025038593,True,2,1,4,1,True,2,,,2,2,2,695,,,,,,,,,8,0.8,2.4839533840218473e-06,4.0206662399319074e-07,1.6463185760629607e-06,1.6235644617450205e-06,3.4173101116893444e-06,False,0.04390665725229764,0.0,0.04390665725229764,0.6472040336547429,0.6472040336547429,-0.8033681517683352,1.1237953140521448,3.140290796624407,2.4073829687050936,0.7666114779220007,0.013298169713447218,0.45936168025038593,0.4460635105369387,0.013298169713447218,0.45936168025038593,0.4460635105369387,0.019381023429739273,0.029016840758841672,0.0096358173291024,0.13298170794752645,2.876059656902014,2.7430779489544874,13.600342793587469,13.600197976055426,13.600200665734778,1.5476835188203668,0.4009073916182201,1,none,1.8888468154878602,2.5806113323269395,1.8888468154878602,6.846630829630014,6.346864916353059,0.7538339357100676,0.5952062444628807,2407,1.8888468154878602,0.0,1.0,0.0,,0,False,0,False,0.00032274966428280866,5.382076009280863e-05,,0.00032274966428280866,5.382076009280863e-05,,0.7976376928410273,0,False,False,False,False,False,0.000899353314294038,2972,1550,0
574,True,574,574,1,0.5040000000000003,0.001,0.001,0,0,0,False,False,,,none,1.0,2.876012101544106,2.1242006079502658,0.9999303464690853,0.1471325789270544,0.45537845742711025,True,2,1,4,1,True,2,,,2,2,2,745,,,,,,,,,8,0.8,2.5732602741027554e-06,4.161541976626605e-07,1.6939474075208398e-06,1.6611730564685292e-06,3.5247420469434653e-06,False,0.04450208254582011,0.0,0.04450208254582011,0.6436778201468354,0.6436778201468354,-0.8019509966115687,1.1256955359134702,3.140290796624407,2.3996818235456194,0.7641591110368217,0.013411142853464246,0.45537845742711025,0.441967314573646,0.013411142853464246,0.45537845742711025,0.441967314573646,0.019371522320432655,0.029009754983057842,0.009638232662625187,0.13411143948821125,2.878286942487948,2.7441755029997363,13.654442891590934,13.654295553820345,13.654298331587649,1.580953989983749,0.3974237558770364,1,none,1.8848518906482306,2.5842120470598995,1.8848518906482306,6.905634477726249,6.407905814964024,0.7484358042393168,0.5882895114490109,2411,1.8848518906482306,0.0,1.0,0.0,,0,False,0,False,0.001114264984175383,9.885002921029823e-05,,0.001114264984175383,9.885002921029823e-05,,0.7986067059000712,0,False,False,False,False,False,0.0007927951416992282,2972,1550,0
575,True,575,575,1,0.5050000000000003,0.001,0.001,0,0,0,False,False,,,none,1.0,2.881016418185796,2.120355234950991,0.9999324699824116,0.14887660506544984,0.45146566593663273,True,2,1,4,1,True,2,,,2,2,2,863,,,,,,,,,8,0.8,2.664981670075749e-06,4.3080567445486136e-07,1.742356892264358e-06,1.6989262930549514e-06,3.634539712293262e-06,False,0.04509321518252235,0.0,0.04509321518252235,0.6401240486076171,0.6401240486076171,-0.80054476012371,1.127609125853198,3.140290796624407,2.3919091957421057,0.761683981086478,0.01352511377413254,0.45146566593663273,0.4379405521625002,0.01352511377413254,0.45146566593663273,0.4379405521625002,0.019361954370734007,0.02900272380061855,0.009640769429884545,0.13525114862418966,2.880090920001806,2.7448397713776163,13.709036507741638,13.708886574619665,13.708889443978618,1.6148878878367081,0.3939507353825745,1,none,1.882700540832242,2.5897809649143873,1.882700540832242,6.649211035392083,6.091714536819769,0.7789739116805385,0.6181184392186314,2417,1.882700540832242,0.0,1.0,0.0,,0,False,0,False,0.002190453346318778,0.0002313740974491414,,0.002190453346318778,0.0002313740974491414,,0.7971119360408989,0,False,False,False,False,False,0.001084317305716116,2972,1550,0
576,True,576,576,1,0.5060000000000003,0.001,0.001,0,0,0,False,False,,,none,1.0,2.88600656773321,2.1164048697980578,0.9999347135857277,0.15063675326077516,0.447622431718481,True,2,1,4,1,True,2,,,2,2,2,872,,,,,,,,,8,0.8,2.7587645302597016e-06,4.460860799711767e-07,1.791366394624973e-06,1.7371687880651357e-06,3.7465348633347123e-06,False,0.04567955724660039,0.0,0.04567955724660039,0.6365427940286891,0.6365427940286891,-0.7991492250094043,1.1295357459113293,3.140290796624407,2.3840642923481687,0.7591858355636589,0.013640087759651528,0.447622431718481,0.43398234395882945,0.013640087759651528,0.447622431718481,0.43398234395882945,0.019352321270443354,0.02899574612504702,0.009643424854603667,0.13640088829267694,2.881989329821484,2.745588441528807,13.764122525956873,13.763969914045774,13.763972879035613,1.6494916516961755,0.3904896302064865,1,none,1.8794327715919052,2.5942642806647163,1.8794327715919052,6.75297984932476,6.192362319643988,0.7683317109036304,0.6070164097568367,2422,1.8794327715919052,0.0,1.0,0.0,,0,False,0,False,0.0025065408597187326,-0.000476795856634838,,0.0025065408597187326,-0.000476795856634838,,0.7956004081291387,0,False,False,False,False,False,0.0007755101546689584,2972,1550,0
577,True,577,577,1,0.5070000000000003,0.001,0.001,0,0,0,False,False,,,none,1.0,2.890982969651063,2.1123489703543203,0.9999371030790323,0.15241389678993197,0.44384765691438083,True,2,1,4,1,True,2,,,2,2,2,853,,,,,,,,,8,0.8,2.8548831781819136e-06,4.620051383151394e-07,1.840977453683722e-06,1.7759326899826655e-06,3.860950869049815e-06,False,0.04626060141052496,0.0,0.04626060141052496,0.6329340395059132,0.6329340395059132,-0.7977642421941848,1.1314754143682624,3.140290796624407,2.376146333389204,0.7566644260918114,0.013756069155417003,0.44384765691438083,0.43009158775896383,0.013756069155417003,0.44384765691438083,0.43009158775896383,0.019342622928158686,0.028988821210970923,0.009646198282812237,0.137560701959796,2.888947485948886,2.7513867839890898,13.819700048912422,13.819544664526301,13.819547729656271,1.684772446537298,0.38704319005018656,1,none,1.8765109351455553,2.5991910648591663,1.8765109351455553,6.612609325295506,6.02123239747921,0.7861317482998326,0.6232979600425843,2428,1.8765109351455553,0.0,1.0,0.0,,0,False,0,False,0.0026639137146744177,-0.0004758955668105641,,0.0026639137146744177,-0.0004758955668105641,,0.7940721662750286,0,False,False,False,False,False,0.00015737543009844573,2972,1550,0
578,True,578,578,1,0.5080000000000003,0.001,0.001,0,0,0,False,False,,,none,1.0,2.895946036640516,2.1081873059214766,0.9999395509691011,0.15420719613297815,0.4401404533690327,True,2,1,4,1,True,2,,,2,2,2,665,,,,,,,,,8,0.8,2.9534111121884644e-06,4.785097321523718e-07,1.891452694179047e-06,1.815001092719575e-06,3.9778676476541124e-06,False,0.04683579281188116,0.0,0.04683579281188116,0.629297871861257,0.629297871861257,-0.7964421724612303,1.1334282962055169,3.140290796624407,2.368154908116225,0.7541196218712694,0.01387306578190243,0.4401404533690327,0.42626738758713023,0.01387306578190243,0.4401404533690327,0.42626738758713023,0.019332858518972415,0.02898221086230615,0.009649352343333736,0.13873066784334812,2.8956349114492386,2.7569042436058906,13.8757682362789,13.875609971869597,13.875613141731732,1.7207403872831712,0.3836137845905375,1,none,1.871367748083268,2.601852474664358,1.871367748083268,6.552579815187512,5.941220812152689,0.7941459846498343,0.6299606788744192,2431,1.871367748083268,0.0,1.0,0.0,,0,False,0,False,0.003062840063536436,-0.0003490507718654068,,0.003062840063536436,-0.0003490507718654068,,0.7925274510471667,0,False,False,False,False,False,0.00041860701597209245,2972,1550,0
579,True,579,579,1,0.5090000000000003,0.001,0.001,0,0,0,False,False,,,none,1.0,2.9008961751015567,2.1039200398303746,0.9999419831021443,0.15601652089739618,0.43649987913987864,True,2,1,4,1,True,2,,,2,2,2,933,,,,,,,,,8,0.8,3.053593856775735e-06,4.955279236033307e-07,1.941843402681148e-06,1.8538623180021903e-06,4.09604011941459e-06,False,0.047404632296876914,0.0,0.047404632296876914,0.6256283128590103,0.6256283128590103,-0.795161655141507,1.1353944931760207,3.140290796624407,2.360090078181277,0.7515514425346241,0.013991091022840059,0.43649987913987864,0.42250878811703857,0.013991091022840059,0.43649987913987864,0.42250878811703857,0.019323027534119897,0.028975808275707535,0.009652780741587638,0.13991091992128918,2.9016603793613585,2.761749459440069,13.932325952640731,13.932164684361963,13.932167963216337,1.757408454098943,0.3802008033504458,1,none,1.8660650528619136,2.604403670833141,1.8660650528619136,6.503875340149806,5.867711919239635,0.8008774875359628,0.6360452178108045,2434,1.8660650528619136,0.0,1.0,0.0,,0,False,0,False,0.002828360030951488,-0.0005806285444779724,,0.002828360030951488,-0.0005806285444779724,,0.7909658615034383,0,False,False,False,False,False,0.00032955902422667063,2972,1550,0
580,True,580,580,1,0.5100000000000003,0.001,0.001,0,0,0,False,False,,,none,1.0,2.9058337840650195,2.099546789700719,0.99994441153483,0.1578415086127134,0.4329247393711349,True,2,1,4,1,True,2,,,2,2,2,709,,,,,,,,,8,0.8,3.1559255675637502e-06,5.132687597529371e-07,1.993893351240007e-06,1.8933491457513417e-06,4.217071577715671e-06,False,0.047966509849871164,0.0,0.047966509849871164,0.6219277848240613,0.6219277848240613,-0.7938917537165318,1.137373966665296,3.140290796624407,2.3519512863191343,0.7489597106253081,0.01411015285191761,0.4329247393711349,0.41881458651921727,0.01411015285191761,0.4329247393711349,0.41881458651921727,0.01931313016667352,0.02896945876858266,0.00965632860190914,0.1411015379184927,2.907032139813724,2.7659306018952314,13.989371945370408,13.989207537548833,13.989210930281843,1.7947826376629148,0.3768059874234605,1,none,1.8606526323446198,2.606925119347231,1.8606526323446198,6.437285407139217,5.783115858298158,0.809945483062175,0.6434775570594113,2437,1.8606526323446198,0.0,1.0,0.0,,0,False,0,False,0.0022375508969644806,-0.0005988301018535076,,0.0022375508969644806,-0.0005988301018535076,,0.7893868814983629,0,False,False,False,False,False,0.0005910894428877687,2972,1550,0
581,True,581,581,1,0.5110000000000003,0.001,0.001,0,0,0,False,False,,,none,1.0,2.9107592566263145,2.0950676493659013,0.9999468267877152,0.15968311409610228,0.42941404700300007,True,2,1,4,1,True,2,,,2,2,2,986,,,,,,,,,8,0.8,3.2619955933209843e-06,5.317160569806418e-07,2.0470440169288687e-06,1.933188699264594e-06,4.341767493810001e-06,False,0.04852085938414019,0.0,0.04852085938414019,0.6181987260867895,0.6181987260867895,-0.7926329836939918,1.1393668441892881,3.140290796624407,2.3437385128443777,0.7463444198746603,0.0142302622718528,0.42941404700300007,0.41518378473114725,0.0142302622718528,0.42941404700300007,0.41518378473114725,0.01930316577905356,0.02896316491846996,0.009659999139416401,0.1423026318276235,2.911757277601742,2.7694546457741187,14.046905103783063,14.046737402335008,14.046740913494611,1.8328723934789053,0.3734311106339453,1,none,1.8553670260416377,2.6096452173065643,1.8553670260416377,6.3836002517077866,5.704551749362805,0.817609221883345,0.6504865263949551,2440,1.8553670260416377,0.0,1.0,0.0,,0,False,0,False,0.0026390555217320013,-0.00045956295269972966,,0.0026390555217320013,-0.00045956295269972966,,0.7877900549253152,0,False,False,False,False,False,0.00042497211972449233,2972,1550,0
582,True,582,582,1,0.5120000000000003,0.001,0.001,0,0,0,False,False,,,none,1.0,2.915672979624886,2.090482869430386,0.9999491579383225,0.16154095203448252,0.4259668175782925,True,2,1,4,1,True,2,,,2,2,2,654,,,,,,,,,8,0.8,3.370895824464983e-06,5.508968216083904e-07,2.100181041983992e-06,1.973207590026836e-06,4.4688627826217895e-06,False,0.04906729116086228,0.0,0.04906729116086228,0.6144415784343146,0.6144415784343146,-0.7913856197397849,1.1413732087494675,3.140290796624407,2.335451938013015,0.7437056276837364,0.014351433585430218,0.4259668175782925,0.4116153839928623,0.014351433585430218,0.4259668175782925,0.4116153839928623,0.01929313395625266,0.02895692809869892,0.00966379414244626,0.14351434462867033,2.9158500724396217,2.7723357278109515,14.104923841964204,14.104752673247857,14.104756306846623,1.871686577795891,0.3700756941735679,1,none,1.8490037556457022,2.6113106004873785,1.8490037556457022,6.368367991395949,5.676390166064371,0.8200878479432776,0.6514716929430796,2442,1.8490037556457022,0.0,1.0,0.0,,0,False,0,False,0.001993913389518211,-0.0004127913257406659,,0.001993913389518211,-0.0004127913257406659,,0.7861754918293334,0,False,False,False,False,False,0.0006468353390514108,2972,1550,0
583,True,583,583,1,0.5130000000000003,0.001,0.001,0,0,0,False,False,,,none,1.0,2.920575333615321,2.085792741028702,0.9999514548317605,0.16341640824164938,0.42258153631532996,True,2,1,4,1,True,2,,,2,2,2,561,,,,,,,,,8,0.8,3.479914177971189e-06,5.704237696654825e-07,2.1535749705598092e-06,2.0130412457730976e-06,4.596238263411685e-06,False,0.04960475670678821,0.0,0.04960475670678821,0.6106567265310242,0.6106567265310242,-0.7901494328274241,1.143391918845717,3.140290796624407,2.327091788361589,0.7410434061912514,0.014473680601283696,0.42258153631532996,0.4081078557140463,0.014473680601283696,0.42258153631532996,0.4081078557140463,0.019283040405771418,0.02895074716413712,0.009667706758365702,0.14473681431385435,2.91932495587372,2.7745881415598657,14.163426406399072,14.163251577137913,14.163255336322859,1.9112299807808033,0.3667394734226284,1,none,1.844206104334538,2.6146887367026546,1.844206104334538,6.280242855817002,5.5529365568315106,0.8326712188465227,0.6642273274545879,2446,1.844206104334538,0.0,1.0,0.0,,0,False,0,False,0.0021326340685051226,0.00012024848729667947,,0.0021326340685051226,0.00012024848729667947,,0.7845434112232016,0,False,False,False,False,False,0.0005507947612872492,2972,1550,0
584,True,584,584,1,0.5140000000000003,0.001,0.001,0,0,0,False,False,,,none,1.0,2.9254666918440337,2.0809968133688534,0.999953620008099,0.16530872659866153,0.4192573526600148,True,2,1,4,1,True,2,,,2,2,2,628,,,,,,,,,8,0.8,3.5903278234929516e-06,5.90810697176691e-07,2.205948353423068e-06,2.052706819128928e-06,4.724333242195599e-06,False,0.05013243177870624,0.0,0.05013243177870624,0.6068418953516092,0.6068418953516092,-0.7889248406631739,1.1454234270178605,3.140290796624407,2.318657461856421,0.7383575636844892,0.014597008435689902,0.4192573526600148,0.4046603442243249,0.014597008435689902,0.4192573526600148,0.4046603442243249,0.019272882864910697,0.02894462420331587,0.009671741338405173,0.1459700919946742,2.9222058909103836,2.7762357989157094,14.222411094229091,14.222232395860345,14.222236283865765,1.9515011477401014,0.3634252741292505,1,none,1.8385096791249715,2.6172038725412823,1.8385096791249715,6.21998824742356,5.469187651056298,0.8415462436365146,0.6723154502734566,2449,1.8385096791249715,0.0,1.0,0.0,,0,False,0,False,0.0024386580436599817,-0.00013525229674250132,,0.0024386580436599817,-0.00013525229674250132,,0.7850660627675362,0,False,False,False,False,False,0.00039866191693491105,2972,1550,0
585,True,585,585,1,0.5150000000000003,0.001,0.001,0,0,0,False,False,,,none,1.0,2.930347421448599,2.0760951002111776,0.9999557639328993,0.16721755993660226,0.4159937640578514,True,2,1,4,1,True,2,,,2,2,2,563,,,,,,,,,8,0.8,3.704136378116717e-06,6.121814779982196e-07,2.2584995884995066e-06,2.092351569639964e-06,4.855321611584446e-06,False,0.05064998144732469,0.0,0.05064998144732469,0.6029970598055684,0.6029970598055684,-0.7877126350979461,1.147468353864362,3.140290796624407,2.3101488779176043,0.7356480745034354,0.014721425645648758,0.4159937640578514,0.4012723384122026,0.014721425645648758,0.4159937640578514,0.4012723384122026,0.019262658230678187,0.02893856317548973,0.009675904944811544,0.14721426326618564,2.9245107509023587,2.777296487636173,14.28187639433238,14.281693600474389,14.281697620232606,1.9925077306547827,0.36013445167241614,1,none,1.8317846442697132,2.618711838762392,1.8317846442697132,6.205469275776146,5.441876870956807,0.8440012261392941,0.6732179678838061,2451,1.8317846442697132,0.0,1.0,0.0,,0,False,0,False,0.0028645728954893733,0.00010230599792176717,,0.0028645728954893733,0.00010230599792176717,,0.783409386088286,0,False,False,False,False,False,0.00048768576396348505,2972,1550,0
586,True,586,586,1,0.5160000000000003,0.001,0.001,0,0,0,False,False,,,none,1.0,2.9352178836377023,2.071087904485452,0.9999579424150322,0.1691430806513678,0.41278985195349005,True,2,1,4,1,True,2,,,2,2,2,631,,,,,,,,,8,0.8,3.823149470894273e-06,6.346529539400229e-07,2.313211265592267e-06,2.1329114347802013e-06,4.991944891184504e-06,False,0.05115650911275993,0.0,0.05115650911275993,0.5991243671149478,0.5991243671149478,-0.7865125078404042,1.1495268622896675,3.140290796624407,2.3015662875147465,0.7329150185673152,0.014846944841566753,0.41278985195349005,0.3979429071119233,0.014846944841566753,0.41278985195349005,0.3979429071119233,0.019252365688551664,0.02893256253920202,0.009680196850650354,0.14846945433328,2.926281120788963,2.7778116664556833,14.341820526439665,14.341633392663578,14.341637546604993,2.034257041106444,0.3568668536150363,1,none,1.8255577515574055,2.6208244126064058,1.8255577515574055,6.154090994880046,5.370721058083767,0.8517340464373456,0.6798184943191784,2454,1.8255577515574055,0.0,1.0,0.0,,0,False,0,False,0.0030656612898414403,7.836388561027004e-05,,0.0030656612898414403,7.836388561027004e-05,,0.7817352853327855,0,False,False,False,False,False,0.00020250868397436373,2972,1550,0
587,True,587,587,1,0.5170000000000003,0.001,0.001,0,0,0,False,False,,,none,1.0,2.940078426351387,2.0659750412635907,0.9999600939276242,0.1710847535241758,0.40964476853444964,True,2,1,4,1,True,2,,,2,2,2,960,,,,,,,,,9,0.8,1.967438969938063e-06,2.7661982555132575e-07,1.2054445845298554e-06,1.0219267696266548e-06,2.5386542886283114e-06,False,0.051736041590633386,0.0,0.051736041590633386,0.5952235353485605,0.5952235353485605,-0.7853241134322078,1.1516041327708797,3.140290796624407,2.2929095424848893,0.7301583486948428,0.014973585284070364,0.40964476853444964,0.39467118325037925,0.014973585284070364,0.40964476853444964,0.39467118325037925,0.019241979336145597,0.02892662056716104,0.009684641231015444,0.14973585766587288,2.927545889968776,2.777810032302903,14.402240924099308,14.402049547194354,14.40205366007873,2.0767807638880473,0.35361969922126346,1,none,1.8194668638395057,2.623213007242306,1.8194668638395057,6.2748402355060735,5.511910613583498,0.8361051146446411,0.6601946190330553,2456,1.8194668638395057,0.0,1.0,0.0,,0,False,0,False,0.002209589787013526,0.00012571940235999026,,0.002209589787013526,0.00012571940235999026,,0.7972791619209717,0,False,False,False,False,False,0.0008573802907232453,2972,1550,0
588,True,588,588,1,0.5180000000000003,0.001,0.001,0,0,0,False,False,,,none,1.0,2.9449294045889216,2.0607568189867456,0.9999621578864845,0.17304279754943058,0.4065572782350364,True,2,1,4,1,True,2,,,2,2,2,710,,,,,,,,,9,0.8,2.028809182622238e-06,2.8716663609469285e-07,1.2355155575739157e-06,1.0428999561130563e-06,2.610109267415074e-06,False,0.05253971332888563,0.0,0.05253971332888563,0.5912962534525933,0.5912962534525933,-0.7841468760510396,1.1536963442386021,3.140290796624407,2.2841786549895957,0.7273780687587684,0.015101340200173044,0.4065572782350364,0.39145593803486334,0.015101340200173044,0.4065572782350364,0.39145593803486334,0.01923151827880699,0.028920734380255195,0.009689216101448204,0.15101340573730673,2.9283387204698728,2.777325314732566,14.46313679744174,14.462940546497196,14.462944794412747,2.120016928130889,0.3504040345262506,1,none,1.8122757079944958,2.6244818104715186,1.8122757079944958,6.337639397837107,5.581490280036334,0.8282206183479593,0.6493877502489168,2457,1.8122757079944958,0.0,1.0,0.0,,0,False,0,False,0.00214314197117364,-0.00035387170500367156,,0.00214314197117364,-0.00035387170500367156,,0.7956030789496541,0,False,False,False,False,False,0.0004841724305370916,2972,1550,0
589,True,589,589,1,0.5190000000000003,0.001,0.001,0,0,0,False,False,,,none,1.0,2.949771162380638,2.0554334615512495,0.9999641350999184,0.1750295849012264,0.4035271285841097,True,2,1,4,1,True,2,,,2,2,2,923,,,,,,,,,9,0.8,2.0982399761051234e-06,2.9896679578180723e-07,1.2726952673340833e-06,1.0660306119875305e-06,2.692241937771335e-06,False,0.05333913203799184,0.0,0.05333913203799184,0.5873424231748079,0.5873424231748079,-0.7829819207573625,1.155801397244353,3.140290796624407,2.2753739188358257,0.7245742723195232,0.015230225007172646,0.4035271285841097,0.3882969035769371,0.015230225007172646,0.4035271285841097,0.3882969035769371,0.019220993013778238,0.02891490960378681,0.009693916590008574,0.15230225270787334,2.928695530435578,2.7763932777277045,14.52450581255653,14.524304391236463,14.524308774870129,2.1639973357923883,0.347217866498734,1,none,1.805932215703402,2.626698598807887,1.805932215703402,6.307619680554366,5.533282906076516,0.8328652429396413,0.6527525327577852,2460,1.805932215703402,0.0,1.0,0.0,,0,False,0,False,0.0017305300150506318,6.027055504517298e-06,,0.0017305300150506318,6.027055504517298e-06,,0.7939093149436693,0,False,False,False,False,False,0.000547517802588177,2972,1550,0
590,True,590,590,1,0.5200000000000004,0.001,0.001,0,0,0,False,False,,,none,1.0,2.954604038007518,2.0500054885821424,0.9999660295511718,0.17703621120700638,0.400553287072038,True,2,1,4,1,True,2,,,2,2,2,914,,,,,,,,,9,0.8,2.1716820772929184e-06,3.115357540907593e-07,1.3123999626857178e-06,1.0892060097543042e-06,2.7788524546392438e-06,False,0.054132978556670264,0.0,0.054132978556670264,0.5833629715052265,0.5833629715052265,-0.7818287639176761,1.1579187508098332,3.140290796624407,2.2664958454466566,0.7217471222356162,0.015360254027986596,0.400553287072038,0.38519303304405145,0.015360254027986596,0.400553287072038,0.38519303304405145,0.019210406245950835,0.02890914381958838,0.009698737573637546,0.15360254166542148,2.9301487011257876,2.776546159460366,14.586345717534718,14.58613881472309,14.586143333994022,2.208728991392046,0.34406028232139785,1,none,1.7987566609394203,2.6281056865168133,1.7987566609394203,6.302673966114594,5.517037459790259,0.833965298108847,0.6520733904923689,2462,1.7987566609394203,0.0,1.0,0.0,,0,False,0,False,0.0016341201169395637,0.0003610571026437775,,0.0016341201169395637,0.0003610571026437775,,0.7921973091614242,0,False,False,False,False,False,0.00036788748663890686,2972,1550,0
591,True,591,591,1,0.5210000000000004,0.001,0.001,0,0,0,False,False,,,none,1.0,2.959428363476968,2.0444733138663684,0.9999677721064687,0.1790635930904081,0.39763470546490287,True,2,1,4,1,True,2,,,2,2,2,861,,,,,,,,,9,0.8,2.2471600196756504e-06,3.2489439723073184e-07,1.3517349445241218e-06,1.1120887986053924e-06,2.8669170514006514e-06,False,0.05491925410291243,0.0,0.05491925410291243,0.5793568501944569,0.5793568501944569,-0.7806873283183388,1.1600488007681617,3.140290796624407,2.257544840305025,0.7188967476297824,0.015491442048302563,0.39763470546490287,0.3821432634166003,0.015491442048302563,0.39763470546490287,0.3821432634166003,0.01919975599615919,0.02890343664159169,0.009703680645432502,0.15491442055750318,2.9324840371460024,2.777569616588499,14.648653865426947,14.648441156546019,14.648445810754009,2.254213390231019,0.3409297170564782,1,none,1.7901892482966724,2.6281056865168133,1.7901892482966724,6.302673966114594,5.5097336954198965,0.833965298108847,0.6498278672832453,2462,1.7901892482966724,0.0,1.0,0.0,,0,False,0,False,0.0016416185095382244,0.0003664934527823725,,0.0016416185095382244,0.0003664934527823725,,0.7904674225352187,0,False,False,False,False,False,9.261738195017786e-06,2972,1550,0
592,True,592,592,1,0.5220000000000004,0.001,0.001,0,0,0,False,False,,,none,1.0,2.964244464400204,2.038836549441999,0.9999693855191185,0.1811089497073379,0.39477034813778794,True,2,1,4,1,True,2,,,2,2,2,859,,,,,,,,,9,0.8,2.318053722620625e-06,3.3800681638560554e-07,1.391995339866237e-06,1.1342551652320927e-06,2.951577116550316e-06,False,0.05569682572241208,0.0,0.05569682572241208,0.5753234611515289,0.5753234611515289,-0.7795575789265007,1.162192057468547,3.140290796624407,2.2485204348172942,0.716022999282199,0.015623793329888867,0.39477034813778794,0.37914655480789905,0.015623793329888867,0.39477034813778794,0.37914655480789905,0.019189039712657265,0.0288977878946325,0.009708748181975237,0.15623793213331827,2.9343617742546626,2.778123842121344,14.711427916368587,14.711209072092746,14.71121386043375,2.3004367286555625,0.33782981716057947,1,none,1.7822775188689939,2.6288670555097013,1.7822775188689939,6.263616846185426,5.45131540440019,0.8394086420246777,0.6538889741842404,2463,1.7822775188689939,0.0,1.0,0.0,,0,False,0,False,0.001947994621077367,0.0003050270372437524,,0.001947994621077367,0.0003050270372437524,,0.7887195400358186,0,False,False,False,False,False,0.00031248110656647947,2972,1550,0
593,True,593,593,1,0.5230000000000004,0.001,0.001,0,0,0,False,False,,,none,1.0,2.9690526613807307,2.0330951871289353,0.9999708057147821,0.18317168931469952,0.3919595014246424,True,2,1,4,1,True,2,,,2,2,2,892,,,,,,,,,9,0.8,2.3904635404338788e-06,3.516067043233115e-07,1.4333374901059557e-06,1.1567152652888315e-06,3.0381556540381913e-06,False,0.05646423778844495,0.0,0.05646423778844495,0.5712618254977668,0.5712618254977668,-0.7784392125641078,1.1643495749105974,3.140290796624407,2.2394225686601703,0.7131258579834049,0.015757312311839848,0.3919595014246424,0.37620218911280257,0.015757312311839848,0.3919595014246424,0.37620218911280257,0.019178252125447014,0.02889219606282054,0.009713943937373525,0.1575731209275064,2.9358045173660217,2.7782313964385152,14.7746658820526,14.77444056946595,14.774445490980437,2.3473939572142064,0.3347647398105868,1,none,1.7735734024364316,2.6288670555097013,1.7735734024364316,6.263616846185426,5.44369899651354,0.8394086420246777,0.6516059773225268,2463,1.7735734024364316,0.0,1.0,0.0,,0,False,0,False,0.001956705728151703,0.00031003664510720303,,0.001956705728151703,0.00031003664510720303,,0.7869536577154183,0,False,False,False,False,False,1.0048858512591983e-05,2972,1550,0
594,True,594,594,1,0.5240000000000004,0.001,0.001,0,0,0,False,False,,,none,1.0,2.9738532702179086,2.0272493911800593,0.9999720917521151,0.18525216211504958,0.3892006828816363,True,2,1,4,1,True,2,,,2,2,2,879,,,,,,,,,9,0.8,2.4608429447239105e-06,3.6535841090799744e-07,1.4739773777476986e-06,1.17768222266072e-06,3.122303555822486e-06,False,0.05722046652265261,0.0,0.05722046652265261,0.567172020011024,0.567172020011024,-0.7773321921311344,1.1665219253453227,3.140290796624407,2.2302513888601463,0.7102053705527878,0.015892006458383942,0.3892006828816363,0.37330867642325233,0.015892006458383942,0.3892006828816363,0.37330867642325233,0.019167390373273384,0.02888666096065567,0.009719270587382287,0.15892006149017177,2.936843030620183,2.777922969130011,14.838365677058215,14.838133557227538,14.838138610438866,2.395084837193516,0.3317373459038778,1,none,1.7669377407663904,2.6311427591183656,1.7669377407663904,6.26365115588574,5.4329453664543905,0.8401306821328867,0.6504529759037561,2465,1.7669377407663904,0.0,1.0,0.0,,0,False,0,False,0.0016328891139494853,0.0005952927207427602,,0.0016328891139494853,0.0005952927207427602,,0.785170941263231,0,False,False,False,False,False,0.000431541687812877,2972,1550,0
595,True,595,595,1,0.5250000000000004,0.001,0.001,0,0,0,False,False,,,none,1.0,2.9786466018754423,2.0212993249481173,0.9999732697062697,0.18735231394126414,0.38649236640576784,True,2,1,4,1,True,2,,,2,2,2,901,,,,,,,,,9,0.8,2.5319409392210187e-06,3.795473760995696e-07,1.5160765648556757e-06,1.1984356866535316e-06,3.2077277590152176e-06,False,0.05796452043387279,0.0,0.05796452043387279,0.5630534862216391,0.5630534862216391,-0.7762368659652893,1.1687098995830119,3.140290796624407,2.2210070426494153,0.7072615838752393,0.016027884609856755,0.38649236640576784,0.37046448179591107,0.016027884609856755,0.38649236640576784,0.37046448179591107,0.01915645050208494,0.028881184329826445,0.009724733827741503,0.16027884207434226,2.937523473735101,2.777244631660759,14.902525146480757,14.90228588174443,14.902291065468637,2.4435091346490436,0.3287502388475994,1,none,1.758097731545977,2.6311427591183656,1.758097731545977,6.26365115588574,5.425155206488454,0.8401306821328867,0.648128086526742,2465,1.758097731545977,0.0,1.0,0.0,,0,False,0,False,0.0016408403069629982,0.0006009595570692437,,0.0016408403069629982,0.0006009595570692437,,0.783370554884536,0,False,False,False,False,False,9.763938974066243e-06,2972,1550,0
596,True,596,596,1,0.5260000000000004,0.001,0.001,0,0,0,False,False,,,none,1.0,2.9834329625805323,2.0152452326104555,0.9999743458400304,0.18947148643629405,0.38383340886470624,True,2,1,4,1,True,2,,,2,2,2,723,,,,,,,,,9,0.8,2.6066324215613706e-06,3.947994828262553e-07,1.5602157953430627e-06,1.2194119527227214e-06,3.2972167128133693e-06,False,0.05869533997554566,0.0,0.05869533997554566,0.5589062263642307,0.5589062263642307,-0.775153267928561,1.170913871659095,3.140290796624407,2.211689771983242,0.7042945749994407,0.016164957192117007,0.38383340886470624,0.3676684516725892,0.016164957192117007,0.38383340886470624,0.3676684516725892,0.019145430641704524,0.028875766339642804,0.00973033569793828,0.16164956672688013,2.93790465156114,2.7762550848342595,14.96714201360141,14.966895267739869,14.966900580965463,2.4926694726212992,0.32580589181807545,1,none,1.7491899067522785,2.6311427591183656,1.7491899067522785,6.26365115588574,5.417326213413107,0.8401306821328867,0.6457761035033653,2465,1.7491899067522785,0.0,1.0,0.0,,0,False,0,False,0.0016489668564170956,0.0006068096403772354,,0.0016489668564170956,0.0006068096403772354,,0.7815520836008096,0,False,False,False,False,False,1.0013205317995607e-05,2972,1550,0
597,True,597,597,1,0.5270000000000004,0.001,0.001,0,0,0,False,False,,,none,1.0,2.9882126539370213,2.0090874167735757,0.9999752797788352,0.19160934992407705,0.3812231921381598,True,2,1,4,1,True,2,,,2,2,2,839,,,,,,,,,9,0.8,2.6841217603147807e-06,4.10734450323652e-07,1.6052794549091744e-06,1.2403181918908718e-06,3.389472489690236e-06,False,0.059412089221036246,0.0,0.059412089221036246,0.55473042094865,0.55473042094865,-0.7740820467569208,1.1731357802159574,3.140290796624407,2.2022998786652432,0.701304440032293,0.01630323530273694,0.3812231921381598,0.3649199568354229,0.01630323530273694,0.3812231921381598,0.3649199568354229,0.019134321098920215,0.028870410233784602,0.009736089134864387,0.16303234643604358,2.9404857643014135,2.77745341786537,15.0322140588851,15.03195949470808,15.031964936225975,2.542570185930104,0.32290693349614374,1,none,1.7424917374680975,2.633580681346055,1.7424917374680975,6.268873692378669,5.406640376117615,0.8402085639555343,0.6445746771562939,2468,1.7424917374680975,0.0,1.0,0.0,,0,False,0,False,0.0013554799024447488,0.000620658355852844,,0.0013554799024447488,0.000620658355852844,,0.780457871714847,0,False,False,False,False,False,0.00029381351070413824,2972,1550,0
598,True,598,598,1,0.5280000000000004,0.001,0.001,0,0,0,False,False,,,none,1.0,2.992985972741029,2.002827091800917,0.9999760376681409,0.19376461513410384,0.37866174777234946,True,2,1,4,1,True,2,,,2,2,2,703,,,,,,,,,9,0.8,2.7649271534089193e-06,4.274982563727426e-07,1.6536603321348979e-06,1.2613303932232664e-06,3.48613306943452e-06,False,0.060113818702462685,0.0,0.060113818702462685,0.5505267491871589,0.5505267491871589,-0.7730235759535788,1.175383917891848,3.140290796624407,2.1928386371389723,0.6982915848099547,0.016442741634731372,0.37866174777234946,0.3622190061376181,0.016442741634731372,0.37866174777234946,0.3622190061376181,0.019123080410540762,0.028865117879767893,0.009742037469227131,0.16442740827194224,2.942561242109153,2.778133833837211,15.097738321213674,15.097475600555256,15.097481168396955,2.5932251579531163,0.3200505316145181,1,none,1.7334504527090409,2.633580681346055,1.7334504527090409,6.268873692378669,5.398565719772912,0.8402085639555343,0.6421892564390075,2468,1.7334504527090409,0.0,1.0,0.0,,0,False,0,False,0.0013635217342215537,0.0006268251366994163,,0.0013635217342215537,0.0006268251366994163,,0.7785853936584497,0,False,False,False,False,False,1.0134112903262907e-05,2972,1550,0
599,True,599,599,1,0.5290000000000004,0.001,0.001,0,0,0,False,False,,,none,1.0,2.9977532099991677,1.9964645885352845,0.9999765665978897,0.19593623795814988,0.37614842119275405,True,2,1,4,1,True,2,,,2,2,2,716,,,,,,,,,9,0.8,2.8435372177539108e-06,4.447713448238779e-07,1.702610016590429e-06,1.2808418762754214e-06,3.5809163964749153e-06,False,0.06079844707723764,0.0,0.06079844707723764,0.5462857980372564,0.5462857980372564,-0.77197667655672,1.1776495506630547,3.140290796624407,2.1833063809322115,0.6952561155416286,0.016583490450960102,0.37614842119275405,0.35956493074179396,0.016583490450960102,0.37614842119275405,0.35956493074179396,0.019111752246684727,0.0288598833827836,0.009748131136098872,0.16583489477750035,2.944154302373606,2.7783194075961055,15.163711678968141,15.163440471688476,15.163446163964926,2.644629726583596,0.3172375028374295,1,none,1.7301430850992068,2.6398428962791485,1.7301430850992068,6.378918708164501,5.528026186515343,0.8276772340429304,0.6259532884701557,2474,1.7301430850992068,0.0,1.0,0.0,,0,False,0,False,0.0017361932334612122,-9.846404910708535e-08,,0.0017361932334612122,-9.846404910708535e-08,,0.7799716695741475,0,False,False,False,False,False,0.0007293265712429713,2972,1550,0
600,True,600,600,1,0.5300000000000004,0.001,0.001,0,0,0,False,False,,,none,1.0,3.0025146512168797,1.9899999029800766,0.9999768358700641,0.19812537458555346,0.37368301462968256,True,2,1,4,1,True,2,,,2,2,2,1233,,,,,,,,,9,0.8,2.921914155806769e-06,4.62912008542341e-07,1.752827295349131e-06,1.2992473354215129e-06,3.675910367171313e-06,False,0.06146449825353578,0.0,0.06146449825353578,0.541999220934871,0.541999220934871,-0.7709418348133443,1.179933173128319,3.140290796624407,2.1737031112416307,0.6921980326083844,0.01672548935942298,0.37368301462968256,0.3569575252702596,0.01672548935942298,0.37368301462968256,0.3569575252702596,0.019100334134358403,0.028854709174066722,0.009754375039708319,0.1672548819859229,2.945286240767095,2.7780313587811722,15.230131155166864,15.229851139648988,15.229856954562722,2.6967757695391668,0.31447063887729687,1,none,1.7230749852190639,2.642123387072746,1.7230749852190639,6.399889146536154,5.547142898340682,0.8256778599056693,0.6212477366445662,2476,1.7230749852190639,0.0,1.0,0.0,,0,False,0,False,0.0013254896902154354,0.0005488653509747569,,0.0013254896902154354,0.0005488653509747569,,0.7826124340925947,0,False,False,False,False,False,0.0006855936629230107,2972,1550,0
601,True,601,601,1,0.5310000000000004,0.001,0.001,0,0,0,False,False,,,none,1.0,3.0072705768599164,1.9834333928781605,0.9999768212617626,0.20033193285563186,0.3712645776539722,True,2,1,4,1,True,2,,,2,2,2,832,,,,,,,,,9,0.8,3.0042656329560275e-06,4.820953543254811e-07,1.8022833298216572e-06,1.3183372890444233e-06,3.77415769843563e-06,False,0.06211009073293622,0.0,0.06211009073293622,0.5376811197693689,0.5376811197693689,-0.7699183631440958,1.1822352932958118,3.140290796624407,2.164029202086109,0.6891174551134847,0.016868747379962443,0.3712645776539722,0.3543958302740097,0.016868747379962443,0.3712645776539722,0.3543958302740097,0.019088823533520944,0.028849591815720478,0.009760768282199534,0.16868746017786979,2.9459893352707116,2.7773018750928418,15.29699389396204,15.296704764417527,15.296710700838307,2.74966910469552,0.3117510725408275,1,none,1.7160574760638254,2.6445399947042176,1.7160574760638254,6.517610360249279,5.682660475649858,0.811506011722699,0.6039626979007857,2478,1.7160574760638254,0.0,1.0,0.0,,0,False,0,False,0.0013211782212382839,0.0005421289277900066,,0.0013211782212382839,0.0005421289277900066,,0.7807111560529352,0,False,False,False,False,False,7.99800988152559e-06,2972,1550,0
602,True,602,602,1,0.5320000000000004,0.001,0.001,0,0,0,False,False,,,none,1.0,3.012021262286977,1.976766232206687,0.9999763977871969,0.2025573742031927,0.36889236625879657,True,2,1,4,1,True,2,,,2,2,2,1090,,,,,,,,,9,0.8,3.0857597059350185e-06,5.020258686988843e-07,1.8465897899879821e-06,1.3354302105574087e-06,3.868747941566148e-06,False,0.06273411199183243,0.0,0.06273411199183243,0.5333320194482527,0.5333320194482527,-0.7689065520005138,1.1845556851905477,3.140290796624407,2.1542858901962494,0.6860147768837064,0.017013282782654914,0.36889236625879657,0.35187908347614166,0.017013282782654914,0.36889236625879657,0.35187908347614166,0.01907722157404726,0.028844532760002567,0.009767311185955307,0.17013281210798661,2.949407541284908,2.779274729176921,15.364296424179102,15.363997884883947,15.364003940903638,2.803323527107763,0.3090754130713506,1,none,1.707913626582603,2.6458121358793303,1.707913626582603,6.57478389646554,5.74812817525611,0.8048362280931122,0.5942503627301269,2479,1.707913626582603,0.0,1.0,0.0,,0,False,0,False,0.00128795334148434,0.0010493504250416793,,0.00128795334148434,0.0010493504250416793,,0.7787908387478688,0,False,False,False,False,False,0.0005083085085938387,2972,1550,0
603,True,603,603,1,0.5330000000000004,0.001,0.001,0,0,0,False,False,,,none,1.0,3.016766977082156,1.9699986081433316,0.9999755487675047,0.20481015540616823,0.36656571629245877,True,2,1,4,1,True,2,,,2,2,2,1023,,,,,,,,,9,0.8,3.1640100137599587e-06,5.223608274864543e-07,1.888525225746549e-06,1.353284403545851e-06,3.960015960375303e-06,False,0.06333564826576349,0.0,0.06333564826576349,0.5289532647068675,0.5289532647068675,-0.7679064275132795,1.1868939256553366,3.140290796624407,2.144473395665723,0.6828900680060845,0.017159105375799278,0.36656571629245877,0.3494066109166595,0.017159105375799278,0.36656571629245877,0.3494066109166595,0.01906553037172332,0.028839532137566393,0.009774001765843074,0.17159103600594935,2.95342632819063,2.781835292184681,15.432035118094822,15.431726902698806,15.43173307733507,2.857727555102679,0.30644408406647006,1,none,1.7021003848104077,2.6497253387736324,1.7021003848104077,6.751331089640933,5.970169504931131,0.7849490133402884,0.5702016947440229,2482,1.7021003848104077,0.0,1.0,0.0,,0,False,0,False,0.0005424695431263241,0.00020106696568194979,,0.0005424695431263241,0.00020106696568194979,,0.7774922689540369,0,False,False,False,False,False,0.0011293055038551813,2972,1550,0
604,True,604,604,1,0.5340000000000004,0.001,0.001,0,0,0,False,False,,,none,1.0,3.0215079859950107,1.963131173394083,0.9999741545436174,0.2071077529430839,0.3642840593755855,True,2,1,4,1,True,2,,,2,2,2,983,,,,,,,,,9,0.8,3.231694905715092e-06,5.422196981395178e-07,1.925382391248718e-06,1.3687008575967505e-06,4.0395907657573556e-06,False,0.063913813426066,0.0,0.063913813426066,0.5245451152932873,0.5245451152932873,-0.766917608095254,1.1892502344909006,3.140290796624407,2.1345924162158987,0.6797435506643004,0.017306224774141187,0.3642840593755855,0.3469778346014443,0.017306224774141187,0.3642840593755855,0.3469778346014443,0.0190537488275455,0.02883458804047627,0.00978083921293077,0.1730622280703893,2.957023482707075,2.7839612546366856,15.50020648272963,15.499888347969728,15.499894639728618,2.912880864959805,0.3038572931021174,1,none,1.6935517801548028,2.650672850879239,1.6935517801548028,6.7088016346375,5.910810890647669,0.7902075497936418,0.5730353453988558,2483,1.6935517801548028,0.0,1.0,0.0,,0,False,0,False,0.0003115049598151397,-9.519829129131148e-05,,0.0003115049598151397,-9.519829129131148e-05,,0.7755539396537801,0,False,False,False,False,False,0.0003756564138059426,2972,1550,0
605,True,605,605,1,0.5350000000000004,0.001,0.001,0,0,0,False,False,,,none,1.0,3.026244549108146,1.9561637821342819,0.9999722562645426,0.20942345800960108,0.36204768584650066,True,2,1,4,1,True,2,,,2,2,2,1108,,,,,,,,,9,0.8,3.3027710130575565e-06,5.630903636703445e-07,1.965438043152186e-06,1.3855559196380047e-06,4.124085235572302e-06,False,0.06446794208394357,0.0,0.06446794208394357,0.5201071757425144,0.5201071757425144,-0.7659408019446392,1.191625417277263,3.140290796624407,2.1246428447315027,0.6765751907483679,0.017454641228049773,0.36204768584650066,0.34459304461845086,0.017454641228049773,0.36204768584650066,0.34459304461845086,0.019041872913613683,0.028829704009723192,0.00978783109610951,0.17454639113089754,2.9602099488198275,2.78566355768893,15.568807183410511,15.568478917437764,15.568485325891647,2.9687690795858117,0.3013195823164456,1,none,1.6892653844290468,2.6563916864049677,1.6892653844290468,6.906620210410179,6.159294168391493,0.7692305658854829,0.5485256388948218,2488,1.6892653844290468,0.0,1.0,0.0,,0,False,0,False,-0.0012588809188550769,2.315167010275572e-05,,-0.0012588809188550769,2.315167010275572e-05,,0.776430909743034,0,False,False,False,False,False,0.0015748392048996003,2972,1550,0
606,True,606,606,1,0.5360000000000004,0.001,0.001,0,0,0,False,False,,,none,1.0,3.030976922366408,1.9490967642286616,0.9999698206102052,0.21175720362402237,0.35985700486456024,True,2,1,4,1,True,2,,,2,2,2,748,,,,,,,,,9,0.8,3.370854897203363e-06,5.847225979356315e-07,2.001963981213031e-06,1.400968636542293e-06,4.20418079501655e-06,False,0.06499762179439583,0.0,0.06499762179439583,0.5156383644372513,0.5156383644372513,-0.7649764221432227,1.194020570396543,3.140290796624407,2.1146250830101154,0.673385116207451,0.017604357988751655,0.35985700486456024,0.3422526468758086,0.017604357988751655,0.35985700486456024,0.3422526468758086,0.019029897148017283,0.028824882110716113,0.00979498496269883,0.1760435578314432,2.9629969657365924,2.7869534079051492,15.637834052030978,15.63749547462789,15.637501999773573,3.0254029569950607,0.2988330579388011,1,none,1.681702963218265,2.6585704535548054,1.681702963218265,6.91947266217513,6.171369786606303,0.7684315216931824,0.5450015219856239,2490,1.681702963218265,0.0,1.0,0.0,,0,False,0,False,-0.0009510320821801995,0.0002785954811810673,,-0.0009510320821801995,0.0002785954811810673,,0.7744625346113465,0,False,False,False,False,False,0.00040002805759132377,2972,1550,0
607,True,607,607,1,0.5370000000000004,0.001,0.001,0,0,0,False,False,,,none,1.0,3.0357053579197593,1.9419313613139968,0.9999670267885381,0.21410735109050574,0.3577734924237376,True,2,1,4,1,True,2,,,2,2,2,781,,,,,,,,,9,0.8,3.4278142635021844e-06,6.058152172648728e-07,2.0305915132622813e-06,1.4138314895225297e-06,4.270731093974076e-06,False,0.06550265818777357,0.0,0.06550265818777357,0.5111389087517715,0.5111389087517715,-0.7640237399802036,1.1964358415985774,3.140290796624407,2.104540466158103,0.6701737521952861,0.0177553892100173,0.3577734924237376,0.34001810321372034,0.0177553892100173,0.3577734924237376,0.34001810321372034,0.019017820792007117,0.02882011869990102,0.009802297907893904,0.17755386959964164,2.965397511164388,2.7878436415647463,15.707283416218758,15.706934367677977,15.706941008277362,3.0827942699400515,0.29639722979035643,1,none,1.6739416863254122,2.6606099444999223,1.6739416863254122,6.9322630828651715,6.1877550569353446,0.7676021272407528,0.5410497574396481,2492,1.6739416863254122,0.0,1.0,0.0,,0,False,0,False,-0.0016431197961319106,0.0006540801683892141,,-0.0016431197961319106,0.0006540801683892141,,0.7724764569534465,0,False,False,False,False,False,0.0007873843750867205,2972,1550,0
608,True,608,608,1,0.5380000000000004,0.001,0.001,0,0,0,False,False,,,none,1.0,3.040430103511719,1.9346681832373391,0.9999641205369623,0.216474830908274,0.35576153353405215,True,2,1,4,1,True,2,,,2,2,2,764,,,,,,,,,9,0.8,3.486137552124008e-06,6.279868054406922e-07,2.05587514379269e-06,1.4277309685868822e-06,4.337344900473495e-06,False,0.06598338553386685,0.0,0.06598338553386685,0.5066088889745757,0.5066088889745757,-0.7630819033709709,1.1988716200116658,3.140290796624407,2.094389679298659,0.666941316883768,0.017907744246155863,0.35576153353405215,0.3378537892878963,0.017907744246155863,0.35576153353405215,0.3378537892878963,0.01900564189994167,0.028815409516854854,0.009809767616913184,0.179077420033463,2.967425549298897,2.788348129265434,15.777151437604962,15.7767917892481,15.776798544366875,3.1409468330203656,0.294013635119678,1,none,1.6663131878106547,2.6628912311234836,1.6663131878106547,7.044235350403315,6.331324310140369,0.7560483426979824,0.5263711369647756,2494,1.6663131878106547,0.0,1.0,0.0,,0,False,0,False,-0.0020663132312780997,0.0007830231169673608,,-0.0020663132312780997,0.0007830231169673608,,0.7704725550535425,0,False,False,False,False,False,0.0004424013647570025,2972,1550,0
609,True,609,609,1,0.5390000000000004,0.001,0.001,0,0,0,False,False,,,none,1.0,3.045151402481488,1.9273085195715307,0.9999611434117606,0.21886293449809388,0.35379700344143206,True,2,1,4,1,True,2,,,2,2,2,891,,,,,,,,,9,0.8,3.5449925300370994e-06,6.513124726004549e-07,2.0814786655707044e-06,1.4412010790207051e-06,4.404633237896226e-06,False,0.06644048665547603,0.0,0.06644048665547603,0.5020487436526357,0.5020487436526357,-0.7621516309685633,1.2013279237941294,3.140290796624407,2.08417409307165,0.6636882467419868,0.018061439102817437,0.35379700344143206,0.3357355643386146,0.018061439102817437,0.35379700344143206,0.3357355643386146,0.01899336038102935,0.028810758154842818,0.009817397773813467,0.1806143689607641,2.969296686925879,2.788682317965115,15.847433923206427,15.847063570692635,15.847070438652725,3.1998744828194927,0.2916809408356463,1,none,1.6608964496355558,2.6676558716930154,1.6608964496355558,7.179251482337954,6.497784004861502,0.7431571044017201,0.5112193475169101,2498,1.6608964496355558,0.0,1.0,0.0,,0,False,0,False,-0.0013392764259777354,0.0007795371731187929,,-0.0013392764259777354,0.0007795371731187929,,0.7686833129773117,0,False,False,False,False,False,0.0007270451623289128,2972,1550,0
610,True,610,610,1,0.5400000000000004,0.001,0.001,0,0,0,False,False,,,none,1.0,3.0498694933438895,1.9198531610862135,0.9999581077317827,0.22126940825408634,0.3518779048877926,True,2,1,4,1,True,2,,,2,2,2,992,,,,,,,,,9,0.8,3.599354179885357e-06,6.756568392461519e-07,2.111967896377953e-06,1.4540235144309354e-06,4.470621372083247e-06,False,0.06687325726086463,0.0,0.06687325726086463,0.497458127335407,0.497458127335407,-0.7612323737517269,1.203805246365029,3.140290796624407,2.0738945806774134,0.6604148198334705,0.01821648765080806,0.3518779048877926,0.3336614172369845,0.01821648765080806,0.3518779048877926,0.3336614172369845,0.018980973768174852,0.028806161868758635,0.009825188100583783,0.18216485469320454,2.9708772670665224,2.788712412373318,15.918126533677606,15.917745403402431,15.917752382661575,3.259578408420344,0.28939929517427115,1,none,1.6510905270182044,2.6676558716930154,1.6510905270182044,7.179251482337954,6.4936823920622135,0.7431571044017201,0.5085221072827566,2498,1.6510905270182044,0.0,1.0,0.0,,0,False,0,False,-0.001334277028754085,0.0007856295909497224,,-0.001334277028754085,0.0007856295909497224,,0.7666476363015232,0,False,False,False,False,False,7.881086703397555e-06,2972,1550,0
611,True,611,611,1,0.5410000000000004,0.001,0.001,0,0,0,False,False,,,none,1.0,3.0545846100953638,1.9123025749999396,0.9999550304403164,0.2236919017518085,0.3500015843577588,True,2,1,4,1,True,2,,,2,2,2,1080,,,,,,,,,9,0.8,3.6509955651879424e-06,7.008421323129581e-07,2.133540392345432e-06,1.4664843005650911e-06,4.530289076981775e-06,False,0.0672797883714637,0.0,0.0672797883714637,0.4928357013580782,0.4928357013580782,-0.7603229695046144,1.2063044941350827,3.140290796624407,2.063551693514309,0.6571212117465308,0.018372895223162624,0.3500015843577588,0.3316286891345962,0.018372895223162624,0.3500015843577588,0.3316286891345962,0.018968477529324585,0.02880161484752307,0.009833137318198484,0.18372893022400563,2.972131315087154,2.788402384863148,15.989224929939711,15.988832986126582,15.988840075530037,3.3200544395303506,0.2871707573492658,1,none,1.6421528672576327,2.668690008007348,1.6421528672576327,7.233445897923784,6.561735112857768,0.7378751554009251,0.5005239739226358,2499,1.6421528672576327,0.0,1.0,0.0,,0,False,0,False,-0.0011283399865603294,0.0011488194053679765,,-0.0011283399865603294,0.0011488194053679765,,0.7645947395892543,0,False,False,False,False,False,0.0004175127622536569,2972,1550,0
612,True,612,612,1,0.5420000000000004,0.001,0.001,0,0,0,False,False,,,none,1.0,3.0592969822785445,1.904658765882171,0.9999518324861411,0.2261310487865561,0.3481663401231878,True,2,1,4,1,True,2,,,2,2,2,744,,,,,,,,,9,0.8,3.7031499303680843e-06,7.272708550491495e-07,2.151494340901485e-06,1.479061310955549e-06,4.58898600606776e-06,False,0.06765964305522826,0.0,0.06765964305522826,0.4881807505781487,0.4881807505781487,-0.7594230532883258,1.208829346009534,3.140290796624407,2.0531475053679022,0.6538080828612727,0.018530682459517993,0.3481663401231878,0.3296356576636698,0.018530682459517993,0.3481663401231878,0.3296356576636698,0.018955853269952333,0.028797115266441627,0.009841261996489294,0.18530680181191533,2.973091616816973,2.787784815005058,16.06072437427059,16.06032160704205,16.060328804387886,3.381331827000607,0.28499082997353964,1,none,1.6333970584207698,2.669985809509133,1.6333970584207698,7.195569342365737,6.51842251512885,0.7421194022240646,0.5011632966809861,2500,1.6333970584207698,0.0,1.0,0.0,,0,False,0,False,-0.0006821510921347794,0.0014286011324816297,,-0.0006821510921347794,0.0014286011324816297,,0.7625258070965291,0,False,False,False,False,False,0.000526652014460586,2972,1550,0
613,True,613,613,1,0.5430000000000004,0.001,0.001,0,0,0,False,False,,,none,1.0,3.0640068342971847,1.8969218892056556,0.9999486783643468,0.22858641104242014,0.3463705364225849,True,2,1,4,1,True,2,,,2,2,2,933,,,,,,,,,9,0.8,3.751830421077472e-06,7.553557641971471e-07,2.15504609072121e-06,1.4931276422514788e-06,4.639013650358926e-06,False,0.06801278504234476,0.0,0.06801278504234476,0.48349086495134647,0.48349086495134647,-0.7585323911366395,1.2113773578827916,3.140290796624407,2.0426822891666396,0.6504755200895345,0.018689853966171593,0.3463705364225849,0.32768068245641335,0.018689853966171593,0.3463705364225849,0.32768068245641335,0.018943113210586043,0.028792661955683196,0.009849548745097154,0.18689851529562793,2.9737489102770405,2.7868503949814127,16.132619795888484,16.132206253826784,16.13221355878962,3.443397027714277,0.2828611495072414,1,none,1.6261938349646985,2.6730765076388665,1.6261938349646985,7.3558260028242755,6.723032478663253,0.7267916632646113,0.4837679544538021,2503,1.6261938349646985,0.0,1.0,0.0,,0,False,0,False,-0.0008481967377923733,0.001633691879104019,,-0.0008481967377923733,0.001633691879104019,,0.7604400026903768,0,False,False,False,False,False,0.00026388135741650323,2972,1550,0
614,True,614,614,1,0.5440000000000004,0.001,0.001,0,0,0,False,False,,,none,1.0,3.0687143865014797,1.8890932420716566,0.9999457573129726,0.23105712460077193,0.3446109876348784,True,2,1,4,1,True,2,,,2,2,2,1270,,,,,,,,,9,0.8,3.7923667640634657e-06,7.839922122933782e-07,2.1606548887201078e-06,1.5048513014728395e-06,4.682915379312813e-06,False,0.06833795203344406,0.0,0.06833795203344406,0.4787716696596838,0.4787716696596838,-0.7576506656745837,1.2139478588352752,3.140290796624407,2.0321574373384785,0.6471239668386461,0.018850418402213385,0.3446109876348784,0.325760569232665,0.018850418402213385,0.3446109876348784,0.325760569232665,0.01893026070582362,0.02878825332837292,0.0098579926225493,0.18850415713685348,2.974147489180943,2.78564333204409,16.20490642465579,16.204482192061192,16.204489603726383,3.5062664675538464,0.2807809009265901,1,none,1.6171257813060451,2.6741594496527945,1.6171257813060451,7.410097226197518,6.793870173404929,0.7217609615697407,0.4760543666661147,2504,1.6171257813060451,0.0,1.0,0.0,,0,False,0,False,-0.0009482033585876725,0.0020603903899647827,,-0.0009482033585876725,0.0020603903899647827,,0.7583374091838495,0,False,False,False,False,False,0.00043826127295676956,2972,1550,0
615,True,615,615,1,0.5450000000000004,0.001,0.001,0,0,0,False,False,,,none,1.0,3.0734198550196776,1.881173699371382,0.9999432000446651,0.23354339400050983,0.34288484215982046,True,2,1,4,1,True,2,,,2,2,2,1273,,,,,,,,,9,0.8,3.835523689550344e-06,8.139148249207762e-07,2.1638161103046665e-06,1.5195324623063363e-06,4.7291413997198765e-06,False,0.06863451301059137,0.0,0.06863451301059137,0.474024432185061,0.474024432185061,-0.756777226139752,1.216540839096072,3.140290796624407,2.021573940901933,0.6437537386903733,0.01901237900234105,0.34288484215982046,0.3238724631574794,0.01901237900234105,0.34288484215982046,0.3238724631574794,0.018917295804519643,0.028783886130698755,0.009866590326179113,0.19012375967836306,2.9742813317558796,2.7841575720775165,16.2775790170353,16.277144233097484,16.277151752093747,3.5699415112234663,0.27875034293169765,1,none,1.6108402235756278,2.6784022921592054,1.6108402235756278,7.615724880744785,7.06372094953704,0.7033873555309601,0.4560882954135393,2508,1.6108402235756278,0.0,1.0,0.0,,0,False,0,False,-0.0005452584043780757,0.0024329429556153065,,-0.0005452584043780757,0.0024329429556153065,,0.7563787426084895,0,False,False,False,False,False,0.0005487805119496882,2972,1550,0
616,True,616,616,1,0.5460000000000004,0.001,0.001,0,0,0,False,False,,,none,1.0,3.078123451749037,1.8731645664507202,0.9999409746921453,0.23604461497230048,0.34118934956953445,True,2,1,4,1,True,2,,,2,2,2,1079,,,,,,,,,9,0.8,3.892585353103417e-06,8.475336838760204e-07,2.170546454196746e-06,1.5364210249428007e-06,4.7898220793900125e-06,False,0.06890138593987483,0.0,0.06890138593987483,0.469248173612576,0.469248173612576,-0.7559106748004413,1.2191574325990844,3.140290796624407,2.0109332185669153,0.6403652874213203,0.019175743021905223,0.34118934956953445,0.3220136065476292,0.019175743021905223,0.34118934956953445,0.3220136065476292,0.01890421283700458,0.028779553374002207,0.009875340536997627,0.19175739574247666,2.974161116576934,2.7824037208344574,16.35063242085821,16.35018726655965,16.350194894117053,3.634450096516932,0.27676741790860354,1,none,1.605185293101946,2.6833994773865726,1.605185293101946,7.776550249496111,7.285192223646219,0.6901259276400731,0.44067067657922554,2513,1.605185293101946,0.0,1.0,0.0,,0,False,0,False,-0.0012012962933517233,0.0022954067853724527,,-0.0012012962933517233,0.0022954067853724527,,0.7542436186405193,0,False,False,False,False,False,0.0006702998656527325,2972,1550,0
617,True,617,617,1,0.5470000000000004,0.001,0.001,0,0,0,False,False,,,none,1.0,3.082825384258435,1.8650675816343587,0.9999392411788497,0.23856100278566303,0.33952413718280555,True,2,1,4,1,True,2,,,2,2,2,1186,,,,,,,,,9,0.8,3.93656600770192e-06,8.807819497888786e-07,2.1610449806312994e-06,1.5517401069790472e-06,4.832219111752613e-06,False,0.06913992441419911,0.0,0.06913992441419911,0.4644438601235877,0.4644438601235877,-0.7550537723268245,1.221797480649132,3.140290796624407,2.000237104973637,0.6369591972577037,0.019340524049931435,0.33952413718280555,0.32018361313287413,0.019340524049931435,0.33952413718280555,0.32018361313287413,0.01889101259675434,0.02877526886163412,0.009884256264879782,0.19340520139398698,2.9737941601185747,2.7803889587245876,16.42406086437796,16.423605556924905,16.423613293564035,3.699810240731939,0.2748291396511847,1,none,1.597956548061076,2.686720630953988,1.597956548061076,7.929862003727392,7.487672239318343,0.6776210304015652,0.42682331624241865,2516,1.597956548061076,0.0,1.0,0.0,,0,False,0,False,-0.0013701197455085225,0.0017764952730438149,,-0.0013701197455085225,0.0017764952730438149,,0.7520907033504121,0,False,False,False,False,False,0.000545683530652459,2972,1550,0
618,True,618,618,1,0.5480000000000004,0.001,0.001,0,0,0,False,False,,,none,1.0,3.0875258555790164,1.8568844759970675,0.9999381717232337,0.24109626615834095,0.3378872226272715,True,2,1,4,1,True,2,,,2,2,2,1471,,,,,,,,,9,0.8,3.991091290269525e-06,9.164874514653664e-07,2.1470939369121407e-06,1.572897051297292e-06,4.883930429875444e-06,False,0.06934911588528167,0.0,0.06934911588528167,0.459613585515464,0.459613585515464,-0.754205898259071,1.2244602513776441,3.140290796624407,1.9894874170411931,0.6335360467825951,0.01950673544789251,0.3378872226272715,0.318380487179379,0.01950673544789251,0.3378872226272715,0.318380487179379,0.01887769874311178,0.028771029491295355,0.009893330748183576,0.19506730995203764,2.9731950007694103,2.7781276908173727,16.4978582023775,16.49739300032666,16.497400846945123,3.7660370879432663,0.2729324373592396,1,none,1.589714873252719,2.6889834734356115,1.589714873252719,8.039956938111427,7.637907184979651,0.6689049441767905,0.4162697542015115,2518,1.589714873252719,0.0,1.0,0.0,,0,False,0,False,-0.0014994627574961934,0.0018958387684839665,,-0.0014994627574961934,0.0018958387684839665,,0.7518467322898238,0,False,False,False,False,False,0.00017599001293799678,2972,1550,0
619,True,619,619,1,0.5490000000000004,0.001,0.001,0,0,0,False,False,,,none,1.0,3.092225064592065,1.8486164713495037,0.9999379010757865,0.24365088624595194,0.33628162491611224,True,2,1,4,1,True,2,,,2,2,2,980,,,,,,,,,9,0.8,4.029906974376619e-06,9.523492722628966e-07,2.122926441350557e-06,1.5915896355463766e-06,4.9180375762973764e-06,False,0.06952845938347896,0.0,0.06952845938347896,0.45475678935086516,0.45475678935086516,-0.7533680279294995,1.227146772886634,3.140290796624407,1.9786854974049288,0.6300962635472732,0.01967438377724866,0.33628162491611224,0.31660724113886357,0.01967438377724866,0.33628162491611224,0.31660724113886357,0.01886426613556683,0.028766840139647497,0.009902574004080667,0.19674378670115292,2.972385294113413,2.77564150741226,16.572018207445975,16.571543409824553,16.571551366965366,3.83312463390784,0.2710773194366428,1,none,1.5838723834654131,2.693987089779772,1.5838723834654131,8.29408447783314,7.9784730264550525,0.6496165060724306,0.39703647006478626,2523,1.5838723834654131,0.0,1.0,0.0,,0,False,0,False,-0.0009554649577304547,0.001971722783279306,,-0.0009554649577304547,0.001971722783279306,,0.7496628554612914,0,False,False,False,False,False,0.0005492649541445585,2972,1550,0
620,True,620,620,1,0.5500000000000004,0.001,0.001,0,0,0,False,False,,,none,1.0,3.096923206340932,1.84026453446775,0.9999384293427115,0.24622499597928063,0.3347125405360555,True,2,1,4,1,True,2,,,2,2,2,827,,,,,,,,,9,0.8,4.0736520938350544e-06,9.913139193803863e-07,2.09918619914939e-06,1.612038432628235e-06,4.958083831011108e-06,False,0.06967647559119888,0.0,0.06967647559119888,0.44986628254419425,0.44986628254419425,-0.7525387690598918,1.2298592641276482,3.140290796624407,1.9678324877186106,0.6266402111020715,0.019843468238312942,0.3347125405360555,0.3148690722977425,0.019843468238312942,0.3347125405360555,0.3148690722977425,0.018850703679361754,0.028762693845299458,0.009911990165937704,0.19843462345039614,2.9744103537628233,2.7759757303124273,16.646534632525995,16.646050590487725,16.646058660171775,3.901075901963278,0.2692640300113331,1,none,1.5820065287337177,2.7034773400528156,1.5820065287337177,8.54190101261492,8.329867940456749,0.6329919618736495,0.37983952207697835,2532,1.5820065287337177,0.0,1.0,0.0,,0,False,0,False,0.0005651509071173575,0.00040672205209155366,,0.0005651509071173575,0.00040672205209155366,,0.74746437241075,0,False,False,False,False,False,0.002182086134194766,2972,1550,0
621,True,621,621,1,0.5510000000000004,0.001,0.001,0,0,0,False,False,,,none,1.0,3.101620473440526,1.8318295663040562,0.9999395569494169,0.24881634077794937,0.3331693634167414,True,2,1,4,1,True,2,,,2,2,2,1174,,,,,,,,,9,0.8,4.107457345965324e-06,1.0313539465517043e-06,2.075074927653728e-06,1.6327213511358892e-06,4.9906524400948226e-06,False,0.06979273095519109,0.0,0.06979273095519109,0.444937187299795,0.444937187299795,-0.7517174267872316,1.2326003490458033,3.140290796624407,1.9569294888623425,0.6231682400132831,0.02001397799002157,0.3331693634167414,0.31315538542671983,0.02001397799002157,0.3331693634167414,0.31315538542671983,0.018836998254770986,0.028758587133936156,0.00992158887916517,0.20013971174214376,2.978064422492519,2.777924710750375,16.72140181995331,16.720908927665597,16.720917112100512,3.9698890673604,0.26749589180617683,1,none,1.5734244128869048,2.705515184924495,1.5734244128869048,8.639280165865513,8.465884040995483,0.6263288452235181,0.37170941753222725,2534,1.5734244128869048,0.0,1.0,0.0,,0,False,0,False,4.160371787327402e-05,-0.0002077067591099428,,4.160371787327402e-05,-0.0002077067591099428,,0.7452505414566578,0,False,False,False,False,False,0.0008072325708244585,2972,1550,0
622,True,622,622,1,0.5520000000000004,0.001,0.001,0,0,0,False,False,,,none,1.0,3.106317049942951,1.823314012850759,0.999941248457817,0.2514258710444447,0.33165201749090645,True,2,1,4,1,True,2,,,2,2,2,1068,,,,,,,,,10,0.8,2.449080452104156e-06,5.332707527355229e-07,1.3420602938737044e-06,8.843485035165756e-07,2.977510850469934e-06,False,0.06987700357935497,0.0,0.06987700357935497,0.4399727415829553,0.4399727415829553,-0.7509056967589356,1.2353801350166143,3.140290796624407,1.9459790962235748,0.6196811767608803,0.02018589677794632,0.33165201749090645,0.31146612071296015,0.02018589677794632,0.33165201749090645,0.31146612071296015,0.01882309932491693,0.02875452848379468,0.00993142915887775,0.20185888989265965,2.981188849382664,2.7793299594900045,16.79661308662137,16.79611196717467,16.796120168288763,4.039634165364366,0.2657670554568841,1,none,1.5671045363306353,2.7101433986757675,1.5671045363306353,8.777741822834455,8.667382711356275,0.6175035569229409,0.36160963200052676,2539,1.5671045363306353,0.0,1.0,0.0,,0,False,0,False,0.0005934339132080154,0.0002969178888490877,,0.0005934339132080154,0.0002969178888490877,,0.7430218014185932,0,False,False,False,False,False,0.0007477717564945565,2972,1550,0
623,True,623,623,1,0.5530000000000004,0.001,0.001,0,0,0,False,False,,,none,1.0,3.111013127179535,1.8147193944645883,0.9999432232248668,0.254053281685705,0.33015996634507416,True,2,1,4,1,True,2,,,2,2,2,1172,,,,,,,,,10,0.8,2.438799131464342e-06,5.510210674261089e-07,1.3049537112339595e-06,8.871505988234632e-07,2.9565699372473416e-06,False,0.06992941686317616,0.0,0.06992941686317616,0.4349768509900494,0.4349768509900494,-0.7501029162817809,1.2381898306900614,3.140290796624407,1.9349828977644175,0.6161795270184496,0.020359247810772804,0.33015996634507416,0.30980071853430136,0.020359247810772804,0.33015996634507416,0.30980071853430136,0.018809050846549692,0.028750514581408905,0.009941463734859213,0.20359238884381087,2.983897519477174,2.780305130633363,16.872162292287246,16.87165321259717,16.871661529652467,4.110236538853498,0.2640837893860105,1,none,1.560711805178967,2.714793170621402,1.560711805178967,9.013859891798557,9.00175292725577,0.6023597444844937,0.34675730778022096,2544,1.560711805178967,0.0,1.0,0.0,,0,False,0,False,0.0007801584311945518,0.0001136319479398149,,0.0007801584311945518,0.0001136319479398149,,0.7407791342611998,0,False,False,False,False,False,0.000261648202272253,2972,1550,0
624,True,624,624,1,0.5540000000000004,0.001,0.001,0,0,0,False,False,,,none,1.0,3.1157088894631606,1.8060478157713113,0.9999451410191658,0.2566969163431048,0.3286929032954475,True,2,1,4,1,True,2,,,2,2,2,983,,,,,,,,,10,0.8,2.456747912912148e-06,5.732619534795501e-07,1.2889766180002685e-06,8.969237503162469e-07,2.9715606186881255e-06,False,0.06994950183364801,0.0,0.06994950183364801,0.4299410583844985,0.4299410583844985,-0.7493081964144166,1.2410307310425102,3.140290796624407,1.9239431759618013,0.6126640176221596,0.020534029231509574,0.3286929032954475,0.3081588740639379,0.020534029231509574,0.3286929032954475,0.3081588740639379,0.018794846344787453,0.028746540982072084,0.009951694637284632,0.20534019078587254,2.9865278802637025,2.78118768947783,16.948042781501325,16.947526232983307,16.94753466705599,4.181750989709346,0.2624432427578782,1,none,1.5526911043035592,2.7176329243182096,1.5526911043035592,9.06857894630251,9.092869089150332,0.599351439825367,0.34151841164330404,2547,1.5526911043035592,0.0,1.0,0.0,,0,False,0,False,0.0003527647564232379,0.0004206660701739737,,0.0003527647564232379,0.0004206660701739737,,0.7385424742221083,0,False,False,False,False,False,0.0005262464303447844,2972,1550,0
625,True,625,625,1,0.5550000000000004,0.001,0.001,0,0,0,False,False,,,none,1.0,3.120404517403383,1.7973019165410533,0.9999469936659949,0.2593550515419459,0.3272497623884778,True,2,1,4,1,True,2,,,2,2,2,929,,,,,,,,,10,0.8,2.494292558773843e-06,5.990807974205754e-07,1.2885077584913242e-06,9.137962576997503e-07,3.012585105000528e-06,False,0.06993729561691406,0.0,0.06993729561691406,0.42486969624592663,0.42486969624592663,-0.7485212360073659,1.2439041123856909,3.140290796624407,1.912862661307578,0.6091355180748775,0.02071025204010519,0.3272497623884778,0.3065395103483726,0.02071025204010519,0.3272497623884778,0.3065395103483726,0.018780479438071544,0.02874260618003683,0.009962126741965286,0.2071024058638133,2.988716260049958,2.781613854186145,17.024247184274785,17.02372368557033,17.023732236777132,4.254201342793349,0.26084117183930483,1,none,1.5471421373831111,2.7232722949790853,1.5471421373831111,9.245485288509423,9.345061889843969,0.5891031590009997,0.33111436941140326,2553,1.5471421373831111,0.0,1.0,0.0,,0,False,0,False,0.0015774537816259646,0.00038786460425070847,,0.0015774537816259646,0.00038786460425070847,,0.7362703381783102,0,False,False,False,False,False,0.001225128215583463,2972,1550,0
626,True,626,626,1,0.5560000000000004,0.001,0.001,0,0,0,False,False,,,none,1.0,3.125100187760301,1.7884830990620442,0.9999483756430236,0.2620276305219066,0.3258297105065717,True,2,1,4,1,True,2,,,2,2,2,1139,,,,,,,,,10,0.8,2.5388136717599456e-06,6.270306998004413e-07,1.2933966800417994e-06,9.336322432218213e-07,3.0632150587142927e-06,False,0.06989343984163193,0.0,0.06989343984163193,0.4197625111033606,0.4197625111033606,-0.7477430248328973,1.246816420728731,3.140290796624407,1.9017429318352232,0.6055945308884972,0.020887915689526453,0.3258297105065717,0.30494179481704525,0.020887915689526453,0.3258297105065717,0.30494179481704525,0.018765917896356343,0.028738715124164486,0.009972797227808142,0.20887902869841604,2.990487308307726,2.78160827960931,17.100767900096816,17.10023801079844,17.10024668088785,4.32758490063873,0.25927688412073957,1,none,1.5403165246491772,2.7275468043210327,1.5403165246491772,9.471207368902498,9.661860241841163,0.5759660195545048,0.3188447123212899,2558,1.5403165246491772,0.0,1.0,0.0,,0,False,0,False,0.0018376550836254515,0.0004120041880628066,,0.0018376550836254515,0.0004120041880628066,,0.7339845484537362,0,False,False,False,False,False,0.00026131865044204074,2972,1550,0
627,True,627,627,1,0.5570000000000004,0.001,0.001,0,0,0,False,False,,,none,1.0,3.1297960745882527,1.779594072548364,0.9999493307902351,0.26471499286586175,0.32443266776003804,True,2,1,4,1,True,2,,,2,2,2,1142,,,,,,,,,10,0.8,2.588822254767478e-06,6.573825114236852e-07,1.288309842997918e-06,9.517808110437063e-07,3.1144472056757386e-06,False,0.06981925204561643,0.0,0.06981925204561643,0.4146200528106452,0.4146200528106452,-0.7469752563061594,1.2497722112834222,3.140290796624407,1.8905867969867955,0.6020419507069358,0.02106702614350245,0.32443266776003804,0.30336564161653556,0.02106702614350245,0.32443266776003804,0.30336564161653556,0.018751138943582886,0.028734876281530798,0.009983737337947912,0.21067011865004337,2.9918499227384143,2.781179804088371,17.17759754662907,17.177061827597694,17.177070615844112,4.401922428944593,0.2577482000307262,1,none,1.533358546298953,2.7317172278622586,1.533358546298953,9.61796977714813,9.875186758749571,0.5680444607660752,0.31054775646452926,2563,1.533358546298953,0.0,1.0,0.0,,0,False,0,False,0.0023258231959508322,0.00022774353444627893,,0.0023258231959508322,0.00022774353444627893,,0.7316844074534569,0,False,False,False,False,False,0.0005217854869220833,2972,1550,0
628,True,628,628,1,0.5580000000000004,0.001,0.001,0,0,0,False,False,,,none,1.0,3.1344923484171288,1.770637450175074,0.9999503191352983,0.26741744750409197,0.32305980383618704,True,2,1,4,1,True,2,,,2,2,2,1012,,,,,,,,,10,0.8,2.624070507390673e-06,6.876466017733204e-07,1.27340524117994e-06,9.671778995438712e-07,3.148904233907182e-06,False,0.06971528533369101,0.0,0.06971528533369101,0.4094434815964055,0.4094434815964055,-0.7462182536048318,1.252765045371427,3.140290796624407,1.879396935014151,0.5984786303976598,0.021247593789799457,0.32305980383618704,0.3018122100463876,0.021247593789799457,0.32305980383618704,0.3018122100463876,0.018736174773142864,0.02873109126802416,0.009994916494881295,0.21247577895687558,2.992815667016251,2.7803398880593755,17.25472799607617,17.25418703697129,17.254195942378733,4.477214997263539,0.25625229806758243,1,none,1.524796540388232,2.7341220128459067,1.524796540388232,9.75403430496781,10.076747381092131,0.560613573289033,0.30263665103867526,2566,1.524796540388232,0.0,1.0,0.0,,0,False,0,False,0.001591991118885008,-0.00011566974724012295,,0.001591991118885008,-0.00011566974724012295,,0.7293719163118431,0,False,False,False,False,False,0.0008102112066426667,2972,1550,0
629,True,629,629,1,0.5590000000000004,0.001,0.001,0,0,0,False,False,,,none,1.0,3.139189176584881,1.761615408349821,0.9999515571259476,0.27013412898058037,0.32171209062222555,True,2,1,4,1,True,2,,,2,2,2,1131,,,,,,,,,10,0.8,2.654584309942878e-06,7.193239385225313e-07,1.261822495172202e-06,9.789311243371465e-07,3.18036899473081e-06,False,0.06958132880971463,0.0,0.06958132880971463,0.40423459567288156,0.40423459567288156,-0.7454720165084312,1.2557951513090648,3.140290796624407,1.868175635342519,0.5949052990094665,0.021429624106613185,0.32171209062222555,0.30028246651561236,0.021429624106613185,0.32171209062222555,0.30028246651561236,0.018721024243454676,0.028727360082542154,0.010006335839087478,0.21429606365027987,2.993401823166418,2.7791057595161384,17.33215097831879,17.3316053870388,17.331614408086992,4.553452328733486,0.2547885748217798,1,none,1.5151761543421876,2.735283354928343,1.5151761543421876,9.710121965547827,10.021961216431723,0.5633880531332798,0.3023711869604819,2567,1.5151761543421876,0.0,1.0,0.0,,0,False,0,False,0.0011208685560589553,-0.00025296400391155944,,0.0011208685560589553,-0.00025296400391155944,,0.7270536535368665,0,False,False,False,False,False,0.0004907200649237305,2972,1550,0
630,True,630,630,1,0.5600000000000004,0.001,0.001,0,0,0,False,False,,,none,1.0,3.143886723894112,1.7525305948418266,0.99995279041985,0.272863442299857,0.32039027922100394,True,2,1,4,1,True,2,,,2,2,2,1278,,,,,,,,,10,0.8,2.697917209783893e-06,7.539299897341663e-07,1.2577041871827826e-06,9.93887164085185e-07,3.2275066564856315e-06,False,0.06941703630760906,0.0,0.06941703630760906,0.39899338831530123,0.39899338831530123,-0.7447357712400507,1.2588639124814627,3.140290796624407,1.8569256709522903,0.5913228395753526,0.021613123645810858,0.32039027922100394,0.2987771555751931,0.021613123645810858,0.32039027922100394,0.2987771555751931,0.018705680437592687,0.028723678856200256,0.010017998418607569,0.21613103786819748,2.993625589280532,2.777494551412335,17.40985814549146,17.409308532976713,17.409317666543306,4.630627262859661,0.2533558636189045,1,none,1.5068505410820199,2.738050445386537,1.5068505410820199,9.85118300665565,10.230442360667302,0.5558825662941511,0.2945816980261511,2570,1.5068505410820199,0.0,1.0,0.0,,0,False,0,False,0.0011595975173952016,-0.001011340343698421,,0.0011595975173952016,-0.001011340343698421,,0.7261472639926789,0,False,False,False,False,False,0.0007593646062299069,2972,1550,0
631,True,631,631,1,0.5610000000000004,0.001,0.001,0,0,0,False,False,,,none,1.0,3.148585152954226,1.743385139029906,0.9999538571373234,0.2756051966941599,0.3190943231235921,True,2,1,4,1,True,2,,,2,2,2,1075,,,,,,,,,10,0.8,2.7551503632236425e-06,7.920154543673038e-07,1.2681230845384725e-06,1.0129420681931688e-06,3.2942874487486426e-06,False,0.06922262206991811,0.0,0.06922262206991811,0.393718072073967,0.393718072073967,-0.7440089683479234,1.2619728849742473,3.140290796624407,1.845649372690413,0.5877319943345237,0.021798091598684347,0.3190943231235921,0.29729623152490775,0.021798091598684347,0.3190943231235921,0.29729623152490775,0.018690135575128764,0.028720044841739616,0.010029909266610851,0.21798069340734688,2.993502397509053,2.775521704101706,17.487841021822,17.487288021444986,17.487297264930643,4.708723496819908,0.2519544436179196,1,none,1.4989624705748834,2.7412164790327482,1.4989624705748834,9.874827038035416,10.27039914670022,0.5551928086384204,0.29189955505409654,2573,1.4989624705748834,0.0,1.0,0.0,,0,False,0,False,0.0003822970473969824,-0.0010863164790769245,,0.0003822970473969824,-0.0010863164790769245,,0.7237850663534887,0,False,False,False,False,False,0.0007809080877643336,2972,1550,0
632,True,632,632,1,0.5620000000000004,0.001,0.001,0,0,0,False,False,,,none,1.0,3.153284624775184,1.7341811009641348,0.999954373077077,0.2783594381462935,0.31782560634089996,True,2,1,4,1,True,2,,,2,2,2,1029,,,,,,,,,10,0.8,2.81097334581213e-06,8.309231662063817e-07,1.2781611807813276e-06,1.031826428436848e-06,3.3601140220953425e-06,False,0.06899815616435978,0.0,0.06899815616435978,0.3883977495874946,0.3883977495874946,-0.7432926879089071,1.2651239685308946,3.140290796624407,1.8343490133922598,0.5841334870528732,0.021984519711271303,0.31782560634089996,0.29584108662962866,0.021984519711271303,0.31782560634089996,0.29584108662962866,0.018674380157345526,0.028716463439544534,0.010042083282199007,0.21984494770631696,2.9930474843119934,2.7732025366056763,17.566091351607064,17.565535619783514,17.56554497124475,4.787726558746768,0.25058561017894804,1,none,1.4939895269016246,2.7477918712774847,1.4939895269016246,10.089055102775381,10.57970911059039,0.5447074762276993,0.28242544502591793,2580,1.4939895269016246,0.0,1.0,0.0,,0,False,0,False,0.00040438843459149164,-0.001125854510429498,,0.00040438843459149164,-0.001125854510429498,,0.7221326558776453,0,False,False,False,False,False,4.52911173566607e-05,2972,1550,0
633,True,633,633,1,0.5630000000000004,0.001,0.001,0,0,0,False,False,,,none,1.0,3.1579852986149866,1.7249218120350978,0.9999544826041749,0.28112674441275254,0.31658656386460254,True,2,1,4,1,True,2,,,2,2,2,1191,,,,,,,,,10,0.8,2.880624065692391e-06,8.728472066280069e-07,1.2993835785590243e-06,1.0514520362127426e-06,3.4429357128255027e-06,False,0.06874323835620669,0.0,0.06874323835620669,0.3830428026051469,0.3830428026051469,-0.7425884869626166,1.2683185882825807,3.140290796624407,1.82302805352997,0.5805284196895388,0.02217241517317368,0.31658656386460254,0.29441414869142885,0.02217241517317368,0.31658656386460254,0.29441414869142885,0.018658407058587095,0.02871294243481308,0.010054535376225984,0.2217238723916639,2.9922770722495193,2.770553199857855,17.644600435235578,17.644042625223246,17.644052081330603,4.867643248308127,0.24924689495406277,1,none,1.4839951525232946,2.7487333134174126,1.4839951525232946,10.12876243528759,10.655148946237325,0.5427579787716419,0.2785498654239537,2581,1.4839951525232946,0.0,1.0,0.0,,0,False,0,False,0.0006649340902337643,-0.000845148713021152,,0.0006649340902337643,-0.000845148713021152,,0.7197429727358085,0,False,False,False,False,False,0.000382987967660496,2972,1550,0
634,True,634,634,1,0.5640000000000004,0.001,0.001,0,0,0,False,False,,,none,1.0,3.1626873321833555,1.7156098980053156,0.9999544983667159,0.2839122541060982,0.31537280309069926,True,2,1,4,1,True,2,,,2,2,2,1342,,,,,,,,,10,0.8,2.987866998432803e-06,9.200120694053615e-07,1.3353629913622259e-06,1.0816982875586902e-06,3.567497289723239e-06,False,0.06846087748124938,0.0,0.06846087748124938,0.37765439066131534,0.37765439066131534,-0.7418929716681031,1.271559024341509,3.140290796624407,1.8116893466537236,0.5769177009343093,0.022361781243351902,0.31537280309069926,0.29301102184734734,0.022361781243351902,0.31537280309069926,0.29301102184734734,0.01864220487829246,0.028709464858340517,0.010067259980048059,0.2236174995716683,2.991210242926861,2.7675927433551926,17.7233593104121,17.722800075167978,17.722809632537032,4.948466554946688,0.24793800275703393,1,none,1.4759452532045763,2.7519252241273287,1.4759452532045763,10.294867870636148,10.912166669624577,0.5346207952753996,0.2705136931812195,2585,1.4759452532045763,0.0,1.0,0.0,,0,False,0,False,0.0008824426013775517,-0.00042433425002895507,,0.0008824426013775517,-0.00042433425002895507,,0.7173436589766704,0,False,False,False,False,False,0.0004737032453798455,2972,1550,0
635,True,635,635,1,0.5650000000000004,0.001,0.001,0,0,0,False,False,,,none,1.0,3.167390882325412,1.706248224380737,0.9999542699974833,0.2867163526429743,0.3141824366115421,True,2,1,4,1,True,2,,,2,2,2,924,,,,,,,,,10,0.8,3.0772188520716265e-06,9.671494080350516e-07,1.3657049917217128e-06,1.1056557990912965e-06,3.673183729611873e-06,False,0.0681530919340442,0.0,0.0681530919340442,0.3722326421289114,0.3722326421289114,-0.741206547594268,1.274859471409174,3.140290796624407,1.8003359666283119,0.5733023096343648,0.02255262317730256,0.3141824366115421,0.29162981343423955,0.02255262317730256,0.3141824366115421,0.29162981343423955,0.01862570264295413,0.02870603273797134,0.010080330095017211,0.22552588173915278,2.989873813919176,2.764347932180023,17.8023590073957,17.801798993822306,17.801808647491516,5.0301748681098735,0.24665952490185805,1,none,1.4663090419383495,2.7533061635542184,1.4663090419383495,10.38390935155998,11.053431927861267,0.5303024266367633,0.265312900374837,2587,1.4663090419383495,0.0,1.0,0.0,,0,False,0,False,0.0011755834000457927,-0.000487681986994944,,0.0011755834000457927,-0.000487681986994944,,0.7149341654315517,0,False,False,False,False,False,0.0002999074250874198,2972,1550,0
636,True,636,636,1,0.5660000000000004,0.001,0.001,0,0,0,False,False,,,none,1.0,3.172096103978858,1.6968400260287502,0.9999538869959136,0.2895384718961673,0.3130155255892664,True,2,1,4,1,True,2,,,2,2,2,1047,,,,,,,,,10,0.8,3.175858420300849e-06,1.0169701328084674e-06,1.4010739633260491e-06,1.1333838984897507e-06,3.7904976281335757e-06,False,0.06782130493327229,0.0,0.06782130493327229,0.3667490833139157,0.3667490833139157,-0.740529512130424,1.278209330465614,3.140290796624407,1.7889712627012158,0.5696833123302577,0.022744961434653037,0.3130155255892664,0.29027056415461333,0.022744961434653037,0.3130155255892664,0.29027056415461333,0.01860895334767193,0.02870264756065212,0.01009369421298019,0.22744922365943115,2.9883114570110028,2.7608622333515718,17.88159018068795,17.881030051791193,17.881039797692672,5.112762217667016,0.24540958611169547,1,none,1.4554606615007222,2.7533061635542184,1.4554606615007222,10.38390935155998,11.073128736107396,0.5303024266367633,0.26288155699928567,2587,1.4554606615007222,0.0,1.0,0.0,,0,False,0,False,0.0011817629592126154,-0.0004824868797737331,,0.0011817629592126154,-0.0004824868797737331,,0.712514836863286,0,False,False,False,False,False,8.07317103349979e-06,2972,1550,0
637,True,637,637,1,0.5670000000000004,0.001,0.001,0,0,0,False,False,,,none,1.0,3.1768031510042,1.6873878303796466,0.9999533407087715,0.2923759058972385,0.31187268527488693,True,2,1,4,1,True,2,,,2,2,2,963,,,,,,,,,10,0.8,3.285493890469456e-06,1.0692570033415542e-06,1.4397894655250166e-06,1.1641129854807373e-06,3.919940483158995e-06,False,0.06836671847963488,0.0,0.06836671847963488,0.36122525207445816,0.36122525207445816,-0.7398619176183626,1.281610869346911,3.140290796624407,1.7775980375810998,0.5660616015217105,0.022938812752011,0.31187268527488693,0.28893387252287595,0.022938812752011,0.31187268527488693,0.28893387252287595,0.018591945653265444,0.02869930958809181,0.010107363934826367,0.22938769268488746,2.9865084641377435,2.757120771452856,17.96104318271027,17.960483605504436,17.960493439591048,5.196196454565596,0.24418992617479846,1,none,1.4460627173436236,2.7550107454024793,1.4460627173436236,10.45777489317759,11.204036268390972,0.5268827783240553,0.2581324591787125,2589,1.4460627173436236,0.0,1.0,0.0,,0,False,0,False,0.0009833617636875883,5.95531565790791e-06,,0.0009833617636875883,5.95531565790791e-06,,0.7100883384799643,0,False,False,False,False,False,0.0005271990256666276,2972,1550,0
638,True,638,638,1,0.5680000000000004,0.001,0.001,0,0,0,False,False,,,none,1.0,3.1815121764140173,1.6778951482758777,0.9999526626953571,0.2952269668825573,0.31075558176127577,True,2,1,4,1,True,2,,,2,2,2,1094,,,,,,,,,10,0.8,3.409144114434439e-06,1.1245805293327124e-06,1.4825998242030181e-06,1.1931288772038663e-06,4.063078108562743e-06,False,0.0698211585849092,0.0,0.0698211585849092,0.3556641915581889,0.3556641915581889,-0.7392056064355713,1.2850763139189145,3.140290796624407,1.7662199891025798,0.5624383547540065,0.02313420722083772,0.31075558176127577,0.28762137454043807,0.02313420722083772,0.31075558176127577,0.28762137454043807,0.018574618430405428,0.028696028032177853,0.010121409601772425,0.23134158906590258,2.9844428984040534,2.7531013093381507,18.040708523703785,18.04015014036246,18.04016005757403,5.280475445823766,0.24299971525787545,1,none,1.4367262718953575,2.756805778604784,1.4367262718953575,10.54358929361398,11.349844734378436,0.5229349705938414,0.25317108833102264,2591,1.4367262718953575,0.0,1.0,0.0,,0,False,0,False,0.0009832465277861326,-4.2397911089819326e-05,,0.0009832465277861326,-4.2397911089819326e-05,,0.7076575525827994,0,False,False,False,False,False,4.835336406321807e-05,2972,1550,0
639,True,639,639,1,0.5690000000000004,0.001,0.001,0,0,0,False,False,,,none,1.0,3.186223332355657,1.6683647720194377,0.9999519115044326,0.2980887797854578,0.3096653106951716,True,2,1,4,1,True,2,,,2,2,2,1974,,,,,,,,,10,0.8,3.5545189356663767e-06,1.182702304623798e-06,1.5563070611672428e-06,1.2284149001000532e-06,4.2384530716760465e-06,False,0.07131035362260349,0.0,0.07131035362260349,0.35006190111644314,0.35006190111644314,-0.7385607863081322,1.2886110333113339,3.140290796624407,1.7548401866963785,0.5588145494623329,0.02333117731879782,0.3096653106951716,0.2863341333763738,0.02333117731879782,0.3096653106951716,0.2863341333763738,0.018556944833443327,0.028692803931540656,0.01013585909809733,0.2333112364867579,2.982126665943225,2.7488154294564673,18.120576267982866,18.120019716866164,18.1200297138964,5.3655700941608,0.24184019593102987,1,none,1.4275625600069113,2.7586768213368646,1.4275625600069113,10.51712554792384,11.328102535735823,0.5246066158982857,0.2520391310907539,2593,1.4275625600069113,0.0,1.0,0.0,,0,False,0,False,0.0008343987278754428,-0.0003923757285181296,,0.0008343987278754428,-0.0003923757285181296,,0.7052214036179585,0,False,False,False,False,False,0.0003803158427282992,2972,1550,0
640,True,640,640,1,0.5700000000000004,0.001,0.001,0,0,0,False,False,,,none,1.0,3.190936770482917,1.6588003496094732,0.9999512158459395,0.30096190348899654,0.3086045510027428,True,2,1,4,1,True,2,,,2,2,2,1187,,,,,,,,,10,0.8,3.7158403915816848e-06,1.2433418227695588e-06,1.6122821325086852e-06,1.2652359825027023e-06,4.421950301641142e-06,False,0.07283304877317778,0.0,0.07283304877317778,0.34441703045372685,0.34441703045372685,-0.7379292127812659,1.292211495022542,3.140290796624407,1.7434624952455144,0.555191416387175,0.0235297732928129,0.3086045510027428,0.2850747777099299,0.0235297732928129,0.3086045510027428,0.2850747777099299,0.01853894252488729,0.028689646063906324,0.010150703539019035,0.235297136024733,2.9795774041563057,2.7442802681315728,18.200636510382957,18.20008240565137,18.20009247850576,5.451474454835693,0.24071114411903674,1,none,1.417785770658098,2.759833872922146,1.417785770658098,10.45736315509609,11.256132178524249,0.527825959946169,0.25191349002868213,2594,1.417785770658098,0.0,1.0,0.0,,0,False,0,False,0.0004296255708430119,-0.0006988025936422011,,0.0004296255708430119,-0.0006988025936422011,,0.7027803419621445,0,False,False,False,False,False,0.0005076797537067703,2972,1550,0
641,True,641,641,1,0.5710000000000004,0.001,0.001,0,0,0,False,False,,,none,1.0,3.1956526402924577,1.649206592986416,0.9999508978034903,0.3038456062346584,0.3075792201975491,True,2,1,4,1,True,2,,,2,2,2,1426,,,,,,,,,10,0.8,3.864636871328418e-06,1.3049577322896363e-06,1.655056310526664e-06,1.2918654629200713e-06,4.587642160804767e-06,False,0.0743921480541753,0.0,0.0743921480541753,0.33873451343501565,0.33873451343501565,-0.7373109535221731,1.2958778893570337,3.140290796624407,1.732091642540598,0.5515704610549047,0.02373008815267974,0.3075792201975491,0.28384913204486933,0.02373008815267974,0.3075792201975491,0.28384913204486933,0.01852061055321483,0.028686554767610863,0.010165944214396032,0.23730021619786568,2.9768132879036004,2.7395130717057348,18.28087834873968,18.280327272197066,18.280337415403086,5.5381945801173975,0.23960766559062344,1,none,1.40693588226766,2.759833872922146,1.40693588226766,10.45736315509609,11.278125603245519,0.527825959946169,0.2494981758072963,2594,1.40693588226766,0.0,1.0,0.0,,0,False,0,False,0.00043235851020492137,-0.0006967126526737985,,0.00043235851020492137,-0.0006967126526737985,,0.7003368998484976,0,False,False,False,False,False,3.4404666554526927e-06,2972,1550,0
642,True,642,642,1,0.5720000000000004,0.001,0.001,0,0,0,False,False,,,none,1.0,3.2003710892699795,1.6395868063754873,0.9999508290243125,0.3067405463721544,0.3065833936864399,True,2,1,4,1,True,2,,,2,2,2,1779,,,,,,,,,10,0.8,4.025826419803601e-06,1.3686038163998897e-06,1.7123358280163836e-06,1.3194616594640573e-06,4.770055327494349e-06,False,0.07598832026890087,0.0,0.07598832026890087,0.3329973931828368,0.3329973931828368,-0.7367007060135409,1.2996142040882739,3.140290796624407,1.7207311328816808,0.5479527993813014,0.023932225054995974,0.3065833936864399,0.2826511686314439,0.023932225054995974,0.3065833936864399,0.2826511686314439,0.01850192897955863,0.028683503530067704,0.010181574550509075,0.23915727169182124,2.9738460033864302,2.734688731694609,18.36129032925654,18.360742834302076,18.36075304296873,5.625693984660716,0.23852926502174898,1,none,1.3973141579663728,2.7611335303038222,1.3973141579663728,10.38937172592195,11.197086141930445,0.531530414570627,0.24958531894003408,2595,1.3973141579663728,0.0,1.0,0.0,,0,False,0,False,0.0003669978744776769,-0.00011539524733889668,,0.0003669978744776769,-0.00011539524733889668,,0.6978895261808148,0,False,False,False,False,False,0.0005849802889396976,2972,1550,0
643,True,643,643,1,0.5730000000000004,0.001,0.001,0,0,0,False,False,,,none,1.0,3.2050922626035487,1.629945056165599,0.999951013812949,0.30964593223566006,0.3056129357416255,True,2,1,4,1,True,2,,,2,2,2,1798,,,,,,,,,10,0.8,4.20653377760588e-06,1.434909697209319e-06,1.7610943165377042e-06,1.3487396677947758e-06,4.967337732076318e-06,False,0.07762089490296542,0.0,0.07762089490296542,0.3271949940478359,0.3271949940478359,-0.7360973543748692,1.303433673037989,3.140290796624407,1.7093851156013493,0.5443397526874959,0.024136325656421185,0.3056129357416255,0.2814766100852043,0.024136325656421185,0.3056129357416255,0.2814766100852043,0.018482831634810057,0.028680486771874344,0.010197655137064287,0.23650753946515843,2.9706751221849803,2.734167582719822,18.441860957279673,18.441317579590258,18.44132784886302,5.713967260684658,0.23747247389492077,1,none,1.390767981122005,2.7657605102615856,1.390767981122005,10.182689174790344,10.889384769045618,0.5432279160811233,0.25543554766756515,2599,1.390767981122005,0.0,1.0,0.0,,0,False,0,False,-0.0007238274711381112,-0.00026738433390118715,,-0.0007238274711381112,-0.00026738433390118715,,0.6954401905878023,0,False,False,False,False,False,0.0011013630723207687,2972,1550,0
644,True,644,644,1,0.5740000000000004,0.001,0.001,0,0,0,False,False,,,none,1.0,3.2098162996794652,1.6202843792472073,0.9999514453016802,0.3125650378662475,0.3046589379209981,True,2,1,4,1,True,2,,,2,2,2,1164,,,,,,,,,11,0.8,2.6135040843130698e-06,8.238374851652083e-07,1.2397623568021296e-06,7.945156551471382e-07,3.1108483775815703e-06,False,0.07928882232544035,0.0,0.07928882232544035,0.321353677219756,0.321353677219756,-0.7355006392547122,1.3073321478024031,3.140290796624407,1.6980570154152372,0.5407324115462586,0.02434234487787486,0.3046589379209981,0.28031659304312323,0.02434234487787486,0.3046589379209981,0.28031659304312323,0.018463339260987983,0.028677503196273563,0.01021416393528558,0.2338373287792536,2.9672954476738305,2.733458118894577,18.52257783726208,18.5220392176188,18.52204947624644,5.802983058537054,0.2364365879887003,1,none,1.3806117659025126,2.7665351035925325,1.3806117659025126,10.216308171645483,10.962699247525004,0.54159194439158,0.2518744215689775,2600,1.3806117659025126,0.0,1.0,0.0,,0,False,0,False,-0.0009882769073145828,-9.472762226651128e-05,,-0.0009882769073145828,-9.472762226651128e-05,,0.6929908895272071,0,False,False,False,False,False,0.00031582248869666224,2972,1550,0
645,True,645,645,1,0.5750000000000004,0.001,0.001,0,0,0,False,False,,,none,1.0,3.214543349165109,1.6106094179369235,0.9999523478156622,0.3154974004786621,0.3037204233116785,True,2,1,4,1,True,2,,,2,2,2,1528,,,,,,,,,11,0.8,2.717831976410706e-06,8.62783529344137e-07,1.263868053815613e-06,8.087888440133057e-07,3.222189926457485e-06,False,0.0809902223820507,0.0,0.0809902223820507,0.31548349975654777,0.31548349975654777,-0.7349127451280186,1.3113096929179748,3.140290796624407,1.686751579992746,0.5371322878142005,0.02455071702393359,0.3037204233116785,0.2791697062877449,0.02455071702393359,0.3037204233116785,0.2791697062877449,0.01844345153541013,0.028674563725640093,0.010231112190229964,0.23114380456384798,2.963719975057611,2.732576170493763,18.603429781914222,18.602896222555817,18.602906529667848,5.892651328088066,0.2354259657341025,1,none,1.371078080175603,2.7679914813674746,1.371078080175603,10.221308529893932,10.995165819319501,0.5416119615745908,0.24939652620181404,2602,1.371078080175603,0.0,1.0,0.0,,0,False,0,False,-0.0007087568289798736,-0.00012006112470605387,,-0.0007087568289798736,-0.00012006112470605387,,0.6905441173095095,0,False,False,False,False,False,0.00028066574521679033,2972,1550,0
646,True,646,646,1,0.5760000000000004,0.001,0.001,0,0,0,False,False,,,none,1.0,3.21927355581688,1.6009243624727751,0.9999534556608008,0.3184430167037462,0.30280201035862925,True,2,1,4,1,True,2,,,2,2,2,1575,,,,,,,,,11,0.8,2.8379708939574153e-06,9.034215064794461e-07,1.2865615221135846e-06,8.281479709522233e-07,3.34833075207551e-06,False,0.08272581286808106,0.0,0.08272581286808106,0.3095834979101319,0.3095834979101319,-0.7343375532337792,1.3153646870684594,3.140290796624407,1.675473284324811,0.5335408065156984,0.024761655852598305,0.30280201035862925,0.27804035450603093,0.024761655852598305,0.30280201035862925,0.27804035450603093,0.018423176564657705,0.028671687766168893,0.010248511201511188,0.22842809762499283,2.959969477107637,2.7315413794826444,18.684404453411062,18.68387636532914,18.6838867152334,5.982969648020378,0.2344381393090241,1,none,1.3636596109285541,2.771594118534745,1.3636596109285541,10.049598017781584,10.740432396708329,0.5515830809611956,0.253930113902394,2605,1.3636596109285541,0.0,1.0,0.0,,0,False,0,False,-0.0006672416463317812,-0.000509423651504372,,-0.0006672416463317812,-0.000509423651504372,,0.6880993895599884,0,False,False,False,False,False,0.0003915695183043178,2972,1550,0
647,True,647,647,1,0.5770000000000004,0.001,0.001,0,0,0,False,False,,,none,1.0,3.224007064250366,1.5912331054401356,0.9999543643587198,0.3214015945757035,0.3019054646170641,True,2,1,4,1,True,2,,,2,2,2,1284,,,,,,,,,11,0.8,2.965034409512586e-06,9.430574772832317e-07,1.3293429395878412e-06,8.51512646399067e-07,3.4889845074266304e-06,False,0.08449506262253051,0.0,0.08449506262253051,0.30365862629999535,0.30365862629999535,-0.7337738847961638,1.3194981605487688,3.140290796624407,1.6642263487843019,0.5299593115940819,0.02497544174109178,0.3019054646170641,0.2769300228759723,0.02497544174109178,0.3019054646170641,0.2769300228759723,0.018402509197256157,0.02866886942398082,0.010266360226724662,0.22569275307878345,2.9560674765311012,2.730374723452318,18.76548897400116,18.76496673586922,18.76497712416142,6.07388061731883,0.23347376364016312,1,none,1.3548472031747159,2.7736961362582875,1.3548472031747159,10.025989010877375,10.711508388897085,0.5533012520259208,0.2529703854928724,2607,1.3548472031747159,0.0,1.0,0.0,,0,False,0,False,-0.0005639209257377278,0.0004121737220179388,,-0.0005639209257377278,0.0004121737220179388,,0.6858371059888451,0,False,False,False,False,False,0.0009273709560835385,2972,1550,0
648,True,648,648,1,0.5780000000000004,0.001,0.001,0,0,0,False,False,,,none,1.0,3.228744020109546,1.581539324402834,0.9999551272317585,0.3243730353282855,0.30103556433238926,True,2,1,4,1,True,2,,,2,2,2,1276,,,,,,,,,11,0.8,3.1175422778144134e-06,9.839690152235497e-07,1.3917901811618862e-06,8.854972795217078e-07,3.661755073362945e-06,False,0.08629550559815355,0.0,0.08629550559815355,0.2977000604348818,0.2977000604348818,-0.7332210054082721,1.3237121696428338,3.140290796624407,1.6530148517284715,0.5263891017689657,0.025192400983272824,0.30103556433238926,0.27584316334911646,0.025192400983272824,0.30103556433238926,0.27584316334911646,0.018381439151785826,0.028666105027041356,0.01028466587525553,0.22294036439889905,2.952049494659237,2.729109130260338,18.846670772736115,18.846154731852707,18.846165155447917,6.165334283748975,0.23253557308372272,1,none,1.3482471758438153,2.7781779738003416,1.3482471758438153,9.810986311663864,10.39500549251404,0.5663401997610544,0.2594028789719746,2611,1.3482471758438153,0.0,1.0,0.0,,0,False,0,False,-0.0012403890396831868,0.0014998261446247314,,-0.0012403890396831868,0.0014998261446247314,,0.6834421625514003,0,False,False,False,False,False,0.0012808578772008047,2972,1550,0
649,True,649,649,1,0.5790000000000004,0.001,0.001,0,0,0,False,False,,,none,1.0,3.2334845700615134,1.5718476826580874,0.9999556675194253,0.32735984308788396,0.30019498008935286,True,2,1,4,1,True,2,,,2,2,2,1872,,,,,,,,,11,0.8,3.2647886499757314e-06,1.023570200465118e-06,1.4536327679199912e-06,9.151251603327197e-07,3.8284517977029935e-06,False,0.08812577388189632,0.0,0.08812577388189632,0.2916678060905364,0.2916678060905364,-0.7326781646870928,1.3280327800186047,3.140290796624407,1.6418437974858877,0.5228317706279797,0.025412929629821928,0.30019498008935286,0.2747820504595309,0.025412929629821928,0.30019498008935286,0.2747820504595309,0.018359836099906976,0.028663390823435463,0.010303554723528487,0.22017156852615205,2.9479212364832907,2.7277496679571387,18.92793662934756,18.927427079959838,18.92743753534697,6.257296278745701,0.2316236794193196,1,none,1.3407850478081105,2.7816583181175925,1.3407850478081105,9.650423475007365,10.15306491577658,0.5764841978844808,0.2641143455558331,2614,1.3407850478081105,0.0,1.0,0.0,,0,False,0,False,-0.0011975828412820735,0.0012114228040749418,,-0.0011975828412820735,0.0012114228040749418,,0.6810645165203107,0,False,False,False,False,False,0.0002915627847682783,2972,1550,0
650,True,650,650,1,0.5800000000000004,0.001,0.001,0,0,0,False,False,,,none,1.0,3.238228860540686,1.5621630306689502,0.9999561969220383,0.3303625834851176,0.29938444157468164,True,2,1,4,1,True,2,,,2,2,2,1466,,,,,,,,,11,0.8,3.4128574442724983e-06,1.0624888860494734e-06,1.5130742627958647e-06,9.44376100563463e-07,3.9947113177244185e-06,False,0.089983225677705,0.0,0.089983225677705,0.2856083754350908,0.2856083754350908,-0.732144193013535,1.3324798670779299,3.140290796624407,1.6307182475547448,0.5192889299639551,0.025637515730140045,0.29938444157468164,0.2737469258445416,0.025637515730140045,0.29938444157468164,0.2737469258445416,0.01833760066461035,0.028660720965067672,0.010323120300457324,0.21738905013038548,2.9437032522073325,2.726314202076947,19.009272776471523,19.00876996950886,19.008780454142865,6.349734336959115,0.23073668828332233,1,none,1.3331117221763535,2.784925387418334,1.3331117221763535,9.590729401895963,10.057754634474577,0.5807536154377978,0.26509131921092965,2617,1.3331117221763535,0.0,1.0,0.0,,0,False,0,False,-0.0017597633233464739,0.000804014185360108,,-0.0017597633233464739,0.000804014185360108,,0.6788305107593386,0,False,False,False,False,False,0.0006942828508736842,2972,1550,0
651,True,651,651,1,0.5810000000000004,0.001,0.001,0,0,0,False,False,,,none,1.0,3.242977038169439,1.5524898736784474,0.9999565602908632,0.3333800314359517,0.2985894691067465,True,2,1,4,1,True,2,,,2,2,2,2021,,,,,,,,,11,0.8,3.5523633029053585e-06,1.0989677562517733e-06,1.5714861236208987e-06,9.721545102483724e-07,4.152308778696379e-06,False,0.09186924874793004,0.0,0.09186924874793004,0.27951557894891405,0.27951557894891405,-0.7316197173316048,1.3370218068567115,3.140290796624407,1.6196430031348605,0.5157621086798279,0.02586672932359885,0.2985894691067465,0.27272273978314765,0.02586672932359885,0.2985894691067465,0.27272273978314765,0.01831489096571644,0.028658098586658024,0.010343207620941583,0.21459604541833352,2.9415598159893728,2.7269637705710394,19.090664630156326,19.090168762174947,19.090179273713062,6.4425904899605495,0.22987528308456365,1,none,1.326788649314843,2.7895534909219233,1.326788649314843,9.362853154097978,9.708292345734192,0.5958768005884997,0.27333100447842035,2621,1.326788649314843,0.0,1.0,0.0,,0,False,0,False,-0.002319019013177809,7.071591717700813e-05,,-0.002319019013177809,7.071591717700813e-05,,0.6765376700734876,0,False,False,False,False,False,0.0009222219237954908,2972,1550,0
652,True,652,652,1,0.5820000000000004,0.001,0.001,0,0,0,False,False,,,none,1.0,3.247729250378047,1.5428330854345713,0.9999566971316483,0.3364112149747417,0.29781080205712224,True,2,1,4,1,True,2,,,2,2,2,2218,,,,,,,,,11,0.8,3.6833774555790807e-06,1.1344958824288555e-06,1.6184373233532134e-06,1.001704012816279e-06,4.298499818126226e-06,False,0.0937841039647497,0.0,0.0937841039647497,0.27340997581104554,0.27340997581104554,-0.7311064833389675,1.3416604961278704,3.140290796624407,1.6086232134860294,0.512252946515395,0.02610124188054146,0.29781080205712224,0.27170956017658077,0.02610124188054146,0.29781080205712224,0.27170956017658077,0.018291697519360647,0.028655532416694836,0.010363834897334188,0.21179433505520762,2.939947978641858,2.7281536435866505,19.172097225440222,19.17160842853112,19.17161896364916,6.535807758195395,0.22904006793125714,1,none,1.3183162105575943,2.791761706045164,1.3183162105575943,9.338399153517653,9.661981766393218,0.5979101257400298,0.27288733148783756,2623,1.3183162105575943,0.0,1.0,0.0,,0,False,0,False,-0.0028550142217973573,0.0006175960247071514,,-0.0028550142217973573,0.0006175960247071514,,0.6760468649372545,0,False,False,False,False,False,0.0007657471617154674,2972,1550,0
653,True,653,653,1,0.5830000000000004,0.001,0.001,0,0,0,False,False,,,none,1.0,3.252485644629014,1.5331967979756067,0.999956743102396,0.3394611200138846,0.29705127252443847,True,2,1,4,1,True,2,,,2,2,2,2074,,,,,,,,,11,0.8,3.827990567455301e-06,1.1705972697165624e-06,1.6764830298198037e-06,1.0467584558610876e-06,4.46431499410437e-06,False,0.09572198908969395,0.0,0.09572198908969395,0.2672981754747904,0.2672981754747904,-0.7306062505017176,1.3463980187610938,3.140290796624407,1.5976633635959276,0.5087628716784139,0.02634184459347961,0.29705127252443847,0.27070942793095887,0.02634184459347961,0.29705127252443847,0.27070942793095887,0.018268009906194534,0.028653031252508586,0.010385021346314052,0.20898564491976898,2.9382570868334446,2.7292714419136757,19.25355497178153,19.25307335637868,19.253083914778404,6.629327705333009,0.22823143841915056,1,none,1.3097722307735522,2.793845533734585,1.3097722307735522,9.22586111508119,9.494476661632621,0.6056552334540534,0.2759019327661037,2625,1.3097722307735522,0.0,1.0,0.0,,0,False,0,False,-0.0032938661446167707,0.0014458952165497185,,-0.0032938661446167707,0.0014458952165497185,,0.673950174493262,0,False,False,False,False,False,0.0009373742909688456,2972,1550,0
654,True,654,654,1,0.5840000000000004,0.001,0.001,0,0,0,False,False,,,none,1.0,3.2572463675127263,1.5235856148950808,0.9999562799810833,0.3425364883672242,0.29631070667813625,True,2,1,4,1,True,2,,,2,2,2,2106,,,,,,,,,11,0.8,3.9834810561075545e-06,1.2135309503148002e-06,1.757764084385474e-06,1.1015685736908574e-06,4.65230766293874e-06,False,0.09768661405381249,0.0,0.09768661405381249,0.26118203420146296,0.26118203420146296,-0.730119922811535,1.351236762608615,3.140290796624407,1.5867682857379195,0.5052934229669381,0.026589476567018384,0.29631070667813625,0.26972123011111787,0.026589476567018384,0.29631070667813625,0.26972123011111787,0.018243816186956925,0.028650599614057675,0.01040678342710075,0.20616822678260127,2.9364853137268105,2.7303170869442095,19.335021372067445,19.33454700764788,19.334557589583948,6.723114312467104,0.22744649728624228,1,none,1.3029939475005623,2.7978382935836033,1.3029939475005623,9.026773103342094,9.192704553884711,0.6198977777668356,0.2834843521539991,2629,1.3029939475005623,0.0,1.0,0.0,,0,False,0,False,-0.003215904762845559,0.0012405402810612921,,-0.003215904762845559,0.0012405402810612921,,0.6719204321003542,0,False,False,False,False,False,0.000219655700078856,2972,1550,0
655,True,655,655,1,0.5850000000000004,0.001,0.001,0,0,0,False,False,,,none,1.0,3.2620115660288107,1.5140029863207116,0.999955312174525,0.345650167173285,0.29558916721379075,True,2,1,4,1,True,2,,,2,2,2,3269,,,,,,,,,11,0.8,4.117060860713264e-06,1.4432489148167788e-06,1.8331571792037454e-06,1.1623971526830418e-06,4.872862602738634e-06,False,0.09967591769254366,0.0,0.09967591769254366,0.25503264752776417,0.25503264752776417,-0.7296489971568498,1.3562334516976853,3.140290796624407,1.5759418656921622,0.5018458377759759,0.026845198900276805,0.29558916721379075,0.26874396831351394,0.026845198900276805,0.29558916721379075,0.26874396831351394,0.01821883274151157,0.02864824498578425,0.010429412244272677,0.203344119875417,2.934642756225999,2.731298636350582,19.416479022864458,19.41601192042798,19.41602252468509,6.81708420431582,0.22668657554863642,1,none,1.2946690172616295,2.800028817766611,1.2946690172616295,8.918856371822375,9.025441432174256,0.6278896533445321,0.28689322887772367,2631,1.2946690172616295,0.0,1.0,0.0,,0,False,0,False,-0.0033480308766565088,0.0002957320764952122,,-0.0033480308766565088,0.0002957320764952122,,0.6699780049413003,0,False,False,False,False,False,0.0009540020195818054,2972,1550,0
656,True,656,656,1,0.5860000000000004,0.001,0.001,0,0,0,False,False,,,none,1.0,3.266781383772986,1.5044524968590745,0.9999542971602055,0.3488211686139532,0.2948863820721674,True,2,2,4,1,True,2,,,2,2,2,4049,,,,,,,,,12,0.8,2.710976467560648e-06,1.0439625879469398e-06,1.3894960689794489e-06,7.865785671968863e-07,3.3149142463694788e-06,False,0.10168902986747821,0.0,0.10168902986747821,0.24883560178654582,0.24883560178654582,-0.729195917726682,1.3613509941860267,3.140290796624407,1.565188093897187,0.49842138682814174,0.027110008415910266,0.2948863820721674,0.2677763736562571,0.027110008415910266,0.2948863820721674,0.2677763736562571,0.01819324502906987,0.028645979588633408,0.01045273455956354,0.2005139713487753,2.932744030772445,2.73223005942367,19.49790952365534,19.497449736752532,19.497460324896004,6.911197665835493,0.2259480958096248,1,none,1.288768176068906,2.8049097099893423,1.288768176068906,8.757027835954984,8.756380493215811,0.6406076953353562,0.29436093533564606,2636,1.288768176068906,0.0,1.0,0.0,,0,False,0,False,-0.0024583495509912117,-0.00013103573765557724,,-0.0024583495509912117,-0.00013103573765557724,,0.6681517505534463,0,False,False,False,False,False,0.000986743952822921,2972,1550,0
657,True,657,657,1,0.5870000000000004,0.001,0.001,0,0,0,False,False,,,none,1.0,3.2715559721696925,1.4949353342075655,0.9999536996471419,0.3521081318750685,0.2942042709315109,True,2,1,4,1,True,2,,,2,2,2,2771,,,,,,,,,12,0.8,2.781909292658526e-06,1.064677713926162e-06,1.4225602987830586e-06,8.229446178984271e-07,3.4019808340013666e-06,False,0.10372134247363515,0.0,0.10372134247363515,0.24264622790954335,0.24264622790954335,-0.728761470655345,1.366585742226176,3.140290796624407,1.5545088898612744,0.49502068137519706,0.027385625616786438,0.2942042709315109,0.2668186453147245,0.027385625616786438,0.2942042709315109,0.2668186453147245,0.018167071288869123,0.02864380735327672,0.010476736064407598,0.19768103098774675,2.9308149792429194,2.7331339482551726,19.57929436093383,19.57884171841095,19.578852328181327,7.00529392194139,0.22523875456345444,1,none,1.281369070775853,2.8080118291358485,1.281369070775853,8.610177870307721,8.525374393152413,0.652254081491,0.3006012432263502,2639,1.281369070775853,0.0,1.0,0.0,,0,False,0,False,-0.0028522619800846597,0.0011098209123442384,,-0.0028522619800846597,0.0011098209123442384,,0.6664798433482161,0,False,False,False,False,False,0.0013018802662468872,2972,1550,0
658,True,658,658,1,0.5880000000000004,0.001,0.001,0,0,0,False,False,,,none,1.0,3.27633548379847,1.4854498481206464,0.9999539206916739,0.3555352248679949,0.29353935593374714,True,2,1,4,1,True,2,,,2,2,2,8745,,,,,,,,,12,0.8,2.902732399800919e-06,2.0553527296375145e-06,1.4968866978332663e-06,8.885044214433776e-07,3.959853547943029e-06,False,0.10577173207023893,0.0,0.10577173207023893,0.2364659690344383,0.2364659690344383,-0.7283474751001108,1.3719432542806378,3.140290796624407,1.5439040276930858,0.49164364948388684,0.027673599062401286,0.29353935593374714,0.26586575687134584,0.027673599062401286,0.29353935593374714,0.26586575687134584,0.01814028372859681,0.02864173737550055,0.01050145364690374,0.19484163421186268,2.9288837936002765,2.7340421593884137,19.660614100970033,19.660168481712066,19.660179114063084,7.099290579579102,0.2245591150619924,1,none,1.2749758284826842,2.812149778294157,1.2749758284826842,8.412806952860251,8.199005621296067,0.6685401897491682,0.3110074287962596,2643,1.2749758284826842,0.0,1.0,0.0,,0,False,0,False,-0.00259755154341606,0.000855355415326477,,-0.00259755154341606,0.000855355415326477,,0.6650280040793125,0,False,False,False,False,False,0.0003600417971852783,2972,1550,0
658,False,659,659,1,0.5880000000000004,0.001,0.001,0,0,0,False,False,,,failed;retry_reduce,1.0,3.2811208085082324,1.4767939950946152,0.9999549505112849,0.35879267670254844,0.2930304090228175,True,2,0,4,1,False,0,,,-3,0,-3,10000,,,,,,,,,5,0.8,0.0,0.0,0.0,0.0,0.0,True,0.10763033764525182,0.0,0.10763033764525182,0.23114704734111427,0.23114704734111427,-0.7279003089731191,1.377205133514791,3.140290796624407,1.5340921769534779,0.4885191456162339,0.027971469609555127,0.2930304090228175,0.2650589394132624,0.027971469609555127,0.2930304090228175,0.2650589394132624,0.018113974332426046,0.028639501544865595,0.010525527212439548,0.19231070355992463,2.92836749536669,2.7360567918067655,19.741980119627556,19.741406689626466,19.741483685132945,7.180294011637944,0.2240440941379608,1,none,1.268218674148336,2.815002645484334,1.268218674148336,8.282929671250582,7.981241634757946,0.6797118307680419,0.3177998442310783,2646,1.268218674148336,0.0,1.0,0.0,,0,False,0,False,-0.0021439276938411823,0.00013415581606711325,,-0.0021439276938411823,0.00013415581606711325,,0.6637614683000908,0,False,False,False,False,False,,2972,1550,0
658,False,659,660,2,0.5880000000000004,0.0005,0.001,1,0,0,False,False,,,failed;retry_reduce,1.0,3.2787262964612713,1.480595342742695,0.9999543515320896,0.3573228446098234,0.29316719146845294,True,2,1,4,1,False,1,,,-3,1,-3,10000,,,,,,,,,10,0.8,2.5420140669058924e-06,1.7442878485555155e-06,9.997910740234143e-07,1.0952198186444447e-06,3.4210326303346372e-06,True,0.10683302320417548,0.0,0.10683302320417548,0.23328194728378693,0.23328194728378693,-0.7281711776739954,1.3747058847499127,3.140290796624407,1.5384990555344324,0.4899224801691013,0.027822278252580365,0.29316719146845294,0.26534491321587256,0.027822278252580365,0.29316719146845294,0.26534491321587256,0.018126470576250442,0.028640855888369975,0.010514385312119533,0.19336131833532172,2.9284936067040137,2.735132288368692,19.70122634246276,19.700785037904236,19.700795709591965,7.147706104205352,0.22400143322378585,1,none,1.270604587112756,2.8130619699187784,1.270604587112756,8.377987691341154,8.143536845661016,0.6715364294044365,0.3120522719289349,2644,1.270604587112756,0.0,1.0,0.0,,0,False,0,False,-0.0022033264774639063,0.0008804952624547075,,-0.0022033264774639063,0.0008804952624547075,,0.6643713323824686,0,False,False,False,False,False,,2972,1550,0
659,True,659,661,3,0.5882500000000004,0.00025,0.001,2,1,8,False,False,,,retry_reduce,1.0,3.2775305750600188,1.4829409705245307,0.9999538866339871,0.35642767745342113,0.2933373564930595,True,2,1,4,1,True,2,,,2,2,2,2988,,,,,,,,,8,0.8,3.0705835045326513e-06,1.9260720833589985e-06,7.039870613383411e-07,1.5121937608162381e-06,3.990058205262956e-06,False,0.1063208726815309,0.0,0.1063208726815309,0.234832667005376,0.234832667005376,-0.7283012882403721,1.3733301930012942,3.140290796624407,1.5411199255428378,0.49075707485416126,0.027747531004593866,0.2933373564930595,0.2655898254884656,0.027747531004593866,0.2933373564930595,0.2655898254884656,0.01813334903499353,0.02864150644120186,0.010508157406208331,0.1940852679040218,2.928556106994423,2.734470839090401,19.680916403550963,19.6804734024013,19.68048412692862,7.124595038989054,0.22413521798001257,1,none,1.2731006986757019,2.8130619699187784,1.2731006986757019,8.377987691341154,8.141889446552415,0.6715364294044365,0.31272856430512724,2644,1.2731006986757019,0.0,1.0,0.0,,0,False,0,False,-0.002201739241777823,0.0008771470698323896,,-0.002201739241777823,0.0008771470698323896,,0.6646728151306488,0,False,False,False,False,False,0.00039641172325533447,2972,1550,0
660,True,660,662,1,0.5885000000000004,0.00025,0.001,0,2,8,False,False,,,reduced_hold,1.0,3.2787259067737065,1.4805058295879072,0.9999540674867464,0.35732520834678466,0.2931289935020714,True,2,1,4,1,True,2,,,2,2,2,6500,,,,,,,,,8,0.8,2.655768939209836e-06,2.4535466946562617e-06,6.126323962981679e-07,1.3218106749174736e-06,3.898140833095981e-06,False,0.10685434065387595,0.0,0.10685434065387595,0.23321415252602062,0.23321415252602062,-0.728186140646755,1.374729385345282,3.140290796624407,1.5384060432024442,0.4898928611503505,0.02782211863490299,0.2931289935020714,0.2653068748671684,0.02782211863490299,0.2931289935020714,0.2653068748671684,0.018126353073273593,0.028640930703233775,0.010514577629960182,0.19331773174081363,2.928527930328668,2.7352101985878545,19.70121612561424,19.700775444785688,19.700786155706677,7.148774315377882,0.22382962864099015,1,none,1.2705006487455939,2.8130619699187784,1.2705006487455939,8.377987691341154,8.144406196432566,0.6715364294044365,0.3119934389574287,2644,1.2705006487455939,0.0,1.0,0.0,,0,False,0,False,-0.0022037771200818265,0.0008806341157689085,,-0.0022037771200818265,0.0008806341157689085,,0.6643455371751361,0,False,False,False,False,False,4.038865848888926e-06,2972,1550,0
661,True,661,663,1,0.5887500000000003,0.00025,0.001,0,3,8,False,False,,,reduced_hold,1.0,3.2799214962111076,1.4780901894590663,0.9999544431155507,0.3582385834692261,0.29292841894791716,True,2,1,4,1,True,2,,,2,2,2,4510,,,,,,,,,8,0.8,2.491102021256989e-06,1.950065923908356e-06,5.787755862541953e-07,1.2438372693758135e-06,3.448254445343524e-06,False,0.10738539615264961,0.0,0.10738539615264961,0.23160306981795925,0.23160306981795925,-0.7280697887373797,1.3761384777013883,3.140290796624407,1.5357138512510342,0.48903555457406017,0.027897591981349303,0.29292841894791716,0.2650308269665679,0.027897591981349303,0.29292841894791716,0.2650308269665679,0.01811930761149306,0.0286403489436869,0.01052104133219384,0.19255445207091287,2.9284869097862685,2.7359324577153554,19.721511273810023,19.72107271282161,19.721083419444778,7.172716770350666,0.22356481533802808,1,none,1.2696615145174976,2.815002645484334,1.2696615145174976,8.282929671250582,7.985224541638985,0.6797118307680419,0.3180027081009038,2646,1.2696615145174976,0.0,1.0,0.0,,0,False,0,False,-0.002146786988221495,0.00013146566253254775,,-0.002146786988221495,0.00013146566253254775,,0.6640396272654097,0,False,False,False,False,False,0.0007513329797460105,2972,1550,0
661,False,662,664,1,0.5887500000000003,0.00025,0.001,0,0,0,False,False,,,failed;retry_reduce,1.0,3.2811173576385793,1.4756929508480208,0.9999550188604376,0.359160592105681,0.29273954486351195,True,2,1,4,1,False,0,,,-3,0,-3,10000,,,,,,,,,7,0.8,4.423483300654484e-06,0.0,0.0,0.0,4.423483300654484e-06,True,0.10791295239833054,0.0,0.10791295239833054,0.23000370169876208,0.23000370169876208,-0.7279573019902629,1.3775543184948016,3.140290796624407,1.533042151213559,0.4881847734806828,0.027974106773981263,0.29273954486351195,0.2647654380895307,0.027974106773981263,0.29273954486351195,0.2647654380895307,0.018112228407525993,0.028639786509951318,0.010527558102425325,0.19179994841838416,2.928439365716055,2.7366394172976705,19.741802434399446,19.74136408343463,19.741375663847695,7.1963644409179945,0.2233259807090378,1,none,1.268904507638636,2.8170145945047755,1.268904507638636,8.185076220862712,7.821938230261415,0.6883294714652909,0.324447590938398,2648,1.268904507638636,0.0,1.0,0.0,,0,False,0,False,-0.003025810052254936,0.00012817737897103437,,-0.003025810052254936,0.00012817737897103437,,0.6637502583592095,0,False,False,False,False,False,,2972,1550,0
662,True,662,665,2,0.5888750000000004,0.000125,0.001,1,4,16,False,False,,,retry_reduce,1.0,3.2805193512288797,1.4768656773405402,0.9999546381644574,0.35870515675820364,0.2928233420229971,True,2,1,4,1,True,2,,,2,2,2,5040,,,,,,,,,7,0.8,1.954454202972668e-06,1.6833454852850475e-06,3.539537643125621e-07,1.0210893501336186e-06,2.79668553516022e-06,False,0.10765629683108224,0.0,0.10765629683108224,0.2307893419565067,0.2307893419565067,-0.7280239927292574,1.376849051671292,3.140290796624407,1.5343526397630058,0.48860208787425913,0.0279357049983732,0.2928233420229971,0.26488763702462387,0.0279357049983732,0.2928233420229971,0.26488763702462387,0.018115754741643543,0.028640119963646283,0.01052436522200274,0.1921671884079752,2.9284715430817543,2.736304354673779,19.731655457660658,19.7312180798482,19.7312287827117,7.184951753029764,0.2234028325679896,1,none,1.2683560845113928,2.815002645484334,1.2683560845113928,8.282929671250582,7.986471568520582,0.6797118307680419,0.3176261440686112,2646,1.2683560845113928,0.0,1.0,0.0,,0,False,0,False,-0.0021478620689217207,0.00013301660441768882,,-0.0021478620689217207,0.00013301660441768882,,0.6638917233827543,0,False,False,False,False,False,1.8871192975227431e-06,2972,1550,0
663,True,663,666,1,0.5890000000000004,0.000125,0.001,0,5,16,False,False,,,reduced_hold,1.0,3.2811172695788295,1.4756551177153314,0.9999549004886581,0.35917480778970595,0.29271901852265747,True,2,1,4,1,True,2,,,2,2,2,3943,,,,,,,,,7,0.8,1.7938849402397648e-06,1.495722711042156e-06,3.358161634435294e-07,9.447598855372308e-07,2.5417618582582776e-06,False,0.107923964650045,0.0,0.107923964650045,0.22997829396292738,0.22997829396292738,-0.7279673425511507,1.3775618575336712,3.140290796624407,1.5330050275480003,0.4881729517520713,0.02797399801975887,0.29271901852265747,0.2647450205028986,0.02797399801975887,0.29271901852265747,0.2647450205028986,0.018112190712331645,0.028639836712755752,0.010527646000424107,0.19177996454022941,2.9284515474494106,2.736671582909181,19.741798322651395,19.741362028024987,19.7413727259356,7.1969680881889575,0.223263783021711,1,none,1.2688627524720468,2.8170145945047755,1.2688627524720468,8.185076220862712,7.822341522932599,0.6883294714652909,0.32442018767709074,2648,1.2688627524720468,0.0,1.0,0.0,,0,False,0,False,-0.0030261534763485294,0.00012824897353977998,,-0.0030261534763485294,0.00012824897353977998,,0.663751575089832,0,False,False,False,False,False,0.0008783043474012596,2972,1550,0
664,True,664,667,1,0.5891250000000005,0.000125,0.001,0,6,16,False,False,,,reduced_hold,1.0,3.2817152533984846,1.4744490190436652,0.9999552273114691,0.35964912399239346,0.292617196929042,True,2,1,4,1,True,2,,,2,2,2,4492,,,,,,,,,7,0.8,1.7587863708661965e-06,1.777777543607034e-06,3.3828610997348577e-07,9.310429648017484e-07,2.689814303517246e-06,False,0.10819085693268948,0.0,0.10819085693268948,0.22916653427331118,0.22916653427331118,-0.7279105155963868,1.3782765567806448,3.140290796624407,1.5316625106958095,0.4877454382066271,0.028012525723093224,0.292617196929042,0.26460467120594877,0.028012525723093224,0.292617196929042,0.26460467120594877,0.018108617216096776,0.028639552577981932,0.010530935361885155,0.19139464053439476,2.92842862985617,2.7370339893217754,19.75193974491072,19.75150448072131,19.751515177587418,7.208924650870477,0.22313467762133574,1,none,1.2683604573124883,2.8178937665805748,1.2683604573124883,8.144178280458792,7.752169096008952,0.6920019846181049,0.3272272422348161,2649,1.2683604573124883,0.0,1.0,0.0,,0,False,0,False,-0.003166834424152231,-0.00023191025336362136,,-0.003166834424152231,-0.00023191025336362136,,0.6636177948460648,0,False,False,False,False,False,0.00038665979594289804,2972,1550,0
665,True,665,668,1,0.5892500000000005,0.000125,0.001,0,7,16,False,False,,,reduced_hold,1.0,3.2823133044445307,1.4732460807162324,0.9999556094865139,0.3601285550267375,0.29251694369320497,True,2,1,4,1,True,2,,,2,2,2,5877,,,,,,,,,7,0.8,1.7421944166719278e-06,2.5048628943358937e-06,3.312656104322307e-07,9.247848117052543e-07,3.205392855410923e-06,False,0.10845738328326507,0.0,0.10845738328326507,0.22835719157169576,0.22835719157169576,-0.7278546681327209,1.3789928210539182,3.140290796624407,1.5303239596948333,0.48731918755416676,0.028051301821400077,0.29251694369320497,0.2644656418718049,0.028051301821400077,0.29251694369320497,0.2644656418718049,0.018105035894730413,0.028639273340663605,0.010534237445933192,0.19101086305118442,2.9284036281776644,2.73739276512648,19.76207958398706,19.761645323104595,19.761656017915367,7.22085167288673,0.22301197407605267,1,none,1.2670799027661235,2.8178937665805748,1.2670799027661235,8.144178280458792,7.753015938032077,0.6920019846181049,0.32686116290578454,2649,1.2670799027661235,0.0,1.0,0.0,,0,False,0,False,-0.0031680859484434333,-0.0002306732224714351,,-0.0031680859484434333,-0.0002306732224714351,,0.6634913375900381,0,False,False,False,False,False,1.759704088673038e-06,2972,1550,0
665,False,666,669,1,0.5892500000000005,0.000125,0.001,0,0,0,False,False,,,failed;retry_reduce,1.0,3.282911424257619,1.4720475428126991,0.9999560416669553,0.36061201462894904,0.2924186349396379,True,2,1,4,1,False,0,,,-3,0,-3,10000,,,,,,,,,7,0.7999999999999999,1.7399060812066745e-06,0.0,0.0,0.0,1.7399060812066745e-06,True,0.10872285634105666,0.0,0.10872285634105666,0.22755126893634756,0.22755126893634756,-0.7277999257173888,1.3797103448321504,3.140290796624407,1.5289903900287816,0.48689452316719817,0.02809033963834551,0.2924186349396379,0.26432829530129237,0.02809033963834551,0.2924186349396379,0.26432829530129237,0.01810144827583925,0.028638999628586945,0.010537551352747695,0.19062925955744642,2.9283771090979864,2.73774784954054,19.77221826891613,19.77178437464396,19.77179536772808,7.232691229613538,0.22289457791956432,1,none,1.2658047072373175,2.8178937665805748,1.2658047072373175,8.144178280458792,7.753825743731892,0.6920019846181049,0.3264981053412453,2649,1.2658047072373175,0.0,1.0,0.0,,0,False,0,False,-0.0031693223675848324,-0.00022942273644703694,,-0.0031693223675848324,-0.00022942273644703694,,0.6633718889906437,0,False,False,False,False,False,,2972,1550,0
666,True,666,670,2,0.5893125000000005,6.25e-05,0.001,1,8,32,False,False,,,retry_reduce,1.0,3.2826123460779555,1.4726377196982305,0.9999557985650407,0.36037275169561045,0.2924650259978132,True,2,1,4,1,True,2,,,2,2,2,9749,,,,,,,,,6,0.8,1.4978545484577645e-06,2.0375201097802503e-06,5.365740591070586e-07,8.17758112414694e-07,2.7114012055432162e-06,False,0.1085927373851259,0.0,0.1085927373851259,0.22795029822782897,0.22795029822782897,-0.7278326028588866,1.3793522749865874,3.140290796624407,1.5296485075621764,0.4871040953297833,0.028070806909499903,0.2924650259978132,0.2643942190883133,0.028070806909499903,0.2924650259978132,0.2643942190883133,0.01810323862506706,0.028639163014294432,0.010535924389227371,0.19081752716158853,2.9283931946166923,2.7375756674551037,19.767148588776376,19.766714868477894,19.766725568074524,7.2269318042952415,0.22293855026085546,1,none,1.2664325721555854,2.8178937665805748,1.2664325721555854,8.144178280458792,7.753525383801623,0.6920019846181049,0.32667270937201526,2649,1.2664325721555854,0.0,1.0,0.0,,0,False,0,False,-0.003168798816551704,-0.00023003941545624528,,-0.003168798816551704,-0.00023003941545624528,,0.6634306427134141,0,False,False,False,False,False,9.53882735084899e-07,2972,1550,0
667,True,667,671,1,0.5893750000000004,6.25e-05,0.001,0,9,32,False,False,,,reduced_hold,1.0,3.282911404230796,1.4720343695289013,0.9999560032947001,0.36061767016049356,0.29241234699116564,True,2,1,4,1,True,2,,,2,2,2,5608,,,,,,,,,6,0.8,1.3889179790924664e-06,1.3978219928239868e-06,5.332728352901631e-07,7.613029565755128e-07,2.1787523000143335e-06,False,0.10872688163618391,0.0,0.10872688163618391,0.22754468992218782,0.22754468992218782,-0.7278057951242816,1.3797120871227688,3.140290796624407,1.5289778151171738,0.4868905187891255,0.028090353347404475,0.29241234699116564,0.2643219936437612,0.028090353347404475,0.29241234699116564,0.2643219936437612,0.01810143956438616,0.028639028975621407,0.010537589411235247,0.1906234581891941,2.9283815679230263,2.737758109733832,19.772217154652928,19.77178395436939,19.77179465126424,7.232924928597017,0.22287303277953416,1,none,1.265790506719613,2.8178937665805748,1.265790506719613,8.144178280458792,7.753978991825873,0.6920019846181049,0.3264879897286258,2649,1.265790506719613,0.0,1.0,0.0,,0,False,0,False,-0.0031694715808426163,-0.00022940567238356535,,-0.0031694715808426163,-0.00022940567238356535,,0.6633730157042771,0,False,False,False,False,False,9.242521697549241e-07,2972,1550,0
667,False,668,672,1,0.5893750000000004,6.25e-05,0.001,0,0,0,False,False,,,failed;retry_reduce,1.0,3.283210479166338,1.4714322065940042,0.9999562245006317,0.36086317108287974,0.29236037217892485,True,2,1,4,1,False,1,,,-3,1,-3,10000,,,,,,,,,6,0.8,1.3688377958265582e-06,1.8207887718016348e-06,5.324660141731077e-07,7.561064673937044e-07,2.4584966359721135e-06,True,0.10886076784852203,0.0,0.10886076784852203,0.22713989069700938,0.22713989069700938,-0.7277786424055642,1.3800786804854148,3.140290796624407,1.5283084332082946,0.4866773595780108,0.028109965494866634,0.29236037217892485,0.2642504066840582,0.028109965494866634,0.29236037217892485,0.2642504066840582,0.018099606597572926,0.02863889321202782,0.010539286614454895,0.19042964847796084,2.9283690027638203,2.737939354285859,19.77728530578122,19.77685260824806,19.77686330391032,7.2388933906302535,0.22281075834999958,1,none,1.2658059737571894,2.8186800055124315,1.2658059737571894,8.178908466125712,7.805337368989465,0.6892557893724953,0.32434369301863236,2650,1.2658059737571894,0.0,1.0,0.0,,0,False,0,False,-0.0031058820965782497,9.632672114913893e-05,,-0.0031058820965782497,9.632672114913893e-05,,0.6658483945417352,0,False,False,False,False,False,,2972,1550,0
667,False,668,673,2,0.5893750000000004,3.125e-05,0.001,1,0,0,False,False,,,failed;retry_reduce,1.0,3.2830609369424746,1.4718080309827126,0.999956108615559,0.36070626118894894,0.2923924568172589,True,2,0,4,1,False,0,,,-3,0,-3,10000,,,,,,,,,4,0.7994099585529038,0.0,0.0,0.0,0.0,0.0,True,0.10877791202932205,0.0,0.10877791202932205,0.22737820705108733,0.22737820705108733,-0.7277906584605444,1.3798923798254585,3.140290796624407,1.528710478211248,0.4868053875311499,0.028098532721092015,0.2923924568172589,0.26429392409616687,0.028098532721092015,0.2923924568172589,0.26429392409616687,0.01810053810087271,0.028638953292302722,0.010538415191430013,0.19054493099430564,2.928375613212275,2.7378306822179694,19.774747984884204,19.774306469206497,19.774321431140798,7.234920292129439,0.22282651559057987,1,none,1.2661919041937648,2.8186800055124315,1.2661919041937648,8.178908466125712,7.805024624114195,0.6892557893724953,0.32445558218529436,2650,1.2661919041937648,0.0,1.0,0.0,,0,False,0,False,-0.003105392198321025,9.596534986201453e-05,,-0.003105392198321025,9.596534986201453e-05,,0.6658805146139177,0,False,False,False,False,False,,2972,1550,0
668,True,668,674,3,0.5893906250000004,1.5625e-05,0.001,2,10,128,False,False,,,retry_reduce,1.0,3.2829861697103766,1.4718815643486516,0.9999560513023759,0.36067956997678247,0.29239925079834445,True,2,1,4,1,True,2,,,2,2,2,6708,,,,,,,,,4,0.8,1.50170931128831e-06,3.050529741839755e-06,3.291568364564601e-06,8.46131090263419e-07,4.80741330467558e-06,False,0.10876103375366825,0.0,0.10876103375366825,0.22744312497306654,0.22744312497306654,-0.7278019949697199,1.3798022198772968,3.140290796624407,1.5288083729295578,0.4868365613060166,0.028095237512113718,0.29239925079834445,0.2643040132862307,0.028095237512113718,0.29239925079834445,0.2643040132862307,0.018100988900613513,0.0286390099748486,0.010538021074235088,0.1905751955373136,2.928379205496507,2.737804009959193,19.773484073565427,19.773050907522933,19.773061663723883,7.234467398366866,0.22285111407972363,1,none,1.2662839020158114,2.8186800055124315,1.2662839020158114,8.178908466125712,7.8050480012233345,0.6892557893724953,0.3244781843282293,2650,1.2662839020158114,0.0,1.0,0.0,,0,False,0,False,-0.0031054455080004057,9.578093489307285e-05,,-0.0031054455080004057,9.578093489307285e-05,,0.6658997128640399,0,False,False,False,False,False,0.00033142973245574477,2972,1550,0
668,False,669,675,1,0.5893906250000004,1.5625e-05,0.001,0,0,0,False,False,,,failed;retry_reduce,1.0,3.2830609361749064,1.4717372957487274,0.9999560998733741,0.3607363812690273,0.2923866855292272,True,2,1,4,1,False,0,,,-3,0,-3,10000,,,,,,,,,4,0.8,1.372907511676104e-06,0.0,0.0,0.0,1.372907511676104e-06,True,0.10879294239514228,0.0,0.10879294239514228,0.227344448456334,0.227344448456334,-0.7277962025358449,1.3798928186410033,3.140290796624407,1.5286466293325056,0.4867850553763027,0.02809999225851264,0.2923866855292272,0.2642866932707146,0.02809999225851264,0.2923866855292272,0.2642866932707146,0.018100535906794984,0.028638981012679223,0.01053844510588424,0.19052847471009227,2.9283769889791564,2.7378485142690643,19.77475086013338,19.77431686648525,19.774328102822988,7.235876158042161,0.22283066412333416,1,none,1.2661290583520206,2.8186800055124315,1.2661290583520206,8.178908466125712,7.805167708995228,0.6892557893724953,0.3244335305935435,2650,1.2661290583520206,0.0,1.0,0.0,,0,False,0,False,-0.0031055999748893404,9.598455946605962e-05,,-0.0031055999748893404,9.598455946605962e-05,,0.6658805552620265,0,False,False,False,False,False,,2972,1550,0
668,False,669,676,2,0.5893906250000004,7.8125e-06,0.001,1,0,0,False,False,,,failed;retry_reduce,1.0,3.283023552687235,1.471803615170523,0.9999560752639672,0.36071096602071373,0.29239281018999497,True,2,1,4,1,False,1,,,-3,1,-3,10000,,,,,,,,,4,0.8,6.395540326785113e-07,1.6666783678016932e-06,1.5661278102321124e-06,3.870705852890943e-07,2.4061226274635165e-06,True,0.10877835708340905,0.0,0.10877835708340905,0.227391605150164,0.227391605150164,-0.7277998720699628,1.379847311647218,3.140290796624407,1.5287222704287247,0.4868091426666582,0.028097703984083594,0.29239281018999497,0.26429510620591135,0.028097703984083594,0.29239281018999497,0.26429510620591135,0.01810076344176391,0.028638999360349814,0.010538235918585905,0.19055097870070842,2.9283780017156196,2.737827023014911,19.77411735016673,19.773684406692315,19.773695092301423,7.235265646033219,0.22283975991024027,1,none,1.26620114749578,2.8186800055124315,1.26620114749578,8.178908466125712,7.8051357699026145,0.6892557893724953,0.3244533304285054,2650,1.26620114749578,0.0,1.0,0.0,,0,False,0,False,-0.003105558921755117,9.587735747632952e-05,,-0.003105558921755117,9.587735747632952e-05,,0.6658907102810969,0,False,False,False,False,False,,2972,1550,0
669,True,669,677,3,0.5893945312500004,3.90625e-06,0.001,2,11,512,False,False,,,retry_reduce,1.0,3.283004861137009,1.4718408929706963,0.9999560638120432,0.36069601897650383,0.2923962102900576,True,2,1,4,1,True,2,,,2,2,2,8847,,,,,,,,,4,0.8,3.20309830019619e-07,7.250387366773921e-07,7.827301784593735e-07,1.9449292224429415e-07,1.130828716457145e-06,False,0.10877003281792805,0.0,0.10877003281792805,0.22741685186101007,0.22741685186101007,-0.7278013993446593,1.379824768664615,3.140290796624407,1.5287637944256744,0.48682236564492326,0.028096488306849025,0.2923962102900576,0.26429972198320856,0.028096488306849025,0.2923962102900576,0.26429972198320856,0.018100876156676923,0.028639006996723296,0.010538130840046372,0.1905630827494572,2.9283784669714557,2.7378153842219985,19.773800602929324,19.77336768666714,19.77337834193106,7.234893855758082,0.22284457950953013,1,none,1.266240932828795,2.8186800055124315,1.266240932828795,8.178908466125712,7.8051034721909005,0.6892557893724953,0.32446486772157035,2650,1.266240932828795,0.0,1.0,0.0,,0,False,0,False,-0.0031055169118890807,9.582828774271218e-05,,-0.0031055169118890807,9.582828774271218e-05,,0.665895241968153,0,False,False,False,False,False,8.567851356601189e-08,2972,1550,0
670,True,670,678,1,0.5893984375000004,3.90625e-06,0.001,0,12,512,False,False,,,reduced_hold,1.0,3.283023552622817,1.4718024814579147,0.9999560757228129,0.3607115707809261,0.29239295335441945,True,2,1,4,1,True,2,,,2,2,2,4643,,,,,,,,,4,0.8,2.55006710125779e-07,8.71011263811284e-07,7.826946860436569e-07,1.663033601257692e-07,1.209940834522665e-06,False,0.10877858954892108,0.0,0.10877858954892108,0.2273912932049503,0.2273912932049503,-0.7278003135914385,1.3798473191710927,3.140290796624407,1.528721258421561,0.48680882040122825,0.02809771506151113,0.29239295335441945,0.2642952382929083,0.02809771506151113,0.29239295335441945,0.2642952382929083,0.01810076340414454,0.028639001567957192,0.010538238163812653,0.1905510071341765,2.9283778672298397,2.7378268600956632,19.77411729354336,19.773684422031945,19.77369507538522,7.235286659703639,0.22283868929722112,1,none,1.2662000498012567,2.8186800055124315,1.2662000498012567,8.178908466125712,7.805148556095475,0.6892557893724953,0.32445251764296285,2650,1.2662000498012567,0.0,1.0,0.0,,0,False,0,False,-0.0031055753865149925,9.587446691843756e-05,,-0.0031055753865149925,9.587446691843756e-05,,0.6658908571825024,0,False,False,False,False,False,7.451038951847704e-08,2972,1550,0
671,True,671,679,1,0.5894023437500004,3.90625e-06,0.001,0,13,512,False,False,,,reduced_hold,1.0,3.283042244168727,1.471764365455691,0.9999560873049111,0.36072708981733037,0.29238957860761844,True,2,1,4,1,True,2,,,2,2,2,4839,,,,,,,,,4,0.8,2.3133185446374508e-07,8.640342446810296e-07,8.065914970601436e-07,1.5865037277170653e-07,1.2148371852974692e-06,False,0.10878708206101703,0.0,0.10878708206101703,0.22736578366933324,0.22736578366933324,-0.7277990185527428,1.379869871348858,3.140290796624407,1.5286789849648366,0.48679535876360863,0.028098939632031264,0.29238957860761844,0.2642906389755872,0.028098939632031264,0.29238957860761844,0.2642906389755872,0.018100650643255712,0.028638995092763714,0.010538344449508002,0.19053886565692257,2.928377364529489,2.7378384988725664,19.77443398415317,19.774001150523222,19.774011803983196,7.23567319043608,0.22283324419755596,1,none,1.2661594668823213,2.8186800055124315,1.2661594668823213,8.178908466125712,7.805188570530104,0.6892557893724953,0.32444045533068466,2650,1.2661594668823213,0.0,1.0,0.0,,0,False,0,False,-0.003105628645378285,9.592053511437221e-05,,-0.003105628645378285,9.592053511437221e-05,,0.6658865529406119,0,False,False,False,False,False,7.04186423889112e-08,2972,1550,0
672,True,672,680,1,0.5894062500000005,3.90625e-06,0.001,0,14,512,False,False,,,reduced_hold,1.0,3.283060935775307,1.4717263455578655,0.9999560987549453,0.3607426551820742,0.29238611265006365,True,2,1,4,1,True,2,,,2,2,2,7919,,,,,,,,,4,0.8,2.1668384751994036e-07,6.921805652120611e-07,8.038951759577172e-07,1.495090552875363e-07,1.0930078847722892e-06,False,0.10879556033116136,0.0,0.10879556033116136,0.2273402883605532,0.2273402883605532,-0.7277976105218467,1.3798928600988096,3.140290796624407,1.5286367934453695,0.48678192321824054,0.028100163749900643,0.29238611265006365,0.264285948900163,0.028100163749900643,0.29238611265006365,0.264285948900163,0.018100535699505954,0.028638988052609234,0.01053845235310328,0.1905266439691833,2.928376891124138,2.7378502471549546,19.77475067351928,19.774317876939328,19.774328530081704,7.236056259369968,0.22282810389277471,1,none,1.266118990623235,2.8186800055124315,1.266118990623235,8.178908466125712,7.805225319938317,0.6892557893724953,0.3244285561850355,2650,1.266118990623235,0.0,1.0,0.0,,0,False,0,False,-0.0031056787299875697,9.596656941018286e-05,,-0.0031056787299875697,9.596656941018286e-05,,0.6658823239317173,0,False,False,False,False,False,6.802664535290106e-08,2972,1550,0
673,True,673,681,1,0.5894101562500005,3.90625e-06,0.001,0,15,512,False,False,,,reduced_hold,1.0,3.283079627442933,1.4716883845394826,0.9999561101721662,0.3607580868078888,0.2923826644329747,True,2,1,4,1,True,2,,,2,2,2,5316,,,,,,,,,4,0.8,2.0744005780637135e-07,8.38274999870906e-07,7.826862898635417e-07,1.4846251769491252e-07,1.174893740085437e-06,False,0.10880403304528669,0.0,0.10880403304528669,0.22731480421742825,0.22731480421742825,-0.7277961634580774,1.3799161508687348,3.140290796624407,1.5285946505810837,0.48676850316671816,0.02810138772651839,0.2923826644329747,0.26428127670645635,0.02810138772651839,0.2923826644329747,0.26428127670645635,0.01810041924565633,0.028638980817290386,0.010538561571634054,0.19051437679299338,2.92837640641246,2.7378620296194667,19.775067362574717,19.774634602705984,19.774645255167528,7.236437129991913,0.22282317838115118,1,none,1.2660785797002048,2.8186800055124315,1.2660785797002048,8.178908466125712,7.805259931313429,0.6892557893724953,0.32441676275786896,2650,1.2660785797002048,0.0,1.0,0.0,,0,False,0,False,-0.0031057256557059953,9.601390453963291e-05,,-0.0031057256557059953,9.601390453963291e-05,,0.6658779980313557,0,False,False,False,False,False,6.665311342924475e-08,2972,1550,0
674,True,674,682,1,0.5894140625000005,3.90625e-06,0.001,0,16,512,False,False,,,reduced_hold,1.0,3.2830983191650027,1.4716521385089003,0.9999561216002063,0.36077307441541945,0.2923792108497086,True,2,1,4,1,True,2,,,2,2,2,9391,,,,,,,,,3,0.8,6.470513543064175e-07,2.8701373134877927e-06,3.912857937028561e-06,4.935698353560532e-07,4.920409746263567e-06,False,0.10881215806635924,0.0,0.10881215806635924,0.22729005391399223,0.22729005391399223,-0.7277944317067132,1.3799394398920546,3.140290796624407,1.5285540616489777,0.4867555779522286,0.028102577189994787,0.2923792108497086,0.26427663365971377,0.028102577189994787,0.2923792108497086,0.26427663365971377,0.01810030280053973,0.028638972158533567,0.010538669357993836,0.19050246359724082,2.928375965695638,2.737873502098397,19.775383960879513,19.77495108656757,19.774961812820784,7.236795815756826,0.22281827600620224,1,none,1.2660397016112652,2.8186800055124315,1.2660397016112652,8.178908466125712,7.805290650924282,0.6892557893724953,0.32440552395351074,2650,1.2660397016112652,0.0,1.0,0.0,,0,False,0,False,-0.0031057673312381603,9.605853826733003e-05,,-0.0031057673312381603,9.605853826733003e-05,,0.6658739319034976,0,False,False,False,False,False,6.106569928674942e-08,2972,1550,0
675,True,675,683,1,0.5894179687500005,3.90625e-06,0.001,0,17,512,False,False,,,reduced_hold,1.0,3.2831170109527203,1.4716126995085954,0.9999561331815118,0.36078901044802175,0.2923758650365556,True,2,1,4,1,True,2,,,2,2,2,6974,,,,,,,,,4,0.8,2.1042722560113188e-07,8.62281294312188e-07,7.82703367793479e-07,1.5428022955694493e-07,1.193413423329187e-06,False,0.10882074981709874,0.0,0.10882074981709874,0.22726389753040244,0.22726389753040244,-0.7277930412909881,1.3799627359857545,3.140290796624407,1.528510571619736,0.4867417289070101,0.028103823964952705,0.2923758650365556,0.2642720410716029,0.028103823964952705,0.2923758650365556,0.2642720410716029,0.01810018632007123,0.028638965206454942,0.010538778886383712,0.19049021947401437,2.9283755037030303,2.737885284229016,19.77570053490316,19.77526784275257,19.77527849572002,7.23719191414201,0.22281359997623199,1,none,1.2659980057065947,2.8186800055124315,1.2659980057065947,8.178908466125712,7.8053236053691455,0.6892557893724953,0.3243934703324118,2650,1.2659980057065947,0.0,1.0,0.0,,0,False,0,False,-0.0031058133535431937,9.610792152247243e-05,,-0.0031058133535431937,9.610792152247243e-05,,0.6658694758158034,0,False,False,False,False,False,6.750376618411592e-08,2972,1550,0
676,True,676,684,1,0.5894218750000005,3.90625e-06,0.001,0,18,512,False,False,,,reduced_hold,1.0,3.283135702795012,1.4715764120271975,0.999956144833403,0.36080403159960434,0.292372410706169,True,2,1,4,1,True,2,,,2,2,2,5734,,,,,,,,,3,0.8,6.442572831592049e-07,2.8727468910828013e-06,3.912944498490056e-06,4.929462120353693e-07,4.921572184104709e-06,False,0.1088288774879656,0.0,0.1088288774879656,0.2272391476856883,0.2272391476856883,-0.7277912873109491,1.3799860305984875,3.140290796624407,1.528469941515566,0.48672879058161245,0.028105014209560256,0.292372410706169,0.26426739649660874,0.028105014209560256,0.292372410706169,0.26426739649660874,0.018100069847007565,0.028638956436554747,0.010538886589547183,0.19047828035178066,2.928375001475146,2.7378967211233656,19.77601712970277,19.775584324523187,19.775595050319115,7.237549547032574,0.22280885678728315,1,none,1.265959096926476,2.8186800055124315,1.265959096926476,8.178908466125712,7.805352990509732,0.6892557893724953,0.32438227930644864,2650,1.265959096926476,0.0,1.0,0.0,,0,False,0,False,-0.003105853535808621,9.615255759890284e-05,,-0.003105853535808621,9.615255759890284e-05,,0.6658654123224151,0,False,False,False,False,False,6.005825317118597e-08,2972,1550,0
676,False,677,685,1,0.5894218750000005,3.90625e-06,0.001,0,0,0,False,False,,,failed;retry_reduce,1.0,3.2831543946965818,1.471538732280293,0.9999561566250824,0.36081921669741346,0.29236917605958157,True,2,1,4,1,False,1,,,-3,1,-3,10000,,,,,,,,,3,0.8,6.663983714547664e-07,2.8672685805934347e-06,3.912994226494634e-06,5.130372619116745e-07,4.923418218212426e-06,True,0.1088371049237743,0.0,0.1088371049237743,0.22721374392291804,0.22721374392291804,-0.7277896187044969,1.380009328056974,3.140290796624407,1.528428046149249,0.48671544934380034,0.028106226224075475,0.29236917605958157,0.2642629498355061,0.028106226224075475,0.29236917605958157,0.2642629498355061,0.018099953359715128,0.028638948093522486,0.010538994733807358,0.19046644957668257,2.9283745378064308,2.737908088229748,19.77633361291815,19.77590083602263,19.775911564488215,7.23792363023915,0.2228041784080215,1,none,1.265918971722076,2.8186800055124315,1.265918971722076,8.178908466125712,7.805382532861658,0.6892557893724953,0.3243707701428842,2650,1.265918971722076,0.0,1.0,0.0,,0,False,0,False,-0.0031058940205801406,9.620069900193922e-05,,-0.0031058940205801406,9.620069900193922e-05,,0.6658609686558657,0,False,False,False,False,False,,2972,1550,0
676,False,677,686,2,0.5894218750000005,1.953125e-06,0.001,1,0,0,False,False,,,failed,1.0,3.2831450487319978,1.4715601621287138,0.999956150726118,0.36081018728847236,0.29237122295462814,True,2,1,4,1,False,0,,,-3,0,-3,10000,,,,,,,,,3,0.8,2.751049397392542e-07,0.0,0.0,0.0,2.751049397392542e-07,True,0.10883242632340787,0.0,0.10883242632340787,0.22722780356488728,0.22722780356488728,-0.7277906322035906,1.379997680762499,3.140290796624407,1.5284513329259035,0.4867228648279585,0.02810554999440805,0.29237122295462814,0.2642656729602201,0.02810554999440805,0.29237122295462814,0.2642656729602201,0.01810001159618751,0.02863895316101795,0.010538941564830442,0.19047330138060142,2.928374833171118,2.737901531790517,19.776175106378066,19.77574200652144,19.775752888539305,7.237704329094206,0.22280558526443878,1,none,1.2659412777540888,2.8186800055124315,1.2659412777540888,8.178908466125712,7.805366901687361,0.6892557893724953,0.32437713529659146,2650,1.2659412777540888,0.0,1.0,0.0,,0,False,0,False,-0.0031058687185145494,9.618331960968786e-05,,-0.0031058687185145494,9.618331960968786e-05,,0.6658629081139242,0,False,False,False,False,False,,2972,1550,0
